time_hours,maneuvering_satellite_count,failed_satellite_count,available_capacity_gbps,available_capacity_ratio
0.0,1.4527938884867702,0.0,36785.472061115135,0.9996052190520417
1.0,0.8122543479782265,0.0,36791.87745652022,0.9997792787097886
2.0,1.608478015401201,0.0,36783.915219845985,0.9995629135827714
3.0,1.1337022998853667,0.0,36788.66297700115,0.9996919287228573
4.0,0.0,0.0,36800.0,1.0
5.0,1.529037923349163,0.0,36784.70962076651,0.9995845005643074
6.0,3.4295948167204386,0.0,36765.70405183279,0.9990680448867607
7.0,4.511517381235665,0.0,36754.88482618764,0.9987740441898816
8.0,1.5459439341382115,0.0,36784.54056065862,0.9995799065396365
9.0,0.5446481178745071,0.0,36794.55351882125,0.9998519977940558
10.0,2.5099446700758055,0.0,36774.900553299245,0.9993179498179142
11.0,2.0470559051226793,0.0,36779.529440948776,0.9994437348083907
12.0,1.8307222571522175,0.0,36781.69277742848,0.9995025211257739
13.0,0.8588292001078788,0.0,36791.41170799892,0.9997666224999707
14.0,1.7674051482832205,0.0,36782.325948517166,0.9995197268618795
15.0,2.1487615974730474,0.0,36778.51238402527,0.9994160973919911
16.0,0.46949565124005943,0.0,36795.3050434876,0.9998724196599891
17.0,1.9550026138425878,0.0,36780.44997386158,0.9994687492897167
18.0,1.7359734946720913,0.0,36782.64026505328,0.9995282680720999
19.0,2.5482890162882263,0.0,36774.51710983712,0.9993075301586174
20.0,1.6121252701863007,0.0,36783.878747298135,0.9995619224809276
21.0,1.3302107220413824,0.0,36786.697892779586,0.9996385296950975
22.0,2.297907109037805,0.0,36777.020928909624,0.9993755687203703
23.0,1.162665729431506,0.0,36788.37334270569,0.9996840582256981
24.0,1.308972929994443,0.0,36786.91027070006,0.9996443008342407
25.0,0.9089056637701276,0.0,36790.9109433623,0.9997530147652799
26.0,0.19788353005385417,0.0,36798.021164699465,0.9999462273016159
27.0,0.8040092921418882,0.0,36791.959907078584,0.999781519214092
28.0,1.2998898500202998,0.0,36787.001101499794,0.9996467690624944
29.0,1.4386896226730244,0.0,36785.61310377327,0.9996090517329693
30.0,0.26503396128298107,0.0,36797.34966038717,0.9999279799018252
31.0,0.0,0.0,36800.0,1.0
32.0,0.0,0.0,36800.0,1.0
33.0,1.4591934542670728,0.0,36785.408065457326,0.9996034800396013
34.0,2.0870503974447274,0.0,36779.129496025555,0.9994328667398249
35.0,1.3972275415353224,0.0,36786.027724584645,0.9996203186028436
36.0,2.381238109207878,0.0,36776.18761890792,0.9993529244268456
37.0,3.200882350721322,0.0,36767.99117649279,0.9991301950133911
38.0,1.4929248271704978,0.0,36785.07075172829,0.9995943139056601
39.0,1.5920762385385174,0.0,36784.07923761461,0.9995673705873536
40.0,1.0417742447720073,0.0,36789.58225755228,0.9997169091726164
41.0,0.8463298915839559,0.0,36791.53670108416,0.9997700190512
42.0,1.461543250442297,0.0,36785.384567495574,0.9996028415080319
43.0,1.1661475564564583,0.0,36788.338524435436,0.9996831120770499
44.0,2.5520566235804907,0.0,36774.479433764194,0.9993065063522879
45.0,3.3569597471025574,0.0,36766.430402528975,0.9990877826774178
46.0,2.3191132168745483,0.0,36776.808867831256,0.9993698061910667
47.0,3.557552804465608,0.0,36764.424471955346,0.9990332736944387
48.0,1.7683716561538887,0.0,36782.316283438464,0.9995194642238713
49.0,2.4032141619772034,0.0,36775.96785838023,0.9993469526733758
50.0,0.966562052379345,0.0,36790.334379476204,0.9997373472683752
51.0,0.5034879687840501,0.0,36794.96512031216,0.9998631826171783
52.0,2.220628647926418,0.0,36777.79371352074,0.999396568302194
53.0,2.6339150105192317,0.0,36773.660849894804,0.9992842622254023
54.0,1.5998735472438668,0.0,36784.001264527564,0.9995652517534664
55.0,0.9272278587601548,0.0,36790.7277214124,0.9997480359079456
56.0,0.1253359871475368,0.0,36798.74664012853,0.9999659413078404
57.0,0.2287295034378758,0.0,36797.71270496562,0.9999378452436309
58.0,3.7501944020347935,0.0,36762.49805597965,0.9989809254342297
59.0,2.6476666856958815,0.0,36773.52333314304,0.999280525357148
60.0,2.2047812018297677,0.0,36777.952187981704,0.9994008746734159
61.0,2.0018297827952622,0.0,36779.981702172045,0.9994560245155447
62.0,3.4030716930427545,0.0,36765.96928306957,0.9990752522573253
63.0,2.9434495525079427,0.0,36770.56550447492,0.9992001495781229
64.0,1.8040023301937396,0.0,36781.95997669806,0.9995097819754908
65.0,1.7639882446764972,0.0,36782.36011755324,0.9995206553682945
66.0,1.2817391721177103,0.0,36787.182608278825,0.9996517013119246
67.0,1.2312185254770327,0.0,36787.68781474523,0.9996654297485117
68.0,1.7722878847264099,0.0,36782.277121152736,0.9995184000313243
69.0,0.9569870082018497,0.0,36790.43012991798,0.9997399491825538
70.0,1.0456802540108043,0.0,36789.54319745989,0.9997158477570622
71.0,0.6687146464373654,0.0,36793.31285353562,0.999818284063468
72.0,2.305445333747244,0.0,36776.94554666253,0.9993735202897427
73.0,2.5555105559245277,0.0,36774.444894440756,0.9993055677837162
74.0,1.2218162375118737,0.0,36787.78183762488,0.9996679847180675
75.0,2.0396501325439402,0.0,36779.60349867456,0.9994457472465913
76.0,2.2227506757208886,0.0,36777.77249324279,0.9993959916642062
77.0,2.218442387701174,0.0,36777.81557612299,0.9993971623946464
78.0,2.6185729066290975,0.0,36773.81427093371,0.9992884312753726
79.0,2.019916667093227,0.0,36779.80083332907,0.9994511096013334
80.0,3.4106718696862686,0.0,36765.893281303135,0.999073186991933
81.0,3.0005535767456166,0.0,36769.99446423254,0.9991846321802321
82.0,2.1417377861564972,0.0,36778.582622138434,0.9994180060363705
83.0,3.589430664557895,0.0,36764.105693354424,0.9990246112324572
84.0,1.766191231669822,0.0,36782.3380876833,0.9995200567305246
85.0,5.711630409289384,0.0,36742.883695907105,0.9984479265192148
86.0,2.298565525453526,0.0,36777.01434474546,0.9993753898028658
87.0,3.3793623100636268,0.0,36766.20637689936,0.9990816950244391
88.0,2.71563518638537,0.0,36772.84364813615,0.9992620556558737
89.0,2.3554281158354797,0.0,36776.44571884164,0.9993599380120012
90.0,3.569035109949766,0.0,36764.309648900504,0.999030153502731
91.0,3.5382476415430517,0.0,36764.61752358457,0.9990385196626242
92.0,2.382514931324849,0.0,36776.17485068675,0.9993525774643139
93.0,3.3960365989525627,0.0,36766.03963401047,0.9990771639676759
94.0,0.9650733221527474,0.0,36790.349266778474,0.9997377518146324
95.0,1.9026365390045896,0.0,36780.97363460995,0.9994829792013574
96.0,2.3331237327531795,0.0,36776.66876267247,0.9993659989856649
97.0,2.6124591118435916,0.0,36773.87540888156,0.9992900926326511
98.0,1.1638587291080285,0.0,36788.36141270892,0.9996837340410032
99.0,0.659348895423264,0.0,36793.40651104577,0.9998208291045045
100.0,1.187234984838497,0.0,36788.12765015162,0.9996773817975984
101.0,2.1660373095519105,0.0,36778.33962690448,0.9994114029050131
102.0,0.9941485860206569,0.0,36790.0585141398,0.9997298509277118
103.0,3.438244542924295,0.0,36765.61755457076,0.9990656944176837
104.0,3.999208464203903,0.0,36760.007915357965,0.9989132585695099
105.0,0.5745450595710793,0.0,36794.254549404286,0.9998438736251165
106.0,0.0,0.0,36800.0,1.0
107.0,0.23713574256522918,0.0,36797.628642574346,0.9999355609395203
108.0,0.7638595319947257,0.0,36792.36140468005,0.9997924294750014
109.0,1.7754814349739831,0.0,36782.24518565026,0.999517532218757
110.0,2.0134653318337854,0.0,36779.86534668166,0.9994528626815669
111.0,2.284453859499635,0.0,36777.155461405004,0.9993792244947012
112.0,1.799149271578571,0.0,36782.00850728421,0.9995111007414188
113.0,0.13834828939843646,0.0,36798.61651710601,0.9999624053561417
114.0,0.5389403625756586,0.0,36794.610596374245,0.9998535488145175
115.0,2.838092857609638,0.0,36771.619071423906,0.99922877911478
116.0,1.9103065746053147,0.0,36780.89693425395,0.999480894952553
117.0,3.3670453899968464,0.0,36766.32954610003,0.9990850420135878
118.0,3.137586823243396,0.0,36768.62413176757,0.9991473948849883
119.0,1.499368500685648,0.0,36785.006314993145,0.9995925629074224
120.0,3.2100148450833785,0.0,36767.89985154917,0.9991277133573144
121.0,1.52343051993671,0.0,36784.76569480063,0.9995860243152346
122.0,0.4235738385830956,0.0,36795.76426161417,0.9998848984134284
123.0,1.4577016866363266,0.0,36785.422983133634,0.99960388541124
124.0,1.7287819460563014,0.0,36782.712180539434,0.9995302222972673
125.0,1.760498953974178,0.0,36782.395010460255,0.9995216035451157
126.0,1.2913509384905524,0.0,36787.0864906151,0.9996490894188885
127.0,1.1685993919576276,0.0,36788.31400608042,0.9996824458174027
128.0,1.6408993081629148,0.0,36783.591006918374,0.9995541034488689
129.0,2.0424077256729447,0.0,36779.57592274327,0.9994449979006323
130.0,0.5966761288791247,0.0,36794.03323871121,0.9998378597475871
131.0,2.5597531302498737,0.0,36774.4024686975,0.9993044149102582
132.0,4.083819737710087,0.0,36759.1618026229,0.9988902663756222
133.0,1.273408361468114,0.0,36787.26591638532,0.9996539651191663
134.0,1.4445583133435491,0.0,36785.554416866566,0.9996074569800697
135.0,3.9219876778259106,0.0,36760.78012322174,0.9989342424788517
136.0,1.7746722759019065,0.0,36782.25327724098,0.9995177520989398
137.0,2.4252412402119887,0.0,36775.74758759788,0.9993409670542902
138.0,1.4498352040810119,0.0,36785.50164795919,0.9996060230423692
139.0,1.5693749814411717,0.0,36784.30625018559,0.999573539407217
140.0,2.499286748871725,0.0,36775.00713251128,0.9993208459921543
141.0,2.676146484779224,0.0,36773.23853515221,0.99927278628131
142.0,4.086804274481722,0.0,36759.13195725518,0.9988894553601951
143.0,0.18400777012237768,0.0,36798.15992229878,0.9999499978885538
144.0,1.3965603093571417,0.0,36786.03439690643,0.9996204999159355
145.0,2.4102809368338853,0.0,36775.89719063166,0.9993450323541212
146.0,1.9974697005385167,0.0,36780.02530299462,0.999457209320506
147.0,1.4651431447527727,0.0,36785.34856855247,0.9996018632758824
148.0,1.3681665354182826,0.0,36786.31833464582,0.9996282156153755
149.0,0.7743853538535177,0.0,36792.25614646146,0.9997895691973223
150.0,2.5336873942079023,0.0,36774.66312605792,0.9993114979907044
151.0,3.2580862021067105,0.0,36767.41913797893,0.999114650488558
152.0,1.198831088708829,0.0,36788.011689112915,0.9996742306824161
153.0,0.6212240819086219,0.0,36793.787759180916,0.999831189108177
154.0,0.8245404604769817,0.0,36791.75459539523,0.9997759400922617
155.0,0.4774346822836151,0.0,36795.22565317716,0.9998702623145969
156.0,1.7025593448984182,0.0,36782.97440655102,0.9995373480041038
157.0,1.1440562899713314,0.0,36788.55943710029,0.9996891151385948
158.0,2.978329324516096,0.0,36770.216706754836,0.9991906713792075
159.0,1.1561342633269476,0.0,36788.43865736673,0.9996858330806176
160.0,0.7512148385229409,0.0,36792.48785161477,0.9997958655330101
161.0,2.1197876052305844,0.0,36778.802123947695,0.9994239707594482
162.0,2.7623178750358193,0.0,36772.37682124964,0.9992493701426534
163.0,1.1077289009677997,0.0,36788.92271099032,0.9996989867116935
164.0,0.8683322135600804,0.0,36791.3166778644,0.9997640401593587
165.0,4.258159101561063,0.0,36757.41840898439,0.9988428915484889
166.0,2.341191802290666,0.0,36776.58808197709,0.9993638065754644
167.0,1.2391541777079453,0.0,36787.60845822292,0.9996632733212751
168.0,0.6454215706132516,0.0,36793.54578429387,0.9998246137036377
169.0,1.8953104064188437,0.0,36781.04689593581,0.9994849699982558
170.0,2.3103536282940524,0.0,36776.89646371706,0.9993721865140505
171.0,0.49306758516519267,0.0,36795.069324148346,0.9998660142431616
172.0,0.9701911137121897,0.0,36790.29808886288,0.9997363611104044
173.0,2.0130969965128145,0.0,36779.869030034875,0.9994529627726868
174.0,1.1487674378646204,0.0,36788.512325621356,0.999687834935363
175.0,0.8439654524651985,0.0,36791.56034547535,0.9997706615618301
176.0,0.5159260532324765,0.0,36794.840739467676,0.999859802702926
177.0,2.5936766015427395,0.0,36774.063233984576,0.9992951965756678
178.0,2.531119423692843,0.0,36774.68880576307,0.9993121958087791
179.0,1.6073365428795512,0.0,36783.9266345712,0.9995632237655218
180.0,3.2370515074331934,0.0,36767.62948492567,0.9991203664381975
181.0,2.6888490102340654,0.0,36773.11150989766,0.9992693345080885
182.0,2.221097299487184,0.0,36777.78902700513,0.9993964409512263
183.0,0.6267153010009281,0.0,36793.73284698999,0.9998296969290758
184.0,0.7504622163770023,0.0,36792.49537783623,0.9997960700498976
185.0,1.2524876664673172,0.0,36787.47512333532,0.9996596500906338
186.0,1.6806726481739247,0.0,36783.19327351826,0.9995432954760398
187.0,1.2049766910307085,0.0,36787.950233089694,0.9996725606817851
188.0,2.0334964158881803,0.0,36779.66503584112,0.9994474194522044
189.0,3.375303643027138,0.0,36766.24696356973,0.9990827979230904
190.0,0.954909030748297,0.0,36790.45090969252,0.9997405138503401
191.0,0.7634333984913155,0.0,36792.36566601509,0.9997925452721491
192.0,0.3768665091362493,0.0,36796.23133490864,0.9998975906225174
193.0,1.4608207122821852,0.0,36785.39179287718,0.9996030378499233
194.0,0.16549917525108526,0.0,36798.34500824749,0.9999550273980296
195.0,1.135555869985609,0.0,36788.644441300145,0.99969142503533
196.0,0.8677581778714512,0.0,36791.32241822129,0.9997641961473176
197.0,1.6570916509544134,0.0,36783.42908349045,0.9995497033557188
198.0,1.3491292994780792,0.0,36786.50870700522,0.9996333887773157
199.0,1.0515429496330455,0.0,36789.48457050367,0.9997142546332519
200.0,2.9102807781613933,0.0,36770.897192218385,0.9992091628320213
201.0,0.9323192863518557,0.0,36790.67680713648,0.9997466523678391
202.0,2.013844460261538,0.0,36779.86155539739,0.9994527596575377
203.0,1.836319037403797,0.0,36781.63680962596,0.9995010002615751
204.0,0.2689865326572942,0.0,36797.310134673426,0.999926905833517
205.0,2.1547828379916325,0.0,36778.45217162008,0.9994144611853284
206.0,5.892973746678734,0.0,36741.07026253321,0.9983986484384025
207.0,3.1461510834152477,0.0,36768.53848916585,0.9991450676403762
208.0,1.7826502494870624,0.0,36782.17349750513,0.999515584171335
209.0,0.44639571939515577,0.0,36795.536042806045,0.9998786968153817
210.0,1.884653076400582,0.0,36781.15346923599,0.9994878660118476
211.0,1.2383903397617075,0.0,36787.61609660238,0.9996634808859343
212.0,2.3165563321695117,0.0,36776.834436678306,0.9993705009966931
213.0,1.7234147236979709,0.0,36782.76585276302,0.9995316807816038
214.0,0.7850339959531425,0.0,36792.14966004047,0.999786675544578
215.0,0.6618545482241416,0.0,36793.38145451776,0.9998201482205913
216.0,0.0,0.0,36800.0,1.0
217.0,3.639432240265279,0.0,36763.60567759735,0.9990110238477541
218.0,4.316523720124451,0.0,36756.83476279875,0.9988270315977922
219.0,0.8011200578583271,0.0,36791.988799421415,0.9997823043321037
220.0,0.8320955612877867,0.0,36791.67904438712,0.999773887075737
221.0,1.05344943127011,0.0,36789.4655056873,0.9997137365675898
222.0,4.583125091146854,0.0,36754.16874908853,0.9987545855730579
223.0,3.657575842943885,0.0,36763.42424157056,0.9990060935209392
224.0,3.1283014103468645,0.0,36768.71698589653,0.9991499180950143
225.0,0.9618608058863742,0.0,36790.38139194113,0.999738624781009
226.0,1.4504534728419571,0.0,36785.49546527158,0.9996058550345539
227.0,2.0374079482586183,0.0,36779.625920517414,0.9994463565357993
228.0,2.787907915987546,0.0,36772.12092084013,0.9992424163271774
229.0,0.9332903073171508,0.0,36790.66709692683,0.9997463885034464
230.0,1.6064726744158122,0.0,36783.93527325584,0.9995634585123869
231.0,4.177469910394706,0.0,36758.225300896054,0.998864817959132
232.0,2.3705852487970844,0.0,36776.29414751203,0.9993558192258705
233.0,0.7159597829644326,0.0,36792.84040217035,0.9998054457111509
234.0,2.15567974782374,0.0,36778.44320252176,0.9994142174598305
235.0,3.69145625387506,0.0,36763.085437461246,0.9989968868875339
236.0,3.7048141410784865,0.0,36762.951858589215,0.9989932570268808
237.0,2.795583390704337,0.0,36772.04416609296,0.9992403306003521
238.0,3.593956171651996,0.0,36764.06043828348,0.9990233814750945
239.0,4.229749411794899,0.0,36757.70250588205,0.9988506115728818
240.0,3.1333178884268023,0.0,36768.66682111573,0.9991485549216231
241.0,1.4064562099615046,0.0,36785.935437900385,0.9996178108125104
242.0,2.4490111201709794,0.0,36775.50988879829,0.9993345078477796
243.0,1.8834493392764955,0.0,36781.165506607234,0.999488193114327
244.0,0.11027133407458223,0.0,36798.89728665925,0.9999700349635666
245.0,0.8913149498881694,0.0,36791.08685050112,0.9997577948505738
246.0,1.14396570915315,0.0,36788.560342908466,0.9996891397529475
247.0,0.8587689554577196,0.0,36791.41231044542,0.9997666388707994
248.0,0.18176355620582285,0.0,36798.18236443794,0.9999506077292919
249.0,1.2362647581575459,0.0,36787.637352418424,0.999664058489631
250.0,2.0387154167297297,0.0,36779.6128458327,0.9994460012454538
251.0,1.511760721398332,0.0,36784.882392786014,0.9995891954561417
252.0,1.8801878040582096,0.0,36781.198121959416,0.9994890794010711
253.0,3.040556142817451,0.0,36769.594438571825,0.9991737619177127
254.0,2.5711534989441134,0.0,36774.288465010555,0.9993013169839825
255.0,2.212772002453505,0.0,36777.87227997546,0.9993987032602027
256.0,1.3502861035888145,0.0,36786.497138964114,0.9996330744283727
257.0,0.7466044643300052,0.0,36792.5339553567,0.9997971183520843
258.0,0.3101175566857819,0.0,36796.89882443314,0.9999157289248136
259.0,1.9159863839907416,0.0,36780.84013616009,0.9994793515260895
260.0,1.0337601071506697,0.0,36789.66239892849,0.9997190869274047
261.0,0.22811101492703756,0.0,36797.71888985073,0.9999380133111612
262.0,1.8238754359041423,0.0,36781.761245640955,0.999504381675026
263.0,3.012002307549551,0.0,36769.8799769245,0.9991815211120788
264.0,2.3726677949339887,0.0,36776.27332205066,0.9993552533165941
265.0,3.3346431205569615,0.0,36766.65356879443,0.9990938469781094
266.0,5.440509249163483,0.0,36745.59490750836,0.9985216007475098
267.0,0.8988111032158486,0.0,36791.01188896784,0.999755757852387
268.0,4.565229294881419,0.0,36754.34770705119,0.9987594485611736
269.0,3.240609034515728,0.0,36767.59390965484,0.9991193997188815
270.0,4.167227718319225,0.0,36758.32772281681,0.9988676011635003
271.0,1.3082936066095385,0.0,36786.917063933906,0.9996444854329866
272.0,1.8432871433817581,0.0,36781.56712856618,0.9994991067545158
273.0,3.385015905592695,0.0,36766.149840944076,0.9990801587213064
274.0,2.2171914112794866,0.0,36777.8280858872,0.9993975023338914
275.0,1.9269780723379313,0.0,36780.73021927662,0.999476364654256
276.0,1.301236966175452,0.0,36786.98763033825,0.999646402998322
277.0,2.1185983629902125,0.0,36778.814016370095,0.9994242939231004
278.0,0.8864519895028593,0.0,36791.135480104975,0.9997591163072004
279.0,0.8497778229319692,0.0,36791.50222177068,0.9997690821133337
280.0,2.15721442198344,0.0,36778.427855780166,0.9994138004288089
281.0,2.889611371566616,0.0,36771.103886284334,0.999214779518596
282.0,2.019390187395004,0.0,36779.80609812605,0.9994512526664687
283.0,1.9467561879085906,0.0,36780.532438120914,0.9994709901663292
284.0,1.9669408862588398,0.0,36780.33059113741,0.9994655051939514
285.0,1.3863236693331942,0.0,36786.13676330667,0.9996232816115943
286.0,1.3449368945996412,0.0,36786.550631054,0.9996345280177718
287.0,1.582232057984129,0.0,36784.17767942016,0.9995700456364174
288.0,2.8530709998861425,0.0,36771.469290001136,0.9992247089674222
289.0,2.7155498050841516,0.0,36772.844501949156,0.999262078857314
290.0,1.4359769717119661,0.0,36785.64023028288,0.9996097888663826
291.0,0.885077470062356,0.0,36791.14922529938,0.9997594898179178
292.0,0.9431785200164882,0.0,36790.56821479984,0.9997437014891261
293.0,0.057830323559585395,0.0,36799.4216967644,0.9999842852381631
294.0,1.1597623471234328,0.0,36788.402376528764,0.9996848471882817
295.0,2.760530302403822,0.0,36772.39469697596,0.999249855896086
296.0,1.3285423581984332,0.0,36786.71457641802,0.9996389830548374
297.0,0.7619870264800852,0.0,36792.3801297352,0.9997929383080216
298.0,0.6036122375434161,0.0,36793.96387762456,0.9998359749354501
299.0,0.39901178320332065,0.0,36796.009882167964,0.999891572884999
300.0,1.1591864841495294,0.0,36788.408135158505,0.9996850036727855
301.0,3.162330991386682,0.0,36768.37669008613,0.9991406709262536
302.0,1.3025835346812755,0.0,36786.974164653184,0.999646037082967
303.0,2.7172958641767764,0.0,36772.827041358236,0.9992616043847347
304.0,2.2987819201825346,0.0,36777.01218079818,0.9993753309999505
305.0,0.3748573368470147,0.0,36796.25142663153,0.999898136593248
306.0,0.3957773003392049,0.0,36796.04222699661,0.99989245182056
307.0,0.7616574250688473,0.0,36792.383425749314,0.9997930278736227
308.0,2.364950885571261,0.0,36776.35049114429,0.9993573503028339
309.0,2.289614826560296,0.0,36777.1038517344,0.999377822058
310.0,2.775137925661568,0.0,36772.24862074338,0.9992458864332441
311.0,1.9080514394279362,0.0,36780.91948560572,0.9994815077610251
312.0,3.053783173569286,0.0,36769.462168264305,0.9991701676158778
313.0,1.9078436903650413,0.0,36780.92156309635,0.9994815642145748
314.0,1.4538044478434244,0.0,36785.46195552157,0.9996049444435209
315.0,1.11358377760763,0.0,36788.86416222392,0.9996973957126066
316.0,0.3940677739773264,0.0,36796.059322260226,0.999892916365767
317.0,2.6696887614543243,0.0,36773.30311238546,0.999274541097431
318.0,3.913050178658864,0.0,36760.86949821341,0.9989366711471036
319.0,0.7307551788515525,0.0,36792.692448211485,0.9998014252231382
320.0,0.6045533436360984,0.0,36793.95446656364,0.999835719200099
321.0,5.565963130379657,0.0,36744.340368696205,0.9984875100189186
322.0,4.22401141330522,0.0,36757.759885866944,0.9988521708116017
323.0,1.2322336253794788,0.0,36787.6776637462,0.9996651539061469
324.0,2.8279308170669992,0.0,36771.72069182933,0.9992315405388406
325.0,3.664939588566199,0.0,36763.35060411434,0.9990040925031071
326.0,0.21221631656879936,0.0,36797.87783683431,0.9999423325226715
327.0,2.5912673583917467,0.0,36774.087326416084,0.9992958512613066
328.0,2.204579752281859,0.0,36777.95420247718,0.9994009294151408
329.0,4.299835609559409,0.0,36757.001643904405,0.9988315664104458
330.0,1.6943734845686436,0.0,36783.056265154315,0.9995395724226716
331.0,2.5761795451469993,0.0,36774.23820454853,0.9992999512105578
332.0,3.731821070101546,0.0,36762.681789298986,0.9989859181874724
333.0,2.4906893678442543,0.0,36775.093106321554,0.9993231822369988
334.0,0.4427062826522956,0.0,36795.57293717348,0.9998796993797141
335.0,0.11569294264273822,0.0,36798.843070573574,0.9999685617003689
336.0,1.4111200672736004,0.0,36785.888799327266,0.9996165434599801
337.0,2.7745974949711467,0.0,36772.254025050286,0.99924603328941
338.0,0.7043546318464564,0.0,36792.95645368154,0.9998085992848244
339.0,1.590795758110346,0.0,36784.092042418895,0.9995677185439917
340.0,2.0317814088986097,0.0,36779.68218591101,0.9994478854867123
341.0,2.386188093852411,0.0,36776.13811906148,0.9993515793223228
342.0,0.778895080763732,0.0,36792.21104919236,0.9997883437280533
343.0,4.676994197725662,0.0,36753.230058022746,0.9987290776636616
344.0,1.2801471091868848,0.0,36787.19852890813,0.9996521339377209
345.0,1.6613894653963825,0.0,36783.386105346035,0.9995485354713597
346.0,3.1629011903479523,0.0,36768.37098809652,0.9991405159808836
347.0,3.6757112648583075,0.0,36763.242887351415,0.999001165417158
348.0,3.0597062275908797,0.0,36769.40293772409,0.9991685580903285
349.0,2.278563116500493,0.0,36777.214368835,0.9993808252400814
350.0,1.6109233209081708,0.0,36783.890766790915,0.9995622490975792
351.0,3.601166924341669,0.0,36763.98833075658,0.9990214220314289
352.0,1.0737873202037918,0.0,36789.26212679796,0.999708209967336
353.0,1.9821741882461197,0.0,36780.178258117536,0.9994613657097157
354.0,2.8528176051030414,0.0,36771.47182394897,0.9992247778247002
355.0,0.3491377805892739,0.0,36796.50862219411,0.9999051256031007
356.0,2.9274361891285707,0.0,36770.72563810871,0.9992045010355629
357.0,2.640862595536248,0.0,36773.591374044634,0.9992823742946911
358.0,1.0058510387628417,0.0,36789.94148961237,0.9997266709133796
359.0,1.812106119498253,0.0,36781.87893880502,0.9995075798588321
360.0,1.2218492273697166,0.0,36787.7815077263,0.999667975753432
361.0,2.2201282891384153,0.0,36777.79871710861,0.9993967042692558
362.0,0.18771018390037852,0.0,36798.122898161,0.9999489917978531
363.0,0.841902621237864,0.0,36791.58097378762,0.999771222113794
364.0,0.2984377748908287,0.0,36797.01562225109,0.9999189027785623
365.0,1.99405372992004,0.0,36780.0594627008,0.9994581375733914
366.0,2.303744387495442,0.0,36776.96255612504,0.9993739825033979
367.0,2.791999390567014,0.0,36772.08000609433,0.9992413045134328
368.0,1.5621800050409433,0.0,36784.37819994959,0.9995754945638476
369.0,0.6331795567767244,0.0,36793.66820443223,0.9998279403378323
370.0,1.8498303423775724,0.0,36781.501696576226,0.9994973287113105
371.0,1.7440686401480434,0.0,36782.55931359852,0.9995260683043076
372.0,0.29255671695352703,0.0,36797.074432830465,0.9999205008921321
373.0,2.0876147942041143,0.0,36779.12385205796,0.9994327133711401
374.0,2.3490454302240664,0.0,36776.50954569776,0.9993616724374391
375.0,2.258249242808404,0.0,36777.41750757192,0.9993863453144542
376.0,1.5903753659032418,0.0,36784.09624634097,0.9995678327810046
377.0,3.4604342010293294,0.0,36765.395657989706,0.9990596646192855
378.0,3.319279760728591,0.0,36766.807202392716,0.9990980218041499
379.0,1.6690304460249195,0.0,36783.30969553975,0.9995464591179279
380.0,0.9867957297673229,0.0,36790.132042702324,0.9997318489864762
381.0,2.0620339976026116,0.0,36779.37966002397,0.9994396646745645
382.0,2.207359582828815,0.0,36777.92640417171,0.9994001740264051
383.0,1.752695933719565,0.0,36782.47304066281,0.9995237239310546
384.0,1.0718750469416705,0.0,36789.281249530584,0.9997087296068093
385.0,1.3696424364661084,0.0,36786.30357563534,0.9996278145553082
386.0,1.8586036077536505,0.0,36781.41396392247,0.9994949446718062
387.0,2.860150165258119,0.0,36771.39849834742,0.9992227852811799
388.0,0.8502439328880769,0.0,36791.497560671116,0.9997689554530195
389.0,1.7201757166010907,0.0,36782.79824283399,0.9995325609465758
390.0,1.710096774631893,0.0,36782.899032253685,0.9995352997895023
391.0,3.2511616081512784,0.0,36767.488383918484,0.9991165321716979
392.0,3.1704889163057715,0.0,36768.295110836945,0.9991384540988301
393.0,1.1624534630305448,0.0,36788.375465369696,0.9996841159067852
394.0,0.188377865939799,0.0,36798.1162213406,0.9999488103625163
395.0,1.3070865551981683,0.0,36786.929134448015,0.9996448134360874
396.0,1.994519233208564,0.0,36780.05480766791,0.9994580110779324
397.0,2.5167668512037835,0.0,36774.83233148796,0.9993160959643468
398.0,1.349699369805137,0.0,36786.50300630195,0.9996332338669008
399.0,2.4817243521398495,0.0,36775.1827564786,0.9993256183825706
400.0,2.7906392901915638,0.0,36772.09360709808,0.9992416741059261
401.0,2.2442208525644105,0.0,36777.557791474355,0.9993901573770205
402.0,2.4306660156734665,0.0,36775.69333984327,0.9993394929305236
403.0,3.377962096404474,0.0,36766.220379035956,0.9990820755172815
404.0,3.305127708685518,0.0,36766.94872291315,0.999101867470466
405.0,2.220853028517581,0.0,36777.79146971482,0.9993965073292072
406.0,2.5044778298287156,0.0,36774.95522170171,0.9993194353723291
407.0,2.041224935392279,0.0,36779.587750646075,0.9994453193110346
408.0,0.893510410919589,0.0,36791.064895890806,0.9997571982579023
409.0,1.5425639934217656,0.0,36784.57436006578,0.9995808250017875
410.0,1.4367820036449075,0.0,36785.63217996355,0.9996095701077051
411.0,1.765986489060026,0.0,36782.3401351094,0.9995201123671033
412.0,4.865974576720475,0.0,36751.3402542328,0.9986777242998043
413.0,0.8024893295301467,0.0,36791.9751067047,0.9997819322474102
414.0,0.9517306945216433,0.0,36790.482693054786,0.9997413775286627
415.0,1.6030264922395645,0.0,36783.969735077604,0.9995643949749349
416.0,0.45017890194174015,0.0,36795.498210980586,0.9998776687766464
417.0,1.5598054001644073,0.0,36784.401945998354,0.9995761398369117
418.0,3.6831511367340113,0.0,36763.16848863266,0.998999143712844
419.0,3.5153010060496968,0.0,36764.846989939506,0.9990447551613996
420.0,3.1692389563052075,0.0,36768.30761043695,0.9991387937618735
421.0,1.642220543904216,0.0,36783.57779456096,0.9995537444174174
422.0,2.4555104537593593,0.0,36775.44489546241,0.999332741724522
423.0,0.8629171974538394,0.0,36791.370828025465,0.9997655116311268
424.0,0.1385308753108916,0.0,36798.61469124689,0.9999623557404046
425.0,0.8697998805523639,0.0,36791.302001194475,0.9997636413368064
426.0,2.5680429418112,0.0,36774.31957058189,0.999302162244073
427.0,2.389301381837072,0.0,36776.10698618163,0.999350733320153
428.0,2.182341992119177,0.0,36778.176580078805,0.9994069722847502
429.0,1.0489106564066333,0.0,36789.51089343593,0.9997149699303242
430.0,2.117763144162552,0.0,36778.82236855837,0.9994245208847384
431.0,2.8271910946202183,0.0,36771.728089053795,0.9992317415503749
432.0,3.0465972343876615,0.0,36769.534027656126,0.9991721203167425
433.0,3.7625020400296307,0.0,36762.37497959971,0.9989775809673833
434.0,2.5935990543500793,0.0,36774.0640094565,0.9992952176482746
435.0,1.1481214673686964,0.0,36788.51878532631,0.9996880104708237
436.0,1.103367642385649,0.0,36788.96632357614,0.9997001718363081
437.0,2.864271782478397,0.0,36771.35728217522,0.9992216652765005
438.0,5.700952950223211,0.0,36742.99047049777,0.9984508280026567
439.0,3.570282724389699,0.0,36764.2971727561,0.999029814477068
440.0,3.2622809388157634,0.0,36767.37719061184,0.9991135106144522
441.0,3.147061931904318,0.0,36768.52938068096,0.9991448201272
442.0,2.3792748025990136,0.0,36776.20725197401,0.9993534579340764
443.0,1.3920735825091128,0.0,36786.07926417491,0.9996217191351877
444.0,1.9776787924364498,0.0,36780.22321207564,0.9994625872846641
445.0,2.3310669756070297,0.0,36776.68933024393,0.9993665578870633
446.0,1.5224835202157578,0.0,36784.775164797844,0.9995862816521153
447.0,3.7943757140512275,0.0,36762.056242859486,0.9989689196429208
448.0,3.6153191586503794,0.0,36763.846808413495,0.9990175763155841
449.0,6.83007163307559,0.0,36731.699283669244,0.9981440022736208
450.0,2.0536238067817862,0.0,36779.46376193218,0.9994419500525049
451.0,0.0,0.0,36800.0,1.0
452.0,0.0,0.0,36800.0,1.0
453.0,0.7508175574597544,0.0,36792.4918244254,0.9997959734898206
454.0,0.8593432138767412,0.0,36791.40656786123,0.9997664828223161
455.0,3.1560940051203374,0.0,36768.439059948796,0.9991423657594781
456.0,2.056383545167762,0.0,36779.43616454832,0.9994412001235957
457.0,2.1885968077398275,0.0,36778.1140319226,0.9994052726065925
458.0,1.0528833433785962,0.0,36789.47116656621,0.9997138903958209
459.0,1.8552193923973732,0.0,36781.44780607602,0.9994958642955442
460.0,0.3188643322652638,0.0,36796.811356677346,0.9999133520836235
461.0,2.5577990407724656,0.0,36774.42200959227,0.9993049459128335
462.0,0.31348323621062946,0.0,36796.865167637894,0.9999148143379862
463.0,1.5709981589035351,0.0,36784.29001841097,0.999573098326385
464.0,0.9644317095098245,0.0,36790.355682904905,0.9997379261658942
465.0,1.5522886250433885,0.0,36784.47711374956,0.9995781824388468
466.0,2.432657926590423,0.0,36775.67342073409,0.9993389516503829
467.0,2.703673154578155,0.0,36772.963268454216,0.999265306207995
468.0,1.5449352038568236,0.0,36784.550647961434,0.999580180651126
469.0,1.5392976089941044,0.0,36784.60702391006,0.9995817126062516
470.0,1.570107758813208,0.0,36784.298922411865,0.9995733402829311
471.0,1.7372176290702441,0.0,36782.6278237093,0.9995279299921005
472.0,1.8369038486629279,0.0,36781.63096151337,0.9995008413454721
473.0,1.3121430891887371,0.0,36786.878569108114,0.9996434393779379
474.0,2.179143935907689,0.0,36778.208560640924,0.9994078413217642
475.0,0.7106424886552531,0.0,36792.89357511345,0.9998068906280828
476.0,1.2911659070059045,0.0,36787.08834092994,0.9996491396991832
477.0,0.8828784169269852,0.0,36791.17121583073,0.9997600873867045
478.0,1.5494347155724313,0.0,36784.50565284427,0.9995789579577248
479.0,1.4683545182996909,0.0,36785.316454817,0.9996009906200273
480.0,0.7801736021675652,0.0,36792.198263978324,0.9997879963037588
481.0,1.3294983997722056,0.0,36786.70501600228,0.9996387232609314
482.0,0.0,0.0,36800.0,1.0
483.0,2.9329906710844966,0.0,36770.670093289154,0.9992029916654661
484.0,2.6887216607337336,0.0,36773.112783392666,0.9992693691139312
485.0,0.38662385285454093,0.0,36796.13376147146,0.99989493917042
486.0,1.7714500558386135,0.0,36782.28549944161,0.9995186277022177
487.0,1.1899246034165003,0.0,36788.10075396584,0.9996766509229847
488.0,0.04281441735201952,0.0,36799.57185582648,0.9999883656474586
489.0,0.46613611631249796,0.0,36795.338638836874,0.999873332577089
490.0,1.967822096566806,0.0,36780.32177903433,0.9994652657346286
491.0,3.302746932655566,0.0,36766.97253067345,0.9991025144204742
492.0,3.7520658748201186,0.0,36762.4793412518,0.9989804168818424
493.0,2.3599962732880613,0.0,36776.40003726712,0.9993586966648674
494.0,2.092921039792259,0.0,36779.070789602076,0.9994312714565782
495.0,0.698007423923741,0.0,36793.01992576076,0.9998103240695859
496.0,0.88117849388982,0.0,36791.188215061105,0.9997605493223126
497.0,2.6491487048436966,0.0,36773.508512951565,0.9992801226345533
498.0,1.8606663413264073,0.0,36781.393336586734,0.9994943841463787
499.0,1.9415411174225028,0.0,36780.584588825775,0.9994724073050483
500.0,1.063275919505088,0.0,36789.367240804946,0.9997110663262213
501.0,1.1054772827836246,0.0,36788.94522717216,0.9996995985644609
502.0,2.8607935462716796,0.0,36771.392064537285,0.9992226104493828
503.0,0.6145211945687379,0.0,36793.85478805431,0.9998330105449541
504.0,3.8425842474964043,0.0,36761.574157525036,0.998955819497963
505.0,1.8492578122456393,0.0,36781.50742187754,0.9994974842901506
506.0,1.0337309886867274,0.0,36789.66269011313,0.9997190948400307
507.0,3.528668447283792,0.0,36764.71331552716,0.9990411227045424
508.0,5.212246882091961,0.0,36747.87753117908,0.998583628564649
509.0,2.9817115462965376,0.0,36770.18288453703,0.999189752297202
510.0,1.6495818557594362,0.0,36783.504181442404,0.9995517440609349
511.0,1.3984389575203409,0.0,36786.015610424794,0.9996199894137172
512.0,2.9276699094702963,0.0,36770.723300905294,0.9992044375246004
513.0,1.111952504617875,0.0,36788.880474953825,0.9996978389933104
514.0,3.424561409654075,0.0,36765.754385903456,0.99906941266042
515.0,2.8659077254661725,0.0,36771.34092274534,0.9992212207267754
516.0,0.6900402208177638,0.0,36793.09959779182,0.99981248907043
517.0,3.510068897109818,0.0,36764.8993110289,0.9990461769301332
518.0,3.4532818244514374,0.0,36765.467181755484,0.9990616081998773
519.0,0.0,0.0,36800.0,1.0
520.0,1.8976856322564117,0.0,36781.023143677434,0.999484324556452
521.0,3.0095399129835414,0.0,36769.90460087016,0.999182190241037
522.0,1.2521282294735556,0.0,36787.478717705264,0.99965974776373
523.0,2.1536123321899368,0.0,36778.4638766781,0.9994147792575571
524.0,2.987726315376449,0.0,36770.122736846235,0.9991881178490825
525.0,2.5537015286178075,0.0,36774.46298471382,0.9993060593672234
526.0,1.312861424115681,0.0,36786.871385758845,0.9996432441782295
527.0,2.4960150859122905,0.0,36775.03984914088,0.9993217350310021
528.0,0.36235504945454977,0.0,36796.37644950546,0.9999015339539526
529.0,0.47008940476064254,0.0,36795.29910595239,0.9998722583139237
530.0,1.9176026858565365,0.0,36780.823973141436,0.999478912313626
531.0,3.889216475660305,0.0,36761.1078352434,0.9989431476968315
532.0,2.365168225801085,0.0,36776.34831774199,0.9993572912429889
533.0,2.414922137848066,0.0,36775.85077862152,0.9993437711581935
534.0,2.093477835615772,0.0,36779.06522164384,0.9994311201533652
535.0,1.7709127962945104,0.0,36782.290872037054,0.9995187736966591
536.0,1.1018225399510584,0.0,36788.98177460049,0.9997005917011004
537.0,1.913868264225357,0.0,36780.86131735775,0.9994799271021126
538.0,2.0166079785833517,0.0,36779.833920214165,0.9994520087014719
539.0,0.07498525541291201,0.0,36799.25014744587,0.9999796235718986
540.0,1.303245592244707,0.0,36786.96754407755,0.9996458571760205
541.0,2.7695899363412764,0.0,36772.30410063659,0.9992473940390377
542.0,3.0907249054509975,0.0,36769.09275094549,0.9991601291017796
543.0,3.7953330962288874,0.0,36762.046669037714,0.9989686594847205
544.0,2.4580316940767943,0.0,36775.419683059234,0.9993320566048705
545.0,5.788807874581494,0.0,36742.11192125418,0.9984269543819071
546.0,4.249346126321484,0.0,36757.50653873679,0.9988452863787171
547.0,3.822487759266778,0.0,36761.77512240733,0.9989612805001992
548.0,1.0506717173360585,0.0,36789.49328282664,0.9997144913811586
549.0,2.1671387290310804,0.0,36778.32861270969,0.9994111036062415
550.0,3.707774895550301,0.0,36762.922251044496,0.9989924524740352
551.0,5.106660205013554,0.0,36748.93339794986,0.9986123205964637
552.0,3.367933008955333,0.0,36766.32066991045,0.999084800812784
553.0,3.3048683163628993,0.0,36766.95131683637,0.99910193795751
554.0,0.5344485829165251,0.0,36794.65551417084,0.9998547694068163
555.0,1.2407233247715794,0.0,36787.592766752285,0.9996628469226164
556.0,0.3663984438829857,0.0,36796.33601556117,0.9999004352054667
557.0,2.186527520234222,0.0,36778.13472479766,0.9994058349129799
558.0,0.7550728553078443,0.0,36792.44927144692,0.9997948171588837
559.0,0.0,0.0,36800.0,1.0
560.0,0.0,0.0,36800.0,1.0
561.0,0.1905714035837036,0.0,36798.094285964165,0.9999482142925045
562.0,2.2271341581638353,0.0,36777.72865841836,0.9993948005004989
563.0,2.6439241993333553,0.0,36773.560758006664,0.9992815423371376
564.0,3.160335140343477,0.0,36768.396648596565,0.9991412132770806
565.0,2.428774648001422,0.0,36775.71225351999,0.9993400068891302
566.0,1.5588092446517976,0.0,36784.41190755348,0.9995764105313447
567.0,3.034985610998092,0.0,36769.650143890016,0.9991752756491852
568.0,3.5236994885007107,0.0,36764.76300511499,0.9990424729650812
569.0,3.3569537136593226,0.0,36766.430462863405,0.9990877843169403
570.0,1.2726147744840546,0.0,36787.27385225516,0.9996541807678032
571.0,1.4727687636893734,0.0,36785.27231236311,0.9995997910968236
572.0,0.5777094002831973,0.0,36794.222905997165,0.999843013749923
573.0,0.58780684227861,0.0,36794.12193157721,0.9998402698798156
574.0,1.3142284271449398,0.0,36786.85771572855,0.9996428727100148
575.0,1.0038133388941333,0.0,36789.96186661106,0.9997272246361701
576.0,3.3499081252517726,0.0,36766.50091874748,0.9990896988790076
577.0,0.8565925573994946,0.0,36791.434074426004,0.9997672302833154
578.0,1.2841539595594895,0.0,36787.158460404404,0.9996510451196848
579.0,2.4704547366249017,0.0,36775.29545263375,0.999328680778091
580.0,1.2368211184316351,0.0,36787.631788815685,0.9996639073047741
581.0,4.572644818963681,0.0,36754.273551810365,0.9987574334731077
582.0,1.7289086407937475,0.0,36782.71091359206,0.9995301878693496
583.0,1.4238110116449434,0.0,36785.76188988355,0.9996130948337921
584.0,2.7864015300847313,0.0,36772.135984699155,0.9992428256711727
585.0,0.0,0.0,36800.0,1.0
586.0,0.9385746355982292,0.0,36790.61425364402,0.9997449525446743
587.0,1.7350376712944353,0.0,36782.649623287056,0.9995285223719309
588.0,2.4277017399859915,0.0,36775.72298260014,0.9993402984402212
589.0,2.893528972684294,0.0,36771.06471027316,0.999213714953075
590.0,0.9063634640983764,0.0,36790.93636535902,0.9997537055804081
591.0,2.820933147270921,0.0,36771.79066852729,0.9992334420795459
592.0,2.158966494147535,0.0,36778.41033505852,0.9994133243222424
593.0,0.9948611030347365,0.0,36790.05138896965,0.9997296573089579
594.0,3.01544686927798,0.0,36769.84553130722,0.9991805850898701
595.0,2.528634817866873,0.0,36774.71365182133,0.9993128709734057
596.0,2.269820298132572,0.0,36777.30179701868,0.9993832010059424
597.0,2.4131953603731517,0.0,36775.86804639627,0.9993442403912028
598.0,2.7865045352114066,0.0,36772.13495464789,0.9992427976806492
599.0,1.5293132815955914,0.0,36784.706867184046,0.9995844257386969
600.0,0.6256457205299739,0.0,36793.7435427947,0.9998299875759429
601.0,0.24692136723012936,0.0,36797.5307863277,0.999932901802383
602.0,2.527111257259776,0.0,36774.7288874274,0.9993132849844403
603.0,1.0822103856321519,0.0,36789.17789614368,0.9997059210908609
604.0,1.5509242531784366,0.0,36784.490757468215,0.999578553192071
605.0,0.6013170952736573,0.0,36793.986829047266,0.9998365986154149
606.0,0.9586263340706864,0.0,36790.41373665929,0.9997395037135677
607.0,3.0775948123597345,0.0,36769.2240518764,0.9991636970618587
608.0,1.5443731182125475,0.0,36784.556268817876,0.9995803333917901
609.0,3.611013180386408,0.0,36763.88986819614,0.9990187464183733
610.0,2.173557572114305,0.0,36778.26442427886,0.9994093593554038
611.0,0.6509088863299439,0.0,36793.4909111367,0.9998231225852364
612.0,0.9223492313506085,0.0,36790.776507686496,0.9997493616219156
613.0,0.7610683650318606,0.0,36792.38931634968,0.9997931879442848
614.0,1.2257285783864518,0.0,36787.74271421613,0.9996669215819601
615.0,1.5671673152052108,0.0,36784.32832684795,0.9995741393165204
616.0,1.902275802666395,0.0,36780.977241973334,0.9994830772275363
617.0,0.8664001904172665,0.0,36791.33599809583,0.9997645651656475
618.0,0.8603062620525179,0.0,36791.396937379475,0.9997662211244422
619.0,0.9081809666108711,0.0,36790.91819033389,0.9997532116938557
620.0,0.5775210617647417,0.0,36794.22478938235,0.9998430649288682
621.0,4.711745416829672,0.0,36752.8825458317,0.9987196343976006
622.0,2.062114563037767,0.0,36779.37885436962,0.9994396427817832
623.0,1.5927144613633573,0.0,36784.07285538637,0.9995671971572382
624.0,0.9277323393177994,0.0,36790.72267660682,0.9997478988208375
625.0,3.010949087123663,0.0,36769.89050912876,0.9991818073132815
626.0,2.3023512152577723,0.0,36776.97648784742,0.9993743610828104
627.0,1.78054911369793,0.0,36782.194508863024,0.9995161551321474
628.0,2.3386249575580678,0.0,36776.61375042442,0.99936450408762
629.0,1.724682546180361,0.0,36782.75317453819,0.9995313362646248
630.0,1.602651659203616,0.0,36783.973483407965,0.9995644968317382
631.0,2.7712563711471603,0.0,36772.28743628853,0.9992469412034926
632.0,0.6324838218083642,0.0,36793.67516178192,0.9998281293962478
633.0,0.0,0.0,36800.0,1.0
634.0,0.0,0.0,36800.0,1.0
635.0,1.4003608141223367,0.0,36785.996391858775,0.9996194671700754
636.0,3.414652450323274,0.0,36765.85347549677,0.9990721053124122
637.0,3.3669073376128154,0.0,36766.33092662387,0.9990850795278227
638.0,1.4310072849805238,0.0,36785.6899271502,0.9996111393247337
639.0,1.8424063390895071,0.0,36781.57593660911,0.9994993461035083
640.0,3.1534961059505804,0.0,36768.46503894049,0.9991430717103394
641.0,2.4138871637403554,0.0,36775.861128362594,0.9993440524011574
642.0,0.7628992558229584,0.0,36792.37100744177,0.9997926904196133
643.0,0.4461650596947493,0.0,36795.538349403054,0.9998787594946482
644.0,2.429205195162126,0.0,36775.70794804838,0.999339889892619
645.0,0.9220625034243994,0.0,36790.77937496576,0.9997494395371129
646.0,2.1286294212287658,0.0,36778.71370578771,0.9994215680920574
647.0,3.3738921310095975,0.0,36766.2610786899,0.9990831814861386
648.0,2.730276794792644,0.0,36772.69723205207,0.9992580769579368
649.0,0.8058739820369283,0.0,36791.94126017963,0.9997810125048812
650.0,1.997697986997764,0.0,36780.02302013002,0.9994571472861419
651.0,3.370137822678771,0.0,36766.29862177321,0.9990842016786199
652.0,0.7817002842605234,0.0,36792.1829971574,0.9997875814444945
653.0,2.1861125040086336,0.0,36778.138874959914,0.999405947689128
654.0,1.099062917650599,0.0,36789.00937082349,0.9997013415984645
655.0,2.3821160767471383,0.0,36776.178839232525,0.99935268584871
656.0,3.3760460792869935,0.0,36766.23953920713,0.9990825961741067
657.0,0.25108755481687695,0.0,36797.48912445183,0.999931769686191
658.0,0.14212746683870137,0.0,36798.578725331616,0.9999613784057504
659.0,1.7045292426399783,0.0,36782.9547075736,0.9995368127058043
660.0,2.8319073644967148,0.0,36771.68092635503,0.9992304599552998
661.0,0.32757244406388963,0.0,36796.72427555936,0.9999109857488957
662.0,1.9678901282308061,0.0,36780.32109871769,0.9994652472477634
663.0,4.276239665758453,0.0,36757.237603342415,0.9988379783516961
664.0,0.7653768094122597,0.0,36792.346231905874,0.9997920171713552
665.0,1.3183895107916896,0.0,36786.81610489208,0.999641741980763
666.0,4.593709179591315,0.0,36754.06290820408,0.9987517094620675
667.0,2.3194300700517942,0.0,36776.80569929948,0.9993697200896599
668.0,1.7995350494711602,0.0,36782.00464950529,0.9995109959104698
669.0,2.2142749445850995,0.0,36777.85725055415,0.999398294852015
670.0,1.726597816003732,0.0,36782.73402183996,0.9995308158108686
671.0,2.007622086926517,0.0,36779.92377913073,0.9994544505198568
672.0,3.093420107736506,0.0,36769.06579892264,0.9991593967098543
673.0,1.5512248655561507,0.0,36784.48775134444,0.9995784715039249
674.0,1.2995105157864373,0.0,36787.00489484214,0.9996468721424494
675.0,0.33652610593492227,0.0,36796.63473894065,0.9999085526886047
676.0,3.289131138435664,0.0,36767.10868861564,0.9991062143645555
677.0,0.4890029041280286,0.0,36795.10997095872,0.9998671187760522
678.0,0.6705317095204464,0.0,36793.294682904794,0.9998177902963259
679.0,1.4271718995812535,0.0,36785.72828100419,0.9996121815490269
680.0,2.324236066138951,0.0,36776.75763933861,0.9993684141124622
681.0,3.328873358834926,0.0,36766.71126641165,0.9990954148481427
682.0,0.3246545835369261,0.0,36796.75345416463,0.999911778645778
683.0,4.7016387405611795,0.0,36752.98361259439,0.9987223807770215
684.0,1.2428178234089273,0.0,36787.57182176591,0.999662277765378
685.0,0.9424368335699,0.0,36790.5756316643,0.999743903034356
686.0,1.0607299412574775,0.0,36789.39270058743,0.9997117581681366
687.0,0.8220411314134708,0.0,36791.779588685866,0.9997766192577681
688.0,1.9141936931482633,0.0,36780.85806306852,0.9994798386703402
689.0,0.2680211635614569,0.0,36797.31978836439,0.9999271681620757
690.0,1.6652504634085972,0.0,36783.34749536592,0.9995474862871173
691.0,1.9950175515763249,0.0,36780.04982448424,0.9994578756653326
692.0,2.2435348952542427,0.0,36777.564651047454,0.9993903437784635
693.0,1.8194465870481054,0.0,36781.80553412952,0.999505585166563
694.0,1.0787910975748218,0.0,36789.21208902425,0.9997068502452242
695.0,1.2779589042378348,0.0,36787.22041095762,0.999652728558631
696.0,0.9373655480964089,0.0,36790.626344519034,0.9997452811010608
697.0,0.0,0.0,36800.0,1.0
698.0,1.901794068856475,0.0,36780.982059311435,0.9994832081334629
699.0,1.2455792932493068,0.0,36787.544207067505,0.9996615273659648
700.0,1.5062908063913483,0.0,36784.93709193609,0.9995906818460893
701.0,4.835982958477189,0.0,36751.64017041523,0.998685874196066
702.0,1.2881120315707904,0.0,36787.11887968429,0.9996499695566383
703.0,0.23774685372427484,0.0,36797.62253146276,0.9999353948767055
704.0,0.0,0.0,36800.0,1.0
705.0,2.003153628628297,0.0,36779.96846371372,0.9994556647748293
706.0,4.177421444586798,0.0,36758.22578555413,0.9988648311291883
707.0,2.424145169737699,0.0,36775.75854830262,0.9993412648995277
708.0,1.442579506061179,0.0,36785.57420493939,0.99960799469944
709.0,3.7233544051483705,0.0,36762.76645594851,0.9989882189116444
710.0,2.9066454006605227,0.0,36770.93354599339,0.9992101507063422
711.0,3.2291582046632357,0.0,36767.70841795337,0.9991225113574286
712.0,2.42715709778156,0.0,36775.72842902219,0.9993404464408203
713.0,2.8964305686721445,0.0,36771.03569431328,0.9992129264759043
714.0,3.3033438077734445,0.0,36766.966561922265,0.9991023522261485
715.0,3.8050814625256635,0.0,36761.949185374746,0.9989660104721398
716.0,1.6596254532973944,0.0,36783.403745467025,0.9995490148224735
717.0,0.6444974987763317,0.0,36793.55502501224,0.9998248648101152
718.0,4.697981082028946,0.0,36753.02018917971,0.9987233747059704
719.0,2.9990317351155227,0.0,36770.009682648844,0.9991850457241533
720.0,0.9765684260181615,0.0,36790.23431573982,0.9997346281451038
721.0,2.6021118859949866,0.0,36773.97888114005,0.9992929043788057
722.0,4.396943111440123,0.0,36756.0305688856,0.9988051785023262
723.0,2.115964615305188,0.0,36778.84035384695,0.9994250096154063
724.0,0.6480048867238111,0.0,36793.51995113276,0.9998239117155641
725.0,0.7269169913365658,0.0,36792.730830086635,0.999802468208876
726.0,2.2953893031308326,0.0,36777.04610696869,0.999376252906758
727.0,2.008866917959267,0.0,36779.91133082041,0.9994541122505546
728.0,2.6633445557807818,0.0,36773.36655444219,0.9992762650663638
729.0,1.4188758245378494,0.0,36785.81124175462,0.9996144359172452
730.0,2.0276762564332103,0.0,36779.72323743567,0.9994490010172736
731.0,1.8768991640620243,0.0,36781.23100835938,0.9994899730532439
732.0,0.0,0.0,36800.0,1.0
733.0,0.6390605977758241,0.0,36793.60939402224,0.9998263422288652
734.0,0.5726275233215574,0.0,36794.27372476678,0.9998443946947495
735.0,2.5619980520323224,0.0,36774.38001947968,0.9993038048771652
736.0,3.220113370472177,0.0,36767.79886629528,0.9991249691928065
737.0,0.014268757094441753,0.0,36799.857312429056,0.9999961226203548
738.0,1.295213672219461,0.0,36787.0478632778,0.9996480397629838
739.0,2.708034565571097,0.0,36772.91965434429,0.9992641210419644
740.0,3.059987004947061,0.0,36769.40012995053,0.999168481792134
741.0,1.0820148906129816,0.0,36789.17985109387,0.9997059742145072
742.0,0.8688479023538775,0.0,36791.31152097646,0.9997639000265341
743.0,1.2265692205550067,0.0,36787.73430779445,0.9996666931465884
744.0,1.7763907296251773,0.0,36782.23609270375,0.9995172851278193
745.0,0.3306630669566175,0.0,36796.69336933043,0.9999101459057183
746.0,2.3039063407976528,0.0,36776.960936592026,0.9993739384943485
747.0,0.36924916409282105,0.0,36796.307508359074,0.9998996605532356
748.0,1.0076858696933186,0.0,36789.923141303065,0.9997261723180181
749.0,0.9941870145522671,0.0,36790.05812985448,0.999729840485176
750.0,0.4378199582506568,0.0,36795.621800417495,0.9998810271852581
751.0,0.5636108206855397,0.0,36794.363891793146,0.9998468448856833
752.0,1.4560225407509506,0.0,36785.43977459249,0.9996043417008827
753.0,1.6147350579304884,0.0,36783.852649420696,0.9995612132994754
754.0,1.9368762267067723,0.0,36780.63123773293,0.9994736749383949
755.0,1.8906223193823735,0.0,36781.09377680618,0.9994862439349504
756.0,2.273582545496538,0.0,36777.26417454504,0.9993821786561151
757.0,3.307630624875742,0.0,36766.92369375124,0.9991011873301967
758.0,1.540024821280781,0.0,36784.599751787195,0.9995815149942172
759.0,0.3586691892921863,0.0,36796.413308107076,0.999902535546388
760.0,2.4565103482643735,0.0,36775.434896517356,0.9993324700140586
761.0,0.9227847157238784,0.0,36790.772152842765,0.9997492432837708
762.0,0.5193362909324151,0.0,36794.806637090674,0.9998588760078988
763.0,2.318829353774845,0.0,36776.81170646225,0.9993698833277785
764.0,2.4369867825826077,0.0,36775.63013217418,0.99933777533082
765.0,0.5507541191367409,0.0,36794.492458808636,0.9998503385545825
766.0,3.2303614066455566,0.0,36767.696385933545,0.999122184400368
767.0,1.2264150393850741,0.0,36787.73584960615,0.9996667350436453
768.0,0.7012144015745889,0.0,36792.987855984255,0.9998094526082678
769.0,2.453078436041892,0.0,36775.46921563958,0.9993334025989017
770.0,2.296333255861441,0.0,36777.03666744139,0.9993759963978638
771.0,1.9220756485184438,0.0,36780.779243514815,0.9994776968346417
772.0,0.6411421965007094,0.0,36793.58857803499,0.9998257765770379
773.0,0.5753961255250033,0.0,36794.24603874475,0.9998436423571943
774.0,3.2774415962815056,0.0,36767.22558403719,0.9991093908705757
775.0,1.7977646618159042,0.0,36782.02235338184,0.9995114769940718
776.0,1.5815499852219546,0.0,36784.18450014778,0.9995702309822766
777.0,1.5138800981742406,0.0,36784.861199018254,0.9995886195385395
778.0,1.3263716986556346,0.0,36786.736283013444,0.999639572907974
779.0,2.2589849211168485,0.0,36777.41015078883,0.9993861454018704
780.0,0.6875153806180379,0.0,36793.12484619382,0.9998131751683104
781.0,1.650115467239857,0.0,36783.4988453276,0.9995515990578153
782.0,1.6673866652051856,0.0,36783.326133347946,0.9995469057974985
783.0,3.2759554101872936,0.0,36767.240445898125,0.9991097947254926
784.0,1.7087307415646364,0.0,36782.91269258435,0.99953567099414
785.0,0.9896081540761088,0.0,36790.10391845924,0.9997310847407401
786.0,0.7246322235779417,0.0,36792.75367776422,0.99980308906968
787.0,4.726392808390528,0.0,36752.73607191609,0.9987156541281547
788.0,1.2811885741288052,0.0,36787.188114258715,0.9996518509309433
789.0,1.0460305440832371,0.0,36789.53969455917,0.9997157525695427
790.0,2.794293546062363,0.0,36772.057064539375,0.9992406811016135
791.0,2.168033994051598,0.0,36778.31966005948,0.9994108603277033
792.0,0.4436363629790776,0.0,36795.56363637021,0.9998794466404948
793.0,1.41429318046346,0.0,36785.857068195364,0.999615681200961
794.0,1.2585561347885914,0.0,36787.414438652115,0.9996580010503292
795.0,3.3273973493476205,0.0,36766.72602650653,0.9990958159376774
796.0,2.5520636834008883,0.0,36774.47936316599,0.9993065044338585
797.0,1.7246707771423644,0.0,36782.753292228575,0.999531339462733
798.0,2.4024587063336185,0.0,36775.97541293666,0.9993471579602354
799.0,3.8639706470991086,0.0,36761.36029352901,0.9989500079763318
800.0,0.035829042859973015,0.0,36799.6417095714,0.9999902638470489
801.0,0.0,0.0,36800.0,1.0
802.0,0.0,0.0,36800.0,1.0
803.0,2.178841023938844,0.0,36778.21158976061,0.9994079236347992
804.0,1.1863043311609545,0.0,36788.13695668839,0.9996776346926193
805.0,1.8573275085943806,0.0,36781.426724914054,0.9994952914378818
806.0,1.7897194973116939,0.0,36782.10280502688,0.9995136631800783
807.0,0.0,0.0,36800.0,1.0
808.0,0.7134688441944945,0.0,36792.86531155805,0.9998061225966862
809.0,1.5981466774393311,0.0,36784.01853322561,0.9995657210115654
810.0,3.4318990112741403,0.0,36765.68100988726,0.9990674187469364
811.0,4.272735050385563,0.0,36757.272649496146,0.99883893069283
812.0,1.0389003341313128,0.0,36789.61099665869,0.9997176901265948
813.0,1.3679900142915358,0.0,36786.32009985708,0.9996282635830729
814.0,0.5964454889881381,0.0,36794.03554511012,0.9998379224214706
815.0,1.5330333975500707,0.0,36784.6696660245,0.9995834148376223
816.0,3.205794650317671,0.0,36767.94205349682,0.9991288601493702
817.0,3.3414145705205556,0.0,36766.5858542948,0.9990920069101847
818.0,4.613546113030793,0.0,36753.86453886969,0.9987463189910242
819.0,3.8951964207356014,0.0,36761.04803579264,0.9989415227117566
820.0,1.469258624523036,0.0,36785.30741375477,0.9996007449389882
821.0,1.9972753435979484,0.0,36780.02724656402,0.9994572621348919
822.0,1.9524199167115057,0.0,36780.475800832886,0.9994694511095893
823.0,2.974840205506439,0.0,36770.25159794494,0.9991916195093733
824.0,3.5555045217403176,0.0,36764.44495478259,0.9990338302930053
825.0,1.0773319155886156,0.0,36789.22668084411,0.9997072467620682
826.0,2.067704818831544,0.0,36779.322951811686,0.999438123690535
827.0,0.7777310673658349,0.0,36792.22268932634,0.9997886600360419
828.0,0.8994445825874209,0.0,36791.005554174124,0.9997555857112533
829.0,3.178667693447096,0.0,36768.21332306553,0.9991362316050416
830.0,3.3945989466408264,0.0,36766.05401053359,0.9990775546340649
831.0,3.1451537112938013,0.0,36768.54846288706,0.9991453386654093
832.0,3.054333608579441,0.0,36769.45666391421,0.9991700180411469
833.0,1.5252182338563216,0.0,36784.74781766144,0.9995855385234087
834.0,2.8915027932670228,0.0,36771.08497206733,0.9992142655453078
835.0,2.7615189832090437,0.0,36772.38481016791,0.9992495872328236
836.0,1.5265096685419621,0.0,36784.73490331458,0.9995851875900701
837.0,1.4547679133823976,0.0,36785.45232086618,0.9996046826322331
838.0,0.7919508815825793,0.0,36792.08049118418,0.9997847959560917
839.0,1.3318263817222942,0.0,36786.68173618278,0.9996380906571407
840.0,3.6257009259518327,0.0,36763.74299074048,0.9990147551831652
841.0,4.485452136173421,0.0,36755.14547863827,0.9987811271369095
842.0,1.6326538859746051,0.0,36783.67346114026,0.9995563440527244
843.0,1.5632734307788496,0.0,36784.36726569221,0.9995751974372884
844.0,1.3808031374081793,0.0,36786.19196862592,0.9996247817561391
845.0,0.2901429462605165,0.0,36797.0985705374,0.9999211568080815
846.0,2.2017926274415913,0.0,36777.98207372559,0.9994016867860214
847.0,6.110430460390944,0.0,36738.89569539609,0.9983395569401111
848.0,1.6627964142536484,0.0,36783.372035857465,0.9995481531483007
849.0,1.6877369878807258,0.0,36783.122630121194,0.9995413758185107
850.0,1.4046125540932053,0.0,36785.95387445907,0.999618311805953
851.0,1.6620709351933556,0.0,36783.37929064807,0.9995483502893496
852.0,0.0,0.0,36800.0,1.0
853.0,1.3486963391951576,0.0,36786.51303660805,0.9996335064295665
854.0,1.6545941301349103,0.0,36783.45405869865,0.9995503820298546
855.0,1.7538855343193518,0.0,36782.46114465681,0.999523400670022
856.0,2.9542524161491883,0.0,36770.457475838506,0.9991972140173507
857.0,3.6901131760441785,0.0,36763.098868239555,0.9989972518543357
858.0,0.6147673568717664,0.0,36793.85232643128,0.999832943653024
859.0,1.5550368259690686,0.0,36784.44963174031,0.9995774356451171
860.0,2.341525552534563,0.0,36776.584744474654,0.9993637158824634
861.0,3.4771197921400017,0.0,36765.2288020786,0.9990551304912663
862.0,5.057743984467038,0.0,36749.422560155326,0.998625613047699
863.0,3.2123432382190913,0.0,36767.87656761781,0.9991270806417882
864.0,2.8673816911680206,0.0,36771.32618308832,0.9992208201926174
865.0,0.935583972939753,0.0,36790.6441602706,0.9997457652247447
866.0,2.4761030049734245,0.0,36775.23896995027,0.9993271459225617
867.0,2.432184730324593,0.0,36775.67815269675,0.9993390802363248
868.0,1.3429912651746463,0.0,36786.57008734826,0.9996350567214201
869.0,0.5006254523893858,0.0,36794.99374547611,0.9998639604748942
870.0,0.842807006747762,0.0,36791.57192993252,0.999770976356862
871.0,0.24144387727358207,0.0,36797.585561227264,0.9999343902507409
872.0,1.6034697844315815,0.0,36783.96530215569,0.9995642745151002
873.0,2.582631743679258,0.0,36774.17368256321,0.9992981978957394
874.0,3.4653161571162627,0.0,36765.346838428835,0.9990583380007836
875.0,1.7293810101843974,0.0,36782.706189898156,0.999530059508102
876.0,2.9512359936795747,0.0,36770.487640063206,0.9991980336973697
877.0,1.8754562585261283,0.0,36781.24543741474,0.9994903651471397
878.0,3.9504237438865175,0.0,36760.495762561135,0.9989265152869874
879.0,0.6310726151707513,0.0,36793.68927384829,0.9998285128763124
880.0,0.6704343778552584,0.0,36793.295656221446,0.999817816745148
881.0,1.85783351891223,0.0,36781.42166481088,0.9994951539350782
882.0,1.4471425125697124,0.0,36785.528574874304,0.9996067547520191
883.0,1.0291944278684468,0.0,36789.70805572131,0.9997203276011226
884.0,1.0931394792901301,0.0,36789.068605207096,0.9997029512284537
885.0,1.0001797872968154,0.0,36789.99820212703,0.9997282120143216
886.0,3.8541793587709208,0.0,36761.45820641229,0.9989526686525079
887.0,1.0647356233230312,0.0,36789.35264376677,0.9997106696675753
888.0,0.6809290221405035,0.0,36793.190709778595,0.9998149649396357
889.0,2.1810025184867072,0.0,36778.18997481513,0.9994073362721504
890.0,1.1430158575152518,0.0,36788.56984142485,0.9996893978648056
891.0,0.5419929639537031,0.0,36794.58007036046,0.9998527193032735
892.0,3.5311923158589025,0.0,36764.68807684141,0.9990404368706906
893.0,3.2865227357234517,0.0,36767.13477264276,0.9991069231696403
894.0,2.8131023952405485,0.0,36771.8689760476,0.9992355700012934
895.0,4.903898886654929,0.0,36750.96101113345,0.9986674187808002
896.0,2.2303891804860996,0.0,36777.69610819514,0.9993939159835635
897.0,3.379731344503398,0.0,36766.20268655496,0.9990815947433414
898.0,1.1688837066054703,0.0,36788.31116293395,0.9996823685579878
899.0,0.17579348496917646,0.0,36798.242065150305,0.9999522300312583
900.0,0.2705346741770427,0.0,36797.29465325823,0.9999264851428866
901.0,2.1446007373255043,0.0,36778.553992626745,0.9994172280605094
902.0,1.3856862249903088,0.0,36786.1431377501,0.9996234548301658
903.0,3.0585097162735337,0.0,36769.41490283726,0.9991688832292734
904.0,1.7017435107427445,0.0,36782.982564892576,0.9995375696981679
905.0,2.0273842555166084,0.0,36779.726157444835,0.9994490803653487
906.0,1.3844700308842448,0.0,36786.155299691156,0.9996237853176945
907.0,1.7652618809685237,0.0,36782.34738119032,0.999520309271476
908.0,1.6486558036290262,0.0,36783.51344196371,0.9995519957055357
909.0,1.0743854343189696,0.0,36789.25614565681,0.9997080474363262
910.0,1.134832599418246,0.0,36788.651674005814,0.9996916215762449
911.0,2.1035261061388155,0.0,36778.96473893861,0.9994283896450709
912.0,3.9021103907876977,0.0,36760.97889609212,0.9989396439155468
913.0,2.4306022935681995,0.0,36775.693977064315,0.999339510246313
914.0,1.0616236156851073,0.0,36789.38376384315,0.9997115153218248
915.0,1.8335845449231556,0.0,36781.66415455077,0.9995017433301838
916.0,0.5196859639894456,0.0,36794.803140360105,0.9998587809880464
917.0,3.1628247307099855,0.0,36768.3717526929,0.9991405367579593
918.0,5.431188943969573,0.0,36745.6881105603,0.9985241334391387
919.0,0.9701453085747289,0.0,36790.29854691425,0.9997363735574525
920.0,2.5877674226670706,0.0,36774.12232577333,0.999296802330797
921.0,3.8720018300341508,0.0,36761.279981699656,0.9989478255896646
922.0,1.5918214401775685,0.0,36784.081785598224,0.9995674398260387
923.0,0.7130981538308561,0.0,36792.86901846169,0.9998062233277634
924.0,1.289137163456985,0.0,36787.10862836543,0.999649690988191
925.0,1.2505389967537894,0.0,36787.49461003246,0.9996601796204473
926.0,1.9954556787570255,0.0,36780.04544321243,0.9994577566090335
927.0,1.207400826567664,0.0,36787.92599173432,0.9996719019493022
928.0,2.987705409456453,0.0,36770.12294590544,0.999188123530039
929.0,2.561771466952109,0.0,36774.38228533048,0.9993038664491979
930.0,1.8457524786625754,0.0,36781.54247521338,0.9994984368264505
931.0,1.8310105314689054,0.0,36781.68989468531,0.9995024427903617
932.0,1.2323478270526493,0.0,36787.676521729474,0.9996651228730835
933.0,1.1109882520037218,0.0,36788.89011747996,0.9996981010184772
934.0,0.07461062509412386,0.0,36799.25389374906,0.9999797253736158
935.0,1.8424143835107998,0.0,36781.57585616489,0.9994993439175243
936.0,1.8127050633389672,0.0,36781.87294936661,0.9995074171023536
937.0,1.8800679243951208,0.0,36781.19932075605,0.9994891119770666
938.0,1.848178712164895,0.0,36781.51821287835,0.9994977775238681
939.0,0.8405131779869635,0.0,36791.59486822013,0.9997715996798947
940.0,2.3277829341827783,0.0,36776.72217065817,0.9993674502896241
941.0,3.2725675355184194,0.0,36767.274324644815,0.9991107153436091
942.0,2.2221707600456284,0.0,36777.77829239954,0.9993961492499875
943.0,0.9004953974069849,0.0,36790.99504602593,0.999755300163748
944.0,0.32351535643226725,0.0,36796.764846435675,0.9999120882183608
945.0,2.2280958186898943,0.0,36777.7190418131,0.9993945391797038
946.0,4.45971081847631,0.0,36755.40289181524,0.9987881220601967
947.0,0.2739547740488888,0.0,36797.260452259514,0.9999255557679215
948.0,1.726433296396067,0.0,36782.73566703604,0.9995308605172837
949.0,0.0025163395964682422,0.0,36799.97483660404,0.9999993162120662
950.0,0.6451598978344464,0.0,36793.54840102165,0.999824684810371
951.0,1.3591410189031876,0.0,36786.40858981097,0.999630668201385
952.0,2.1572817365240553,0.0,36778.42718263476,0.9994137821368142
953.0,2.489651899469891,0.0,36775.1034810053,0.9993234641577527
954.0,0.36193278399832707,0.0,36796.38067216002,0.9999016487000005
955.0,1.3475132125360005,0.0,36786.52486787464,0.9996338279313761
956.0,2.4743989960099952,0.0,36775.2560100399,0.9993276089684755
957.0,1.0415643945857482,0.0,36789.58435605414,0.9997169661971234
958.0,3.1986207050351823,0.0,36768.01379294965,0.9991308095910231
959.0,2.9689624210977854,0.0,36770.31037578902,0.9991932167333973
960.0,1.0428499763214631,0.0,36789.57150023679,0.9997166168542605
961.0,0.9450759979185932,0.0,36790.54924002082,0.9997431858701309
962.0,0.0,0.0,36800.0,1.0
963.0,0.7409832842829474,0.0,36792.59016715717,0.9997986458466622
964.0,3.394680499804963,0.0,36766.05319500195,0.9990775324728791
965.0,2.8601493837226144,0.0,36771.398506162775,0.9992227854935537
966.0,0.3982393143759282,0.0,36796.01760685624,0.9998917827950066
967.0,0.887136222977233,0.0,36791.12863777023,0.999758930374191
968.0,0.7338970706608734,0.0,36792.66102929339,0.99980057144819
969.0,0.9099337726125896,0.0,36790.900662273874,0.999752735387877
970.0,2.094749181793759,0.0,36779.05250818206,0.9994307746788603
971.0,1.3937518103891762,0.0,36786.06248189611,0.9996212630950029
972.0,0.6107713771965564,0.0,36793.89228622804,0.9998340295170662
973.0,1.8707603959271637,0.0,36781.29239604073,0.9994916411967589
974.0,2.612580258985531,0.0,36773.87419741014,0.9992900597122322
975.0,2.993703466035754,0.0,36770.06296533964,0.9991864936233598
976.0,1.3071503310875414,0.0,36786.92849668913,0.9996447961056828
977.0,1.0389115830748779,0.0,36789.61088416925,0.9997176870698166
978.0,1.8296926241671372,0.0,36781.703073758326,0.9995028009173458
979.0,1.311342169006025,0.0,36786.88657830994,0.9996436570192918
980.0,2.565562845713316,0.0,36774.344371542866,0.99930283618323
981.0,4.004998875370575,0.0,36759.95001124629,0.9989116850882145
982.0,2.0355714201691626,0.0,36779.644285798306,0.9994468555923453
983.0,2.145190132649418,0.0,36778.548098673506,0.9994170678987365
984.0,2.503755401862236,0.0,36774.96244598138,0.9993196316842766
985.0,2.3341693911251014,0.0,36776.65830608875,0.9993657148393682
986.0,1.212691737737714,0.0,36787.873082622624,0.9996704642017017
987.0,0.47205369780840556,0.0,36795.279463021914,0.9998717245386389
988.0,0.8030593026819588,0.0,36791.96940697318,0.9997817773634016
989.0,0.8403152135661003,0.0,36791.59684786434,0.9997716534745745
990.0,2.984547568766857,0.0,36770.15452431233,0.9991889816389221
991.0,1.4775862773909694,0.0,36785.22413722609,0.9995984819898395
992.0,0.9647319262597875,0.0,36790.3526807374,0.9997378445852554
993.0,2.08128342965324,0.0,36779.187165703464,0.9994344338506376
994.0,0.6654570684262353,0.0,36793.34542931574,0.9998191692748842
995.0,0.2945988773344652,0.0,36797.05401122665,0.999919945957246
996.0,2.419608425232468,0.0,36775.803915747674,0.9993424977105346
997.0,4.269513214845233,0.0,36757.30486785155,0.9988398061916182
998.0,3.426871216432005,0.0,36765.73128783568,0.9990687849955349
999.0,0.6056024506274298,0.0,36793.94397549373,0.9998354341166773
1000.0,1.0126203661887985,0.0,36789.87379633811,0.9997248314222313
1001.0,2.5590999989699412,0.0,36774.4090000103,0.9993045923915843
1002.0,2.0576792359993306,0.0,36779.42320764001,0.9994408480336958
1003.0,3.011766574310286,0.0,36769.882334256894,0.9991815851700243
1004.0,2.1853951908411773,0.0,36778.146048091585,0.9994061426111843
1005.0,2.510106727904258,0.0,36774.89893272096,0.9993179057804608
1006.0,3.9799544958192428,0.0,36760.200455041806,0.998918490626136
1007.0,1.9883334321461916,0.0,36780.116665678535,0.9994596920021341
1008.0,2.218572956194407,0.0,36777.81427043806,0.9993971269140777
1009.0,2.899683518753477,0.0,36771.003164812464,0.9992120425220778
1010.0,2.0660824280708994,0.0,36779.33917571929,0.9994385645575893
1011.0,2.53128392776091,0.0,36774.68716072239,0.9993121511065867
1012.0,1.7011544047693405,0.0,36782.988455952305,0.9995377297813126
1013.0,3.171709405964293,0.0,36768.28290594036,0.9991381224440316
1014.0,2.1569404733014608,0.0,36778.43059526698,0.9994138748713853
1015.0,0.6646350076416638,0.0,36793.353649923585,0.999819392660967
1016.0,1.2296207157575054,0.0,36787.703792842425,0.9996658639359355
1017.0,1.8179210074083585,0.0,36781.820789925914,0.9995059997262477
1018.0,1.994443494231291,0.0,36780.055565057686,0.9994580316591762
1019.0,0.4003305463191964,0.0,36795.99669453681,0.9998912145254567
1020.0,2.717303768161173,0.0,36772.82696231839,0.9992616022369127
1021.0,0.9227619649448116,0.0,36790.77238035055,0.9997492494660476
1022.0,1.243068028678067,0.0,36787.56931971322,0.9996622097748158
1023.0,1.2539737500866295,0.0,36787.46026249913,0.9996592462635634
1024.0,1.81528441957812,0.0,36781.84715580422,0.9995067161903322
1025.0,1.7956951534335985,0.0,36782.04304846566,0.9995120393604799
1026.0,0.16823716420071833,0.0,36798.317628357996,0.9999542833792934
1027.0,0.3838805415630304,0.0,36796.16119458437,0.9998956846354448
1028.0,2.181774624828904,0.0,36778.182253751715,0.9994071264606444
1029.0,0.43820257315610434,0.0,36795.61797426844,0.9998809232138163
1030.0,0.0,0.0,36800.0,1.0
1031.0,0.0,0.0,36800.0,1.0
1032.0,0.4304792152875052,0.0,36795.69520784712,0.9998830219523674
1033.0,0.6849985120713882,0.0,36793.150014879284,0.9998138590999806
1034.0,0.8875158261243996,0.0,36791.124841738754,0.9997588272211618
1035.0,1.6721666494013334,0.0,36783.27833350599,0.9995456068887496
1036.0,3.2345420179374287,0.0,36767.65457982063,0.999121048364691
1037.0,1.736889836834962,0.0,36782.63110163165,0.9995280190660774
1038.0,1.3683232985056293,0.0,36786.31676701494,0.9996281730167104
1039.0,0.0,0.0,36800.0,1.0
1040.0,0.7695820335907229,0.0,36792.30417966409,0.9997908744473938
1041.0,0.23138944910806458,0.0,36797.68610550892,0.9999371224323076
1042.0,1.0925824679820835,0.0,36789.07417532018,0.9997031025902223
1043.0,3.211543712831599,0.0,36767.88456287168,0.9991272979041218
1044.0,4.152663414591643,0.0,36758.473365854086,0.9988715588547306
1045.0,3.710641798573988,0.0,36762.89358201426,0.9989916734243005
1046.0,1.853685591539488,0.0,36781.463144084606,0.9994962810892556
1047.0,0.16444057775879628,0.0,36798.35559422241,0.9999553150603916
1048.0,0.8371934357469399,0.0,36791.62806564253,0.9997725017837644
1049.0,1.5816432087253816,0.0,36784.18356791275,0.9995702056498029
1050.0,0.9160950472542027,0.0,36790.83904952746,0.9997510611284636
1051.0,3.550604982805453,0.0,36764.49395017195,0.9990351616894552
1052.0,2.0597242209291835,0.0,36779.40275779071,0.9994402923312693
1053.0,2.2194992108506995,0.0,36777.8050078915,0.9993968752144429
1054.0,2.897045208705549,0.0,36771.02954791294,0.999212759454156
1055.0,1.8001659819460656,0.0,36781.99834018054,0.9995108244614276
1056.0,0.9086840792856492,0.0,36790.91315920714,0.999753074978455
1057.0,1.4336666050114673,0.0,36785.66333394989,0.9996104166834209
1058.0,2.4165235911884793,0.0,36775.83476408812,0.9993433359806554
1059.0,0.6270710505045827,0.0,36793.72928949496,0.9998296002580151
1060.0,1.2247248698679414,0.0,36787.75275130132,0.9996671943288402
1061.0,2.903579505854168,0.0,36770.96420494146,0.999210983829931
1062.0,2.0130865987646303,0.0,36779.869134012355,0.9994529655981618
1063.0,1.1195259321041249,0.0,36788.804740678956,0.9996957809967107
1064.0,3.2027532389338376,0.0,36767.97246761066,0.999129686619855
1065.0,1.7875169527958406,0.0,36782.12483047204,0.9995142616976098
1066.0,0.531828876200052,0.0,36794.681711238,0.9998554812836413
1067.0,2.261024888142174,0.0,36777.38975111858,0.9993855910630048
1068.0,2.609683411368451,0.0,36773.90316588632,0.9992908468990847
1069.0,2.794763238424821,0.0,36772.05236761575,0.9992405534678194
1070.0,0.8484158444189234,0.0,36791.51584155581,0.9997694522161905
1071.0,3.153320521282012,0.0,36768.46679478718,0.9991431194235646
1072.0,1.7805293141852871,0.0,36782.19470685815,0.9995161605124497
1073.0,0.4259767783071311,0.0,36795.74023221693,0.9998842454406774
1074.0,2.1803171547755937,0.0,36778.196828452245,0.9994075225122893
1075.0,1.825569038156118,0.0,36781.744309618436,0.9995039214570227
1076.0,1.6699997287848873,0.0,36783.30000271215,0.9995461957258737
1077.0,1.5208411232936214,0.0,36784.79158876706,0.9995867279556266
1078.0,2.512158221569507,0.0,36774.878417784304,0.9993173483093561
1079.0,2.7410076191724784,0.0,36772.58992380828,0.999255160973051
1080.0,1.1825230153231132,0.0,36788.174769846766,0.999678662224097
1081.0,1.4034144544407354,0.0,36785.96585545559,0.9996186373765107
1082.0,2.770563063456393,0.0,36772.29436936544,0.9992471296023216
1083.0,1.0543279592270665,0.0,36789.45672040773,0.9997134978371667
1084.0,1.028995705379657,0.0,36789.7100429462,0.9997203816017989
1085.0,3.7300274052481655,0.0,36762.69972594752,0.9989864055964
1086.0,3.431227870130215,0.0,36765.687721298695,0.9990676011222471
1087.0,5.221806906189386,0.0,36747.78193093811,0.9985810307320138
1088.0,4.449290613692028,0.0,36755.50709386308,0.9987909536375837
1089.0,2.210834863695254,0.0,36777.89165136305,0.9993992296566045
1090.0,1.123188895599469,0.0,36788.768111044,0.9996947856261957
1091.0,0.07345200516965633,0.0,36799.265479948306,0.9999800402159866
1092.0,2.851976927309124,0.0,36771.480230726906,0.9992250062697529
1093.0,2.242287902081216,0.0,36777.577120979186,0.999390682635304
1094.0,2.742924171840741,0.0,36772.570758281596,0.9992546401706955
1095.0,3.595024539104543,0.0,36764.049754608954,0.999023091157852
1096.0,1.624034641368553,0.0,36783.75965358631,0.9995586862387584
1097.0,0.9813812010602305,0.0,36790.1861879894,0.9997333203257989
1098.0,1.513530821895074,0.0,36784.86469178105,0.999588714450572
1099.0,1.7541525815022396,0.0,36782.458474184976,0.9995233281028526
1100.0,0.8075340279413012,0.0,36791.924659720586,0.9997805614054507
1101.0,2.4524016665807267,0.0,36775.475983334196,0.9993335865036467
1102.0,1.6770693518860753,0.0,36783.22930648114,0.9995442746326396
1103.0,2.217592893759047,0.0,36777.82407106241,0.9993973932353916
1104.0,4.03623782382715,0.0,36759.63762176173,0.9989031962435252
1105.0,2.0061228854306137,0.0,36779.938771145695,0.9994548579115677
1106.0,3.241479142730441,0.0,36767.585208572695,0.9991191632764319
1107.0,3.9184703497605824,0.0,36760.81529650239,0.9989351982745215
1108.0,2.014232379100349,0.0,36779.857676208994,0.9994526542448097
1109.0,2.6601309101706647,0.0,36773.39869089829,0.9992771383396275
1110.0,1.655193283744211,0.0,36783.44806716256,0.9995502192163739
1111.0,1.1416573090436941,0.0,36788.583426909565,0.999689767035586
1112.0,1.2497180431369088,0.0,36787.50281956863,0.9996604027056694
1113.0,1.9761358787325207,0.0,36780.23864121267,0.9994630065546922
1114.0,3.7778015902758852,0.0,36762.22198409724,0.9989734234809032
1115.0,4.035303815339603,0.0,36759.64696184661,0.9989034500501796
1116.0,3.172274906159373,0.0,36768.27725093841,0.9991379687755002
1117.0,0.969932783814329,0.0,36790.30067216186,0.9997364313087461
1118.0,2.6585295764441526,0.0,36773.41470423556,0.999277573484662
1119.0,2.9421766890993695,0.0,36770.57823310901,0.9992004954649187
1120.0,4.086301409828138,0.0,36759.13698590172,0.9988895920081989
1121.0,2.0905520692354003,0.0,36779.09447930765,0.9994319151985774
1122.0,3.4892252228301004,0.0,36765.1077477717,0.999051840972057
1123.0,3.074630176029359,0.0,36769.25369823971,0.9991645026695573
1124.0,1.8020078609711163,0.0,36781.97992139029,0.9995103239508231
1125.0,1.588042092145315,0.0,36784.11957907855,0.9995684668227867
1126.0,0.5834853169233156,0.0,36794.16514683077,0.9998414442073579
1127.0,1.6122709134633624,0.0,36783.87729086536,0.9995618829039501
1128.0,1.102695217463861,0.0,36788.97304782536,0.9997003545604718
1129.0,0.706003961517581,0.0,36792.93996038482,0.9998081510974136
1130.0,1.2977180475866135,0.0,36787.022819524136,0.9996473592261994
1131.0,1.1371893064444976,0.0,36788.628106935554,0.999690981166727
1132.0,1.1571568738722817,0.0,36788.42843126128,0.9996855551973174
1133.0,0.41314478280173716,0.0,36795.86855217198,0.9998877323959777
1134.0,0.0,0.0,36800.0,1.0
1135.0,0.0,0.0,36800.0,1.0
1136.0,0.7405100750115707,0.0,36792.59489924988,0.9997987744361381
1137.0,2.69594464889542,0.0,36773.04055351105,0.9992674063454089
1138.0,0.568130378478827,0.0,36794.31869621521,0.9998456167449785
1139.0,1.9323477658108459,0.0,36780.67652234189,0.999474905498421
1140.0,5.075020570725428,0.0,36749.249794292744,0.9986209183231723
1141.0,1.8228390483482144,0.0,36781.771609516516,0.9995046633020792
1142.0,1.1837717419200544,0.0,36788.1622825808,0.9996783228962174
1143.0,0.01914146402168626,0.0,36799.80858535978,0.9999947985152114
1144.0,2.0130268548637105,0.0,36779.86973145136,0.9994529818329174
1145.0,0.9731038205513869,0.0,36790.268961794485,0.9997355696139806
1146.0,0.8477815004046079,0.0,36791.522184995956,0.9997696245922815
1147.0,3.665767888292976,0.0,36763.342321117074,0.9990038674216596
1148.0,0.49277226028061705,0.0,36795.072277397194,0.9998660944944889
1149.0,1.1136302117113246,0.0,36788.86369788289,0.9996973830946436
1150.0,1.8277003262269318,0.0,36781.72299673773,0.9995033423026557
1151.0,3.3714337671447083,0.0,36766.285662328555,0.9990838495197977
1152.0,1.160769957521552,0.0,36788.392300424784,0.9996845733811083
1153.0,1.647126214117634,0.0,36783.528737858825,0.9995524113548594
1154.0,3.2415742459600096,0.0,36767.5842575404,0.999119137433163
1155.0,1.0481543254043117,0.0,36789.51845674596,0.9997151754550532
1156.0,1.6070802378503686,0.0,36783.929197621495,0.9995632934136276
1157.0,2.0494262661659377,0.0,36779.50573733834,0.9994430906885419
1158.0,0.9599542510356969,0.0,36790.400457489646,0.9997391428665665
1159.0,1.8525920168754055,0.0,36781.47407983125,0.9994965782562839
1160.0,4.31558724893398,0.0,36756.84412751066,0.9988272860736592
1161.0,1.470994557261747,0.0,36785.29005442738,0.9996002732181353
1162.0,2.5548315804333015,0.0,36774.451684195665,0.9993057522879256
1163.0,2.517569732052152,0.0,36774.82430267948,0.9993158777902033
1164.0,0.30873663618149294,0.0,36796.91263363819,0.9999161041749508
1165.0,0.6600673631244263,0.0,36793.39932636876,0.9998206338687162
1166.0,2.1915977287310398,0.0,36778.08402271269,0.9994044571389318
1167.0,3.5787629452061083,0.0,36764.21237054794,0.9990275100692375
1168.0,0.5790718870180172,0.0,36794.20928112982,0.9998426435089626
1169.0,1.367681110027661,0.0,36786.323188899725,0.9996283475244491
1170.0,2.921064970776115,0.0,36770.78935029224,0.9992062323448978
1171.0,2.38310949706829,0.0,36776.16890502932,0.9993524158975359
1172.0,2.676589811476788,0.0,36773.23410188523,0.9992726658120987
1173.0,2.7175887996024812,0.0,36772.824112003975,0.9992615247827167
1174.0,1.049293286487,0.0,36789.50706713513,0.9997148659547589
1175.0,2.2107697402366284,0.0,36777.89230259763,0.9993992473531965
1176.0,2.1962034192820283,0.0,36778.037965807176,0.9994032055925863
1177.0,0.5014089030912601,0.0,36794.98591096909,0.9998637475806817
1178.0,0.08304491441140271,0.0,36799.169550855884,0.9999774334471707
1179.0,0.9188633779958764,0.0,36790.81136622004,0.9997503088646751
1180.0,1.1099120263152145,0.0,36788.900879736844,0.9996983934711099
1181.0,0.8920926529435746,0.0,36791.079073470566,0.9997575835182219
1182.0,0.02072129625639718,0.0,36799.79278703743,0.9999943692129737
1183.0,2.2609599555307796,0.0,36777.390400444696,0.9993856087077363
1184.0,2.8267199820093083,0.0,36771.7328001799,0.999231869570106
1185.0,0.898935874007293,0.0,36791.01064125993,0.9997557239472806
1186.0,1.0778362308913074,0.0,36789.22163769109,0.9997071097198665
1187.0,1.9055090673891755,0.0,36780.94490932611,0.999482198622992
1188.0,1.3671853715054567,0.0,36786.32814628495,0.999628482236004
1189.0,2.626777960264235,0.0,36773.73222039736,0.9992862016412326
1190.0,4.060661516708478,0.0,36759.39338483292,0.9988965593704597
1191.0,0.9779958493488721,0.0,36790.22004150651,0.999734240258329
1192.0,0.7058049179045156,0.0,36792.941950820954,0.999808205185352
1193.0,2.3376192611262923,0.0,36776.623807388736,0.9993647773746939
1194.0,2.8771004493178225,0.0,36771.22899550682,0.9992181792257288
1195.0,0.6071415953713313,0.0,36793.92858404628,0.9998350158708229
1196.0,0.4836637634291492,0.0,36795.16336236571,0.999868569629503
1197.0,0.7534390614450786,0.0,36792.46560938555,0.9997952611246074
1198.0,0.7722954467951695,0.0,36792.27704553205,0.9997901371068492
1199.0,1.6439909758951217,0.0,36783.56009024105,0.9995532633217677
1200.0,1.250312935733291,0.0,36787.496870642666,0.9996602410500725
1201.0,1.5910359422737201,0.0,36784.089640577266,0.9995676532765562
1202.0,0.533448984808274,0.0,36794.66551015191,0.9998550410367368
1203.0,2.441580609671064,0.0,36775.58419390329,0.9993365270082416
1204.0,3.3139174340790305,0.0,36766.86082565921,0.9990994789581308
1205.0,2.4640245206842337,0.0,36775.35975479316,0.9993304281193792
1206.0,0.2584643593452256,0.0,36797.41535640655,0.9999297651197432
1207.0,0.09929175051115635,0.0,36799.007082494885,0.9999730185460567
1208.0,1.6663775224169513,0.0,36783.336224775834,0.9995471800210824
1209.0,1.8712443372846792,0.0,36781.287556627154,0.9994915096909552
1210.0,3.5340329296341224,0.0,36764.65967070366,0.9990396649647734
1211.0,2.4599448055500943,0.0,36775.4005519445,0.9993315367376222
1212.0,3.3538533528410426,0.0,36766.46146647159,0.9990886268062933
1213.0,5.0816139057662895,0.0,36749.183860942336,0.9986191266560417
1214.0,1.9647240362223783,0.0,36780.352759637775,0.9994661075988526
1215.0,2.092454700237795,0.0,36779.075452997626,0.9994313981792833
1216.0,4.2603336844892965,0.0,36757.39666315511,0.9988423006292149
1217.0,1.498688786386083,0.0,36785.01311213614,0.9995927476123951
1218.0,0.23678531926725555,0.0,36797.63214680733,0.9999356561632426
1219.0,1.0420576712735965,0.0,36789.579423287265,0.9997168321545452
1220.0,1.662388685750102,0.0,36783.3761131425,0.9995482639440896
1221.0,0.48673291296245225,0.0,36795.13267087038,0.9998677356214777
1222.0,1.714424776640044,0.0,36782.8557522336,0.9995341237019999
1223.0,0.7994720533959025,0.0,36792.005279466044,0.9997827521594034
1224.0,0.22258595993389463,0.0,36797.77414040066,0.9999395146848005
1225.0,0.3590955996619414,0.0,36796.40904400338,0.999902419674005
1226.0,1.113112205095149,0.0,36788.86887794905,0.999697523857311
1227.0,0.804619441181103,0.0,36791.953805588186,0.9997813534127225
1228.0,2.0230379153533704,0.0,36779.76962084647,0.9994502614360453
1229.0,1.0099556393786315,0.0,36789.90044360622,0.9997255555327776
1230.0,1.5657786186945941,0.0,36784.342213813055,0.9995745166797025
1231.0,1.5443303066197132,0.0,36784.5566969338,0.9995803450253751
1232.0,3.481708583824229,0.0,36765.182914161756,0.9990538835370042
1233.0,2.0468117272043855,0.0,36779.531882727955,0.9994438011610858
1234.0,1.6660757063248184,0.0,36783.33924293675,0.9995472620363248
1235.0,2.4520411199221144,0.0,36775.47958880078,0.9993336844782821
1236.0,3.1167501847521635,0.0,36768.83249815248,0.999153057015013
1237.0,1.8332705377504226,0.0,36781.66729462249,0.9995018286582199
1238.0,1.7323532134557809,0.0,36782.67646786544,0.9995292518441696
1239.0,2.1012639594023312,0.0,36778.987360405976,0.9994290043588581
1240.0,2.190608272942427,0.0,36778.09391727058,0.9994047260127874
1241.0,1.0323193082369926,0.0,36789.67680691763,0.9997194784488487
1242.0,1.9453994796822371,0.0,36780.54600520318,0.9994713588370429
1243.0,1.5811810464808786,0.0,36784.18818953519,0.9995703312373693
1244.0,2.1941185680134367,0.0,36778.05881431987,0.9994037721282573
1245.0,1.2457024660061506,0.0,36787.54297533994,0.999661493895107
1246.0,1.5141347164324088,0.0,36784.858652835675,0.9995885503487956
1247.0,1.641326590664221,0.0,36783.586734093355,0.9995539873394933
1248.0,2.088938403941711,0.0,36779.110615960584,0.999432353694581
1249.0,1.7788563511514894,0.0,36782.211436488484,0.9995166151219697
1250.0,1.473565267159529,0.0,36785.264347328404,0.9995995746556632
1251.0,2.235871508225273,0.0,36777.64128491775,0.999392426220591
1252.0,1.0547355880801206,0.0,36789.4526441192,0.9997133870684565
1253.0,2.3106140991196753,0.0,36776.8938590088,0.9993721157339348
1254.0,1.875056888159179,0.0,36781.249431118405,0.9994904736716959
1255.0,0.7573590202412106,0.0,36792.42640979759,0.9997941959184128
1256.0,4.083156265086018,0.0,36759.16843734914,0.9988904466670961
1257.0,1.7432375094861072,0.0,36782.56762490514,0.9995262941550309
1258.0,1.1786148354674424,0.0,36788.21385164533,0.9996797242294926
1259.0,0.8971762357787156,0.0,36791.02823764221,0.9997562021098427
1260.0,0.4140459980801552,0.0,36795.8595400192,0.9998874875005217
1261.0,0.808066375717317,0.0,36791.91933624283,0.999780416745729
1262.0,1.9125004536342658,0.0,36780.87499546366,0.9994802987897733
1263.0,1.6489878555305495,0.0,36783.51012144469,0.9995519054740405
1264.0,1.6390418213961766,0.0,36783.60958178604,0.9995546082007076
1265.0,1.5406932790485826,0.0,36784.59306720951,0.9995813333480846
1266.0,2.085831852725505,0.0,36779.14168147274,0.9994331978661071
1267.0,2.837485992062284,0.0,36771.62514007938,0.9992289440238962
1268.0,1.3111143183148215,0.0,36786.888856816855,0.9996437189352406
1269.0,1.9849365706443223,0.0,36780.15063429355,0.9994606150623249
1270.0,2.366658113568292,0.0,36776.33341886432,0.9993568863821826
1271.0,2.0099340009771822,0.0,36779.90065999023,0.9994538222823431
1272.0,3.558293647194432,0.0,36764.41706352805,0.9990330723784797
1273.0,3.3134878554747047,0.0,36766.865121445255,0.9990995956914471
1274.0,2.4994919724445026,0.0,36775.00508027556,0.9993207902248793
1275.0,3.3020591559795776,0.0,36766.9794084402,0.9991027013163098
1276.0,2.522608471849935,0.0,36774.7739152815,0.999314508567432
1277.0,1.5436916026051222,0.0,36784.563083973946,0.9995805185862485
1278.0,2.975509582861605,0.0,36770.244904171384,0.9991914376133528
1279.0,1.378508897738584,0.0,36786.21491102262,0.999625405190832
1280.0,0.8658698683441344,0.0,36791.341301316555,0.9997647092749063
1281.0,1.1293403716692865,0.0,36788.70659628331,0.9996931140294377
1282.0,1.5715998105474682,0.0,36784.28400189453,0.9995729348340905
1283.0,1.8988500383029532,0.0,36781.01149961697,0.9994840081417655
1284.0,3.2370056743789064,0.0,36767.62994325621,0.9991203788928318
1285.0,1.1868490855461005,0.0,36788.131509144536,0.9996774866615363
1286.0,2.6980032203452993,0.0,36773.01996779655,0.9992668469509932
1287.0,1.3487486712615464,0.0,36786.51251328739,0.9996334922088964
1288.0,1.0732280670790715,0.0,36789.26771932921,0.9997083619382938
1289.0,2.49185567667314,0.0,36775.08144323327,0.9993228653052519
1290.0,1.3419890316970395,0.0,36786.58010968303,0.9996353290674738
1291.0,1.1489121216234253,0.0,36788.51087878377,0.9996877956191241
1292.0,3.201733139028647,0.0,36767.982668609715,0.9991299638209161
1293.0,2.658318811486879,0.0,36773.41681188513,0.9992776307577481
1294.0,1.2755450715449115,0.0,36787.24454928455,0.999653384491428
1295.0,1.7292173490864116,0.0,36782.70782650913,0.9995301039812264
1296.0,0.3797678891605756,0.0,36796.202321108394,0.9998968022040324
1297.0,2.1201441539071766,0.0,36778.79855846093,0.9994238738712209
1298.0,0.944170399587847,0.0,36790.55829600412,0.9997434319566337
1299.0,2.661331524116349,0.0,36773.386684758836,0.999276812085838
1300.0,1.7088325315335169,0.0,36782.91167468466,0.9995356433338224
1301.0,0.19986318700216543,0.0,36798.001368129975,0.999945689351358
1302.0,1.4822801920854545,0.0,36785.177198079145,0.999597206469542
1303.0,2.00373066726911,0.0,36779.96269332731,0.9994555079708508
1304.0,2.3391570098390275,0.0,36776.60842990161,0.9993643595081959
1305.0,2.212394169938534,0.0,36777.876058300615,0.999398805932082
1306.0,3.427861644565837,0.0,36765.721383554344,0.999068515857455
1307.0,2.6165023923074386,0.0,36773.83497607693,0.9992889939151339
1308.0,1.9394942984008594,0.0,36780.60505701599,0.9994729635058693
1309.0,1.858047645826673,0.0,36781.419523541736,0.9994950957484168
1310.0,2.8855839114794435,0.0,36771.144160885204,0.9992158739370979
1311.0,1.1798569947766282,0.0,36788.201430052235,0.999679386686202
1312.0,0.6090253783979733,0.0,36793.90974621602,0.9998345039732615
1313.0,2.0506828974919245,0.0,36779.49317102508,0.9994427492126381
1314.0,2.6887083622775663,0.0,36773.11291637723,0.999269372727642
1315.0,2.1408543176487456,0.0,36778.59145682351,0.9994182461093345
1316.0,1.9161842046460151,0.0,36780.83815795354,0.9994792977704767
1317.0,1.2011029673010398,0.0,36787.98897032699,0.9996736133241029
1318.0,1.9803107341761006,0.0,36780.19689265824,0.9994618720831043
1319.0,1.461610835714282,0.0,36785.38389164286,0.999602823142469
1320.0,2.849552486985658,0.0,36771.50447513015,0.9992256650850583
1321.0,3.6190769549132256,0.0,36763.80923045087,0.9990165551752953
1322.0,1.1671121236868203,0.0,36788.32887876313,0.9996828499663895
1323.0,2.172527747906088,0.0,36778.27472252094,0.9994096391989385
1324.0,1.4080828333419504,0.0,36785.91917166658,0.9996173687952875
1325.0,0.8587811075844911,0.0,36791.41218892416,0.9997666355685912
1326.0,0.7622928161372329,0.0,36792.37707183863,0.9997928552130062
1327.0,0.23907394044704233,0.0,36797.60926059553,0.9999350342553133
1328.0,0.7253977509412834,0.0,36792.74602249059,0.9998028810459398
1329.0,2.1221211342517563,0.0,36778.77878865748,0.9994233366483011
1330.0,2.617749436261647,0.0,36773.822505637385,0.9992886550444942
1331.0,0.690194218946317,0.0,36793.09805781054,0.9998124472231125
1332.0,0.8545395965168154,0.0,36791.45460403483,0.9997677881531204
1333.0,0.4787632607906289,0.0,36795.212367392094,0.9998699012878286
1334.0,1.6057428279243595,0.0,36783.942571720756,0.999563656840238
1335.0,0.9203766565738078,0.0,36790.79623343426,0.9997498976476701
1336.0,0.8491099565110289,0.0,36791.50890043489,0.9997692635987743
1337.0,1.2842290918558774,0.0,36787.15770908144,0.9996510247032999
1338.0,3.6414593465080998,0.0,36763.58540653492,0.9990104730036663
1339.0,2.7511550012468433,0.0,36772.48844998753,0.99925240353227
1340.0,1.4642508530371288,0.0,36785.35749146963,0.9996021057464574
1341.0,0.5184842969435977,0.0,36794.81515703056,0.9998591075280044
1342.0,2.1030433594935403,0.0,36778.96956640507,0.9994285208262247
1343.0,2.402326366347779,0.0,36775.976736336524,0.9993471939221882
1344.0,1.0506728016598572,0.0,36789.4932719834,0.9997144910865056
1345.0,0.9593358593049288,0.0,36790.40664140695,0.9997393109077977
1346.0,1.5183427170434243,0.0,36784.816572829564,0.9995874068703686
1347.0,2.8790802856447044,0.0,36771.20919714355,0.999217641226727
1348.0,1.5471756714705407,0.0,36784.5282432853,0.9995795718284048
1349.0,1.7928598588532623,0.0,36782.071401411464,0.9995128098209637
1350.0,0.2730323993530419,0.0,36797.26967600647,0.9999258064132194
1351.0,0.7032604717373943,0.0,36792.96739528263,0.999808896610941
1352.0,0.2981122000655887,0.0,36797.01887799935,0.9999189912499823
1353.0,0.0,0.0,36800.0,1.0
1354.0,0.8094996592342341,0.0,36791.90500340766,0.9997800272665124
1355.0,0.21724529556081507,0.0,36797.82754704439,0.9999409659522932
1356.0,3.148558935521123,0.0,36768.51441064479,0.9991444133327388
1357.0,0.8651193739633527,0.0,36791.348806260365,0.9997649132135968
1358.0,3.05830017237804,0.0,36769.41699827622,0.9991689401705494
1359.0,2.084751709729744,0.0,36779.152482902704,0.9994334913832257
1360.0,2.267566696032418,0.0,36777.32433303967,0.9993838133978172
1361.0,1.886481156299169,0.0,36781.13518843701,0.9994873692510057
1362.0,2.306400779136311,0.0,36776.93599220864,0.9993732606578434
1363.0,0.38050214847930874,0.0,36796.19497851521,0.9998966026770437
1364.0,0.5246608539773661,0.0,36794.753391460225,0.9998574291157669
1365.0,0.6783332776719817,0.0,36793.21666722328,0.9998156703049804
1366.0,1.861160679774457,0.0,36781.38839320226,0.9994942498152788
1367.0,1.7842549674162456,0.0,36782.15745032584,0.9995151481066804
1368.0,0.3659712973674232,0.0,36796.34028702632,0.9999005512778892
1369.0,1.4613951521027957,0.0,36785.38604847897,0.999602881752146
1370.0,1.9204861200098549,0.0,36780.7951387999,0.9994781287717364
1371.0,2.3802512172189836,0.0,36776.19748782781,0.9993531926040167
1372.0,1.5806778107860282,0.0,36784.19322189214,0.9995704679861995
1373.0,2.6606739842443403,0.0,36773.39326015756,0.9992769907651511
1374.0,1.4638491611601694,0.0,36785.3615083884,0.9996022149018586
1375.0,2.6290792957752274,0.0,36773.70920704225,0.999285576278322
1376.0,1.3594449889806128,0.0,36786.4055501102,0.9996305856008206
1377.0,1.3605583459070658,0.0,36786.39441654093,0.9996302830581774
1378.0,0.931046187800348,0.0,36790.689538121995,0.9997469983185324
1379.0,1.4114763539134856,0.0,36785.88523646087,0.9996164466429583
1380.0,2.280842575495626,0.0,36777.191574245044,0.9993802058218761
1381.0,0.39517760411513336,0.0,36796.048223958845,0.9998926147814904
1382.0,3.7784121771464925,0.0,36762.21587822853,0.998973257560558
1383.0,3.450872218273389,0.0,36765.491277817266,0.9990622629841648
1384.0,0.8679506314306309,0.0,36791.32049368569,0.9997641438501547
1385.0,1.8356047539984957,0.0,36781.643952460014,0.9995011943603265
1386.0,1.942888843543642,0.0,36780.57111156456,0.9994720410751239
1387.0,2.569782746876399,0.0,36774.302172531236,0.9993016894709574
1388.0,2.4711378252902705,0.0,36775.288621747095,0.9993284951561711
1389.0,1.0981805798512596,0.0,36789.01819420149,0.9997015813641709
1390.0,0.2822452708783203,0.0,36797.17754729122,0.9999233029155222
1391.0,0.7192349546037349,0.0,36792.807650453964,0.9998045557188577
1392.0,0.19303822339497856,0.0,36798.06961776605,0.999947543961034
1393.0,2.6525320961866328,0.0,36773.47467903813,0.9992792032347318
1394.0,2.720751396860578,0.0,36772.792486031394,0.9992606653812879
1395.0,2.4085437931792057,0.0,36775.91456206821,0.9993455044040275
1396.0,0.6730079115600347,0.0,36793.2699208844,0.999817117415337
1397.0,0.7378742435801087,0.0,36792.6212575642,0.9997994906946793
1398.0,2.022292674917253,0.0,36779.77707325083,0.9994504639470334
1399.0,1.6321180133709277,0.0,36783.67881986629,0.9995564896702797
1400.0,1.995034969199878,0.0,36780.049650308,0.9994578709322826
1401.0,1.0586367084197263,0.0,36789.41363291581,0.9997123269814078
1402.0,0.928947937877183,0.0,36790.71052062123,0.9997475684951421
1403.0,0.46941711647741613,0.0,36795.305828835226,0.9998724410009572
1404.0,1.2593060140820853,0.0,36787.40693985918,0.9996577972787821
1405.0,1.3956334979291114,0.0,36786.04366502071,0.9996207517668672
1406.0,3.4741936852835806,0.0,36765.258063147165,0.999055925628999
1407.0,2.020040314769858,0.0,36779.7995968523,0.9994510760014212
1408.0,3.1745925232028185,0.0,36768.254074767974,0.9991373389882602
1409.0,1.5562699716315365,0.0,36784.43730028369,0.9995771005511872
1410.0,1.8336152205829421,0.0,36781.663847794174,0.9995017349944069
1411.0,2.0889625300430907,0.0,36779.11037469957,0.9994323471385753
1412.0,2.703518196696905,0.0,36772.96481803303,0.999265348316115
1413.0,1.7905528386540936,0.0,36782.09447161346,0.9995134367286267
1414.0,0.8157548057201893,0.0,36791.8424519428,0.9997783274984456
1415.0,2.2391972393274955,0.0,36777.60802760672,0.9993915224893131
1416.0,0.5128989615502633,0.0,36794.8710103845,0.9998606252821876
1417.0,3.1442854482720577,0.0,36768.557145517276,0.9991455746064477
1418.0,4.343127669135583,0.0,36756.56872330864,0.9988198022638218
1419.0,1.5923473084837951,0.0,36784.07652691516,0.9995672969270424
1420.0,2.642848763262691,0.0,36773.57151236737,0.9992818345752004
1421.0,0.0,0.0,36800.0,1.0
1422.0,0.9576435820031293,0.0,36790.42356417997,0.99973977076576
1423.0,4.515376169900264,0.0,36754.846238301,0.9987729956060054
1424.0,1.7018956832685035,0.0,36782.98104316732,0.999537528346938
1425.0,2.1357893371616683,0.0,36778.64210662838,0.9994196224627278
1426.0,1.7054183897730582,0.0,36782.94581610227,0.9995365710897356
1427.0,0.0,0.0,36800.0,1.0
1428.0,0.0,0.0,36800.0,1.0
1429.0,0.0,0.0,36800.0,1.0
1430.0,0.32960769079249985,0.0,36796.70392309208,0.9999104326927195
1431.0,4.065002699714114,0.0,36759.349973002856,0.9988953797011646
1432.0,3.305209895006783,0.0,36766.947901049934,0.9991018451372264
1433.0,1.3646819911325565,0.0,36786.35318008868,0.9996291625024097
1434.0,1.7800416876109466,0.0,36782.19958312389,0.9995162930196709
1435.0,4.219350773636052,0.0,36757.80649226364,0.9988534372897728
1436.0,4.120681830146395,0.0,36758.79318169854,0.9988802495026776
1437.0,0.8462872813720423,0.0,36791.53712718628,0.999770030630062
1438.0,0.0,0.0,36800.0,1.0
1439.0,0.9897696017226281,0.0,36790.10230398277,0.999731040869097
1440.0,3.288531432235459,0.0,36767.11468567765,0.999106377328197
1441.0,2.402690427264588,0.0,36775.97309572736,0.9993470949925912
1442.0,2.0111513268111594,0.0,36779.888486731885,0.9994534914872795
1443.0,2.195325681690292,0.0,36778.0467431831,0.9994034441082363
1444.0,1.7405042711666283,0.0,36782.59495728833,0.9995270368828352
1445.0,3.514936666353833,0.0,36764.850633336464,0.9990448541667517
1446.0,1.8827164303118025,0.0,36781.17283569688,0.9994883922743718
1447.0,0.276913695263147,0.0,36797.23086304737,0.9999247517132438
1448.0,2.5045194666934094,0.0,36774.954805333065,0.9993194240579637
1449.0,2.227501355011327,0.0,36777.72498644989,0.9993947007187469
1450.0,0.7320060031413504,0.0,36792.679939968584,0.9998010853252333
1451.0,0.811020526417451,0.0,36791.88979473583,0.9997796139873866
1452.0,2.4209020690395846,0.0,36775.790979309604,0.9993421461768914
1453.0,1.042374377997703,0.0,36789.576256220025,0.9997167460929355
1454.0,0.7798496863197215,0.0,36792.20150313681,0.9997880843243697
1455.0,0.3493524232164873,0.0,36796.506475767834,0.9999050672762998
1456.0,0.873019139798771,0.0,36791.26980860201,0.9997627665380981
1457.0,0.0,0.0,36800.0,1.0
1458.0,1.731490087569,0.0,36782.68509912431,0.9995294863892477
1459.0,0.27147021382256753,0.0,36797.285297861774,0.9999262309201569
1460.0,0.9657883661898268,0.0,36790.3421163381,0.9997375575091875
1461.0,0.3673840502274288,0.0,36796.32615949772,0.9999001673776555
1462.0,2.4447103745487766,0.0,36775.552896254514,0.9993356765286553
1463.0,2.222755599648508,0.0,36777.772444003516,0.9993959903261825
1464.0,2.48200692994601,0.0,36775.17993070054,0.9993255415951234
1465.0,2.1920823938503418,0.0,36778.079176061496,0.9994043254364536
1466.0,0.3395864798862931,0.0,36796.60413520114,0.9999077210652483
1467.0,0.0,0.0,36800.0,1.0
1468.0,1.5627700303102756,0.0,36784.3722996969,0.9995753342308941
1469.0,3.845270113990864,0.0,36761.54729886009,0.9989550896429372
1470.0,2.8570017498389007,0.0,36771.42998250161,0.9992236408288482
1471.0,3.924093593376938,0.0,36760.75906406623,0.9989336702191911
1472.0,2.564158734434386,0.0,36774.35841265565,0.9993032177352079
1473.0,2.7929532233954433,0.0,36772.07046776605,0.9992410453197296
1474.0,3.856706228240455,0.0,36761.432937717596,0.9989519820031956
1475.0,1.8650329949437037,0.0,36781.349670050564,0.9994931975557219
1476.0,2.738526993010737,0.0,36772.614730069894,0.9992558350562472
1477.0,1.7649543622794681,0.0,36782.35045637721,0.9995203928363372
1478.0,1.8460144918606147,0.0,36781.53985508139,0.9994983656272117
1479.0,2.013707819045976,0.0,36779.86292180954,0.9994527967883027
1480.0,1.7963552151888962,0.0,36782.03644784811,0.9995118599958727
1481.0,1.5896910784567808,0.0,36784.10308921543,0.9995680187286802
1482.0,1.6138565824921898,0.0,36783.86143417508,0.9995614520156272
1483.0,1.4281639596938476,0.0,36785.71836040306,0.9996119119674745
1484.0,1.235551147678052,0.0,36787.64448852322,0.9996642524055223
1485.0,2.3245316453824216,0.0,36776.754683546176,0.9993683337920156
1486.0,3.1040632166311752,0.0,36768.95936783369,0.999156504560698
1487.0,0.3461456178813478,0.0,36796.53854382119,0.9999059386907931
1488.0,1.6102134322964048,0.0,36783.897865677034,0.9995624420020933
1489.0,2.5362064063999696,0.0,36774.637935936,0.9993108134765217
1490.0,1.8864265418430932,0.0,36781.13573458157,0.9994873840918905
1491.0,2.0746453449689852,0.0,36779.25354655031,0.9994362376779975
1492.0,1.831301649892339,0.0,36781.68698350107,0.9995023636820943
1493.0,4.423552020628904,0.0,36755.76447979371,0.9987979478204813
1494.0,4.579852986417791,0.0,36754.20147013582,0.9987554747319516
1495.0,4.7978506407068835,0.0,36752.02149359293,0.9986962362389383
1496.0,3.2991086924380397,0.0,36767.00891307562,0.999103503072707
1497.0,3.737369641805344,0.0,36762.62630358194,0.9989844104234223
1498.0,2.7054841412743826,0.0,36772.94515858726,0.999264814092045
1499.0,3.45752747365691,0.0,36765.42472526343,0.9990604544908541
1500.0,3.0336562976935966,0.0,36769.66343702306,0.9991756368756266
1501.0,1.8863502555850573,0.0,36781.13649744415,0.9994874048218519
1502.0,1.6816818279753534,0.0,36783.18318172025,0.999543021242398
1503.0,2.4616392026641734,0.0,36775.38360797336,0.9993310763036239
1504.0,1.7461591612470784,0.0,36782.53840838753,0.9995255002279221
1505.0,2.8396857665811694,0.0,36771.60314233419,0.9992283462590813
1506.0,1.1159655840231153,0.0,36788.84034415977,0.9996967484826025
1507.0,1.9279328942354823,0.0,36780.72067105764,0.9994761051917838
1508.0,1.7461191115833117,0.0,36782.538808884165,0.9995255111109828
1509.0,1.843862580735049,0.0,36781.56137419265,0.9994989503856698
1510.0,1.6868715129694465,0.0,36783.13128487031,0.9995416110019105
1511.0,0.179326729532022,0.0,36798.20673270468,0.9999512699104534
1512.0,0.9465835520506971,0.0,36790.53416447949,0.9997427762086818
1513.0,2.648670077165889,0.0,36773.51329922834,0.9992802526964223
1514.0,1.937729622770803,0.0,36780.62270377229,0.9994734430372906
1515.0,3.7603939680091116,0.0,36762.39606031991,0.998978153813041
1516.0,1.1531142580258802,0.0,36788.46885741974,0.9996866537342322
1517.0,2.375178517392442,0.0,36776.248214826075,0.9993545710550564
1518.0,2.14997959634411,0.0,36778.50020403656,0.999415766414037
1519.0,1.3393163185478443,0.0,36786.60683681452,0.9996360553482206
1520.0,1.7844505525818022,0.0,36782.15549447418,0.9995150949585375
1521.0,2.948828719976518,0.0,36770.51171280023,0.9991986878478324
1522.0,1.9614797911131063,0.0,36780.385202088866,0.9994669891871975
1523.0,1.9623218570634435,0.0,36780.37678142937,0.9994667603649284
1524.0,0.7996759801940243,0.0,36792.00324019806,0.9997826967445124
1525.0,1.6415302942205017,0.0,36783.5846970578,0.9995539319852663
1526.0,3.077507013813147,0.0,36769.22492986187,0.9991637209201595
1527.0,0.5573809676382098,0.0,36794.42619032362,0.9998485377805331
1528.0,0.0,0.0,36800.0,1.0
1529.0,2.1673733411544163,0.0,36778.326266588454,0.9994110398529471
1530.0,2.550733490279754,0.0,36774.492665097205,0.9993068658993806
1531.0,0.49754811415232325,0.0,36795.024518858474,0.9998647967081107
1532.0,2.1546358115565454,0.0,36778.45364188444,0.999414501138164
1533.0,3.731498541109886,0.0,36762.685014588904,0.9989860058312202
1534.0,1.0860868330673838,0.0,36789.139131669326,0.9997048677084056
1535.0,0.8289532871383472,0.0,36791.710467128614,0.999774740954582
1536.0,2.1307983784702174,0.0,36778.6920162153,0.9994209787015026
1537.0,2.1187031006004418,0.0,36778.812968993996,0.9994242654617934
1538.0,0.9120644574736616,0.0,36790.87935542526,0.9997521563974257
1539.0,0.9845083479187906,0.0,36790.15491652081,0.9997324705576308
1540.0,2.6950445339073212,0.0,36773.04955466092,0.999267650941873
1541.0,0.21963952598434844,0.0,36797.803604740155,0.9999403153461999
1542.0,0.9530269348576894,0.0,36790.46973065142,0.9997410252894408
1543.0,0.5071180231270773,0.0,36794.92881976873,0.9998621961893676
1544.0,1.3109712001839853,0.0,36786.89028799816,0.999643757826037
1545.0,0.8885053407759642,0.0,36791.11494659224,0.9997585583313109
1546.0,3.0413531217618583,0.0,36769.58646878238,0.9991735453473473
1547.0,3.4771889398166422,0.0,36765.228110601834,0.9990551117011368
1548.0,2.8025770206074867,0.0,36771.97422979392,0.9992384301574435
1549.0,4.084617629707054,0.0,36759.15382370293,0.9988900495571449
1550.0,0.9106158708086696,0.0,36790.893841291916,0.9997525500351064
1551.0,0.8679487532087933,0.0,36791.320512467915,0.9997641443605412
1552.0,2.0137704270703125,0.0,36779.8622957293,0.9994527797752526
1553.0,1.81561704618548,0.0,36781.84382953814,0.9995066258026669
1554.0,2.5755426885357338,0.0,36774.24457311464,0.9993001242694196
1555.0,3.533019127189391,0.0,36764.669808728104,0.999039940454568
1556.0,3.615059532258101,0.0,36763.84940467742,0.9990176468662343
1557.0,1.2878404476434753,0.0,36787.12159552357,0.9996500433566187
1558.0,2.8732178420168566,0.0,36771.26782157983,0.9992192342820606
1559.0,1.2161977572764044,0.0,36787.83802242723,0.9996695114790008
1560.0,0.5519176864083875,0.0,36794.48082313591,0.9998500223678237
1561.0,0.6781466657807869,0.0,36793.218533342195,0.9998157210147336
1562.0,1.4203911243942002,0.0,36785.796088756055,0.9996140241509798
1563.0,3.1515458706674053,0.0,36768.48454129333,0.9991436016655796
1564.0,1.5345658087294396,0.0,36784.654341912705,0.9995829984215409
1565.0,1.5302662427200175,0.0,36784.6973375728,0.9995841667818695
1566.0,1.446656640516494,0.0,36785.533433594836,0.9996068867824683
1567.0,2.391650375631798,0.0,36776.08349624368,0.9993500950066216
1568.0,3.2945156313912776,0.0,36767.054843686084,0.9991047511871218
1569.0,3.1289617055192593,0.0,36768.71038294481,0.9991497386669785
1570.0,2.480259530340618,0.0,36775.19740469659,0.9993260164319726
1571.0,2.5302376787642515,0.0,36774.697623212356,0.9993124354133792
1572.0,0.5891942641806054,0.0,36794.10805735819,0.9998398928629944
1573.0,2.8847547727966685,0.0,36771.152452272036,0.9992160992465227
1574.0,3.6486772973410098,0.0,36763.51322702659,0.9990085116039834
1575.0,1.579210868541395,0.0,36784.20789131459,0.9995708666118095
1576.0,3.423657694829217,0.0,36765.76342305171,0.9990696582351007
1577.0,2.146446044170716,0.0,36778.535539558296,0.999416726618432
1578.0,1.2379288979238936,0.0,36787.62071102076,0.9996636062777381
1579.0,2.0156180569215394,0.0,36779.84381943078,0.9994522777019235
1580.0,1.663289062072181,0.0,36783.36710937928,0.9995480192766109
1581.0,1.0896407174698197,0.0,36789.103592825304,0.9997039019789484
1582.0,1.239652407117319,0.0,36787.60347592883,0.9996631379328487
1583.0,1.653911093756733,0.0,36783.46088906243,0.999550567637566
1584.0,0.9876518573232715,0.0,36790.12348142677,0.9997316163431187
1585.0,1.986543522480133,0.0,36780.1345647752,0.9994601783906305
1586.0,2.9128050002864256,0.0,36770.871949997134,0.999208476902096
1587.0,2.6787039292273676,0.0,36773.21296070773,0.9992720913235796
1588.0,1.2301744748770034,0.0,36787.69825525123,0.9996657134579138
1589.0,1.207011234424499,0.0,36787.92988765576,0.9996720078167326
1590.0,1.33670042301992,0.0,36786.6329957698,0.9996367661893968
1591.0,3.387942237124207,0.0,36766.12057762876,0.9990793635225207
1592.0,2.2878384931091205,0.0,36777.12161506891,0.9993783047573073
1593.0,0.0,0.0,36800.0,1.0
1594.0,0.33484344134717503,0.0,36796.65156558653,0.9999090099344166
1595.0,1.1416498569712985,0.0,36788.58350143029,0.9996897690606056
1596.0,3.0384683163722457,0.0,36769.61531683628,0.9991743292618555
1597.0,2.617412467424174,0.0,36773.82587532576,0.9992887466121131
1598.0,2.2611565003696796,0.0,36777.388434996305,0.9993855552988127
1599.0,3.320432149100725,0.0,36766.79567850899,0.9990977086551357
1600.0,2.2995371456415796,0.0,36777.00462854358,0.9993751257756408
1601.0,1.0083905615417734,0.0,36789.916094384585,0.9997259808256681
1602.0,1.8678306372910356,0.0,36781.32169362709,0.9994924373268231
1603.0,1.1355899142217822,0.0,36788.64410085778,0.9996914157841789
1604.0,1.7163736714835522,0.0,36782.836263285164,0.9995335941110098
1605.0,1.3403263337763747,0.0,36786.596736662235,0.9996357808875608
1606.0,2.74751027241291,0.0,36772.52489727587,0.9992533939477138
1607.0,0.20642382107075719,0.0,36797.93576178929,0.9999439065703611
1608.0,0.9536908178276917,0.0,36790.46309182172,0.9997408448864599
1609.0,0.6832816874891705,0.0,36793.16718312511,0.9998143256283997
1610.0,0.3658580736091608,0.0,36796.34141926391,0.9999005820452149
1611.0,1.583900008825367,0.0,36784.16099991175,0.9995695923889063
1612.0,4.008982573406456,0.0,36759.91017426593,0.9989106025615743
1613.0,2.5009451275129777,0.0,36774.99054872487,0.9993203953457844
1614.0,1.8008046869042573,0.0,36781.99195313096,0.9995106509002978
1615.0,0.9587584784717365,0.0,36790.41241521528,0.9997394678047631
1616.0,1.163283621001483,0.0,36788.36716378998,0.99968389032038
1617.0,0.09785491159209414,0.0,36799.02145088408,0.9999734089914152
1618.0,0.903461061422604,0.0,36790.965389385776,0.9997544942767874
1619.0,0.0,0.0,36800.0,1.0
1620.0,0.0,0.0,36800.0,1.0
1621.0,0.3561855914094849,0.0,36796.43814408591,0.999903210437117
1622.0,2.7730844586521926,0.0,36772.26915541348,0.9992464444405837
1623.0,3.628830353092326,0.0,36763.71169646908,0.9990139047953555
1624.0,2.6503617634009515,0.0,36773.49638236599,0.9992797929990759
1625.0,1.4757826929919702,0.0,36785.24217307008,0.9995989720942957
1626.0,2.246825711296424,0.0,36777.53174288703,0.9993894495349738
1627.0,2.660214269922335,0.0,36773.39785730078,0.9992771156875211
1628.0,2.6750500026553254,0.0,36773.24949997345,0.9992730842384089
1629.0,2.903215867512472,0.0,36770.96784132488,0.9992110826446977
1630.0,1.9438158648652006,0.0,36780.56184135135,0.9994717891671563
1631.0,0.7194392796197917,0.0,36792.8056072038,0.9998045001957555
1632.0,0.44504714055506156,0.0,36795.54952859445,0.999879063277023
1633.0,1.6277284883346965,0.0,36783.72271511665,0.999557682475996
1634.0,4.413646598940659,0.0,36755.86353401059,0.9988006395111574
1635.0,3.515898522739917,0.0,36764.8410147726,0.9990445927927337
1636.0,0.10119836369403856,0.0,36798.98801636306,0.9999725004446484
1637.0,1.3019692251598372,0.0,36786.9803077484,0.9996462040149022
1638.0,1.2004764739995153,0.0,36787.99523526001,0.9996737835668481
1639.0,1.5051879769182506,0.0,36784.948120230816,0.9995909815280113
1640.0,3.360025932494409,0.0,36766.39974067506,0.9990869494748656
1641.0,2.4375531339126155,0.0,36775.62446866088,0.9993376214310021
1642.0,0.798254731933639,0.0,36792.017452680666,0.999783082953279
1643.0,1.321045377157816,0.0,36786.78954622842,0.9996410202779462
1644.0,1.4129297411732296,0.0,36785.87070258827,0.9996160517007682
1645.0,3.3738071427467275,0.0,36766.26192857253,0.9990832045807753
1646.0,1.6142497886448837,0.0,36783.85750211355,0.999561345166129
1647.0,1.5287032016005924,0.0,36784.71296798399,0.9995845915213042
1648.0,1.0842668356804097,0.0,36789.1573316432,0.999705362272913
1649.0,0.8920576441203139,0.0,36791.0794235588,0.999757593031489
1650.0,1.1106659472436604,0.0,36788.89334052756,0.9996981886012924
1651.0,1.43842977190684,0.0,36785.615702280935,0.9996091223445907
1652.0,0.7019133748422064,0.0,36792.98086625158,0.9998092626698799
1653.0,3.4364003850666904,0.0,36765.635996149336,0.9990661955475363
1654.0,0.4309003534781368,0.0,36795.690996465215,0.9998829075126417
1655.0,0.05416706057371812,0.0,36799.45832939426,0.9999852806900615
1656.0,1.5726453001022946,0.0,36784.27354699898,0.9995726507336679
1657.0,2.63064252890058,0.0,36773.693574711,0.9992851514867118
1658.0,2.750658620093418,0.0,36772.493413799064,0.9992525384184529
1659.0,0.0,0.0,36800.0,1.0
1660.0,0.7800186540353025,0.0,36792.19981345965,0.9997880384092296
1661.0,1.283870152810323,0.0,36787.161298471896,0.9996511222410841
1662.0,1.513646114883386,0.0,36784.86353885117,0.9995886831209556
1663.0,0.42791766916616325,0.0,36795.72082330834,0.999883718024683
1664.0,0.0,0.0,36800.0,1.0
1665.0,0.0,0.0,36800.0,1.0
1666.0,0.5336765713102523,0.0,36794.6632342869,0.9998549791925787
1667.0,1.0473943548713578,0.0,36789.52605645129,0.999715381968785
1668.0,2.0782373852880482,0.0,36779.21762614712,0.9994352615800847
1669.0,1.7087443646478278,0.0,36782.91255635352,0.9995356672922152
1670.0,1.3622995439752685,0.0,36786.37700456025,0.9996298099065285
1671.0,0.7043269229950511,0.0,36792.95673077005,0.9998086068144035
1672.0,2.8038215742092234,0.0,36771.96178425791,0.9992380919635302
1673.0,0.8241687240424653,0.0,36791.75831275957,0.9997760411075971
1674.0,1.5662500812536564,0.0,36784.337499187466,0.9995743885648768
1675.0,1.7487548080521265,0.0,36782.51245191948,0.9995247948891163
1676.0,2.982509527522325,0.0,36770.17490472478,0.9991895354544778
1677.0,2.4557811690015114,0.0,36775.442188309986,0.9993326681605974
1678.0,1.3166212093044578,0.0,36786.83378790696,0.9996422224974717
1679.0,1.621391319803024,0.0,36783.78608680197,0.9995594045326622
1680.0,1.275379556794178,0.0,36787.24620443206,0.9996534294682624
1681.0,0.10686098350629436,0.0,36798.93139016494,0.9999709616892646
1682.0,2.16734292254273,0.0,36778.326570774574,0.9994110481188743
1683.0,4.611628941165009,0.0,36753.88371058835,0.9987468399616399
1684.0,2.1310273725441675,0.0,36778.689726274555,0.9994209164748521
1685.0,1.1018846342003599,0.0,36788.981153657995,0.999700574827663
1686.0,1.5025413058697268,0.0,36784.9745869413,0.9995917007321006
1687.0,1.6067731541063495,0.0,36783.932268458935,0.9995633768602972
1688.0,1.8653626791171973,0.0,36781.34637320883,0.9994931079676311
1689.0,2.6657311452343038,0.0,36773.34268854766,0.9992756165366211
1690.0,2.677010797144021,0.0,36773.22989202856,0.9992725514138195
1691.0,2.4410343038318842,0.0,36775.58965696168,0.9993366754609153
1692.0,1.1592346014058421,0.0,36788.40765398594,0.999684990597444
1693.0,2.007830705727656,0.0,36779.92169294272,0.9994543938299653
1694.0,2.6504262031501185,0.0,36773.4957379685,0.9992797754882745
1695.0,4.632295602484419,0.0,36753.677043975156,0.998741224021064
1696.0,1.3137672403472607,0.0,36786.86232759653,0.9996429980325143
1697.0,1.4125836924838495,0.0,36785.87416307516,0.9996161457357381
1698.0,0.3143613911374814,0.0,36796.85638608863,0.99991457570893
1699.0,1.8790979109539876,0.0,36781.20902089046,0.9994893755676756
1700.0,1.2947719072094515,0.0,36787.05228092791,0.9996481598078235
1701.0,0.5177229747471301,0.0,36794.822770252526,0.999859314409036
1702.0,0.8978003441879991,0.0,36791.02199655812,0.9997560325151663
1703.0,0.4308088468076221,0.0,36795.691911531925,0.9998829323785849
1704.0,0.8172325412140253,0.0,36791.82767458786,0.9997779259398876
1705.0,1.1391813485745388,0.0,36788.608186514255,0.9996904398509309
1706.0,0.7205685578637713,0.0,36792.794314421364,0.9998041933266675
1707.0,1.4129500076276145,0.0,36785.87049992372,0.9996160461935795
1708.0,2.1869909253653077,0.0,36778.130090746345,0.9994057089876724
1709.0,2.7796887716244782,0.0,36772.20311228376,0.9992446497903195
1710.0,2.483230346620303,0.0,36775.1676965338,0.9993252091449402
1711.0,1.1948002688186534,0.0,36788.05199731181,0.999675326013908
1712.0,1.7098572298762065,0.0,36782.90142770124,0.9995353648831858
1713.0,2.180753852600219,0.0,36778.192461474,0.9994074038444021
1714.0,1.1330931614809288,0.0,36788.66906838519,0.9996920942495976
1715.0,3.0866458939251515,0.0,36769.13354106075,0.9991612375288247
1716.0,3.511244708135564,0.0,36764.88755291865,0.9990458574162676
1717.0,3.220830774564547,0.0,36767.79169225435,0.9991247742460422
1718.0,0.18847839585555448,0.0,36798.11521604144,0.9999487830446044
1719.0,1.3912357873759902,0.0,36786.08764212624,0.9996219467969086
1720.0,2.469985220724766,0.0,36775.300147792754,0.9993288083639336
1721.0,1.4905304731378237,0.0,36785.09469526862,0.9995949645453429
1722.0,1.497623298137114,0.0,36785.02376701863,0.9995930371472455
1723.0,2.022273315518305,0.0,36779.777266844816,0.9994504692077396
1724.0,0.9080131891066685,0.0,36790.91986810893,0.9997532572855689
1725.0,0.17778344832777293,0.0,36798.22216551672,0.9999516892803457
1726.0,1.1680585700353276,0.0,36788.31941429964,0.9996825927798816
1727.0,1.5898408166392528,0.0,36784.101591833605,0.9995679780389567
1728.0,2.403029136411078,0.0,36775.96970863589,0.9993470029520621
1729.0,2.4576042599803714,0.0,36775.4239574002,0.9993321727554402
1730.0,1.5564656526962608,0.0,36784.43534347304,0.9995770473769847
1731.0,3.540602792210848,0.0,36764.59397207789,0.9990378796760296
1732.0,3.4001744243164467,0.0,36765.99825575684,0.9990760395586097
1733.0,2.798126603208857,0.0,36772.01873396791,0.9992396395099976
1734.0,2.923292690692506,0.0,36770.76707309308,0.999205626986225
1735.0,1.0950832884648207,0.0,36789.04916711535,0.9997024230194389
1736.0,2.267336876102263,0.0,36777.326631238975,0.9993838758488852
1737.0,1.4665681676799522,0.0,36785.3343183232,0.9996014760413913
1738.0,2.0421886558915503,0.0,36779.578113441086,0.9994450574304643
1739.0,1.335232647533985,0.0,36786.64767352466,0.999637165041431
1740.0,0.5147573885026304,0.0,36794.85242611497,0.9998601202748634
1741.0,1.3001965991256839,0.0,36786.99803400874,0.9996466857067593
1742.0,0.5721814185351377,0.0,36794.27818581465,0.9998445159188764
1743.0,1.5913595938627623,0.0,36784.086404061374,0.9995675653277547
1744.0,1.852179540262341,0.0,36781.47820459738,0.99949669034232
1745.0,1.6869685178023701,0.0,36783.130314821974,0.9995415846419015
1746.0,3.6297838945670264,0.0,36763.70216105433,0.9990136456808242
1747.0,2.0175493943163474,0.0,36779.82450605684,0.9994517528819793
1748.0,1.8003948016078084,0.0,36781.99605198392,0.9995107622821718
1749.0,3.2567240868950194,0.0,36767.43275913105,0.9991150206285612
1750.0,1.6005568501736889,0.0,36783.994431498264,0.9995650660733224
1751.0,1.203462868930501,0.0,36787.965371310696,0.9996729720464863
1752.0,1.6421497860258114,0.0,36783.57850213974,0.9995537636451016
1753.0,0.36546646845772557,0.0,36796.345335315425,0.9999006884596583
1754.0,0.9120238696459637,0.0,36790.87976130354,0.9997521674267267
1755.0,3.2003824411606274,0.0,36767.99617558839,0.9991303308583802
1756.0,5.934107742481274,0.0,36740.65892257519,0.9983874707221518
1757.0,3.880798118168059,0.0,36761.19201881832,0.9989454352939762
1758.0,3.0976646881240413,0.0,36769.02335311876,0.9991582432912707
1759.0,0.0,0.0,36800.0,1.0
1760.0,0.3806385960413081,0.0,36796.193614039585,0.9998965655989017
1761.0,1.5758988652328298,0.0,36784.24101134767,0.9995717666127085
1762.0,2.552649751664376,0.0,36774.47350248336,0.9993063451761782
1763.0,3.1374172925654875,0.0,36768.62582707434,0.9991474409531071
1764.0,0.36346633664607,0.0,36796.36533663354,0.9999012319737376
1765.0,1.2571103728473645,0.0,36787.42889627153,0.999658393920422
1766.0,0.7953970700098125,0.0,36792.046029299905,0.9997838594918452
1767.0,1.7525746126364083,0.0,36782.47425387364,0.9995237568987402
1768.0,3.8947541088803064,0.0,36761.052458911196,0.9989416429051955
1769.0,3.127184433478533,0.0,36768.728155665216,0.9991502216213374
1770.0,1.8307472448557292,0.0,36781.692527551444,0.9995025143356371
1771.0,1.189286431032997,0.0,36788.10713568967,0.9996768243393933
1772.0,0.17197574054966935,0.0,36798.280242594505,0.9999532674618072
1773.0,1.6932545589754682,0.0,36783.067454410244,0.9995398764785393
1774.0,2.6994437399125673,0.0,36773.005562600876,0.9992664555054586
1775.0,4.5995243491152,0.0,36754.004756508846,0.9987501292529578
1776.0,4.642746486962551,0.0,36753.57253513038,0.9987383841068037
1777.0,2.360045794184316,0.0,36776.399542058156,0.9993586832081021
1778.0,0.9569316071172125,0.0,36790.430683928826,0.9997399642371964
1779.0,0.5956173157587727,0.0,36794.04382684241,0.9998381474685438
1780.0,1.6067499128319014,0.0,36783.932500871684,0.999563383175861
1781.0,1.6606257392359112,0.0,36783.393742607645,0.9995487430056426
1782.0,0.29909971548931935,0.0,36797.00900284511,0.9999187229033997
1783.0,0.9911682788567759,0.0,36790.08831721143,0.9997306607937889
1784.0,0.9243746743570682,0.0,36790.756253256426,0.9997488112297942
1785.0,1.4306358770099905,0.0,36785.6936412299,0.9996112402508124
1786.0,2.6139375754967205,0.0,36773.86062424503,0.9992896908762238
1787.0,3.994798585010358,0.0,36760.0520141499,0.9989144569062473
1788.0,2.320850208059028,0.0,36776.79149791941,0.9993693341825927
1789.0,1.6567542311404395,0.0,36783.4324576886,0.9995497950458858
1790.0,1.2551559641124186,0.0,36787.44844035887,0.999658925009752
1791.0,3.3278467334648667,0.0,36766.72153266535,0.999095693822428
1792.0,2.8021282165814227,0.0,36771.97871783419,0.9992385521150594
1793.0,1.9952768383375314,0.0,36780.04723161663,0.9994578052069736
1794.0,2.9308050044603533,0.0,36770.6919499554,0.999203585596614
1795.0,2.9032595798787497,0.0,36770.96740420121,0.9992110707663373
1796.0,3.237882498484396,0.0,36767.621175015156,0.9991201406254119
1797.0,1.318566927468737,0.0,36786.81433072531,0.9996416937697096
1798.0,2.199667198221505,0.0,36778.00332801779,0.9994022643483095
1799.0,1.3539554003984904,0.0,36786.46044599602,0.9996320773368483
1800.0,2.520532319090762,0.0,36774.79467680909,0.9993150727393775
1801.0,2.1851756886508156,0.0,36778.148243113494,0.9994062022585188
1802.0,1.0202405637523952,0.0,36789.79759436248,0.9997227607163717
1803.0,1.8483889227300097,0.0,36781.5161107727,0.9994977204014321
1804.0,0.8059518856109662,0.0,36791.94048114389,0.9997809913354317
1805.0,2.1945510065118015,0.0,36778.05448993488,0.9994036546177957
1806.0,2.0139852094844173,0.0,36779.86014790516,0.9994527214104663
1807.0,1.07804592725347,0.0,36789.21954072746,0.9997070527371593
1808.0,1.7546051794565756,0.0,36782.45394820543,0.9995232051142781
1809.0,2.2568003957935616,0.0,36777.43199604206,0.9993867390228821
1810.0,1.0567987623749104,0.0,36789.43201237625,0.9997128264232678
1811.0,2.2478500363042713,0.0,36777.521499636954,0.9993891711857869
1812.0,1.1541858467705879,0.0,36788.4581415323,0.9996863625416386
1813.0,4.662180272733622,0.0,36753.378197272665,0.9987331031867572
1814.0,2.4434633971436597,0.0,36775.56536602856,0.9993360153812109
1815.0,1.7621867154966822,0.0,36782.378132845035,0.9995211449142672
1816.0,1.7440969188787676,0.0,36782.559030811215,0.9995260606198699
1817.0,0.8048554197223439,0.0,36791.95144580278,0.9997812892881189
1818.0,1.515477203170576,0.0,36784.8452279683,0.9995881855426167
1819.0,3.1491341739617837,0.0,36768.50865826038,0.9991442570179452
1820.0,1.5069559738610678,0.0,36784.93044026139,0.9995905010940596
1821.0,3.393331194500206,0.0,36766.066688055,0.9990778991319292
1822.0,2.1135581782755253,0.0,36778.86441821724,0.999425663538512
1823.0,2.725166947080197,0.0,36772.7483305292,0.9992594655035107
1824.0,1.6570733661164923,0.0,36783.42926633883,0.9995497083244248
1825.0,3.3217392689725784,0.0,36766.78260731028,0.9990973534595184
1826.0,1.0342233596327333,0.0,36789.657766403674,0.999718961043578
1827.0,3.8378798081498644,0.0,36761.621201918504,0.9989570978782202
1828.0,0.9813423259804495,0.0,36790.1865767402,0.9997333308896793
1829.0,1.3514043162724647,0.0,36786.48595683728,0.9996327705662303
1830.0,2.4159294243454497,0.0,36775.84070575655,0.9993434974390366
1831.0,0.5780540372429641,0.0,36794.21945962757,0.9998429200985753
1832.0,3.0091785616741618,0.0,36769.90821438326,0.9991822884343277
1833.0,2.104059237346746,0.0,36778.959407626535,0.9994282447724602
1834.0,0.5561529979906936,0.0,36794.43847002009,0.9998488714679372
1835.0,0.19451787095817963,0.0,36798.05482129042,0.9999471418828918
1836.0,2.2789781517333267,0.0,36777.210218482665,0.999380712458768
1837.0,0.5310612926355134,0.0,36794.689387073646,0.9998556898661317
1838.0,1.647027311736565,0.0,36783.52972688263,0.9995524382305063
1839.0,0.35548397940192444,0.0,36796.44516020598,0.9999034010925537
1840.0,0.5853200476117308,0.0,36794.146799523885,0.999840945639236
1841.0,1.2781819216152144,0.0,36787.21818078385,0.9996526679560829
1842.0,2.2900413871718683,0.0,36777.09958612828,0.9993777061447902
1843.0,1.142799891400955,0.0,36788.57200108599,0.9996894565512496
1844.0,1.8192880378460359,0.0,36781.80711962154,0.9995056282505853
1845.0,2.5695504627008177,0.0,36774.30449537299,0.9993017525916573
1846.0,0.33235967697783053,0.0,36796.67640323022,0.9999096848703866
1847.0,1.3170170068574407,0.0,36786.82982993143,0.9996421149437887
1848.0,2.360472156846299,0.0,36776.39527843153,0.999358567348683
1849.0,2.6277625048978734,0.0,36773.72237495102,0.99928593410193
1850.0,0.7048899358019298,0.0,36792.95110064198,0.9998084538217928
1851.0,0.7703747362998001,0.0,36792.296252637,0.999790659039049
1852.0,1.1664621864872515,0.0,36788.335378135125,0.9996830265797588
1853.0,1.876035665496829,0.0,36781.239643345034,0.9994902076995933
1854.0,2.0327305488144702,0.0,36779.67269451186,0.999447627568257
1855.0,2.216369935195189,0.0,36777.83630064805,0.9993977255610883
1856.0,1.774840924926366,0.0,36782.25159075073,0.9995177062704004
1857.0,0.6257938160933918,0.0,36793.74206183907,0.9998299473325833
1858.0,1.2076660011969125,0.0,36787.92333998803,0.9996718298909791
1859.0,1.9829146962256345,0.0,36780.170853037744,0.9994611644847213
1860.0,1.8923279142454703,0.0,36781.07672085754,0.9994857804580853
1861.0,0.7606019866798306,0.0,36792.3939801332,0.9997933146775326
1862.0,1.1542808611943656,0.0,36788.45719138806,0.9996863367225015
1863.0,2.4922466110338064,0.0,36775.077533889664,0.9993227590730887
1864.0,2.2028748071256814,0.0,36777.97125192874,0.9994013927154549
1865.0,1.3049214500372273,0.0,36786.95078549963,0.9996454017798811
1866.0,0.7255350537654977,0.0,36792.744649462344,0.9998028437353897
1867.0,1.1923776280141283,0.0,36788.07622371986,0.9996759843402135
1868.0,2.2898896444551156,0.0,36777.10110355545,0.9993777473792241
1869.0,1.6085789137150641,0.0,36783.91421086285,0.9995628861647514
1870.0,0.7673386174408279,0.0,36792.32661382559,0.9997914840713477
1871.0,0.0,0.0,36800.0,1.0
1872.0,0.9733120030530245,0.0,36790.26687996947,0.9997355130426487
1873.0,0.507382119693375,0.0,36794.92617880306,0.9998621244239962
1874.0,1.522558944555385,0.0,36784.77441055445,0.9995862611563708
1875.0,0.8185986671223873,0.0,36791.814013328774,0.999777554710021
1876.0,3.129611279626033,0.0,36768.70388720374,0.9991495621522755
1877.0,1.0582692471227801,0.0,36789.41730752877,0.9997124268350209
1878.0,0.7401111647031939,0.0,36792.598888352964,0.9997988828356784
1879.0,2.8518751824913124,0.0,36771.481248175085,0.9992250339178013
1880.0,0.6477055420498345,0.0,36793.522944579505,0.9998239930592256
1881.0,1.5201136793759815,0.0,36784.79886320624,0.9995869256306044
1882.0,0.6446472567131423,0.0,36793.55352743287,0.9998248241150237
1883.0,0.6049239295755342,0.0,36793.95076070425,0.999835618497398
1884.0,1.0470298899629142,0.0,36789.52970110037,0.9997154810081622
1885.0,1.5348135484441627,0.0,36784.65186451556,0.9995829311009663
1886.0,0.42158856254991406,0.0,36795.7841143745,0.9998854378906115
1887.0,0.9523042475643706,0.0,36790.476957524355,0.9997412216718575
1888.0,1.9514630130129262,0.0,36780.48536986987,0.9994697111377683
1889.0,0.10027539223870008,0.0,36798.99724607761,0.999972751252109
1890.0,0.8626762558710652,0.0,36791.37323744129,0.9997655771043827
1891.0,2.4505779011324194,0.0,36775.49422098868,0.9993340820920836
1892.0,4.163231467184232,0.0,36758.36768532816,0.9988686871013086
1893.0,1.5334805226802928,0.0,36784.665194773195,0.9995832933362281
1894.0,3.6675689563980995,0.0,36763.324310436015,0.9990033780009787
1895.0,3.5114977389225714,0.0,36764.885022610775,0.9990457886579015
1896.0,0.8303339893745942,0.0,36791.69666010625,0.9997743657637569
1897.0,1.6540679541478767,0.0,36783.45932045852,0.9995505250124598
1898.0,1.8879367776510207,0.0,36781.12063222349,0.9994869737017252
1899.0,2.6131438429329137,0.0,36773.86856157067,0.9992899065644204
1900.0,1.6218529471814236,0.0,36783.781470528185,0.9995592790904398
1901.0,1.1672797069375065,0.0,36788.327202930624,0.9996828044274626
1902.0,1.744815057576261,0.0,36782.551849424235,0.9995258654734847
1903.0,1.8640644154970687,0.0,36781.35935584503,0.9994934607566585
1904.0,1.466616192518586,0.0,36785.33383807482,0.9996014629911635
1905.0,1.22911429535543,0.0,36787.70885704645,0.9996660015501752
1906.0,1.5732426791316811,0.0,36784.26757320869,0.99957248840241
1907.0,3.342929826033469,0.0,36766.57070173966,0.9990915951559691
1908.0,2.3919745327516466,0.0,36776.08025467248,0.9993500069204478
1909.0,2.066674296901965,0.0,36779.33325703098,0.9994384037236679
1910.0,3.3931335037186727,0.0,36766.06866496281,0.9990779528522503
1911.0,3.2435310452015074,0.0,36767.56468954799,0.9991186056942388
1912.0,3.0421814094120236,0.0,36769.57818590588,0.9991733202691815
1913.0,0.7442073808090299,0.0,36792.55792619191,0.9997977697334759
1914.0,0.8106356836126452,0.0,36791.89364316387,0.9997797185642356
1915.0,1.9260904050402132,0.0,36780.7390959496,0.9994766058681955
1916.0,0.26813223838530575,0.0,36797.318677616146,0.9999271379786996
1917.0,3.952721862696535,0.0,36760.472781373035,0.9989258907981803
1918.0,3.2403637946833896,0.0,36767.59636205317,0.9991194663601405
1919.0,3.044691781728261,0.0,36769.55308218272,0.9991726381027913
1920.0,1.4745703490573305,0.0,36785.254296509425,0.9995993015355822
1921.0,0.9566340506382858,0.0,36790.43365949362,0.9997400450949353
1922.0,1.3491142868635961,0.0,36786.50885713136,0.9996333928568305
1923.0,0.0,0.0,36800.0,1.0
1924.0,1.6202200671705214,0.0,36783.7977993283,0.9995597228078342
1925.0,1.0670822144240901,0.0,36789.32917785576,0.9997100320069501
1926.0,3.523736953450907,0.0,36764.76263046549,0.9990424627843884
1927.0,1.5345075479381194,0.0,36784.65492452062,0.9995830142532777
1928.0,0.26546563266720113,0.0,36797.345343673325,0.9999278625998186
1929.0,2.1669892754189277,0.0,36778.33010724581,0.9994111442186362
1930.0,4.8543327674810826,0.0,36751.45667232519,0.9986808878349237
1931.0,3.479677474345408,0.0,36765.20322525655,0.9990544354689279
1932.0,2.2494531774516417,0.0,36777.505468225485,0.9993887355496056
1933.0,1.1706154163507563,0.0,36788.293845836495,0.9996818979846873
1934.0,0.09855561292260973,0.0,36799.01444387077,0.9999732185834449
1935.0,0.675668169824803,0.0,36793.24331830175,0.9998163945190692
1936.0,1.665318300152876,0.0,36783.34681699847,0.9995474678532192
1937.0,1.6325007662508142,0.0,36783.67499233749,0.9995563856613447
1938.0,0.6361997780934416,0.0,36793.638002219064,0.9998271196255181
1939.0,2.050299029220696,0.0,36779.49700970779,0.9994428535246682
1940.0,0.350499734367304,0.0,36796.495002656324,0.9999047555069653
1941.0,0.0,0.0,36800.0,1.0
1942.0,1.3999408697354738,0.0,36786.00059130265,0.9996195812853981
1943.0,2.805934569377996,0.0,36771.94065430622,0.9992375177800603
1944.0,1.3452435787214654,0.0,36786.547564212786,0.9996344446796953
1945.0,1.4574729349640165,0.0,36785.42527065036,0.9996039475720206
1946.0,1.2494936113382664,0.0,36787.505063886616,0.9996604636925711
1947.0,0.7525141860960503,0.0,36792.47485813904,0.9997955124494303
1948.0,0.0,0.0,36800.0,1.0
1949.0,0.44288568772549297,0.0,36795.57114312275,0.9998796506283355
1950.0,0.8759038412965765,0.0,36791.240961587035,0.9997619826518216
1951.0,1.1287209475856343,0.0,36788.71279052414,0.9996932823511996
1952.0,2.825135910739391,0.0,36771.748640892605,0.9992323000242556
1953.0,1.111527569141117,0.0,36788.88472430859,0.9996979544649074
1954.0,3.2021418040242224,0.0,36767.97858195976,0.9991298527706457
1955.0,2.612562866499502,0.0,36773.874371335005,0.9992900644384513
1956.0,0.8219731922979463,0.0,36791.78026807702,0.9997766377194842
1957.0,0.9864475774099901,0.0,36790.1355242259,0.9997319435930951
1958.0,3.4568388307454825,0.0,36765.43161169255,0.9990606416220801
1959.0,3.712884241714619,0.0,36762.87115758286,0.9989910640647516
1960.0,2.676969511402149,0.0,36773.230304885976,0.9992725626327711
1961.0,1.9002782259399282,0.0,36780.9972177406,0.999483620047299
1962.0,1.2064394580136195,0.0,36787.935605419865,0.9996721631907572
1963.0,0.5135716716167735,0.0,36794.86428328383,0.9998604424805388
1964.0,1.455040257840892,0.0,36785.44959742159,0.9996046086255866
1965.0,4.233431875795986,0.0,36757.66568124204,0.9988496109033164
1966.0,2.343640969235139,0.0,36776.56359030765,0.9993631410409687
1967.0,0.5505169787484192,0.0,36794.49483021251,0.9998504029949052
1968.0,0.8188248506874061,0.0,36791.81175149313,0.9997774932470959
1969.0,1.5972970694090236,0.0,36784.02702930591,0.9995659518833127
1970.0,4.947825441817258,0.0,36750.52174558183,0.9986554822168975
1971.0,1.3142358288926062,0.0,36786.857641711074,0.9996428706986705
1972.0,3.1111745510108904,0.0,36768.88825448989,0.9991545721328774
1973.0,2.728867854870259,0.0,36772.711321451294,0.999258459822046
1974.0,2.507003849035982,0.0,36774.92996150964,0.9993187489540662
1975.0,0.0,0.0,36800.0,1.0
1976.0,0.7574276458390159,0.0,36792.42572354161,0.9997941772701524
1977.0,2.303589028061424,0.0,36776.96410971939,0.9993740247206355
1978.0,3.4584077556751254,0.0,36765.41592244325,0.999060215283784
1979.0,0.4908620815813265,0.0,36795.09137918419,0.9998666135647878
1980.0,0.7861611745329355,0.0,36792.13838825467,0.9997863692460509
1981.0,4.254454856533357,0.0,36757.45545143467,0.9988438981368116
1982.0,0.9703234777844045,0.0,36790.296765222156,0.9997363251419064
1983.0,1.569446719446887,0.0,36784.305532805534,0.9995735199131939
1984.0,1.2791735944222182,0.0,36787.20826405578,0.9996523984797766
1985.0,3.8091414987857206,0.0,36761.90858501214,0.9989649072014168
1986.0,3.9609115751368336,0.0,36760.390884248634,0.9989236653328434
1987.0,4.95770424165994,0.0,36750.4229575834,0.9986527977604186
1988.0,1.4493270579089312,0.0,36785.50672942091,0.9996061611255681
1989.0,0.0,0.0,36800.0,1.0
1990.0,1.1062866502295492,0.0,36788.937133497704,0.999699378627655
1991.0,1.3082920103538527,0.0,36786.91707989646,0.9996444858667517
1992.0,2.393954299264351,0.0,36776.060457007356,0.9993494689404173
1993.0,3.113188411466581,0.0,36768.868115885336,0.9991540248881885
1994.0,0.837696346204666,0.0,36791.62303653795,0.9997723651233139
1995.0,0.4912535647065397,0.0,36795.08746435293,0.9998665071835036
1996.0,2.758153920871109,0.0,36772.41846079129,0.9992505016519372
1997.0,2.915196111073101,0.0,36770.84803888927,0.9992078271437302
1998.0,2.1006428409712044,0.0,36778.99357159029,0.9994291731410405
1999.0,0.0,0.0,36800.0,1.0
2000.0,0.2757556585736438,0.0,36797.24244341427,0.9999250663971269
2001.0,1.4672191630377256,0.0,36785.32780836962,0.9996012991404788
2002.0,0.7813365452711878,0.0,36792.18663454729,0.9997876802866111
2003.0,3.5483740221648077,0.0,36764.51625977835,0.9990357679287595
2004.0,0.935849590904354,0.0,36790.641504090956,0.9997456930459498
2005.0,0.7715478462773717,0.0,36792.28452153723,0.9997903402591638
2006.0,2.7362918618659933,0.0,36772.63708138134,0.9992564424288408
2007.0,1.499892060876391,0.0,36785.00107939124,0.9995924206356315
2008.0,0.8561954178717315,0.0,36791.43804582128,0.9997673382016653
2009.0,1.7670847306599171,0.0,36782.329152693404,0.9995198139318859
2010.0,1.2370767041954878,0.0,36787.62923295805,0.9996638378521209
2011.0,1.2179742096489008,0.0,36787.82025790351,0.9996690287473781
2012.0,1.9336198637638518,0.0,36780.66380136236,0.9994745598196293
2013.0,0.0,0.0,36800.0,1.0
2014.0,0.5537523405282627,0.0,36794.462476594716,0.9998495238205086
2015.0,1.7710519324466532,0.0,36782.289480675536,0.9995187358879222
2016.0,3.4195308818200374,0.0,36765.8046911818,0.9990707796516795
2017.0,2.2988796764350354,0.0,36777.01120323565,0.9993753044357513
2018.0,2.5721954665345947,0.0,36774.27804533466,0.9993010338406156
2019.0,0.8823099432538584,0.0,36791.17690056746,0.9997602418632462
2020.0,0.5319930284676957,0.0,36794.68006971532,0.9998554366770468
2021.0,2.040659915312972,0.0,36779.59340084687,0.9994454728490997
2022.0,4.459424837920551,0.0,36755.4057516208,0.9987881997723043
2023.0,1.1586063821223433,0.0,36788.413936178775,0.9996851613092058
2024.0,1.2699198476670972,0.0,36787.30080152333,0.9996549130848731
2025.0,1.7294683236057153,0.0,36782.705316763946,0.999530035781629
2026.0,2.2115474184583945,0.0,36777.88452581542,0.9993990360275928
2027.0,0.8928125568272662,0.0,36791.07187443173,0.9997573878921665
2028.0,0.8478593348809227,0.0,36791.52140665119,0.9997696034416085
2029.0,1.2117877740947733,0.0,36787.88212225905,0.9996707098439959
2030.0,1.556958609078265,0.0,36784.43041390922,0.9995769134214462
2031.0,0.7568144271338042,0.0,36792.43185572866,0.9997943439056701
2032.0,2.25301997893348,0.0,36777.46980021067,0.9993877663100724
2033.0,2.3105679993584545,0.0,36776.89432000642,0.9993721282610439
2034.0,1.3788701856094576,0.0,36786.211298143906,0.99962530701478
2035.0,3.1372233378131114,0.0,36768.62776662187,0.9991474936582029
2036.0,2.484600414471288,0.0,36775.15399585529,0.9993248368438937
2037.0,1.1828722345753704,0.0,36788.17127765425,0.9996785673275611
2038.0,2.375882027449734,0.0,36776.241179725504,0.9993543798838452
2039.0,3.276465919053635,0.0,36767.235340809464,0.9991096560002571
2040.0,2.977468160177523,0.0,36770.225318398225,0.9991909053912561
2041.0,2.2865353276533824,0.0,36777.13464672347,0.9993786588783551
2042.0,0.2502452410242313,0.0,36797.49754758976,0.9999319985758087
2043.0,0.7925355571289856,0.0,36792.07464442871,0.999784637076867
2044.0,2.755674033771811,0.0,36772.44325966228,0.9992511755343011
2045.0,1.761979553050196,0.0,36782.3802044695,0.9995212012084103
2046.0,1.9032215803501913,0.0,36780.967784196495,0.9994828202227308
2047.0,3.80189601412053,0.0,36761.981039858794,0.9989668760831194
2048.0,0.0,0.0,36800.0,1.0
2049.0,0.0,0.0,36800.0,1.0
2050.0,0.21503532859560437,0.0,36797.84964671404,0.9999415664867947
2051.0,1.14412469607214,0.0,36788.55875303928,0.9996890965499804
2052.0,2.3220322510132974,0.0,36776.77967748987,0.9993690129752681
2053.0,2.0949242441929528,0.0,36779.05075755807,0.9994307271075563
2054.0,0.6343401912372428,0.0,36793.656598087626,0.9998276249480333
2055.0,1.4244884643348996,0.0,36785.75511535665,0.9996129107433873
2056.0,4.743883471671779,0.0,36752.56116528328,0.998710901230524
2057.0,2.589483201034909,0.0,36774.10516798965,0.9992963360866752
2058.0,2.4335047005565684,0.0,36775.66495299443,0.9993387215487618
2059.0,4.045142991347348,0.0,36759.548570086525,0.9989007763610469
2060.0,3.8866469808649526,0.0,36761.13353019135,0.9989438459291128
2061.0,1.7962772733412748,0.0,36782.037227266585,0.9995118811757224
2062.0,2.3467099096765196,0.0,36776.532900903236,0.9993623070897618
2063.0,0.573896164361031,0.0,36794.26103835639,0.9998440499553366
2064.0,1.7950673727932553,0.0,36782.04932627207,0.9995122099530453
2065.0,1.877749894790668,0.0,36781.22250105209,0.9994897418764156
2066.0,4.091982231645034,0.0,36759.08017768355,0.9988880483066183
2067.0,2.6078871161712414,0.0,36773.92112883829,0.9992913350227796
2068.0,0.4360935697209243,0.0,36795.63906430279,0.9998814963125758
2069.0,0.48103765290534284,0.0,36795.18962347095,0.9998692832464932
2070.0,1.1559557983841842,0.0,36788.44044201616,0.999685881576526
2071.0,4.7055377693463925,0.0,36752.94462230654,0.9987213212583299
2072.0,4.0732267871817385,0.0,36759.26773212818,0.9988931448947875
2073.0,1.6013524453715036,0.0,36783.986475546284,0.9995648498789751
2074.0,0.0,0.0,36800.0,1.0
2075.0,1.5582597855600397,0.0,36784.4174021444,0.9995765598408803
2076.0,2.4179667937573868,0.0,36775.82033206242,0.9993429438060442
2077.0,1.2125501125010487,0.0,36787.87449887499,0.9996705026868203
2078.0,2.2569952218000253,0.0,36777.430047782,0.9993866860810326
2079.0,4.381650635871665,0.0,36756.183493641285,0.9988093340663393
2080.0,4.984428281966302,0.0,36750.155717180336,0.9986455357929439
2081.0,1.0656836430694057,0.0,36789.343163569305,0.9997104120535137
2082.0,2.9735448192636795,0.0,36770.26455180736,0.9991919715165044
2083.0,1.2769932916012294,0.0,36787.23006708399,0.9996529909533693
2084.0,1.0501444420001462,0.0,36789.49855558,0.9997146346625
2085.0,2.059264997193168,0.0,36779.407350028065,0.9994404171203278
2086.0,2.8408718223527103,0.0,36771.59128177648,0.9992280239613173
2087.0,2.4828491695989214,0.0,36775.17150830401,0.9993253127256525
2088.0,1.3749749075550426,0.0,36786.25025092445,0.9996263655142514
2089.0,1.585774382976524,0.0,36784.142256170235,0.9995690830481042
2090.0,2.7052708288815666,0.0,36772.947291711185,0.9992648720573691
2091.0,1.1922824047123868,0.0,36788.07717595287,0.9996760102161106
2092.0,2.06958613947063,0.0,36779.304138605294,0.9994376124621004
2093.0,2.1583987227791113,0.0,36778.416012772206,0.9994134786079404
2094.0,1.122771183129771,0.0,36788.7722881687,0.9996948991350191
2095.0,0.2915314637930351,0.0,36797.08468536207,0.9999207794935344
2096.0,0.66181742039862,0.0,36793.381825796016,0.9998201583096743
2097.0,0.3397318403708596,0.0,36796.60268159629,0.9999076815651166
2098.0,0.5765748930894006,0.0,36794.23425106911,0.9998433220399214
2099.0,3.856783166094374,0.0,36761.43216833906,0.9989519610961701
2100.0,3.8217523725911633,0.0,36761.782476274086,0.9989614803335349
2101.0,1.7369526299880818,0.0,36782.63047370012,0.9995280020027206
2102.0,1.839641209212914,0.0,36781.60358790787,0.9995000974974965
2103.0,3.8447541230266324,0.0,36761.55245876974,0.9989552298578732
2104.0,1.3458567187763038,0.0,36786.541432812235,0.9996342780655498
2105.0,0.6280026507761249,0.0,36793.71997349224,0.9998293471057674
2106.0,1.3508538498144844,0.0,36786.49146150186,0.999632920149507
2107.0,2.824160831779409,0.0,36771.758391682204,0.9992325649913643
2108.0,2.90362273622668,0.0,36770.96377263773,0.999210972082547
2109.0,4.5124603275048685,0.0,36754.87539672495,0.9987737879544824
2110.0,0.8005046735665928,0.0,36791.99495326434,0.9997824715560961
2111.0,1.7549683284951243,0.0,36782.45031671505,0.9995231064324741
2112.0,2.008248767274381,0.0,36779.91751232726,0.9994542802262841
2113.0,1.8360299700580072,0.0,36781.63970029942,0.9995010788124843
2114.0,2.899067804477454,0.0,36771.00932195522,0.9992122098357398
2115.0,2.485881341817276,0.0,36775.14118658183,0.9993244887658106
2116.0,0.49330475877832214,0.0,36795.06695241222,0.9998659497938104
2117.0,0.5382674482584662,0.0,36794.617325517414,0.9998537316716689
2118.0,2.83150602112255,0.0,36771.68493978877,0.9992305690159992
2119.0,1.4925591532369253,0.0,36785.07440846763,0.999594413273577
2120.0,1.3605546893750216,0.0,36786.39445310625,0.9996302840518003
2121.0,1.815562024241899,0.0,36781.84437975758,0.9995066407542821
2122.0,2.8556869041685786,0.0,36771.443130958316,0.9992239981238673
2123.0,2.5739408242397985,0.0,36774.2605917576,0.9993005595586304
2124.0,1.0910356719396077,0.0,36789.089643280604,0.9997035229152338
2125.0,0.28005653068021275,0.0,36797.1994346932,0.9999238976818804
2126.0,4.3164531852057735,0.0,36756.83546814794,0.9988270507648896
2127.0,2.7259566065654326,0.0,36772.74043393435,0.9992592509221291
2128.0,2.248390404685324,0.0,36777.51609595315,0.999389024346553
2129.0,3.6682472213738038,0.0,36763.31752778626,0.999003193689844
2130.0,1.5903805071534407,0.0,36784.09619492847,0.9995678313839258
2131.0,3.5014848960354357,0.0,36764.98515103965,0.9990485095391208
2132.0,1.9255266622544696,0.0,36780.744733377454,0.99947675905917
2133.0,1.8053298042727874,0.0,36781.94670195727,0.9995094212488388
2134.0,2.576916563866689,0.0,36774.23083436133,0.9992997509337319
2135.0,1.2492440064143011,0.0,36787.50755993585,0.999660531519996
2136.0,2.9375953740227487,0.0,36770.62404625977,0.9992017403874938
2137.0,1.2183540849687233,0.0,36787.816459150315,0.999668925520389
2138.0,1.4467600283469437,0.0,36785.53239971653,0.9996068586879493
2139.0,0.5559733439099546,0.0,36794.4402665609,0.999848920286981
2140.0,0.8417340709497694,0.0,36791.5826592905,0.9997712679155027
2141.0,1.4660800196247692,0.0,36785.339199803755,0.9996016086903194
2142.0,2.8116129149857443,0.0,36771.88387085014,0.9992359747513626
2143.0,1.1871102955360584,0.0,36788.12889704464,0.9996774156805609
2144.0,1.8678695296748629,0.0,36781.32130470325,0.9994924267582405
2145.0,0.8395341064510831,0.0,36791.60465893549,0.9997718657319427
2146.0,0.3651737561326627,0.0,36796.348262438674,0.9999007680010509
2147.0,3.174868792376401,0.0,36768.25131207624,0.9991372639151151
2148.0,0.820132987472789,0.0,36791.798670125274,0.9997771377751433
2149.0,2.1705298733395466,0.0,36778.294701266605,0.999410182099636
2150.0,2.2406249958435183,0.0,36777.59375004157,0.9993911345119991
2151.0,1.0321680247998302,0.0,36789.678319752,0.9997195195584782
2152.0,1.6997081000163234,0.0,36783.00291899984,0.9995381227989086
2153.0,0.5148970230975465,0.0,36794.85102976902,0.9998600823306799
2154.0,0.0,0.0,36800.0,1.0
2155.0,0.5911681013135421,0.0,36794.08831898686,0.9998393564942082
2156.0,2.298237089176837,0.0,36777.01762910823,0.9993754790518541
2157.0,0.4849188076891551,0.0,36795.15081192311,0.999868228584867
2158.0,0.6300493948419899,0.0,36793.69950605158,0.9998287909253146
2159.0,0.33913166084812474,0.0,36796.60868339152,0.9999078446573783
2160.0,3.6521983845368595,0.0,36763.47801615463,0.9990075547868106
2161.0,1.0158851259611765,0.0,36789.84114874039,0.9997239442592496
2162.0,0.8904779723270622,0.0,36791.09522027673,0.9997580222901286
2163.0,2.61400983024987,0.0,36773.8599016975,0.9992896712417798
2164.0,2.3922896857825435,0.0,36776.077103142175,0.9993499212810374
2165.0,1.1105041174064354,0.0,36788.894958825935,0.9996982325767917
2166.0,0.0,0.0,36800.0,1.0
2167.0,1.0647368243335222,0.0,36789.352631756665,0.9997106693412137
2168.0,5.237565954735601,0.0,36747.62434045265,0.9985767483818654
2169.0,2.9494905960696087,0.0,36770.505094039305,0.9991985079901985
2170.0,1.8179057795741755,0.0,36781.82094220426,0.9995060038642462
2171.0,1.180080057935811,0.0,36788.19919942064,0.999679326071213
2172.0,1.0691425393288227,0.0,36789.30857460671,0.9997094721360519
2173.0,4.067663450627606,0.0,36759.32336549372,0.9988946566710251
2174.0,1.2430928730414053,0.0,36787.56907126959,0.9996622030236301
2175.0,0.513875182681204,0.0,36794.86124817319,0.9998603600047062
2176.0,2.3994969352525004,0.0,36776.00503064747,0.9993479627893335
2177.0,2.6251581522869856,0.0,36773.74841847713,0.9992866418064438
2178.0,0.866624637381392,0.0,36791.33375362618,0.9997645041746245
2179.0,1.53205007011411,0.0,36784.67949929886,0.9995836820461647
2180.0,2.3307900504109966,0.0,36776.69209949589,0.9993666331384754
2181.0,1.4223949337965678,0.0,36785.77605066203,0.9996134796375552
2182.0,3.4151676178344132,0.0,36765.84832382166,0.9990719653212407
2183.0,2.738265542734098,0.0,36772.61734457266,0.9992559061025179
2184.0,2.1288463245259663,0.0,36778.71153675474,0.999421509150944
2185.0,3.310294740894733,0.0,36766.897052591055,0.9991004633856265
2186.0,2.1482800323706215,0.0,36778.517199676295,0.9994162282520732
2187.0,0.8485742948300867,0.0,36791.5142570517,0.9997694091590136
2188.0,3.3793605797213786,0.0,36766.20639420279,0.999081695494641
2189.0,1.306022772151664,0.0,36786.939772278485,0.9996451025075676
2190.0,1.3921422366311162,0.0,36786.078577633685,0.9996217004791762
2191.0,1.5547576071389813,0.0,36784.45242392861,0.9995775115197992
2192.0,1.605310520547846,0.0,36783.94689479452,0.9995637743150685
2193.0,2.6765094891356966,0.0,36773.23490510864,0.9992726876388218
2194.0,2.6655347549312864,0.0,36773.34465245069,0.9992756699035513
2195.0,3.09741529058374,0.0,36769.02584709416,0.9991583110623413
2196.0,4.06213452635393,0.0,36759.37865473646,0.9988961590960994
2197.0,4.751198425265557,0.0,36752.488015747345,0.9987089134713952
2198.0,0.6972761005354187,0.0,36793.02723899465,0.9998105227987676
2199.0,2.2824113001811384,0.0,36777.175886998186,0.9993797795379942
2200.0,2.835428574045636,0.0,36771.64571425955,0.999229503104879
2201.0,0.8896512773890208,0.0,36791.10348722611,0.9997582469354921
2202.0,0.3191760866293407,0.0,36796.80823913371,0.9999132673677639
2203.0,1.098055887713599,0.0,36789.019441122866,0.9997016152479039
2204.0,0.5857913773784276,0.0,36794.14208622622,0.999840817560495
2205.0,1.5334419107907706,0.0,36784.66558089209,0.9995833038285894
2206.0,2.1425759020835358,0.0,36778.574240979164,0.9994177782874772
2207.0,4.279764477517347,0.0,36757.20235522483,0.9988370205224139
2208.0,3.1643474606426025,0.0,36768.356525393574,0.9991401229726514
2209.0,3.4999366839974755,0.0,36765.00063316002,0.9990489302489137
2210.0,2.665295191855421,0.0,36773.34704808144,0.9992757350022131
2211.0,1.740834601685492,0.0,36782.591653983145,0.9995269471191072
2212.0,0.8043112327095514,0.0,36791.9568876729,0.9997814371650245
2213.0,0.5668699839184228,0.0,36794.33130016082,0.9998459592435005
2214.0,1.633163360549588,0.0,36783.6683663945,0.9995562056085462
2215.0,0.5889186905878887,0.0,36794.11081309412,0.9998399677471228
2216.0,1.7588368963897665,0.0,36782.4116310361,0.9995220551911983
2217.0,2.754118197871776,0.0,36772.45881802128,0.9992515983157957
2218.0,1.120408802401471,0.0,36788.79591197598,0.9996955410863039
2219.0,2.0244505373407264,0.0,36779.755494626595,0.9994498775713748
2220.0,1.3503178560063134,0.0,36786.496821439934,0.9996330657999982
2221.0,1.9472586393949314,0.0,36780.52741360605,0.9994708536305991
2222.0,3.940308628535149,0.0,36760.596913714646,0.9989292639596371
2223.0,2.9421556407896787,0.0,36770.5784435921,0.9992005011845679
2224.0,1.8892403329509762,0.0,36781.10759667049,0.9994866194747415
2225.0,1.7208061608125718,0.0,36782.79193839188,0.9995323896302141
2226.0,1.1942722521739597,0.0,36788.05727747826,0.999675469496692
2227.0,1.8310721606112565,0.0,36781.68927839389,0.9995024260433122
2228.0,2.2585172913500173,0.0,36777.4148270865,0.9993862724751765
2229.0,3.4654323805016247,0.0,36765.345676194986,0.999058306418342
2230.0,3.678823033529625,0.0,36763.211769664704,0.9990003198278452
2231.0,1.6815045114162785,0.0,36783.18495488584,0.9995430694262456
2232.0,1.7106950510224124,0.0,36782.89304948978,0.9995351372143961
2233.0,0.1988308019717806,0.0,36798.01169198028,0.9999459698907686
2234.0,0.8864951737764386,0.0,36791.13504826224,0.9997591045723434
2235.0,0.23506254922449443,0.0,36797.64937450775,0.9999361243072759
2236.0,1.5100545771842917,0.0,36784.89945422816,0.9995896590822869
2237.0,1.8698789311360997,0.0,36781.30121068864,0.9994918807252348
2238.0,0.6521230256525996,0.0,36793.47876974347,0.9998227926560727
2239.0,2.313060527930702,0.0,36776.86939472069,0.9993714509434971
2240.0,2.0248674719568953,0.0,36779.751325280435,0.9994497642739248
2241.0,1.5225985419092467,0.0,36784.77401458091,0.9995862503962203
2242.0,0.0,0.0,36800.0,1.0
2243.0,5.161305962948518,0.0,36748.38694037052,0.9985974712057206
2244.0,4.665445112753332,0.0,36753.345548872465,0.9987322160019692
2245.0,2.1699993183106017,0.0,36778.30000681689,0.9994103262721982
2246.0,1.0195883667001908,0.0,36789.804116333,0.9997229379438315
2247.0,1.648795391139629,0.0,36783.5120460886,0.9995519577741468
2248.0,0.7856324599260915,0.0,36792.14367540074,0.9997865129184983
2249.0,2.5403326920977634,0.0,36774.596673079024,0.9993096922032344
2250.0,2.210660631485098,0.0,36777.893393685146,0.9993992770023138
2251.0,2.5422241743417544,0.0,36774.57775825658,0.999309178213494
2252.0,0.7468116992358773,0.0,36792.53188300764,0.9997970620382511
2253.0,1.2575004210052612,0.0,36787.424995789945,0.9996582879290746
2254.0,1.9399447953974231,0.0,36780.600552046024,0.9994728410882072
2255.0,1.0017089084785766,0.0,36789.98291091521,0.9997277964922612
2256.0,0.34960792792753637,0.0,36796.50392072072,0.9999049978456718
2257.0,1.9806404185269457,0.0,36780.19359581473,0.9994617824949655
2258.0,2.3981610871451267,0.0,36776.01838912855,0.9993483257915367
2259.0,1.6376395000561388,0.0,36783.62360499944,0.9995549892662892
2260.0,2.2100112689145135,0.0,36777.89988731086,0.9993994534595342
2261.0,2.471570580918069,0.0,36775.28429419082,0.9993283775595331
2262.0,0.3609282816541963,0.0,36796.39071718346,0.999901921662594
2263.0,2.608948357126337,0.0,36773.91051642874,0.9992910466420853
2264.0,1.8084165436021067,0.0,36781.91583456398,0.9995085824609777
2265.0,0.8904273500297677,0.0,36791.095726499705,0.9997580360461876
2266.0,0.6560994394121735,0.0,36793.43900560588,0.9998217121088553
2267.0,0.13843531797965625,0.0,36798.6156468202,0.9999623817070707
2268.0,0.8627118591971339,0.0,36791.37288140803,0.999765567429566
2269.0,1.847672109186533,0.0,36781.523278908135,0.999497915187721
2270.0,0.1543654797505951,0.0,36798.456345202496,0.9999580528587635
2271.0,1.5777920092418753,0.0,36784.22207990758,0.9995712521714016
2272.0,2.264661680257177,0.0,36777.35338319743,0.9993846028042779
2273.0,2.0005540504275814,0.0,36779.99445949573,0.9994563711819491
2274.0,3.5727322958682635,0.0,36764.272677041314,0.9990291488326444
2275.0,2.9364832011806357,0.0,36770.63516798819,0.9992020426083748
2276.0,2.2171966498053735,0.0,36777.828033501944,0.9993975009103789
2277.0,2.9287863019644647,0.0,36770.71213698036,0.9992041341570749
2278.0,2.698472139255955,0.0,36773.01527860744,0.9992667195273761
2279.0,1.2019784403091762,0.0,36787.98021559691,0.9996733754238291
2280.0,1.36111852643171,0.0,36786.388814735685,0.9996301308352088
2281.0,1.0032920721973824,0.0,36789.96707927802,0.9997273662847289
2282.0,1.93861328580806,0.0,36780.61386714192,0.9994732029114651
2283.0,1.6581707689047107,0.0,36783.418292310955,0.9995494101171455
2284.0,1.470625376782209,0.0,36785.29374623218,0.999600373538918
2285.0,1.1089079274843243,0.0,36788.91092072516,0.9996986663240532
2286.0,0.7715367011824128,0.0,36792.28463298817,0.9997903432877221
2287.0,2.138673264717454,0.0,36778.61326735283,0.9994188387867616
2288.0,3.082689215609207,0.0,36769.173107843904,0.9991623127131496
2289.0,2.230949705065541,0.0,36777.69050294934,0.9993937636671018
2290.0,2.2999057323859233,0.0,36777.00094267614,0.9993750256161994
2291.0,0.5968793868578359,0.0,36794.03120613142,0.9998378045144407
2292.0,0.0,0.0,36800.0,1.0
2293.0,0.9945928692018242,0.0,36790.05407130798,0.9997297301985865
2294.0,1.0077099220466152,0.0,36789.92290077954,0.9997261657820526
2295.0,0.0,0.0,36800.0,1.0
2296.0,0.7375016122114175,0.0,36792.62498387789,0.9997995919532036
2297.0,2.0300958068364707,0.0,36779.699041931635,0.999448343530751
2298.0,2.538411668962908,0.0,36774.61588331037,0.9993102142203905
2299.0,3.466390497094835,0.0,36765.33609502905,0.999058046060572
2300.0,1.5197980441525942,0.0,36784.802019558476,0.9995870114010456
2301.0,1.4598071098976106,0.0,36785.401928901025,0.9996033132853539
2302.0,2.2631052683391317,0.0,36777.36894731661,0.9993850257422991
2303.0,2.455441865609828,0.0,36775.4455813439,0.9993327603626059
2304.0,3.3359518289121297,0.0,36766.64048171088,0.999093491350839
2305.0,0.22284400396938508,0.0,36797.7715599603,0.9999394445641386
2306.0,0.8255817038825626,0.0,36791.74418296118,0.9997756571456842
2307.0,2.05092700717114,0.0,36779.490729928286,0.999442682878486
2308.0,2.1459980581830678,0.0,36778.54001941817,0.9994168483537547
2309.0,4.10852733508591,0.0,36758.91472664914,0.9988835523545962
2310.0,1.6712292848287689,0.0,36783.287707151714,0.9995458616073836
2311.0,2.81037909439101,0.0,36771.89620905609,0.9992363100286981
2312.0,0.5568558213772121,0.0,36794.431441786226,0.9998486804833213
2313.0,5.819710871933239,0.0,36741.80289128067,0.9984185568282791
2314.0,2.0412172907949753,0.0,36779.58782709205,0.9994453213883709
2315.0,0.6482088469592782,0.0,36793.517911530405,0.9998238562915871
2316.0,3.814089698789303,0.0,36761.85910301211,0.9989635625818508
2317.0,2.544987115778895,0.0,36774.55012884221,0.9993084274141905
2318.0,0.0018048253691631544,0.0,36799.98195174631,0.9999995095583236
2319.0,1.2029649311280082,0.0,36787.970350688716,0.9996731073556716
2320.0,1.801492950242391,0.0,36781.985070497576,0.9995104638722168
2321.0,0.22700054411234305,0.0,36797.729994558875,0.9999383150695347
2322.0,0.7737888110632412,0.0,36792.262111889366,0.9997897313013414
2323.0,0.0,0.0,36800.0,1.0
2324.0,0.0,0.0,36800.0,1.0
2325.0,0.14717235692205577,0.0,36798.52827643078,0.9999600075117059
2326.0,0.853719175923743,0.0,36791.462808240765,0.9997680110934991
2327.0,0.9665987501693962,0.0,36790.33401249831,0.9997373372961497
2328.0,0.6964302827004758,0.0,36793.03569717299,0.9998107526405704
2329.0,0.6043717793954784,0.0,36793.95628220605,0.9998357685382078
2330.0,2.324505159640921,0.0,36776.75494840359,0.999368340989228
2331.0,2.99799549536192,0.0,36770.02004504638,0.999185327311043
2332.0,1.766905329151541,0.0,36782.330946708484,0.9995198626822958
2333.0,2.617895841943664,0.0,36773.821041580566,0.9992886152603415
2334.0,2.2919152237627713,0.0,36777.08084776237,0.9993771969500644
2335.0,1.296484107415381,0.0,36787.03515892585,0.9996476945360285
2336.0,4.0959778119145085,0.0,36759.04022188085,0.9988869625511101
2337.0,1.07878505641429,0.0,36789.21214943586,0.9997068518868439
2338.0,1.8098820325799352,0.0,36781.9011796742,0.9995081842302771
2339.0,3.8044885308077028,0.0,36761.955114691926,0.9989661715948893
2340.0,1.6926631851611091,0.0,36783.07336814839,0.9995400371779454
2341.0,0.0,0.0,36800.0,1.0
2342.0,1.6033710181191054,0.0,36783.96628981881,0.9995643013537721
2343.0,2.03030784219618,0.0,36779.69692157804,0.9994482859124467
2344.0,1.796066530947428,0.0,36782.039334690526,0.9995119384426774
2345.0,1.6409091142522811,0.0,36783.59090885748,0.9995541007841706
2346.0,0.94389037766814,0.0,36790.56109622332,0.9997435080495467
2347.0,0.036418584671991994,0.0,36799.635814153284,0.9999901036454697
2348.0,2.6191913866464347,0.0,36773.80808613353,0.9992882632101503
2349.0,2.306903349503955,0.0,36776.93096650496,0.9993731240898086
2350.0,0.6795529021442235,0.0,36793.204470978555,0.9998153388852868
2351.0,1.367241276083405,0.0,36786.32758723917,0.9996284670445426
2352.0,0.600800822814108,0.0,36793.99199177186,0.999836738906844
2353.0,1.695663422465259,0.0,36783.043365775346,0.9995392218960691
2354.0,1.7086869996619498,0.0,36782.91313000338,0.9995356828805265
2355.0,0.7183941262283042,0.0,36792.81605873772,0.9998047842048293
2356.0,2.638945318302376,0.0,36773.61054681698,0.9992828952939395
2357.0,2.0869981168584673,0.0,36779.13001883141,0.9994328809465057
2358.0,1.4270974164114705,0.0,36785.729025835884,0.9996122017890186
2359.0,0.13951490178124004,0.0,36798.604850982185,0.9999620883419073
2360.0,0.8797597385437257,0.0,36791.20240261457,0.9997609348536567
2361.0,0.39633104085805826,0.0,36796.03668959142,0.9998923013475929
2362.0,1.2162854999646697,0.0,36787.837145000354,0.9996694876358792
2363.0,1.5316276284247579,0.0,36784.68372371575,0.999583796840102
2364.0,2.6322689344378887,0.0,36773.67731065562,0.9992847095286853
2365.0,2.690347223565823,0.0,36773.09652776434,0.9992689273849006
2366.0,1.1164676039911683,0.0,36788.83532396009,0.999696612064133
2367.0,1.4484073774779063,0.0,36785.51592622522,0.9996064110387288
2368.0,3.2867879939167324,0.0,36767.132120060836,0.9991068510886096
2369.0,1.5087435110149272,0.0,36784.91256488985,0.9995900153502676
2370.0,2.9346576794823704,0.0,36770.65342320518,0.9992025386740537
2371.0,2.116451627526658,0.0,36778.83548372473,0.9994248772751286
2372.0,1.2876947568383912,0.0,36787.12305243162,0.9996500829465114
2373.0,0.9918673158204001,0.0,36790.0813268418,0.9997304708380924
2374.0,0.0,0.0,36800.0,1.0
2375.0,0.0,0.0,36800.0,1.0
2376.0,0.0,0.0,36800.0,1.0
2377.0,0.7891993622642985,0.0,36792.108006377355,0.9997855436515586
2378.0,0.7377942080329376,0.0,36792.62205791967,0.9997995124434692
2379.0,3.1515143889037063,0.0,36768.48485611096,0.9991436102204065
2380.0,0.6400862303703434,0.0,36793.5991376963,0.999826063524356
2381.0,2.456945379512945,0.0,36775.43054620487,0.9993323517990454
2382.0,2.0590034345595996,0.0,36779.409965654406,0.9994404881971306
2383.0,1.7307216724193495,0.0,36782.69278327581,0.9995296951977122
2384.0,2.018452484267982,0.0,36779.81547515732,0.999451507477101
2385.0,1.1391379491028601,0.0,36788.608620508974,0.9996904516442656
2386.0,0.5490604204692318,0.0,36794.50939579531,0.9998507987987855
2387.0,2.4491659924919986,0.0,36775.50834007508,0.9993344657629099
2388.0,1.2691018003624777,0.0,36787.30898199638,0.9996551353803363
2389.0,0.23336679220074075,0.0,36797.66633207799,0.999936585110815
2390.0,2.0163100491186015,0.0,36779.83689950882,0.9994520896605656
2391.0,2.634924270490501,0.0,36773.650757295094,0.9992839879699754
2392.0,2.907490968098955,0.0,36770.92509031901,0.9992099209325819
2393.0,0.2601896528458383,0.0,36797.39810347154,0.9999292962899875
2394.0,1.8059520827691813,0.0,36781.94047917231,0.9995092521514214
2395.0,1.4055544250049934,0.0,36785.94445574995,0.9996180558627704
2396.0,3.322254644961504,0.0,36766.777453550385,0.9990972134116952
2397.0,0.47663878802904946,0.0,36795.23361211971,0.9998704785902095
2398.0,0.2803777845224431,0.0,36797.19622215477,0.9999238103846406
2399.0,3.913374997912797,0.0,36760.866250020874,0.998936582881002
2400.0,3.700486073516913,0.0,36762.99513926483,0.9989944331321965
2401.0,2.4830563776513372,0.0,36775.169436223485,0.9993252564191164
2402.0,0.9333293375839276,0.0,36790.666706624164,0.9997463778973957
2403.0,1.058430388445231,0.0,36789.415696115546,0.9997123830466181
2404.0,3.3772070127524785,0.0,36766.227929872475,0.9990822807030564
2405.0,1.646124496102857,0.0,36783.53875503897,0.9995526835608416
2406.0,1.4662007984998127,0.0,36785.337992015004,0.9996015758699729
2407.0,3.3806295256185876,0.0,36766.19370474381,0.9990813506723861
2408.0,2.3577015950577334,0.0,36776.42298404942,0.9993593202187343
2409.0,1.6171199874434024,0.0,36783.828800125564,0.9995605652208034
2410.0,1.7982270441257242,0.0,36782.01772955874,0.999511351346705
2411.0,1.4200271078411788,0.0,36785.799728921585,0.9996141230685214
2412.0,1.8241944144378976,0.0,36781.75805585562,0.9995042949960767
2413.0,1.63722097310756,0.0,36783.627790268925,0.9995551029964382
2414.0,1.0515671609496167,0.0,36789.48432839051,0.9997142480540898
2415.0,3.0781062095966263,0.0,36769.218937904036,0.9991635580952184
2416.0,0.7068776274463744,0.0,36792.931223725536,0.9998079136881939
2417.0,0.3656407059056619,0.0,36796.343592940946,0.9999006411125257
2418.0,2.442674543717203,0.0,36775.57325456283,0.9993362297435551
2419.0,1.4065243738059507,0.0,36785.93475626194,0.9996177922897266
2420.0,2.1479421575522792,0.0,36778.520578424475,0.9994163200658824
2421.0,4.935153287978665,0.0,36750.64846712021,0.9986589257369622
2422.0,3.0452315263596574,0.0,36769.547684736404,0.9991724914330544
2423.0,2.0376001739514322,0.0,36779.62399826049,0.9994463043005568
2424.0,2.8838289075642933,0.0,36771.16171092436,0.9992163508403359
2425.0,2.1340521372021612,0.0,36778.659478627975,0.9994200945279341
2426.0,3.5018839753724933,0.0,36764.98116024627,0.9990484010936487
2427.0,2.9402926468083024,0.0,36770.59707353191,0.9992010074329324
2428.0,1.8628309037662802,0.0,36781.37169096234,0.9994937959500636
2429.0,1.6622351275846086,0.0,36783.377648724156,0.999548305671852
2430.0,1.041495664258946,0.0,36789.58504335741,0.9997169848738426
2431.0,2.0961425560085445,0.0,36779.03857443992,0.999430396044563
2432.0,0.8672915911683958,0.0,36791.32708408832,0.9997643229371826
2433.0,0.0,0.0,36800.0,1.0
2434.0,0.2952479770492573,0.0,36797.047520229506,0.999919769571454
2435.0,3.1296010349196877,0.0,36768.70398965081,0.9991495649361632
2436.0,2.6669817927045187,0.0,36773.330182072954,0.9992752766867651
2437.0,1.2143297191037163,0.0,36787.85670280896,0.9996700190980695
2438.0,1.104410182339052,0.0,36788.95589817661,0.9996998885374079
2439.0,2.424931676325741,0.0,36775.75068323674,0.9993410511749115
2440.0,3.347678288493171,0.0,36766.52321711507,0.9990903048129095
2441.0,3.465588419321193,0.0,36765.34411580679,0.9990582640164888
2442.0,0.37861498588654285,0.0,36796.21385014113,0.9998971154929656
2443.0,1.558873423935438,0.0,36784.411265760646,0.9995763930913218
2444.0,1.6078233951297989,0.0,36783.921766048705,0.9995630914687148
2445.0,2.0203730230723522,0.0,36779.79626976928,0.9994509855915564
2446.0,1.6484165178599142,0.0,36783.5158348214,0.9995520607288425
2447.0,0.17271952507553578,0.0,36798.27280474924,0.9999530653464468
2448.0,0.45496106418613635,0.0,36795.45038935814,0.9998763692760365
2449.0,1.5480826220482413,0.0,36784.51917377952,0.9995793253744434
2450.0,1.6568653225990602,0.0,36783.43134677401,0.9995497648579893
2451.0,1.5264601693475015,0.0,36784.735398306526,0.9995852010409382
2452.0,3.2694628730223485,0.0,36767.30537126977,0.999111559001896
2453.0,1.8420725887558547,0.0,36781.57927411244,0.9994994367965336
2454.0,3.6377159098224183,0.0,36763.62284090178,0.9990114902418962
2455.0,2.3269669957926453,0.0,36776.730330042075,0.9993676720120129
2456.0,1.7638043533456766,0.0,36782.36195646654,0.9995207053387647
2457.0,1.558894098980545,0.0,36784.41105901019,0.9995763874731031
2458.0,1.4453805515304339,0.0,36785.5461944847,0.9996072335457798
2459.0,0.014300298905254749,0.0,36799.856997010946,0.9999961140492105
2460.0,1.5464730324265474,0.0,36784.53526967573,0.9995797627629275
2461.0,1.6952283427772272,0.0,36783.047716572226,0.9995393401242453
2462.0,2.9142563500086,0.0,36770.857436499915,0.9992080825135846
2463.0,2.978694106117473,0.0,36770.213058938825,0.9991905722537724
2464.0,0.8633138527434312,0.0,36791.36686147257,0.9997654038443633
2465.0,1.0576120662399262,0.0,36789.4238793376,0.9997126054167825
2466.0,1.0592992565389068,0.0,36789.40700743461,0.9997121469411578
2467.0,0.8867408345968215,0.0,36791.13259165403,0.9997590378166856
2468.0,1.5068716449768544,0.0,36784.931283550235,0.9995905240095173
2469.0,0.7854197603910507,0.0,36792.14580239609,0.9997865707172849
2470.0,2.517891934515319,0.0,36774.821080654845,0.999315790235186
2471.0,1.839577551616003,0.0,36781.60422448384,0.9995001147957565
2472.0,1.6876441010203962,0.0,36783.1235589898,0.9995414010595054
2473.0,1.4117772656900343,0.0,36785.8822273431,0.9996163648734538
2474.0,2.4879036615593577,0.0,36775.120963384405,0.9993239392224023
2475.0,3.586832179491921,0.0,36764.13167820508,0.9990253173425293
2476.0,2.6699040492062522,0.0,36773.300959507935,0.9992744825953244
2477.0,0.5344361925908743,0.0,36794.655638074095,0.9998547727737526
2478.0,1.2572388075122944,0.0,36787.427611924875,0.9996583590196977
2479.0,1.6945180354268814,0.0,36783.05481964573,0.9995395331425471
2480.0,0.4290744343688857,0.0,36795.709255656315,0.9998834036863129
2481.0,4.158407980033189,0.0,36758.415920199666,0.9988699978315126
2482.0,1.169433710656449,0.0,36788.305662893436,0.9996822191003651
2483.0,1.9852784442982738,0.0,36780.147215557015,0.9994605221618754
2484.0,5.279694873907374,0.0,36747.20305126093,0.9985653003060034
2485.0,3.5680438970848627,0.0,36764.31956102915,0.9990304228540531
2486.0,1.4878219102015464,0.0,36785.121780897985,0.99959570056788
2487.0,0.3205250969208464,0.0,36796.79474903079,0.9999129007888802
2488.0,1.4807769426806772,0.0,36785.19223057319,0.9995976149612281
2489.0,0.20184273183849655,0.0,36797.981572681616,0.9999451514315657
2490.0,0.8954950447846386,0.0,36791.04504955215,0.9997566589552215
2491.0,1.1074565732960764,0.0,36788.92543426704,0.9996990607137782
2492.0,0.09791470055870377,0.0,36799.020852994414,0.9999733927444134
2493.0,1.1187530047905057,0.0,36788.81246995209,0.9996959910313069
2494.0,1.119010761196023,0.0,36788.80989238804,0.9996959209888054
2495.0,1.0214310725264113,0.0,36789.78568927474,0.9997224372085526
2496.0,1.6512783520465746,0.0,36783.48721647954,0.9995512830565092
2497.0,0.5497555170245505,0.0,36794.502444829755,0.999850609913852
2498.0,1.888358004073325,0.0,36781.11641995927,0.9994868592380236
2499.0,1.1075916575186966,0.0,36788.92408342481,0.999699024006109
2500.0,1.5044814569682785,0.0,36784.95518543031,0.9995911735171281
2501.0,1.851846783651581,0.0,36781.48153216348,0.999496780765312
2502.0,0.11419550246318977,0.0,36798.858044975364,0.999968968613461
2503.0,2.492917807059257,0.0,36775.07082192941,0.9993225766828644
2504.0,2.506061146529646,0.0,36774.9393885347,0.9993190051232256
2505.0,0.3841679995157392,0.0,36796.15832000484,0.9998956065218707
2506.0,0.6173687295890886,0.0,36793.82631270411,0.9998322367582637
2507.0,2.2897846212354125,0.0,36777.102153787644,0.9993777759181425
2508.0,3.6159892733426204,0.0,36763.84010726657,0.9990173942192003
2509.0,3.275931027932529,0.0,36767.240689720675,0.9991098013511053
2510.0,2.949556629488143,0.0,36770.50443370512,0.9991984900463349
2511.0,2.4606683357342263,0.0,36775.39331664266,0.9993313401261592
2512.0,1.6569993846469515,0.0,36783.43000615353,0.9995497284280851
2513.0,2.8062695720404918,0.0,36771.93730427959,0.9992374267467281
2514.0,2.3156983903395485,0.0,36776.8430160966,0.9993707341330599
2515.0,2.043899540075472,0.0,36779.56100459924,0.9994445925162838
2516.0,1.7944230912298735,0.0,36782.0557690877,0.9995123850295572
2517.0,1.322350836037458,0.0,36786.776491639626,0.9996406655336855
2518.0,2.3604874818547614,0.0,36776.39512518145,0.9993585631842785
2519.0,0.14674011320903446,0.0,36798.53259886791,0.9999601249692367
2520.0,0.0,0.0,36800.0,1.0
2521.0,0.0,0.0,36800.0,1.0
2522.0,2.266698639657079,0.0,36777.33301360343,0.9993840492827019
2523.0,1.4077844668408943,0.0,36785.92215533159,0.9996174498731409
2524.0,0.998535537254611,0.0,36790.01464462745,0.9997286588213982
2525.0,1.5266572358063968,0.0,36784.733427641935,0.9995851474902699
2526.0,0.8120716489938786,0.0,36791.87928351006,0.9997793283562517
2527.0,0.4905959120951593,0.0,36795.09404087905,0.9998666858934524
2528.0,0.5105321314049434,0.0,36794.89467868595,0.9998612684425531
2529.0,1.9077113880907746,0.0,36780.92288611909,0.9994816001662797
2530.0,3.4346800361072383,0.0,36765.653199638924,0.9990666630336664
2531.0,3.2617435540114457,0.0,36767.382564459884,0.9991136566429316
2532.0,1.0071549007884641,0.0,36789.92845099211,0.9997263166030466
2533.0,1.0156753808382746,0.0,36789.843246191616,0.999724001255207
2534.0,2.004137088317293,0.0,36779.95862911682,0.9994553975303485
2535.0,3.491800061120557,0.0,36765.08199938879,0.999051141287739
2536.0,2.0159858617207647,0.0,36779.840141382796,0.9994521777549673
2537.0,1.2350955690922092,0.0,36787.64904430908,0.9996643762040511
2538.0,2.155736547369088,0.0,36778.442634526305,0.9994142020251714
2539.0,1.3448797633268441,0.0,36786.55120236673,0.9996345435425743
2540.0,0.1577796845795092,0.0,36798.4222031542,0.999957125085712
2541.0,1.2828161199481656,0.0,36787.17183880052,0.9996514086630576
2542.0,2.048536683759721,0.0,36779.514633162406,0.9994433324228914
2543.0,2.502972291864353,0.0,36774.97027708136,0.9993198444859065
2544.0,1.7942661221027265,0.0,36782.05733877897,0.9995124276842111
2545.0,1.0790905995295361,0.0,36789.209094004706,0.9997067688588235
2546.0,0.5750916578931538,0.0,36794.24908342107,0.9998437250929638
2547.0,2.0775503976938126,0.0,36779.22449602306,0.9994354482614962
2548.0,1.3277802914362837,0.0,36786.72219708563,0.9996391901381966
2549.0,1.6817397816303128,0.0,36783.1826021837,0.9995430054941222
2550.0,1.3106266468039394,0.0,36786.893733531964,0.9996438514546729
2551.0,2.0990212468800564,0.0,36779.0097875312,0.9994296137916087
2552.0,1.6286169133195472,0.0,36783.71383086681,0.9995574410561633
2553.0,0.9296990234051918,0.0,36790.703009765944,0.9997473643958137
2554.0,1.6470848973144712,0.0,36783.52915102686,0.9995524225822516
2555.0,1.952930330035997,0.0,36780.47069669964,0.9994693124103162
2556.0,3.4574542266441313,0.0,36765.42545773356,0.9990604743949337
2557.0,3.577644216367844,0.0,36764.22355783632,0.9990278140716391
2558.0,2.1551062860853563,0.0,36778.44893713915,0.9994143732918246
2559.0,1.8758970165422397,0.0,36781.24102983458,0.9994902453759397
2560.0,4.774135658724845,0.0,36752.25864341275,0.9987026805275204
2561.0,1.2797421449513422,0.0,36787.20257855049,0.9996522439823502
2562.0,0.0,0.0,36800.0,1.0
2563.0,1.8524087005712317,0.0,36781.47591299429,0.999496628070497
2564.0,2.055400904213002,0.0,36779.44599095787,0.9994414671455943
2565.0,3.1214008706606364,0.0,36768.78599129339,0.9991517932416683
2566.0,4.24215530874244,0.0,36757.57844691258,0.9988472404052331
2567.0,3.473752912924283,0.0,36765.26247087076,0.9990560454040968
2568.0,2.644370001309653,0.0,36773.5562999869,0.9992814211952962
2569.0,3.2280596661089476,0.0,36767.71940333891,0.9991228098733399
2570.0,1.8763203618464104,0.0,36781.236796381534,0.9994901303364547
2571.0,0.9510814918367032,0.0,36790.489185081635,0.9997415539424357
2572.0,2.6423854358704375,0.0,36773.576145641295,0.999281960479383
2573.0,1.3543149589563654,0.0,36786.45685041044,0.9996319796307185
2574.0,0.6058450744180846,0.0,36793.94154925582,0.9998353681862994
2575.0,2.0090125646461274,0.0,36779.909874353536,0.9994540726726504
2576.0,1.7966458005848835,0.0,36782.033541994155,0.9995117810324499
2577.0,1.1571407730093597,0.0,36788.428592269905,0.9996855595725518
2578.0,1.0346351782686725,0.0,36789.65364821731,0.99971884913634
2579.0,0.0,0.0,36800.0,1.0
2580.0,1.612387723653228,0.0,36783.87612276347,0.9995618511620508
2581.0,2.2954143639435642,0.0,36777.045856360564,0.9993762460967545
2582.0,0.8573397261402533,0.0,36791.4266027386,0.9997670272483314
2583.0,2.7453694025416553,0.0,36772.54630597458,0.9992539757058311
2584.0,2.3489208298205995,0.0,36776.510791701796,0.9993617062962444
2585.0,0.15647469160012406,0.0,36798.435253084,0.9999574797033695
2586.0,1.2550303199395785,0.0,36787.449696800606,0.9996589591521904
2587.0,2.469480918785848,0.0,36775.30519081214,0.9993289454025038
2588.0,1.9793348774060178,0.0,36780.20665122594,0.9994621372615745
2589.0,1.2692535944079282,0.0,36787.30746405592,0.9996550941319544
2590.0,0.03858498562794921,0.0,36799.61415014372,0.9999895149495577
2591.0,1.591813250294308,0.0,36784.08186749706,0.9995674420515505
2592.0,1.986805068162539,0.0,36780.13194931838,0.9994601073184342
2593.0,0.7041424762587667,0.0,36792.95857523741,0.9998086569357992
2594.0,1.6808994624898332,0.0,36783.191005375105,0.9995432338417148
2595.0,3.317300853354027,0.0,36766.826991466456,0.9990985595507189
2596.0,1.4388867881798433,0.0,36785.6111321182,0.999608998155386
2597.0,1.3251224799905685,0.0,36786.748775200096,0.9996399123695678
2598.0,1.63999783267991,0.0,36783.6000216732,0.9995543484150325
2599.0,0.6474086552552762,0.0,36793.52591344745,0.9998240737349849
2600.0,1.2078966128319735,0.0,36787.92103387168,0.9996717672247739
2601.0,3.684547900675625,0.0,36763.154520993245,0.9989987641574252
2602.0,2.5513687180405213,0.0,36774.486312819594,0.9993066932831411
2603.0,1.8505787889098428,0.0,36781.494212110905,0.9994971253291007
2604.0,0.4337536659509169,0.0,36795.66246334049,0.9998821321559916
2605.0,1.7690640210553283,0.0,36782.30935978945,0.999519276081235
2606.0,1.7824936725578482,0.0,36782.17506327442,0.9995156267194136
2607.0,1.6892660421981418,0.0,36783.10733957802,0.99954096031462
2608.0,1.871531960577613,0.0,36781.28468039422,0.9994914315324517
2609.0,1.612252000315948,0.0,36783.87747999684,0.9995618880433923
2610.0,2.15734728941743,0.0,36778.426527105825,0.9994137643235278
2611.0,0.18471697583845526,0.0,36798.15283024161,0.999949805169609
2612.0,1.8085392175235029,0.0,36781.914607824765,0.999508549125673
2613.0,0.2573721553794712,0.0,36797.426278446204,0.999930061914299
2614.0,0.8548755319311567,0.0,36791.45124468069,0.9997676968663232
2615.0,1.4160470992242153,0.0,36785.83952900776,0.9996152045926022
2616.0,3.379095779034742,0.0,36766.20904220965,0.9990817674513492
2617.0,5.054386613117913,0.0,36749.45613386882,0.9986265253768701
2618.0,2.1168409863503257,0.0,36778.8315901365,0.9994247714711005
2619.0,4.695451309386954,0.0,36753.04548690613,0.9987240621441883
2620.0,4.308785633065327,0.0,36756.912143669346,0.9988291343388409
2621.0,3.6644970510083112,0.0,36763.35502948992,0.9990042127578782
2622.0,1.7816542512246087,0.0,36782.18345748776,0.9995158548230368
2623.0,0.7497773551699538,0.0,36792.5022264483,0.9997962561534863
2624.0,2.2356810208229945,0.0,36777.64318979177,0.9993924779834721
2625.0,1.0813980617981542,0.0,36789.18601938202,0.9997061418310331
2626.0,0.5567547813193414,0.0,36794.432452186804,0.9998487079398588
2627.0,0.9417408289923515,0.0,36790.582591710074,0.9997440921660347
2628.0,2.3798778862842482,0.0,36776.201221137155,0.9993532940526401
2629.0,0.6852806111378413,0.0,36793.147193888624,0.9998137824426256
2630.0,0.24657614397028738,0.0,36797.5342385603,0.9999329956130516
2631.0,1.6694947863147718,0.0,36783.30505213685,0.9995463329385014
2632.0,1.3386100708785307,0.0,36786.61389929122,0.9996362472633483
2633.0,2.326909572704153,0.0,36776.73090427296,0.999367687616113
2634.0,3.271059768590476,0.0,36767.2894023141,0.9991111250628831
2635.0,2.130695527473563,0.0,36778.69304472527,0.9994210066501431
2636.0,0.6136882572213835,0.0,36793.86311742778,0.9998332368866245
2637.0,0.4183704469683107,0.0,36795.81629553032,0.9998863123785413
2638.0,1.2281186572440674,0.0,36787.71881342756,0.9996662721040097
2639.0,2.0288170356357114,0.0,36779.711829643646,0.9994486910229251
2640.0,0.7481073968911005,0.0,36792.51892603109,0.9997967099464969
2641.0,0.0,0.0,36800.0,1.0
2642.0,1.7132429971479723,0.0,36782.867570028524,0.9995344448377316
2643.0,1.8022292930245385,0.0,36781.97770706975,0.9995102637790694
2644.0,0.49134060503547516,0.0,36795.08659394964,0.9998664835312403
2645.0,2.321601078977892,0.0,36776.78398921022,0.999369130141582
2646.0,4.623475053941547,0.0,36753.765249460586,0.9987436209092551
2647.0,1.0656479160920753,0.0,36789.34352083908,0.9997104217619315
2648.0,0.7343953692966352,0.0,36792.656046307035,0.999800436040952
2649.0,4.524164389847556,0.0,36754.75835610153,0.9987706075027589
2650.0,4.2316046939663465,0.0,36757.68395306034,0.9988501074201179
2651.0,1.9004406538797411,0.0,36780.9955934612,0.9994835759092717
2652.0,0.6267771852421902,0.0,36793.73222814758,0.9998296801127059
2653.0,0.2109018895275767,0.0,36797.89098110473,0.9999426897039329
2654.0,2.7777000435221453,0.0,36772.22299956478,0.9992451902055647
2655.0,1.2011831865138447,0.0,36787.98816813486,0.9996735915254039
2656.0,4.052091741681124,0.0,36759.47908258319,0.9988988881136736
2657.0,3.503245131557833,0.0,36764.96754868442,0.9990480312142506
2658.0,0.9758658052860483,0.0,36790.24134194714,0.9997348190746506
2659.0,3.2865674325348664,0.0,36767.13432567465,0.9991069110237676
2660.0,2.1372438000939837,0.0,36778.62756199906,0.9994192272282354
2661.0,2.855215363638308,0.0,36771.44784636362,0.999224126259881
2662.0,2.1763173816752897,0.0,36778.236826183245,0.9994086094071534
2663.0,2.59215388633811,0.0,36774.07846113662,0.9992956103569733
2664.0,2.090286776920948,0.0,36779.09713223079,0.9994319872888802
2665.0,2.0680638073858972,0.0,36779.319361926144,0.9994380261392973
2666.0,0.2432627000539469,0.0,36797.56737299946,0.9999338960054202
2667.0,2.661038381306298,0.0,36773.389616186934,0.9992768917442102
2668.0,2.4028333423930235,0.0,36775.97166657607,0.9993470561569585
2669.0,2.929370015092445,0.0,36770.70629984907,0.999203975539377
2670.0,3.410273860914458,0.0,36765.897261390855,0.9990732951464907
2671.0,4.973214933395866,0.0,36750.267850666045,0.9986485828985339
2672.0,4.05599203405518,0.0,36759.44007965945,0.9988978282516154
2673.0,2.267548637390064,0.0,36777.324513626096,0.999383818305057
2674.0,1.2091819001548174,0.0,36787.90818099845,0.9996714179619144
2675.0,0.6792148749295848,0.0,36793.20785125071,0.9998154307405084
2676.0,3.4316276698737056,0.0,36765.68372330126,0.9990674924810126
2677.0,2.6820815093678902,0.0,36773.17918490632,0.9992711735028892
2678.0,0.21698328017646418,0.0,36797.83016719823,0.9999410371521259
2679.0,0.7968825720968198,0.0,36792.03117427903,0.9997834558227997
2680.0,2.4587429518196586,0.0,36775.4125704818,0.9993318633283098
2681.0,1.9999268676374413,0.0,36780.00073132363,0.9994565416120551
2682.0,1.5730732745628302,0.0,36784.26926725437,0.99957253443626
2683.0,0.6169392734068424,0.0,36793.83060726593,0.9998323534583133
2684.0,4.069719219371109,0.0,36759.30280780629,0.9988940980382145
2685.0,2.830257118956524,0.0,36771.69742881043,0.9992309083915878
2686.0,2.234286523517312,0.0,36777.65713476483,0.9993928569229573
2687.0,1.1263372229882407,0.0,36788.736627770115,0.9996939301024488
2688.0,1.700274381347299,0.0,36782.99725618653,0.9995379689181122
2689.0,0.8824443290004638,0.0,36791.17555671,0.9997602053453803
2690.0,1.7383238436541433,0.0,36782.61676156346,0.9995276293903115
2691.0,0.7253612419863202,0.0,36792.74638758013,0.9998028909668515
2692.0,1.946784576983191,0.0,36780.53215423017,0.9994709824519067
2693.0,0.750111277180622,0.0,36792.4988872282,0.9997961654138097
2694.0,1.5262555634112687,0.0,36784.737444365885,0.9995852566403773
2695.0,0.7561327800644904,0.0,36792.43867219936,0.9997945291358521
2696.0,1.750820973185455,0.0,36782.49179026815,0.9995242334311997
2697.0,1.1758324189027007,0.0,36788.241675810976,0.9996804803209505
2698.0,2.3900024804565874,0.0,36776.09997519544,0.9993505428042239
2699.0,0.8686046506868479,0.0,36791.31395349313,0.9997639661275308
2700.0,1.3614271266146716,0.0,36786.385728733854,0.9996300469764634
2701.0,2.538805927143585,0.0,36774.611940728566,0.9993101070850153
2702.0,0.9433394334555487,0.0,36790.566605665445,0.999743657762648
2703.0,2.217482547516738,0.0,36777.825174524834,0.9993974232207835
2704.0,0.08536173385164147,0.0,36799.146382661485,0.9999768038766708
2705.0,3.066912890762069,0.0,36769.33087109238,0.9991665997579451
2706.0,1.1367623618234575,0.0,36788.63237638176,0.9996910971842871
2707.0,2.3297784924502594,0.0,36776.7022150755,0.999366908018356
2708.0,1.5515467612094653,0.0,36784.484532387905,0.99957838403228
2709.0,2.2357028514088597,0.0,36777.64297148591,0.9993924720512476
2710.0,2.5830688552428,0.0,36774.16931144757,0.9992980791154231
2711.0,1.2297326156194686,0.0,36787.70267384381,0.9996658335283644
2712.0,1.4122342321534234,0.0,36785.877657678466,0.9996162406977844
2713.0,1.4796125954017043,0.0,36785.20387404598,0.9995979313599452
2714.0,2.240773653803899,0.0,36777.592263461964,0.9993910941158143
2715.0,1.7651322640358558,0.0,36782.34867735964,0.9995203444934684
2716.0,1.73238740916986,0.0,36782.6761259083,0.9995292425518559
2717.0,0.3260670995127839,0.0,36796.73932900487,0.999911394809915
2718.0,2.1029891193602452,0.0,36778.970108806396,0.9994285355653912
2719.0,2.386085385775459,0.0,36776.139146142246,0.9993516072321262
2720.0,1.3809562090127656,0.0,36786.19043790987,0.9996247401605943
2721.0,3.8915793766627758,0.0,36761.08420623337,0.9989425056041676
2722.0,0.4178570375001982,0.0,36795.821429625,0.9998864518919837
2723.0,2.10738759297692,0.0,36778.92612407023,0.9994273403279954
2724.0,1.683714721936667,0.0,36783.16285278063,0.9995424688255606
2725.0,1.9956367796939958,0.0,36780.04363220306,0.9994577073968223
2726.0,0.9014892779164256,0.0,36790.98510722083,0.9997550300875226
2727.0,0.7706403117149421,0.0,36792.29359688285,0.9997905868718167
2728.0,1.5725156925827832,0.0,36784.27484307417,0.9995726859531024
2729.0,0.7615178254764032,0.0,36792.38482174523,0.9997930658082944
2730.0,0.9035496066999258,0.0,36790.964503933,0.9997544702155706
2731.0,1.4206698342377422,0.0,36785.79330165762,0.9996139484146093
2732.0,0.6805163497283502,0.0,36793.19483650272,0.9998150770788783
2733.0,0.6828066855446195,0.0,36793.17193314456,0.9998144547050152
2734.0,4.730193043534655,0.0,36752.698069564656,0.9987146214555613
2735.0,5.505728013970838,0.0,36744.94271986029,0.9985038782570732
2736.0,0.981933988142373,0.0,36790.180660118574,0.9997331701119178
2737.0,2.5246463788375877,0.0,36774.753536211625,0.9993139547883594
2738.0,4.257298459811409,0.0,36757.42701540189,0.9988431254185296
2739.0,3.0917222830071296,0.0,36769.082777169926,0.9991598580752697
2740.0,3.994540644979679,0.0,36760.0545935502,0.9989145269986468
2741.0,2.3620856197803732,0.0,36776.379143802194,0.9993581289076683
2742.0,1.7215655760055597,0.0,36782.784344239946,0.9995321832673898
2743.0,1.4394382904183658,0.0,36785.60561709582,0.9996088482906472
2744.0,1.8431275181937963,0.0,36781.56872481806,0.9994991501309256
2745.0,0.9173572651498034,0.0,36790.826427348504,0.9997507181344703
2746.0,3.006735605689755,0.0,36769.9326439431,0.9991829522810626
2747.0,2.0009712700220916,0.0,36779.99028729978,0.9994562578070592
2748.0,1.9241235439358206,0.0,36780.75876456064,0.9994771403413217
2749.0,0.07791581926403524,0.0,36799.22084180736,0.999978827223026
2750.0,1.3345080415519988,0.0,36786.65491958448,0.9996373619452303
2751.0,2.369469829155605,0.0,36776.305301708446,0.9993561223290338
2752.0,2.54449537996652,0.0,36774.55504620034,0.9993085610380527
2753.0,2.5828492336772797,0.0,36774.171507663224,0.9992981387951964
2754.0,0.41238729989390777,0.0,36795.87612700106,0.9998879382337245
2755.0,1.8234782479826208,0.0,36781.76521752017,0.9995044896065265
2756.0,3.3294609249028326,0.0,36766.70539075097,0.9990952551834502
2757.0,1.4258768821678132,0.0,36785.74123117832,0.9996125334559326
2758.0,2.0360020988587166,0.0,36779.639979011416,0.9994467385600928
2759.0,1.0530276311324087,0.0,36789.46972368868,0.9997138511871924
2760.0,1.4323143312403772,0.0,36785.6768566876,0.9996107841491195
2761.0,2.4753646338208455,0.0,36775.246353661794,0.9993273465668966
2762.0,1.598235629255214,0.0,36784.01764370745,0.9995656968398763
2763.0,1.9493005614726826,0.0,36780.50699438527,0.9994702987604693
2764.0,1.6170782438680362,0.0,36783.82921756132,0.9995605765641662
2765.0,1.2573642668266984,0.0,36787.42635733173,0.9996583249274926
2766.0,2.1407490413753294,0.0,36778.59250958625,0.9994182747170176
2767.0,1.077075745646198,0.0,36789.22924254354,0.9997073163734657
2768.0,0.5854184321951834,0.0,36794.14581567805,0.9998409189042948
2769.0,0.0,0.0,36800.0,1.0
2770.0,0.1490634223764573,0.0,36798.50936577623,0.9999594936352237
2771.0,2.6936949414171067,0.0,36773.06305058583,0.9992680176789627
2772.0,4.513873936374694,0.0,36754.86126063625,0.9987734038216373
2773.0,1.6538407512957747,0.0,36783.461592487045,0.9995505867523653
2774.0,1.4019043408384277,0.0,36785.980956591615,0.9996190477334678
2775.0,2.107748944335981,0.0,36778.922510556644,0.9994272421346914
2776.0,1.9669196944696523,0.0,36780.3308030553,0.9994655109525897
2777.0,2.2622662922740346,0.0,36777.37733707726,0.9993852537249256
2778.0,0.6144994065243736,0.0,36793.855005934754,0.9998330164656183
2779.0,0.6582767033523851,0.0,36793.41723296647,0.9998211204610454
2780.0,0.2988535695521932,0.0,36797.01146430448,0.9999187897908826
2781.0,2.559016627593792,0.0,36774.409833724065,0.9993046150468496
2782.0,1.2913312378327646,0.0,36787.086687621675,0.9996490947723281
2783.0,2.4019088979075605,0.0,36775.980911020924,0.999347307364699
2784.0,2.943269975034127,0.0,36770.56730024966,0.9992001983763495
2785.0,3.123757213110366,0.0,36768.762427868896,0.99915115293122
2786.0,1.9927225266128517,0.0,36780.07277473387,0.9994584993134203
2787.0,2.1273089948822417,0.0,36778.72691005118,0.9994219269035646
2788.0,2.2312114456294694,0.0,36777.6878855437,0.9993936925419484
2789.0,2.117417220232255,0.0,36778.82582779768,0.9994246148858065
2790.0,0.941024478442614,0.0,36790.58975521557,0.9997442868265102
2791.0,0.0,0.0,36800.0,1.0
2792.0,0.13317270684092364,0.0,36798.668272931594,0.9999638117644455
2793.0,2.739624960583569,0.0,36772.60375039416,0.9992555366954935
2794.0,3.2983504796925445,0.0,36767.016495203075,0.9991037091087792
2795.0,1.8166068908249144,0.0,36781.83393109175,0.9995063568231454
2796.0,1.4050073203220563,0.0,36785.94992679678,0.9996182045325211
2797.0,1.2933496892951553,0.0,36787.066503107046,0.9996485462800828
2798.0,0.33296079702631687,0.0,36796.67039202974,0.9999095215225472
2799.0,4.666111330686363,0.0,36753.338886693135,0.9987320349644874
2800.0,5.296763026051394,0.0,36747.032369739485,0.9985606622211817
2801.0,0.052092608436396404,0.0,36799.47907391564,0.9999858443998815
2802.0,0.0,0.0,36800.0,1.0
2803.0,0.0,0.0,36800.0,1.0
2804.0,0.8821135743983177,0.0,36791.17886425601,0.9997602952243482
2805.0,1.170696485587996,0.0,36788.29303514412,0.9996818759550032
2806.0,3.525689568435155,0.0,36764.74310431565,0.9990419321824904
2807.0,1.7084905991232517,0.0,36782.91509400877,0.9995357362502384
2808.0,4.924428266459472,0.0,36750.75571733541,0.9986618401449839
2809.0,0.804052107806001,0.0,36791.95947892194,0.9997815075794005
2810.0,0.18563337942123326,0.0,36798.14366620579,0.9999495561468964
2811.0,3.47428590463187,0.0,36765.25714095368,0.9990559005693935
2812.0,2.289404639955592,0.0,36777.10595360045,0.9993778791739252
2813.0,2.861892865077607,0.0,36771.38107134923,0.9992223117214464
2814.0,2.204663371666811,0.0,36777.953366283335,0.9994009066924819
2815.0,3.0477520191243457,0.0,36769.52247980876,0.9991718065165424
2816.0,1.9602545172620012,0.0,36780.39745482738,0.9994673221420485
2817.0,1.2566206624819642,0.0,36787.43379337518,0.9996585269938908
2818.0,2.5113363957420916,0.0,36774.88663604258,0.9993175716315918
2819.0,2.424998010125819,0.0,36775.75001989874,0.9993410331494222
2820.0,0.8152335711342857,0.0,36791.84766428866,0.9997784691382788
2821.0,0.5230306098078472,0.0,36794.76969390192,0.9998578721169
2822.0,2.808738238864862,0.0,36771.91261761135,0.9992367559133519
2823.0,0.673579162875285,0.0,36793.26420837125,0.9998169621840013
2824.0,0.9273253946162185,0.0,36790.726746053835,0.9997480094036368
2825.0,1.075652904798062,0.0,36789.24347095202,0.9997077030150004
2826.0,1.2125947037725382,0.0,36787.874052962274,0.999670490569627
2827.0,0.7893507416729335,0.0,36792.10649258327,0.9997855025158497
2828.0,0.5741053322426524,0.0,36794.258946677575,0.9998439931162385
2829.0,0.6102200769005321,0.0,36793.897799230996,0.9998341793269292
2830.0,2.3899539840285797,0.0,36776.100460159716,0.999350555982601
2831.0,2.3797435594601666,0.0,36776.2025644054,0.9993533305544946
2832.0,4.261130214958484,0.0,36757.388697850416,0.9988420841807178
2833.0,1.606592093137806,0.0,36783.934079068626,0.9995634260616474
2834.0,3.1078698295013965,0.0,36768.921301704984,0.9991554701550267
2835.0,0.08893854024745451,0.0,36799.11061459753,0.9999758319184111
2836.0,0.6183889032777188,0.0,36793.81611096722,0.9998319595371528
2837.0,0.38303858440212935,0.0,36796.16961415598,0.9998959134281517
2838.0,0.957932734845599,0.0,36790.42067265154,0.999739692191618
2839.0,1.6021914610973909,0.0,36783.978085389026,0.9995646218855714
2840.0,2.2552780387936764,0.0,36777.44721961206,0.9993871527068495
2841.0,3.0767243075574697,0.0,36769.23275692442,0.9991639336120767
2842.0,0.11728002346762878,0.0,36798.82719976532,0.9999681304284055
2843.0,1.518913102721399,0.0,36784.81086897279,0.9995872518742606
2844.0,2.37958682418639,0.0,36776.20413175814,0.9993533731456016
2845.0,2.192602965983042,0.0,36778.07397034017,0.9994041839766351
2846.0,1.274148606459221,0.0,36787.258513935405,0.999653763965636
2847.0,1.0961906812931375,0.0,36789.03809318707,0.9997021220974747
2848.0,2.830295541184114,0.0,36771.69704458816,0.9992308979507653
2849.0,1.6329667761415294,0.0,36783.67033223859,0.9995562590282225
2850.0,2.20489038956066,0.0,36777.95109610439,0.9994008450028368
2851.0,1.9862580733688446,0.0,36780.13741926631,0.9994602559583238
2852.0,0.9065744195395382,0.0,36790.934255804605,0.9997536482555599
2853.0,1.900523491482545,0.0,36780.994765085175,0.9994835533990537
2854.0,5.04788433676822,0.0,36749.52115663232,0.9986282922997913
2855.0,5.752719370211253,0.0,36742.47280629789,0.9984367610407036
2856.0,2.4297584239393473,0.0,36775.70241576061,0.9993397395587121
2857.0,1.1768879932219534,0.0,36788.23112006778,0.9996801934801027
2858.0,0.8523861789908551,0.0,36791.47613821009,0.9997683733209264
2859.0,1.4949037322489858,0.0,36785.05096267751,0.9995937761597149
2860.0,2.3751110555144805,0.0,36776.248889444854,0.9993545893870884
2861.0,0.6849058261223036,0.0,36793.15094173878,0.9998138842863799
2862.0,2.2142786694730603,0.0,36777.857213305266,0.999398293839817
2863.0,1.6050592531596521,0.0,36783.949407468404,0.9995638425942501
2864.0,2.8205163276170424,0.0,36771.79483672383,0.9992335553457562
2865.0,3.0732486974734456,0.0,36769.26751302527,0.9991648780713388
2866.0,2.4690508027338183,0.0,36775.309491972665,0.9993290622818659
2867.0,1.1545964777428708,0.0,36788.454035222574,0.9996862509571351
2868.0,0.9131107000189331,0.0,36790.86889299981,0.9997518720923861
2869.0,0.3393263902048602,0.0,36796.60673609795,0.9999077917417921
2870.0,4.010863513841741,0.0,36759.891364861585,0.9989100914364561
2871.0,2.6414666217478953,0.0,36773.585333782525,0.9992822101571338
2872.0,2.4943654011381113,0.0,36775.05634598862,0.9993221833149081
2873.0,1.6084627131563138,0.0,36783.91537286844,0.9995629177409902
2874.0,1.1985173087455223,0.0,36788.01482691254,0.9996743159487104
2875.0,0.8139557587269337,0.0,36791.86044241273,0.9997788163699113
2876.0,1.8200528010756898,0.0,36781.799471989245,0.9995054204344903
2877.0,1.8361884578175705,0.0,36781.638115421825,0.9995010357451583
2878.0,1.2750158797421136,0.0,36787.24984120258,0.9996535282935484
2879.0,1.9204231608337068,0.0,36780.79576839166,0.9994781458802082
2880.0,0.16010193324336797,0.0,36798.39898066757,0.9999564940398795
2881.0,1.0548238095184388,0.0,36789.45176190481,0.9997133630952395
2882.0,3.327039849143148,0.0,36766.72960150857,0.9990959130844719
2883.0,3.38031815313434,0.0,36766.196818468656,0.9990814352844744
2884.0,0.2476421330075027,0.0,36797.52357866993,0.9999327059421176
2885.0,0.8280928101798963,0.0,36791.7190718982,0.9997749747798425
2886.0,0.17269872633141858,0.0,36798.27301273669,0.9999530709982796
2887.0,1.50239773213616,0.0,36784.97602267864,0.9995917397467021
2888.0,1.715253345522342,0.0,36782.84746654478,0.9995338985474125
2889.0,2.1290860277745196,0.0,36778.709139722254,0.9994214440141916
2890.0,2.723824982568658,0.0,36772.761750174315,0.9992598301677803
2891.0,2.1662567474031675,0.0,36778.337432525965,0.9994113432751621
2892.0,1.5757730075297331,0.0,36784.2422699247,0.9995718008131713
2893.0,3.3492129741262033,0.0,36766.507870258734,0.99908988777877
2894.0,1.4125495089083415,0.0,36785.87450491091,0.9996161550247531
2895.0,3.1412499213597584,0.0,36768.5875007864,0.9991463994778913
2896.0,1.657975803692807,0.0,36783.420241963075,0.9995494630968227
2897.0,3.432170531633801,0.0,36765.67829468366,0.9990673449642299
2898.0,3.011919444754767,0.0,36769.88080555245,0.9991815436291427
2899.0,3.6003306847428576,0.0,36763.99669315257,0.9990216492704503
2900.0,2.9063496972248686,0.0,36770.936503027755,0.9992102310605369
2901.0,1.4337545827170288,0.0,36785.66245417283,0.9996103927764356
2902.0,2.2010648370919625,0.0,36777.98935162908,0.9994018845551381
2903.0,2.184773912787932,0.0,36778.15226087212,0.9994063114367424
2904.0,1.9194730499498291,0.0,36780.8052695005,0.9994784040625136
2905.0,0.6495607243355153,0.0,36793.504392756644,0.9998234889336045
2906.0,2.5846779403541404,0.0,36774.15322059646,0.9992976418640342
2907.0,2.6596237023723006,0.0,36773.403762976275,0.9992772761678336
2908.0,2.1450328168339183,0.0,36778.54967183166,0.9994171106475994
2909.0,1.1849138774018684,0.0,36788.15086122598,0.9996780125333147
2910.0,1.7859383278359928,0.0,36782.14061672164,0.9995146906717837
2911.0,1.0082811207830673,0.0,36789.91718879217,0.9997260105650047
2912.0,0.7020484707277319,0.0,36792.979515292725,0.9998092259590414
2913.0,4.06123741896954,0.0,36759.387625810305,0.99889640287528
2914.0,1.3913704389342456,0.0,36786.08629561066,0.9996219102068113
2915.0,1.572352344455794,0.0,36784.276476555446,0.9995727303411805
2916.0,0.28516609123471426,0.0,36797.14833908765,0.9999225092143383
2917.0,1.3978308558539538,0.0,36786.02169144146,0.9996201546587354
2918.0,0.96553410333172,0.0,36790.344658966686,0.9997376266023555
2919.0,1.3312422039734884,0.0,36786.68757796026,0.9996382494010941
2920.0,0.3104059648303519,0.0,36796.89594035169,0.9999156505530351
2921.0,0.0,0.0,36800.0,1.0
2922.0,0.9978616603652881,0.0,36790.02138339635,0.9997288419401182
2923.0,1.034984041516509,0.0,36789.65015958484,0.9997187543365446
2924.0,0.9731133764094011,0.0,36790.26886623591,0.9997355670172801
2925.0,0.40632353724595305,0.0,36795.93676462754,0.9998895859953136
2926.0,3.2564347767856816,0.0,36767.43565223215,0.9991150992454387
2927.0,3.962514014875069,0.0,36760.37485985125,0.9989232298872621
2928.0,3.5098258649409217,0.0,36764.90174135059,0.9990462429714835
2929.0,3.1832541717335516,0.0,36768.16745828267,0.9991349852794204
2930.0,1.0642135298026005,0.0,36789.357864701975,0.9997108115408145
2931.0,0.6513555398041717,0.0,36793.48644460196,0.9998230012120097
2932.0,1.6839861373714484,0.0,36783.160138626285,0.9995423950713664
2933.0,2.998513575240395,0.0,36770.0148642476,0.9991851865284673
2934.0,2.5426509403828277,0.0,36774.57349059617,0.9993090622444613
2935.0,1.854490924838501,0.0,36781.45509075162,0.9994960622486853
2936.0,1.3447074586501913,0.0,36786.552925413496,0.9996345903644972
2937.0,2.1302706436904373,0.0,36778.6972935631,0.9994211221076928
2938.0,1.4537359773303251,0.0,36785.462640226695,0.9996049630496384
2939.0,0.0,0.0,36800.0,1.0
2940.0,0.0,0.0,36800.0,1.0
2941.0,0.6046254245393357,0.0,36793.95374575461,0.999835699612897
2942.0,1.7609259677965383,0.0,36782.39074032204,0.999521487508751
2943.0,0.951295898889839,0.0,36790.4870410111,0.9997414956796495
2944.0,1.5184507615213079,0.0,36784.81549238479,0.9995873775104562
2945.0,1.9501523466733488,0.0,36780.49847653326,0.9994700672970995
2946.0,0.2239631512647975,0.0,36797.760368487354,0.9999391404480259
2947.0,0.4988349604263931,0.0,36795.01165039574,0.9998644470216234
2948.0,1.6924054441424232,0.0,36783.07594555858,0.9995401072162657
2949.0,2.7038915755993003,0.0,36772.96108424401,0.9992652468544567
2950.0,1.1138685096993868,0.0,36788.861314903006,0.9996973183397556
2951.0,0.4271705837800255,0.0,36795.728294162196,0.9998839210370162
2952.0,0.9547718865455863,0.0,36790.452281134545,0.9997405511177866
2953.0,0.6929572353747062,0.0,36793.07042764625,0.9998116964034307
2954.0,2.9839351003906813,0.0,36770.16064899609,0.9991891480705459
2955.0,1.7465419018294597,0.0,36782.53458098171,0.999525396222329
2956.0,3.4140796155252247,0.0,36765.859203844746,0.999072260974042
2957.0,2.6966948942408635,0.0,36773.03305105759,0.9992672024743909
2958.0,0.4691716893398734,0.0,36795.3082831066,0.9998725076931141
2959.0,0.8401349627392847,0.0,36791.59865037261,0.9997717024557774
2960.0,0.7955774853044204,0.0,36792.04422514696,0.9997838104659499
2961.0,0.0,0.0,36800.0,1.0
2962.0,2.1309044330560027,0.0,36778.69095566944,0.9994209498823217
2963.0,2.938630772387114,0.0,36770.61369227613,0.9992014590292426
2964.0,3.649576356878697,0.0,36763.50423643121,0.9990082672943263
2965.0,1.429621528399366,0.0,36785.70378471601,0.999611515889022
2966.0,1.9058107935579756,0.0,36780.941892064424,0.9994821166321854
2967.0,2.2928084979789674,0.0,36777.07191502021,0.9993769542125058
2968.0,3.3043702806212423,0.0,36766.956297193785,0.9991020732933094
2969.0,2.825940462199924,0.0,36771.740595378,0.9992320813961414
2970.0,0.5523032430469357,0.0,36794.47696756953,0.999849917596998
2971.0,1.179037124632032,0.0,36788.20962875368,0.9996796094770021
2972.0,2.012176545069451,0.0,36779.87823454931,0.9994532128953617
2973.0,1.9708620023366166,0.0,36780.29137997663,0.999464439673278
2974.0,1.110347116729372,0.0,36788.89652883271,0.9996982752400193
2975.0,3.2414468920528634,0.0,36767.58553107947,0.9991191720402031
2976.0,1.681219591766876,0.0,36783.18780408233,0.9995431468500633
2977.0,0.8232750910055984,0.0,36791.76724908994,0.9997762839426615
2978.0,0.3571412086021155,0.0,36796.42858791398,0.9999029507585321
2979.0,0.6709533978701074,0.0,36793.290466021295,0.9998176757071005
2980.0,2.385705982917443,0.0,36776.14294017082,0.9993517103307289
2981.0,2.3823050472028626,0.0,36776.17694952797,0.9993526344980428
2982.0,1.2813615814411605,0.0,36787.18638418559,0.9996518039180866
2983.0,0.9338592731269273,0.0,36790.66140726873,0.999746233893172
2984.0,0.649714630703329,0.0,36793.50285369297,0.999823447111222
2985.0,1.5934118169084286,0.0,36784.06588183092,0.9995670076584489
2986.0,1.7624151081663513,0.0,36782.37584891834,0.9995210828510418
2987.0,0.5942037657350738,0.0,36794.057962342646,0.9998385315853979
2988.0,4.356879591591678,0.0,36756.43120408408,0.9988160653283717
2989.0,5.328722554854721,0.0,36746.71277445145,0.9985519775666155
2990.0,2.3301921403890447,0.0,36776.698078596106,0.9993667956140246
2991.0,1.2238954514045872,0.0,36787.76104548595,0.9996674197142922
2992.0,3.651283190200047,0.0,36763.487168098,0.9990078034809239
2993.0,3.747811846843433,0.0,36762.52188153157,0.9989815728677056
2994.0,2.4516066966652943,0.0,36775.48393303335,0.9993338025280801
2995.0,1.359862437083848,0.0,36786.40137562916,0.9996304721638359
2996.0,1.9338853374620157,0.0,36780.66114662538,0.9994744876800375
2997.0,2.0288245238716627,0.0,36779.71175476129,0.9994486889880785
2998.0,3.59661830244022,0.0,36764.0338169756,0.9990226580699891
2999.0,2.569955121780822,0.0,36774.30044878219,0.9993016426299508
3000.0,3.426262676708575,0.0,36765.737373232914,0.9990689503595901
3001.0,2.118425636198481,0.0,36778.81574363801,0.9994243408597286
3002.0,1.8996202511470983,0.0,36781.00379748853,0.999483798844797
3003.0,1.83767723283745,0.0,36781.623227671626,0.9995006311867289
3004.0,3.22785469620203,0.0,36767.72145303798,0.9991228655716842
3005.0,2.6292286151947337,0.0,36773.70771384805,0.9992855357023928
3006.0,1.1179961190709946,0.0,36788.82003880929,0.9996961967067741
3007.0,1.8415076650712763,0.0,36781.584923349285,0.9994995903084045
3008.0,2.3900952686949495,0.0,36776.09904731305,0.9993505175900286
3009.0,1.6715065420007704,0.0,36783.28493457999,0.9995457862657606
3010.0,1.7873284574661739,0.0,36782.12671542534,0.9995143129191667
3011.0,2.5118670671768086,0.0,36774.88132932823,0.9993174274273975
3012.0,3.3198687844792403,0.0,36766.80131215521,0.999097861743348
3013.0,1.1402046527796301,0.0,36788.59795347221,0.999690161779136
3014.0,1.0683543002082843,0.0,36789.31645699792,0.9997096863314652
3015.0,2.0488027505357422,0.0,36779.51197249464,0.999443260122137
3016.0,0.8880210608376728,0.0,36791.119789391625,0.9997586899291202
3017.0,1.2108172444059164,0.0,36787.89182755594,0.9996709735748897
3018.0,1.4465595794149522,0.0,36785.53440420585,0.9996069131577676
3019.0,1.1430067444848646,0.0,36788.569932555154,0.9996894003411727
3020.0,0.2057601668461757,0.0,36797.942398331536,0.9999440869111831
3021.0,0.789501588969415,0.0,36792.10498411031,0.9997854615247367
3022.0,2.981360939187198,0.0,36770.18639060813,0.999189847570873
3023.0,1.2374205970149887,0.0,36787.62579402985,0.9996637444029851
3024.0,0.7952665636848906,0.0,36792.04733436315,0.9997838949555204
3025.0,2.492117588225483,0.0,36775.07882411774,0.9993227941336343
3026.0,2.4714138547305993,0.0,36775.28586145269,0.999328420148171
3027.0,2.1945573856492047,0.0,36778.054426143506,0.9994036528843344
3028.0,2.996861278027609,0.0,36770.03138721972,0.999185635522275
3029.0,1.0691466346070229,0.0,36789.30853365393,0.9997094710232046
3030.0,0.9259738847376866,0.0,36790.74026115262,0.999748376661756
3031.0,1.0761541026872692,0.0,36789.23845897313,0.999707566819922
3032.0,0.9847056421263005,0.0,36790.15294357874,0.9997324169450744
3033.0,1.0188140949976514,0.0,36789.81185905002,0.9997231483437506
3034.0,2.0716717627165053,0.0,36779.28328237284,0.9994370457166533
3035.0,2.372511349994056,0.0,36776.27488650006,0.999355295828806
3036.0,0.8336202589766799,0.0,36791.663797410234,0.9997734727557129
3037.0,1.9250098192837868,0.0,36780.74990180716,0.9994768995056293
3038.0,1.8100319055884029,0.0,36781.899680944116,0.9995081435039161
3039.0,0.6124529821263422,0.0,36793.87547017874,0.9998335725592049
3040.0,2.350943689190899,0.0,36776.49056310809,0.9993611566061982
3041.0,3.5888112578168148,0.0,36764.11188742183,0.9990247795495063
3042.0,2.460515935104013,0.0,36775.39484064896,0.9993313815393738
3043.0,0.0,0.0,36800.0,1.0
3044.0,0.0,0.0,36800.0,1.0
3045.0,0.27903428660511054,0.0,36797.20965713395,0.9999241754655964
3046.0,1.4421245841549535,0.0,36785.57875415845,0.9996081183195231
3047.0,1.103521945995908,0.0,36788.96478054004,0.9997001299059793
3048.0,1.1819433089463018,0.0,36788.18056691054,0.9996788197530038
3049.0,0.22777117664190882,0.0,36797.72228823358,0.9999381056585211
3050.0,3.316645505582983,0.0,36766.83354494417,0.9990987376343525
3051.0,2.5345408225748542,0.0,36774.65459177425,0.999311266080822
3052.0,0.9318374323283933,0.0,36790.68162567672,0.9997467833064326
3053.0,0.24323187603067709,0.0,36797.56768123969,0.9999339043815134
3054.0,2.7552563065851245,0.0,36772.44743693415,0.9992512890471236
3055.0,4.244979095232338,0.0,36757.55020904768,0.9988464730719478
3056.0,2.2139379449085936,0.0,36777.86062055091,0.9993983864280139
3057.0,3.1541455068900177,0.0,36768.4585449311,0.9991428952426928
3058.0,1.694638785699226,0.0,36783.053612143005,0.999539500329973
3059.0,1.9305801967493608,0.0,36780.69419803251,0.9994753858161007
3060.0,1.4197877716178482,0.0,36785.80212228382,0.9996141881055386
3061.0,2.7344491910143915,0.0,36772.655508089854,0.9992569431546156
3062.0,0.7636584628635319,0.0,36792.363415371365,0.9997924841133523
3063.0,2.214627904788813,0.0,36777.85372095211,0.999398198938916
3064.0,0.7085166290471534,0.0,36792.914833709525,0.999807468307324
3065.0,2.543822413691487,0.0,36774.56177586308,0.9993087439093229
3066.0,1.7371553576595034,0.0,36782.628446423405,0.9995279469136795
3067.0,2.0432961971750956,0.0,36779.567038028246,0.9994447564681589
3068.0,3.380677871552507,0.0,36766.19322128448,0.9990813375349042
3069.0,1.397335064645631,0.0,36786.026649353546,0.9996202893846072
3070.0,0.8703688494515518,0.0,36791.29631150549,0.9997634867256926
3071.0,0.615681378665613,0.0,36793.843186213344,0.9998326952775365
3072.0,2.057794788663614,0.0,36779.42205211336,0.9994408166335152
3073.0,2.2394798695363534,0.0,36777.605201304636,0.999391445687626
3074.0,0.9514793267135246,0.0,36790.48520673286,0.9997414458351321
3075.0,2.111033154013512,0.0,36778.889668459866,0.9994263496864094
3076.0,0.6907203003015638,0.0,36793.092796996985,0.9998123042662225
3077.0,1.3176942079749097,0.0,36786.82305792025,0.9996419309217459
3078.0,3.0736235006070274,0.0,36769.26376499393,0.9991647762226611
3079.0,2.514328291068523,0.0,36774.856717089315,0.9993167586165574
3080.0,1.43122829515778,0.0,36785.68771704842,0.9996110792676202
3081.0,1.5242192538462405,0.0,36784.75780746154,0.9995858099853678
3082.0,1.5027494772893988,0.0,36784.97250522711,0.9995916441637801
3083.0,3.554268033367862,0.0,36764.45731966632,0.9990341662952804
3084.0,1.4523145917669353,0.0,36785.47685408233,0.9996053492957154
3085.0,0.055536975151426304,0.0,36799.44463024849,0.9999849084306655
3086.0,1.4452556440141962,0.0,36785.54744355986,0.9996072674880396
3087.0,3.118610727644864,0.0,36768.81389272355,0.9991525514327051
3088.0,1.1025126575286777,0.0,36788.97487342471,0.9997004041691497
3089.0,0.33428576634514684,0.0,36796.657142336546,0.9999091614765365
3090.0,1.6273228992172335,0.0,36783.72677100783,0.9995577926904302
3091.0,1.799821146069462,0.0,36782.0017885393,0.9995109181668289
3092.0,2.2165477566541085,0.0,36777.83452243346,0.9993976772400397
3093.0,1.6765132527721107,0.0,36783.23486747228,0.9995444257465294
3094.0,0.8319719424944196,0.0,36791.680280575056,0.9997739206678005
3095.0,1.2035067231076937,0.0,36787.964932768926,0.9996729601295904
3096.0,1.6534322612174037,0.0,36783.46567738782,0.9995506977551039
3097.0,1.878091079029673,0.0,36781.219089209706,0.9994896491633072
3098.0,0.9399006999342419,0.0,36790.600993000655,0.9997445922011048
3099.0,4.351908710345015,0.0,36756.48091289655,0.9988174161113192
3100.0,0.7999144574478123,0.0,36792.00085542552,0.9997826319409108
3101.0,1.4430908244662533,0.0,36785.56909175534,0.9996078557542211
3102.0,2.446073288914249,0.0,36775.53926711086,0.9993353061714907
3103.0,0.11759284784693591,0.0,36798.82407152153,0.9999680454217806
3104.0,0.0389151715803564,0.0,36799.610848284196,0.999989425225114
3105.0,3.2666852761585687,0.0,36767.333147238416,0.9991123137836526
3106.0,4.422714772843847,0.0,36755.77285227156,0.9987981753334664
3107.0,4.742607874645728,0.0,36752.57392125354,0.9987112478601505
3108.0,4.602413456658269,0.0,36753.975865433415,0.9987493441693862
3109.0,2.5375095343606517,0.0,36774.62490465639,0.9993104593656628
3110.0,1.233692894655178,0.0,36787.66307105345,0.9996647573655829
3111.0,0.18308830143905652,0.0,36798.169116985606,0.9999502477441741
3112.0,0.6478564489116252,0.0,36793.521435510884,0.9998239520519262
3113.0,2.474655428969072,0.0,36775.25344571031,0.9993275392856062
3114.0,1.0266416935155576,0.0,36789.733583064844,0.999721021278936
3115.0,2.24165251175873,0.0,36777.58347488241,0.9993908552957177
3116.0,0.6206850558960468,0.0,36793.79314944104,0.9998313355826368
3117.0,3.6903910106489093,0.0,36763.09608989351,0.9989971763558019
3118.0,1.3155417655411838,0.0,36786.84458234459,0.9996425158245812
3119.0,0.5297141693686171,0.0,36794.702858306315,0.9998560559322368
3120.0,0.4726256475905757,0.0,36795.27374352409,0.9998715691175025
3121.0,0.9523676429603256,0.0,36790.476323570394,0.9997412044448477
3122.0,2.545296692268039,0.0,36774.54703307732,0.9993083432901445
3123.0,2.0333774879413795,0.0,36779.666225120585,0.9994474517695812
3124.0,3.5753870780617945,0.0,36764.246129219384,0.9990284274244398
3125.0,3.1075569355080006,0.0,36768.92443064492,0.9991555551805684
3126.0,4.398377119604447,0.0,36756.01622880396,0.9988047888261945
3127.0,0.5255468647474117,0.0,36794.744531352524,0.9998571883519708
3128.0,2.097952129915484,0.0,36779.02047870085,0.999429904312523
3129.0,2.632766020190502,0.0,36773.6723397981,0.9992845744510352
3130.0,3.1718865107091005,0.0,36768.28113489291,0.9991380743177422
3131.0,1.8877364082031818,0.0,36781.12263591797,0.9994870281499448
3132.0,0.9047935698972651,0.0,36790.952064301026,0.9997541321820931
3133.0,1.079320534719045,0.0,36789.20679465281,0.9997067063764351
3134.0,1.3569563663509143,0.0,36786.43043633649,0.9996312618569699
3135.0,2.6559111385304277,0.0,36773.4408886147,0.9992782850167038
3136.0,3.7276056229820824,0.0,36762.72394377018,0.998987063689407
3137.0,1.8344071873934809,0.0,36781.65592812606,0.9995015197860343
3138.0,0.5691670335395429,0.0,36794.30832966461,0.9998453350452339
3139.0,0.06500807452903246,0.0,36799.34991925471,0.9999823347623562
3140.0,3.303534928605586,0.0,36766.96465071394,0.9991023002911397
3141.0,6.256138500573343,0.0,36737.438614994266,0.9982999623639746
3142.0,2.906293212040964,0.0,36770.93706787959,0.9992102464097714
3143.0,2.630372499569148,0.0,36773.69627500431,0.9992852248642475
3144.0,1.1173227642852908,0.0,36788.82677235715,0.9996963796836181
3145.0,3.534451935477591,0.0,36764.655480645226,0.9990395511044898
3146.0,3.247257192219422,0.0,36767.5274280778,0.9991175931542882
3147.0,2.2169735023139765,0.0,36777.83026497686,0.9993975615482842
3148.0,0.7594810389055056,0.0,36792.405189610945,0.9997936192829061
3149.0,0.6328195936375778,0.0,36793.671804063626,0.9998280381539029
3150.0,1.3697270020056749,0.0,36786.30272997994,0.9996277915755419
3151.0,0.0,0.0,36800.0,1.0
3152.0,0.0,0.0,36800.0,1.0
3153.0,0.07551198039800511,0.0,36799.24488019602,0.9999794804401092
3154.0,3.2801891374906518,0.0,36767.198108625096,0.9991086442561168
3155.0,3.3907811723843224,0.0,36766.092188276154,0.9990785920727215
3156.0,1.2555738372452652,0.0,36787.44426162755,0.9996588114572703
3157.0,3.5692357013813307,0.0,36764.30764298618,0.9990300989941897
3158.0,1.4487500402797195,0.0,36785.5124995972,0.9996063179238369
3159.0,0.0,0.0,36800.0,1.0
3160.0,2.128287260338766,0.0,36778.71712739661,0.9994216610705601
3161.0,1.8048659620985745,0.0,36781.95134037901,0.999509547292908
3162.0,3.454860107472541,0.0,36765.451398925274,0.9990611793186216
3163.0,3.626355948483706,0.0,36763.73644051516,0.999014577187912
3164.0,2.6472631326350893,0.0,36773.52736867365,0.9992806350183057
3165.0,5.871097901347639,0.0,36741.28902098652,0.9984045929615902
3166.0,3.912383156470696,0.0,36760.876168435294,0.998936852403133
3167.0,2.044130817561836,0.0,36779.55869182438,0.9994445296691408
3168.0,0.5483981978572956,0.0,36794.51601802143,0.9998509787505824
3169.0,1.1506920341253135,0.0,36788.49307965874,0.9996873119472485
3170.0,1.038861979873218,0.0,36789.61138020127,0.9997177005489476
3171.0,1.2959819574143694,0.0,36787.04018042586,0.9996478309898331
3172.0,1.973139066485146,0.0,36780.26860933515,0.9994638209058465
3173.0,2.1547313404303168,0.0,36778.452686595694,0.9994144751792308
3174.0,1.1692769929045426,0.0,36788.307230070954,0.9996822616867107
3175.0,1.0747814670012303,0.0,36789.252185329984,0.9997079398187496
3176.0,1.8177137377520012,0.0,36781.82286262248,0.9995060560495239
3177.0,1.7915199871954428,0.0,36782.08480012805,0.9995131739165231
3178.0,1.3245337193902742,0.0,36786.754662806095,0.9996400723588613
3179.0,1.6874185640403994,0.0,36783.1258143596,0.9995414623467282
3180.0,0.6947226674801641,0.0,36793.052773325195,0.9998112166664455
3181.0,1.6577035805130436,0.0,36783.42296419487,0.9995495370705128
3182.0,0.3386473181449219,0.0,36796.61352681855,0.9999079762722433
3183.0,1.9215442772538154,0.0,36780.78455722746,0.9994778412290071
3184.0,1.9932982671243735,0.0,36780.06701732876,0.9994583428621945
3185.0,1.7120695001840431,0.0,36782.87930499816,0.9995347637227762
3186.0,2.2434193492285885,0.0,36777.565806507715,0.99939037517684
3187.0,0.8580437275204531,0.0,36791.4195627248,0.9997668359436086
3188.0,3.5972364394597207,0.0,36764.0276356054,0.9990224900979728
3189.0,1.095478225095576,0.0,36789.045217749044,0.9997023156997022
3190.0,0.8079110322141787,0.0,36791.92088967786,0.9997804589586374
3191.0,0.8905439944273894,0.0,36791.094560055724,0.9997580043493404
3192.0,2.3064959468838424,0.0,36776.93504053116,0.9993732347970424
3193.0,0.4561851461803599,0.0,36795.4381485382,0.9998760366450596
3194.0,1.305559683370575,0.0,36786.94440316629,0.9996452283469102
3195.0,1.8407931784049651,0.0,36781.59206821595,0.9994997844623899
3196.0,3.1403516174668766,0.0,36768.59648382533,0.99914664358221
3197.0,3.0914969075106455,0.0,36769.08503092489,0.9991599193186113
3198.0,1.0183250762083844,0.0,36789.816749237914,0.9997232812292911
3199.0,0.6184086466287226,0.0,36793.81591353371,0.9998319541721117
3200.0,1.7179923982730543,0.0,36782.82007601727,0.9995331542395998
3201.0,3.1932282631955786,0.0,36768.067717368045,0.9991322749284794
3202.0,2.787745872421965,0.0,36772.12254127578,0.9992424603607548
3203.0,0.6086503269525565,0.0,36793.91349673047,0.999834605889415
3204.0,3.0329453843751253,0.0,36769.67054615625,0.9991758300585938
3205.0,1.6772724158927304,0.0,36783.22727584107,0.999544219452203
3206.0,0.6352493506074097,0.0,36793.64750649393,0.9998273778938568
3207.0,3.1082061489073567,0.0,36768.917938510924,0.9991553787638838
3208.0,6.280838830946323,0.0,36737.191611690534,0.9982932503176776
3209.0,3.440437083100278,0.0,36765.595629168994,0.9990650986187227
3210.0,1.895156725673587,0.0,36781.048432743264,0.9994850117593278
3211.0,3.308684560914571,0.0,36766.91315439085,0.999100900934534
3212.0,5.987913267415934,0.0,36740.12086732584,0.9983728496555934
3213.0,2.31289007842679,0.0,36776.87109921573,0.9993714972612969
3214.0,2.8228167147049135,0.0,36771.77183285295,0.9992329302405694
3215.0,4.487505764520847,0.0,36755.12494235479,0.9987805690857281
3216.0,1.7743500005153692,0.0,36782.256499994844,0.999517839673773
3217.0,1.0372971033175418,0.0,36789.627028966825,0.9997181257871419
3218.0,1.1267653681284173,0.0,36788.73234631871,0.9996938137586607
3219.0,2.7241660431918717,0.0,36772.758339568085,0.9992597374882631
3220.0,3.2526950035912705,0.0,36767.47304996409,0.9991161154881545
3221.0,2.5139987033817306,0.0,36774.86001296618,0.9993168481784288
3222.0,2.1020152782243713,0.0,36778.97984721776,0.9994288001961347
3223.0,3.277910422421428,0.0,36767.22089577578,0.999109263472168
3224.0,2.3651682991940106,0.0,36776.34831700806,0.9993572912230451
3225.0,1.7505562830601775,0.0,36782.4944371694,0.9995243053578642
3226.0,2.259468460145854,0.0,36777.405315398544,0.9993860140053952
3227.0,0.6200685813669224,0.0,36793.79931418633,0.9998315031028895
3228.0,1.2767759206772098,0.0,36787.23224079323,0.9996530500215551
3229.0,3.403343559606583,0.0,36765.966564403934,0.9990751783805417
3230.0,1.2882052114455291,0.0,36787.11794788555,0.9996499442360204
3231.0,1.9987563880536072,0.0,36780.01243611946,0.9994568596771592
3232.0,1.3240697034948425,0.0,36786.75930296505,0.9996401984501373
3233.0,0.7214810589503031,0.0,36792.7851894105,0.9998039453644156
3234.0,2.385236148571039,0.0,36776.14763851429,0.9993518380031057
3235.0,1.1658906571783518,0.0,36788.341093428215,0.9996831818866363
3236.0,1.466666281012749,0.0,36785.33333718987,0.9996014493801595
3237.0,1.9643544877581007,0.0,36780.35645512242,0.9994662080196309
3238.0,4.434734684167324,0.0,36755.65265315833,0.9987949090532154
3239.0,0.6190437435634522,0.0,36793.80956256436,0.9998317815914228
3240.0,1.6983295041477504,0.0,36783.01670495852,0.9995384974173511
3241.0,1.7516201447551794,0.0,36782.48379855245,0.9995240162650122
3242.0,2.3856601892712206,0.0,36776.14339810729,0.9993517227746547
3243.0,1.159729581200736,0.0,36788.40270418799,0.9996848560920649
3244.0,0.3656743277069836,0.0,36796.34325672293,0.9999006319761666
3245.0,2.2314626275333467,0.0,36777.685373724664,0.9993936242859963
3246.0,2.2905796204372564,0.0,36777.09420379563,0.9993775598857507
3247.0,2.6764920747514225,0.0,36773.23507925249,0.9992726923709916
3248.0,3.5817180480671595,0.0,36764.18281951933,0.9990267070521557
3249.0,4.9912506086507165,0.0,36750.087493913496,0.9986436818998232
3250.0,3.3135858390646717,0.0,36766.86414160935,0.9990995690654715
3251.0,4.219223423408039,0.0,36757.807765765916,0.998853471895813
3252.0,1.0753949165014092,0.0,36789.24605083498,0.9997077731205158
3253.0,3.4541653234114165,0.0,36765.45834676589,0.9990613681186383
3254.0,2.387094005048766,0.0,36776.12905994951,0.9993513331508019
3255.0,2.3984339082758197,0.0,36776.01566091724,0.9993482516553598
3256.0,2.2023571293120767,0.0,36777.97642870688,0.999401533388774
3257.0,1.8670746884113214,0.0,36781.32925311589,0.9994926427477143
3258.0,0.8126473910792811,0.0,36791.873526089206,0.999779171904598
3259.0,0.7991815244031386,0.0,36792.00818475597,0.9997828311074992
3260.0,2.315582788864049,0.0,36776.84417211136,0.9993707655465044
3261.0,1.5109698360060975,0.0,36784.89030163994,0.9995894103706506
3262.0,1.7014624098869717,0.0,36782.98537590113,0.9995376460842699
3263.0,1.2379742169787278,0.0,36787.62025783021,0.9996635939627775
3264.0,2.088139109673648,0.0,36779.11860890326,0.9994325708941104
3265.0,2.2296701756267794,0.0,36777.70329824373,0.9993941113653187
3266.0,0.7319019977712742,0.0,36792.68098002228,0.9998011135875621
3267.0,1.2581056250014626,0.0,36787.41894374999,0.9996581234714671
3268.0,0.3672898783315759,0.0,36796.32710121668,0.9999001929678446
3269.0,2.9785532796108782,0.0,36770.21446720389,0.9991906105218449
3270.0,1.9964009358845942,0.0,36780.035990641154,0.9994574997456835
3271.0,0.7134730522275277,0.0,36792.86526947773,0.9998061214531991
3272.0,0.2878895093404026,0.0,36797.1211049066,0.9999217691550706
3273.0,0.0,0.0,36800.0,1.0
3274.0,0.6584397221881773,0.0,36793.41560277812,0.999821076162449
3275.0,2.3457463166332673,0.0,36776.542536833666,0.9993625689356974
3276.0,0.6274015154863264,0.0,36793.725984845136,0.9998295104577483
3277.0,3.117107612637028,0.0,36768.82892387363,0.9991529598878705
3278.0,0.4992983305623966,0.0,36795.00701669438,0.9998643211058255
3279.0,1.6380646334660014,0.0,36783.61935366534,0.9995548737409059
3280.0,1.0546968969501904,0.0,36789.4530310305,0.9997133975823504
3281.0,3.0782725045883126,0.0,36769.21727495412,0.999163512906362
3282.0,0.6997038831868849,0.0,36793.00296116813,0.9998098630752209
3283.0,2.3033624605736804,0.0,36776.966375394266,0.9993740862878877
3284.0,0.0,0.0,36800.0,1.0
3285.0,1.9597162470431613,0.0,36780.40283752957,0.9994674684111295
3286.0,2.810699159089836,0.0,36771.893008409104,0.9992362230545953
3287.0,3.318897196702892,0.0,36766.81102803297,0.9990981257617655
3288.0,1.1481937110152103,0.0,36788.518062889845,0.999687990839398
3289.0,1.5164418368822226,0.0,36784.83558163118,0.9995879234138908
3290.0,2.5299475391948363,0.0,36774.70052460805,0.9993125142556536
3291.0,3.2095510372560057,0.0,36767.90448962744,0.9991278393920501
3292.0,3.9677228591476705,0.0,36760.32277140852,0.998921814440449
3293.0,5.957848512929559,0.0,36740.4215148707,0.9983810194258342
3294.0,3.086257253171425,0.0,36769.13742746829,0.9991613431377252
3295.0,1.6248105325839788,0.0,36783.75189467416,0.9995584753987544
3296.0,1.9124419520380798,0.0,36780.87558047962,0.9994803146869461
3297.0,1.0072679602890275,0.0,36789.92732039711,0.9997262858803563
3298.0,2.801895168345709,0.0,36771.98104831654,0.9992386154433843
3299.0,3.0036851957875115,0.0,36769.96314804212,0.9991837811967968
3300.0,3.490556206974361,0.0,36765.09443793025,0.999051479291583
3301.0,2.6912887455387136,0.0,36773.087112544614,0.9992686715365384
3302.0,1.0304970426104774,0.0,36789.69502957389,0.9997199736297253
3303.0,0.5843558337915056,0.0,36794.15644166208,0.999841207653861
3304.0,0.7391570544709793,0.0,36792.60842945529,0.9997991421047634
3305.0,1.6995834970052783,0.0,36783.004165029946,0.9995381566584225
3306.0,2.2226650888142103,0.0,36777.773349111856,0.9993960149215179
3307.0,1.081767478623533,0.0,36789.18232521376,0.9997060414460262
3308.0,0.6829799503348113,0.0,36793.17020049665,0.9998144076221915
3309.0,0.0,0.0,36800.0,1.0
3310.0,1.1896433268857436,0.0,36788.103566731144,0.9996767273568246
3311.0,0.9572772579990669,0.0,36790.42722742001,0.9997398703103264
3312.0,2.692600750080601,0.0,36773.073992499194,0.9992683150135651
3313.0,4.796308886905081,0.0,36752.03691113095,0.9986966551937758
3314.0,0.3817269262053742,0.0,36796.18273073794,0.9998962698570093
3315.0,0.604489316534,0.0,36793.95510683466,0.999835736598768
3316.0,0.8508702097828973,0.0,36791.49129790217,0.9997687852690806
3317.0,1.3867937066629565,0.0,36786.13206293337,0.999623153884059
3318.0,1.1639445920177423,0.0,36788.36055407982,0.9996837107086909
3319.0,0.016809321994060156,0.0,36799.83190678006,0.9999954322494582
3320.0,1.3841435877834556,0.0,36786.15856412217,0.9996238740250589
3321.0,0.792719846698219,0.0,36792.07280153302,0.9997845869981798
3322.0,0.8115746883968313,0.0,36791.88425311603,0.9997794633998922
3323.0,2.250664929156301,0.0,36777.493350708435,0.999388406269251
3324.0,1.9171787475788733,0.0,36780.82821252421,0.9994790275142449
3325.0,2.5107918151365993,0.0,36774.89208184864,0.9993177196154521
3326.0,3.4310791506918576,0.0,36765.68920849308,0.999067641535138
3327.0,2.4204960263264184,0.0,36775.79503973674,0.9993422565145853
3328.0,1.4910448864980026,0.0,36785.08955113502,0.9995948247591038
3329.0,0.4615183548608002,0.0,36795.38481645139,0.9998745874035704
3330.0,2.889152587530589,0.0,36771.108474124696,0.999214904188171
3331.0,0.7684424635413052,0.0,36792.315575364584,0.999791184113168
3332.0,0.8888960238878099,0.0,36791.11103976112,0.9997584521674218
3333.0,1.3572489157404561,0.0,36786.42751084259,0.999631182359853
3334.0,0.8612931672723789,0.0,36791.387068327276,0.999765952943676
3335.0,1.9142474533414315,0.0,36780.857525466585,0.999479824061592
3336.0,2.306019374743755,0.0,36776.939806252565,0.9993733643003414
3337.0,1.8812335070474546,0.0,36781.18766492952,0.9994887952426501
3338.0,1.9235629908539522,0.0,36780.76437009146,0.9994772926655289
3339.0,1.1463126174071476,0.0,36788.53687382593,0.9996885020061393
3340.0,0.6286383696733537,0.0,36793.71361630327,0.9998291743560671
3341.0,2.6358483025328496,0.0,36773.64151697467,0.9992837368743116
3342.0,2.371257032240919,0.0,36776.28742967759,0.9993556366760216
3343.0,0.5093311696227829,0.0,36794.906688303774,0.9998615947908635
3344.0,1.4733513739129194,0.0,36785.26648626087,0.999599632778828
3345.0,2.097786949082092,0.0,36779.022130509176,0.9994299491986189
3346.0,2.9038844833871735,0.0,36770.96115516613,0.9992109009556014
3347.0,1.2735143318086557,0.0,36787.26485668191,0.999653936322878
3348.0,1.75761850625031,0.0,36782.423814937494,0.9995223862754754
3349.0,1.1455701968943686,0.0,36788.544298031054,0.9996887037508438
3350.0,2.3916928038061087,0.0,36776.08307196194,0.9993500834772266
3351.0,1.8996235147810694,0.0,36781.00376485219,0.99948379795794
3352.0,1.0819475617176977,0.0,36789.18052438282,0.9997059925104027
3353.0,1.4930765720546333,0.0,36785.06923427945,0.9995942726706373
3354.0,0.9666293000523183,0.0,36790.333706999474,0.9997373289945509
3355.0,1.406153138771515,0.0,36785.93846861229,0.9996178931688121
3356.0,2.1872215205494285,0.0,36778.1277847945,0.9994056463259375
3357.0,1.6558287043153541,0.0,36783.44171295685,0.9995500465477404
3358.0,3.0350384268494963,0.0,36769.649615731505,0.9991752612970518
3359.0,3.383597948073657,0.0,36766.16402051927,0.9990805440358497
3360.0,2.7021041029956905,0.0,36772.978958970045,0.9992657325807077
3361.0,2.970559021918234,0.0,36770.29440978082,0.9991927828744789
3362.0,0.731295919297736,0.0,36792.687040807024,0.9998012782827996
3363.0,1.0983279367278556,0.0,36789.016720632724,0.9997015413215414
3364.0,1.7256082760718527,0.0,36782.743917239284,0.9995310847075892
3365.0,0.6732671869340265,0.0,36793.26732813066,0.9998170469600723
3366.0,1.5897017340003003,0.0,36784.10298266,0.9995680158331521
3367.0,2.5201480424207148,0.0,36774.798519575794,0.9993151771623857
3368.0,2.712842763203753,0.0,36772.87157236796,0.9992628144665208
3369.0,2.0497357163826564,0.0,36779.502642836174,0.9994430065988091
3370.0,4.428750492469135,0.0,36755.712495075306,0.9987965351922637
3371.0,4.64874563518606,0.0,36753.51254364814,0.998736753903482
3372.0,1.5727935302352307,0.0,36784.272064697645,0.9995726104537404
3373.0,1.1795092017514435,0.0,36788.20490798249,0.9996794811951762
3374.0,2.5037776287781526,0.0,36774.96222371222,0.9993196256443537
3375.0,0.6092622091719022,0.0,36793.90737790828,0.9998344396170729
3376.0,1.592254035163478,0.0,36784.07745964837,0.9995673222730534
3377.0,2.542646287520256,0.0,36774.5735371248,0.9993090635088261
3378.0,1.6484558209440365,0.0,36783.51544179056,0.9995520500486564
3379.0,1.7112778390728636,0.0,36782.88722160927,0.9995349788480781
3380.0,3.576622140426025,0.0,36764.23377859574,0.9990280918096669
3381.0,2.9311814085945116,0.0,36770.688185914056,0.999203483312882
3382.0,1.4960285721667788,0.0,36785.03971427833,0.9995934704966938
3383.0,1.009472418723817,0.0,36789.905275812765,0.9997256868427382
3384.0,1.2751208366853461,0.0,36787.248791633145,0.9996534997726398
3385.0,1.6439713372092228,0.0,36783.56028662791,0.999553268658367
3386.0,1.402306479262279,0.0,36785.97693520738,0.9996189384567222
3387.0,6.468731278289852,0.0,36735.3126872171,0.9982421925874211
3388.0,2.4567029298777925,0.0,36775.43297070122,0.9993324176820985
3389.0,2.3497543341209166,0.0,36776.50245665879,0.9993614798005106
3390.0,2.6396248872993056,0.0,36773.603751127004,0.9992827106284512
3391.0,2.0428576414328745,0.0,36779.57142358567,0.999444875640915
3392.0,2.477714502294475,0.0,36775.22285497705,0.9993267080156808
3393.0,3.2108700817047975,0.0,36767.89129918295,0.9991274809560584
3394.0,2.3006559570649188,0.0,36776.99344042935,0.9993748217507976
3395.0,3.3157718029146963,0.0,36766.84228197085,0.9990989750535557
3396.0,3.47667833793912,0.0,36765.23321662061,0.999055250451647
3397.0,2.252715762037951,0.0,36777.47284237962,0.999387848977707
3398.0,1.2477872039644353,0.0,36787.52212796036,0.999660927390227
3399.0,0.7200620885118951,0.0,36792.799379114884,0.9998043309542088
3400.0,0.7146118485843544,0.0,36792.85388151416,0.9998058119976674
3401.0,2.102605869195486,0.0,36778.973941308046,0.9994286397094577
3402.0,2.9189401696767163,0.0,36770.81059830323,0.9992068097365008
3403.0,2.0918812801560307,0.0,36779.08118719844,0.9994315539999576
3404.0,1.9322069660465786,0.0,36780.67793033953,0.9994749437592264
3405.0,2.685936229465824,0.0,36773.14063770534,0.9992701260246017
3406.0,1.669149962807296,0.0,36783.308500371924,0.9995464266405414
3407.0,1.342058038943378,0.0,36786.57941961056,0.9996353103155045
3408.0,2.4820761104251687,0.0,36775.17923889575,0.9993255227960801
3409.0,2.0882333346135056,0.0,36779.11766665387,0.9994325452895072
3410.0,0.9363136267115806,0.0,36790.636863732885,0.9997455669492632
3411.0,2.180937425328466,0.0,36778.19062574671,0.9994073539605085
3412.0,3.0915361090874285,0.0,36769.084638909124,0.9991599086660088
3413.0,1.9425104470151382,0.0,36780.57489552985,0.9994721439002676
3414.0,2.6351677610618935,0.0,36773.64832238938,0.9992839218040592
3415.0,3.1771687832547286,0.0,36768.228312167455,0.9991366389175939
3416.0,3.3271734115028266,0.0,36766.72826588497,0.9990958767903525
3417.0,0.7343030325923792,0.0,36792.65696967408,0.9998004611324477
3418.0,0.9760700171350436,0.0,36790.23929982865,0.9997347635823003
3419.0,2.3268760727532936,0.0,36776.73123927247,0.9993676967193607
3420.0,5.1100154400287465,0.0,36748.89984559971,0.9986114088478183
3421.0,2.9955671596303546,0.0,36770.044328403696,0.999185987184883
3422.0,4.343337880020499,0.0,36756.566621199796,0.9988197451412988
3423.0,1.608784987292438,0.0,36783.91215012708,0.9995628301664967
3424.0,2.32826495157542,0.0,36776.71735048424,0.999367319306637
3425.0,1.0674274650946245,0.0,36789.32572534905,0.9997099381888329
3426.0,0.2746698412497608,0.0,36797.2533015875,0.9999253614561822
3427.0,0.08150703638420964,0.0,36799.18492963616,0.9999778513488088
3428.0,2.085863564041574,0.0,36779.14136435959,0.9994331892489019
3429.0,2.934432824220039,0.0,36770.6556717578,0.9992025997760271
3430.0,2.1445761724648946,0.0,36778.55423827535,0.9994172347357432
3431.0,1.7651590139448672,0.0,36782.348409860555,0.9995203372244716
3432.0,2.9696779993591917,0.0,36770.303220006404,0.9991930222827827
3433.0,1.374424429796818,0.0,36786.255755702034,0.9996265151005987
3434.0,5.203338924735817,0.0,36747.96661075264,0.9985860492052349
3435.0,1.4691732422102177,0.0,36785.3082675779,0.9996007681407039
3436.0,0.5283366523467521,0.0,36794.716633476535,0.9998564302575146
3437.0,2.6441888010213006,0.0,36773.55811198978,0.999281470434505
3438.0,1.8113281524911145,0.0,36781.886718475085,0.9995077912629099
3439.0,3.152562133380343,0.0,36768.4743786662,0.9991433255072337
3440.0,1.5489865272384122,0.0,36784.510134727614,0.999579079748033
3441.0,1.7038222018654778,0.0,36782.96177798134,0.9995370048364495
3442.0,1.2934848113541193,0.0,36787.06515188646,0.9996485095621321
3443.0,0.8040109401649715,0.0,36791.95989059835,0.9997815187662595
3444.0,3.2277405963359342,0.0,36767.72259403664,0.9991228965770826
3445.0,1.3086185256984209,0.0,36786.91381474301,0.9996443971397558
3446.0,0.0,0.0,36800.0,1.0
3447.0,0.10008778903420534,0.0,36798.99912210966,0.9999728022312406
3448.0,1.3500771632611759,0.0,36786.499228367386,0.9996331312056355
3449.0,2.448091813363135,0.0,36775.51908186637,0.9993347576594122
3450.0,0.44789658321224124,0.0,36795.521034167876,0.9998782889719532
3451.0,2.1719014577702183,0.0,36778.2809854223,0.9994098093864756
3452.0,0.4926637432372445,0.0,36795.07336256763,0.999866123982816
3453.0,0.0,0.0,36800.0,1.0
3454.0,0.0,0.0,36800.0,1.0
3455.0,0.9074421218751922,0.0,36790.92557878125,0.9997534124668818
3456.0,2.5524632260953695,0.0,36774.47536773905,0.9993063958624742
3457.0,4.205247394842445,0.0,36757.947526051576,0.9988572697296624
3458.0,4.728877265130905,0.0,36752.71122734869,0.9987149790040406
3459.0,1.1084977396958493,0.0,36788.91502260304,0.9996987777881261
3460.0,0.5162239954556753,0.0,36794.83776004544,0.9998597217403652
3461.0,1.4473543160820554,0.0,36785.52645683918,0.9996066971967168
3462.0,3.9789979941133424,0.0,36760.21002005887,0.998918750545078
3463.0,0.5813232391183192,0.0,36794.186767608815,0.9998420317285004
3464.0,1.463930867975705,0.0,36785.360691320246,0.9996021926989197
3465.0,2.9638417410310467,0.0,36770.36158258969,0.999194608222546
3466.0,0.5953920049300905,0.0,36794.0460799507,0.9998382086943125
3467.0,0.9852657085689316,0.0,36790.14734291431,0.9997322647531062
3468.0,0.0,0.0,36800.0,1.0
3469.0,1.4612563720470462,0.0,36785.38743627953,0.9996029194641177
3470.0,2.3927760556794055,0.0,36776.07223944321,0.9993497891153046
3471.0,3.4952068991005945,0.0,36765.047931008994,0.9990502155165487
3472.0,4.96999591851818,0.0,36750.30004081482,0.9986494576308376
3473.0,3.6023116645715163,0.0,36763.976883354284,0.9990211109607142
3474.0,1.1034503800719904,0.0,36788.96549619928,0.9997001493532413
3475.0,2.40112083149279,0.0,36775.98879168507,0.9993475215131813
3476.0,2.507482921450446,0.0,36774.92517078549,0.9993186187713449
3477.0,0.11244943331894319,0.0,36798.87550566681,0.999969443088772
3478.0,2.570394139763266,0.0,36774.29605860237,0.9993015233315862
3479.0,2.118411059988375,0.0,36778.81588940012,0.9994243448206553
3480.0,0.6223900180934834,0.0,36793.776099819064,0.999830872277692
3481.0,2.6323877759505194,0.0,36773.6761222405,0.9992846772347961
3482.0,0.6612181361042531,0.0,36793.387818638956,0.9998203211586673
3483.0,1.5415298277962393,0.0,36784.58470172204,0.9995811060250553
3484.0,3.965860779178456,0.0,36760.34139220822,0.9989223204404407
3485.0,2.7529647439919245,0.0,36772.47035256008,0.9992519117543499
3486.0,0.14405679469336974,0.0,36798.559432053065,0.9999608541318767
3487.0,2.915635376519276,0.0,36770.8436462348,0.9992077077781196
3488.0,2.1134464902729633,0.0,36778.86553509727,0.9994256938885128
3489.0,3.2466954481269568,0.0,36767.53304551873,0.9991177458021394
3490.0,1.7452831737514316,0.0,36782.547168262485,0.9995257382680023
3491.0,0.9926887544233978,0.0,36790.073112455764,0.9997302476210805
3492.0,1.0658145571760542,0.0,36789.34185442824,0.9997103764790283
3493.0,1.76981700110764,0.0,36782.30182998892,0.9995190714670903
3494.0,1.656410051945386,0.0,36783.435899480544,0.9995498885728409
3495.0,0.5137119893634008,0.0,36794.86288010637,0.9998604043507165
3496.0,0.025893732422446192,0.0,36799.74106267578,0.9999929636596678
3497.0,0.97510711870882,0.0,36790.248928812915,0.9997350252394813
3498.0,0.4882175505426858,0.0,36795.11782449458,0.9998673321873526
3499.0,2.998178949647354,0.0,36770.01821050353,0.9991852774593349
3500.0,2.2133740664403376,0.0,36777.8662593356,0.9993985396558587
3501.0,0.3094635187071617,0.0,36796.90536481293,0.9999159066525252
3502.0,0.028950928911399387,0.0,36799.71049071089,0.9999921328997524
3503.0,1.2661585238624866,0.0,36787.338414761376,0.9996559351837331
3504.0,3.3596249919028196,0.0,36766.40375008097,0.9990870584261133
3505.0,2.406611195870937,0.0,36775.93388804129,0.9993460295663394
3506.0,2.833017802723589,0.0,36771.66982197276,0.9992301582057815
3507.0,1.5471328526123216,0.0,36784.528671473876,0.999579583463964
3508.0,0.5756349873558975,0.0,36794.24365012644,0.999843577449088
3509.0,0.0,0.0,36800.0,1.0
3510.0,3.831374613735079,0.0,36761.68625386265,0.9989588655940937
3511.0,1.300716320299216,0.0,36786.992836797006,0.9996465444781795
3512.0,1.2716755149517667,0.0,36787.283244850485,0.9996544360013718
3513.0,0.7837612372077274,0.0,36792.16238762792,0.9997870214029326
3514.0,0.8252230467414847,0.0,36791.74776953259,0.9997757546068637
3515.0,0.9270401394796863,0.0,36790.729598605205,0.9997480869186197
3516.0,1.4152441097894553,0.0,36785.8475589021,0.9996154227962528
3517.0,3.6650417678442864,0.0,36763.349582321556,0.9990040647369988
3518.0,1.0032402200986326,0.0,36789.96759779901,0.9997273803749731
3519.0,0.0,0.0,36800.0,1.0
3520.0,0.7633488466526615,0.0,36792.36651153347,0.9997925682481922
3521.0,0.2377542013459788,0.0,36797.62245798654,0.9999353928800689
3522.0,1.3166360527507095,0.0,36786.83363947249,0.9996422184639263
3523.0,1.3861105826845233,0.0,36786.13889417316,0.9996233395155749
3524.0,1.3567623172270942,0.0,36786.43237682773,0.9996313145877102
3525.0,1.5821502323819914,0.0,36784.17849767618,0.9995700678716353
3526.0,1.3311775075189871,0.0,36786.68822492481,0.9996382669816524
3527.0,1.7948767543430222,0.0,36782.05123245657,0.9995122617515373
3528.0,1.6865491897274296,0.0,36783.134508102725,0.999541698589748
3529.0,1.561409367901888,0.0,36784.38590632098,0.9995757039761136
3530.0,2.11426880525687,0.0,36778.85731194743,0.9994254704333541
3531.0,4.2766970805496385,0.0,36757.2330291945,0.9988378540541984
3532.0,2.5516488809989823,0.0,36774.48351119001,0.9993066171519025
3533.0,1.0699806093170992,0.0,36789.30019390683,0.999709244399642
3534.0,1.5812107437554914,0.0,36784.18789256245,0.9995703231674579
3535.0,0.9987589117104108,0.0,36790.0124108829,0.9997285981218178
3536.0,2.3824991757355747,0.0,36776.175008242644,0.9993525817457241
3537.0,3.659836756059576,0.0,36763.4016324394,0.9990054791423751
3538.0,2.212501687583881,0.0,36777.87498312416,0.9993987767153304
3539.0,2.4445286932909767,0.0,36775.55471306709,0.9993357258985622
3540.0,1.7413209274095607,0.0,36782.5867907259,0.9995268149653778
3541.0,1.6789081121946765,0.0,36783.21091887805,0.9995437749695123
3542.0,1.2265116335311177,0.0,36787.734883664685,0.999666708795236
3543.0,1.6477703564187323,0.0,36783.52229643581,0.9995522363161905
3544.0,2.3957448574424234,0.0,36776.04255142558,0.999348982375695
3545.0,2.308304519912326,0.0,36776.91695480088,0.9993727433369805
3546.0,2.718643138099651,0.0,36772.81356861901,0.9992612382776904
3547.0,1.0420941289576149,0.0,36789.57905871043,0.999716822247566
3548.0,0.36819930287629177,0.0,36796.31800697124,0.9998999458416098
3549.0,1.8307951238239184,0.0,36781.69204876176,0.9995025013250478
3550.0,2.0401259797295097,0.0,36779.5987402027,0.9994456179402909
3551.0,3.4680584529214684,0.0,36765.31941547079,0.9990575928117063
3552.0,1.6059406265821963,0.0,36783.94059373418,0.9995636030906027
3553.0,2.902602281918462,0.0,36770.973977180816,0.9992112493799135
3554.0,2.058293960724768,0.0,36779.41706039275,0.9994406809889333
3555.0,2.597987817056037,0.0,36774.02012182944,0.999294025049713
3556.0,2.1543617780034765,0.0,36778.45638221996,0.9994145756038033
3557.0,0.6322415630675096,0.0,36793.677584369325,0.9998281952274273
3558.0,2.7310160935080603,0.0,36772.68983906492,0.9992578760615468
3559.0,3.558918920599808,0.0,36764.410810794005,0.9990329024672284
3560.0,2.323574191213538,0.0,36776.76425808787,0.999368593969779
3561.0,1.671180175536847,0.0,36783.288198244634,0.9995458749522999
3562.0,1.114616517479135,0.0,36788.85383482521,0.9996971150767721
3563.0,4.119368976329952,0.0,36758.8063102367,0.9988806062564322
3564.0,1.2649698544041712,0.0,36787.35030145596,0.9996562581917381
3565.0,3.0235444518466466,0.0,36769.76455548153,0.9991783846598242
3566.0,3.2148745567678816,0.0,36767.851254432324,0.999126392783487
3567.0,0.7640299379477256,0.0,36792.359700620524,0.999792383169036
3568.0,0.6172172740903079,0.0,36793.8278272591,0.9998322779146493
3569.0,0.9140499635063861,0.0,36790.85950036494,0.9997516168577429
3570.0,1.798201957280071,0.0,36782.0179804272,0.9995113581637826
3571.0,3.3501270949068385,0.0,36766.49872905093,0.999089639376384
3572.0,1.9489125795512336,0.0,36780.51087420449,0.9994704041903394
3573.0,0.9534413195069646,0.0,36790.46558680493,0.9997409126849166
3574.0,5.696090225441367,0.0,36743.03909774558,0.9984521493952604
3575.0,1.6284202870979243,0.0,36783.71579712902,0.9995574944872017
3576.0,2.0350442727535665,0.0,36779.64955727247,0.9994469988389257
3577.0,2.887191756676202,0.0,36771.128082433235,0.9992154370226423
3578.0,2.849028126570829,0.0,36771.50971873429,0.9992258075743014
3579.0,3.1397412790220187,0.0,36768.60258720978,0.9991468094350484
3580.0,5.2878544650889125,0.0,36747.12145534911,0.998563083025791
3581.0,2.4019197158204406,0.0,36775.9808028418,0.9993473044250488
3582.0,1.6877822359974743,0.0,36783.12217764003,0.9995413635228269
3583.0,1.3223639534712675,0.0,36786.77636046529,0.9996406619691653
3584.0,1.919409202094812,0.0,36780.805907979055,0.9994784214124743
3585.0,2.181265309961873,0.0,36778.187346900384,0.9994072648614235
3586.0,2.9193184567511707,0.0,36770.80681543249,0.9992067069411001
3587.0,1.3924626750936113,0.0,36786.07537324906,0.9996216134035072
3588.0,1.355627824129897,0.0,36786.443721758704,0.9996316228738779
3589.0,0.6807406716711739,0.0,36793.19259328329,0.9998150161218285
3590.0,4.7450652107331734,0.0,36752.549347892666,0.998710580105779
3591.0,2.9887397881084325,0.0,36770.11260211891,0.9991878424488835
3592.0,0.0,0.0,36800.0,1.0
3593.0,0.0,0.0,36800.0,1.0
3594.0,1.0404202690424427,0.0,36789.59579730958,0.9997172771008038
3595.0,2.153958610994323,0.0,36778.460413890054,0.9994146851600558
3596.0,1.6036898266188473,0.0,36783.96310173381,0.9995642147210274
3597.0,4.05102831148497,0.0,36759.48971688515,0.9988991770892705
3598.0,2.135833919045126,0.0,36778.641660809546,0.9994196103480855
3599.0,2.384341601804863,0.0,36776.15658398195,0.9993520810864661
3600.0,1.6445074462380944,0.0,36783.55492553762,0.9995531229765657
3601.0,1.143566122961147,0.0,36788.56433877039,0.9996892483361519
3602.0,3.627454883747305,0.0,36763.72545116253,0.9990142785641991
3603.0,0.4323192925512558,0.0,36795.67680707449,0.999882521931372
3604.0,1.7796361277332835,0.0,36782.20363872267,0.9995164032261595
3605.0,0.7222353556612688,0.0,36792.777646443385,0.9998037403924833
3606.0,2.7034802279422365,0.0,36772.96519772058,0.9992653586337114
3607.0,3.6184169660523366,0.0,36763.815830339474,0.9990167345200944
3608.0,0.9063257154462008,0.0,36790.93674284554,0.999753715838194
3609.0,0.09491383023487288,0.0,36799.05086169765,0.9999742081983057
3610.0,0.0,0.0,36800.0,1.0
3611.0,1.0848577037550058,0.0,36789.15142296245,0.9997052017109362
3612.0,3.3342157837550985,0.0,36766.65784216245,0.9990939631022405
3613.0,3.7810787329349296,0.0,36762.18921267065,0.9989725329530068
3614.0,1.568589184267239,0.0,36784.31410815733,0.9995737529390578
3615.0,2.163731965678835,0.0,36778.36268034321,0.9994120293571526
3616.0,1.7883367517160877,0.0,36782.11663248284,0.9995140389261641
3617.0,1.86254968928597,0.0,36781.37450310714,0.9994938723670418
3618.0,0.4411648754844464,0.0,36795.588351245155,0.9998801182403575
3619.0,0.9158582511508939,0.0,36790.84141748849,0.9997511254752307
3620.0,0.7635508280018257,0.0,36792.364491719985,0.9997925133619561
3621.0,0.3233886256120968,0.0,36796.76611374388,0.9999121226560836
3622.0,0.27711387798171927,0.0,36797.22886122018,0.9999246973157658
3623.0,2.2472679736133614,0.0,36777.527320263864,0.9993893293549962
3624.0,3.8789954412086445,0.0,36761.21004558791,0.9989459251518454
3625.0,2.363835654445211,0.0,36776.361643455544,0.9993576533547702
3626.0,0.9202950778658305,0.0,36790.79704922134,0.9997499198157973
3627.0,1.1617380393067833,0.0,36788.382619606935,0.9996843103154058
3628.0,0.8144058321940975,0.0,36791.85594167806,0.9997786940673387
3629.0,1.4606475067898828,0.0,36785.3935249321,0.9996030849166332
3630.0,4.480842619771465,0.0,36755.19157380229,0.9987823797228882
3631.0,1.528055190455234,0.0,36784.71944809545,0.9995847676112893
3632.0,1.7300188717381388,0.0,36782.69981128262,0.9995298861761581
3633.0,0.3435716349495124,0.0,36796.56428365051,0.9999066381426768
3634.0,1.9723019412408576,0.0,36780.276980587594,0.9994640483855325
3635.0,3.5116305819938134,0.0,36764.88369418006,0.9990457525592408
3636.0,2.5361782956388197,0.0,36774.63821704361,0.9993108211153156
3637.0,3.298451379478138,0.0,36767.015486205215,0.9991036816903591
3638.0,2.656406296372552,0.0,36773.43593703627,0.9992781504629422
3639.0,3.446477615499134,0.0,36765.53522384501,0.9990634571697012
3640.0,1.425160843602498,0.0,36785.748391563975,0.9996127280316297
3641.0,2.052436074708112,0.0,36779.475639252916,0.9994422728057858
3642.0,1.7083624100237103,0.0,36782.91637589976,0.9995357710842326
3643.0,0.3223886578607562,0.0,36796.776113421394,0.999912394386451
3644.0,1.9712194720191292,0.0,36780.28780527981,0.9994643425347775
3645.0,1.5096214327436428,0.0,36784.90378567256,0.9995897767845805
3646.0,0.9524826695674165,0.0,36790.47517330432,0.9997411731876175
3647.0,1.3011294826978883,0.0,36786.98870517302,0.9996464322057885
3648.0,3.167297922744183,0.0,36768.32702077256,0.9991393212166456
3649.0,2.035197749074996,0.0,36779.64802250925,0.9994469571334036
3650.0,0.0,0.0,36800.0,1.0
3651.0,0.0,0.0,36800.0,1.0
3652.0,0.8943841773016175,0.0,36791.05615822699,0.9997569608213855
3653.0,2.395427199813639,0.0,36776.04572800186,0.9993490686957027
3654.0,1.0364331621435667,0.0,36789.63566837856,0.9997183605537653
3655.0,1.312241533872566,0.0,36786.87758466128,0.9996434126266651
3656.0,2.126753382214247,0.0,36778.732466177855,0.9994220778852678
3657.0,1.2477083734243024,0.0,36787.522916265756,0.9996609488115694
3658.0,0.0,0.0,36800.0,1.0
3659.0,1.0840136412698484,0.0,36789.1598635873,0.9997054310757418
3660.0,0.9189640281442735,0.0,36790.810359718555,0.9997502815140912
3661.0,0.880206400471252,0.0,36791.19793599529,0.9997608134781328
3662.0,1.123004137441967,0.0,36788.76995862558,0.9996948358322167
3663.0,3.003509127338475,0.0,36769.964908726615,0.9991838290414841
3664.0,1.0529324474559871,0.0,36789.47067552544,0.9997138770523216
3665.0,0.9504221315064569,0.0,36790.49577868493,0.9997417331164384
3666.0,0.2719887276416557,0.0,36797.28011272359,0.9999260900196627
3667.0,1.5629476952626646,0.0,36784.37052304737,0.9995752859523742
3668.0,1.898483988087719,0.0,36781.015160119125,0.9994841076119327
3669.0,0.3877655257515471,0.0,36796.122344742485,0.9998946289332197
3670.0,1.5367587883752094,0.0,36784.63241211625,0.9995824025031589
3671.0,1.9717986896130242,0.0,36780.28201310387,0.9994641851386921
3672.0,3.3218580842076335,0.0,36766.781419157924,0.9990973211727696
3673.0,1.9144347136530087,0.0,36780.85565286347,0.9994797731756379
3674.0,1.326564328823224,0.0,36786.734356711764,0.9996395205628197
3675.0,1.4259477001146479,0.0,36785.74052299885,0.9996125142119253
3676.0,2.085684457091247,0.0,36779.14315542909,0.9994332379192687
3677.0,1.28331259309698,0.0,36787.16687406903,0.9996512737518758
3678.0,0.2800843899422034,0.0,36797.19915610058,0.9999238901114288
3679.0,2.8133497018861817,0.0,36771.86650298114,0.9992355027984005
3680.0,2.1363996770705853,0.0,36778.636003229294,0.9994194566094917
3681.0,2.390838652399907,0.0,36776.091613476005,0.9993503155835871
3682.0,1.549544562133633,0.0,36784.50455437866,0.9995789281081158
3683.0,1.9195529233866182,0.0,36780.80447076613,0.9994783823577753
3684.0,3.092080542682652,0.0,36769.079194573176,0.9991597607220972
3685.0,1.715715388395438,0.0,36782.842846116044,0.9995337729922839
3686.0,0.42949334423701657,0.0,36795.70506655763,0.9998832898521095
3687.0,1.2455273659011254,0.0,36787.54472634099,0.9996615414766573
3688.0,1.4926554470880546,0.0,36785.07344552912,0.9995943871067695
3689.0,0.33400378553596966,0.0,36796.65996214464,0.9999092381017565
3690.0,3.548621265817019,0.0,36764.51378734183,0.9990357007429844
3691.0,1.1235280177293134,0.0,36788.764719822706,0.9996946934734431
3692.0,0.5885706044487051,0.0,36794.114293955514,0.9998400623357476
3693.0,0.6029767128516141,0.0,36793.970232871485,0.9998361476323773
3694.0,1.4543497786094122,0.0,36785.45650221391,0.9996047962558127
3695.0,0.3582894227884026,0.0,36796.41710577212,0.9999026387438076
3696.0,0.5361138128932907,0.0,36794.63886187107,0.9998543168986703
3697.0,0.9470196250626941,0.0,36790.52980374937,0.9997426577105807
3698.0,0.9829400700164115,0.0,36790.17059929983,0.9997328967201041
3699.0,0.9541329910503009,0.0,36790.458670089494,0.9997407247306928
3700.0,2.5820126390244695,0.0,36774.179873609755,0.9992983661306999
3701.0,1.0112376942506671,0.0,36789.8876230575,0.9997252071483016
3702.0,2.050405636888172,0.0,36779.49594363112,0.9994428245551934
3703.0,1.7520808844660678,0.0,36782.47919115534,0.9995238910640039
3704.0,1.6745022801042069,0.0,36783.25497719896,0.9995449722064934
3705.0,0.826574984164381,0.0,36791.734250158355,0.999775387232564
3706.0,1.757011099315605,0.0,36782.429889006846,0.9995225513317078
3707.0,1.9614834423578031,0.0,36780.38516557642,0.9994669881950115
3708.0,3.29901827539652,0.0,36767.009817246035,0.9991035276425553
3709.0,0.699765029390619,0.0,36793.00234970609,0.9998098464594046
3710.0,0.48485268993817954,0.0,36795.15147310062,0.9998682465516472
3711.0,0.9313403362875761,0.0,36790.686596637126,0.9997469183868785
3712.0,3.9844278293062416,0.0,36760.155721706935,0.9989172750463841
3713.0,2.2572406165472785,0.0,36777.42759383452,0.9993866193976773
3714.0,1.19963731519465,0.0,36788.003626848054,0.9996740115991319
3715.0,1.949420577489036,0.0,36780.50579422511,0.9994702661474214
3716.0,2.827276796050228,0.0,36771.7272320395,0.9992317182619429
3717.0,0.38594852367759813,0.0,36796.140514763225,0.9998951226837833
3718.0,0.0,0.0,36800.0,1.0
3719.0,0.0,0.0,36800.0,1.0
3720.0,0.23026476596260181,0.0,36797.69735234037,0.9999374280527275
3721.0,0.794409064064439,0.0,36792.055909359355,0.9997841279717216
3722.0,0.9779381203875346,0.0,36790.22061879613,0.999734255945547
3723.0,0.0,0.0,36800.0,1.0
3724.0,0.0,0.0,36800.0,1.0
3725.0,1.410250684923085,0.0,36785.89749315077,0.9996167797051839
3726.0,2.18021541301232,0.0,36778.19784586988,0.9994075501595076
3727.0,2.283643799356014,0.0,36777.16356200644,0.9993794446197403
3728.0,1.1233075592244859,0.0,36788.766924407755,0.9996947533806455
3729.0,2.79570924248128,0.0,36772.04290757519,0.9992402964014997
3730.0,2.223703458237651,0.0,36777.76296541763,0.9993957327559138
3731.0,1.2516156088122443,0.0,36787.483843911876,0.9996598870628227
3732.0,2.0563926527902368,0.0,36779.4360734721,0.9994411976486983
3733.0,0.6977266408325704,0.0,36793.02273359167,0.9998104003693389
3734.0,2.05612548389081,0.0,36779.43874516109,0.9994412702489427
3735.0,0.948099908439417,0.0,36790.51900091561,0.9997423641553154
3736.0,1.5281710020462924,0.0,36784.71828997954,0.9995847361407483
3737.0,1.4751810316197407,0.0,36785.2481896838,0.9995991355892337
3738.0,1.2241926973306363,0.0,36787.75807302669,0.9996673389409427
3739.0,0.7790777633281323,0.0,36792.20922236672,0.9997882940860522
3740.0,2.4614450836261312,0.0,36775.38554916374,0.9993311290533624
3741.0,1.7469266653511113,0.0,36782.53073334649,0.9995252916670241
3742.0,2.410098221699627,0.0,36775.899017783006,0.999345082004973
3743.0,1.664437972507585,0.0,36783.355620274924,0.9995477070726881
3744.0,1.7296803150902633,0.0,36782.7031968491,0.9995299781752472
3745.0,1.2519597438995334,0.0,36787.48040256101,0.9996597935478534
3746.0,1.838302870339703,0.0,36781.6169712966,0.999500461176538
3747.0,2.7159761105067446,0.0,36772.84023889493,0.9992619630134493
3748.0,1.5510707252237808,0.0,36784.48929274776,0.9995785133898849
3749.0,2.333247843585468,0.0,36776.667521564144,0.9993659652598952
3750.0,0.5897476895706859,0.0,36794.102523104295,0.9998397424756602
3751.0,1.3037911061805971,0.0,36786.96208893819,0.9996457089385378
3752.0,1.7095086181629995,0.0,36782.90491381837,0.9995354596146296
3753.0,4.036141164577202,0.0,36759.638588354224,0.9989032225096257
3754.0,0.6971856289987954,0.0,36793.02814371001,0.9998105473834242
3755.0,0.0,0.0,36800.0,1.0
3756.0,0.0,0.0,36800.0,1.0
3757.0,0.9797988254049415,0.0,36790.20201174595,0.9997337503191833
3758.0,1.3220897614501155,0.0,36786.779102385495,0.9996407364778667
3759.0,1.6138600293324998,0.0,36783.86139970667,0.9995614510789856
3760.0,0.1468913336670994,0.0,36798.53108666333,0.999960083876721
3761.0,1.235393310501422,0.0,36787.64606689499,0.9996642952960595
3762.0,1.059090557897889,0.0,36789.40909442102,0.999712203652745
3763.0,1.2293713302469769,0.0,36787.70628669753,0.9996659317037373
3764.0,0.46340783123605434,0.0,36795.36592168764,0.9998740739589033
3765.0,1.5958473429591322,0.0,36784.04152657041,0.9995663458307176
3766.0,1.368193581432024,0.0,36786.31806418568,0.9996282082659153
3767.0,0.7539075635477275,0.0,36792.460924364525,0.9997951338142533
3768.0,1.5347683077375223,0.0,36784.65231692263,0.9995829433946366
3769.0,3.387286868157389,0.0,36766.127131318426,0.9990795416119137
3770.0,1.3332935852286028,0.0,36786.66706414771,0.9996376919605356
3771.0,2.292910812574519,0.0,36777.07089187425,0.9993769264096264
3772.0,3.86804773267113,0.0,36761.319522673286,0.9989489000726436
3773.0,1.6714127295249455,0.0,36783.28587270475,0.9995458117582813
3774.0,3.5849357046758996,0.0,36764.15064295324,0.9990258326889467
3775.0,3.7521680535273845,0.0,36762.478319464724,0.9989803891158893
3776.0,1.5011688080271597,0.0,36784.988311919726,0.9995920736934708
3777.0,0.3552042843593881,0.0,36796.44795715641,0.9999034770966415
3778.0,1.8108622079762426,0.0,36781.89137792024,0.9995079178782674
3779.0,1.146059357899503,0.0,36788.539406421005,0.9996885708266577
3780.0,2.657970838928577,0.0,36773.42029161072,0.9992777253155086
3781.0,1.0923613063928315,0.0,36789.076386936074,0.9997031626884803
3782.0,2.04500883278979,0.0,36779.549911672104,0.9994442910780463
3783.0,1.2750636088762803,0.0,36787.249363911236,0.9996535153236749
3784.0,0.9892812975945162,0.0,36790.107187024056,0.9997311735604363
3785.0,0.0,0.0,36800.0,1.0
3786.0,1.6621521202396252,0.0,36783.378478797604,0.9995483282281957
3787.0,4.76994270745945,0.0,36752.30057292541,0.9987038199164513
3788.0,2.5820102646771375,0.0,36774.17989735323,0.9992983667759029
3789.0,0.23306927328985694,0.0,36797.669307267104,0.9999366659583452
3790.0,2.8192299604033906,0.0,36771.80770039596,0.9992339049020642
3791.0,0.9523469765840673,0.0,36790.47653023416,0.9997412100607109
3792.0,0.11843730236523697,0.0,36798.81562697635,0.9999678159504443
3793.0,0.8832138711750304,0.0,36791.16786128825,0.999759996230659
3794.0,0.0,0.0,36800.0,1.0
3795.0,1.771511146548164,0.0,36782.284888534516,0.9995186111014814
3796.0,1.6675615562958228,0.0,36783.324384437045,0.9995468582727458
3797.0,1.3493493286728153,0.0,36786.506506713275,0.9996333289867738
3798.0,0.9097937541055217,0.0,36790.90206245895,0.9997527734363845
3799.0,2.77251025464102,0.0,36772.27489745359,0.9992466004742824
3800.0,1.3327333551860647,0.0,36786.67266644814,0.9996378441969603
3801.0,1.6821771093796087,0.0,36783.1782289062,0.9995428866550599
3802.0,0.9336512562622374,0.0,36790.66348743738,0.9997462904194939
3803.0,3.30126387564178,0.0,36766.987361243584,0.9991029174250974
3804.0,1.3069525816013083,0.0,36786.93047418399,0.9996448498419562
3805.0,2.138688042970898,0.0,36778.61311957029,0.9994188347709319
3806.0,3.401948579020882,0.0,36765.98051420979,0.999075557451353
3807.0,3.676104188613863,0.0,36763.23895811386,0.9990010586443985
3808.0,1.7984875702591125,0.0,36782.01512429741,0.99951128055156
3809.0,0.7213270658544388,0.0,36792.78672934145,0.9998039872103656
3810.0,1.6662097347680174,0.0,36783.33790265232,0.9995472256155521
3811.0,2.550218586223309,0.0,36774.497814137765,0.999307005818961
3812.0,1.8685452490080934,0.0,36781.314547509915,0.9994922431388564
3813.0,0.8478102490903439,0.0,36791.5218975091,0.9997696167801385
3814.0,1.7810632574332885,0.0,36782.189367425664,0.9995160154191757
3815.0,3.4301841208389305,0.0,36765.69815879161,0.9990678847497719
3816.0,1.155506425636304,0.0,36788.44493574364,0.9996860036886859
3817.0,0.3689707194566836,0.0,36796.310292805436,0.999899736217539
3818.0,1.6343244499580578,0.0,36783.65675550042,0.9995558900951201
3819.0,0.0,0.0,36800.0,1.0
3820.0,2.4588177440509753,0.0,36775.41182255949,0.9993318430043339
3821.0,3.3893770358440634,0.0,36766.10622964156,0.9990789736315642
3822.0,1.4068431516438977,0.0,36785.93156848356,0.9996177056653142
3823.0,2.173139742870262,0.0,36778.2686025713,0.9994094728959592
3824.0,1.7964785868266517,0.0,36782.035214131734,0.999511826470971
3825.0,1.5344526311955633,0.0,36784.65547368804,0.9995830291763055
3826.0,0.5163472542326417,0.0,36794.83652745767,0.9998596882461324
3827.0,4.2108009420312555,0.0,36757.89199057969,0.9988557606135784
3828.0,3.7140014213464383,0.0,36762.859985786534,0.9989907604833297
3829.0,2.6820783798971206,0.0,36773.17921620103,0.9992711743532889
3830.0,1.9701389546758037,0.0,36780.29861045324,0.9994646361536206
3831.0,2.224525913216439,0.0,36777.75474086784,0.9993955092627129
3832.0,2.319468034057536,0.0,36776.80531965943,0.9993697097733539
3833.0,2.928578495700549,0.0,36770.71421504299,0.9992041906261683
3834.0,3.327093266110751,0.0,36766.72906733889,0.9990958985689916
3835.0,1.6267526544233988,0.0,36783.73247345576,0.9995579476482545
3836.0,2.26019068705682,0.0,36777.398093129435,0.9993858177480824
3837.0,2.298587541391953,0.0,36777.01412458608,0.9993753838202739
3838.0,1.9565304922080031,0.0,36780.43469507792,0.9994683341053783
3839.0,1.8595078617081526,0.0,36781.40492138292,0.9994946989506228
3840.0,2.3438468183412624,0.0,36776.56153181659,0.9993630851037116
3841.0,3.2747732811171772,0.0,36767.25226718883,0.9991101159562182
3842.0,3.1993023430090943,0.0,36768.00697656991,0.9991306243633127
3843.0,1.4326610353632532,0.0,36785.67338964637,0.9996106899360426
3844.0,2.082063819254472,0.0,36779.17936180746,0.9994342217882461
3845.0,0.09272064632887123,0.0,36799.07279353671,0.9999748041721932
3846.0,1.2614189925357095,0.0,36787.385810074644,0.9996572230998545
3847.0,0.7405430815088039,0.0,36792.59456918491,0.9997987654669813
3848.0,0.42319470586880925,0.0,36795.76805294131,0.9998850014386226
3849.0,1.6765432792449246,0.0,36783.23456720755,0.9995444175871617
3850.0,2.185171915878982,0.0,36778.14828084121,0.9994062032837285
3851.0,3.610927291382268,0.0,36763.890727086175,0.9990187697577765
3852.0,1.8815087230700556,0.0,36781.1849127693,0.9994887204556875
3853.0,1.6103789284788945,0.0,36783.89621071521,0.9995623970303047
3854.0,3.5210205042931193,0.0,36764.78979495707,0.9990432009499204
3855.0,4.7356477768894365,0.0,36752.643522231105,0.9987131391910626
3856.0,0.7841758199606375,0.0,36792.158241800396,0.999786908744576
3857.0,0.6127723356380557,0.0,36793.87227664362,0.9998334857783592
3858.0,1.6351757061174794,0.0,36783.64824293883,0.9995556587755116
3859.0,1.7759638527218158,0.0,36782.24036147278,0.9995174011269777
3860.0,2.1347684289507924,0.0,36778.65231571049,0.9994198998834372
3861.0,0.45009325935643574,0.0,36795.49906740643,0.9998776920490878
3862.0,0.6742467799031147,0.0,36793.257532200965,0.9998167807663306
3863.0,1.3284420473737555,0.0,36786.715579526266,0.9996390103132138
3864.0,0.519817143099317,0.0,36794.801828569005,0.9998587453415491
3865.0,0.5551954972738713,0.0,36794.44804502726,0.9998491316583494
3866.0,1.3786465468260758,0.0,36786.21353453174,0.9996253677861885
3867.0,1.756997582108852,0.0,36782.43002417891,0.9995225550048616
3868.0,0.8237102633370341,0.0,36791.76289736663,0.9997761656893106
3869.0,2.4666775100672567,0.0,36775.333224899325,0.9993297071983512
3870.0,2.519188915068753,0.0,36774.80811084931,0.9993154377948184
3871.0,0.9952604536360923,0.0,36790.04739546364,0.9997295487897728
3872.0,0.6561854121537181,0.0,36793.43814587846,0.9998216887466974
3873.0,2.082266688993059,0.0,36779.17733311007,0.9994341666605997
3874.0,0.560629057753431,0.0,36794.39370942247,0.9998476551473496
3875.0,2.9660883554629436,0.0,36770.33911644537,0.9991939977294938
3876.0,1.2708219499518236,0.0,36787.29178050048,0.9996546679483828
3877.0,0.7737063317122193,0.0,36792.26293668288,0.9997897537142086
3878.0,2.1818056442298257,0.0,36778.181943557705,0.9994071180314594
3879.0,1.7512990831851312,0.0,36782.48700916815,0.9995241035100041
3880.0,1.2571552084236828,0.0,36787.428447915765,0.9996583817368414
3881.0,2.5541742122636606,0.0,36774.45825787736,0.9993059309205805
3882.0,1.8377251481874737,0.0,36781.62274851812,0.9995006181662534
3883.0,2.9870026467510797,0.0,36770.12997353249,0.9991883144981654
3884.0,1.8215894717873198,0.0,36781.784105282124,0.9995050028609272
3885.0,1.017144370907772,0.0,36789.82855629092,0.9997236020731229
3886.0,0.31672462249298405,0.0,36796.832753775074,0.9999139335264966
3887.0,4.7551932557580585,0.0,36752.44806744242,0.998707827919631
3888.0,3.258653272963329,0.0,36767.413467270366,0.9991144963932165
3889.0,0.0,0.0,36800.0,1.0
3890.0,0.3848908959266737,0.0,36796.15109104073,0.9998954100826285
3891.0,1.0359693381260513,0.0,36789.64030661874,0.9997184865929005
3892.0,1.192688247462229,0.0,36788.073117525375,0.9996758999327547
3893.0,1.2098188674958692,0.0,36787.90181132504,0.9996712448729631
3894.0,1.188211951307494,0.0,36788.11788048693,0.9996771163175795
3895.0,2.579503175118589,0.0,36774.204968248814,0.9992990480502395
3896.0,1.7405638356135569,0.0,36782.59436164387,0.9995270206968442
3897.0,0.846544950983116,0.0,36791.53455049017,0.999769960611146
3898.0,1.5313071316413698,0.0,36784.686928683586,0.9995838839316192
3899.0,1.3063363996652697,0.0,36786.936636003345,0.9996450172826996
3900.0,0.9604999251314439,0.0,36790.395000748686,0.9997389945855621
3901.0,0.6275160438185594,0.0,36793.724839561815,0.9998294793359189
3902.0,1.2759236197066457,0.0,36787.24076380293,0.9996532816250797
3903.0,1.142593887959265,0.0,36788.57406112041,0.9996895125304459
3904.0,0.0,0.0,36800.0,1.0
3905.0,0.06921544246324629,0.0,36799.30784557537,0.9999811914558525
3906.0,1.1640419863879288,0.0,36788.35958013612,0.9996836842428294
3907.0,3.271188220118347,0.0,36767.28811779882,0.9991110901575765
3908.0,0.5024023767828112,0.0,36794.97597623217,0.9998634776150046
3909.0,0.11933370455699333,0.0,36798.806662954434,0.9999675723628922
3910.0,1.4579414943914344,0.0,36785.42058505608,0.9996038202460892
3911.0,1.5622235140981502,0.0,36784.37776485902,0.9995754827407342
3912.0,1.738230913624193,0.0,36782.61769086376,0.9995276546430368
3913.0,1.3369356492539737,0.0,36786.63064350746,0.9996367022692244
3914.0,1.2418792426178697,0.0,36787.58120757382,0.999662532814506
3915.0,1.5639208769234756,0.0,36784.36079123076,0.999575021500836
3916.0,2.277718388705125,0.0,36777.222816112946,0.9993810547856778
3917.0,3.6889408491233553,0.0,36763.11059150877,0.9989975704214339
3918.0,0.8478980159757157,0.0,36791.52101984024,0.9997695929304413
3919.0,3.058033781845552,0.0,36769.41966218154,0.999169012559281
3920.0,2.6622921006942306,0.0,36773.37707899306,0.9992765510595939
3921.0,2.1116800288382365,0.0,36778.88319971162,0.999426173905207
3922.0,2.1556920068915133,0.0,36778.44307993109,0.9994142141285621
3923.0,2.218368168769757,0.0,36777.8163183123,0.9993971825628344
3924.0,0.31291945694692913,0.0,36796.87080543053,0.9999149675388731
3925.0,1.4285170696739442,0.0,36785.71482930326,0.9996118160136755
3926.0,1.002627157619827,0.0,36789.9737284238,0.999727546968038
3927.0,1.5136861115311149,0.0,36784.86313888469,0.9995886722523014
3928.0,0.7499474640699191,0.0,36792.5005253593,0.9997962099282418
3929.0,0.0,0.0,36800.0,1.0
3930.0,0.8800816404122997,0.0,36791.199183595876,0.9997608473803227
3931.0,1.2139112688641944,0.0,36787.860887311355,0.9996701328073738
3932.0,0.909954909499902,0.0,36790.900450905,0.9997527296441576
3933.0,0.1509744288582624,0.0,36798.49025571142,0.9999589743399842
3934.0,1.2096289830633395,0.0,36787.90371016937,0.9996712964719937
3935.0,2.8094788759567564,0.0,36771.90521124043,0.9992365546532725
3936.0,4.204102424891062,0.0,36757.95897575109,0.9988575808628014
3937.0,1.6414801922810511,0.0,36783.58519807719,0.9995539455999237
3938.0,2.0951036865276365,0.0,36779.04896313472,0.9994306783460523
3939.0,2.2185602966355873,0.0,36777.814397033646,0.9993971303541752
3940.0,0.6926730883237724,0.0,36793.073269116765,0.9998117736173034
3941.0,1.2998334963963316,0.0,36787.001665036034,0.9996467843759792
3942.0,1.6965446996605351,0.0,36783.034553003396,0.9995389824185705
3943.0,0.5159087484789779,0.0,36794.84091251521,0.9998598074053047
3944.0,1.6888727857085541,0.0,36783.111272142916,0.9995410671777967
3945.0,1.2360897736853076,0.0,36787.63910226314,0.9996641060397593
3946.0,1.4524033033899286,0.0,36785.4759669661,0.9996053251892962
3947.0,4.237715963225128,0.0,36757.62284036775,0.9988484467491237
3948.0,3.3076526839327016,0.0,36766.92347316067,0.9991011813358878
3949.0,2.589773136837266,0.0,36774.10226863163,0.9992962572997726
3950.0,0.0,0.0,36800.0,1.0
3951.0,0.47398755593212627,0.0,36795.260124440676,0.999871199033714
3952.0,0.9344671892636143,0.0,36790.655328107365,0.9997460686985697
3953.0,2.5135230050973405,0.0,36774.864769949025,0.999316977444267
3954.0,2.343047003582342,0.0,36776.569529964174,0.9993633024446786
3955.0,3.063179556133491,0.0,36769.368204438666,0.9991676142510507
3956.0,1.809984199354858,0.0,36781.90015800645,0.9995081564675666
3957.0,2.553323724843267,0.0,36774.46676275157,0.9993061620312925
3958.0,2.5158826367264737,0.0,36774.84117363273,0.9993163362400199
3959.0,2.5243349727870736,0.0,36774.75665027213,0.9993140394095688
3960.0,2.653619362237805,0.0,36773.46380637762,0.9992789077820006
3961.0,1.6810304161303975,0.0,36783.18969583869,0.9995431982564862
3962.0,4.873957999295726,0.0,36751.26042000704,0.9986755548914957
3963.0,5.143864360212319,0.0,36748.56135639788,0.9986022107716814
3964.0,2.0551478328361554,0.0,36779.44852167164,0.9994415359149903
3965.0,1.4860706627528089,0.0,36785.13929337247,0.9995961764503389
3966.0,2.5290211936599007,0.0,36774.7097880634,0.9993127659799838
3967.0,2.29245582240992,0.0,36777.0754417759,0.9993770500482582
3968.0,4.997022101542825,0.0,36750.02977898457,0.9986421135593634
3969.0,2.518248640340971,0.0,36774.81751359659,0.9993156933042551
3970.0,2.614445620830793,0.0,36773.855543791695,0.9992895528204265
3971.0,1.9493428927985406,0.0,36780.506571072016,0.9994702872573917
3972.0,3.575871176707551,0.0,36764.24128823292,0.9990282958758946
3973.0,2.2452715519420963,0.0,36777.54728448058,0.9993898718608852
3974.0,1.1700250987405525,0.0,36788.29974901259,0.9996820583970814
3975.0,1.3465213184454115,0.0,36786.534786815544,0.9996340974678137
3976.0,2.336535085938067,0.0,36776.63464914062,0.9993650719875169
3977.0,1.8348218643409382,0.0,36781.65178135659,0.9995014071020812
3978.0,1.4256005683096191,0.0,36785.7439943169,0.9996126085412201
3979.0,3.7339838889115526,0.0,36762.660161110885,0.9989853304649697
3980.0,2.536114299320161,0.0,36774.6388570068,0.9993108385056196
3981.0,3.1811387849807033,0.0,36768.188612150196,0.999135560112777
3982.0,2.7715614651724536,0.0,36772.28438534828,0.9992468582975076
3983.0,1.441475974295372,0.0,36785.585240257045,0.9996082945722023
3984.0,0.7496919191048619,0.0,36792.50308080895,0.9997962793698084
3985.0,2.774937346344359,0.0,36772.25062653656,0.9992459409384935
3986.0,1.787818483747742,0.0,36782.12181516252,0.9995141797598511
3987.0,0.6976164127627271,0.0,36793.02383587237,0.9998104303226188
3988.0,0.7726162362969262,0.0,36792.27383763703,0.9997900499357889
3989.0,2.295941076034069,0.0,36777.04058923966,0.999376102968469
3990.0,2.6268905087367784,0.0,36773.73109491263,0.9992861710574085
3991.0,1.548215231825452,0.0,36784.517847681745,0.9995792893391778
3992.0,1.8618284639669582,0.0,36781.38171536033,0.9994940683521829
3993.0,0.9094663585310627,0.0,36790.90533641469,0.9997528624025731
3994.0,0.6684499474308723,0.0,36793.31550052569,0.999818355992546
3995.0,4.373737660512234,0.0,36756.262623394876,0.9988114843313824
3996.0,2.7373315900799753,0.0,36772.6266840992,0.9992561598940001
3997.0,2.318782024563916,0.0,36776.81217975436,0.9993698961889771
3998.0,2.5294305561201327,0.0,36774.7056944388,0.9993126547401848
3999.0,3.316982947266297,0.0,36766.83017052733,0.9990986459382427
4000.0,2.0818714723377525,0.0,36779.18128527662,0.99943427405643
4001.0,1.4417915075755445,0.0,36785.582084924245,0.9996082088294632
4002.0,2.496115501292934,0.0,36775.03884498707,0.9993217077442139
4003.0,1.0702788172370674,0.0,36789.29721182763,0.9997091633648812
4004.0,0.0,0.0,36800.0,1.0
4005.0,2.478246385286184,0.0,36775.21753614714,0.9993265634822592
4006.0,2.9863747271056127,0.0,36770.136252728946,0.999188485128504
4007.0,4.073778624241186,0.0,36759.26221375759,0.9988929949390649
4008.0,2.7209467688844597,0.0,36772.790532311155,0.999260612291064
4009.0,1.3625826720240184,0.0,36786.37417327976,0.9996297329695586
4010.0,1.3985893286053397,0.0,36786.01410671395,0.9996199485520094
4011.0,1.1619257829643175,0.0,36788.38074217035,0.9996842592981074
4012.0,2.848706894960742,0.0,36771.51293105039,0.9992258948654997
4013.0,1.7510431150872137,0.0,36782.48956884913,0.9995241730665525
4014.0,2.395439004594209,0.0,36776.04560995406,0.999349065487882
4015.0,2.7926117951419656,0.0,36772.07388204858,0.9992411380991462
4016.0,0.12040889461741244,0.0,36798.79591105383,0.9999672801916801
4017.0,1.6695680597595128,0.0,36783.30431940241,0.9995463130272393
4018.0,1.5899512680803127,0.0,36784.1004873192,0.9995679480249783
4019.0,0.695381652026299,0.0,36793.04618347974,0.9998110375945581
4020.0,1.430563013727351,0.0,36785.69436986273,0.9996112600506176
4021.0,1.5727760229037813,0.0,36784.27223977096,0.9995726152111674
4022.0,0.59581355829323,0.0,36794.04186441707,0.9998380941417683
4023.0,1.4900219032219866,0.0,36785.09978096778,0.9995951027436897
4024.0,2.406868362089881,0.0,36775.9313163791,0.9993459596842147
4025.0,3.248094994778512,0.0,36767.519050052215,0.9991173654905493
4026.0,1.9564919060635475,0.0,36780.435080939365,0.9994683445907436
4027.0,3.72027442010085,0.0,36762.79725579899,0.998989055864103
4028.0,1.294204521364918,0.0,36787.05795478635,0.9996483139887595
4029.0,1.5664316348593275,0.0,36784.33568365141,0.9995743392296578
4030.0,2.5303025118678306,0.0,36774.69697488132,0.999312417795688
4031.0,2.9240324791576313,0.0,36770.75967520842,0.9992054259567505
4032.0,3.4198251870734566,0.0,36765.80174812926,0.9990706996774256
4033.0,1.0988616340446242,0.0,36789.011383659556,0.9997013962950966
4034.0,1.7411530635940835,0.0,36782.58846936406,0.9995268605805452
4035.0,1.7933052995608705,0.0,36782.066947004394,0.9995126887772933
4036.0,1.3869624810649839,0.0,36786.13037518935,0.9996231080214497
4037.0,1.1616817270692081,0.0,36788.38318272931,0.9996843256176443
4038.0,1.7267835137354268,0.0,36782.732164862646,0.9995307653495284
4039.0,2.316167384005894,0.0,36776.83832615994,0.9993706066891287
4040.0,1.6805858421812445,0.0,36783.19414157819,0.9995433190646248
4041.0,1.8442431208650305,0.0,36781.55756879135,0.9994988469780258
4042.0,1.1607267081640202,0.0,36788.39273291836,0.999684585133651
4043.0,2.1099783078575456,0.0,36778.90021692142,0.9994266363293864
4044.0,1.6737780143853342,0.0,36783.262219856144,0.99954516901783
4045.0,3.794087147481605,0.0,36762.05912852519,0.9989689980577496
4046.0,0.8155936539405957,0.0,36791.844063460594,0.99977837128969
4047.0,2.3532595419915197,0.0,36776.467404580086,0.9993605272983719
4048.0,2.7494730521621022,0.0,36772.50526947838,0.9992528605836517
4049.0,0.5260250664646264,0.0,36794.73974933536,0.999857058405852
4050.0,0.0,0.0,36800.0,1.0
4051.0,0.8086822263439899,0.0,36791.91317773656,0.9997802493950153
4052.0,2.406872454384029,0.0,36775.93127545616,0.9993459585721783
4053.0,3.768719407446497,0.0,36762.31280592553,0.9989758914653677
4054.0,2.07095141565469,0.0,36779.290485843456,0.9994372414631374
4055.0,1.2538424181202572,0.0,36787.4615758188,0.9996592819515978
4056.0,4.441785461296149,0.0,36755.58214538704,0.9987929930811695
4057.0,3.8098002526508026,0.0,36761.90199747349,0.9989647281922144
4058.0,3.7142893727054798,0.0,36762.857106272946,0.9989906822356779
4059.0,2.5122354206259843,0.0,36774.87764579374,0.9993173273313517
4060.0,3.6748541382480653,0.0,36763.25145861752,0.9990013983319977
4061.0,1.580845583066548,0.0,36784.191544169335,0.9995704223959059
4062.0,0.0,0.0,36800.0,1.0
4063.0,1.2340776839359933,0.0,36787.65922316064,0.9996646528032783
4064.0,1.6708906102949186,0.0,36783.29109389705,0.9995459536385068
4065.0,1.1013220776740127,0.0,36788.98677922326,0.9997007276962843
4066.0,1.6916144382257698,0.0,36783.08385561774,0.9995403221635255
4067.0,2.821568822946574,0.0,36771.784311770534,0.9992332693415906
4068.0,0.5076243381085987,0.0,36794.92375661891,0.9998620586037748
4069.0,2.192187349123742,0.0,36778.078126508764,0.9994042969159991
4070.0,2.6925253441045243,0.0,36773.07474655895,0.9992683355043194
4071.0,1.592448832052014,0.0,36784.07551167948,0.9995672693391163
4072.0,1.6772002653237905,0.0,36783.22799734676,0.9995442390583359
4073.0,1.5934166318584175,0.0,36784.065833681416,0.9995670063500385
4074.0,3.3657270573385176,0.0,36766.342729426615,0.999085400256158
4075.0,2.0893296544827535,0.0,36779.106703455174,0.9994322473764993
4076.0,2.6535797232841105,0.0,36773.46420276716,0.9992789185534554
4077.0,1.6426062713676401,0.0,36783.573937286325,0.9995536396001719
4078.0,0.5151423170800626,0.0,36794.8485768292,0.9998600156747065
4079.0,2.2241672458658286,0.0,36777.75832754134,0.9993956067266669
4080.0,2.3867288111518974,0.0,36776.13271188848,0.999351432388274
4081.0,2.435597407201385,0.0,36775.644025927984,0.9993381528784778
4082.0,1.4344024979432106,0.0,36785.65597502057,0.9996102167125155
4083.0,0.5292311672665164,0.0,36794.70768832733,0.999856187182808
4084.0,2.174459926414329,0.0,36778.255400735856,0.9994091141504309
4085.0,3.98797128953629,0.0,36760.12028710464,0.9989163121495827
4086.0,0.8467713571226341,0.0,36791.532286428774,0.9997698990877384
4087.0,0.6046479225715302,0.0,36793.95352077429,0.9998356934993013
4088.0,0.3969388410941974,0.0,36796.030611589056,0.9998921361844852
4089.0,1.1894253813406976,0.0,36788.10574618659,0.9996767865811574
4090.0,1.453473900933659,0.0,36785.46526099066,0.9996050342660506
4091.0,0.7139463613402768,0.0,36792.86053638659,0.9998059928365922
4092.0,1.6497721258924685,0.0,36783.50227874108,0.9995516923570945
4093.0,0.9094768045474666,0.0,36790.90523195452,0.9997528595639816
4094.0,2.3211034175801615,0.0,36776.7889658242,0.9993692653756575
4095.0,2.3696532652825226,0.0,36776.30346734718,0.9993560724822602
4096.0,1.407478557340255,0.0,36785.9252144266,0.9996175330007228
4097.0,0.3894269777192676,0.0,36796.10573022281,0.9998941774517067
4098.0,1.6134634629588618,0.0,36783.86536537041,0.9995615588415873
4099.0,2.225076879424705,0.0,36777.74923120575,0.9993953595436346
4100.0,1.534486998889406,0.0,36784.6551300111,0.9995830198372582
4101.0,0.5475603076511106,0.0,36794.52439692349,0.9998512064381382
4102.0,0.9616895237986682,0.0,36790.38310476201,0.9997386713250547
4103.0,3.1226330990530187,0.0,36768.77366900947,0.9991514583969964
4104.0,1.9313563481764504,0.0,36780.686436518234,0.9994751749053867
4105.0,0.693956048428845,0.0,36793.06043951571,0.9998114249868401
4106.0,0.545616928932759,0.0,36794.543830710674,0.9998517345301814
4107.0,0.6745884584488522,0.0,36793.25411541551,0.9998166879188998
4108.0,1.9234227073584407,0.0,36780.76577292642,0.999477330786044
4109.0,1.1894672818207255,0.0,36788.105327181795,0.9996767751951574
4110.0,0.7042415071828145,0.0,36792.95758492817,0.9998086300252219
4111.0,1.3276542952162345,0.0,36786.72345704784,0.9996392243763
4112.0,2.5994368812616813,0.0,36774.005631187385,0.9992936312822659
4113.0,1.7922102051970796,0.0,36782.07789794803,0.9995129863572835
4114.0,1.8678286799886337,0.0,36781.321713200115,0.9994924378586988
4115.0,0.4647827630624306,0.0,36795.35217236938,0.9998737003361244
4116.0,1.019815071585981,0.0,36789.80184928414,0.9997228763392428
4117.0,0.9139313053747173,0.0,36790.86068694625,0.9997516491018004
4118.0,3.053798240753167,0.0,36769.462017592465,0.9991701635215343
4119.0,2.817341615867008,0.0,36771.82658384133,0.9992344180391666
4120.0,1.511407996192247,0.0,36784.885920038076,0.9995892913053825
4121.0,0.8341494357546253,0.0,36791.65850564245,0.9997733289576753
4122.0,1.7421206512663048,0.0,36782.57879348734,0.9995265976491124
4123.0,3.5351599912555685,0.0,36764.64840008745,0.9990393586980285
4124.0,2.530886799326254,0.0,36774.69113200674,0.9993122590219222
4125.0,1.5253256709929701,0.0,36784.746743290074,0.9995855093285346
4126.0,1.1442255959618706,0.0,36788.55774404038,0.9996890691315321
4127.0,2.091716145519058,0.0,36779.08283854481,0.9994315988735003
4128.0,1.384100553825192,0.0,36786.158994461744,0.9996238857190691
4129.0,2.074088198726713,0.0,36779.259118012735,0.9994363890764331
4130.0,0.8973019754557754,0.0,36791.02698024544,0.9997561679414523
4131.0,2.443731877187929,0.0,36775.56268122812,0.9993359424246772
4132.0,3.173446973123646,0.0,36768.26553026876,0.9991376502790424
4133.0,0.8507513861250118,0.0,36791.49248613875,0.9997688175581182
4134.0,1.8363110838918146,0.0,36781.636889161084,0.9995010024228556
4135.0,1.4813824544844465,0.0,36785.18617545516,0.999597450419977
4136.0,4.915250314230434,0.0,36750.84749685769,0.9986643341537417
4137.0,1.236333117131835,0.0,36787.63666882868,0.9996640399138228
4138.0,0.9819144270268225,0.0,36790.18085572973,0.9997331754274384
4139.0,0.8391438098196886,0.0,36791.608561901805,0.9997719717908099
4140.0,0.16239487242546602,0.0,36798.37605127574,0.99995587095858
4141.0,1.5643398441352474,0.0,36784.35660155865,0.9995749076510502
4142.0,1.4903059271709935,0.0,36785.09694072829,0.9995950255632687
4143.0,1.661879375134049,0.0,36783.38120624866,0.9995484023437137
4144.0,1.8230422078113406,0.0,36781.769577921885,0.9995046080957034
4145.0,3.3340991802670032,0.0,36766.659008197326,0.9990939947879708
4146.0,0.5145019381434395,0.0,36794.85498061856,0.9998601896907218
4147.0,3.049603001766627,0.0,36769.50396998233,0.9991713035321286
4148.0,1.6566424291795556,0.0,36783.4335757082,0.9995498254268533
4149.0,1.3779210027214503,0.0,36786.22078997279,0.9996255649449127
4150.0,2.2193416321906625,0.0,36777.806583678095,0.9993969180347309
4151.0,2.5019977750907856,0.0,36774.98002224909,0.999320109300247
4152.0,2.739351336472282,0.0,36772.606486635275,0.9992556110498716
4153.0,3.3354908619212438,0.0,36766.645091380786,0.9990936166136083
4154.0,2.5290304949476194,0.0,36774.70969505052,0.9993127634524598
4155.0,0.8007981079326782,0.0,36791.992018920675,0.9997823918184966
4156.0,2.2377666557003977,0.0,36777.622333442996,0.999391911234864
4157.0,1.4223137632288854,0.0,36785.77686236771,0.9996135016947748
4158.0,1.3896540011355683,0.0,36786.10345998865,0.9996223766301263
4159.0,1.71982662571736,0.0,36782.801733742825,0.9995326558082289
4160.0,3.870346218350278,0.0,36761.296537816495,0.9989482754841439
4161.0,1.2850195906949011,0.0,36787.14980409305,0.9996508098938329
4162.0,0.5326754183124649,0.0,36794.67324581688,0.9998552512450238
4163.0,1.5923962084470986,0.0,36784.076037915525,0.9995672836390088
4164.0,0.41017746564921254,0.0,36795.89822534351,0.9998885387321605
4165.0,1.3655497747513436,0.0,36786.34450225248,0.9996289266916436
4166.0,0.6370404020217393,0.0,36793.629595979786,0.9998268911951029
4167.0,0.5292438813976332,0.0,36794.70756118602,0.999856183727881
4168.0,1.3520467428770644,0.0,36786.47953257123,0.9996325959937835
4169.0,1.1047985120858357,0.0,36788.95201487914,0.9996997830130202
4170.0,0.2844440126673362,0.0,36797.155559873325,0.9999227054313403
4171.0,3.3817204851720817,0.0,36766.18279514828,0.9990810542159858
4172.0,1.9785728456427023,0.0,36780.21427154358,0.9994623443354232
4173.0,1.4010103004065968,0.0,36785.98989699593,0.9996192906792373
4174.0,2.778759788336174,0.0,36772.21240211664,0.9992449022314304
4175.0,1.2496274657441973,0.0,36787.503725342554,0.9996604273190911
4176.0,1.9490560561916936,0.0,36780.50943943809,0.999470365202122
4177.0,1.716091318270628,0.0,36782.839086817294,0.9995336708374265
4178.0,2.7416645641305877,0.0,36772.58335435869,0.9992549824553992
4179.0,2.2157792398438687,0.0,36777.84220760156,0.9993978860761294
4180.0,2.481560939445444,0.0,36775.184390605544,0.9993256627881941
4181.0,1.4120364641275955,0.0,36785.879635358724,0.9996162944390957
4182.0,0.9463249169402843,0.0,36790.53675083059,0.9997428464899618
4183.0,0.840507743751914,0.0,36791.59492256248,0.9997716011565891
4184.0,2.5397907672559086,0.0,36774.60209232744,0.9993098394654196
4185.0,2.7778392250602337,0.0,36772.221607749394,0.9992451523844944
4186.0,2.3680974122562475,0.0,36776.31902587744,0.9993564952684088
4187.0,0.15735123134709283,0.0,36798.42648768653,0.9999572415132209
4188.0,1.5539489007242082,0.0,36784.46051099276,0.9995777312769771
4189.0,0.7864045568512665,0.0,36792.13595443149,0.9997863031095514
4190.0,2.218451350684518,0.0,36777.81548649316,0.9993971599590532
4191.0,1.2941382339413394,0.0,36787.05861766059,0.9996483320016464
4192.0,0.38668834973941557,0.0,36796.133116502606,0.9998949216440925
4193.0,1.6747265798758235,0.0,36783.25273420124,0.9995449112554685
4194.0,2.8904698211445066,0.0,36771.095301788555,0.9992145462442542
4195.0,1.3106261945740698,0.0,36786.89373805426,0.9996438515775615
4196.0,1.3690208795469516,0.0,36786.309791204534,0.9996279834566449
4197.0,1.7458188359842097,0.0,36782.541811640156,0.999525592707613
4198.0,1.9556389556073555,0.0,36780.44361044392,0.9994685763707588
4199.0,2.429017166725316,0.0,36775.70982833275,0.999339940987303
4200.0,2.2054462252499434,0.0,36777.9455377475,0.99940069396053
4201.0,0.7884679867265731,0.0,36792.11532013273,0.9997857423949112
4202.0,1.3175238859612364,0.0,36786.824761140386,0.9996419772049018
4203.0,2.8295170038090873,0.0,36771.704829961905,0.9992311095098344
4204.0,1.4655292693305455,0.0,36785.34470730669,0.9996017583507254
4205.0,2.3106435616000454,0.0,36776.893564384,0.9993721077278261
4206.0,0.8934637517504598,0.0,36791.06536248249,0.9997572109370242
4207.0,2.850312827412381,0.0,36771.496871725874,0.9992254584708118
4208.0,1.6283893238742166,0.0,36783.71610676126,0.9995575029011212
4209.0,0.9912451783657161,0.0,36790.08754821634,0.9997306398971831
4210.0,2.2054853671470482,0.0,36777.94514632853,0.9994006833241448
4211.0,2.228991029923236,0.0,36777.71008970077,0.9993942959157818
4212.0,1.8963122665782066,0.0,36781.03687733422,0.9994846977536472
4213.0,2.2005878726367882,0.0,36777.99412127363,0.9994020141650443
4214.0,2.398890351033515,0.0,36776.01109648967,0.9993481276220018
4215.0,1.9691182131464302,0.0,36780.308817868536,0.9994649135290363
4216.0,1.8269590949557823,0.0,36781.73040905044,0.9995035437241967
4217.0,0.2950374871807071,0.0,36797.049625128195,0.9999198267697879
4218.0,0.0,0.0,36800.0,1.0
4219.0,1.0512100873229429,0.0,36789.48789912677,0.9997143450849666
4220.0,2.3081198177860642,0.0,36776.91880182214,0.9993727935277755
4221.0,3.2236972158862045,0.0,36767.76302784114,0.9991239953217701
4222.0,2.139182877827807,0.0,36778.60817122172,0.9994187003049381
4223.0,1.2923744092513516,0.0,36787.07625590749,0.9996488113018339
4224.0,0.6677453717129538,0.0,36793.32254628287,0.9998185474533389
4225.0,3.02180835922627,0.0,36769.78191640774,0.9991788564241233
4226.0,2.455743523802994,0.0,36775.44256476197,0.999332678390271
4227.0,0.8648471914893889,0.0,36791.351528085106,0.9997649871762258
4228.0,2.1771472851814906,0.0,36778.22852714818,0.9994083838898963
4229.0,4.333168389413004,0.0,36756.66831610587,0.9988225085898333
4230.0,1.3999088363116243,0.0,36786.00091163688,0.9996195899901327
4231.0,1.5686506224210461,0.0,36784.313493775786,0.9995737362439072
4232.0,1.9762270286373678,0.0,36780.237729713626,0.9994629817856964
4233.0,1.5006828095074525,0.0,36784.99317190493,0.9995922057582861
4234.0,1.4238821523240404,0.0,36785.76117847676,0.9996130755020858
4235.0,3.01905700876614,0.0,36769.80942991234,0.9991796040737049
4236.0,2.561177138003586,0.0,36774.388228619966,0.9993040279516295
4237.0,2.2629088277417395,0.0,36777.37091172258,0.9993850791228962
4238.0,1.722823436401086,0.0,36782.77176563599,0.9995318414574997
4239.0,0.8002171736061428,0.0,36791.997828263935,0.9997825496810852
4240.0,1.2622387175597396,0.0,36787.377612824406,0.9996570003484893
4241.0,4.126497803287748,0.0,36758.73502196712,0.9988786690751935
4242.0,2.8258530042994607,0.0,36771.74146995701,0.9992321051618752
4243.0,1.9916985514491898,0.0,36780.083014485506,0.999458777567541
4244.0,4.023079066149876,0.0,36759.7692093385,0.9989067719928939
4245.0,3.9063833799045824,0.0,36760.936166200954,0.9989384827771999
4246.0,1.1757761332000882,0.0,36788.242238668,0.9996804956159782
4247.0,2.45429511763723,0.0,36775.45704882363,0.999333071978903
4248.0,2.55255497377766,0.0,36774.47445026222,0.9993063709310386
4249.0,0.0,0.0,36800.0,1.0
4250.0,1.5240018680697176,0.0,36784.7599813193,0.9995858690575897
4251.0,2.911428196154702,0.0,36770.88571803845,0.9992088510336535
4252.0,4.29300327220426,0.0,36757.06996727796,0.9988334230238576
4253.0,0.2855807075275152,0.0,36797.14419292472,0.9999223965468674
4254.0,0.6360352413894361,0.0,36793.639647586104,0.9998271643365789
4255.0,1.0710110769659877,0.0,36789.28988923034,0.9997089643812593
4256.0,0.3198661861797518,0.0,36796.801338138204,0.9999130798407121
4257.0,1.1471917321323417,0.0,36788.52808267868,0.9996882631162683
4258.0,1.0950324969126086,0.0,36789.049675030874,0.9997024368214912
4259.0,0.9181583007139125,0.0,36790.81841699286,0.9997505004617624
4260.0,3.317571905746263,0.0,36766.824280942536,0.9990984858951776
4261.0,3.2347378994845712,0.0,36767.65262100515,0.9991209951360096
4262.0,2.9433940738335878,0.0,36770.56605926166,0.9992001646538495
4263.0,1.76024542538471,0.0,36782.39754574615,0.999521672438754
4264.0,1.4055293197206993,0.0,36785.944706802795,0.9996180626848585
4265.0,2.662157655109695,0.0,36773.3784234489,0.9992765875937201
4266.0,2.5197756099441904,0.0,36774.80224390056,0.999315278366863
4267.0,0.4308510562068477,0.0,36795.69148943793,0.9998829209086394
4268.0,2.264314454572741,0.0,36777.35685545427,0.9993846971590835
4269.0,4.141540628163057,0.0,36758.58459371837,0.9988745813510427
4270.0,2.588405393407811,0.0,36774.115946065926,0.9992966289691828
4271.0,2.269058605774262,0.0,36777.30941394226,0.9993834079875614
4272.0,3.720877989755536,0.0,36762.791220102445,0.9989888918506099
4273.0,1.993023770783111,0.0,36780.06976229217,0.9994584174535917
4274.0,2.1146730310920248,0.0,36778.853269689076,0.999425360589377
4275.0,2.253219427472686,0.0,36777.467805725275,0.9993877121120999
4276.0,1.9469032441293166,0.0,36780.530967558705,0.9994709502053996
4277.0,0.3122887257804905,0.0,36796.87711274219,0.9999151389332118
4278.0,0.0,0.0,36800.0,1.0
4279.0,1.963703511305539,0.0,36780.36296488695,0.9994663849154062
4280.0,1.95586053587067,0.0,36780.4413946413,0.9994685161587309
4281.0,2.189333424659708,0.0,36778.1066657534,0.9994050724389512
4282.0,0.9025050072978047,0.0,36790.974949927026,0.999754754074104
4283.0,1.7733816654736074,0.0,36782.266183345266,0.9995181028082952
4284.0,3.9251679839571807,0.0,36760.74832016043,0.998933378265229
4285.0,2.1863987500482835,0.0,36778.13601249952,0.9994058699048782
4286.0,2.1631296922005276,0.0,36778.368703078,0.9994121930184239
4287.0,1.2122334850828338,0.0,36787.87766514917,0.9996705887268796
4288.0,0.7579879097838784,0.0,36792.42012090216,0.9997940250245153
4289.0,0.6121368580297712,0.0,36793.878631419706,0.9998336584624921
4290.0,2.392791083402699,0.0,36776.07208916597,0.999349785031684
4291.0,0.0,0.0,36800.0,1.0
4292.0,2.0983589350462353,0.0,36779.016410649536,0.9994297937676504
4293.0,4.422574162863384,0.0,36755.77425837137,0.9987982135427003
4294.0,3.2680269159927775,0.0,36767.31973084007,0.9991119492076106
4295.0,0.7857648995041018,0.0,36792.14235100496,0.9997864769294825
4296.0,0.4417499254514041,0.0,36795.582500745484,0.9998799592593881
4297.0,1.270444514105293,0.0,36787.295554858945,0.9996547705124713
4298.0,2.010416749170872,0.0,36779.89583250829,0.9994536911007689
4299.0,1.35372287960854,0.0,36786.462771203915,0.9996321405218455
4300.0,2.432258439519501,0.0,36775.677415604805,0.9993390602066523
4301.0,3.3603059898150605,0.0,36766.39694010185,0.9990868733723328
4302.0,1.6035012916181586,0.0,36783.96498708382,0.9995642659533647
4303.0,2.018141466819543,0.0,36779.81858533181,0.9994515919927122
4304.0,2.8849938090479554,0.0,36771.15006190952,0.9992160342910195
4305.0,1.3891961456210993,0.0,36786.10803854379,0.9996225010473856
4306.0,1.005420624742328,0.0,36789.94579375257,0.9997267878737113
4307.0,3.5487486431557045,0.0,36764.51251356844,0.9990356661295773
4308.0,0.20995532446522702,0.0,36797.900446755346,0.9999429469226996
4309.0,2.255876977257685,0.0,36777.44123022742,0.9993869899518321
4310.0,2.247039050464082,0.0,36777.52960949536,0.9993893915623739
4311.0,0.7105789163970258,0.0,36792.89421083603,0.999806907903153
4312.0,3.190401069374275,0.0,36768.09598930625,0.9991330431876699
4313.0,2.543887053074286,0.0,36774.56112946926,0.9993087263442733
4314.0,2.559552279645686,0.0,36774.40447720354,0.9993044694892267
4315.0,0.8693482792305076,0.0,36791.3065172077,0.999763764054557
4316.0,2.82463150060903,0.0,36771.753684993906,0.9992324370922258
4317.0,1.5481752898149352,0.0,36784.51824710185,0.999579300192985
4318.0,1.50349815242771,0.0,36784.96501847572,0.9995914407194489
4319.0,1.8236281359768327,0.0,36781.76371864023,0.9995044488760931
4320.0,3.5125751257792217,0.0,36764.874248742206,0.9990454958897339
4321.0,2.394493188397064,0.0,36776.05506811603,0.999349322503153
4322.0,0.0,0.0,36800.0,1.0
4323.0,0.9832676619153062,0.0,36790.16732338085,0.9997328077005665
4324.0,0.5828021135621384,0.0,36794.17197886438,0.9998416298604452
4325.0,2.7161031275127243,0.0,36772.83896872487,0.9992619284979585
4326.0,3.1302542272733263,0.0,36768.69745772726,0.9991493874382409
4327.0,6.818545114701919,0.0,36731.814548852984,0.9981471344797007
4328.0,2.4671305775909786,0.0,36775.32869422409,0.9993295840821763
4329.0,0.8558401525042427,0.0,36791.44159847496,0.9997674347411674
4330.0,1.4911333019763333,0.0,36785.088666980235,0.9995948007331585
4331.0,2.9062651862486746,0.0,36770.937348137515,0.9992102540254759
4332.0,0.07826276432479062,0.0,36799.217372356754,0.999978732944477
4333.0,1.9603689547029717,0.0,36780.39631045297,0.9994672910449176
4334.0,4.728771997753029,0.0,36752.71228002247,0.9987150076093062
4335.0,1.237675338875306,0.0,36787.62324661125,0.9996636751796535
4336.0,1.5984259091210333,0.0,36784.01574090879,0.9995656451333911
4337.0,1.454717788777998,0.0,36785.45282211222,0.9996046962530494
4338.0,2.1764556659582013,0.0,36778.23544334042,0.9994085718299026
4339.0,1.0532096265224027,0.0,36789.467903734774,0.9997138017319233
4340.0,1.6818489228353428,0.0,36783.18151077165,0.999542975836186
4341.0,2.7683903737970468,0.0,36772.31609626203,0.9992477200071204
4342.0,1.287923500280158,0.0,36787.1207649972,0.9996500207879674
4343.0,1.5607854637883065,0.0,36784.392145362115,0.9995758735152749
4344.0,1.0755656313431246,0.0,36789.24434368657,0.9997077267306134
4345.0,1.9531963267691026,0.0,36780.46803673231,0.9994692401285954
4346.0,1.7733138117018825,0.0,36782.26686188298,0.99951812124682
4347.0,2.4012351793826383,0.0,36775.98764820617,0.9993474904403852
4348.0,1.3264223557825972,0.0,36786.735776442176,0.9996395591424504
4349.0,0.06323996284390887,0.0,36799.36760037156,0.999982815227488
4350.0,1.0092456339398268,0.0,36789.9075436606,0.9997257484690381
4351.0,1.3943207737092962,0.0,36786.056792262905,0.9996211084854051
4352.0,1.5397940464144995,0.0,36784.60205953586,0.9995815777047787
4353.0,0.010557767654063355,0.0,36799.89442232346,0.9999971310413983
4354.0,1.345881900761924,0.0,36786.54118099238,0.999634271222619
4355.0,0.6464485309261363,0.0,36793.53551469074,0.9998243346383353
4356.0,1.24177705627244,0.0,36787.58222943728,0.9996625605825347
4357.0,2.0757410913129206,0.0,36779.24258908687,0.9994359399208388
4358.0,2.209025841470975,0.0,36777.90974158529,0.9993997212387307
4359.0,2.1877124075172105,0.0,36778.122875924826,0.9994055129327398
4360.0,1.8314250047324094,0.0,36781.685749952674,0.9995023301617575
4361.0,3.037226971454402,0.0,36769.62773028546,0.9991746665838439
4362.0,0.892118589533311,0.0,36791.078814104665,0.9997575764702354
4363.0,1.309182256499298,0.0,36786.908177435005,0.9996442439520382
4364.0,1.7484012269424056,0.0,36782.51598773058,0.9995248909709397
4365.0,4.807144583729496,0.0,36751.9285541627,0.998693710710943
4366.0,2.5550706301673927,0.0,36774.44929369833,0.9993056873287589
4367.0,1.3948156779288183,0.0,36786.05184322071,0.9996209740005628
4368.0,1.1790423463708066,0.0,36788.20957653629,0.9996796080580513
4369.0,1.3563301935382697,0.0,36786.436698064615,0.9996314320126254
4370.0,2.875857231880218,0.0,36771.2414276812,0.9992185170565543
4371.0,3.404189861721534,0.0,36765.958101382785,0.9990749484071408
4372.0,2.438308301959296,0.0,36775.616916980405,0.9993374162222937
4373.0,4.436313564612647,0.0,36755.63686435387,0.9987944800096161
4374.0,3.813464325348832,0.0,36761.86535674651,0.9989637325202856
4375.0,1.9848988604471742,0.0,36780.15101139553,0.9994606253096612
4376.0,1.2922665887408584,0.0,36787.07733411259,0.9996488406008855
4377.0,0.8538963570672422,0.0,36791.461036429326,0.9997679629464491
4378.0,0.5103256326510746,0.0,36794.89674367349,0.9998613245563448
4379.0,1.6039349348384349,0.0,36783.960650651614,0.999564148115533
4380.0,2.311743274469336,0.0,36776.88256725531,0.9993718088928073
4381.0,0.7291513381896948,0.0,36792.7084866181,0.9998018610494049
4382.0,1.092716829110941,0.0,36789.072831708894,0.999703066079046
4383.0,3.7572501650165577,0.0,36762.42749834983,0.9989790081073324
4384.0,4.1276682397592594,0.0,36758.72331760241,0.9988783510218046
4385.0,3.7118559711316266,0.0,36762.881440288686,0.9989913434861056
4386.0,1.9258033132409764,0.0,36780.74196686759,0.9994766838822714
4387.0,3.8511453287119366,0.0,36761.48854671288,0.9989534931171977
4388.0,2.2421809616862447,0.0,36777.57819038314,0.999390711695194
4389.0,0.32086203668677626,0.0,36796.791379633134,0.9999128092291613
4390.0,1.2704498092580252,0.0,36787.29550190742,0.9996547690735712
4391.0,0.7333718478703304,0.0,36792.6662815213,0.9998007141717744
4392.0,2.2499575715910396,0.0,36777.50042428409,0.9993885984859806
4393.0,2.908217139358385,0.0,36770.91782860641,0.9992097236034351
4394.0,2.518255852863149,0.0,36774.81744147137,0.9993156913443307
4395.0,0.420433203434186,0.0,36795.795667965656,0.9998857518468929
4396.0,1.0683210526985931,0.0,36789.316789473014,0.9997096953661145
4397.0,2.7582022254528056,0.0,36772.41797774547,0.9992504885256921
4398.0,1.9045926144453915,0.0,36780.954073855544,0.9994824476591181
4399.0,5.744032384605816,0.0,36742.55967615394,0.998439121634618
4400.0,3.76150001433507,0.0,36762.38499985665,0.9989778532569742
4401.0,3.389413999602766,0.0,36766.10586000397,0.9990789635870644
4402.0,1.0671642405141029,0.0,36789.32835759486,0.9997100097172517
4403.0,1.4747861165260474,0.0,36785.25213883474,0.9995992429031179
4404.0,0.9082503216204714,0.0,36790.9174967838,0.9997531928473858
4405.0,1.6728686694850694,0.0,36783.27131330515,0.9995454161224225
4406.0,1.1976597735701944,0.0,36788.0234022643,0.9996745489745733
4407.0,0.5877261551331685,0.0,36794.12273844867,0.9998402918056704
4408.0,0.479263703572542,0.0,36795.20736296428,0.9998697652979422
4409.0,1.6536042107682078,0.0,36783.463957892316,0.9995506510296825
4410.0,1.7765550741769403,0.0,36782.234449258234,0.9995172404689737
4411.0,1.0514021134986251,0.0,36789.485978865014,0.9997142929039405
4412.0,0.4599629119857127,0.0,36795.40037088015,0.9998750100782648
4413.0,0.9720675790013047,0.0,36790.27932420999,0.9997358512013583
4414.0,2.207883028856486,0.0,36777.92116971144,0.9994000317856369
4415.0,1.8042848642789977,0.0,36781.95715135721,0.9995097051999241
4416.0,1.1119612805105135,0.0,36788.88038719489,0.9996978366085568
4417.0,2.6392077648079066,0.0,36773.60792235192,0.9992828239769543
4418.0,1.3178351341812231,0.0,36786.82164865819,0.9996418926265812
4419.0,3.7297073309864572,0.0,36762.70292669014,0.9989864925731016
4420.0,2.434166286508116,0.0,36775.65833713492,0.9993385417699706
4421.0,2.7554507812128577,0.0,36772.44549218787,0.9992512362007574
4422.0,1.0643693648144108,0.0,36789.35630635185,0.9997107691943438
4423.0,2.294665826319033,0.0,36777.05334173681,0.9993764495037177
4424.0,1.5613764200998048,0.0,36784.386235799,0.9995757129293207
4425.0,1.7601928844578651,0.0,36782.39807115542,0.9995216867161798
4426.0,1.3859182517999216,0.0,36786.140817482,0.9996233917794023
4427.0,0.7121026801623884,0.0,36792.87897319838,0.9998064938369124
4428.0,1.4621408097691528,0.0,36785.37859190231,0.9996026791277801
4429.0,1.0382635422083695,0.0,36789.61736457792,0.9997178631678783
4430.0,0.792565816917886,0.0,36792.07434183082,0.9997846288540984
4431.0,1.2309821168264534,0.0,36787.690178831734,0.9996654939899927
4432.0,4.0935568940385565,0.0,36759.06443105961,0.9988876204092285
4433.0,0.6847808789179908,0.0,36793.15219121082,0.9998139182394246
4434.0,0.0,0.0,36800.0,1.0
4435.0,0.9652225698218899,0.0,36790.34777430178,0.9997377112582005
4436.0,1.349869429647697,0.0,36786.501305703525,0.9996331876549871
4437.0,0.6885517633054405,0.0,36793.114482366946,0.9998128935425801
4438.0,1.5109277237124843,0.0,36784.89072276287,0.9995894218142085
4439.0,2.841836190963477,0.0,36771.58163809036,0.9992277619046295
4440.0,0.8483493893781997,0.0,36791.516506106214,0.9997694702746254
4441.0,1.74066882677198,0.0,36782.59331173228,0.999526992166638
4442.0,2.793952894040558,0.0,36772.060471059594,0.9992407736700977
4443.0,2.359449023225352,0.0,36776.40550976775,0.9993588453741236
4444.0,3.7308410455316334,0.0,36762.69158954469,0.998986184498497
4445.0,1.9494900006811804,0.0,36780.505099993185,0.9994702472824235
4446.0,0.24977018479148683,0.0,36797.50229815209,0.9999321276671763
4447.0,0.5697997830775421,0.0,36794.30200216922,0.9998451631024244
4448.0,3.9072817438318452,0.0,36760.92718256168,0.9989382386565674
4449.0,2.534077163735674,0.0,36774.659228362645,0.9993113920750719
4450.0,2.032689352763555,0.0,36779.673106472364,0.999447638762836
4451.0,1.3065832222391691,0.0,36786.93416777761,0.9996449502113481
4452.0,1.242540889898919,0.0,36787.57459110101,0.9996623530190492
4453.0,0.4253430248418226,0.0,36795.74656975158,0.9998844176562929
4454.0,0.0,0.0,36800.0,1.0
4455.0,3.210358245036332,0.0,36767.89641754964,0.9991276200421096
4456.0,1.5583551096815427,0.0,36784.41644890318,0.9995765339375865
4457.0,1.2400000992884088,0.0,36787.599999007114,0.9996630434512803
4458.0,1.6719997998325198,0.0,36783.28000200167,0.9995456522283064
4459.0,2.3324141519397017,0.0,36776.6758584806,0.9993661918065381
4460.0,0.15399646266359923,0.0,36798.46003537336,0.9999581531351457
4461.0,2.293986551801936,0.0,36777.06013448198,0.9993766340891842
4462.0,2.2198905360883145,0.0,36777.801094639115,0.9993967688760629
4463.0,2.8931144281914385,0.0,36771.068855718084,0.9992138276010348
4464.0,2.0438602224430724,0.0,36779.56139777557,0.9994446032004232
4465.0,1.4094589853875732,0.0,36785.90541014612,0.9996169948409273
4466.0,2.001777605636562,0.0,36779.98222394363,0.9994560386941205
4467.0,2.172638587966503,0.0,36778.273614120335,0.9994096090793569
4468.0,2.849764672397214,0.0,36771.502353276024,0.9992256074259789
4469.0,3.7017765887867426,0.0,36762.98223411213,0.9989940824486992
4470.0,1.7612308643856522,0.0,36782.38769135614,0.9995214046564168
4471.0,0.5504649149324905,0.0,36794.49535085067,0.9998504171426813
4472.0,2.28945249860044,0.0,36777.105475013996,0.9993778661688586
4473.0,2.3285446115933155,0.0,36776.71455388407,0.9993672433120672
4474.0,0.8488966893582983,0.0,36791.51103310642,0.9997693215518049
4475.0,0.5207889748417074,0.0,36794.79211025158,0.9998584812568365
4476.0,0.8622436822315649,0.0,36791.37756317768,0.9997656946515674
4477.0,2.7894838972815705,0.0,36772.10516102718,0.9992419880713909
4478.0,2.7161786982178455,0.0,36772.83821301782,0.9992619079624409
4479.0,2.5769615304570834,0.0,36774.23038469543,0.9992997387145498
4480.0,1.9763959682532004,0.0,36780.23604031747,0.999462935878192
4481.0,1.983905151953877,0.0,36780.160948480465,0.9994608953391431
4482.0,0.7027532737101865,0.0,36792.972467262894,0.9998090344364917
4483.0,2.3448187426502045,0.0,36776.551812573496,0.999362820993845
4484.0,1.9263326701429833,0.0,36780.73667329857,0.9994765400352872
4485.0,1.1471350091751447,0.0,36788.52864990825,0.9996882785301155
4486.0,0.6239577742016991,0.0,36793.76042225798,0.9998304462570105
4487.0,1.4044580663685338,0.0,36785.955419336315,0.9996183537863129
4488.0,3.7575420077519084,0.0,36762.42457992248,0.9989789288022414
4489.0,3.6013708890850467,0.0,36763.98629110915,0.9990213666062269
4490.0,2.6276818096966963,0.0,36773.723181903035,0.9992859560299737
4491.0,1.4626249193661351,0.0,36785.373750806335,0.9996025475762591
4492.0,4.222617998661008,0.0,36757.77382001339,0.9988525494568856
4493.0,0.32234239380341023,0.0,36796.776576061966,0.9999124069582056
4494.0,0.7422425988015675,0.0,36792.577574011986,0.99979830364163
4495.0,3.3536670562371,0.0,36766.463329437625,0.9990886774303702
4496.0,2.580433574223207,0.0,36774.19566425777,0.999298795224396
4497.0,1.1641114053345518,0.0,36788.358885946654,0.9996836653789852
4498.0,1.1727004290487457,0.0,36788.272995709514,0.9996813314051498
4499.0,2.6623193041777995,0.0,36773.37680695822,0.999276543667343
4500.0,1.6121989989123904,0.0,36783.87801001088,0.9995619024459478
4501.0,2.2926845139045327,0.0,36777.073154860955,0.9993769879038303
4502.0,2.736517041201296,0.0,36772.63482958799,0.999256381238804
4503.0,4.471244645851584,0.0,36755.287553541486,0.9987849878679752
4504.0,0.7826151509598276,0.0,36792.173848490405,0.9997873328394132
4505.0,1.1097046200411569,0.0,36788.90295379959,0.9996984498315106
4506.0,0.35343758253566193,0.0,36796.46562417464,0.9999039571786588
4507.0,0.7369531980293687,0.0,36792.630468019706,0.9997997409787963
4508.0,3.2526140291683987,0.0,36767.47385970832,0.999116137492074
4509.0,0.8406810536480407,0.0,36791.59318946352,0.9997715540615087
4510.0,2.416899560315869,0.0,36775.83100439684,0.9993432338151315
4511.0,1.0568468574238068,0.0,36789.43153142576,0.9997128133539609
4512.0,1.7341208585366985,0.0,36782.65879141464,0.9995287715058325
4513.0,1.118708814130514,0.0,36788.812911858695,0.9996960030396385
4514.0,2.6686246735362147,0.0,36773.313753264636,0.9992748302517565
4515.0,2.37391410509008,0.0,36776.2608589491,0.999354914645356
4516.0,0.8266409185371231,0.0,36791.73359081463,0.9997753693156148
4517.0,0.4910351015114429,0.0,36795.08964898488,0.9998665665485023
4518.0,1.5113902058374151,0.0,36784.88609794163,0.9995892961397181
4519.0,0.13470179714204278,0.0,36798.65298202858,0.9999633962507766
4520.0,1.7288608716226008,0.0,36782.711391283774,0.9995302008501026
4521.0,1.6071084928607888,0.0,36783.92891507139,0.9995632857356356
4522.0,3.4216664732384743,0.0,36765.78333526762,0.9990701993279244
4523.0,1.1883995877878988,0.0,36788.11600412212,0.9996770653294055
4524.0,4.042954293851835,0.0,36759.57045706148,0.9989013711158011
4525.0,1.0145424627562534,0.0,36789.85457537244,0.9997243091133815
4526.0,1.039310623908932,0.0,36789.60689376091,0.9997175786348073
4527.0,1.4748426744581593,0.0,36785.25157325542,0.9995992275341146
4528.0,1.36681763038996,0.0,36786.3318236961,0.9996285821656549
4529.0,0.6408618640289205,0.0,36793.591381359714,0.9998258527543401
4530.0,1.2961131505644516,0.0,36787.038868494354,0.9996477953395205
4531.0,1.0679985238011795,0.0,36789.32001476199,0.9997097830098366
4532.0,0.3236191610003516,0.0,36796.763808389995,0.9999120600105977
4533.0,2.902712834406884,0.0,36770.97287165593,0.9992112193384765
4534.0,0.9936977725328688,0.0,36790.06302227467,0.9997299734313769
4535.0,3.364095541412098,0.0,36766.35904458588,0.9990858436028771
4536.0,1.9347456808627612,0.0,36780.652543191376,0.99947425389107
4537.0,2.1000186945993846,0.0,36778.999813054004,0.9994293427460327
4538.0,2.5275500269899567,0.0,36774.7244997301,0.9993131657535353
4539.0,2.92160887492264,0.0,36770.78391125077,0.9992060845448579
4540.0,1.5516307532188875,0.0,36784.48369246781,0.9995783612083644
4541.0,0.4039356862722343,0.0,36795.96064313728,0.9998902348678609
4542.0,1.9185557171413166,0.0,36780.81444282859,0.9994786533377333
4543.0,2.525196912998581,0.0,36774.74803087002,0.9993138051866852
4544.0,1.5625092160571512,0.0,36784.37490783943,0.9995754051043324
4545.0,0.6339168630584027,0.0,36793.660831369416,0.9998277399828646
4546.0,1.4916604763420764,0.0,36785.08339523658,0.9995946574792549
4547.0,1.3687901175972002,0.0,36786.312098824026,0.9996280461636964
4548.0,0.5112231094844901,0.0,36794.88776890516,0.9998610806767706
4549.0,0.6644403129275815,0.0,36793.35559687072,0.9998194455671392
4550.0,2.6760656797587217,0.0,36773.23934320241,0.999272808239196
4551.0,1.3251302161697822,0.0,36786.7486978383,0.9996399102673452
4552.0,2.9058399022769663,0.0,36770.94160097723,0.9992103695917726
4553.0,1.370452481414759,0.0,36786.29547518585,0.9996275944343981
4554.0,1.072192905349766,0.0,36789.2780709465,0.9997086432322418
4555.0,1.7863500854246013,0.0,36782.13649914575,0.9995145787811346
4556.0,1.2185787216158133,0.0,36787.814212783844,0.9996688644778219
4557.0,0.3439099179549885,0.0,36796.56090082045,0.999906546217947
4558.0,2.251289624781748,0.0,36777.48710375218,0.9993882365150049
4559.0,3.0068821955173917,0.0,36769.931178044826,0.9991829124468703
4560.0,1.4069953464331775,0.0,36785.930046535665,0.9996176643080343
4561.0,1.0602729512302176,0.0,36789.397270487694,0.9997118823502091
4562.0,0.9414147877896539,0.0,36790.5858521221,0.9997441807641876
4563.0,0.25640002128966444,0.0,36797.43599978711,0.9999303260811714
4564.0,1.7466435938531504,0.0,36782.533564061465,0.9995253685886267
4565.0,0.0,0.0,36800.0,1.0
4566.0,0.5989998709719657,0.0,36794.010001290284,0.9998372282959316
4567.0,1.8740301100633587,0.0,36781.25969889937,0.9994907526874829
4568.0,2.3003982703112342,0.0,36776.996017296886,0.9993748917743719
4569.0,1.2266412525486885,0.0,36787.73358747451,0.9996666735726769
4570.0,3.3972240846751447,0.0,36766.02775915325,0.9990768412813383
4571.0,2.6173457319537192,0.0,36773.826542680465,0.9992887647467518
4572.0,0.08592221770413744,0.0,36799.14077782296,0.9999766515712761
4573.0,1.4575540298546912,0.0,36785.424459701455,0.9996039255353656
4574.0,3.434292738699696,0.0,36765.657072613,0.9990667682775272
4575.0,1.1584593028183008,0.0,36788.41540697182,0.9996852012764081
4576.0,2.7249900664082816,0.0,36772.75009933591,0.9992595135689107
4577.0,2.6112438217205636,0.0,36773.887561782794,0.9992904228745324
4578.0,3.202232669359546,0.0,36767.977673306406,0.9991298280789784
4579.0,4.055449579344895,0.0,36759.44550420655,0.9988979756577867
4580.0,3.9623173167619825,0.0,36760.37682683238,0.9989232833378363
4581.0,1.341248192945386,0.0,36786.58751807055,0.9996355303823519
4582.0,0.9809418318527605,0.0,36790.19058168147,0.9997334397196052
4583.0,1.5102238563467836,0.0,36784.89776143653,0.9995896130825144
4584.0,1.0907765555821243,0.0,36789.09223444418,0.9997035933272874
4585.0,0.42334595187458035,0.0,36795.76654048126,0.9998849603391646
4586.0,1.9578530301987485,0.0,36780.42146969801,0.9994679747200547
4587.0,2.7563060030825,0.0,36772.43693996918,0.9992510038035103
4588.0,1.5962032928946428,0.0,36784.03796707105,0.9995662491051917
4589.0,1.5388270146104333,0.0,36784.611729853896,0.9995818404851602
4590.0,1.296996927908367,0.0,36787.03003072092,0.9996475551826336
4591.0,0.8678141323107411,0.0,36791.32185867689,0.9997641809423069
4592.0,2.6346476071448706,0.0,36773.65352392855,0.9992840631502323
4593.0,3.9064169173643677,0.0,36760.935830826355,0.9989384736637597
4594.0,2.987038544263669,0.0,36770.129614557365,0.9991883047434067
4595.0,2.7974233959384947,0.0,36772.02576604061,0.9992398305989297
4596.0,2.6746962898723723,0.0,36773.253037101276,0.999273180356013
4597.0,1.335232479394108,0.0,36786.647675206055,0.9996371650871211
4598.0,0.6889077909845582,0.0,36793.110922090156,0.9998127967959282
4599.0,1.7409933805820401,0.0,36782.59006619418,0.9995269039726679
4600.0,5.354351031651277,0.0,36746.456489683485,0.9985450133066165
4601.0,4.121464451445718,0.0,36758.78535548554,0.9988800368338462
4602.0,2.7939844489437746,0.0,36772.06015551056,0.9992407650953956
4603.0,1.0156620971829398,0.0,36789.84337902817,0.999724004864896
4604.0,2.340621339198151,0.0,36776.59378660802,0.9993639615926092
4605.0,2.229661757680333,0.0,36777.7033824232,0.9993941136528043
4606.0,1.060453598609456,0.0,36789.395464013905,0.9997118332612475
4607.0,2.058731148471452,0.0,36779.41268851529,0.9994405621879154
4608.0,2.7826220932529395,0.0,36772.17377906747,0.9992438526920507
4609.0,0.6814627183002813,0.0,36793.185372816995,0.9998148199135053
4610.0,3.7296078940998996,0.0,36762.703921059,0.9989865195939945
4611.0,1.7237159706692182,0.0,36782.762840293304,0.9995315989210137
4612.0,2.2761148681265695,0.0,36777.23885131873,0.9993814905249656
4613.0,3.094799134666573,0.0,36769.052008653336,0.9991590219742754
4614.0,2.4731973965190264,0.0,36775.26802603481,0.9993279354900765
4615.0,1.3893824045853762,0.0,36786.10617595415,0.9996224504335366
4616.0,0.8215740850700968,0.0,36791.784259149295,0.9997767461725352
4617.0,1.7401766037073685,0.0,36782.598233962926,0.9995271259229056
4618.0,2.6599983341857296,0.0,36773.40001665814,0.9992771743657103
4619.0,1.9851140892624244,0.0,36780.14885910737,0.9994605668235699
4620.0,0.0,0.0,36800.0,1.0
4621.0,1.9402466429228298,0.0,36780.59753357077,0.9994727590644231
4622.0,4.225604970099994,0.0,36757.743950299,0.9988517377798641
4623.0,1.1835667914356236,0.0,36788.164332085646,0.9996783785892839
4624.0,2.6456141269909494,0.0,36773.54385873009,0.9992810831176655
4625.0,1.3258992583960207,0.0,36786.74100741604,0.9996397012884795
4626.0,1.2570698198787795,0.0,36787.42930180121,0.9996584049402503
4627.0,2.5406370955597595,0.0,36774.5936290444,0.9993096094849022
4628.0,2.6241229261204353,0.0,36773.758770738794,0.999286923117902
4629.0,1.282526983367461,0.0,36787.17473016633,0.9996514872327806
4630.0,0.8813267786890719,0.0,36791.18673221311,0.9997605090275301
4631.0,0.119838517169228,0.0,36798.801614828306,0.9999674351855518
4632.0,0.2146303709332642,0.0,36797.853696290666,0.9999416765296376
4633.0,1.4271761807431176,0.0,36785.72823819257,0.9996121803856677
4634.0,1.793632099005663,0.0,36782.063679009945,0.9995125999730964
4635.0,4.062066315853372,0.0,36759.37933684146,0.9988961776315615
4636.0,1.5791520349057464,0.0,36784.208479650944,0.9995708825992105
4637.0,2.815496734718181,0.0,36771.84503265282,0.9992349193655657
4638.0,0.7899674242962647,0.0,36792.10032575704,0.99978533493905
4639.0,2.0743944076075422,0.0,36779.25605592392,0.9994363058674979
4640.0,1.8123707380373162,0.0,36781.87629261963,0.9995075079516204
4641.0,1.4561575495063153,0.0,36785.43842450494,0.9996043050137211
4642.0,0.5523324908672294,0.0,36794.476675091326,0.9998499096492208
4643.0,2.884223694938555,0.0,36771.157763050614,0.999216243561158
4644.0,2.42787704877901,0.0,36775.72122951221,0.9993402508019622
4645.0,4.174192858307833,0.0,36758.25807141692,0.9988657084624164
4646.0,1.978854930091984,0.0,36780.21145069908,0.9994622676820402
4647.0,0.8310699285075316,0.0,36791.68930071493,0.9997741657802969
4648.0,2.555443228900913,0.0,36774.445567710995,0.9993055860791031
4649.0,2.069508546926045,0.0,36779.30491453074,0.999437633547031
4650.0,1.5545418955189234,0.0,36784.45458104481,0.9995775701370873
4651.0,0.469696112382735,0.0,36795.30303887617,0.9998723651868524
4652.0,1.2909856585583839,0.0,36787.09014341442,0.9996491886797396
4653.0,1.2435503418255394,0.0,36787.56449658175,0.9996620787114605
4654.0,0.0,0.0,36800.0,1.0
4655.0,1.9443089423384663,0.0,36780.55691057662,0.9994716551787125
4656.0,3.961903621442616,0.0,36760.380963785574,0.9989233957550427
4657.0,1.6540550511426773,0.0,36783.459449488575,0.9995505285187113
4658.0,3.943467455854261,0.0,36760.56532544146,0.9989284055826483
4659.0,2.31879018525251,0.0,36776.81209814748,0.9993698939713989
4660.0,0.7961858416574614,0.0,36792.03814158343,0.9997836451517236
4661.0,1.903960679791453,0.0,36780.960393202084,0.9994826193804914
4662.0,3.766525469543012,0.0,36762.33474530457,0.9989764876441459
4663.0,1.2017154180930447,0.0,36787.98284581907,0.9996734468972572
4664.0,0.7727907896369288,0.0,36792.27209210363,0.999790002502816
4665.0,0.7717679998722815,0.0,36792.28232000128,0.9997902804348173
4666.0,0.0,0.0,36800.0,1.0
4667.0,1.8093509878171972,0.0,36781.90649012183,0.9995083285359193
4668.0,1.2339179718619562,0.0,36787.66082028138,0.9996646962032983
4669.0,5.563322275836072,0.0,36744.36677724164,0.9984882276424358
4670.0,2.2455805634554054,0.0,36777.544194365444,0.9993897878903654
4671.0,2.7735009090529275,0.0,36772.26499090947,0.9992463312747139
4672.0,2.9406962733028195,0.0,36770.59303726697,0.9992008977518197
4673.0,2.2204185647815393,0.0,36777.79581435218,0.999396625390005
4674.0,2.0843351800740493,0.0,36779.15664819926,0.9994336045706321
4675.0,1.1320066369607957,0.0,36788.679933630396,0.999692389500826
4676.0,1.5839466944316882,0.0,36784.160533055685,0.9995695797026002
4677.0,1.9608661455422407,0.0,36780.39133854458,0.9994671559387114
4678.0,3.3426801252344376,0.0,36766.573198747654,0.9990916630094471
4679.0,0.19302385138598765,0.0,36798.06976148614,0.9999475478664712
4680.0,1.6948858340119841,0.0,36783.05114165988,0.9995394331972794
4681.0,1.1149477206035954,0.0,36788.85052279396,0.9996970250759228
4682.0,1.0065261925719824,0.0,36789.934738074284,0.9997264874476708
4683.0,0.14686991362759727,0.0,36798.531300863724,0.9999600896973838
4684.0,0.41095302100529807,0.0,36795.89046978995,0.9998883279834225
4685.0,3.30830385758145,0.0,36766.916961424184,0.9991010043865267
4686.0,3.2896135663995665,0.0,36767.10386433601,0.9991060832700002
4687.0,0.5367228942350266,0.0,36794.63277105765,0.9998541513874362
4688.0,0.46438162415870465,0.0,36795.35618375841,0.9998738093412612
4689.0,0.0,0.0,36800.0,1.0
4690.0,0.6245982791260758,0.0,36793.75401720874,0.9998302722067592
4691.0,2.2467840960989633,0.0,36777.53215903901,0.9993894608434514
4692.0,0.13187336487590073,0.0,36798.68126635124,0.9999641648465011
4693.0,0.33164415296687366,0.0,36796.68355847033,0.999909879306259
4694.0,1.4335502340873063,0.0,36785.66449765913,0.9996104483059546
4695.0,1.1582576256405446,0.0,36788.417423743595,0.999685256079989
4696.0,1.0304761970692198,0.0,36789.69523802931,0.9997199792942747
4697.0,3.301702164040762,0.0,36766.98297835959,0.9991027983249889
4698.0,3.107944505022715,0.0,36768.92055494977,0.9991554498627655
4699.0,3.136979685177721,0.0,36768.63020314822,0.9991475598681582
4700.0,2.405958338480559,0.0,36775.940416615194,0.999346206973239
4701.0,1.121695184748205,0.0,36788.783048152516,0.9996951915258836
4702.0,2.1050616241427633,0.0,36778.949383758576,0.9994279723847439
4703.0,0.8993936617389409,0.0,36791.00606338261,0.9997555995484404
4704.0,0.7506335071957437,0.0,36792.49366492804,0.9997960235034794
4705.0,2.1780986076191766,0.0,36778.21901392381,0.9994081253783643
4706.0,1.286108974974013,0.0,36787.13891025026,0.9996505138654962
4707.0,3.476344610221531,0.0,36765.23655389778,0.9990553411385267
4708.0,3.3924392512635677,0.0,36766.075607487364,0.9990781415078088
4709.0,1.1041501810668706,0.0,36788.95849818933,0.9996999591899274
4710.0,1.6488446841749465,0.0,36783.51155315825,0.9995519443793003
4711.0,1.5220573843953389,0.0,36784.77942615605,0.9995863974498926
4712.0,1.072096221261745,0.0,36789.27903778738,0.999708669505092
4713.0,1.466746677784613,0.0,36785.33253322216,0.9996014275332108
4714.0,2.6891844130886966,0.0,36773.108155869115,0.9992692433660085
4715.0,2.6427876281823046,0.0,36773.57212371818,0.999281851187994
4716.0,2.9131878011585286,0.0,36770.86812198842,0.99920837288012
4717.0,2.8677440589426624,0.0,36771.322559410575,0.9992207217231135
4718.0,1.0897663858177111,0.0,36789.10233614182,0.9997038678299407
4719.0,1.349327645066296,0.0,36786.50672354933,0.9996333348790579
4720.0,1.5874743971326097,0.0,36784.125256028674,0.9995686210877357
4721.0,1.687834456964083,0.0,36783.12165543036,0.9995413493323467
4722.0,3.05977004385295,0.0,36769.40229956147,0.999168540748953
4723.0,0.26920107965906936,0.0,36797.30798920341,0.9999268475327013
4724.0,0.7157584469159701,0.0,36792.84241553084,0.9998055004220336
4725.0,1.870881780831951,0.0,36781.29118219168,0.9994916082117304
4726.0,2.0491940251577034,0.0,36779.50805974842,0.9994431537975114
4727.0,1.3735286927885682,0.0,36786.264713072116,0.9996267585073945
4728.0,0.5187673403361259,0.0,36794.81232659664,0.9998590306140392
4729.0,3.208368406666523,0.0,36767.91631593333,0.999128160759058
4730.0,2.2836386369381216,0.0,36777.16361363062,0.9993794460225711
4731.0,0.0,0.0,36800.0,1.0
4732.0,2.1126544737071526,0.0,36778.87345526293,0.9994259091104057
4733.0,4.671447648698631,0.0,36753.28552351301,0.998730584878071
4734.0,2.1635246776104395,0.0,36778.3647532239,0.999412085685432
4735.0,2.705169230010142,0.0,36772.9483076999,0.9992648996657583
4736.0,4.402579531227275,0.0,36755.97420468773,0.9988036468665143
4737.0,2.0375526093712324,0.0,36779.62447390629,0.9994463172257144
4738.0,1.6260830413229996,0.0,36783.73916958677,0.9995581296083361
4739.0,2.6340217189808754,0.0,36773.659782810195,0.9992842332285379
4740.0,1.8582591461345146,0.0,36781.417408538655,0.9994950382755069
4741.0,3.0194314481368565,0.0,36769.80568551863,0.9991795023238758
4742.0,2.4332648753470494,0.0,36775.66735124653,0.9993387867186556
4743.0,2.926354491009988,0.0,36770.7364550899,0.999204794975269
4744.0,2.6326747665116272,0.0,36773.673252334884,0.9992845992482305
4745.0,3.1978896681621336,0.0,36768.02110331838,0.9991310082423472
4746.0,2.4551678901943887,0.0,36775.448321098054,0.9993328348124472
4747.0,1.6574108199738475,0.0,36783.42589180026,0.9995496166250071
4748.0,2.2195889387139687,0.0,36777.80411061286,0.9993968508318711
4749.0,0.6035564878302466,0.0,36793.9644351217,0.9998359900848288
4750.0,2.551941663125035,0.0,36774.48058336875,0.9993065375915421
4751.0,3.3146672312495866,0.0,36766.8533276875,0.9990992752088995
4752.0,0.851801242770307,0.0,36791.4819875723,0.9997685322709863
4753.0,2.2216455187508473,0.0,36777.78354481249,0.9993962919786002
4754.0,2.7092611628704617,0.0,36772.9073883713,0.9992637877274809
4755.0,1.871685678398535,0.0,36781.28314321602,0.9994913897613048
4756.0,1.9206194363378017,0.0,36780.793805636626,0.9994780925444735
4757.0,2.018503229603084,0.0,36779.81496770397,0.9994514936876079
4758.0,0.5839121629969668,0.0,36794.16087837003,0.9998413282165769
4759.0,2.6224278765776035,0.0,36773.775721234226,0.9992873837291909
4760.0,0.7356029888633202,0.0,36792.64397011137,0.9998001078834612
4761.0,1.9468111819214755,0.0,36780.53188818078,0.9994709752223039
4762.0,2.299293359668809,0.0,36777.00706640331,0.9993751920218291
4763.0,2.4713020171748212,0.0,36775.28697982825,0.9993284505388111
4764.0,2.405409641397455,0.0,36775.94590358603,0.9993463560757072
4765.0,1.2469169416235673,0.0,36787.53083058377,0.999661163874559
4766.0,0.9811949903505592,0.0,36790.18805009649,0.999733370926535
4767.0,0.5099180418046672,0.0,36794.900819581955,0.999861435314727
4768.0,0.5612719974960783,0.0,36794.38728002504,0.999847480435463
4769.0,1.832072842591515,0.0,36781.67927157409,0.9995021541188611
4770.0,0.858432916989841,0.0,36791.4156708301,0.9997667301856006
4771.0,1.345929568486099,0.0,36786.540704315135,0.999634258269433
4772.0,2.303537683277682,0.0,36776.96462316722,0.9993740386730223
4773.0,0.7650325412751044,0.0,36792.34967458725,0.9997921107224795
4774.0,2.055321372970866,0.0,36779.44678627029,0.9994414887573447
4775.0,1.8344855889263272,0.0,36781.65514411074,0.99950149848127
4776.0,0.9539090713451515,0.0,36790.46090928655,0.9997407855784388
4777.0,2.232685457147454,0.0,36777.673145428525,0.9993932919953403
4778.0,1.4594209766019048,0.0,36785.405790233985,0.99960341821288
4779.0,2.810892751549545,0.0,36771.891072484505,0.9992361704479485
4780.0,1.3029401144121948,0.0,36786.97059885588,0.999645940186301
4781.0,1.2077079429454898,0.0,36787.92292057055,0.999671818493765
4782.0,0.0,0.0,36800.0,1.0
4783.0,0.5053903504322079,0.0,36794.94609649568,0.9998626656656435
4784.0,2.4948768875774476,0.0,36775.05123112423,0.9993220443240279
4785.0,1.4902693857438862,0.0,36785.09730614256,0.9995950354930043
4786.0,2.3439811748667125,0.0,36776.56018825133,0.9993630485937861
4787.0,1.285905381615521,0.0,36787.14094618385,0.9996505691897785
4788.0,1.465343227347148,0.0,36785.34656772653,0.9996018089056121
4789.0,0.7666142972675516,0.0,36792.333857027326,0.9997916808974817
4790.0,2.957607834573537,0.0,36770.42392165426,0.9991963022188658
4791.0,3.4277194833484828,0.0,36765.722805166515,0.9990685544882205
4792.0,3.529175841675169,0.0,36764.70824158325,0.9990409848256318
4793.0,1.249203239448434,0.0,36787.50796760552,0.999660542597976
4794.0,1.1865146231175459,0.0,36788.134853768825,0.9996775775480659
4795.0,1.3026695943362938,0.0,36786.973304056635,0.9996460136971912
4796.0,1.5488209485401967,0.0,36784.511790514596,0.9995791247422444
4797.0,0.855838900200979,0.0,36791.441610997994,0.9997674350814673
4798.0,3.2971834658301304,0.0,36767.0281653417,0.9991040262321114
4799.0,1.3398815138989448,0.0,36786.60118486101,0.9996359017625274
4800.0,0.6061561221285956,0.0,36793.938438778714,0.9998352836624651
4801.0,1.397957054348808,0.0,36786.02042945651,0.999620120365666
4802.0,1.0275460303946602,0.0,36789.72453969605,0.9997207755352188
4803.0,1.980542746548963,0.0,36780.194572534514,0.9994618090362639
4804.0,1.3240080718906029,0.0,36786.759919281096,0.9996402151978558
4805.0,1.0420561600467408,0.0,36789.57943839953,0.9997168325652046
4806.0,1.638411151739092,0.0,36783.61588848261,0.9995547795783317
4807.0,0.0,0.0,36800.0,1.0
4808.0,1.015629971969247,0.0,36789.84370028031,0.9997240135945736
4809.0,2.632336732060139,0.0,36773.6766326794,0.9992846911054185
4810.0,4.203760251351923,0.0,36757.96239748648,0.9988576738447413
4811.0,1.1628893522884027,0.0,36788.37110647712,0.9996839974586174
4812.0,2.3328075830859234,0.0,36776.67192416914,0.9993660848959005
4813.0,3.819039591053297,0.0,36761.80960408947,0.9989622175024312
4814.0,5.829063913898608,0.0,36741.709360861016,0.9984160152407885
4815.0,4.712533339163201,0.0,36752.87466660837,0.9987194202882709
4816.0,3.0711068487489683,0.0,36769.28893151251,0.9991654600954486
4817.0,1.9133007266418645,0.0,36780.86699273358,0.999480081324282
4818.0,1.926080843149066,0.0,36780.73919156851,0.9994766084665355
4819.0,2.190668308817294,0.0,36778.09331691183,0.999404709698691
4820.0,0.2449437103996388,0.0,36797.550562896,0.9999334392091305
4821.0,2.4893644607545866,0.0,36775.106355392454,0.9993235422660993
4822.0,3.0651509095696383,0.0,36769.3484909043,0.9991670785571821
4823.0,1.2895538041175314,0.0,36787.10446195882,0.9996495777706201
4824.0,1.1412011297352365,0.0,36788.587988702646,0.9996898909973545
4825.0,1.6438089803596085,0.0,36783.561910196404,0.9995533127770762
4826.0,0.3874802261825607,0.0,36796.125197738176,0.9998947064602766
4827.0,0.0,0.0,36800.0,1.0
4828.0,0.0,0.0,36800.0,1.0
4829.0,0.8256974179530516,0.0,36791.74302582047,0.9997756257016432
4830.0,1.6781550458817946,0.0,36783.21844954118,0.9995439796070973
4831.0,1.5009571360787959,0.0,36784.99042863921,0.999592131213022
4832.0,0.2957322449938147,0.0,36797.04267755006,0.9999196379769038
4833.0,0.7054415887341747,0.0,36792.94558411266,0.999808303916105
4834.0,0.7738934090448311,0.0,36792.26106590955,0.999789702877977
4835.0,2.437619321600323,0.0,36775.623806783995,0.9993376034452173
4836.0,0.8526773152361784,0.0,36791.47322684764,0.9997682942078162
4837.0,0.9428724913968836,0.0,36790.57127508603,0.999743784649077
4838.0,0.0,0.0,36800.0,1.0
4839.0,0.9574908559761752,0.0,36790.42509144024,0.9997398122673977
4840.0,1.0459852654212227,0.0,36789.54014734579,0.9997157648735269
4841.0,0.32695691300341423,0.0,36796.73043086997,0.9999111530127709
4842.0,1.4452044096415193,0.0,36785.54795590359,0.9996072814104237
4843.0,2.989694056780536,0.0,36770.10305943219,0.9991875831367444
4844.0,4.59471100765586,0.0,36754.05288992344,0.9987514372261804
4845.0,2.5006081527326387,0.0,36774.993918472675,0.9993204869150184
4846.0,1.0300849509412728,0.0,36789.69915049059,0.9997200856111573
4847.0,0.5891778208688265,0.0,36794.10822179131,0.9998398973312856
4848.0,2.2810576990568734,0.0,36777.18942300943,0.9993801473643867
4849.0,1.2657997132591845,0.0,36787.34200286741,0.9996560326866144
4850.0,1.1360850175087762,0.0,36788.639149824914,0.9996912812452422
4851.0,2.059918387635662,0.0,36779.40081612364,0.9994402395685772
4852.0,2.505853418836523,0.0,36774.94146581164,0.9993190615709684
4853.0,3.639093058648541,0.0,36763.60906941351,0.9990111160166716
4854.0,5.174294544091936,0.0,36748.25705455908,0.998593941699975
4855.0,4.186715868252577,0.0,36758.13284131748,0.9988623054705836
4856.0,1.5273526592891358,0.0,36784.72647340711,0.9995849585164974
4857.0,2.127986181067172,0.0,36778.720138189325,0.9994217428855795
4858.0,0.6738151393683438,0.0,36793.261848606315,0.9998168980599542
4859.0,0.8853331562831954,0.0,36791.14666843717,0.9997594203379666
4860.0,1.6160998362011014,0.0,36783.839001637985,0.9995608424358148
4861.0,0.5028705844379147,0.0,36794.97129415562,0.9998633503846636
4862.0,0.0,0.0,36800.0,1.0
4863.0,0.0,0.0,36800.0,1.0
4864.0,0.0,0.0,36800.0,1.0
4865.0,1.5745629775483394,0.0,36784.25437022452,0.9995721296256662
4866.0,2.089118947777024,0.0,36779.10881052223,0.9994323046337562
4867.0,3.108012656669416,0.0,36768.919873433304,0.9991554313432963
4868.0,0.23987545666022925,0.0,36797.6012454334,0.9999348164519946
4869.0,1.6808310154328865,0.0,36783.19168984567,0.9995432524414584
4870.0,0.6750530149283804,0.0,36793.249469850714,0.999816561680726
4871.0,1.2245624893412241,0.0,36787.75437510659,0.9996672384539834
4872.0,3.068282294886558,0.0,36769.31717705113,0.999166227637259
4873.0,1.3749390554075944,0.0,36786.250609445924,0.9996263752566827
4874.0,1.4946073144792535,0.0,36785.05392685521,0.999593856708022
4875.0,1.6130201577179832,0.0,36783.86979842282,0.999561679304968
4876.0,3.0844555026042144,0.0,36769.155444973956,0.9991618327438575
4877.0,1.805831279188169,0.0,36781.94168720812,0.9995092849784816
4878.0,1.785611274231087,0.0,36782.14388725769,0.999514779545046
4879.0,1.2187484749083524,0.0,36787.81251525092,0.9996688183492097
4880.0,0.8323609022518212,0.0,36791.67639097748,0.9997738149722142
4881.0,2.2948146903218003,0.0,36777.05185309678,0.999376409051543
4882.0,2.9058586603960066,0.0,36770.94141339604,0.9992103644944575
4883.0,3.116523432006943,0.0,36768.83476567993,0.9991531186326068
4884.0,1.736076715008494,0.0,36782.63923284991,0.9995282400230955
4885.0,1.8871609370871738,0.0,36781.12839062913,0.9994871845279655
4886.0,3.286038311610355,0.0,36767.1396168839,0.9991070548066276
4887.0,3.6219466133106835,0.0,36763.78053386689,0.9990157753768177
4888.0,1.9857063557665242,0.0,36780.14293644234,0.9994604058815852
4889.0,2.3605364769091466,0.0,36776.39463523091,0.9993585498704051
4890.0,2.2317302197279787,0.0,36777.682697802724,0.9993935515707262
4891.0,1.2969842032107408,0.0,36787.03015796789,0.9996475586404319
4892.0,2.280962805793024,0.0,36777.190371942066,0.9993801731505996
4893.0,3.0352796716688317,0.0,36769.64720328331,0.9991751957413944
4894.0,3.799162105331561,0.0,36762.00837894669,0.9989676189931165
4895.0,1.3829276270225819,0.0,36786.170723729774,0.9996242044491787
4896.0,0.13323143457364495,0.0,36798.66768565426,0.9999637958058223
4897.0,2.1984662457771265,0.0,36778.01533754223,0.9994025906940823
4898.0,2.525341555250634,0.0,36774.746584447494,0.9993137658817254
4899.0,2.7746672188941375,0.0,36772.25332781106,0.9992460143426918
4900.0,1.4013445809396217,0.0,36785.986554190604,0.999619199842136
4901.0,1.587406008187827,0.0,36784.12593991812,0.9995686396716881
4902.0,0.8504526925062237,0.0,36791.49547307494,0.9997688987248624
4903.0,0.5479418886543499,0.0,36794.52058111346,0.9998511027476483
4904.0,1.538727340089281,0.0,36784.61272659911,0.999581867570628
4905.0,1.5733304599034454,0.0,36784.26669540096,0.9995724645489392
4906.0,2.8727525103940934,0.0,36771.27247489606,0.9992193607308713
4907.0,0.02353798444619315,0.0,36799.76462015554,0.9999936038085745
4908.0,1.381822101778198,0.0,36786.181778982216,0.9996245048636472
4909.0,1.6218922264924913,0.0,36783.781077735075,0.9995592684167139
4910.0,0.996975031472175,0.0,36790.03024968528,0.9997290828718827
4911.0,2.033993052864389,0.0,36779.660069471356,0.9994472844965042
4912.0,3.4966115392307984,0.0,36765.03388460769,0.9990498338208612
4913.0,3.543919125213506,0.0,36764.56080874786,0.9990369784985832
4914.0,2.1351667514145447,0.0,36778.64833248586,0.9994197916436374
4915.0,1.4481040597847823,0.0,36785.51895940215,0.9996064934620149
4916.0,2.7162318197215427,0.0,36772.83768180278,0.9992618935272495
4917.0,2.708244280425788,0.0,36772.917557195746,0.9992640640542322
4918.0,3.418061685338216,0.0,36765.81938314662,0.9990711788898538
4919.0,1.0012950146947333,0.0,36789.98704985305,0.9997279089633981
4920.0,1.8666763146547964,0.0,36781.333236853454,0.9994927510014525
4921.0,1.045659903710657,0.0,36789.543400962895,0.9997158532870352
4922.0,1.2963412383178365,0.0,36787.03658761682,0.9996477333591528
4923.0,0.3339530013836338,0.0,36796.660469986164,0.9999092519017979
4924.0,1.7391245573599008,0.0,36782.6087544264,0.9995274118050652
4925.0,0.4063719824434884,0.0,36795.93628017556,0.9998895728308577
4926.0,1.1833700287843385,0.0,36788.16629971216,0.9996784320573957
4927.0,2.8554841955228767,0.0,36771.44515804477,0.9992240532077383
4928.0,0.9998944481603758,0.0,36790.0010555184,0.9997282895521303
4929.0,1.8294568583623914,0.0,36781.705431416376,0.9995028649841406
4930.0,2.134138508338765,0.0,36778.65861491661,0.9994200710575166
4931.0,2.6617297273960503,0.0,36773.38270272604,0.999276703878425
4932.0,0.21004974051811587,0.0,36797.89950259482,0.9999429212661635
4933.0,0.0,0.0,36800.0,1.0
4934.0,1.366201988937064,0.0,36786.33798011063,0.999628749459528
4935.0,1.1885518140907152,0.0,36788.11448185909,0.9996770239635623
4936.0,0.4496102763523595,0.0,36795.50389723648,0.9998778232944695
4937.0,0.8575875984606682,0.0,36791.42412401539,0.9997669598917226
4938.0,0.1435984051986452,0.0,36798.56401594801,0.9999609786942394
4939.0,1.5166640209990874,0.0,36784.833359790005,0.9995878630377719
4940.0,4.558155352809081,0.0,36754.41844647191,0.998761370828041
4941.0,2.927718154599461,0.0,36770.72281845401,0.9992044244145111
4942.0,3.384076022502086,0.0,36766.15923977498,0.99908041412432
4943.0,0.7415200552150054,0.0,36792.58479944785,0.999798499984996
4944.0,1.0590861462005705,0.0,36789.409138537994,0.999712204851576
4945.0,1.4074675389583717,0.0,36785.92532461042,0.9996175359948484
4946.0,2.0668230755954937,0.0,36779.33176924405,0.9994383632946752
4947.0,2.483073060980132,0.0,36775.1692693902,0.9993252518856033
4948.0,1.5624127394330571,0.0,36784.37587260567,0.9995754313208063
4949.0,1.1289925899736772,0.0,36788.710074100265,0.9996932085353333
4950.0,3.1025339647121655,0.0,36768.97466035288,0.9991569201182847
4951.0,3.5183929716386046,0.0,36764.81607028362,0.9990439149533592
4952.0,1.410761084067417,0.0,36785.89238915933,0.9996166410097644
4953.0,2.0537206550779956,0.0,36779.46279344922,0.999441923735033
4954.0,0.1281578143043589,0.0,36798.71842185696,0.9999651745069826
4955.0,0.904154400124753,0.0,36790.958455998756,0.9997543058695314
4956.0,3.050869069485998,0.0,36769.491309305144,0.9991709594919876
4957.0,2.5404277794559675,0.0,36774.59572220544,0.9993096663642783
4958.0,1.664022267915243,0.0,36783.359777320846,0.9995478200358926
4959.0,1.476599454216739,0.0,36785.23400545783,0.9995987501483106
4960.0,0.5851204467517164,0.0,36794.148795532485,0.9998409998786001
4961.0,2.1083912273170426,0.0,36778.91608772683,0.9994270676012725
4962.0,0.8444422698858034,0.0,36791.555577301144,0.9997705319918789
4963.0,2.245428993942369,0.0,36777.54571006058,0.9993898290777331
4964.0,1.0097791074076667,0.0,36789.90220892592,0.9997256035034219
4965.0,2.6231456424220596,0.0,36773.76854357578,0.9992871886841245
4966.0,1.4955706631535577,0.0,36785.04429336847,0.999593594928491
4967.0,2.4645331716546934,0.0,36775.35466828346,0.999330289899007
4968.0,3.9566070203518393,0.0,36760.43392979648,0.9989248350488175
4969.0,1.086990731248079,0.0,36789.13009268752,0.9997046220839
4970.0,2.0639806242088525,0.0,36779.36019375791,0.9994391356999431
4971.0,0.9845249676463936,0.0,36790.154750323534,0.9997324660414004
4972.0,1.9090645066253273,0.0,36780.90935493375,0.9994812324710258
4973.0,1.5608829467046235,0.0,36784.39117053295,0.999575847025352
4974.0,2.832389515710929,0.0,36771.67610484289,0.9992303289359481
4975.0,1.1537878987610384,0.0,36788.46212101239,0.9996864706796844
4976.0,0.49527120589573315,0.0,36795.047287941044,0.9998654154331805
4977.0,1.0443240707181758,0.0,36789.55675929282,0.999716216285131
4978.0,1.7328643839391589,0.0,36782.67135616061,0.9995291129391469
4979.0,2.698833195567204,0.0,36773.01166804433,0.9992666214142482
4980.0,4.300639577004404,0.0,36756.99360422995,0.9988313479410313
4981.0,4.2415594063304525,0.0,36757.584405936694,0.9988474023352363
4982.0,1.2533137133686978,0.0,36787.46686286631,0.9996594256213672
4983.0,2.2868069405058122,0.0,36777.131930594944,0.9993785850705148
4984.0,1.5450461372101927,0.0,36784.5495386279,0.999580150506193
4985.0,1.9755631687239656,0.0,36780.244368312764,0.999463162182412
4986.0,2.248767839897482,0.0,36777.512321601025,0.9993889217826366
4987.0,1.7075956406242767,0.0,36782.92404359375,0.9995359794454824
4988.0,0.2374408910955026,0.0,36797.62559108905,0.9999354780187241
4989.0,1.6236475360274198,0.0,36783.763524639726,0.9995587914304274
4990.0,2.088207742887789,0.0,36779.117922571124,0.9994325522437806
4991.0,1.066677775507742,0.0,36789.333222244924,0.9997101419088295
4992.0,1.1654452242264597,0.0,36788.34554775774,0.9996833029281994
4993.0,1.8388319500054422,0.0,36781.61168049995,0.9995003174048899
4994.0,1.1247102388433632,0.0,36788.752897611565,0.9996943722177055
4995.0,2.246872550750595,0.0,36777.531274492496,0.9993894368068613
4996.0,2.052834572179563,0.0,36779.471654278204,0.9994421645184295
4997.0,2.138995010150211,0.0,36778.610049898496,0.9994187513559374
4998.0,2.3135662245485946,0.0,36776.864337754516,0.9993713135259379
4999.0,2.938260469441957,0.0,36770.617395305584,0.9992015596550431
5000.0,1.3232721413060062,0.0,36786.767278586936,0.9996404151789928
5001.0,2.688708137120557,0.0,36773.112918628794,0.9992693727888259
5002.0,5.338042288090946,0.0,36746.61957711909,0.9985494450304101
5003.0,3.8604474462681537,0.0,36761.395525537315,0.9989509653678618
5004.0,0.43076355193170457,0.0,36795.69236448068,0.999882944686975
5005.0,1.8694753231829964,0.0,36781.30524676817,0.999491990401309
5006.0,3.0354196765201777,0.0,36769.6458032348,0.9991751576965979
5007.0,0.6729053122980986,0.0,36793.27094687702,0.9998171452955712
5008.0,0.6869221642846242,0.0,36793.130778357154,0.9998133363684009
5009.0,1.7735022570577712,0.0,36782.264977429426,0.9995180700388431
5010.0,0.5424514301512318,0.0,36794.575485698486,0.9998525947200676
5011.0,0.0,0.0,36800.0,1.0
5012.0,0.0,0.0,36800.0,1.0
5013.0,0.0,0.0,36800.0,1.0
5014.0,1.155733590082491,0.0,36788.44266409917,0.9996859419592167
5015.0,2.5380433793607153,0.0,36774.61956620639,0.9993103142990867
5016.0,3.055574392969902,0.0,36769.4442560703,0.9991696808714756
5017.0,2.0511252267224336,0.0,36779.48874773277,0.9994426290144774
5018.0,1.8669530791312354,0.0,36781.33046920869,0.9994926757937144
5019.0,4.714983711788591,0.0,36752.85016288211,0.9987187544261443
5020.0,2.0980842260469217,0.0,36779.01915773953,0.9994298684168351
5021.0,0.5456225820271356,0.0,36794.54377417973,0.9998517329940144
5022.0,2.1081120337021275,0.0,36778.918879662975,0.9994271434691026
5023.0,3.6143208121002317,0.0,36763.856791879,0.9990178476054076
5024.0,1.2870549551289514,0.0,36787.12945044871,0.9996502568056714
5025.0,1.0034635536540009,0.0,36789.96536446346,0.9997273196865071
5026.0,1.8789794158374207,0.0,36781.21020584163,0.9994894077674356
5027.0,2.1508273182344055,0.0,36778.49172681766,0.9994155360548277
5028.0,4.627629383161548,0.0,36753.723706168385,0.9987424920154452
5029.0,2.702376194111821,0.0,36772.97623805888,0.9992656586429044
5030.0,0.6548230890675768,0.0,36793.45176910932,0.9998220589431881
5031.0,0.13280030430996703,0.0,36798.6719969569,0.9999639129607854
5032.0,2.6168245340886642,0.0,36773.83175465911,0.9992889063766064
5033.0,1.7864732015641493,0.0,36782.135267984355,0.9995145453256619
5034.0,2.2810337743803757,0.0,36777.1896622562,0.9993801538656576
5035.0,1.6774521545066818,0.0,36783.22547845493,0.9995441706101883
5036.0,1.520115824374443,0.0,36784.79884175626,0.9995869250477244
5037.0,0.5337561812966669,0.0,36794.662438187035,0.9998549575594303
5038.0,3.6570412236778793,0.0,36763.429587763225,0.9990062387979137
5039.0,2.789537324048979,0.0,36772.10462675951,0.9992419735532475
5040.0,2.028207432844283,0.0,36779.71792567156,0.9994488566758576
5041.0,0.004284120283045922,0.0,36799.95715879717,0.9999988358368797
5042.0,0.7037876133608734,0.0,36792.96212386639,0.9998087533659344
5043.0,0.2971299953378548,0.0,36797.02870004662,0.9999192581534407
5044.0,1.385888490661273,0.0,36786.141115093385,0.999623399866668
5045.0,2.7031571620818795,0.0,36772.96842837918,0.9992654464233472
5046.0,0.9196556674769454,0.0,36790.80344332523,0.9997500935686204
5047.0,0.6934193906354267,0.0,36793.06580609365,0.9998115708177622
5048.0,1.6690335549974407,0.0,36783.309664450026,0.9995464582730985
5049.0,1.4706433258506877,0.0,36785.29356674149,0.9996003686614536
5050.0,2.172106220996284,0.0,36778.27893779003,0.9994097537442944
5051.0,0.0038666768095936277,0.0,36799.961333231906,0.9999989492726061
5052.0,0.42834315387244715,0.0,36795.71656846128,0.9998836024038391
5053.0,2.659336119018917,0.0,36773.406638809814,0.999277354315484
5054.0,3.2591451178732314,0.0,36767.408548821266,0.9991143627397083
5055.0,2.9694331744258307,0.0,36770.30566825574,0.9991930888112974
5056.0,2.460058215467143,0.0,36775.39941784533,0.99933150591971
5057.0,2.900387036088432,0.0,36770.99612963911,0.9992118513488889
5058.0,1.4730814238346284,0.0,36785.26918576165,0.9995997061348275
5059.0,2.3483694200103855,0.0,36776.516305799894,0.9993618561358667
5060.0,1.024021679393627,0.0,36789.759783206064,0.9997217332392953
5061.0,2.7542333236779086,0.0,36772.45766676322,0.9992515670316092
5062.0,3.171575924003264,0.0,36768.28424075997,0.9991381587163035
5063.0,1.547058099444257,0.0,36784.52941900556,0.9995796037773249
5064.0,2.8908728812557456,0.0,36771.09127118744,0.99921443671705
5065.0,2.0759442065309486,0.0,36779.24055793469,0.9994358847264861
5066.0,1.6903019798673995,0.0,36783.09698020133,0.9995406788098187
5067.0,1.6210340886200356,0.0,36783.7896591138,0.9995595016063532
5068.0,1.7525544648633513,0.0,36782.47445535137,0.9995237623736785
5069.0,1.9488024227903225,0.0,36780.5119757721,0.9994704341242417
5070.0,1.962194635443666,0.0,36780.37805364556,0.9994667949360206
5071.0,1.311786482275238,0.0,36786.88213517725,0.9996435362819904
5072.0,0.9368674638999437,0.0,36790.631325361,0.9997454164500271
5073.0,2.3712789621567936,0.0,36776.28721037843,0.9993556307168052
5074.0,4.1423500776863875,0.0,36758.576499223134,0.998874361391933
5075.0,1.3749115708724275,0.0,36786.25088429128,0.9996263827253065
5076.0,1.2405403837437916,0.0,36787.59459616256,0.9996628966348522
5077.0,1.5302992958968389,0.0,36784.69700704103,0.9995841578000281
5078.0,1.7670189536675025,0.0,36782.32981046333,0.9995198318060687
5079.0,1.2510554510345173,0.0,36787.48944548966,0.9996600392796102
5080.0,1.7371706655439993,0.0,36782.62829334456,0.9995279427539283
5081.0,1.3712182493436558,0.0,36786.28781750656,0.999627386345287
5082.0,2.309416920876174,0.0,36776.905830791235,0.9993724410541096
5083.0,2.523393337689413,0.0,36774.76606662311,0.9993142952886714
5084.0,2.9125438660112195,0.0,36770.874561339886,0.9992085478624969
5085.0,2.751956433739906,0.0,36772.4804356626,0.999252185751701
5086.0,3.872164071853149,0.0,36761.27835928147,0.9989477815022137
5087.0,1.3514265243939008,0.0,36786.48573475606,0.9996327645314147
5088.0,3.1769929473530283,0.0,36768.23007052647,0.999136686699089
5089.0,1.2445002736913011,0.0,36787.55499726308,0.9996618205778012
5090.0,0.0,0.0,36800.0,1.0
5091.0,0.0,0.0,36800.0,1.0
5092.0,1.646537555339819,0.0,36783.534624446605,0.9995525713164839
5093.0,3.201819201645776,0.0,36767.98180798354,0.9991299404343353
5094.0,1.7815065535887697,0.0,36782.18493446411,0.9995158949582639
5095.0,0.9053001251540991,0.0,36790.94699874846,0.9997539945312083
5096.0,1.3309568793447397,0.0,36786.69043120655,0.9996383269349607
5097.0,4.72431158177551,0.0,36752.75688418224,0.9987162196788653
5098.0,4.15954966568188,0.0,36758.40450334318,0.9988696875908474
5099.0,2.4987078613767153,0.0,36775.01292138623,0.9993210032985389
5100.0,1.127230131183751,0.0,36788.72769868816,0.9996936874643523
5101.0,3.0756788474536734,0.0,36769.24321152546,0.9991642177044963
5102.0,2.0643033818168988,0.0,36779.35696618183,0.9994390479940716
5103.0,1.3939193100204648,0.0,36786.0608068998,0.9996212175787988
5104.0,0.4853427920215836,0.0,36795.146572079786,0.9998681133717333
5105.0,1.7479558978948262,0.0,36782.52044102105,0.9995250119842677
5106.0,0.9678697502176874,0.0,36790.321302497825,0.9997369919157018
5107.0,1.7843134877339253,0.0,36782.15686512266,0.9995151322044202
5108.0,3.6235116507614293,0.0,36763.76488349239,0.9990153500949018
5109.0,2.298358718066993,0.0,36777.01641281933,0.9993754460005252
5110.0,2.546239686703302,0.0,36774.537603132965,0.9993080870416566
5111.0,1.6492866894786857,0.0,36783.50713310522,0.9995518242691634
5112.0,1.5302592591651774,0.0,36784.69740740835,0.9995841686795747
5113.0,3.0501255721592315,0.0,36769.498744278404,0.9991711615293044
5114.0,1.53991415353903,0.0,36784.60085846461,0.9995815450669732
5115.0,3.5257666818588405,0.0,36764.74233318141,0.9990419112277558
5116.0,3.597123639138772,0.0,36764.028763608614,0.9990225207502341
5117.0,2.926889376480176,0.0,36770.731106235195,0.9992046496259563
5118.0,1.6241354973008129,0.0,36783.75864502699,0.9995586588322551
5119.0,3.2706147529097507,0.0,36767.2938524709,0.9991112459910572
5120.0,0.5692600113889057,0.0,36794.30739988611,0.9998453097795138
5121.0,0.99432607363633,0.0,36790.05673926364,0.9997298026973814
5122.0,1.45669771320172,0.0,36785.43302286798,0.9996041582301082
5123.0,0.0,0.0,36800.0,1.0
5124.0,0.5722394222557341,0.0,36794.277605777446,0.9998445001569958
5125.0,2.9021162179988096,0.0,36770.97883782001,0.9992113814625003
5126.0,2.2651063805597005,0.0,36777.3489361944,0.9993844819618044
5127.0,4.193390261113564,0.0,36758.066097388866,0.9988604917768714
5128.0,1.081736586930674,0.0,36789.182634130695,0.999706049840508
5129.0,0.6968677432005279,0.0,36793.03132256799,0.9998106337654346
5130.0,1.1685718842954884,0.0,36788.31428115704,0.999682453292311
5131.0,2.9296460564464724,0.0,36770.70353943553,0.9992039005281395
5132.0,3.8795391520443445,0.0,36761.20460847956,0.9989457774043359
5133.0,2.0323824147726555,0.0,36779.67617585228,0.9994477221698989
5134.0,1.5155376950606296,0.0,36784.844623049394,0.9995881691046031
5135.0,2.313270703579292,0.0,36776.867292964205,0.9993713938305491
5136.0,1.492437151181548,0.0,36785.075628488186,0.9995944464263095
5137.0,1.9938479943739367,0.0,36780.06152005626,0.9994581934797897
5138.0,0.8271397388180048,0.0,36791.72860261182,0.9997752337666257
5139.0,0.17445377228978032,0.0,36798.2554622771,0.9999525940836168
5140.0,1.390351893089246,0.0,36786.09648106911,0.9996221869855736
5141.0,2.509902750652145,0.0,36774.90097249348,0.9993179612090619
5142.0,0.10502268357231515,0.0,36798.94977316428,0.9999714612272901
5143.0,0.12284294593609957,0.0,36798.77157054064,0.9999666187646912
5144.0,0.9251435791702534,0.0,36790.7485642083,0.999748602288269
5145.0,1.5695369836803366,0.0,36784.3046301632,0.9995734953848695
5146.0,0.386960956274379,0.0,36796.130390437254,0.9998948475662297
5147.0,0.5046007732680664,0.0,36794.95399226732,0.9998628802246554
5148.0,2.6458070716262228,0.0,36773.54192928374,0.9992810306870581
5149.0,2.2876218617266204,0.0,36777.12378138273,0.9993783636245308
5150.0,0.6434253363504467,0.0,36793.565746636494,0.9998251561586003
5151.0,2.530439700472016,0.0,36774.69560299528,0.999312380516176
5152.0,1.839090274190312,0.0,36781.6090972581,0.9995002472081006
5153.0,3.2066948866167877,0.0,36767.933051133834,0.9991286155199411
5154.0,0.675046250295054,0.0,36793.249537497046,0.9998165635189414
5155.0,2.841594696054017,0.0,36771.58405303946,0.9992278275282462
5156.0,2.0587070540159402,0.0,36779.41292945984,0.9994405687353217
5157.0,4.321225754721127,0.0,36756.78774245279,0.9988257538709997
5158.0,1.3080572918361213,0.0,36786.91942708164,0.9996445496489575
5159.0,2.212183431709491,0.0,36777.87816568291,0.9993988631979052
5160.0,1.7174611451300734,0.0,36782.8253885487,0.9995332986018668
5161.0,1.2873783341028684,0.0,36787.12621665897,0.9996501689309504
5162.0,1.3860062018102326,0.0,36786.1399379819,0.9996233678799429
5163.0,1.880443833982099,0.0,36781.19556166018,0.9994890098277222
5164.0,1.5536274463074733,0.0,36784.46372553692,0.9995778186287207
5165.0,2.499311146072614,0.0,36775.006888539276,0.9993208393624803
5166.0,0.654926186600278,0.0,36793.45073813399,0.9998220309275542
5167.0,1.4913452634300484,0.0,36785.0865473657,0.9995947431349376
5168.0,0.5114318746755089,0.0,36794.88568125325,0.9998610239470991
5169.0,0.9791940656004954,0.0,36790.208059344,0.9997339146560869
5170.0,2.013909477755078,0.0,36779.86090522245,0.9994527419897404
5171.0,2.0931808825544067,0.0,36779.068191174454,0.9994312008471319
5172.0,1.9246858468541177,0.0,36780.75314153146,0.9994769875416157
5173.0,0.0,0.0,36800.0,1.0
5174.0,0.9393642961285877,0.0,36790.60635703871,0.9997447379630084
5175.0,0.08539769311573764,0.0,36799.14602306884,0.9999767941051315
5176.0,3.200566243051071,0.0,36767.994337569486,0.9991302809122142
5177.0,1.7823935824299042,0.0,36782.1760641757,0.9995156539178179
5178.0,1.8610592988243297,0.0,36781.38940701175,0.9994942773644498
5179.0,3.0182022046992643,0.0,36769.817977953004,0.9991798363574186
5180.0,2.400541745474584,0.0,36775.99458254525,0.9993476788735123
5181.0,2.0857978601979994,0.0,36779.14202139802,0.9994332071032069
5182.0,1.107868708982096,0.0,36788.92131291018,0.9996989487203852
5183.0,1.3022769385825086,0.0,36786.977230614175,0.9996461203971243
5184.0,2.7150866316305837,0.0,36772.849133683696,0.9992622047196656
5185.0,1.9308181582337056,0.0,36780.69181841766,0.9994753211526538
5186.0,1.8592484353339387,0.0,36781.40751564666,0.9994947694469201
5187.0,2.262073795901415,0.0,36777.37926204099,0.9993853060337224
5188.0,1.601064041893551,0.0,36783.989359581064,0.9995649282494854
5189.0,3.201716329846022,0.0,36767.98283670154,0.9991299683886289
5190.0,2.5821208619017852,0.0,36774.17879138098,0.9992983367223093
5191.0,1.1125780652264439,0.0,36788.87421934774,0.9996976690040146
5192.0,0.6656028995757879,0.0,36793.343971004244,0.9998191296468545
5193.0,0.9203260110589326,0.0,36790.79673988941,0.9997499114100383
5194.0,0.41741965947221615,0.0,36795.82580340528,0.9998865707447087
5195.0,1.2736830898948028,0.0,36787.263169101054,0.9996538904647025
5196.0,3.205991926376555,0.0,36767.94008073623,0.9991288065417454
5197.0,1.490441907370041,0.0,36785.095580926296,0.9995949886121276
5198.0,1.1942364326305324,0.0,36788.05763567369,0.9996754792302633
5199.0,2.6288227233399084,0.0,36773.711772766605,0.9992856459990925
5200.0,2.2227699206750913,0.0,36777.77230079325,0.9993959864345993
5201.0,0.7294663144239166,0.0,36792.70533685576,0.999801775458037
5202.0,0.4934967238095851,0.0,36795.06503276191,0.9998658976293997
5203.0,2.0768011369991655,0.0,36779.23198863001,0.9994356518649459
5204.0,2.733069447876005,0.0,36772.66930552124,0.9992573180848162
5205.0,0.9767338439251034,0.0,36790.232661560745,0.9997345831945855
5206.0,1.370360714954586,0.0,36786.296392850454,0.9996276193709362
5207.0,1.6095916894018956,0.0,36783.90408310598,0.9995626109539669
5208.0,0.024528882076992886,0.0,36799.75471117923,0.9999933345429138
5209.0,1.533632072342698,0.0,36784.66367927657,0.9995832521542547
5210.0,2.223893681959453,0.0,36777.761063180405,0.9993956810646849
5211.0,0.4246988513459655,0.0,36795.75301148654,0.9998845927034385
5212.0,2.8007862378026402,0.0,36771.99213762197,0.9992389167832058
5213.0,1.9704881043389832,0.0,36780.29511895661,0.9994645412759948
5214.0,1.0602677118968131,0.0,36789.397322881036,0.9997118837739412
5215.0,0.25361681823233084,0.0,36797.46383181767,0.9999310823863498
5216.0,2.2825510748825764,0.0,36777.17448925118,0.9993797415557385
5217.0,2.0167780331203176,0.0,36779.832219668795,0.9994519624909999
5218.0,2.341129832407205,0.0,36776.58870167593,0.9993638234151068
5219.0,1.2573283576557515,0.0,36787.42671642344,0.9996583346854195
5220.0,3.1504781806725077,0.0,36768.495218193275,0.9991438917987303
5221.0,1.6765522133109698,0.0,36783.23447786689,0.9995444151594264
5222.0,1.0389376111361344,0.0,36789.61062388864,0.999717679996974
5223.0,0.7599040403447361,0.0,36792.400959596554,0.9997935043368629
5224.0,1.5147533613235282,0.0,36784.852466386765,0.9995883822387708
5225.0,0.7298235516245768,0.0,36792.701764483754,0.9998016783827107
5226.0,0.394793703335381,0.0,36796.05206296664,0.9998927191023544
5227.0,1.8181324941369894,0.0,36781.81867505863,0.999505942257028
5228.0,2.9902336790482877,0.0,36770.09766320952,0.9991874365002587
5229.0,2.6590698790723764,0.0,36773.40930120928,0.9992774266632956
5230.0,2.903622465308217,0.0,36770.963775346914,0.9992109721561662
5231.0,1.7397333760700349,0.0,36782.6026662393,0.9995272463651983
5232.0,2.662224433405754,0.0,36773.37775566594,0.999276569447444
5233.0,1.966380343255878,0.0,36780.33619656744,0.9994656575154196
5234.0,0.8959229568854425,0.0,36791.040770431144,0.9997565426747593
5235.0,1.1602543363551376,0.0,36788.39745663645,0.9996847134955557
5236.0,1.3621990570982234,0.0,36786.37800942902,0.9996298372127451
5237.0,1.9698128158706822,0.0,36780.30187184129,0.9994647247782961
5238.0,1.5192125677203876,0.0,36784.807874322796,0.999587170497902
5239.0,0.30940617303440376,0.0,36796.90593826966,0.9999159222355886
5240.0,2.4967759517012382,0.0,36775.032240482986,0.9993215282739942
5241.0,2.192409037273137,0.0,36778.07590962727,0.999404236674654
5242.0,0.9013089455283989,0.0,36790.986910544714,0.999755079090889
5243.0,1.7633502147991749,0.0,36782.36649785201,0.9995208287459786
5244.0,2.0546635979335406,0.0,36779.453364020665,0.9994416675005615
5245.0,0.6740756286471878,0.0,36793.25924371353,0.9998168272748242
5246.0,0.6235310796682825,0.0,36793.764689203315,0.9998305622066118
5247.0,0.0,0.0,36800.0,1.0
5248.0,0.0,0.0,36800.0,1.0
5249.0,0.0,0.0,36800.0,1.0
5250.0,1.0923185881483732,0.0,36789.07681411852,0.9997031742966989
5251.0,0.9109147466733702,0.0,36790.890852533266,0.9997524688188387
5252.0,0.0,0.0,36800.0,1.0
5253.0,0.9503490585393592,0.0,36790.4965094146,0.9997417529732229
5254.0,0.38981795552172116,0.0,36796.10182044478,0.9998940712077387
5255.0,0.6636184144808794,0.0,36793.36381585519,0.9998196689091084
5256.0,0.8870164173722515,0.0,36791.12983582628,0.999758962930062
5257.0,0.11437509168717952,0.0,36798.856249083125,0.9999689198120414
5258.0,0.6779709047013966,0.0,36793.22029095299,0.9998157687758964
5259.0,1.1192267036976773,0.0,36788.807732963025,0.9996958623087778
5260.0,0.5443242254887082,0.0,36794.556757745115,0.9998520858082912
5261.0,2.203077806770125,0.0,36777.9692219323,0.999401337552508
5262.0,3.831255095704364,0.0,36761.687449042955,0.9989588980718194
5263.0,1.3476538585955495,0.0,36786.52346141404,0.9996337897123381
5264.0,2.1459143029314873,0.0,36778.540856970685,0.9994168711133339
5265.0,3.02643119943059,0.0,36769.73568800569,0.999177600217546
5266.0,4.374903240335698,0.0,36756.25096759664,0.9988111675977349
5267.0,1.9926644336119352,0.0,36780.07335566388,0.999458515099562
5268.0,1.0037155392919885,0.0,36789.96284460708,0.9997272512121489
5269.0,1.7806900913874415,0.0,36782.19309908613,0.9995161168229927
5270.0,3.0911407605963177,0.0,36769.08859239404,0.999160016097664
5271.0,1.0133245287224781,0.0,36789.86675471278,0.9997246400737168
5272.0,2.0380502858643013,0.0,36779.61949714136,0.9994461819875369
5273.0,1.7397541396903762,0.0,36782.6024586031,0.9995272407229103
5274.0,1.7287212357714452,0.0,36782.71278764229,0.9995302387946274
5275.0,0.8782336620879505,0.0,36791.217663379124,0.9997613495483457
5276.0,2.9084979478775494,0.0,36770.91502052122,0.9992096472967723
5277.0,4.63684666919562,0.0,36753.63153330804,0.9987399873181533
5278.0,3.8099113624984966,0.0,36761.90088637501,0.998964697999321
5279.0,1.4146984041399264,0.0,36785.8530159586,0.9996155710858315
5280.0,3.054628039743875,0.0,36769.45371960256,0.9991699380326784
5281.0,1.0725060543963991,0.0,36789.27493945604,0.9997085581373923
5282.0,1.3904811856546075,0.0,36786.09518814345,0.9996221518517242
5283.0,1.2563945364490792,0.0,36787.43605463551,0.9996585884411823
5284.0,0.8454738232403542,0.0,36791.5452617676,0.9997702516784673
5285.0,0.15556854018177546,0.0,36798.44431459818,0.9999577259401679
5286.0,1.4647619404886427,0.0,36785.35238059511,0.9996019668639976
5287.0,2.851790352048738,0.0,36771.482096479514,0.999225056969552
5288.0,3.2243541162488327,0.0,36767.75645883751,0.9991238168162366
5289.0,1.6521243815350317,0.0,36783.478756184646,0.9995510531571915
5290.0,1.0429849208840096,0.0,36789.57015079116,0.9997165801845423
5291.0,1.5895260001589122,0.0,36784.10473999841,0.9995680635869133
5292.0,1.1937212684497354,0.0,36788.0627873155,0.9996756192205299
5293.0,0.9803846233971854,0.0,36790.196153766025,0.9997335911349463
5294.0,2.421008306046133,0.0,36775.78991693954,0.9993421173081396
5295.0,2.1374610659859172,0.0,36778.625389340144,0.9994191681885909
5296.0,2.0554620050561425,0.0,36779.44537994944,0.9994414505421043
5297.0,2.586818142847733,0.0,36774.13181857152,0.9992970602872696
5298.0,1.2016723496426494,0.0,36787.983276503575,0.9996734586006406
5299.0,0.6332976820449403,0.0,36793.66702317955,0.9998279082385747
5300.0,1.2775395236503755,0.0,36787.2246047635,0.9996528425207473
5301.0,5.331835019619575,0.0,36746.6816498038,0.9985511317881468
5302.0,0.4003546712701791,0.0,36795.9964532873,0.9998912079697635
5303.0,1.0716188450433037,0.0,36789.28381154957,0.9997087992268905
5304.0,2.179889234285838,0.0,36778.20110765714,0.999407638795031
5305.0,2.7395572365785483,0.0,36772.604427634215,0.9992555550987559
5306.0,0.5270870457625279,0.0,36794.72912954238,0.9998567698245211
5307.0,1.362110379918704,0.0,36786.37889620081,0.9996298613098047
5308.0,2.1322472425263186,0.0,36778.677527574735,0.9994205849884439
5309.0,1.7314129911419514,0.0,36782.68587008858,0.9995295073393635
5310.0,4.8150538735471855,0.0,36751.84946126453,0.9986915614474057
5311.0,1.7214251328041428,0.0,36782.78574867196,0.9995322214313033
5312.0,3.929219592242589,0.0,36760.707804077574,0.9989322772847167
5313.0,1.9513732407040152,0.0,36780.48626759296,0.9994697355324175
5314.0,3.208076148620421,0.0,36767.919238513794,0.9991282401770053
5315.0,1.6375606047058682,0.0,36783.62439395294,0.9995550107052429
5316.0,0.8628292810726634,0.0,36791.371707189275,0.9997655355214476
5317.0,2.3190204102156713,0.0,36776.80979589785,0.9993698314102676
5318.0,2.7314536830672296,0.0,36772.68546316933,0.9992577571513405
5319.0,0.12728640733257635,0.0,36798.727135926674,0.9999654113023553
5320.0,0.7687287174849189,0.0,36792.31271282515,0.9997911063267704
5321.0,0.2325773955508339,0.0,36797.67422604449,0.9999367996207741
5322.0,0.9638632332071211,0.0,36790.36136766793,0.9997380806431503
5323.0,1.1421938068797317,0.0,36788.5780619312,0.9996896212481304
5324.0,1.152863008544955,0.0,36788.47136991455,0.9996867220085476
5325.0,2.1546835702338285,0.0,36778.453164297665,0.9994144881602627
5326.0,2.5862771743732083,0.0,36774.137228256266,0.9992972072895725
5327.0,2.4157341138215997,0.0,36775.84265886179,0.9993435505125485
5328.0,1.6771031158568803,0.0,36783.22896884143,0.9995442654576476
5329.0,1.4180634755994106,0.0,36785.81936524401,0.9996146566642394
5330.0,1.5114233912436248,0.0,36784.885766087566,0.9995892871219447
5331.0,0.21778729136076436,0.0,36797.822127086394,0.999940818670826
5332.0,2.1569630029816835,0.0,36778.430369970185,0.9994138687491898
5333.0,3.2500012133068594,0.0,36767.49998786693,0.9991168474963841
5334.0,1.5664469465054935,0.0,36784.33553053495,0.9995743350688844
5335.0,1.5191631495972615,0.0,36784.808368504026,0.9995871839267398
5336.0,0.41612597406856366,0.0,36795.838740259314,0.9998869222896553
5337.0,3.345931161342378,0.0,36766.54068838658,0.9990907795757222
5338.0,0.6301133423630745,0.0,36793.69886657637,0.9998287735482709
5339.0,1.7382953451333378,0.0,36782.617046548665,0.9995276371344746
5340.0,2.4389740069827894,0.0,36775.610259930174,0.9993372353241895
5341.0,1.7460185634681693,0.0,36782.539814365315,0.9995255384338401
5342.0,0.0,0.0,36800.0,1.0
5343.0,4.186627004177353,0.0,36758.13372995822,0.99886232961843
5344.0,2.3973281876687906,0.0,36776.026718123314,0.9993485521229162
5345.0,1.2856956342702688,0.0,36787.1430436573,0.9996506261863396
5346.0,2.261464344365777,0.0,36777.38535655634,0.9993854716455527
5347.0,0.8849411411683832,0.0,36791.150588588316,0.999759526863813
5348.0,0.47922661100164987,0.0,36795.20773388998,0.9998697753774453
5349.0,2.3148957852781678,0.0,36776.85104214722,0.9993709522322614
5350.0,0.26881829999547335,0.0,36797.311817000045,0.9999269515489143
5351.0,4.1915922932648755,0.0,36758.08407706735,0.9988609803550911
5352.0,1.6903552609928738,0.0,36783.09644739007,0.9995406643312519
5353.0,0.06603358750362531,0.0,36799.339664124964,0.9999820560903523
5354.0,0.9163344241478626,0.0,36790.836655758525,0.9997509960803947
5355.0,0.5404143927898986,0.0,36794.595856072105,0.9998531482628289
5356.0,1.7690414112239523,0.0,36782.309585887764,0.999519282225211
5357.0,1.7799618221679339,0.0,36782.20038177832,0.9995163147222369
5358.0,0.9785650304129376,0.0,36790.214349695874,0.9997340855895618
5359.0,3.7014954827764086,0.0,36762.98504517224,0.9989941588362021
5360.0,0.9767684136522803,0.0,36790.232315863475,0.9997345738006379
5361.0,1.2122993621787828,0.0,36787.877006378214,0.9996705708254949
5362.0,1.1339230116655017,0.0,36788.66076988335,0.99969186874683
5363.0,1.0644755798557526,0.0,36789.35524420144,0.9997107403315609
5364.0,2.069053007901857,0.0,36779.30946992098,0.9994377573348093
5365.0,1.2048470286872544,0.0,36787.95152971313,0.9996725959161177
5366.0,2.5948090905012577,0.0,36774.05190909499,0.999294888834103
5367.0,2.4098484843862025,0.0,36775.90151515614,0.9993451498683734
5368.0,0.8683250342328392,0.0,36791.31674965767,0.9997640421102628
5369.0,2.0195675738186765,0.0,36779.804324261815,0.9994512044636363
5370.0,0.7950258421024046,0.0,36792.04974157897,0.9997839603689939
5371.0,3.1126339351048955,0.0,36768.873660648955,0.9991541755611129
5372.0,1.2992977493840954,0.0,36787.00702250616,0.9996469299594064
5373.0,1.2759436240803552,0.0,36787.240563759195,0.9996532761891086
5374.0,2.585474740432801,0.0,36774.14525259567,0.9992974253422736
5375.0,2.947189718030131,0.0,36770.5281028197,0.9991991332287962
5376.0,2.461910571510998,0.0,36775.38089428489,0.9993310025620894
5377.0,1.8036495355754596,0.0,36781.96350464424,0.9995098778435936
5378.0,1.1496094992689905,0.0,36788.50390500731,0.999687606114329
5379.0,5.123135963599452,0.0,36748.768640364004,0.9986078434881522
5380.0,1.5616200669701357,0.0,36784.3837993303,0.9995756467209321
5381.0,2.3826647534870062,0.0,36776.17335246513,0.9993525367517698
5382.0,0.33345797908532404,0.0,36796.665420209145,0.9999093864187267
5383.0,0.894860635965415,0.0,36791.051393640344,0.9997568313489223
5384.0,1.8577909917403304,0.0,36781.4220900826,0.999495165491375
5385.0,0.34585119592065894,0.0,36796.54148804079,0.9999060186967607
5386.0,2.3675575163006215,0.0,36776.324424836996,0.9993566419792662
5387.0,2.0255182805249206,0.0,36779.74481719475,0.9994495874237703
5388.0,1.520333060698249,0.0,36784.79666939302,0.9995868660161147
5389.0,0.2889468602697889,0.0,36797.1105313973,0.9999214818314485
5390.0,1.3559014340426074,0.0,36786.440985659574,0.999631548523358
5391.0,2.227504336320635,0.0,36777.7249566368,0.9993946999086086
5392.0,1.821974575494096,0.0,36781.78025424506,0.999504898213181
5393.0,2.200281579147486,0.0,36777.99718420852,0.9994020973969707
5394.0,2.777641996182865,0.0,36772.223580038175,0.9992452059792982
5395.0,3.426691578711143,0.0,36765.73308421289,0.9990688338101328
5396.0,1.4819210537352774,0.0,36785.18078946265,0.999597304061485
5397.0,2.4442116598320354,0.0,36775.55788340168,0.9993358120489586
5398.0,0.21057317393206176,0.0,36797.89426826068,0.9999427790288228
5399.0,1.792472706281842,0.0,36782.07527293718,0.9995129150254669
5400.0,0.0,0.0,36800.0,1.0
5401.0,1.3440573564930673,0.0,36786.559426435066,0.999634767022692
5402.0,1.7021039133387603,0.0,36782.97896086661,0.9995374717626796
5403.0,1.7904752176918919,0.0,36782.09524782308,0.9995134578212794
5404.0,3.4715478004554825,0.0,36765.28452199545,0.9990566446194415
5405.0,0.7050302669213124,0.0,36792.94969733078,0.9998084156883364
5406.0,1.4733148778650502,0.0,36785.26685122135,0.9995996426962324
5407.0,1.492065718606682,0.0,36785.07934281393,0.9995945473590742
5408.0,0.7478362644305889,0.0,36792.52163735569,0.999796783623796
5409.0,2.0628090083937423,0.0,36779.371909916066,0.9994394540738062
5410.0,5.024493983132743,0.0,36749.755060168674,0.9986346483741487
5411.0,1.4622862786054611,0.0,36785.377137213945,0.9996026395982051
5412.0,0.9871048066270305,0.0,36790.12895193373,0.9997317649981992
5413.0,2.5499835931968846,0.0,36774.50016406803,0.9993070696757617
5414.0,1.5968241371347176,0.0,36784.031758628655,0.9995660803975178
5415.0,2.7311573650558785,0.0,36772.68842634944,0.9992578376725392
5416.0,1.9676345081807085,0.0,36780.32365491819,0.9994653167097334
5417.0,2.939503106389566,0.0,36770.6049689361,0.9992012219819593
5418.0,0.0,0.0,36800.0,1.0
5419.0,0.004644158570044965,0.0,36799.9535584143,0.9999987380003886
5420.0,0.9966509530613621,0.0,36790.03349046939,0.9997291709366681
5421.0,0.9819189096333503,0.0,36790.180810903665,0.9997331742093387
5422.0,2.9715406819113923,0.0,36770.284593180884,0.9991925161190458
5423.0,1.0524720365447138,0.0,36789.47527963456,0.9997140021639825
5424.0,0.4545403149095364,0.0,36795.454596850905,0.999876483610079
5425.0,2.7856367037638847,0.0,36772.14363296236,0.999243033504412
5426.0,1.0555493610327176,0.0,36789.44450638967,0.9997131659345019
5427.0,0.7593911622980158,0.0,36792.40608837702,0.9997936437058973
5428.0,1.7698834868124322,0.0,36782.301165131874,0.9995190534003227
5429.0,3.29261981543641,0.0,36767.07380184563,0.9991052663545009
5430.0,1.900271993627939,0.0,36780.99728006372,0.9994836217408619
5431.0,1.8675714147711915,0.0,36781.324285852286,0.9994925077677251
5432.0,3.552242854301767,0.0,36764.477571456984,0.9990347166156789
5433.0,3.073410676160165,0.0,36769.2658932384,0.9991648340553914
5434.0,2.1485317817368923,0.0,36778.514682182635,0.9994161598419194
5435.0,2.7856086580923147,0.0,36772.14391341907,0.9992430411255183
5436.0,2.5960689733865365,0.0,36774.03931026613,0.9992945464746231
5437.0,4.1385902033716775,0.0,36758.61409796628,0.9988753830969098
5438.0,1.3800323046971243,0.0,36786.19967695303,0.9996249912215498
5439.0,1.607567012923937,0.0,36783.92432987076,0.9995631611377923
5440.0,2.672510452881397,0.0,36773.274895471186,0.9992737743334561
5441.0,2.749432675209391,0.0,36772.505673247906,0.9992528715556496
5442.0,0.6985036852147459,0.0,36793.014963147856,0.9998101892159743
5443.0,1.1119912468293478,0.0,36788.88008753171,0.9996978284655356
5444.0,2.8972621102857374,0.0,36771.02737889714,0.9992127005135092
5445.0,2.8998552621160343,0.0,36771.00144737884,0.9992119958526858
5446.0,4.168412978709057,0.0,36758.31587021291,0.9988672790818725
5447.0,4.126876210156297,0.0,36758.731237898435,0.9988785662472401
5448.0,3.1558438102683795,0.0,36768.441561897314,0.9991424337472097
5449.0,1.9140365737275715,0.0,36780.85963426273,0.999479881365835
5450.0,1.4664720833425235,0.0,36785.335279166575,0.9996015021512656
5451.0,0.9164539486491776,0.0,36790.83546051351,0.9997509636009106
5452.0,0.7776270752947312,0.0,36792.22372924705,0.9997886882947569
5453.0,0.8679033552316469,0.0,36791.32096644768,0.9997641566969478
5454.0,0.5076536321657841,0.0,36794.923463678344,0.9998620506434333
5455.0,0.23812232463205874,0.0,36797.618776753676,0.9999352928465672
5456.0,1.6802037315937923,0.0,36783.19796268406,0.9995434228990234
5457.0,1.2726317917731649,0.0,36787.27368208227,0.9996541761435399
5458.0,0.814106249600627,0.0,36791.858937503996,0.9997787754756521
5459.0,1.8085050555091584,0.0,36781.91494944491,0.999508558408829
5460.0,3.0360489179674914,0.0,36769.63951082033,0.9991749867070742
5461.0,2.8926343595703656,0.0,36771.073656404296,0.9992139580544646
5462.0,0.2736686671487405,0.0,36797.26331332851,0.9999256335143617
5463.0,0.8804752718988311,0.0,36791.19524728101,0.9997607404152448
5464.0,2.151127347993679,0.0,36778.48872652007,0.9994154545250018
5465.0,0.9744143864409125,0.0,36790.25585613559,0.9997352134819454
5466.0,0.8916567298165319,0.0,36791.08343270184,0.9997577019755934
5467.0,2.1117841763325487,0.0,36778.88215823667,0.9994261456042575
5468.0,0.0,0.0,36800.0,1.0
5469.0,0.31430076768901927,0.0,36796.85699232311,0.9999145921826933
5470.0,2.300904490683024,0.0,36776.99095509317,0.9993747542144883
5471.0,1.1178888235917839,0.0,36788.82111176408,0.9996962258631544
5472.0,0.4747491384796376,0.0,36795.2525086152,0.9998709920819349
5473.0,2.8121761622460326,0.0,36771.87823837754,0.9992358216950419
5474.0,1.5932571087505494,0.0,36784.067428912495,0.9995670496987091
5475.0,0.6606114292280836,0.0,36793.393885707716,0.9998204860246662
5476.0,0.7392252132904105,0.0,36792.60774786709,0.9997991235833449
5477.0,0.40753396985746804,0.0,36795.924660301425,0.9998892570734083
5478.0,1.5952504547785793,0.0,36784.047495452214,0.9995665080285928
5479.0,0.8005071939887785,0.0,36791.994928060114,0.9997824708711988
5480.0,1.202213516730808,0.0,36787.97786483269,0.9996733115443666
5481.0,0.0,0.0,36800.0,1.0
5482.0,0.9681119155811757,0.0,36790.31888084419,0.9997369261098965
5483.0,2.5606567902368624,0.0,36774.39343209763,0.9993041693504792
5484.0,1.6231815443516098,0.0,36783.76818455648,0.9995589180586
5485.0,2.174002213487256,0.0,36778.25997786513,0.9994092385289437
5486.0,3.9728169513455214,0.0,36760.27183048654,0.9989204301762648
5487.0,1.7238309187750929,0.0,36782.76169081225,0.9995315676851155
5488.0,0.27499906092089077,0.0,36797.25000939079,0.9999252719943149
5489.0,1.4685071526628235,0.0,36785.31492847337,0.9996009491432982
5490.0,2.6468898566226926,0.0,36773.53110143377,0.9992807364520047
5491.0,0.6175680875448961,0.0,36793.82431912455,0.9998321825849062
5492.0,1.2523238722233145,0.0,36787.476761277765,0.9996596945999393
5493.0,3.14704398185404,0.0,36768.52956018146,0.999144825004931
5494.0,1.6082826017000116,0.0,36783.917173983,0.9995629666843207
5495.0,1.9529484083177522,0.0,36780.47051591682,0.9994693074977398
5496.0,2.5847971572356983,0.0,36774.15202842764,0.9992976094681424
5497.0,1.6883002565791685,0.0,36783.116997434205,0.9995412227563643
5498.0,0.783990537781392,0.0,36792.16009462219,0.9997869590929942
5499.0,0.0,0.0,36800.0,1.0
5500.0,0.27740603047277546,0.0,36797.22593969527,0.999924617926502
5501.0,1.9819480555834161,0.0,36780.18051944417,0.9994614271588089
5502.0,1.1305538315646118,0.0,36788.694461684354,0.9996927842849009
5503.0,0.6145461837095354,0.0,36793.85453816291,0.9998330037544269
5504.0,0.45665899659798015,0.0,36795.43341003402,0.9998759078813593
5505.0,0.5451338196498909,0.0,36794.5486618035,0.9998518658098777
5506.0,1.591938227198625,0.0,36784.08061772802,0.9995674080904352
5507.0,3.48016562612338,0.0,36765.19834373877,0.9990543028189882
5508.0,1.2468183757118823,0.0,36787.53181624288,0.9996611906587739
5509.0,0.9891243193542323,0.0,36790.108756806454,0.9997312162175667
5510.0,2.0192932770096377,0.0,36779.80706722991,0.9994512790008127
5511.0,0.8890483330042116,0.0,36791.10951666996,0.999758410779075
5512.0,2.379582275100802,0.0,36776.20417724899,0.9993533743817661
5513.0,1.06471321774643,0.0,36789.352867822534,0.9997106757560471
5514.0,0.3581499329429789,0.0,36796.41850067057,0.9999026766486567
5515.0,1.5468814225068854,0.0,36784.53118577493,0.9995796517873623
5516.0,2.0754277746091248,0.0,36779.24572225391,0.9994360250612475
5517.0,2.4094336969519645,0.0,36775.905663030484,0.9993452625823501
5518.0,3.9068061595962718,0.0,36760.931938404035,0.998938367891414
5519.0,3.180834115543803,0.0,36768.19165884456,0.9991356429033847
5520.0,2.2546803690320303,0.0,36777.45319630968,0.9993873151171109
5521.0,1.6039036849133481,0.0,36783.960963150865,0.9995641566073604
5522.0,1.7319729992377688,0.0,36782.68027000762,0.9995293551632506
5523.0,2.1604164581112855,0.0,36778.39583541889,0.9994129303102959
5524.0,0.16229112535984314,0.0,36798.377088746405,0.9999558991507176
5525.0,2.979909431559463,0.0,36770.2009056844,0.9991902420022936
5526.0,2.1125959747541856,0.0,36778.874040252456,0.9994259250068602
5527.0,2.3451622390530247,0.0,36776.54837760947,0.9993627276524313
5528.0,2.5956649478794134,0.0,36774.043350521206,0.9992946562641633
5529.0,1.9831759506569142,0.0,36780.16824049343,0.9994610934916693
5530.0,2.0552472428416877,0.0,36779.44752757158,0.9994415089014017
5531.0,0.9490983274854443,0.0,36790.50901672515,0.9997420928457921
5532.0,0.16546088913946733,0.0,36798.3453911086,0.9999550378018642
5533.0,0.9836321265793231,0.0,36790.16367873421,0.9997327086612556
5534.0,2.0596333867415524,0.0,36779.40366613258,0.9994403170144723
5535.0,2.476322006124974,0.0,36775.23677993875,0.9993270864113791
5536.0,3.0496871538316555,0.0,36769.503128461685,0.9991712806647197
5537.0,1.2806092074697517,0.0,36787.193907925306,0.9996520083675355
5538.0,0.7218832124071923,0.0,36792.78116787593,0.9998038360835851
5539.0,2.2836651358065865,0.0,36777.16334864193,0.9993794388217916
5540.0,1.012661542972637,0.0,36789.87338457027,0.9997248202328879
5541.0,1.886647516431367,0.0,36781.133524835685,0.999487324044448
5542.0,0.9978524563875908,0.0,36790.02147543612,0.999728844441199
5543.0,1.8069310942437369,0.0,36781.93068905756,0.9995089861156946
5544.0,1.1148967877716132,0.0,36788.851032122286,0.9996970389163664
5545.0,3.582014793952112,0.0,36764.17985206048,0.999026626414687
5546.0,2.618127230087339,0.0,36773.81872769912,0.9992885523831283
5547.0,1.0840120627126453,0.0,36789.15987937288,0.9997054315046977
5548.0,0.9184006268324083,0.0,36790.815993731674,0.9997504346122738
5549.0,0.0,0.0,36800.0,1.0
5550.0,1.1753262214560891,0.0,36788.24673778544,0.9996806178746044
5551.0,2.5410508315453626,0.0,36774.58949168454,0.9993094970566452
5552.0,1.4987145992372461,0.0,36785.012854007626,0.9995927405980333
5553.0,1.1143646690616151,0.0,36788.856353309384,0.999697183513842
5554.0,1.0327391998662279,0.0,36789.67260800134,0.9997193643478625
5555.0,0.6486962577919257,0.0,36793.51303742208,0.9998237238429913
5556.0,0.2808227762579918,0.0,36797.19177223742,0.9999236894629734
5557.0,3.4543241180099358,0.0,36765.4567588199,0.999061324967932
5558.0,1.2774428141356111,0.0,36787.225571858646,0.9996528688005066
5559.0,1.90097784036152,0.0,36780.99022159638,0.9994834299346843
5560.0,1.3023386493832732,0.0,36786.976613506165,0.999646103627885
5561.0,2.4798627733989633,0.0,36775.20137226601,0.999326124246359
5562.0,3.3105147675096305,0.0,36766.894852324906,0.9991004035957854
5563.0,2.0155253890197855,0.0,36779.844746109804,0.9994523028834186
5564.0,1.2165709958635489,0.0,36787.83429004136,0.9996694100554718
5565.0,2.85303539308552,0.0,36771.46964606915,0.9992247186431834
5566.0,2.8061899588756205,0.0,36771.938100411244,0.9992374483807404
5567.0,2.0532581636134637,0.0,36779.46741836386,0.9994420494120615
5568.0,3.5106154184613843,0.0,36764.893845815386,0.9990460284188963
5569.0,4.583177161784079,0.0,36754.16822838216,0.9987545714234282
5570.0,1.1586761826347356,0.0,36788.413238173656,0.9996851423416755
5571.0,3.486553867116527,0.0,36765.13446132884,0.9990525668839358
5572.0,2.564460029080692,0.0,36774.355399709195,0.9993031358616629
5573.0,2.6180128604291895,0.0,36773.81987139571,0.9992885834618399
5574.0,1.7172786771316169,0.0,36782.82721322868,0.9995333481855619
5575.0,0.9315479286997288,0.0,36790.684520713,0.9997468619758968
5576.0,1.5418163299245862,0.0,36784.58183670075,0.9995810281712161
5577.0,0.0,0.0,36800.0,1.0
5578.0,1.3736515348773537,0.0,36786.26348465122,0.999626725126392
5579.0,0.6283811325447459,0.0,36793.71618867455,0.9998292442574607
5580.0,1.7842150466904059,0.0,36782.1578495331,0.9995151589547038
5581.0,3.396918865806583,0.0,36766.03081134193,0.9990769242212482
5582.0,1.8836286580672095,0.0,36781.16371341933,0.9994881443863949
5583.0,2.6692798725143803,0.0,36773.30720127486,0.9992746522085559
5584.0,1.2831929047251833,0.0,36787.16807095275,0.9996513062758899
5585.0,0.6897186660098669,0.0,36793.1028133399,0.9998125764494539
5586.0,1.3131453705454987,0.0,36786.86854629454,0.9996431670188735
5587.0,1.0824512158396828,0.0,36789.1754878416,0.9997058556478696
5588.0,1.0285253735655715,0.0,36789.71474626435,0.9997205094093573
5589.0,1.4246210984883874,0.0,36785.753789015114,0.9996128747014976
5590.0,0.47036657379612734,0.0,36795.296334262035,0.9998721829962509
5591.0,0.43505862350411917,0.0,36795.64941376496,0.9998817775479608
5592.0,2.866553430753811,0.0,36771.33446569246,0.9992210452633821
5593.0,2.7075684208921302,0.0,36772.92431579108,0.9992642477117142
5594.0,0.8974118784990424,0.0,36791.02588121501,0.9997561380764949
5595.0,2.8081016973728765,0.0,36771.91898302627,0.9992369288865834
5596.0,0.3009222439077348,0.0,36796.990777560924,0.999918227651112
5597.0,0.0,0.0,36800.0,1.0
5598.0,0.5566455602393034,0.0,36794.43354439761,0.9998487376195002
5599.0,0.6587509464989125,0.0,36793.41249053501,0.9998209915906253
5600.0,0.7873100066653933,0.0,36792.12689993335,0.9997860570634062
5601.0,1.7915780591429211,0.0,36782.08421940857,0.9995131581361024
5602.0,2.0063329983167932,0.0,36779.93667001683,0.9994548008156748
5603.0,2.117210641757083,0.0,36778.82789358243,0.9994246710212616
5604.0,0.9917308271806178,0.0,36790.082691728196,0.9997305079273966
5605.0,3.2011753632141335,0.0,36767.98824636786,0.999130115390431
5606.0,2.287036486017314,0.0,36777.12963513983,0.9993785226940171
5607.0,1.3591101623396753,0.0,36786.408898376605,0.9996306765863208
5608.0,1.9119375814552768,0.0,36780.88062418545,0.9994804517441698
5609.0,1.3210643449165218,0.0,36786.789356550835,0.999641015123664
5610.0,0.8448837400937919,0.0,36791.55116259906,0.9997704120271484
5611.0,1.3893861254828153,0.0,36786.10613874517,0.9996224494224231
5612.0,4.15862160605684,0.0,36758.41378393943,0.9988699397809628
5613.0,3.6962654074650345,0.0,36763.037345925346,0.9989955800523191
5614.0,2.272388588978174,0.0,36777.27611411022,0.9993825031008211
5615.0,2.507726985222689,0.0,36774.92273014777,0.9993185524496677
5616.0,0.1904451470109052,0.0,36798.09554852989,0.9999482486013558
5617.0,1.711156209751607,0.0,36782.88843790248,0.999535011899524
5618.0,3.0284865850280767,0.0,36769.71513414972,0.9991770416888511
5619.0,2.866407722078293,0.0,36771.33592277922,0.9992210848581309
5620.0,0.40483030045015767,0.0,36795.9516969955,0.9998899917661821
5621.0,0.6176447680982164,0.0,36793.823552319016,0.9998321617477993
5622.0,2.5848581953960093,0.0,36774.151418046036,0.9992975928816857
5623.0,2.095167270006641,0.0,36779.04832729993,0.999430661067933
5624.0,3.347824675620359,0.0,36766.5217532438,0.9990902650337988
5625.0,1.3605238727086544,0.0,36786.39476127291,0.9996302924258943
5626.0,0.6821689115340632,0.0,36793.17831088466,0.99981462801317
5627.0,1.620593383971027,0.0,36783.79406616029,0.9995596213630514
5628.0,1.2250462218198663,0.0,36787.7495377818,0.9996671070049401
5629.0,1.4874114107506102,0.0,36785.12588589249,0.9995958121166438
5630.0,0.9335163869172902,0.0,36790.664836130825,0.9997463270687724
5631.0,0.06864017650786991,0.0,36799.31359823492,0.9999813477781229
5632.0,1.2182641263407277,0.0,36787.81735873659,0.9996689499656681
5633.0,0.7834131820427501,0.0,36792.165868179574,0.9997871159831406
5634.0,0.7487221111250619,0.0,36792.51277888875,0.9997965429045855
5635.0,1.9394279886500954,0.0,36780.6057201135,0.9994729815248233
5636.0,3.3833182385742475,0.0,36766.166817614256,0.9990806200438657
5637.0,1.9398646520276088,0.0,36780.601353479724,0.9994728628662969
5638.0,2.092292918955536,0.0,36779.07707081045,0.9994314421415882
5639.0,1.3467158640805792,0.0,36786.53284135919,0.999634044602152
5640.0,0.5654982155856487,0.0,36794.34501784414,0.9998463320066343
5641.0,1.5548277326952302,0.0,36784.451722673046,0.9995774924639415
5642.0,0.953241653137411,0.0,36790.46758346863,0.9997409669420823
5643.0,0.49510545600969635,0.0,36795.04894543991,0.9998654604739106
5644.0,0.7034661811867409,0.0,36792.965338188136,0.9998088407116341
5645.0,2.133810027970867,0.0,36778.66189972029,0.9994201603184861
5646.0,0.18233506200522243,0.0,36798.17664937995,0.999950452428803
5647.0,2.918256847477096,0.0,36770.817431525225,0.9992069954218811
5648.0,2.743983654917429,0.0,36772.56016345083,0.9992543522676856
5649.0,3.2612237888088202,0.0,36767.38776211191,0.9991137978834758
5650.0,0.07645727612998598,0.0,36799.2354272387,0.9999792235662691
5651.0,3.0274895444645153,0.0,36769.72510455536,0.9991773126237868
5652.0,4.627820068095389,0.0,36753.72179931904,0.998742440198887
5653.0,3.204941171857172,0.0,36767.95058828143,0.9991290920728648
5654.0,1.5571250802413488,0.0,36784.428749197585,0.999576868184717
5655.0,1.1946413123623643,0.0,36788.053586876376,0.9996753692085972
5656.0,0.8610777563208103,0.0,36791.38922243679,0.9997660114792606
5657.0,0.6058277542442738,0.0,36793.94172245756,0.9998353728928685
5658.0,2.33935718315297,0.0,36776.60642816847,0.9993643051132736
5659.0,0.6051658692822457,0.0,36793.94834130718,0.9998355527529125
5660.0,1.2436859825065767,0.0,36787.563140174934,0.9996620418525798
5661.0,1.1953821673232596,0.0,36788.04617832677,0.9996751678893143
5662.0,1.6144014022738702,0.0,36783.855985977265,0.9995613039667735
5663.0,1.306755071365842,0.0,36786.93244928634,0.9996449035132157
5664.0,1.6477913704420644,0.0,36783.522086295576,0.9995522306058581
5665.0,1.4387985638977625,0.0,36785.612014361024,0.9996090221293756
5666.0,2.5185834907470053,0.0,36774.81416509253,0.9993156023122971
5667.0,1.6191850643472208,0.0,36783.808149356526,0.9995600040586012
5668.0,0.7741445157253111,0.0,36792.258554842745,0.999789634642466
5669.0,0.9679606939025689,0.0,36790.320393060974,0.9997369672027439
5670.0,0.9135060855887787,0.0,36790.864939144114,0.9997517646506553
5671.0,3.2932263552647782,0.0,36767.06773644735,0.9991051015338954
5672.0,3.058329037711701,0.0,36769.416709622885,0.9991689323267088
5673.0,1.4826890975909919,0.0,36785.173109024094,0.9995970953539156
5674.0,1.1415257644730445,0.0,36788.58474235527,0.9996898027813932
5675.0,0.8193207964168323,0.0,36791.80679203583,0.9997773584792345
5676.0,0.0,0.0,36800.0,1.0
5677.0,0.48615569526100444,0.0,36795.13844304739,0.9998678924741139
5678.0,1.7010856943315957,0.0,36782.989143056686,0.9995377484526273
5679.0,0.8168403963509263,0.0,36791.83159603649,0.9997780325009916
5680.0,1.1242327888276122,0.0,36788.75767211172,0.9996945019595577
5681.0,2.285029644936003,0.0,36777.14970355064,0.9993790680312674
5682.0,0.5968777287735065,0.0,36794.03122271226,0.9998378049650072
5683.0,0.0,0.0,36800.0,1.0
5684.0,0.31052292702042905,0.0,36796.89477072979,0.9999156187698313
5685.0,0.8945433376020446,0.0,36791.05456662398,0.9997569175713037
5686.0,1.8336332598000809,0.0,36781.663667402,0.9995017300924456
5687.0,3.1074561172672475,0.0,36768.925438827326,0.9991555825768295
5688.0,3.218256555505832,0.0,36767.81743444494,0.9991254737620908
5689.0,2.413725561729734,0.0,36775.8627443827,0.9993440963147473
5690.0,0.4948700026207007,0.0,36795.05129997379,0.9998655244558096
5691.0,1.260029871145889,0.0,36787.39970128854,0.9996576005784928
5692.0,0.697864331474193,0.0,36793.02135668526,0.9998103629534039
5693.0,0.7909971477247382,0.0,36792.090028522754,0.999785055122901
5694.0,1.6300680162366916,0.0,36783.69931983763,0.9995570467347182
5695.0,2.2856656933099657,0.0,36777.1433430669,0.9993788951920353
5696.0,2.489946820775913,0.0,36775.10053179224,0.9993233840160934
5697.0,2.6434850990781342,0.0,36773.56514900922,0.9992816616578593
5698.0,2.2121067530852088,0.0,36777.878932469146,0.9993988840344876
5699.0,1.7417964260002918,0.0,36782.58203573999,0.9995266857538042
5700.0,1.3901894475775407,0.0,36786.09810552422,0.9996222311283757
5701.0,1.0790567404610556,0.0,36789.20943259539,0.9997067780596572
5702.0,3.071275146266089,0.0,36769.28724853734,0.9991654143624277
5703.0,2.8372360504436074,0.0,36771.627639495564,0.9992290119428142
5704.0,2.6561010569666905,0.0,36773.43898943033,0.9992782334084329
5705.0,1.275579353105968,0.0,36787.24420646894,0.9996533751757863
5706.0,2.8167359055150882,0.0,36771.83264094485,0.9992345826343709
5707.0,2.6492807500326307,0.0,36773.507192499674,0.9992800867527085
5708.0,2.0490653583501626,0.0,36779.5093464165,0.9994431887613179
5709.0,3.856707031892256,0.0,36761.432929681076,0.9989519817848118
5710.0,3.4175758729898007,0.0,36765.8242412701,0.9990713109040789
5711.0,2.611348371976419,0.0,36773.88651628024,0.9992903944641369
5712.0,1.9088789682145944,0.0,36780.911210317856,0.9994812828890721
5713.0,0.43859844423241157,0.0,36795.61401555767,0.9998808156401542
5714.0,1.1258344745829163,0.0,36788.74165525417,0.9996940667188633
5715.0,3.36751702960737,0.0,36766.324829703924,0.9990849138506501
5716.0,2.4342763848799223,0.0,36775.6572361512,0.9993385118519348
5717.0,1.1149278510065415,0.0,36788.85072148994,0.99969703047527
5718.0,1.6764314947340608,0.0,36783.235685052656,0.9995444479633874
5719.0,1.086370756414908,0.0,36789.136292435855,0.9997047905553221
5720.0,0.8665781601011986,0.0,36791.33421839899,0.9997645168043203
5721.0,2.348241979202612,0.0,36776.517580207976,0.999361890766521
5722.0,2.900111952531006,0.0,36770.99888047469,0.9992119260998557
5723.0,1.1055912763640663,0.0,36788.94408723636,0.9996995675879446
5724.0,1.3805389062508766,0.0,36786.19461093749,0.999624853558084
5725.0,1.7116953067397844,0.0,36782.883046932606,0.9995348654057773
5726.0,2.353321875168149,0.0,36776.46678124832,0.9993605103600086
5727.0,1.6479583756463398,0.0,36783.52041624354,0.9995521852240092
5728.0,3.615765286025635,0.0,36763.84234713974,0.999017455085319
5729.0,1.4494879193143788,0.0,36785.505120806854,0.9996061174132297
5730.0,1.6681468532042345,0.0,36783.31853146796,0.9995466992246728
5731.0,2.6505971694832624,0.0,36773.49402830517,0.9992797290300318
5732.0,2.4099412794803357,0.0,36775.90058720519,0.9993451246523151
5733.0,1.459055999780503,0.0,36785.40944000219,0.999603517391364
5734.0,1.6880364208991523,0.0,36783.11963579101,0.9995412944508426
5735.0,0.9094315295851629,0.0,36790.90568470415,0.9997528718669606
5736.0,2.3112108701634497,0.0,36776.887891298364,0.9993719535678903
5737.0,1.0258296505162434,0.0,36789.74170349484,0.9997212419427945
5738.0,1.8142227807475138,0.0,36781.857772192525,0.9995070046791447
5739.0,1.7254252339498635,0.0,36782.745747660505,0.9995311344472964
5740.0,0.9845739922875509,0.0,36790.15426007712,0.999732452719487
5741.0,1.7653261996356377,0.0,36782.346738003645,0.9995202917935774
5742.0,1.2133266762130006,0.0,36787.86673323787,0.9996702916640725
5743.0,1.3940297489480145,0.0,36786.05970251052,0.9996211875682207
5744.0,2.470780162846495,0.0,36775.292198371535,0.9993285923470526
5745.0,1.412920107312857,0.0,36785.87079892687,0.9996160543186651
5746.0,1.5223671906351228,0.0,36784.77632809365,0.9995863132634144
5747.0,1.1042965592141627,0.0,36788.95703440786,0.9996999194132571
5748.0,0.7894597065333073,0.0,36792.10540293467,0.9997854729058334
5749.0,1.815864765324477,0.0,36781.84135234675,0.9995065584876835
5750.0,4.211894596085585,0.0,36757.88105403914,0.9988554634249767
5751.0,2.574165425206047,0.0,36774.25834574794,0.9993004985257593
5752.0,0.5465456305719272,0.0,36794.53454369428,0.9998514821656055
5753.0,0.926622701769702,0.0,36790.733772982305,0.99974820035278
5754.0,2.4938931450842574,0.0,36775.061068549156,0.9993223116453575
5755.0,2.0406520922979325,0.0,36779.59347907702,0.999445474974919
5756.0,0.0,0.0,36800.0,1.0
5757.0,0.8659370831119304,0.0,36791.34062916888,0.999764691010024
5758.0,1.7156060353054272,0.0,36782.84393964695,0.9995338027077975
5759.0,3.926703123547668,0.0,36760.732968764525,0.9989329611077317
5760.0,2.3525426430305743,0.0,36776.47457356969,0.9993607221078721
5761.0,3.2438500474099783,0.0,36767.5614995259,0.9991185190088561
5762.0,2.2269421121618507,0.0,36777.730578878385,0.9993948526869126
5763.0,1.6899592198069513,0.0,36783.10040780193,0.9995407719511394
5764.0,1.1688118452893832,0.0,36788.31188154711,0.9996823880855192
5765.0,2.32815260481766,0.0,36776.71847395183,0.9993673498356475
5766.0,0.8620063159332858,0.0,36791.37993684067,0.999765759153279
5767.0,1.0147789667653342,0.0,36789.85221033235,0.9997242448459878
5768.0,2.594951103837957,0.0,36774.05048896162,0.9992948502435223
5769.0,1.461650534063665,0.0,36785.38349465936,0.999602812354874
5770.0,3.827268951313272,0.0,36761.727310486865,0.99895998126323
5771.0,1.5726961978607505,0.0,36784.27303802139,0.9995726369027552
5772.0,0.6343774942815799,0.0,36793.65622505719,0.9998276148113366
5773.0,2.965459671472672,0.0,36770.345403285275,0.9991941685675346
5774.0,2.7663726478494937,0.0,36772.336273521505,0.9992482683022148
5775.0,3.9659875700808698,0.0,36760.34012429919,0.998922285986391
5776.0,3.42690723024225,0.0,36765.73092769758,0.9990687752091734
5777.0,0.8851772146354051,0.0,36791.14822785364,0.9997594627134142
5778.0,2.4486745281674303,0.0,36775.513254718324,0.999334599312998
5779.0,1.3475341875682716,0.0,36786.52465812432,0.9996338222316391
5780.0,1.1570998033366777,0.0,36788.42900196664,0.9996855707056151
5781.0,1.8657529739493839,0.0,36781.342470260504,0.9994930019092528
5782.0,3.105658260088603,0.0,36768.94341739912,0.9991560711249761
5783.0,0.6594576905936265,0.0,36793.40542309407,0.9998207995405997
5784.0,0.0,0.0,36800.0,1.0
5785.0,0.524627109633002,0.0,36794.75372890367,0.9998574382854258
5786.0,1.8145022559401696,0.0,36781.8549774406,0.9995069287347988
5787.0,1.284890488934252,0.0,36787.15109511066,0.9996508449758332
5788.0,1.6091471172831007,0.0,36783.90852882717,0.9995627317616078
5789.0,1.4308149410380793,0.0,36785.69185058962,0.9996111915921092
5790.0,0.8806961023192343,0.0,36791.19303897681,0.9997606804069785
5791.0,0.5972353748684327,0.0,36794.027646251314,0.9998377077785683
5792.0,1.6597777923752801,0.0,36783.40222207625,0.999548973425985
5793.0,2.34353517990985,0.0,36776.5646482009,0.999363169788068
5794.0,2.7283134054177935,0.0,36772.716865945826,0.9992586104876583
5795.0,1.6888877813516956,0.0,36783.111122186485,0.9995410631028936
5796.0,1.1612850626124782,0.0,36788.38714937388,0.9996844334068988
5797.0,1.2675367370620734,0.0,36787.32463262938,0.9996555606692766
5798.0,1.1754517427198152,0.0,36788.245482572805,0.9996805837655653
5799.0,3.2766441042813312,0.0,36767.23355895719,0.9991096075803584
5800.0,1.319287652047933,0.0,36786.80712347952,0.9996414979206392
5801.0,1.196186167565429,0.0,36788.038138324344,0.9996749494109876
5802.0,2.9941971256339457,0.0,36770.05802874366,0.99918635947673
5803.0,4.299416682106312,0.0,36757.00583317893,0.9988316802494276
5804.0,4.014134543906039,0.0,36759.85865456094,0.9989092025695908
5805.0,0.9928525048499068,0.0,36790.0714749515,0.9997302031236821
5806.0,2.3026318819556764,0.0,36776.97368118045,0.999374284814686
5807.0,0.49657080847828183,0.0,36795.03429191522,0.9998650622803048
5808.0,0.37298120286232006,0.0,36796.27018797138,0.9998986464122657
5809.0,1.4482527348518488,0.0,36785.51747265148,0.9996064530611816
5810.0,0.8462060212914366,0.0,36791.537939787086,0.9997700527116056
5811.0,3.4779147948083846,0.0,36765.22085205192,0.9990549144579326
5812.0,2.0794186066714246,0.0,36779.20581393329,0.9994349405960132
5813.0,2.845464205022836,0.0,36771.54535794977,0.9992267760312438
5814.0,3.089734474661782,0.0,36769.10265525338,0.999160398240581
5815.0,1.788419071662247,0.0,36782.11580928338,0.9995140165566135
5816.0,2.3507716513131527,0.0,36776.49228348687,0.9993612033556215
5817.0,1.1277936186070292,0.0,36788.722063813926,0.9996935343427698
5818.0,3.8022805242617324,0.0,36761.97719475738,0.998966771596668
5819.0,1.9910864968569513,0.0,36780.089135031434,0.9994589438867237
5820.0,2.0621095240448994,0.0,36779.37890475955,0.9994396441510747
5821.0,0.85542833836098,0.0,36791.44571661639,0.9997675466471846
5822.0,1.5945516683023016,0.0,36784.05448331698,0.9995666979162222
5823.0,3.1950969330655425,0.0,36768.04903066935,0.999131767137754
5824.0,0.9572756389688948,0.0,36790.42724361031,0.9997398707502803
5825.0,1.7233929950170932,0.0,36782.76607004983,0.9995316866861367
5826.0,2.0275615136461056,0.0,36779.72438486354,0.9994490321973788
5827.0,0.9592005801787309,0.0,36790.40799419821,0.9997393476684296
5828.0,1.3992943178054702,0.0,36786.007056821945,0.9996197569788572
5829.0,2.005551527950047,0.0,36779.9444847205,0.9994550131717528
5830.0,1.4330358265460745,0.0,36785.66964173454,0.9996105880906124
5831.0,4.942221734826489,0.0,36750.57778265174,0.9986570049633624
5832.0,3.7242038183621844,0.0,36762.75796181638,0.9989879880928364
5833.0,2.707849019042442,0.0,36772.921509809574,0.9992641714622167
5834.0,0.27386828734779556,0.0,36797.261317126526,0.9999255792697426
5835.0,1.7565119320834128,0.0,36782.43488067917,0.9995226869749774
5836.0,1.064303797017601,0.0,36789.35696202982,0.9997107870116799
5837.0,1.7339271715318318,0.0,36782.66072828468,0.9995288241381707
5838.0,2.265969204730027,0.0,36777.3403079527,0.9993842474987146
5839.0,2.371000885645117,0.0,36776.28999114355,0.9993557062810748
5840.0,0.8226114054768914,0.0,36791.77388594523,0.99977646429199
5841.0,0.6998783030576305,0.0,36793.001216969424,0.9998098156785169
5842.0,1.2055826867599535,0.0,36787.944173132404,0.9996723960090327
5843.0,0.09699063221250981,0.0,36799.03009367787,0.9999736438499423
5844.0,1.7663521817066794,0.0,36782.33647818293,0.9995200129941013
5845.0,2.1383072420321696,0.0,36778.61692757968,0.9994189382494478
5846.0,2.1642815160212194,0.0,36778.357184839784,0.9994118800228202
5847.0,2.769455141066828,0.0,36772.30544858933,0.9992474306681883
5848.0,1.1758863469822245,0.0,36788.24113653018,0.999680465666581
5849.0,0.933111538819503,0.0,36790.668884611805,0.9997464370818425
5850.0,0.06903910904566146,0.0,36799.30960890954,0.9999812393725419
5851.0,1.8343351933863232,0.0,36781.656648066135,0.9995015393496233
5852.0,2.769299922796563,0.0,36772.30700077204,0.9992474728470663
5853.0,2.942868361778892,0.0,36770.57131638221,0.999200307510386
5854.0,1.4386016619873772,0.0,36785.61398338013,0.9996090756353295
5855.0,1.6166120641455564,0.0,36783.83387935854,0.9995607032434387
5856.0,1.0815256689529633,0.0,36789.18474331047,0.9997061071551758
5857.0,0.6029123877779057,0.0,36793.97087612222,0.9998361651120169
5858.0,2.4852374072315797,0.0,36775.14762592768,0.9993246637480349
5859.0,2.7319149919167103,0.0,36772.68085008083,0.9992576317956748
5860.0,2.5645109825136387,0.0,36774.354890174865,0.9993031220156213
5861.0,2.864379731993722,0.0,36771.356202680065,0.9992216359423931
5862.0,2.2820358357239456,0.0,36777.17964164276,0.9993798815663794
5863.0,3.5999120311180377,0.0,36764.00087968882,0.9990217630350223
5864.0,2.227196754358374,0.0,36777.72803245642,0.9993947834906636
5865.0,0.0,0.0,36800.0,1.0
5866.0,0.7001502606626673,0.0,36792.998497393375,0.9998097417769939
5867.0,1.3023828219029383,0.0,36786.976171780974,0.999646091624483
5868.0,2.0709054638027737,0.0,36779.29094536197,0.9994372539500536
5869.0,2.59873672230151,0.0,36774.01263277698,0.9992938215428528
5870.0,1.3400805069632042,0.0,36786.59919493037,0.9996358476883254
5871.0,1.0104838339611888,0.0,36789.89516166039,0.999725412001641
5872.0,3.0659910261101686,0.0,36769.3400897389,0.999166850264644
5873.0,2.5268913135032562,0.0,36774.731086864966,0.9993133447517654
5874.0,3.701223562670748,0.0,36762.98776437329,0.9989942327275351
5875.0,0.7118691527066403,0.0,36792.88130847293,0.9998065572954602
5876.0,1.806742032992588,0.0,36781.93257967007,0.9995090374910346
5877.0,1.1633974185342595,0.0,36788.366025814656,0.9996838593971373
5878.0,2.104423204212253,0.0,36778.95576795788,0.9994281458684207
5879.0,1.7999884538739934,0.0,36782.00011546126,0.9995108727027516
5880.0,0.1309465700014698,0.0,36798.69053429998,0.9999644166929342
5881.0,0.0,0.0,36800.0,1.0
5882.0,2.1029468646847818,0.0,36778.97053135315,0.9994285470476401
5883.0,0.9014488834109216,0.0,36790.98551116589,0.9997550410642905
5884.0,1.0821958719079703,0.0,36789.17804128092,0.9997059250348075
5885.0,4.121336116301791,0.0,36758.78663883698,0.9988800717075267
5886.0,0.8046236282580139,0.0,36791.95376371742,0.9997813522749299
5887.0,0.7618142932651608,0.0,36792.38185706735,0.9997929852463953
5888.0,1.1184223335703791,0.0,36788.8157766643,0.9996960808876167
5889.0,1.1245978781844315,0.0,36788.754021218156,0.9996944027504934
5890.0,0.41997969409567304,0.0,36795.80020305904,0.9998858750831262
5891.0,2.3186053841554894,0.0,36776.81394615844,0.9993699441890881
5892.0,3.2861865549311915,0.0,36767.13813445069,0.9991070145231166
5893.0,1.9859610919183979,0.0,36780.140389080814,0.9994603366598047
5894.0,1.7170842016366805,0.0,36782.82915798364,0.999533401032164
5895.0,4.290517725290556,0.0,36757.094822747094,0.9988340984442146
5896.0,1.9994423481839476,0.0,36780.00557651816,0.99945667327495
5897.0,3.848968475995207,0.0,36761.51031524005,0.9989540846532622
5898.0,3.9774070001221844,0.0,36760.22592999878,0.9989191828804016
5899.0,2.818218277005144,0.0,36771.81781722995,0.9992341798160314
5900.0,2.378459047371507,0.0,36776.21540952628,0.9993536796066924
5901.0,1.0868256170397217,0.0,36789.1317438296,0.9997046669518914
5902.0,1.9176478515628332,0.0,36780.82352148437,0.9994789000403362
5903.0,1.0005878148558622,0.0,36789.99412185144,0.9997281011372675
5904.0,1.090030836540791,0.0,36789.09969163459,0.9997037959683313
5905.0,1.0366232997057523,0.0,36789.633767002946,0.9997183088859496
5906.0,3.6660223040071287,0.0,36763.339776959925,0.9990037982869545
5907.0,1.8671995934482766,0.0,36781.328004065515,0.9994926088061281
5908.0,1.4225443536397506,0.0,36785.7745564636,0.999613439034337
5909.0,2.985703640945758,0.0,36770.142963590544,0.9991886674888735
5910.0,1.310684165033308,0.0,36786.89315834967,0.9996438358247192
5911.0,0.7040291422645168,0.0,36792.95970857736,0.9998086877330803
5912.0,2.1502028071990935,0.0,36778.49797192801,0.9994157057589133
5913.0,1.8159939340921483,0.0,36781.84006065908,0.999506523387475
5914.0,1.315912486698835,0.0,36786.84087513301,0.9996424150851362
5915.0,2.409074028014402,0.0,36775.909259719854,0.9993453603184743
5916.0,3.7715070426147577,0.0,36762.284929573856,0.9989751339558113
5917.0,3.2851784697795665,0.0,36767.14821530221,0.9991072884592991
5918.0,0.2128737247794561,0.0,36797.8712627522,0.999942153879136
5919.0,0.0,0.0,36800.0,1.0
5920.0,0.0,0.0,36800.0,1.0
5921.0,0.8192199120321675,0.0,36791.80780087968,0.9997773858934695
5922.0,2.76506453867205,0.0,36772.34935461328,0.9992486237666652
5923.0,3.6825377557133834,0.0,36763.174622442864,0.9989993103924691
5924.0,1.0460220669529008,0.0,36789.53977933047,0.9997157548731107
5925.0,2.294141857809336,0.0,36777.05858142191,0.9993765918864649
5926.0,1.8072985089902431,0.0,36781.9270149101,0.999508886274731
5927.0,2.0251911585310154,0.0,36779.74808841469,0.9994496763156167
5928.0,1.5857848366340477,0.0,36784.142151633656,0.9995690802074363
5929.0,0.7837651518821076,0.0,36792.16234848118,0.9997870203391624
5930.0,1.2197728302098767,0.0,36787.8022716979,0.9996685399917908
5931.0,0.9040539865372921,0.0,36790.959460134625,0.9997543331558322
5932.0,1.7975970412690003,0.0,36782.02402958731,0.9995115225431334
5933.0,1.5051265055572003,0.0,36784.948734944424,0.9995909982321854
5934.0,3.275841202948868,0.0,36767.24158797051,0.9991098257600681
5935.0,1.176916802030064,0.0,36788.2308319797,0.9996801856516223
5936.0,0.7671956427966506,0.0,36792.32804357204,0.9997915229231532
5937.0,1.2926892296427468,0.0,36787.073107703574,0.9996487257528145
5938.0,1.4101200448594682,0.0,36785.8987995514,0.9996168152052012
5939.0,2.8939452390177394,0.0,36771.06054760982,0.9992136018372234
5940.0,0.9746545243615401,0.0,36790.253454756385,0.9997351482270757
5941.0,2.767826665368375,0.0,36772.32173334632,0.9992478731887586
5942.0,0.5602447239471076,0.0,36794.39755276053,0.9998477595858839
5943.0,1.7059528204490562,0.0,36782.94047179551,0.9995364258640085
5944.0,0.0,0.0,36800.0,1.0
5945.0,0.1426344525807508,0.0,36798.57365547419,0.9999612406378856
5946.0,0.8589834523763784,0.0,36791.410165476234,0.9997665805835934
5947.0,1.7038360287033356,0.0,36782.961639712965,0.9995370010791567
5948.0,2.4826477012238684,0.0,36775.17352298776,0.9993253674724935
5949.0,1.1831948426597592,0.0,36788.168051573404,0.9996784796623208
5950.0,3.928431018417541,0.0,36760.71568981583,0.9989324915710823
5951.0,3.4300035767037116,0.0,36765.69996423296,0.9990679338106783
5952.0,1.690408936613494,0.0,36783.09591063386,0.9995406497454854
5953.0,0.6348655300953396,0.0,36793.65134469904,0.9998274821929087
5954.0,1.3733589149733234,0.0,36786.266410850265,0.9996268046426703
5955.0,0.5974569483487358,0.0,36794.025430516514,0.9998376475683836
5956.0,0.1033911397553311,0.0,36798.96608860245,0.9999719045815884
5957.0,3.1915103119818014,0.0,36768.08489688018,0.9991327417630483
5958.0,1.2337749672096834,0.0,36787.66225032791,0.9996647350632584
5959.0,2.2822407740259223,0.0,36777.177592259744,0.9993798258766234
5960.0,1.1635551865419984,0.0,36788.364448134584,0.9996838165253963
5961.0,1.6427106971968897,0.0,36783.57289302803,0.9995536112235878
5962.0,2.7014009421027367,0.0,36772.98599057897,0.9992659236570373
5963.0,5.7876620209308385,0.0,36742.12337979069,0.9984272657551818
5964.0,2.9196556993247214,0.0,36770.80344300675,0.9992066152990965
5965.0,1.252619066231091,0.0,36787.47380933769,0.9996596143841763
5966.0,1.268703999430727,0.0,36787.31296000569,0.9996552434784156
5967.0,2.2478370001126677,0.0,36777.521629998875,0.9993891747282303
5968.0,0.9718386076656316,0.0,36790.28161392335,0.9997359134218301
5969.0,4.105011263546658,0.0,36758.949887364535,0.9988845078088189
5970.0,1.920057581146466,0.0,36780.79942418853,0.9994782452225145
5971.0,1.5257950526947752,0.0,36784.742049473054,0.9995853817791591
5972.0,1.7310614011557846,0.0,36782.689385988444,0.9995296028801207
5973.0,1.5878075001155594,0.0,36784.12192499884,0.9995685305706207
5974.0,2.749262885614371,0.0,36772.50737114386,0.9992529176941266
5975.0,3.056298245547623,0.0,36769.43701754452,0.9991694841724055
5976.0,0.9901654170234906,0.0,36790.09834582976,0.9997309333105914
5977.0,3.513149485991562,0.0,36764.86850514008,0.9990453398135892
5978.0,0.3968016727903887,0.0,36796.0319832721,0.999892173458481
5979.0,0.7251547953455884,0.0,36792.748452046544,0.9998029470664822
5980.0,0.0,0.0,36800.0,1.0
5981.0,0.9895316435986388,0.0,36790.104683564015,0.9997311055316308
5982.0,2.16009758110431,0.0,36778.399024188955,0.9994130169616564
5983.0,2.578645993939972,0.0,36774.2135400606,0.9992992809799076
5984.0,1.281539131460704,0.0,36787.18460868539,0.9996517556707987
5985.0,0.6928137535587666,0.0,36793.071862464414,0.9998117353930547
5986.0,2.2349373057522826,0.0,36777.65062694248,0.9993926800799586
5987.0,3.5636673720609906,0.0,36764.36332627939,0.9990316121271573
5988.0,2.4629776680940267,0.0,36775.370223319056,0.9993307125901918
5989.0,2.1248544303007293,0.0,36778.75145569699,0.9994225939048096
5990.0,1.2185131731775982,0.0,36787.81486826822,0.9996688822898974
5991.0,2.5132361985333773,0.0,36774.867638014664,0.9993170553808333
5992.0,4.672513022643216,0.0,36753.274869773566,0.9987302953742817
5993.0,3.1259534812243146,0.0,36768.74046518776,0.9991505561192325
5994.0,2.0387625557750653,0.0,36779.61237444225,0.9994459884359307
5995.0,0.5795183471009295,0.0,36794.20481652899,0.9998425221882877
5996.0,1.3029455314972438,0.0,36786.97054468503,0.9996459387142671
5997.0,0.7717909042312385,0.0,36792.282090957684,0.9997902742108067
5998.0,1.7636973712633335,0.0,36782.36302628736,0.9995207344099827
5999.0,1.5681474340626664,0.0,36784.31852565937,0.9995738729798742
6000.0,3.3163220200513024,0.0,36766.83677979949,0.9990988255380295
6001.0,2.722626823403516,0.0,36772.77373176596,0.9992601557545099
6002.0,1.5851004646783622,0.0,36784.148995353215,0.9995692661780765
6003.0,0.7977739397174446,0.0,36792.022260602826,0.9997832136033377
6004.0,0.6651529463952102,0.0,36793.348470536046,0.9998192519167404
6005.0,1.0686600994249602,0.0,36789.313399005754,0.999709603233852
6006.0,0.2682773176275077,0.0,36797.317226823725,0.9999270985549925
6007.0,0.03060275134339463,0.0,36799.693972486566,0.9999916840349611
6008.0,3.3447432179636962,0.0,36766.55256782036,0.999091102386423
6009.0,2.0653722902752634,0.0,36779.34627709725,0.9994387575298165
6010.0,1.5695317642084774,0.0,36784.30468235791,0.9995734968032042
6011.0,1.8733999678825057,0.0,36781.26600032118,0.9994909239217712
6012.0,1.6503036518497538,0.0,36783.496963481506,0.9995515479206931
6013.0,1.3017694758345897,0.0,36786.982305241654,0.9996462582946102
6014.0,1.4674498850099553,0.0,36785.3255011499,0.9996012364442908
6015.0,2.8154180864021328,0.0,36771.84581913598,0.9992349407373908
6016.0,4.267888624039188,0.0,36757.32111375961,0.9988402476565111
6017.0,3.0467161951337403,0.0,36769.53283804866,0.9991720879904528
6018.0,1.6210417355632671,0.0,36783.78958264437,0.9995594995283796
6019.0,0.9843642026253292,0.0,36790.15635797375,0.9997325097275476
6020.0,1.0966408213753311,0.0,36789.03359178625,0.9997019997768002
6021.0,3.0409766326265526,0.0,36769.590233673734,0.9991736476541776
6022.0,2.2854553746064994,0.0,36777.14544625393,0.9993789523438569
6023.0,2.297345186662824,0.0,36777.02654813337,0.9993757214166676
6024.0,0.5330406751727423,0.0,36794.66959324827,0.9998551519904421
6025.0,1.5758864401905157,0.0,36784.241135598095,0.9995717699890787
6026.0,2.6684563829840044,0.0,36773.31543617016,0.9992748759828848
6027.0,0.519183275465366,0.0,36794.80816724535,0.9998589175881888
6028.0,0.2739662924186632,0.0,36797.260337075815,0.9999255526379298
6029.0,1.111831561186591,0.0,36788.881684388136,0.9996978718583732
6030.0,0.6271574698475888,0.0,36793.728425301524,0.9998295767744979
6031.0,0.9908451480341682,0.0,36790.09154851966,0.9997307486010777
6032.0,0.8157352038097088,0.0,36791.8426479619,0.9997783328250517
6033.0,1.2353259171995887,0.0,36787.646740828,0.9996643136094565
6034.0,3.466911970277579,0.0,36765.330880297224,0.9990579043559028
6035.0,2.3303474857339097,0.0,36776.69652514266,0.9993667534006158
6036.0,0.9236825931893691,0.0,36790.76317406811,0.9997489992953291
6037.0,1.5974318669932472,0.0,36784.025681330066,0.9995659152535344
6038.0,1.6229867063193524,0.0,36783.77013293681,0.9995589710037176
6039.0,1.5261282396659226,0.0,36784.73871760334,0.9995852912392211
6040.0,0.6977490511371798,0.0,36793.02250948863,0.9998103942795823
6041.0,1.3618414282609592,0.0,36786.38158571739,0.9996299343944943
6042.0,2.071032573845514,0.0,36779.28967426154,0.999437219409281
6043.0,0.3769559793163353,0.0,36796.23044020684,0.9998975663099685
6044.0,1.2986075362914562,0.0,36787.01392463708,0.9996471175173121
6045.0,2.2888344432185477,0.0,36777.111655567816,0.9993780341186906
6046.0,2.122933042352088,0.0,36778.77066957648,0.9994231160211
6047.0,0.5359348670708641,0.0,36794.64065132929,0.9998543655252524
6048.0,1.407282132002365,0.0,36785.92717867998,0.9996175863771734
6049.0,2.739517707266714,0.0,36772.60482292733,0.9992555658404165
6050.0,2.4478660131944707,0.0,36775.52133986806,0.9993348190181537
6051.0,2.665738504440924,0.0,36773.34261495559,0.9992756145368367
6052.0,0.5163579753580052,0.0,36794.83642024642,0.9998596853327832
6053.0,0.842747155559664,0.0,36791.572528444405,0.9997709926207718
6054.0,1.825382881124824,0.0,36781.74617118875,0.9995039720431727
6055.0,0.3354158778911369,0.0,36796.64584122109,0.999908854381008
6056.0,1.4018920161106507,0.0,36785.98107983889,0.9996190510825786
6057.0,2.5965842911145955,0.0,36774.034157088856,0.9992944064426319
6058.0,2.0287147128383367,0.0,36779.71285287161,0.999448718828033
6059.0,0.9822715049194812,0.0,36790.177284950805,0.9997330783954023
6060.0,1.4033427198273785,0.0,36785.96657280173,0.9996186568696122
6061.0,2.652353610525097,0.0,36773.47646389475,0.9992792517362704
6062.0,3.0656203131457005,0.0,36769.34379686855,0.9991669510018627
6063.0,3.6045705980750427,0.0,36763.95429401925,0.9990204971200882
6064.0,2.376217787683345,0.0,36776.23782212316,0.9993542886446511
6065.0,2.2022591304948946,0.0,36777.97740869505,0.9994015600188872
6066.0,1.1476441005434026,0.0,36788.523558994566,0.9996881401900697
6067.0,2.031027897534841,0.0,36779.68972102465,0.9994480902452352
6068.0,1.7362129279981673,0.0,36782.63787072002,0.9995282030086962
6069.0,1.4464465769278831,0.0,36785.53553423072,0.9996069438649653
6070.0,2.4324328185248305,0.0,36775.67567181475,0.9993390128210531
6071.0,2.430843661837571,0.0,36775.691563381624,0.9993394446571093
6072.0,0.5216849756116062,0.0,36794.783150243886,0.9998582377783665
6073.0,0.9875079877338067,0.0,36790.12492012266,0.9997316554381158
6074.0,0.7797218511841493,0.0,36792.20278148816,0.9997881190621782
6075.0,1.2224660338870308,0.0,36787.77533966113,0.9996678081429655
6076.0,0.3132931795298646,0.0,36796.8670682047,0.9999148659838234
6077.0,1.6901839811171158,0.0,36783.09816018883,0.9995407108746964
6078.0,0.9103386178576329,0.0,36790.896613821424,0.9997526253755822
6079.0,0.8699662271856141,0.0,36791.30033772814,0.9997635961339169
6080.0,0.522209912879589,0.0,36794.7779008712,0.9998580951323697
6081.0,0.8398141821171521,0.0,36791.60185817883,0.9997717896244247
6082.0,1.1896667838973372,0.0,36788.10333216103,0.9996767209826367
6083.0,0.6757978809828273,0.0,36793.24202119017,0.999816359271472
6084.0,1.234353307829224,0.0,36787.656466921704,0.9996645779054811
6085.0,0.768819249088665,0.0,36792.31180750911,0.9997910817257911
6086.0,0.23537359676083724,0.0,36797.64626403239,0.9999360397834888
6087.0,2.767618152382056,0.0,36772.32381847618,0.9992479298498962
6088.0,1.3568306253282572,0.0,36786.431693746716,0.999631296025726
6089.0,2.1609369288171365,0.0,36778.39063071183,0.9994127888780389
6090.0,0.6752592573948277,0.0,36793.24740742605,0.9998165056365775
6091.0,1.38665039638272,0.0,36786.13349603617,0.9996231928270699
6092.0,0.5579809710179688,0.0,36794.42019028982,0.9998483747361364
6093.0,1.932375054955628,0.0,36780.676249450444,0.9994748980828925
6094.0,6.122826339860694,0.0,36738.7717366014,0.9983361884946031
6095.0,4.055316939104159,0.0,36759.446830608955,0.9988980117013303
6096.0,1.0119259855964629,0.0,36789.880740144035,0.9997250201126097
6097.0,2.0811110915419704,0.0,36779.18888908458,0.9994344806816462
6098.0,2.766855331021361,0.0,36772.33144668979,0.9992481371383094
6099.0,2.0359106193163825,0.0,36779.640893806834,0.999446763418664
6100.0,2.118943943418344,0.0,36778.81056056582,0.9994242000153756
6101.0,3.2121041592063193,0.0,36767.878958407935,0.9991271456089112
6102.0,1.101717628458573,0.0,36788.982823715414,0.999700620209658
6103.0,1.305579833208867,0.0,36786.94420166791,0.9996452228714106
6104.0,2.2010923168036243,0.0,36777.98907683196,0.999401877087825
6105.0,1.737253788689486,0.0,36782.6274621131,0.9995279201661169
6106.0,0.23468233736821276,0.0,36797.65317662632,0.9999362276257152
6107.0,0.3680548773236296,0.0,36796.319451226766,0.9998999850876839
6108.0,1.4192680314008612,0.0,36785.80731968599,0.9996143293392933
6109.0,1.2159260227754203,0.0,36787.84073977225,0.999669585319898
6110.0,1.4397650574155705,0.0,36785.60234942584,0.9996087594952674
6111.0,0.9277691561419488,0.0,36790.72230843858,0.9997478888162656
6112.0,2.746812061296623,0.0,36772.53187938703,0.9992535836789954
6113.0,5.296025454935261,0.0,36747.039745450646,0.9985608626481154
6114.0,2.6501881829626655,0.0,36773.49811817038,0.9992798401676732
6115.0,1.070943332581919,0.0,36789.29056667418,0.9997089827900593
6116.0,1.0250614194410446,0.0,36789.74938580559,0.9997214507012389
6117.0,1.813866792032968,0.0,36781.86133207967,0.9995071014152085
6118.0,1.2054665895057042,0.0,36787.945334104945,0.9996724275571995
6119.0,1.2564346581493737,0.0,36787.435653418506,0.9996585775385464
6120.0,3.495617658876654,0.0,36765.04382341124,0.9990501038970445
6121.0,4.111317534896443,0.0,36758.88682465104,0.9988827941481261
6122.0,0.5226821198011748,0.0,36794.77317880199,0.9998579668152714
6123.0,1.4023589243579409,0.0,36785.97641075642,0.9996189242053375
6124.0,1.8195038283729446,0.0,36781.80496171627,0.9995055696118551
6125.0,2.0903784739984985,0.0,36779.09621526001,0.9994319623711959
6126.0,0.3952279394688958,0.0,36796.04772060531,0.9998926011034052
6127.0,3.0814824117314856,0.0,36769.18517588268,0.9991626406489859
6128.0,0.7033865430603328,0.0,36792.9661345694,0.9998088623524293
6129.0,2.1860878289262473,0.0,36778.13912171074,0.9994059543943136
6130.0,1.81907631114791,0.0,36781.80923688852,0.9995056857850141
6131.0,0.3324997972977144,0.0,36796.67500202703,0.9999096467942127
6132.0,1.6823323339240233,0.0,36783.17667666076,0.9995428444744772
6133.0,2.8669969610018597,0.0,36771.33003038998,0.9992209247388582
6134.0,3.283564225351256,0.0,36767.164357746486,0.9991077271126763
6135.0,1.8466834342398215,0.0,36781.5331656576,0.9994981838493914
6136.0,1.853882696992514,0.0,36781.461173030075,0.9994962275279912
6137.0,0.8081458903016028,0.0,36791.91854109698,0.9997803951385049
6138.0,3.020415729997694,0.0,36769.79584270003,0.999179234855979
6139.0,1.5178257994075466,0.0,36784.82174200592,0.9995875473371174
6140.0,1.89703977049885,0.0,36781.02960229501,0.9994845000623644
6141.0,0.9174520563647093,0.0,36790.82547943635,0.9997506923759879
6142.0,1.124983881690241,0.0,36788.750161183096,0.9996942978582363
6143.0,2.5619308406057826,0.0,36774.38069159394,0.9993038231411397
6144.0,3.03510695742807,0.0,36769.64893042572,0.9991752426746119
6145.0,1.40385982900807,0.0,36785.96140170992,0.9996185163508131
6146.0,4.235803450573258,0.0,36757.641965494266,0.9988489664536485
6147.0,1.7981600442353738,0.0,36782.018399557644,0.9995113695531969
6148.0,0.8629782139933013,0.0,36791.370217860065,0.9997654950505452
6149.0,0.5535550340173359,0.0,36794.46444965983,0.9998495774364083
6150.0,2.859072353267038,0.0,36771.409276467326,0.999223078164873
6151.0,1.2943616125621702,0.0,36787.05638387438,0.9996482713009341
6152.0,1.4678833004618355,0.0,36785.32116699538,0.9996011186683528
6153.0,1.8371343956923738,0.0,36781.628656043074,0.9995007786968226
6154.0,2.417834315469918,0.0,36775.8216568453,0.9993429798055787
6155.0,0.6778598745613635,0.0,36793.221401254385,0.99981579894713
6156.0,2.57643883244873,0.0,36774.23561167551,0.9992998807520519
6157.0,0.49853753960451286,0.0,36795.01462460395,0.9998645278424987
6158.0,2.1963476463724874,0.0,36778.03652353628,0.9994031664004424
6159.0,1.7724069502210114,0.0,36782.27593049779,0.9995183676765703
6160.0,1.4815989362487016,0.0,36785.18401063752,0.9995973915934108
6161.0,3.9995990539819104,0.0,36760.00400946018,0.9989131524309831
6162.0,3.5413047222327805,0.0,36764.586952777674,0.9990376889341759
6163.0,2.2167641816549803,0.0,36777.83235818345,0.9993976184288981
6164.0,2.1867706104940225,0.0,36778.13229389506,0.9994057688558441
6165.0,1.5910102225507217,0.0,36784.089897774495,0.9995676602656113
6166.0,2.45241034467017,0.0,36775.4758965533,0.99933358414547
6167.0,2.5897014843603756,0.0,36774.102985156394,0.9992962767705542
6168.0,1.2906873215779342,0.0,36787.093126784224,0.9996492697495714
6169.0,1.3209929887098042,0.0,36786.790070112904,0.9996410345139376
6170.0,0.2361520579606804,0.0,36797.63847942039,0.9999358282451193
6171.0,0.6154830239083822,0.0,36793.84516976091,0.9998327491782857
6172.0,2.0808665541553637,0.0,36779.19133445845,0.999434547132023
6173.0,2.1252006133872783,0.0,36778.74799386613,0.9994224998333187
6174.0,1.2389812485034781,0.0,36787.61018751496,0.9996633203129066
6175.0,3.0509573348872436,0.0,36769.49042665113,0.9991709355068241
6176.0,1.8139830781183264,0.0,36781.86016921882,0.9995070698157287
6177.0,2.0940991134939395,0.0,36779.059008865064,0.999430951327855
6178.0,0.1423528954746871,0.0,36798.57647104525,0.9999613171479688
6179.0,2.0712008878626875,0.0,36779.287991121375,0.9994371736717765
6180.0,1.0668018862006647,0.0,36789.33198113799,0.9997101081830976
6181.0,2.056091655292221,0.0,36779.439083447076,0.9994412794414966
6182.0,2.2843222352876182,0.0,36777.15677764712,0.99937926026215
6183.0,1.881431264641833,0.0,36781.18568735358,0.9994887415041733
6184.0,3.024154223201549,0.0,36769.75845776798,0.9991782189610864
6185.0,3.3902188709071197,0.0,36766.09781129093,0.9990787448720361
6186.0,3.7904118561400537,0.0,36762.095881438596,0.9989699967782227
6187.0,2.0223191177756235,0.0,36779.776808822244,0.999450456761474
6188.0,1.8801852298665835,0.0,36781.19814770133,0.9994890801005797
6189.0,0.4293583048220171,0.0,36795.70641695178,0.9998833265476028
6190.0,0.2757659384933504,0.0,36797.24234061506,0.9999250636036702
6191.0,1.7027847407052832,0.0,36782.97215259295,0.9995372867552432
6192.0,4.306423756506774,0.0,36756.935762434936,0.9988297761531233
6193.0,2.234374700695298,0.0,36777.656252993045,0.9993928329617675
6194.0,0.591620445308763,0.0,36794.08379554691,0.9998392335746443
6195.0,2.452410903767486,0.0,36775.47589096233,0.9993335839935414
6196.0,2.4651858886209084,0.0,36775.34814111379,0.999330112530266
6197.0,2.7610594672178195,0.0,36772.38940532782,0.9992497121012994
6198.0,0.2358387185013271,0.0,36797.64161281499,0.9999359133917116
6199.0,1.224361560347461,0.0,36787.756384396525,0.9996672930542534
6200.0,2.677820484235781,0.0,36773.221795157646,0.9992723313901534
6201.0,2.964763984135061,0.0,36770.35236015865,0.9991943576130068
6202.0,1.7955253614127287,0.0,36782.04474638587,0.9995120854996161
6203.0,3.130041976120083,0.0,36768.6995802388,0.9991494451151847
6204.0,1.2747832118748192,0.0,36787.25216788125,0.9996535915185122
6205.0,2.638164349030376,0.0,36773.618356509694,0.9992831075138504
6206.0,2.625059107616835,0.0,36773.74940892383,0.9992866687207563
6207.0,2.5130696116393665,0.0,36774.869303883606,0.999317100649011
6208.0,0.18564043469177705,0.0,36798.143595653084,0.9999495542297033
6209.0,1.1173396341700936,0.0,36788.8266036583,0.9996963750994103
6210.0,0.8843928903261258,0.0,36791.15607109674,0.9997596758450201
6211.0,1.4720185918795323,0.0,36785.27981408121,0.9995999949478589
6212.0,2.2402271600867607,0.0,36777.59772839913,0.9993912426195416
6213.0,2.29576458451902,0.0,36777.04235415481,0.9993761509281198
6214.0,0.2213760835074936,0.0,36797.786239164925,0.9999398434555686
6215.0,1.7810327167035211,0.0,36782.18967283297,0.9995160237182872
6216.0,0.780312893174596,0.0,36792.196871068256,0.9997879584529418
6217.0,0.22113061832624226,0.0,36797.788693816736,0.9999399101580635
6218.0,2.135068685635815,0.0,36778.649313143644,0.9994198182919468
6219.0,2.72355970231456,0.0,36772.764402976856,0.9992599022548059
6220.0,4.828068683679703,0.0,36751.7193131632,0.9986880248142174
6221.0,2.5521466688560395,0.0,36774.47853331144,0.999306481883463
6222.0,1.5995406384063244,0.0,36784.00459361594,0.9995653422178243
6223.0,2.0954544652258846,0.0,36779.04545534774,0.9994305830257538
6224.0,0.8983627118950608,0.0,36791.01637288105,0.9997558796978546
6225.0,0.37156517575567705,0.0,36796.28434824244,0.9998990312022403
6226.0,1.8211719492774137,0.0,36781.78828050723,0.9995051163181312
6227.0,1.7291795844603257,0.0,36782.708204155395,0.9995301142433531
6228.0,3.7929225547022725,0.0,36762.07077445298,0.9989693145231788
6229.0,3.724087138853065,0.0,36762.75912861147,0.9989880197992247
6230.0,1.454626269448454,0.0,36785.453737305514,0.9996047211224325
6231.0,2.0177352945756866,0.0,36779.82264705424,0.9994517023656044
6232.0,0.4065281003495329,0.0,36795.934718996505,0.9998895304075137
6233.0,2.6022990598266915,0.0,36773.97700940173,0.9992928535163513
6234.0,1.8617311972202515,0.0,36781.3826880278,0.9994940947833642
6235.0,1.8527477370025736,0.0,36781.47252262998,0.999496535941032
6236.0,1.4979968686757275,0.0,36785.020031313245,0.999592935633512
6237.0,1.788673345487041,0.0,36782.11326654513,0.9995139474604655
6238.0,0.3042087830426681,0.0,36796.95791216957,0.9999173345698253
6239.0,0.8940477188816658,0.0,36791.059522811185,0.999757052250304
6240.0,3.3167144461267526,0.0,36766.832855538734,0.999098718900509
6241.0,1.336308397430912,0.0,36786.63691602569,0.9996368727180893
6242.0,0.4632417959792292,0.0,36795.367582040206,0.9998741190771795
6243.0,1.416339712498484,0.0,36785.83660287502,0.9996151250781254
6244.0,1.4374139661385925,0.0,36785.625860338616,0.9996093983787667
6245.0,0.9432938912786994,0.0,36790.56706108721,0.9997436701382394
6246.0,1.6450613606803017,0.0,36783.5493863932,0.9995529724563369
6247.0,1.001977713508495,0.0,36789.98022286491,0.9997277234474161
6248.0,2.4501731075197313,0.0,36775.4982689248,0.9993341920903478
6249.0,0.7364982024200799,0.0,36792.6350179758,0.9997998646189077
6250.0,0.38450583761095913,0.0,36796.15494162389,0.9998955147180405
6251.0,0.6597100239969222,0.0,36793.40289976003,0.9998207309717401
6252.0,3.448192668219235,0.0,36765.518073317806,0.9990629911227664
6253.0,2.5063221215805243,0.0,36774.93677878419,0.9993189342060922
6254.0,4.30406888014204,0.0,36756.95931119858,0.9988304160651789
6255.0,1.0991116256363966,0.0,36789.008883743634,0.9997013283625987
6256.0,1.816120848272476,0.0,36781.83879151728,0.9995064888999261
6257.0,4.108548348590375,0.0,36758.914516514094,0.9988835466444047
6258.0,2.022963065870499,0.0,36779.77036934129,0.9994502817755786
6259.0,0.8056409590699332,0.0,36791.9435904093,0.9997810758263396
6260.0,2.9413073383357187,0.0,36770.58692661664,0.9992007317015391
6261.0,1.2968830575928223,0.0,36787.03116942407,0.9996475861256542
6262.0,2.282487506673533,0.0,36777.17512493327,0.9993797588297083
6263.0,2.5814428537587446,0.0,36774.18557146241,0.9992985209636525
6264.0,2.6193139027973302,0.0,36773.80686097203,0.9992882299177182
6265.0,1.9775625957163356,0.0,36780.22437404284,0.9994626188598598
6266.0,1.1323078096329482,0.0,36788.67692190367,0.9996923076604258
6267.0,2.9556442038438036,0.0,36770.44355796156,0.9991968358141728
6268.0,1.500840418613734,0.0,36784.99159581386,0.9995921629297244
6269.0,0.0,0.0,36800.0,1.0
6270.0,0.0,0.0,36800.0,1.0
6271.0,2.182471304412502,0.0,36778.17528695588,0.9994069371455401
6272.0,4.374449637783982,0.0,36756.25550362216,0.9988112908592979
6273.0,2.6455385882318296,0.0,36773.54461411768,0.9992811036445022
6274.0,1.9505267089807603,0.0,36780.49473291019,0.9994699655682118
6275.0,0.8636751886706406,0.0,36791.363248113295,0.9997653056552526
6276.0,1.0684182338309256,0.0,36789.31581766169,0.9997096689581981
6277.0,1.6417446641262359,0.0,36783.582553358734,0.9995538737325743
6278.0,1.1268651690725164,0.0,36788.73134830927,0.9996937866388389
6279.0,3.090276201958659,0.0,36769.097237980415,0.9991602510320765
6280.0,3.4198320687401065,0.0,36765.8016793126,0.9990706978074076
6281.0,1.83392884969453,0.0,36781.66071150306,0.9995016497691048
6282.0,1.8747744991414947,0.0,36781.252255008585,0.999490550407842
6283.0,1.446980888552389,0.0,36785.53019111448,0.9996067986715891
6284.0,2.6253187113625245,0.0,36773.74681288638,0.9992865981762602
6285.0,1.1217405528386735,0.0,36788.78259447162,0.9996951791975983
6286.0,0.7801899206997405,0.0,36792.198100793,0.9997879918693751
6287.0,3.040334088884265,0.0,36769.59665911116,0.9991738222584554
6288.0,2.885965677864988,0.0,36771.14034322135,0.9992157701962323
6289.0,2.5547002737521325,0.0,36774.45299726248,0.9993057879690892
6290.0,1.0311472908106225,0.0,36789.688527091894,0.999719796931845
6291.0,2.1921810933326924,0.0,36778.07818906667,0.9994042986159422
6292.0,2.4310313173791656,0.0,36775.68968682621,0.9993393936637558
6293.0,2.8549109439672975,0.0,36771.45089056033,0.9992242089826177
6294.0,3.0878271896826845,0.0,36769.12172810317,0.9991609165245428
6295.0,4.078137493037502,0.0,36759.218625069625,0.9988918104638485
6296.0,3.4128695076296935,0.0,36765.871304923705,0.9990725898077094
6297.0,2.0599836569599574,0.0,36779.4001634304,0.9994402218323478
6298.0,1.626210092897054,0.0,36783.73789907103,0.9995580950834518
6299.0,0.7928704258465586,0.0,36792.07129574154,0.9997845460799331
6300.0,0.0,0.0,36800.0,1.0
6301.0,0.7159544619808003,0.0,36792.840455380196,0.9998054471570705
6302.0,1.0992263746411481,0.0,36789.00773625359,0.999701297180804
6303.0,1.4510975969005813,0.0,36785.48902403099,0.9996056800008422
6304.0,2.5765428231443366,0.0,36774.23457176855,0.9992998524937107
6305.0,0.695111012892994,0.0,36793.04888987107,0.9998111111378007
6306.0,2.1318907940703866,0.0,36778.6810920593,0.9994206818494374
6307.0,4.77609600908545,0.0,36752.239039909146,0.9987021478236181
6308.0,1.8569374521712234,0.0,36781.430625478286,0.9994953974314752
6309.0,0.7228723733987863,0.0,36792.77127626601,0.9998035672898372
6310.0,0.0,0.0,36800.0,1.0
6311.0,0.0,0.0,36800.0,1.0
6312.0,1.046109912639622,0.0,36789.5389008736,0.9997157310020001
6313.0,1.3953775738582408,0.0,36786.046224261416,0.9996208213114515
6314.0,2.0779442338998706,0.0,36779.220557661,0.999435341240788
6315.0,1.4271368553918364,0.0,36785.72863144608,0.9996121910719044
6316.0,1.394878124114257,0.0,36786.05121875886,0.9996209570314908
6317.0,1.5191319230789304,0.0,36784.80868076921,0.9995871924122067
6318.0,0.6020105332099774,0.0,36793.9798946679,0.999836410181193
6319.0,0.552237900156797,0.0,36794.477620998434,0.9998499353532183
6320.0,0.32110030332478345,0.0,36796.78899696675,0.9999127444827922
6321.0,2.416917320824723,0.0,36775.83082679175,0.9993432289889064
6322.0,0.26549051330857765,0.0,36797.34509486691,0.9999278558387747
6323.0,1.75701865364681,0.0,36782.42981346353,0.9995225492789003
6324.0,3.9554188038409848,0.0,36760.44581196159,0.9989251579337388
6325.0,1.2977022363038486,0.0,36787.02297763696,0.9996473635227434
6326.0,0.2883241553654443,0.0,36797.11675844635,0.9999216510447377
6327.0,1.7383773324536378,0.0,36782.61622667546,0.9995276148553115
6328.0,1.6603326794902387,0.0,36783.3966732051,0.9995488226414428
6329.0,3.0924562362997676,0.0,36769.075437637,0.9991596586314403
6330.0,4.431723867246546,0.0,36755.68276132754,0.9987957272099874
6331.0,3.1226580970587747,0.0,36768.773419029414,0.9991514516040602
6332.0,3.8179458931363115,0.0,36761.820541068635,0.998962514702952
6333.0,1.9801649033070134,0.0,36780.19835096693,0.9994619117110579
6334.0,1.256693782073853,0.0,36787.43306217926,0.9996585071244365
6335.0,1.9039603623632502,0.0,36780.960396376366,0.9994826194667491
6336.0,2.098293965450466,0.0,36779.0170603455,0.999429811422432
6337.0,2.316389733440701,0.0,36776.83610266559,0.9993705462680867
6338.0,2.0940646485296384,0.0,36779.059353514705,0.9994309606933344
6339.0,3.7701680248082994,0.0,36762.29831975192,0.9989754978193457
6340.0,1.2236409233428276,0.0,36787.76359076657,0.9996674888795263
6341.0,2.4588037465236994,0.0,36775.41196253477,0.99933184680801
6342.0,1.3240734746877934,0.0,36786.759265253124,0.9996401974253566
6343.0,2.345151291488037,0.0,36776.54848708512,0.9993627306273131
6344.0,1.6569146882502537,0.0,36783.4308531175,0.9995497514434103
6345.0,1.7475775051134406,0.0,36782.524224948866,0.9995251148083931
6346.0,3.0621203140517537,0.0,36769.378796859484,0.999167902088573
6347.0,2.5047670428020865,0.0,36774.95232957198,0.9993193567818472
6348.0,2.133456968993414,0.0,36778.665430310066,0.9994202562584257
6349.0,0.04317390306005109,0.0,36799.5682609694,0.9999882679611249
6350.0,0.6007136212947444,0.0,36793.992863787054,0.9998367626029091
6351.0,2.7222979044972817,0.0,36772.77702095503,0.9992602451346475
6352.0,2.135182460472606,0.0,36778.648175395276,0.9994197873748716
6353.0,0.5483685755334591,0.0,36794.51631424467,0.9998509868001269
6354.0,1.2326425028122685,0.0,36787.67357497188,0.9996650427981489
6355.0,2.3605124451396478,0.0,36776.394875548605,0.9993585564007773
6356.0,3.416422045037507,0.0,36765.83577954963,0.9990716244442833
6357.0,0.7659464197513444,0.0,36792.34053580249,0.9997918623859372
6358.0,1.7094799704073012,0.0,36782.90520029593,0.9995354673993458
6359.0,0.5307743980201849,0.0,36794.6922560198,0.999855767826625
6360.0,2.1661111646462814,0.0,36778.33888835354,0.999411382835694
6361.0,3.520737291300975,0.0,36764.792627086994,0.9990432779099726
6362.0,3.700467559300705,0.0,36762.99532440699,0.9989944381632334
6363.0,2.708543361003649,0.0,36772.91456638996,0.999263982782336
6364.0,2.7307566542322093,0.0,36772.692433457676,0.9992579465613499
6365.0,0.2537844202315682,0.0,36797.462155797686,0.9999310368423284
6366.0,0.9420978570360603,0.0,36790.57902142964,0.9997439951475446
6367.0,0.7115366068601361,0.0,36792.8846339314,0.9998066476611792
6368.0,1.2919066122613003,0.0,36787.08093387738,0.9996489384205811
6369.0,1.6687549000889703,0.0,36783.31245099911,0.9995465339945411
6370.0,2.2697537535914307,0.0,36777.30246246408,0.9993832190886979
6371.0,1.6563920626622348,0.0,36783.43607937338,0.9995498934612331
6372.0,2.05924864714234,0.0,36779.407513528575,0.9994404215632765
6373.0,2.359524059997966,0.0,36776.40475940002,0.9993588249836962
6374.0,0.8967182655087527,0.0,36791.03281734491,0.9997563265582856
6375.0,2.263644526072312,0.0,36777.36355473928,0.9993848792048716
6376.0,1.2695011155219618,0.0,36787.30498884478,0.999655026870782
6377.0,0.5761598521612541,0.0,36794.23840147839,0.9998434348227823
6378.0,0.4096996690868764,0.0,36795.90300330913,0.9998886685681829
6379.0,0.5911485212909611,0.0,36794.08851478709,0.9998393618148664
6380.0,1.3590409026783163,0.0,36786.40959097321,0.9996306954068808
6381.0,1.8539555158549774,0.0,36781.46044484145,0.9994962077402567
6382.0,1.794930032895536,0.0,36782.05069967105,0.9995122472736697
6383.0,0.9699837137968643,0.0,36790.30016286203,0.999736417469077
6384.0,3.0884308847271313,0.0,36769.11569115273,0.9991607524769763
6385.0,1.494282417523209,0.0,36785.05717582477,0.9995939449952382
6386.0,1.667154957686762,0.0,36783.328450423134,0.9995469687614982
6387.0,1.3686712843464193,0.0,36786.31328715653,0.9996280784553405
6388.0,2.5744900767349463,0.0,36774.25509923265,0.9993004103052351
6389.0,0.8537885775622271,0.0,36791.46211422438,0.9997679922343581
6390.0,2.6574857735631667,0.0,36773.42514226437,0.9992778571267492
6391.0,4.015949435462062,0.0,36759.84050564538,0.9989087093925374
6392.0,2.1933414237646502,0.0,36778.06658576235,0.9994039833087596
6393.0,1.4252208752213846,0.0,36785.747791247784,0.9996127117186898
6394.0,1.4246773460263285,0.0,36785.75322653974,0.9996128594168407
6395.0,1.2231363661712749,0.0,36787.76863633829,0.9996676259874535
6396.0,0.9917306718352847,0.0,36790.08269328165,0.99973050796961
6397.0,2.161658055037151,0.0,36778.38341944963,0.9994125929198269
6398.0,1.9260082533328386,0.0,36780.73991746667,0.9994766281920291
6399.0,0.008231895350036211,0.0,36799.9176810465,0.9999977630719158
6400.0,1.221574228477948,0.0,36787.78425771522,0.9996680504813918
6401.0,2.7178440560992385,0.0,36772.821559439006,0.9992614554195381
6402.0,2.175054366551194,0.0,36778.24945633449,0.999408952617785
6403.0,1.2073945097736214,0.0,36787.926054902266,0.9996719036658225
6404.0,1.9450078303725604,0.0,36780.54992169628,0.9994714652634858
6405.0,2.978713625236196,0.0,36770.21286374764,0.9991905669496641
6406.0,3.991437789766678,0.0,36760.085622102335,0.9989153701658243
6407.0,2.5779361255345066,0.0,36774.22063874466,0.9992994738789309
6408.0,3.4405931083210817,0.0,36765.59406891679,0.999065056220565
6409.0,1.411707844787088,0.0,36785.882921552125,0.9996163837378295
6410.0,1.3683552304582918,0.0,36786.31644769542,0.9996281643395494
6411.0,0.17172969912462577,0.0,36798.28270300875,0.99995333432089
6412.0,1.238290191622582,0.0,36787.61709808378,0.9996635081001026
6413.0,1.4546115403045405,0.0,36785.45388459695,0.9996047251249172
6414.0,0.5498227162661351,0.0,36794.501772837335,0.9998505916531885
6415.0,1.4039822232753068,0.0,36785.96017776725,0.9996184830915014
6416.0,4.3896016528087785,0.0,36756.10398347191,0.9988071734639107
6417.0,2.033212767096302,0.0,36779.66787232904,0.9994474965306804
6418.0,3.0259521931984636,0.0,36769.740478068015,0.9991777303822831
6419.0,1.7552856195361528,0.0,36782.44714380464,0.9995230202120826
6420.0,0.5294032577785401,0.0,36794.70596742221,0.9998561404190818
6421.0,2.239114759822769,0.0,36777.60885240177,0.9993915449022219
6422.0,0.23586191354388575,0.0,36797.64138086456,0.9999359070887108
6423.0,0.18472744602513558,0.0,36798.15272553975,0.9999498023244497
6424.0,1.5662725207512267,0.0,36784.33727479249,0.9995743824671872
6425.0,0.2520921035511492,0.0,36797.47907896449,0.9999314967109916
6426.0,0.0,0.0,36800.0,1.0
6427.0,0.5041017939420271,0.0,36794.958982060576,0.9998630158168634
6428.0,1.8332025913650796,0.0,36781.66797408635,0.9995018471219116
6429.0,1.4770104566468945,0.0,36785.22989543353,0.9995986384628676
6430.0,1.6273937331970956,0.0,36783.72606266803,0.999557773442066
6431.0,3.9157607200604616,0.0,36760.84239279939,0.9989359345869401
6432.0,1.7765077310823472,0.0,36782.234922689175,0.9995172533339449
6433.0,1.9403012678812956,0.0,36780.59698732119,0.9994727442206844
6434.0,1.8680963015649468,0.0,36781.31903698435,0.9994923651354443
6435.0,1.0811134880286772,0.0,36789.188865119715,0.9997062191608618
6436.0,0.33130886994695175,0.0,36796.68691130053,0.9999099704157753
6437.0,3.0609879381372593,0.0,36769.39012061863,0.9991682097994192
6438.0,1.836966255351399,0.0,36781.630337446484,0.9995008243871327
6439.0,3.8566580821006937,0.0,36761.433419179,0.9989519950863858
6440.0,2.3944833524710702,0.0,36776.055166475286,0.9993493251759589
6441.0,1.9364894157351955,0.0,36780.63510584265,0.999473780050072
6442.0,0.6631430401293983,0.0,36793.36856959871,0.9998197980869215
6443.0,1.8937357074037209,0.0,36781.062642925965,0.9994853979055969
6444.0,1.052238801187741,0.0,36789.47761198812,0.9997140655431555
6445.0,2.795953178227137,0.0,36772.04046821773,0.9992402301146123
6446.0,3.009051071199792,0.0,36769.909489288,0.9991823230784783
6447.0,3.8354601204164283,0.0,36761.64539879584,0.9989577554020608
6448.0,0.47730264563142555,0.0,36795.226973543686,0.9998702981941219
6449.0,1.195680660983271,0.0,36788.04319339017,0.9996750867769069
6450.0,1.6955415296833962,0.0,36783.044584703166,0.9995392550191078
6451.0,1.7316375026302921,0.0,36782.683624973695,0.999529446330807
6452.0,2.254561272382489,0.0,36777.45438727617,0.9993873474803308
6453.0,0.15391150052892044,0.0,36798.46088499471,0.9999581762226823
6454.0,1.8406090627686353,0.0,36781.593909372314,0.9994998344938129
6455.0,0.036902498966810526,0.0,36799.63097501033,0.9999899721470199
6456.0,0.0,0.0,36800.0,1.0
6457.0,2.2997118966304697,0.0,36777.002881033695,0.9993750782889591
6458.0,2.019425028333899,0.0,36779.80574971666,0.9994512431988223
6459.0,0.8988716552048572,0.0,36791.01128344795,0.9997557413980421
6460.0,1.3923945087371976,0.0,36786.07605491263,0.9996216319269736
6461.0,0.9556693393096793,0.0,36790.4433066069,0.9997403072447528
6462.0,1.537565575787994,0.0,36784.62434424212,0.9995821832674489
6463.0,1.9156330451069152,0.0,36780.84366954893,0.9994794475420905
6464.0,2.5470183831657778,0.0,36774.529816168346,0.9993078754393572
6465.0,0.4526011737798399,0.0,36795.4739882622,0.9998770105506033
6466.0,2.667546368155854,0.0,36773.32453631844,0.9992751232695228
6467.0,3.4177347709673995,0.0,36765.82265229033,0.9990712677252807
6468.0,1.1254815585152755,0.0,36788.745184414845,0.9996941626199686
6469.0,1.958946325488796,0.0,36780.41053674511,0.9994676776289433
6470.0,0.8432298491461552,0.0,36791.56770150854,0.9997708614540364
6471.0,0.3384125354814387,0.0,36796.615874645184,0.9999080400718799
6472.0,3.286846065887403,0.0,36767.13153934113,0.9991068353081828
6473.0,2.0706528099381103,0.0,36779.293471900615,0.9994373226059949
6474.0,0.3108703115476601,0.0,36796.891296884525,0.9999155243718622
6475.0,0.8321075037765695,0.0,36791.67892496224,0.9997738838304956
6476.0,3.4733174252951358,0.0,36765.26682574705,0.9990561637431263
6477.0,2.554956568763373,0.0,36774.45043431237,0.9993057183237057
6478.0,2.75396525020642,0.0,36772.46034749794,0.9992516398776613
6479.0,1.4020906328914862,0.0,36785.979093671085,0.9996189971106273
6480.0,0.0,0.0,36800.0,1.0
6481.0,2.1293242007395747,0.0,36778.70675799261,0.9994213792932773
6482.0,3.3981793638722593,0.0,36766.018206361274,0.9990765816945998
6483.0,1.8834130604300299,0.0,36781.1658693957,0.9994882029727092
6484.0,1.607515157369562,0.0,36783.92484842631,0.9995631752289758
6485.0,1.7458789262727805,0.0,36782.54121073727,0.9995255763787301
6486.0,1.221428530011508,0.0,36787.78571469989,0.9996680900733664
6487.0,3.2910308218361024,0.0,36767.08969178164,0.9991056981462403
6488.0,1.7876207988465467,0.0,36782.12379201154,0.9995142334785744
6489.0,1.365152979470622,0.0,36786.348470205296,0.9996290345164482
6490.0,0.8679899568751352,0.0,36791.32010043125,0.9997641331638927
6491.0,2.0964372018006543,0.0,36779.035627982,0.9994303159777717
6492.0,3.539890188015306,0.0,36764.60109811985,0.9990380733184742
6493.0,2.1032502084663065,0.0,36778.967497915335,0.9994284646172645
6494.0,0.0,0.0,36800.0,1.0
6495.0,0.9825133255444598,0.0,36790.17486674456,0.999733012683276
6496.0,0.018386915698101802,0.0,36799.81613084302,0.9999950035555168
6497.0,0.0,0.0,36800.0,1.0
6498.0,0.7447278737217857,0.0,36792.55272126278,0.9997976282951841
6499.0,3.4390566108158964,0.0,36765.60943389184,0.9990654737470609
6500.0,2.031969288752407,0.0,36779.680307112474,0.9994478344324041
6501.0,2.397916298632481,0.0,36776.020837013675,0.9993483923101543
6502.0,3.2737797337140364,0.0,36767.26220266286,0.9991103859419256
6503.0,1.969648005736417,0.0,36780.30351994264,0.9994647695636586
6504.0,1.321222939164727,0.0,36786.78777060835,0.9996409720274009
6505.0,2.742440286265264,0.0,36772.575597137344,0.9992547716613409
6506.0,2.7070388254214777,0.0,36772.929611745785,0.9992643916235268
6507.0,2.697540530504739,0.0,36773.02459469495,0.999266972681928
6508.0,0.709354371982954,0.0,36792.90645628017,0.9998072406597873
6509.0,0.0,0.0,36800.0,1.0
6510.0,1.0702047368986314,0.0,36789.297952631016,0.999709183495408
6511.0,0.9334197953612602,0.0,36790.66580204639,0.9997463533164779
6512.0,1.730940429803013,0.0,36782.69059570197,0.9995296357527709
6513.0,1.273222105334753,0.0,36787.267778946654,0.999654015732246
6514.0,0.6151893056812696,0.0,36793.84810694319,0.9998328289930214
6515.0,1.0945458133583088,0.0,36789.05454186642,0.999702569072457
6516.0,3.2769747512547838,0.0,36767.230252487454,0.9991095177306374
6517.0,3.590837428509076,0.0,36764.09162571491,0.9990242289596443
6518.0,2.1862201640014973,0.0,36778.13779835998,0.9994059184336952
6519.0,1.255041422242357,0.0,36787.44958577758,0.9996589561352602
6520.0,0.03887592441151355,0.0,36799.61124075588,0.9999894358901055
6521.0,1.3490025426517605,0.0,36786.509974573484,0.9996334232221056
6522.0,2.1874407296754725,0.0,36778.12559270325,0.9994055867582404
6523.0,0.8381768436192942,0.0,36791.61823156381,0.9997722345533643
6524.0,1.9605546621369285,0.0,36780.39445337863,0.9994672405809409
6525.0,1.4303686202447352,0.0,36785.696313797554,0.9996113128749335
6526.0,3.0465944322713767,0.0,36769.534055677286,0.9991721210781871
6527.0,2.8965953316974264,0.0,36771.034046683024,0.999212881703343
6528.0,0.6017331041130092,0.0,36793.982668958866,0.9998364855695344
6529.0,0.6712119555786558,0.0,36793.287880444215,0.9998176054468537
6530.0,0.13862527415585646,0.0,36798.61374725844,0.9999623300885445
6531.0,1.1232522387972494,0.0,36788.767477612026,0.9996947684133702
6532.0,0.7413083639321485,0.0,36792.58691636068,0.999798557509801
6533.0,0.38708589111865876,0.0,36796.129141088815,0.9998948136165439
6534.0,1.6157326681886843,0.0,36783.84267331811,0.9995609422097312
6535.0,0.0,0.0,36800.0,1.0
6536.0,0.9122543270004826,0.0,36790.87745673,0.9997521048024456
6537.0,0.0884498328778136,0.0,36799.11550167122,0.9999759647193267
6538.0,2.3553186076860584,0.0,36776.44681392314,0.9993599677696505
6539.0,4.744145959976777,0.0,36752.558540400234,0.9987108299021803
6540.0,2.212286943878098,0.0,36777.87713056122,0.9993988350695983
6541.0,3.130177876460948,0.0,36768.69822123539,0.9991494081857443
6542.0,1.5787482923697098,0.0,36784.2125170763,0.9995709923118561
6543.0,1.4623745109811352,0.0,36785.37625489019,0.9996026156220159
6544.0,0.9162117803425645,0.0,36790.837882196574,0.9997510294075156
6545.0,2.629391006638798,0.0,36773.706089933614,0.999285491574283
6546.0,2.7861730102940783,0.0,36772.138269897056,0.9992428877689418
6547.0,4.476079541062063,0.0,36755.23920458938,0.9987836740377549
6548.0,3.937115714750689,0.0,36760.62884285249,0.9989301315992525
6549.0,2.4681148069767005,0.0,36775.318851930235,0.999329316628539
6550.0,2.855905688336861,0.0,36771.44094311663,0.9992239386716475
6551.0,0.8003303929926915,0.0,36791.99669607007,0.9997825189149475
6552.0,0.7034007414804364,0.0,36792.965992585196,0.9998088584941629
6553.0,1.1748321531731563,0.0,36788.25167846827,0.9996807521322899
6554.0,2.6845695945048647,0.0,36773.15430405495,0.9992704973927976
6555.0,1.2627447776167173,0.0,36787.37255222383,0.9996568628321694
6556.0,1.8068238443038354,0.0,36781.93176155696,0.9995090152597
6557.0,0.2934504890599783,0.0,36797.065495109404,0.9999202580192773
6558.0,1.870062910683373,0.0,36781.29937089317,0.9994918307307926
6559.0,3.5589982209876325,0.0,36764.41001779013,0.99903288091821
6560.0,2.375960200307418,0.0,36776.240397996924,0.9993543586412208
6561.0,0.7912595603293084,0.0,36792.087404396705,0.9997849838151278
6562.0,0.43770143892106717,0.0,36795.62298561079,0.9998810593915975
6563.0,1.421635058701213,0.0,36785.78364941299,0.999613686125353
6564.0,1.0253034400593606,0.0,36789.74696559941,0.9997213849347665
6565.0,3.0024181487397072,0.0,36769.975818512605,0.9991841255030599
6566.0,1.3308884538655548,0.0,36786.69111546135,0.999638345528841
6567.0,5.499519049141782,0.0,36745.00480950858,0.9985055654757766
6568.0,3.990314682395365,0.0,36760.096853176045,0.9989156753580447
6569.0,2.181752489072096,0.0,36778.18247510928,0.9994071324757956
6570.0,1.3503222396730052,0.0,36786.49677760327,0.9996330646087845
6571.0,0.0,0.0,36800.0,1.0
6572.0,0.43412737538437796,0.0,36795.658726246154,0.9998820306045151
6573.0,1.6650574854566003,0.0,36783.34942514543,0.999547538726778
6574.0,2.9907964773146887,0.0,36770.09203522685,0.999187283565947
6575.0,3.23650397613892,0.0,36767.63496023861,0.9991205152238752
6576.0,2.0572164944296674,0.0,36779.4278350557,0.9994409737786875
6577.0,5.879273041762644,0.0,36741.20726958237,0.9984023714560427
6578.0,3.6750725995389075,0.0,36763.249274004615,0.9990013389675167
6579.0,1.709478384729664,0.0,36782.90521615271,0.9995354678302366
6580.0,2.1260504001438676,0.0,36778.73949599856,0.9994222689130043
6581.0,1.7419081556590754,0.0,36782.58091844341,0.999526655392484
6582.0,2.1171574917179896,0.0,36778.82842508282,0.9994246854642072
6583.0,1.9963288143680984,0.0,36780.036711856315,0.9994575193439216
6584.0,3.1868075362017407,0.0,36768.131924637986,0.9991340196912496
6585.0,2.231348929307387,0.0,36777.686510706924,0.9993936551822534
6586.0,0.33664305051934207,0.0,36796.63356949481,0.999908520910185
6587.0,1.6654094527293637,0.0,36783.34590547271,0.9995474430834974
6588.0,0.0,0.0,36800.0,1.0
6589.0,0.8423273760299708,0.0,36791.5767262397,0.9997711066912962
6590.0,2.6782317402830813,0.0,36773.21768259717,0.9992722196357926
6591.0,2.488612369610564,0.0,36775.11387630389,0.9993237466386927
6592.0,2.9341388479333546,0.0,36770.65861152067,0.9992026796608877
6593.0,4.559425597261907,0.0,36754.40574402738,0.998761025652918
6594.0,1.3710317710319941,0.0,36786.28968228968,0.9996274370187413
6595.0,1.540532229962082,0.0,36784.59467770038,0.9995813771114233
6596.0,2.6114068081506048,0.0,36773.88593191849,0.9992903785847417
6597.0,0.6588162805473985,0.0,36793.41183719452,0.9998209738368077
6598.0,3.6363108954537893,0.0,36763.63689104546,0.9990118720392789
6599.0,0.7122301457120557,0.0,36792.87769854288,0.9998064591995347
6600.0,0.0,0.0,36800.0,1.0
6601.0,0.0,0.0,36800.0,1.0
6602.0,1.4251280533180761,0.0,36785.74871946682,0.9996127369420332
6603.0,0.5772416569307097,0.0,36794.22758343069,0.9998431408540949
6604.0,1.626677931642007,0.0,36783.73322068358,0.999557967953358
6605.0,1.828832217451236,0.0,36781.711677825486,0.9995030347235186
6606.0,1.320500560887922,0.0,36786.79499439112,0.9996411683258457
6607.0,1.5094099128173184,0.0,36784.905900871825,0.9995898342628213
6608.0,0.7976301305170637,0.0,36792.02369869483,0.9997832526819247
6609.0,1.086911503902229,0.0,36789.13088496098,0.9997046436130701
6610.0,2.0814217439692584,0.0,36779.18578256031,0.9994343962652258
6611.0,1.765058477142702,0.0,36782.34941522857,0.9995203645442546
6612.0,0.6646347983287342,0.0,36793.35365201671,0.9998193927178454
6613.0,1.8661074145356906,0.0,36781.338925854645,0.9994929055938763
6614.0,2.8544525281677124,0.0,36771.45547471832,0.9992243335521283
6615.0,3.848967977078246,0.0,36761.510320229216,0.9989540847888374
6616.0,1.8038224431784329,0.0,36781.96177556821,0.9995098308578318
6617.0,1.372488025169332,0.0,36786.27511974831,0.9996270412975083
6618.0,2.385211898991656,0.0,36776.14788101008,0.9993518445926652
6619.0,1.4441744007272064,0.0,36785.55825599273,0.9996075613041502
6620.0,2.0127986667957884,0.0,36779.872013332046,0.9994530438405447
6621.0,1.294924955605893,0.0,36787.050750443945,0.9996481182185855
6622.0,0.48144355356089363,0.0,36795.185564464395,0.9998691729474021
6623.0,1.3776620700855347,0.0,36786.22337929915,0.9996256353070421
6624.0,3.644160278739946,0.0,36763.558397212604,0.9990097390546904
6625.0,0.9857145658279478,0.0,36790.14285434172,0.9997321427810251
6626.0,1.4860972839005626,0.0,36785.13902716099,0.9995961692163313
6627.0,1.0294251103759962,0.0,36789.70574889624,0.9997202649156587
6628.0,4.17527014551888,0.0,36758.24729854481,0.9988654157213264
6629.0,1.9901742045540232,0.0,36780.09825795446,0.9994591917922407
6630.0,1.786566839759871,0.0,36782.1343316024,0.9995145198805
6631.0,1.3190778111702457,0.0,36786.809221888296,0.9996415549426168
6632.0,2.150505122931463,0.0,36778.49494877068,0.999415623607899
6633.0,2.256889452840369,0.0,36777.431105471594,0.9993867148225977
6634.0,3.0531020385578813,0.0,36769.46897961442,0.9991703527069137
6635.0,1.593257662662836,0.0,36784.06742337337,0.9995670495481895
6636.0,1.0427774655508983,0.0,36789.57222534449,0.9997166365582743
6637.0,0.15044857850989501,0.0,36798.4955142149,0.9999591172341005
6638.0,1.2377590614596556,0.0,36787.6224093854,0.9996636524289512
6639.0,1.0366232705200673,0.0,36789.6337672948,0.9997183088938805
6640.0,2.722449476267684,0.0,36772.775505237325,0.9992602039466665
6641.0,2.545936056219034,0.0,36774.54063943781,0.9993081695499404
6642.0,1.4719182032013123,0.0,36785.280817967985,0.9996000222273909
6643.0,0.8759997338565881,0.0,36791.240002661434,0.9997619565940608
6644.0,3.109204914766451,0.0,36768.907950852335,0.9991551073601178
6645.0,1.02200829600406,0.0,36789.77991703996,0.9997222803543467
6646.0,1.017457022850067,0.0,36789.8254297715,0.999723517113356
6647.0,0.9856079268629401,0.0,36790.14392073137,0.9997321717590045
6648.0,1.9048478877275556,0.0,36780.951521122726,0.9994823782913784
6649.0,1.6756764592682885,0.0,36783.24323540732,0.9995446531360684
6650.0,1.6798860829130717,0.0,36783.201139170866,0.9995435092165996
6651.0,0.7482123475319895,0.0,36792.51787652468,0.9997966814273012
6652.0,0.795785274462105,0.0,36792.04214725538,0.9997837540015049
6653.0,2.1629414835169882,0.0,36778.37058516483,0.9994122441620876
6654.0,1.7289166478285551,0.0,36782.71083352171,0.9995301856935248
6655.0,3.186961513230017,0.0,36768.1303848677,0.9991339778496657
6656.0,1.1391670316616,0.0,36788.60832968338,0.9996904437413963
6657.0,0.5501686700081336,0.0,36794.49831329992,0.9998504976440196
6658.0,1.7370865976099594,0.0,36782.6291340239,0.9995279655984755
6659.0,0.9751211231796333,0.0,36790.24878876821,0.9997350214339187
6660.0,2.3480317393286896,0.0,36776.51968260671,0.9993619478969215
6661.0,2.0362920452389517,0.0,36779.63707954761,0.9994466597703155
6662.0,0.6915732484430919,0.0,36793.08426751557,0.9998120724868362
6663.0,1.788704369885636,0.0,36782.11295630114,0.9995139390299224
6664.0,1.3339242665178972,0.0,36786.66075733482,0.9996375205797506
6665.0,3.472026795177044,0.0,36765.27973204823,0.9990565144578323
6666.0,1.0897129458435302,0.0,36789.10287054157,0.999703882351673
6667.0,0.786822278980253,0.0,36792.1317772102,0.9997861895981032
6668.0,1.850233730590844,0.0,36781.49766269409,0.9994972190949482
6669.0,0.36619723236162827,0.0,36796.338027676386,0.9999004898825105
6670.0,0.2847158149979805,0.0,36797.152841850024,0.9999226315720116
6671.0,1.6372905353409806,0.0,36783.62709464659,0.9995550840936573
6672.0,3.1290227277422673,0.0,36768.70977272258,0.9991497220848526
6673.0,3.873588869928426,0.0,36761.26411130071,0.9989473943288237
6674.0,4.089239022743641,0.0,36759.10760977256,0.9988887937438196
6675.0,5.185687606259307,0.0,36748.14312393741,0.9985908457591687
6676.0,1.447395151274577,0.0,36785.526048487256,0.9996066861001972
6677.0,2.919812779427957,0.0,36770.80187220572,0.9992065726142858
6678.0,1.397953204177611,0.0,36786.020467958224,0.9996201214119083
6679.0,4.806348003723542,0.0,36751.936519962765,0.9986939271729012
6680.0,5.898540581368252,0.0,36741.014594186316,0.9983971357115846
6681.0,2.996420340340592,0.0,36770.035796596596,0.9991857553422988
6682.0,1.827516809887129,0.0,36781.72483190113,0.9995033921712263
6683.0,0.7159270162565008,0.0,36792.84072983744,0.9998054546151477
6684.0,2.974399345085658,0.0,36770.25600654914,0.9991917393084006
6685.0,1.4306163129576817,0.0,36785.69383687042,0.999611245567131
6686.0,2.8877049484899544,0.0,36771.1229505151,0.999215297568345
6687.0,1.5121112122951672,0.0,36784.87888787705,0.9995891002140502
6688.0,0.7765818368425244,0.0,36792.234181631575,0.999788972326945
6689.0,1.5135311312669728,0.0,36784.86468868733,0.9995887143665035
6690.0,1.8690343209000275,0.0,36781.309656790996,0.9994921102388857
6691.0,0.9039296837099755,0.0,36790.9607031629,0.9997543669337744
6692.0,2.1783126937953057,0.0,36778.21687306205,0.999408067202773
6693.0,2.6837713961103873,0.0,36773.162286038896,0.9992707142945352
6694.0,3.5967162762626685,0.0,36764.03283723738,0.9990226314466678
6695.0,2.6875990361822915,0.0,36773.12400963818,0.9992696741749506
6696.0,2.2178933486420647,0.0,36777.82106651358,0.9993973115900429
6697.0,1.6727446001432327,0.0,36783.27255399857,0.9995454498369176
6698.0,0.9887011061000521,0.0,36790.112988939,0.9997313312211684
6699.0,0.0,0.0,36800.0,1.0
6700.0,1.7222613736030326,0.0,36782.77738626397,0.9995319941919558
6701.0,4.390739772606139,0.0,36756.09260227394,0.9988068641922265
6702.0,2.8406042356400576,0.0,36771.5939576436,0.9992280966750978
6703.0,1.3179982177616694,0.0,36786.820017822385,0.9996418483103909
6704.0,1.4419599885522985,0.0,36785.58040011448,0.9996081630465891
6705.0,1.2574404057904758,0.0,36787.4255959421,0.9996583042375571
6706.0,1.0442897271368565,0.0,36789.557102728635,0.999716225617626
6707.0,1.2194633114804674,0.0,36787.80536688519,0.9996686241001411
6708.0,1.533355720864165,0.0,36784.66644279136,0.9995833272497652
6709.0,1.0773867843117841,0.0,36789.22613215688,0.9997072318520891
6710.0,3.8373922593937095,0.0,36761.626077406065,0.9989572303642953
6711.0,3.9103716225899916,0.0,36760.8962837741,0.9989373990156005
6712.0,1.025335816038023,0.0,36789.74664183962,0.9997213761369462
6713.0,1.6630336292664651,0.0,36783.36966370734,0.9995480886876994
6714.0,2.3584109157882267,0.0,36776.415890842116,0.9993591274685357
6715.0,2.8768817331110768,0.0,36771.23118266889,0.9992182386594807
6716.0,1.5620809465162893,0.0,36784.37919053483,0.9995755214819249
6717.0,1.9023097266272089,0.0,36780.97690273373,0.9994830680090688
6718.0,1.2027977266516245,0.0,36787.972022733484,0.9996731527916708
6719.0,2.5011148181065437,0.0,36774.98885181893,0.9993203492342101
6720.0,2.1000602144886216,0.0,36778.999397855114,0.9994293314634541
6721.0,1.2038966169584455,0.0,36787.96103383042,0.9996728541801745
6722.0,3.532682295534869,0.0,36764.67317704465,0.999040031984909
6723.0,1.9145436455564777,0.0,36780.85456354443,0.9994797435745769
6724.0,2.5117197309928088,0.0,36774.882802690074,0.9993174674644042
6725.0,3.288864776016453,0.0,36767.11135223984,0.9991062867456477
6726.0,1.253390201412003,0.0,36787.46609798588,0.9996594048365729
6727.0,2.799202110331862,0.0,36772.00797889668,0.9992393472526273
6728.0,2.036761527071576,0.0,36779.63238472928,0.9994465321937305
6729.0,2.943468960960672,0.0,36770.56531039039,0.9992001443040867
6730.0,1.7917018687576274,0.0,36782.08298131242,0.9995131244921853
6731.0,2.274352705741876,0.0,36777.25647294258,0.9993819693734397
6732.0,2.079105886675279,0.0,36779.20894113325,0.9994350255742731
6733.0,1.4425474631652833,0.0,36785.57452536835,0.9996080034067486
6734.0,1.8754488795466386,0.0,36781.245511204535,0.9994903671522971
6735.0,0.7483337047870009,0.0,36792.516662952126,0.999796648449786
6736.0,0.6228574663427935,0.0,36793.77142533657,0.9998307452537112
6737.0,0.9783589061989915,0.0,36790.21641093801,0.9997341416015764
6738.0,2.0258312611931615,0.0,36779.74168738807,0.9994495023746759
6739.0,0.48839838333879015,0.0,36795.11601616661,0.9998672830480058
6740.0,1.5265460243526832,0.0,36784.73453975647,0.9995851777107737
6741.0,3.021278825372974,0.0,36769.78721174627,0.999179000319192
6742.0,2.6005189003190026,0.0,36773.99481099681,0.9992933372553481
6743.0,2.160298816136674,0.0,36778.397011838635,0.9994129622782237
6744.0,1.38925080629906,0.0,36786.10749193701,0.9996224861939405
6745.0,2.0732945141871824,0.0,36779.26705485813,0.9994366047515796
6746.0,0.7589079029867207,0.0,36792.410920970135,0.9997937750263624
6747.0,0.654363953703978,0.0,36793.45636046296,0.9998221837082326
6748.0,1.5704397887129744,0.0,36784.29560211287,0.9995732500574149
6749.0,1.9148301126951992,0.0,36780.85169887305,0.9994796657302458
6750.0,1.9949445468382692,0.0,36780.05055453162,0.9994578955035766
6751.0,3.7293705357606086,0.0,36762.7062946424,0.9989865840935435
6752.0,1.5708113498812963,0.0,36784.29188650119,0.9995731490897062
6753.0,1.5813145844276733,0.0,36784.18685415572,0.9995702949498837
6754.0,0.2730801955831339,0.0,36797.26919804417,0.9999257934251132
6755.0,3.019964633947893,0.0,36769.800353660525,0.9991793574364273
6756.0,2.906507779038293,0.0,36770.93492220962,0.9992101881035224
6757.0,1.0123420119161892,0.0,36789.87657988084,0.9997249070619793
6758.0,1.5516566465903452,0.0,36784.4834335341,0.9995783541721223
6759.0,0.9716493081368753,0.0,36790.28350691863,0.9997359648619194
6760.0,2.6784865651388827,0.0,36773.21513434861,0.9992721503899079
6761.0,1.6077705644693197,0.0,36783.9222943553,0.9995631058248724
6762.0,0.06584162295894203,0.0,36799.34158377041,0.9999821082546306
6763.0,1.7820510818264665,0.0,36782.17948918173,0.9995157469886341
6764.0,2.4237924055714757,0.0,36775.76207594429,0.9993413607593556
6765.0,1.117773378489801,0.0,36788.8222662151,0.999696257234106
6766.0,1.4812727048338274,0.0,36785.18727295166,0.9995974802432517
6767.0,1.7613443259197084,0.0,36782.38655674081,0.9995213738244785
6768.0,0.8178865095796937,0.0,36791.8211349042,0.9997777482310924
6769.0,1.8506844158737294,0.0,36781.493155841265,0.9994970966261213
6770.0,1.5795566883734864,0.0,36784.20443311626,0.9995707726390288
6771.0,3.577726679843181,0.0,36764.22273320157,0.9990277916630861
6772.0,2.1153502704310085,0.0,36778.846497295686,0.999425176556948
6773.0,1.2044070590163756,0.0,36787.955929409836,0.9996727154730933
6774.0,0.6014332097893202,0.0,36793.9856679021,0.9998365670625572
6775.0,1.1279065274029563,0.0,36788.72093472597,0.9996935036610318
6776.0,2.1408929916851775,0.0,36778.591070083145,0.9994182356000855
6777.0,1.4130406341873822,0.0,36785.86959365813,0.999616021566797
6778.0,0.9780334536635564,0.0,36790.219665463366,0.9997342300397654
6779.0,0.9122500292069162,0.0,36790.87749970793,0.9997521059703242
6780.0,3.2800482341572206,0.0,36767.19951765843,0.999108682545066
6781.0,2.462634224330941,0.0,36775.37365775669,0.9993308059173013
6782.0,4.627032739305832,0.0,36753.72967260694,0.9987426541469278
6783.0,1.1821625102529651,0.0,36788.17837489747,0.9996787601874313
6784.0,2.7302873548451316,0.0,36772.697126451545,0.9992580740883572
6785.0,2.1401285953670595,0.0,36778.598714046326,0.9994184433164762
6786.0,0.7921953260165537,0.0,36792.078046739836,0.9997847295309739
6787.0,2.1910879168517567,0.0,36778.089120831486,0.9994045956747687
6788.0,0.7105394298087049,0.0,36792.89460570191,0.9998069186332041
6789.0,1.5579001685155163,0.0,36784.42099831485,0.9995766575629035
6790.0,1.4456784945314212,0.0,36785.543215054684,0.9996071525830077
6791.0,0.12260854968826607,0.0,36798.773914503116,0.9999666824593237
6792.0,1.4834045376674112,0.0,36785.16595462333,0.9995969009408513
6793.0,2.688794217978284,0.0,36773.11205782022,0.9992693493972885
6794.0,2.1638822866170813,0.0,36778.36117713383,0.9994119885090715
6795.0,1.8276645110963727,0.0,36781.723354889036,0.9995033520350282
6796.0,3.2339375815736275,0.0,36767.66062418427,0.9991212126137029
6797.0,2.483638002747284,0.0,36775.163619972525,0.9993250983688187
6798.0,0.016123474903906754,0.0,36799.83876525096,0.9999956186209501
6799.0,0.9823872362458133,0.0,36790.17612763754,0.9997330469466723
6800.0,0.7371736429340672,0.0,36792.62826357066,0.9997996810752896
6801.0,0.2827883489189844,0.0,36797.17211651081,0.9999231553399677
6802.0,0.7840064126885409,0.0,36792.15993587312,0.9997869547791608
6803.0,1.6142334356991341,0.0,36783.85766564301,0.9995613496098643
6804.0,1.9214308355367393,0.0,36780.78569164463,0.9994778720555607
6805.0,3.5871636257061255,0.0,36764.12836374294,0.9990252272756233
6806.0,5.588281305414057,0.0,36744.11718694586,0.998481445297442
6807.0,2.9629727641367936,0.0,36770.37027235863,0.9991948443575716
6808.0,2.2634753418151377,0.0,36777.365246581845,0.9993849251788545
6809.0,2.6953606664856125,0.0,36773.04639333514,0.999267565036281
6810.0,2.8204930418214644,0.0,36771.795069581785,0.999233561673418
6811.0,3.461614614878272,0.0,36765.38385385122,0.9990593438546528
6812.0,0.9643390561232081,0.0,36790.356609438764,0.9997379513434447
6813.0,1.1338429894676665,0.0,36788.66157010532,0.9996918904919925
6814.0,0.24838455584995245,0.0,36797.5161544415,0.9999325041967799
6815.0,3.2979245953201826,0.0,36767.020754046796,0.9991038248382281
6816.0,4.920090918221831,0.0,36750.79909081778,0.9986630187722223
6817.0,4.895846836121564,0.0,36751.04153163878,0.9986696068380103
6818.0,2.6420743593325824,0.0,36773.57925640667,0.9992820450110509
6819.0,1.2699082138678932,0.0,36787.30091786132,0.9996549162462316
6820.0,0.5561196529724839,0.0,36794.43880347027,0.9998488805290835
6821.0,0.44551258031606267,0.0,36795.54487419684,0.9998789367988272
6822.0,1.3166461788587185,0.0,36786.83353821142,0.9996422157122667
6823.0,1.6739264853895293,0.0,36783.260735146105,0.9995451286724485
6824.0,2.2668144403196493,0.0,36777.3318555968,0.9993840178151304
6825.0,1.6040224277603556,0.0,36783.9597757224,0.9995641243402825
6826.0,2.3003370570258994,0.0,36776.99662942974,0.9993749084084169
6827.0,0.973232409675802,0.0,36790.26767590324,0.9997355346712837
6828.0,5.344756509149192,0.0,36746.55243490851,0.9985476205138182
6829.0,3.280331328540342,0.0,36767.1966867146,0.9991086056172445
6830.0,3.1103726159190046,0.0,36768.89627384081,0.999154790050022
6831.0,1.4857361628810395,0.0,36785.14263837119,0.9995962673470431
6832.0,2.126670353109148,0.0,36778.73329646891,0.9994221004475248
6833.0,1.1875508262673975,0.0,36788.124491737326,0.999677295971123
6834.0,2.1960947667812434,0.0,36778.039052332184,0.9994032351177224
6835.0,0.3851095271975282,0.0,36796.14890472803,0.9998953506719572
6836.0,1.319878511702882,0.0,36786.80121488297,0.9996413373609504
6837.0,3.0478188889965168,0.0,36769.52181111003,0.9991717883453813
6838.0,2.1814482119525564,0.0,36778.185517880476,0.9994072151597956
6839.0,0.9495585073118491,0.0,36790.50441492688,0.999741967796926
6840.0,2.3568351099802385,0.0,36776.431648900194,0.9993595556766357
6841.0,2.6678591731888446,0.0,36773.32140826811,0.9992750382681551
6842.0,1.131229882745174,0.0,36788.687701172545,0.9996926005753409
6843.0,1.428453611219993,0.0,36785.7154638878,0.9996118332578207
6844.0,2.2762609276460353,0.0,36777.23739072354,0.9993814508348787
6845.0,0.5683533795345284,0.0,36794.316466204655,0.9998455561468657
6846.0,1.8367591281539717,0.0,36781.63240871846,0.9995008806716973
6847.0,0.6494537001881326,0.0,36793.50546299812,0.9998235180162531
6848.0,0.40036608214995795,0.0,36795.9963391785,0.999891204868981
6849.0,1.0920918062984128,0.0,36789.079081937016,0.9997032359222016
6850.0,2.586151794261241,0.0,36774.13848205739,0.9992972413602551
6851.0,3.6988570702205834,0.0,36763.011429297796,0.9989948757961358
6852.0,0.672270316092181,0.0,36793.27729683908,0.9998173178488879
6853.0,1.7256370565783072,0.0,36782.74362943422,0.9995310768867994
6854.0,2.028668283416664,0.0,36779.713317165835,0.9994487314447238
6855.0,2.0278303268860327,0.0,36779.72169673114,0.9994489591503027
6856.0,4.280518657367793,0.0,36757.19481342632,0.998836815582237
6857.0,1.6106433295399256,0.0,36783.8935667046,0.9995623251821902
6858.0,4.011543596585398,0.0,36759.884564034146,0.9989099066313627
6859.0,2.301742920569268,0.0,36776.98257079431,0.9993745263802801
6860.0,0.8129981504043826,0.0,36791.87001849596,0.9997790765895641
6861.0,1.4099087269241863,0.0,36785.90091273076,0.9996168726285533
6862.0,3.4474464221339076,0.0,36765.52553577866,0.9990631939070288
6863.0,2.1040054609829895,0.0,36778.95994539017,0.9994282593856024
6864.0,0.6534699372632531,0.0,36793.465300627366,0.9998224266474828
6865.0,3.2561435893076123,0.0,36767.438564106924,0.9991151783724708
6866.0,2.8854901726181197,0.0,36771.14509827382,0.9992158994096146
6867.0,0.44682379535061045,0.0,36795.53176204649,0.9998785804903938
6868.0,0.4836931550062218,0.0,36795.16306844994,0.9998685616426614
6869.0,2.67086226428637,0.0,36773.291377357134,0.9992742222107917
6870.0,1.7416514309979902,0.0,36782.58348569002,0.99952672515462
6871.0,0.3300031532489811,0.0,36796.69996846751,0.9999103252300954
6872.0,1.6616874489336624,0.0,36783.38312551066,0.9995484544975723
6873.0,1.5659628255343705,0.0,36784.340371744656,0.9995744666234961
6874.0,3.6100457326510877,0.0,36763.89954267349,0.9990190093117797
6875.0,1.9578199607167335,0.0,36780.42180039283,0.999467983706327
6876.0,0.6494605900988972,0.0,36793.50539409901,0.9998235161439949
6877.0,2.243103936956686,0.0,36777.56896063044,0.9993904608866967
6878.0,0.16642623084044317,0.0,36798.335737691596,0.9999547754807498
6879.0,1.421276474618935,0.0,36785.78723525381,0.9996137835666796
6880.0,1.41201228938462,0.0,36785.879877106156,0.9996163010083194
6881.0,2.701258514541223,0.0,36772.987414854586,0.999265962360179
6882.0,0.9600038105209023,0.0,36790.39996189479,0.999739129399315
6883.0,2.0966986008124877,0.0,36779.03301399187,0.9994302449454313
6884.0,2.588702729385659,0.0,36774.11297270614,0.9992965481713626
6885.0,2.5928666264135245,0.0,36774.07133373586,0.9992954166776049
6886.0,0.6258448213102383,0.0,36793.741551786894,0.99982993347247
6887.0,0.5681446172884534,0.0,36794.318553827114,0.9998456128757368
6888.0,0.0,0.0,36800.0,1.0
6889.0,0.7509802513768591,0.0,36792.49019748623,0.9997959292795171
6890.0,2.533444750424678,0.0,36774.66555249575,0.999311563926515
6891.0,7.389743673780686,0.0,36726.10256326219,0.9979919174799508
6892.0,2.956898833230298,0.0,36770.43101166769,0.9991964948822742
6893.0,0.3913641888539132,0.0,36796.08635811146,0.9998936510356375
6894.0,0.18833780270324496,0.0,36798.116621972964,0.9999488212492653
6895.0,0.8132003496057223,0.0,36791.86799650394,0.9997790216441288
6896.0,0.0,0.0,36800.0,1.0
6897.0,0.741611037507937,0.0,36792.58388962492,0.9997984752615467
6898.0,2.290389018359747,0.0,36777.096109816404,0.9993776116797936
6899.0,1.747444501960672,0.0,36782.52555498039,0.9995251509505542
6900.0,2.301839456969901,0.0,36776.9816054303,0.9993745001475626
6901.0,2.57898820216451,0.0,36774.21011797836,0.9992991879885423
6902.0,2.611517018818631,0.0,36773.88482981181,0.9992903486361905
6903.0,2.911586822411664,0.0,36770.884131775885,0.9992088079286925
6904.0,2.2262133928106778,0.0,36777.7378660719,0.9993950507084755
6905.0,2.930219823419975,0.0,36770.6978017658,0.999203744613201
6906.0,4.77279816963437,0.0,36752.27201830366,0.9987030439756429
6907.0,2.469359064564742,0.0,36775.30640935435,0.9993289785150639
6908.0,1.4703143795977667,0.0,36785.29685620402,0.9996004580490222
6909.0,0.9928812298012417,0.0,36790.071187701986,0.9997301953179888
6910.0,1.6138121465583026,0.0,36783.861878534415,0.9995614640906091
6911.0,2.374022110358055,0.0,36776.25977889642,0.9993548852960984
6912.0,1.2620881160537465,0.0,36787.37911883946,0.9996570412728114
6913.0,1.245458537155173,0.0,36787.54541462845,0.9996615601801209
6914.0,1.5157284423821693,0.0,36784.842715576175,0.9995881172710918
6915.0,0.0,0.0,36800.0,1.0
6916.0,0.0,0.0,36800.0,1.0
6917.0,0.7358073382210932,0.0,36792.64192661779,0.9998000523537444
6918.0,1.8869416626539532,0.0,36781.13058337346,0.9994872441134092
6919.0,1.15565973921548,0.0,36788.443402607845,0.9996859620273871
6920.0,1.4818415389572692,0.0,36785.18158461043,0.9995973256687617
6921.0,1.7489478784564199,0.0,36782.51052121544,0.9995247424243325
6922.0,0.5827801043506042,0.0,36794.1721989565,0.9998416358412092
6923.0,2.4145986545900087,0.0,36775.854013454096,0.9993438590612527
6924.0,3.1015878121997957,0.0,36768.984121878006,0.9991571772249458
6925.0,1.8802773117158722,0.0,36781.19722688284,0.9994890550783381
6926.0,1.2311534494601801,0.0,36787.6884655054,0.999665447432212
6927.0,1.2829838284633297,0.0,36787.17016171537,0.9996513630900915
6928.0,1.3334374655996726,0.0,36786.665625344,0.9996376528626087
6929.0,1.182142357812154,0.0,36788.17857642188,0.999678765663638
6930.0,2.689854532831305,0.0,36773.10145467169,0.9992690612682524
6931.0,1.2928328432954004,0.0,36787.07167156704,0.9996486867273653
6932.0,0.033196794718605815,0.0,36799.66803205281,0.9999909791318699
6933.0,0.7865433671458959,0.0,36792.13456632854,0.9997862653893624
6934.0,1.11717494039749,0.0,36788.82825059602,0.9996964198531528
6935.0,2.5652684806154866,0.0,36774.347315193845,0.9993029161737458
6936.0,1.0796889920402464,0.0,36789.2031100796,0.9997066062521631
6937.0,2.739127354098855,0.0,36772.60872645901,0.999255671914647
6938.0,2.1663289119587716,0.0,36778.33671088041,0.9994113236652284
6939.0,1.8060354752196872,0.0,36781.9396452478,0.9995092294904294
6940.0,2.88096198614312,0.0,36771.19038013857,0.9992171298950698
6941.0,3.3021877562377995,0.0,36766.97812243762,0.9991026663705875
6942.0,3.498730110844008,0.0,36765.01269889156,0.9990492581220533
6943.0,3.2912513476767344,0.0,36767.08748652323,0.99910563822074
6944.0,2.8532660941491486,0.0,36771.46733905851,0.9992246559526768
6945.0,1.2113315428514397,0.0,36787.88668457149,0.9996708338198774
6946.0,1.283273342855864,0.0,36787.16726657144,0.9996512844177022
6947.0,1.351770720888453,0.0,36786.482292791115,0.9996326709997586
6948.0,0.9933021895094498,0.0,36790.06697810491,0.9997300809267637
6949.0,1.002845525945304,0.0,36789.97154474055,0.9997274876288192
6950.0,2.007845615840779,0.0,36779.92154384159,0.9994543897783041
6951.0,0.4675058296716088,0.0,36795.324941703286,0.9998729603723719
6952.0,1.4396201731706242,0.0,36785.60379826829,0.9996087988659862
6953.0,2.202571540748977,0.0,36777.97428459251,0.9994014751247964
6954.0,4.8901448357828485,0.0,36751.09855164217,0.9986711562946242
6955.0,0.12713190645808936,0.0,36798.72868093542,0.9999654532862886
6956.0,0.8844989005156094,0.0,36791.155010994844,0.9997596470379033
6957.0,1.5909276273869182,0.0,36784.09072372613,0.9995676827099491
6958.0,1.1498677718172985,0.0,36788.50132228182,0.9996875359315713
6959.0,2.203918387838712,0.0,36777.96081612162,0.9994011091337396
6960.0,1.1395548239397613,0.0,36788.604451760606,0.99969033836306
6961.0,2.424722829982784,0.0,36775.75277170017,0.9993411079266351
6962.0,4.148202866155771,0.0,36758.51797133844,0.9988727709602837
6963.0,2.500803312392236,0.0,36774.99196687608,0.9993204338825021
6964.0,1.8094213521571874,0.0,36781.905786478426,0.9995083094151747
6965.0,2.498514057618195,0.0,36775.01485942382,0.9993210559626038
6966.0,1.7759510458936347,0.0,36782.240489541065,0.9995174046070942
6967.0,2.908917557591849,0.0,36770.91082442408,0.9992095332723934
6968.0,1.6009679122507805,0.0,36783.99032087749,0.999564954371671
6969.0,3.233280767442011,0.0,36767.66719232558,0.9991213910958038
6970.0,4.829926561463253,0.0,36751.70073438537,0.9986875199561241
6971.0,2.1364082074978796,0.0,36778.63591792502,0.9994194542914407
6972.0,0.25547067886691366,0.0,36797.445293211335,0.9999305786198732
6973.0,2.1889849811141175,0.0,36778.11015018886,0.9994051671246974
6974.0,2.077240036962394,0.0,36779.22759963038,0.9994355325986516
6975.0,1.7060389462349121,0.0,36782.93961053765,0.9995364024602622
6976.0,0.5247595111068222,0.0,36794.75240488893,0.9998574023067645
6977.0,0.7493377458076793,0.0,36792.50662254192,0.9997963756125522
6978.0,3.206752889223935,0.0,36767.932471107764,0.9991285997583632
6979.0,3.9096780325889995,0.0,36760.90321967411,0.9989375874911443
6980.0,1.1045227278746097,0.0,36788.954772721256,0.999699857954382
6981.0,2.4828225738892797,0.0,36775.17177426111,0.9993253199527474
6982.0,1.2640584939463224,0.0,36787.359415060535,0.9996565058440363
6983.0,3.6054364743322367,0.0,36763.94563525668,0.9990202618276272
6984.0,2.3255818655870826,0.0,36776.744181344126,0.9993680484060904
6985.0,1.1798028674957095,0.0,36788.20197132504,0.9996794013947022
6986.0,3.023374288141895,0.0,36769.76625711858,0.9991784308999614
6987.0,3.4070903293859374,0.0,36765.92909670614,0.9990741602365799
6988.0,0.48278078206112696,0.0,36795.17219217939,0.999868809570092
6989.0,1.3934171878736379,0.0,36786.06582812127,0.9996213540250344
6990.0,2.4884517337632133,0.0,36775.11548266237,0.9993237902897383
6991.0,2.8118522212234893,0.0,36771.88147778776,0.9992359097224935
6992.0,0.3546407700114287,0.0,36796.453592299884,0.9999036302255403
6993.0,2.6533752582581656,0.0,36773.46624741742,0.9992789741146038
6994.0,2.2093318443776297,0.0,36777.906681556226,0.999399638085767
6995.0,2.5057645034148663,0.0,36774.94235496585,0.9993190857327677
6996.0,0.9354672752606348,0.0,36790.645327247395,0.9997457969360706
6997.0,0.9608851436769328,0.0,36790.39114856323,0.9997388899066094
6998.0,1.4834682652845004,0.0,36785.16531734716,0.999596883623564
6999.0,0.7628867016737786,0.0,36792.37113298326,0.9997926938310668
7000.0,2.2839961437130114,0.0,36777.16003856287,0.999379348873991
7001.0,0.9597320162856704,0.0,36790.40267983714,0.999739203256444
7002.0,0.46022284158061666,0.0,36795.39777158419,0.9998749394452225
7003.0,1.1266539629523322,0.0,36788.73346037048,0.9996938440318065
7004.0,0.4508895485423636,0.0,36795.49110451458,0.999877475666157
7005.0,1.1391201368169277,0.0,36788.60879863183,0.9996904564845606
7006.0,2.1390186799662843,0.0,36778.60981320034,0.9994187449239222
7007.0,2.134432847966309,0.0,36778.65567152033,0.9994199910739221
7008.0,3.1244481723688295,0.0,36768.75551827631,0.9991509651705519
7009.0,0.9201542262408111,0.0,36790.79845773759,0.9997499580906953
7010.0,0.5203914789253758,0.0,36794.79608521075,0.9998585892720312
7011.0,0.8946154659570311,0.0,36791.05384534043,0.9997568979712074
7012.0,2.7408031693657904,0.0,36772.59196830634,0.9992552165300636
7013.0,3.4223177955454958,0.0,36765.77682204454,0.9990700223381669
7014.0,5.0363113189250726,0.0,36749.63688681075,0.9986314371415965
7015.0,2.582948544871215,0.0,36774.17051455129,0.999298111808459
7016.0,1.7471549108713589,0.0,36782.52845089129,0.999525229643785
7017.0,3.2072506912518293,0.0,36767.92749308748,0.9991284644860728
7018.0,1.5437091676740238,0.0,36784.56290832326,0.9995805138131322
7019.0,1.6900601620145608,0.0,36783.099398379854,0.9995407445211917
7020.0,2.638685302655176,0.0,36773.61314697345,0.9992829659503654
7021.0,1.4344093209756466,0.0,36785.65590679024,0.9996102148584305
7022.0,0.850101767849992,0.0,36791.4989823215,0.9997689940848233
7023.0,3.707565543065357,0.0,36762.92434456934,0.9989925093632973
7024.0,1.6986728311676416,0.0,36783.01327168832,0.9995384041219653
7025.0,1.3086156243662117,0.0,36786.91384375634,0.9996443979281614
7026.0,1.019132206472932,0.0,36789.808677935274,0.999723061900415
7027.0,1.4850245407887996,0.0,36785.149754592116,0.9995964607226119
7028.0,2.188938306901946,0.0,36778.11061693098,0.999405179807907
7029.0,3.510234665488497,0.0,36764.89765334511,0.9990461318843781
7030.0,3.4507545354199465,0.0,36765.4924546458,0.9990622949632011
7031.0,1.5959358039963263,0.0,36784.04064196003,0.9995663217923922
7032.0,1.91772045005564,0.0,36780.82279549944,0.9994788803124849
7033.0,0.403271830765334,0.0,36795.96728169235,0.9998904152633791
7034.0,1.0027869090390595,0.0,36789.972130909606,0.9997275035573262
7035.0,3.7533809262931754,0.0,36762.46619073707,0.9989800595308986
7036.0,3.25049359143577,0.0,36767.49506408564,0.9991167136979794
7037.0,1.4162114253922482,0.0,36785.83788574608,0.999615159938752
7038.0,0.7955788937988473,0.0,36792.04421106201,0.9997838100832069
7039.0,1.659966589171745,0.0,36783.400334108286,0.9995489221225078
7040.0,3.2468749346780896,0.0,36767.53125065322,0.9991176970286202
7041.0,1.9943535787670044,0.0,36780.05646421233,0.9994580560927263
7042.0,3.7808354235476145,0.0,36762.19164576453,0.9989725990696883
7043.0,1.9716167017768385,0.0,36780.28383298223,0.9994642345919085
7044.0,3.710922127730555,0.0,36762.89077872269,0.9989915972478992
7045.0,1.457464064155829,0.0,36785.42535935844,0.9996039499825664
7046.0,0.8332748915308912,0.0,36791.66725108469,0.9997735666055623
7047.0,1.170597959816405,0.0,36788.29402040184,0.9996819027283108
7048.0,0.5782841363434272,0.0,36794.217158636566,0.9998428575716458
7049.0,2.425602763817551,0.0,36775.74397236182,0.9993408688141799
7050.0,0.058113146678806515,0.0,36799.41886853321,0.9999842083840547
7051.0,3.041839238690045,0.0,36769.5816076131,0.999173413250356
7052.0,1.0895663662286097,0.0,36789.10433633771,0.9997039221830899
7053.0,2.568101870338978,0.0,36774.31898129661,0.9993021462308861
7054.0,0.253009853072399,0.0,36797.469901469274,0.9999312473225346
7055.0,0.8413797089233412,0.0,36791.58620291077,0.9997713642095317
7056.0,0.4942312615285118,0.0,36795.05768738472,0.9998656980267586
7057.0,1.1262871654707851,0.0,36788.737128345296,0.9996939437050352
7058.0,1.4628446697497566,0.0,36785.3715533025,0.9996024878614811
7059.0,1.8742388225282411,0.0,36781.257611774716,0.999490695972139
7060.0,2.09077660683306,0.0,36779.09223393167,0.9994318541829258
7061.0,2.265500891013289,0.0,36777.34499108986,0.9993843747578767
7062.0,1.6790708119015108,0.0,36783.20929188099,0.9995437307576355
7063.0,0.1852975987330865,0.0,36798.147024012665,0.9999496473916485
7064.0,1.3288815071437057,0.0,36786.711184928565,0.999638890894798
7065.0,2.2295625315773577,0.0,36777.704374684225,0.9993941406164192
7066.0,1.4472808653999891,0.0,36785.527191346,0.9996067171561414
7067.0,2.473931166267903,0.0,36775.26068833732,0.9993277360961229
7068.0,2.810991568186182,0.0,36771.89008431814,0.9992361435956016
7069.0,2.501066126686055,0.0,36774.98933873314,0.9993203624655744
7070.0,1.595626984514638,0.0,36784.04373015485,0.9995664057107296
7071.0,2.552740252644071,0.0,36774.47259747356,0.9993063205835208
7072.0,2.9368987418065444,0.0,36770.63101258194,0.9992019296897265
7073.0,1.1813318625263491,0.0,36788.18668137473,0.9996789859069221
7074.0,2.779609834564326,0.0,36772.20390165436,0.9992446712406076
7075.0,2.1994812705816003,0.0,36778.005187294184,0.9994023148721246
7076.0,0.3286971432298742,0.0,36796.7130285677,0.9999106801241222
7077.0,0.6724173113543657,0.0,36793.275826886456,0.9998172779045232
7078.0,0.8739040723239668,0.0,36791.26095927676,0.9997625260673033
7079.0,0.12742471245655906,0.0,36798.725752875434,0.9999653737194412
7080.0,0.7933252525472199,0.0,36792.06674747453,0.9997844224857209
7081.0,0.5294372486459906,0.0,36794.70562751354,0.9998561311824331
7082.0,3.45942619915877,0.0,36765.40573800841,0.9990599385328373
7083.0,3.102714417718744,0.0,36768.97285582281,0.9991568710821416
7084.0,1.2320682818099158,0.0,36787.6793171819,0.9996651988364647
7085.0,2.0297384346977196,0.0,36779.70261565302,0.9994484406427451
7086.0,0.8696708728502927,0.0,36791.3032912715,0.9997636763932473
7087.0,0.5757447136656992,0.0,36794.24255286335,0.9998435476321561
7088.0,1.8541717344314748,0.0,36781.45828265569,0.9994961489852089
7089.0,2.2396906564754318,0.0,36777.603093435246,0.9993913884085665
7090.0,2.6426352082726225,0.0,36773.57364791728,0.9992818926064477
7091.0,0.736990172894366,0.0,36792.63009827105,0.9997997309312786
7092.0,3.214109188380462,0.0,36767.85890811619,0.9991266007640269
7093.0,4.783864400106722,0.0,36752.161355998935,0.9987000368477972
7094.0,1.4641201595077291,0.0,36785.35879840492,0.9996021412610033
7095.0,1.354627957246521,0.0,36786.45372042753,0.9996318945768351
7096.0,3.4901591456982715,0.0,36765.09840854302,0.9990515871886689
7097.0,4.503264096552812,0.0,36754.967359034476,0.9987762869302846
7098.0,2.0224747291413223,0.0,36779.77525270858,0.9994504144757768
7099.0,2.4546383521801545,0.0,36775.4536164782,0.9993329787086467
7100.0,1.6920019672961644,0.0,36783.079980327035,0.9995402168567129
7101.0,2.8843022767778166,0.0,36771.156977232225,0.9992162222073975
7102.0,1.8488622706609021,0.0,36781.51137729339,0.9994975917742769
7103.0,0.31318459440080915,0.0,36796.86815405599,0.9999148954906519
7104.0,0.9810190876733031,0.0,36790.189809123265,0.9997334187261757
7105.0,0.2850230087160526,0.0,36797.14976991284,0.9999225480954576
7106.0,2.112043500756954,0.0,36778.87956499243,0.9994260751356638
7107.0,1.5929231921818428,0.0,36784.07076807818,0.999567140436907
7108.0,2.2200264237280862,0.0,36777.79973576272,0.9993967319500738
7109.0,1.6516817352357975,0.0,36783.483182647644,0.999551173441512
7110.0,2.151038572456855,0.0,36778.48961427543,0.9994154786487889
7111.0,0.7648946653362145,0.0,36792.35105334664,0.9997921481887674
7112.0,0.5430584764062587,0.0,36794.569415235936,0.9998524297618461
7113.0,1.111823424418617,0.0,36788.88176575581,0.9996978740694513
7114.0,2.513503646488971,0.0,36774.86496353511,0.9993169827047584
7115.0,0.16305639945858275,0.0,36798.369436005414,0.9999556911957993
7116.0,2.2483789335365145,0.0,36777.51621066463,0.9993890274637128
7117.0,3.380781387062598,0.0,36766.192186129374,0.9990813094056895
7118.0,1.6101251304635298,0.0,36783.89874869536,0.9995624659971566
7119.0,1.4678992729404854,0.0,36785.3210072706,0.9996011143280054
7120.0,1.7665744294308752,0.0,36782.33425570569,0.999519952600698
7121.0,4.681520376523622,0.0,36753.18479623477,0.9987278477237709
7122.0,5.344940295101878,0.0,36746.55059704898,0.9985475705719833
7123.0,0.4422210489601639,0.0,36795.5777895104,0.9998798312366955
7124.0,1.188897937206093,0.0,36788.11102062794,0.999676929908368
7125.0,1.7482559313766615,0.0,36782.517440686235,0.9995249304534303
7126.0,1.6285051514769293,0.0,36783.71494848523,0.999557471426229
7127.0,0.9801162477051548,0.0,36790.19883752295,0.9997336640631236
7128.0,0.6163958609467954,0.0,36793.83604139053,0.9998325011247428
7129.0,0.8485394092967908,0.0,36791.51460590703,0.999769418638778
7130.0,1.846801136587601,0.0,36781.531988634124,0.9994981518650577
7131.0,3.503925632035134,0.0,36764.96074367965,0.9990478462956427
7132.0,1.658572052711861,0.0,36783.41427947288,0.9995493010726327
7133.0,0.2882584936105559,0.0,36797.1174150639,0.9999216688876059
7134.0,3.335227648842192,0.0,36766.647723511574,0.9990936881389014
7135.0,3.2158057711885704,0.0,36767.84194228811,0.99912613973609
7136.0,2.2491629493997607,0.0,36777.508370506,0.999388814415924
7137.0,1.3001045783939844,0.0,36786.99895421606,0.999646710712393
7138.0,1.3729299979577263,0.0,36786.270700020425,0.9996269211962072
7139.0,2.8225342435061975,0.0,36771.774657564936,0.9992330069990472
7140.0,2.9033382229681592,0.0,36770.96661777032,0.9992110493959325
7141.0,2.5365785484045773,0.0,36774.63421451596,0.9993107123509771
7142.0,1.0652032984189646,0.0,36789.34796701581,0.9997105425819515
7143.0,4.631836432248747,0.0,36753.68163567751,0.9987413487955845
7144.0,0.7233854826172319,0.0,36792.766145173824,0.9998034278579844
7145.0,0.588502967903878,0.0,36794.11497032096,0.9998400807152434
7146.0,1.4821557257810127,0.0,36785.17844274219,0.9995972402919073
7147.0,1.5221775872860235,0.0,36784.77822412714,0.9995863647860637
7148.0,1.0254912805048662,0.0,36789.745087194955,0.9997213338911672
7149.0,1.8551152234194888,0.0,36781.4488477658,0.9994958926023315
7150.0,1.648533252823654,0.0,36783.51466747176,0.9995520290073848
7151.0,1.145088387247597,0.0,36788.54911612753,0.9996888346773785
7152.0,2.5556517370905567,0.0,36774.443482629096,0.9993055294192689
7153.0,0.8328743784541075,0.0,36791.67125621546,0.9997736754406374
7154.0,1.3459069683822236,0.0,36786.54093031618,0.9996342644107657
7155.0,1.1564797092360095,0.0,36788.43520290764,0.9996857392094467
7156.0,0.4527421934499216,0.0,36795.4725780655,0.9998769722300407
7157.0,0.0,0.0,36800.0,1.0
7158.0,1.4775305446737548,0.0,36785.22469455326,0.9995984971345995
7159.0,3.1100201008694057,0.0,36768.899798991304,0.999154885842155
7160.0,1.6526083375783855,0.0,36783.473916624214,0.9995509216473971
7161.0,2.233663088868525,0.0,36777.66336911132,0.9993930263345466
7162.0,1.9846311229321145,0.0,36780.153688770675,0.9994606980644205
7163.0,1.099457361379791,0.0,36789.005426386204,0.9997012344126686
7164.0,0.458122476535209,0.0,36795.41877523465,0.9998755101965937
7165.0,2.2140075787710884,0.0,36777.85992421229,0.9993983675057687
7166.0,3.185083002264946,0.0,36768.14916997735,0.9991344883146018
7167.0,2.1378588708348616,0.0,36778.62141129165,0.999419060089447
7168.0,2.231906609127691,0.0,36777.68093390872,0.9993935036388238
7169.0,0.731132152714963,0.0,36792.68867847285,0.9998013227845883
7170.0,0.5152075140149464,0.0,36794.84792485985,0.9998599979581482
7171.0,0.0,0.0,36800.0,1.0
7172.0,0.0,0.0,36800.0,1.0
7173.0,1.3035554916377805,0.0,36786.96444508362,0.9996457729642289
7174.0,1.3011828488142783,0.0,36786.98817151185,0.9996464177041264
7175.0,2.5567340661164053,0.0,36774.43265933884,0.9993052353081207
7176.0,0.8453617546238092,0.0,36791.54638245376,0.9997702821318956
7177.0,0.0,0.0,36800.0,1.0
7178.0,2.623490435947133,0.0,36773.76509564053,0.9992870949902317
7179.0,2.4727406370111567,0.0,36775.27259362989,0.9993280596095079
7180.0,3.7226137850420855,0.0,36762.77386214958,0.9989884201671082
7181.0,1.470739314241655,0.0,36785.29260685758,0.9996003425776517
7182.0,3.725252575613922,0.0,36762.747474243864,0.9989877031044528
7183.0,2.915847117624253,0.0,36770.84152882376,0.9992076502397761
7184.0,0.09279686365243833,0.0,36799.072031363474,0.9999747834609639
7185.0,0.30825061840459966,0.0,36796.917493815956,0.9999162362449988
7186.0,0.7376302779202888,0.0,36792.6236972208,0.9997995569896956
7187.0,1.5164500413657152,0.0,36784.83549958634,0.9995879211844114
7188.0,0.44184795054661663,0.0,36795.58152049453,0.999879932622134
7189.0,1.284745744115753,0.0,36787.15254255884,0.9996508843086641
7190.0,0.7178381846179036,0.0,36792.82161815382,0.9998049352759191
7191.0,1.3589762040501228,0.0,36786.4102379595,0.9996307129880299
7192.0,2.423686672472286,0.0,36775.76313327528,0.999341389491176
7193.0,1.8773747363038638,0.0,36781.22625263696,0.9994898438216565
7194.0,2.0055307881548288,0.0,36779.94469211845,0.9994550188075666
7195.0,2.8638765809946563,0.0,36771.36123419005,0.9992217726682079
7196.0,1.8399907161392548,0.0,36781.600092838606,0.9995000025227881
7197.0,2.7376149041738245,0.0,36772.62385095826,0.9992560829064745
7198.0,4.07126433994199,0.0,36759.28735660058,0.9988936781684941
7199.0,3.5067098933468515,0.0,36764.93290106653,0.9990470897028949
7200.0,3.4262755109102727,0.0,36765.7372448909,0.9990689468720354
7201.0,1.2743709412488897,0.0,36787.25629058751,0.9996537035485736
7202.0,3.5121789477198035,0.0,36764.8782105228,0.9990456035468153
7203.0,2.314113360128431,0.0,36776.85886639872,0.9993711648477912
7204.0,2.9114382216057493,0.0,36770.88561778394,0.9992088483093462
7205.0,4.536492537255981,0.0,36754.63507462744,0.9987672574627022
7206.0,3.1449949630296032,0.0,36768.550050369704,0.9991453818035245
7207.0,1.8647899904353835,0.0,36781.352100095646,0.9994932635895556
7208.0,1.0472604123879137,0.0,36789.527395876125,0.999715418366199
7209.0,1.341685628911364,0.0,36786.583143710886,0.9996354115138828
7210.0,1.4560239816946705,0.0,36785.43976018306,0.9996043413093222
7211.0,1.5553266022643584,0.0,36784.446733977355,0.9995773569015586
7212.0,0.0,0.0,36800.0,1.0
7213.0,0.6734387331061953,0.0,36793.26561266894,0.9998170003442647
7214.0,1.2538399616578317,0.0,36787.46160038342,0.9996592826191147
7215.0,0.07511037845506507,0.0,36799.248896215446,0.9999795895710719
7216.0,0.0,0.0,36800.0,1.0
7217.0,0.0,0.0,36800.0,1.0
7218.0,0.0,0.0,36800.0,1.0
7219.0,0.0,0.0,36800.0,1.0
7220.0,1.6473531915107742,0.0,36783.52646808489,0.9995523496762199
7221.0,1.3581886347274121,0.0,36786.418113652726,0.9996309270014327
7222.0,2.078121061501406,0.0,36779.218789384984,0.9994352931898094
7223.0,5.542415987188178,0.0,36744.57584012812,0.9984939086991337
7224.0,2.5649252781622636,0.0,36774.35074721838,0.9993030094352819
7225.0,3.9772429871882196,0.0,36760.22757012812,0.9989192274491336
7226.0,0.9911464834030994,0.0,36790.08853516597,0.9997306667164665
7227.0,1.4511442278981121,0.0,36785.48855772102,0.9996056673293756
7228.0,1.4940150999100297,0.0,36785.0598490009,0.9995940176358941
7229.0,1.1378556958970876,0.0,36788.62144304103,0.9996908000826368
7230.0,2.9560459095919214,0.0,36770.43954090408,0.9991967266550021
7231.0,2.6163325842317136,0.0,36773.83667415768,0.9992890400586327
7232.0,2.2280430097034696,0.0,36777.71956990297,0.999394553529972
7233.0,1.8660055852687947,0.0,36781.339944147316,0.9994929332648728
7234.0,2.140045780438413,0.0,36778.59954219562,0.9994184658205331
7235.0,2.0890778981765834,0.0,36779.10922101823,0.999432315788539
7236.0,0.9159021892928649,0.0,36790.84097810707,0.9997511135355183
7237.0,0.0,0.0,36800.0,1.0
7238.0,1.0669334020349197,0.0,36789.33066597965,0.9997100724450992
7239.0,3.1862293211706856,0.0,36768.13770678829,0.9991341768148992
7240.0,3.1342322146529114,0.0,36768.65767785347,0.9991483064634096
7241.0,2.878180582112691,0.0,36771.21819417887,0.9992178857113824
7242.0,2.117755019768083,0.0,36778.82244980232,0.9994245230924543
7243.0,2.375894223814612,0.0,36776.24105776186,0.9993543765696157
7244.0,0.2679017876043872,0.0,36797.32098212396,0.9999272006011946
7245.0,0.0,0.0,36800.0,1.0
7246.0,3.033169552370964,0.0,36769.66830447629,0.9991757691433775
7247.0,4.701943801766902,0.0,36752.98056198233,0.9987222978799547
7248.0,1.2771030440935647,0.0,36787.228969559066,0.9996529611293224
7249.0,0.1032677280545613,0.0,36798.96732271946,0.9999719381173766
7250.0,0.8975519156138034,0.0,36791.02448084386,0.9997561000229309
7251.0,1.836762750714115,0.0,36781.63237249286,0.9995008796873059
7252.0,2.8020697792862848,0.0,36771.97930220714,0.9992385679947592
7253.0,2.06964720072574,0.0,36779.30352799274,0.999437595869368
7254.0,0.30087486875618197,0.0,36796.991251312436,0.9999182405247945
7255.0,0.9502675075018487,0.0,36790.49732492498,0.999741775133831
7256.0,2.621241202166857,0.0,36773.78758797833,0.9992877061950634
7257.0,1.2043538719199205,0.0,36787.9564612808,0.9996727299261088
7258.0,1.6961140045841603,0.0,36783.03885995416,0.9995390994552762
7259.0,2.833013767846751,0.0,36771.669862321534,0.9992301593022156
7260.0,1.5787563787680483,0.0,36784.21243621232,0.9995709901144653
7261.0,2.9235169902731286,0.0,36770.764830097265,0.9992055660352518
7262.0,2.7406345745303042,0.0,36772.5936542547,0.9992552623438777
7263.0,0.602968149309163,0.0,36793.97031850691,0.9998361499594268
7264.0,2.3505416702446382,0.0,36776.49458329755,0.9993612658504769
7265.0,2.5211977185172145,0.0,36774.78802281483,0.999314891924316
7266.0,1.008779830257481,0.0,36789.91220169743,0.9997258750461258
7267.0,0.05380338571831089,0.0,36799.461966142815,0.9999853795147504
7268.0,4.432770861593781,0.0,36755.672291384064,0.9987954427006539
7269.0,4.644385191785659,0.0,36753.55614808214,0.9987379388065799
7270.0,1.8839832311559803,0.0,36781.16016768844,0.9994880480350119
7271.0,0.0,0.0,36800.0,1.0
7272.0,1.5880816306025736,0.0,36784.119183693976,0.9995684560786406
7273.0,2.002233876052742,0.0,36779.97766123947,0.9994559147075943
7274.0,1.4506802897003581,0.0,36785.493197102995,0.9996057933995379
7275.0,2.1944864043280177,0.0,36778.05513595672,0.999403672172737
7276.0,2.254834163277337,0.0,36777.45165836722,0.9993872733251963
7277.0,0.876278168171666,0.0,36791.23721831828,0.999761880932562
7278.0,2.915638429902174,0.0,36770.84361570098,0.9992077069483961
7279.0,4.078508485262319,0.0,36759.21491514738,0.998891709650744
7280.0,2.086831238035302,0.0,36779.13168761965,0.9994329262940123
7281.0,1.1849299535788305,0.0,36788.15070046421,0.9996780081647884
7282.0,3.402466526520584,0.0,36765.975334734794,0.9990754167047499
7283.0,1.056494498210668,0.0,36789.43505501789,0.9997129091037471
7284.0,1.9127838848771717,0.0,36780.87216115123,0.9994802217704138
7285.0,3.6158962362560487,0.0,36763.84103763744,0.9990174195010173
7286.0,1.7188755677570953,0.0,36782.81124432243,0.9995329142478921
7287.0,0.7651913831687125,0.0,36792.34808616831,0.9997920675589216
7288.0,2.038441644305749,0.0,36779.615583556944,0.9994460756401343
7289.0,1.8368482073765335,0.0,36781.63151792623,0.9995008564653867
7290.0,1.5218624033277592,0.0,36784.78137596672,0.9995864504338783
7291.0,1.3830314016249758,0.0,36786.169685983754,0.9996241762495586
7292.0,1.1939623164516888,0.0,36788.060376835485,0.9996755537183556
7293.0,2.0901525908784606,0.0,36779.09847409122,0.9994320237524787
7294.0,1.8946185041668286,0.0,36781.05381495833,0.999485158015172
7295.0,0.5617890553303369,0.0,36794.3821094467,0.9998473399306168
7296.0,0.5040939155887827,0.0,36794.959060844114,0.9998630179577205
7297.0,2.582874458821607,0.0,36774.171255411784,0.9992981319405376
7298.0,1.357215059740156,0.0,36786.4278494026,0.9996311915598532
7299.0,1.0327177586550533,0.0,36789.67282241345,0.9997193701742785
7300.0,0.9696720592401107,0.0,36790.3032794076,0.9997365021578152
7301.0,0.6537040637240352,0.0,36793.46295936276,0.999822363026162
7302.0,0.4810801636585893,0.0,36795.18919836341,0.9998692716946579
7303.0,1.7352435348275321,0.0,36782.64756465172,0.9995284664307533
7304.0,1.2510072641061925,0.0,36787.48992735894,0.9996600523738842
7305.0,0.8856954995872002,0.0,36791.14304500413,0.9997593218751122
7306.0,1.3960530903759718,0.0,36786.03946909624,0.9996206377471805
7307.0,2.679630830763017,0.0,36773.20369169237,0.9992718394481622
7308.0,2.2781457222163226,0.0,36777.21854277784,0.9993809386624413
7309.0,2.0563512237222312,0.0,36779.43648776278,0.9994412089065973
7310.0,2.884059625698683,0.0,36771.15940374301,0.9992162881451905
7311.0,1.2348408911930164,0.0,36787.65159108807,0.9996644454100019
7312.0,1.5917051253200043,0.0,36784.0829487468,0.9995674714333369
7313.0,2.519282430176645,0.0,36774.80717569823,0.9993154123831042
7314.0,2.60207856499801,0.0,36773.97921435002,0.9992929134334245
7315.0,2.275917578425833,0.0,36777.24082421574,0.9993815441362973
7316.0,2.0146465398574946,0.0,36779.853534601425,0.9994525417011256
7317.0,1.852723864305517,0.0,36781.47276135694,0.9994965424281778
7318.0,2.831082716801575,0.0,36771.68917283198,0.9992306840443473
7319.0,3.802891094313054,0.0,36761.97108905687,0.9989666056808931
7320.0,0.8609758881220841,0.0,36791.39024111878,0.9997660391608364
7321.0,1.1347204234607489,0.0,36788.65279576539,0.9996916520588421
7322.0,2.0575440878164954,0.0,36779.424559121835,0.9994408847587455
7323.0,2.789205331465382,0.0,36772.10794668535,0.9992420637686236
7324.0,4.675292441625061,0.0,36753.24707558375,0.9987295400973845
7325.0,2.5279555267698015,0.0,36774.7204447323,0.9993130555633778
7326.0,0.8686849930909375,0.0,36791.313150069094,0.9997639442953559
7327.0,2.599559136100652,0.0,36774.004408639,0.9992935980608423
7328.0,5.188074320989472,0.0,36748.1192567901,0.9985901971953832
7329.0,2.789572199981194,0.0,36772.10427800019,0.9992419640760921
7330.0,2.545830706619199,0.0,36774.54169293381,0.9993081981775492
7331.0,1.0301966117531265,0.0,36789.698033882465,0.9997200552685452
7332.0,0.0,0.0,36800.0,1.0
7333.0,2.1651340744028857,0.0,36778.34865925597,0.999411648349347
7334.0,1.7360356180442977,0.0,36782.63964381956,0.9995282511907488
7335.0,4.847743338238615,0.0,36751.52256661761,0.998682678440696
7336.0,1.3661955117931939,0.0,36786.33804488207,0.9996287512196215
7337.0,2.8915223429685284,0.0,36771.084776570315,0.999214260232889
7338.0,0.11148800020509952,0.0,36798.88511999795,0.9999697043477703
7339.0,1.4547995131551943,0.0,36785.45200486845,0.9996046740453383
7340.0,0.45018551184057287,0.0,36795.498144881596,0.9998776669804782
7341.0,0.0,0.0,36800.0,1.0
7342.0,0.2670691848870774,0.0,36797.32930815113,0.9999274268519328
7343.0,1.9396196218749537,0.0,36780.603803781254,0.9994729294505775
7344.0,4.30201155681425,0.0,36756.97988443186,0.998830975120431
7345.0,3.2492393258617085,0.0,36767.50760674138,0.9991170545310158
7346.0,0.7975193856518672,0.0,36792.02480614348,0.9997832827756381
7347.0,0.53727229785909,0.0,36794.62727702141,0.9998540020929731
7348.0,3.4201405947042076,0.0,36765.79859405296,0.9990706139688305
7349.0,2.508063551894338,0.0,36774.91936448106,0.9993184609913331
7350.0,2.6196153354212584,0.0,36773.80384664579,0.999288148006679
7351.0,1.053135488328735,0.0,36789.468645116714,0.9997138218781716
7352.0,1.343196335779794,0.0,36786.5680366422,0.999635000995712
7353.0,3.854249560158678,0.0,36761.457504398415,0.9989526495760439
7354.0,2.630586487457549,0.0,36773.69413512542,0.9992851667153647
7355.0,2.4933336540589153,0.0,36775.06666345941,0.9993224636809622
7356.0,1.44663494595261,0.0,36785.53365054047,0.9996068926777302
7357.0,0.9923855089573408,0.0,36790.076144910425,0.9997303300247398
7358.0,3.983278383974721,0.0,36760.167216160255,0.9989175873956591
7359.0,1.8502722027897107,0.0,36781.4972779721,0.9994972086405461
7360.0,0.8249514880417337,0.0,36791.750485119584,0.9997758283999887
7361.0,3.430918731496604,0.0,36765.69081268503,0.9990676851273107
7362.0,3.52633174309085,0.0,36764.73668256909,0.9990417576785079
7363.0,2.276368340571935,0.0,36777.23631659428,0.9993814216465837
7364.0,2.4423875132661124,0.0,36775.57612486734,0.9993363077409603
7365.0,2.8403302705401074,0.0,36771.5966972946,0.9992281711221358
7366.0,1.5103029543215598,0.0,36784.896970456786,0.9995895915884996
7367.0,3.2548418522937936,0.0,36767.451581477064,0.999115532105355
7368.0,3.266528460520931,0.0,36767.33471539479,0.9991123563965976
7369.0,2.6606500357474943,0.0,36773.39349964252,0.9992769972728947
7370.0,1.4189250511844875,0.0,36785.810749488155,0.999614422540439
7371.0,3.059970386088935,0.0,36769.40029613911,0.9991684863081279
7372.0,3.1139708910477566,0.0,36768.86029108952,0.9991538122578674
7373.0,2.5437556832612245,0.0,36774.562443167386,0.999308762042592
7374.0,2.7174181147611307,0.0,36772.82581885239,0.9992615711644671
7375.0,2.4485792881141606,0.0,36775.51420711886,0.9993346251934473
7376.0,0.49598540689567017,0.0,36795.040145931045,0.9998652213568219
7377.0,0.6077140109046013,0.0,36793.922859890954,0.9998348603231237
7378.0,0.9527103944701594,0.0,36790.4728960553,0.9997411113058504
7379.0,1.8418830713253556,0.0,36781.58116928674,0.9994994882958353
7380.0,1.6629482952457693,0.0,36783.370517047544,0.999548111876292
7381.0,5.167111929213206,0.0,36748.328880707864,0.9985958934974963
7382.0,4.815178172484593,0.0,36751.848218275154,0.9986915276705205
7383.0,2.0872762792087087,0.0,36779.12723720791,0.9994328053589107
7384.0,0.8919446397103457,0.0,36791.08055360289,0.9997576237392091
7385.0,0.6000730765999833,0.0,36793.999269234,0.9998369366639674
7386.0,3.175775438886376,0.0,36768.24224561114,0.9991370175437809
7387.0,3.3261146780769195,0.0,36766.73885321923,0.9990961644896529
7388.0,2.475912583765421,0.0,36775.240874162344,0.999327197667455
7389.0,0.7836590016468108,0.0,36792.163409983536,0.9997870491843353
7390.0,3.2866268034522363,0.0,36767.13373196548,0.9991068948903662
7391.0,1.6401936495594782,0.0,36783.5980635044,0.999554295203924
7392.0,0.7323465345834848,0.0,36792.676534654165,0.9998009927895154
7393.0,1.0538600139088885,0.0,36789.46139986091,0.9997136249962204
7394.0,2.191802852424189,0.0,36778.08197147576,0.9994044013987978
7395.0,2.0807510442264174,0.0,36779.19248955774,0.9994345785205907
7396.0,4.196729448602127,0.0,36758.03270551398,0.9988595843889668
7397.0,3.772224121178624,0.0,36762.277758788216,0.9989749390975059
7398.0,1.724334791569163,0.0,36782.75665208431,0.9995314307631606
7399.0,1.9679782470775535,0.0,36780.320217529224,0.9994652233024246
7400.0,3.0524448991336612,0.0,36769.47555100866,0.9991705312774093
7401.0,3.1946319944181596,0.0,36768.05368005582,0.9991318934797777
7402.0,2.1676356747875616,0.0,36778.32364325212,0.9994109685666338
7403.0,2.5662490294180316,0.0,36774.337509705816,0.9993026497202667
7404.0,1.581453137509925,0.0,36784.1854686249,0.9995702572995896
7405.0,1.150260930327022,0.0,36788.49739069673,0.9996874290950197
7406.0,1.845350957242772,0.0,36781.54649042757,0.9994985459355319
7407.0,2.4800530029733636,0.0,36775.19946997026,0.9993260725535398
7408.0,2.252491907820513,0.0,36777.475080921795,0.9993879098076575
7409.0,1.7037873483641306,0.0,36782.96212651636,0.9995370143075097
7410.0,0.7831257753387035,0.0,36792.16874224661,0.9997871940827884
7411.0,3.182399977727073,0.0,36768.17600022273,0.9991352173973568
7412.0,0.7856511010695613,0.0,36792.143488989306,0.9997865078529703
7413.0,1.0573195979486627,0.0,36789.42680402051,0.9997126848918618
7414.0,1.2762310385824094,0.0,36787.23768961418,0.9996531980873419
7415.0,1.7020986814886783,0.0,36782.97901318511,0.999537473184378
7416.0,1.301059755888673,0.0,36786.98940244111,0.9996464511532911
7417.0,1.4915152675985155,0.0,36785.08484732402,0.9995946969381527
7418.0,0.8921642977174997,0.0,36791.07835702282,0.9997575640495332
7419.0,1.5173718281403126,0.0,36784.8262817186,0.9995876706988749
7420.0,4.056723396228335,0.0,36759.43276603772,0.9988976295118944
7421.0,2.1307825054627756,0.0,36778.692174945376,0.99942098301482
7422.0,0.9273249069719895,0.0,36790.72675093028,0.9997480095361488
7423.0,1.0286992554692915,0.0,36789.71300744531,0.9997204621588399
7424.0,3.4691691802254354,0.0,36765.308308197746,0.9990572909836344
7425.0,3.460154798581243,0.0,36765.39845201419,0.9990597405438638
7426.0,1.1397714294644175,0.0,36788.602285705354,0.9996902795028629
7427.0,5.34708248698098,0.0,36746.52917513019,0.9985469884546248
7428.0,2.5665956799084597,0.0,36774.33404320091,0.999302555521764
7429.0,2.388048048780547,0.0,36776.1195195122,0.999351073899788
7430.0,1.7868012244789497,0.0,36782.13198775521,0.9995144561890003
7431.0,1.7152786564065536,0.0,36782.84721343593,0.9995338916694547
7432.0,2.562186877675231,0.0,36774.378131223246,0.9993037535658491
7433.0,1.4439485197026443,0.0,36785.56051480297,0.9996076226848634
7434.0,1.9303545775992461,0.0,36780.69645422401,0.9994754471256524
7435.0,0.20345133049340802,0.0,36797.965486695066,0.9999447143123659
7436.0,0.24830627278970496,0.0,36797.5169372721,0.9999325254693505
7437.0,0.7530412154928854,0.0,36792.46958784507,0.9997953692349204
7438.0,1.926833426088706,0.0,36780.73166573911,0.999476403960302
7439.0,1.8006492375134258,0.0,36781.993507624866,0.99951069314198
7440.0,0.2784018892007225,0.0,36797.21598110799,0.9999243473127172
7441.0,3.090139416530292,0.0,36769.0986058347,0.9991602882020298
7442.0,3.5730916328984677,0.0,36764.26908367102,0.9990290511867124
7443.0,3.2074735012420206,0.0,36767.92526498758,0.9991284039398798
7444.0,1.1467015023436034,0.0,36788.53298497656,0.9996883963308848
7445.0,0.0932388293049371,0.0,36799.06761170695,0.999974663361602
7446.0,2.9385169228689847,0.0,36770.61483077131,0.9992014899666116
7447.0,1.4849371145473924,0.0,36785.15062885453,0.9995964844797426
7448.0,4.145397520028382,0.0,36758.54602479972,0.998873533282601
7449.0,3.3704462279038125,0.0,36766.29553772096,0.9990841178728521
7450.0,1.2467738721907153,0.0,36787.532261278095,0.9996612027521221
7451.0,1.2053431532940522,0.0,36787.94656846706,0.9996724610996484
7452.0,1.4355625601965585,0.0,36785.644374398034,0.9996099014782075
7453.0,2.0974244556700796,0.0,36779.0257554433,0.9994300477022635
7454.0,1.379203540062008,0.0,36786.20796459938,0.999625216429331
7455.0,0.9817329962706935,0.0,36790.18267003729,0.9997332247292742
7456.0,2.5962317962221277,0.0,36774.03768203778,0.9992945022292875
7457.0,0.6910714194636967,0.0,36793.08928580536,0.9998122088534066
7458.0,2.2284031521612633,0.0,36777.715968478384,0.9993944556651735
7459.0,3.2963554911812025,0.0,36767.03644508819,0.9991042512252225
7460.0,0.848512945522998,0.0,36791.51487054477,0.9997694258300209
7461.0,0.794014753006195,0.0,36792.05985246994,0.9997842351214657
7462.0,2.8833818386983694,0.0,36771.166181613014,0.9992164723264406
7463.0,1.3288531165489985,0.0,36786.71146883451,0.9996388986096334
7464.0,0.2624018431006334,0.0,36797.37598156899,0.9999286951513313
7465.0,2.9890203553432,0.0,36770.109796446566,0.9991877662077872
7466.0,1.8389829217767328,0.0,36781.61017078223,0.999500276379952
7467.0,1.9208492000079787,0.0,36780.79150799992,0.9994780301086935
7468.0,0.0,0.0,36800.0,1.0
7469.0,0.2475244022498373,0.0,36797.5247559775,0.9999327379341713
7470.0,3.5127315823692697,0.0,36764.872684176305,0.9990454533743561
7471.0,3.268531836024522,0.0,36767.31468163976,0.9991118120010803
7472.0,1.9828808535357894,0.0,36780.171191464644,0.9994611736811044
7473.0,0.7825193726930593,0.0,36792.17480627307,0.999787358866116
7474.0,1.8091476137797144,0.0,36781.90852386221,0.9995083838006035
7475.0,0.7006155229364595,0.0,36792.99384477064,0.9998096153470282
7476.0,2.100743677052378,0.0,36778.992563229476,0.9994291457399315
7477.0,1.2845673884767166,0.0,36787.15432611523,0.9996509327748705
7478.0,3.4298753984912764,0.0,36765.70124601509,0.9990679686417143
7479.0,3.046020720998058,0.0,36769.53979279002,0.9991722769779896
7480.0,1.3138739033674938,0.0,36786.861260966325,0.999642969047998
7481.0,2.0487147509375063,0.0,36779.512852490625,0.9994432840350713
7482.0,0.5102493891172344,0.0,36794.89750610883,0.9998613452746964
7483.0,1.2701365172042642,0.0,36787.29863482796,0.9996548542072815
7484.0,1.1563400239683688,0.0,36788.436599760316,0.9996857771673999
7485.0,2.492892210917489,0.0,36775.071077890825,0.9993225836383376
7486.0,1.6796173275206456,0.0,36783.20382672479,0.9995435822479563
7487.0,4.153082036177693,0.0,36758.469179638225,0.9988714450988648
7488.0,3.7888720946048124,0.0,36762.11127905395,0.9989704151916834
7489.0,2.1764730852346474,0.0,36778.235269147655,0.9994085670964037
7490.0,2.5182458354438495,0.0,36774.81754164556,0.9993156940664555
7491.0,1.7849316130332227,0.0,36782.150683869666,0.9995149642355887
7492.0,3.70960134716006,0.0,36762.9039865284,0.998991956155663
7493.0,1.3311850007930843,0.0,36786.68814999207,0.9996382649454367
7494.0,2.677225284161068,0.0,36773.22774715839,0.999272493129304
7495.0,2.2057082777037067,0.0,36777.942917222965,0.999400622750624
7496.0,1.9282649345759637,0.0,36780.71735065424,0.9994760149634304
7497.0,4.053285565765691,0.0,36759.46714434234,0.998898563704955
7498.0,0.8573813475877614,0.0,36791.42618652412,0.9997670159381554
7499.0,2.053200413657578,0.0,36779.46799586342,0.9994420651049843
7500.0,2.5325612462329445,0.0,36774.67438753767,0.9993118040091759
7501.0,1.1664568948217493,0.0,36788.33543105178,0.9996830280177115
7502.0,3.272066028266636,0.0,36767.27933971734,0.9991108516227537
7503.0,2.5625204520420084,0.0,36774.37479547958,0.9993036629206409
7504.0,2.5124574015499093,0.0,36774.8754259845,0.9993172670104484
7505.0,3.240180954252537,0.0,36767.59819045747,0.99911951604504
7506.0,2.4529862842373404,0.0,36775.47013715762,0.9993334276401528
7507.0,2.299207807399398,0.0,36777.00792192601,0.9993752152697285
7508.0,1.207927286199265,0.0,36787.92072713801,0.9996717588896198
7509.0,0.6328854797693566,0.0,36793.67114520231,0.9998280202500627
7510.0,1.6811967500671017,0.0,36783.188032499325,0.9995431530570469
7511.0,0.6891268161853077,0.0,36793.10873183815,0.9998127372782105
7512.0,2.137475945816732,0.0,36778.625240541835,0.9994191641451585
7513.0,3.238209462630948,0.0,36767.61790537369,0.999120051776459
7514.0,4.648722988119516,0.0,36753.5127701188,0.9987367600575762
7515.0,3.612571206346729,0.0,36763.87428793653,0.9990183230417535
7516.0,3.100527641352528,0.0,36768.994723586475,0.9991574653148498
7517.0,4.093054812212358,0.0,36759.06945187788,0.9988877568445075
7518.0,0.5640813679574421,0.0,36794.35918632043,0.9998467170195768
7519.0,1.5749768250479974,0.0,36784.250231749524,0.9995720171671066
7520.0,0.1565922407526159,0.0,36798.43407759247,0.999957447760665
7521.0,1.363673159317841,0.0,36786.36326840682,0.9996294366414897
7522.0,2.702857941600996,0.0,36772.97142058399,0.9992655277332606
7523.0,1.848695236900312,0.0,36781.513047631,0.9994976371638858
7524.0,0.9755520212356714,0.0,36790.244479787645,0.9997349043420556
7525.0,0.9865579068873558,0.0,36790.13442093113,0.9997319136122589
7526.0,2.4274600334611023,0.0,36775.72539966539,0.9993403641213421
7527.0,2.00974055446477,0.0,36779.90259445535,0.9994538748493301
7528.0,4.4712374777800505,0.0,36755.2876252222,0.9987849898158205
7529.0,2.1030361153743797,0.0,36778.969638846254,0.9994285227947352
7530.0,2.34361957492456,0.0,36776.563804250756,0.9993631468546401
7531.0,2.199978199250836,0.0,36778.000218007495,0.9994021798371602
7532.0,1.555258501384742,0.0,36784.44741498615,0.9995773754072323
7533.0,4.697449708549357,0.0,36753.025502914505,0.9987235191009376
7534.0,2.877289695856234,0.0,36771.22710304144,0.9992181278000392
7535.0,2.567769226868222,0.0,36774.322307731316,0.9993022366231336
7536.0,1.9429247811422101,0.0,36780.57075218858,0.9994720313094723
7537.0,2.5441036913034623,0.0,36774.558963086965,0.9993086674751893
7538.0,3.1789471788533774,0.0,36768.210528211464,0.9991361556579202
7539.0,1.3796082816988928,0.0,36786.20391718301,0.9996251064451905
7540.0,0.7911832208401393,0.0,36792.0881677916,0.9997850045595542
7541.0,0.822554052923806,0.0,36791.77445947076,0.9997764798769229
7542.0,0.6178753003277961,0.0,36793.821246996726,0.999832099103172
7543.0,2.2395970128554836,0.0,36777.60402987144,0.9993914138552022
7544.0,2.038136108697472,0.0,36779.61863891302,0.9994461586661147
7545.0,1.8390247112183715,0.0,36781.609752887816,0.9995002650241255
7546.0,4.320790381168081,0.0,36756.79209618832,0.9988258721790305
7547.0,3.573241401586529,0.0,36764.26758598413,0.9990290104886993
7548.0,2.119008816164751,0.0,36778.809911838354,0.9994241823869118
7549.0,0.723875009168296,0.0,36792.76124990832,0.9998032948344652
7550.0,2.712861895912283,0.0,36772.87138104088,0.9992628092674153
7551.0,1.6757067815260598,0.0,36783.24293218474,0.9995446448963244
7552.0,1.3504120554716792,0.0,36786.49587944528,0.9996330402023175
7553.0,0.018468451695298427,0.0,36799.81531548305,0.9999949813989959
7554.0,1.6205659364231906,0.0,36783.794340635766,0.9995596288216241
7555.0,1.3647426821244153,0.0,36786.35257317875,0.9996291460102922
7556.0,0.0,0.0,36800.0,1.0
7557.0,0.27544527940335684,0.0,36797.24554720597,0.9999251507392926
7558.0,3.811663205999139,0.0,36761.88336794001,0.9989642219548917
7559.0,2.281685786764683,0.0,36777.18314213235,0.9993799766883791
7560.0,4.066563612886057,0.0,36759.33436387114,0.9988949555399765
7561.0,4.888980057517983,0.0,36751.11019942482,0.998671472810457
7562.0,2.375336187080393,0.0,36776.246638129196,0.9993545282100325
7563.0,1.331125427110237,0.0,36786.6887457289,0.9996382811339375
7564.0,1.2258299272161821,0.0,36787.74170072784,0.9996668940415174
7565.0,3.747863344997313,0.0,36762.52136655003,0.998981558873642
7566.0,4.096194208491397,0.0,36759.03805791509,0.9988869037476926
7567.0,3.241831519438165,0.0,36767.58168480562,0.9991190675218918
7568.0,3.673782562065753,0.0,36763.26217437934,0.9990016895211777
7569.0,1.3391384155829655,0.0,36786.60861584417,0.9996361036914176
7570.0,1.2276846406839468,0.0,36787.723153593164,0.9996663900432925
7571.0,1.4767437485925257,0.0,36785.23256251407,0.9995987109378824
7572.0,0.903017133549838,0.0,36790.9698286645,0.9997546149093615
7573.0,1.9710520259041004,0.0,36780.28947974096,0.9994643880364391
7574.0,0.6127866059678126,0.0,36793.87213394032,0.9998334819005522
7575.0,2.755885981110623,0.0,36772.441140188894,0.9992511179399156
7576.0,0.7646552609730861,0.0,36792.35344739027,0.9997922132443008
7577.0,0.9308804609590879,0.0,36790.691195390405,0.9997470433530001
7578.0,0.42587232789628615,0.0,36795.74127672103,0.9998842738239412
7579.0,0.6460474736968536,0.0,36793.53952526303,0.9998244436212781
7580.0,0.8464639415424244,0.0,36791.535360584574,0.9997699826245808
7581.0,2.1499193907056906,0.0,36778.50080609294,0.9994157827742647
7582.0,0.17717584955244092,0.0,36798.228241504476,0.9999518543887086
7583.0,2.419585591914256,0.0,36775.80414408086,0.9993425039152407
7584.0,2.8646586771492366,0.0,36771.353413228506,0.999221560142079
7585.0,1.9628976646463343,0.0,36780.37102335354,0.9994666038954766
7586.0,2.308797530551601,0.0,36776.91202469448,0.9993726093666978
7587.0,3.4046792848266705,0.0,36765.95320715173,0.9990748154117318
7588.0,1.7139904633850165,0.0,36782.86009536615,0.9995342417219063
7589.0,1.3788102126973172,0.0,36786.21189787303,0.9996253233117671
7590.0,2.2115540334352772,0.0,36777.88445966565,0.9993990342300448
7591.0,1.6551054232349998,0.0,36783.448945767654,0.9995502430915123
7592.0,0.9435505889641718,0.0,36790.56449411036,0.9997436003834337
7593.0,1.3345423702585322,0.0,36786.65457629741,0.9996373526167776
7594.0,2.965434248079873,0.0,36770.3456575192,0.9991941754760653
7595.0,2.5864559552037463,0.0,36774.135440447964,0.9992971587078251
7596.0,2.1786357093105835,0.0,36778.21364290689,0.9994079794268177
7597.0,2.4980529467839006,0.0,36775.01947053216,0.9993211812644609
7598.0,1.9679283123459754,0.0,36780.32071687654,0.999465236871645
7599.0,0.7626017359016259,0.0,36792.37398264099,0.9997927712674182
7600.0,1.4593507768831842,0.0,36785.406492231166,0.9996034372888903
7601.0,2.185892241191141,0.0,36778.14107758809,0.9994060075431546
7602.0,1.08373980315082,0.0,36789.16260196849,0.9997055054882742
7603.0,1.2829380129505807,0.0,36787.17061987049,0.9996513755399591
7604.0,0.7191046585030563,0.0,36792.80895341497,0.9998045911254068
7605.0,0.3569677181458246,0.0,36796.430322818545,0.9999029979026779
7606.0,1.6447905536406324,0.0,36783.552094463594,0.9995530460452063
7607.0,1.169066053636925,0.0,36788.30933946363,0.9996823190071639
7608.0,1.0959642965153762,0.0,36789.04035703484,0.9997021836150772
7609.0,2.119471543751388,0.0,36778.805284562484,0.9994240566457196
7610.0,1.2522282128447841,0.0,36787.47771787155,0.9996597205943356
7611.0,1.4160736380645176,0.0,36785.83926361935,0.9996151973809607
7612.0,5.089331949021471,0.0,36749.10668050979,0.998617029361679
7613.0,1.877970406851091,0.0,36781.22029593149,0.99948968195466
7614.0,0.0,0.0,36800.0,1.0
7615.0,1.3128706147836056,0.0,36786.871293852164,0.9996432416807653
7616.0,1.8409261582655745,0.0,36781.59073841735,0.9994997483265584
7617.0,3.096711442030937,0.0,36769.03288557969,0.999158502325535
7618.0,1.5392763234158338,0.0,36784.60723676584,0.9995817183903761
7619.0,1.9174402584740164,0.0,36780.825597415256,0.9994789564515015
7620.0,3.041440424418397,0.0,36769.585595755816,0.9991735216237994
7621.0,1.9569694620695373,0.0,36780.430305379305,0.9994682148200899
7622.0,0.6349013999570161,0.0,36793.65098600043,0.9998274724456638
7623.0,1.357826723055041,0.0,36786.42173276945,0.9996310253469959
7624.0,0.9773872836130977,0.0,36790.22612716387,0.999734405629453
7625.0,1.496173545374404,0.0,36785.03826454625,0.9995934311018003
7626.0,0.857964791563063,0.0,36791.42035208437,0.999766857393597
7627.0,0.0,0.0,36800.0,1.0
7628.0,1.8801284738501636,0.0,36781.1987152615,0.9994890955234103
7629.0,2.2558883065612463,0.0,36777.44111693439,0.999386986873217
7630.0,2.2450326239513743,0.0,36777.549673760484,0.9993899367869696
7631.0,2.236499811433532,0.0,36777.63500188566,0.9993922554860234
7632.0,0.7926788184704492,0.0,36792.073211815296,0.9997845981471548
7633.0,1.6049385541718948,0.0,36783.950614458285,0.9995638753928882
7634.0,0.8986453675152006,0.0,36791.013546324844,0.999755802889262
7635.0,0.10219912374668638,0.0,36798.97800876253,0.9999722284989819
7636.0,0.7106610653154348,0.0,36792.89338934685,0.9998068855800775
7637.0,1.2924328593717291,0.0,36787.07567140628,0.9996487954186489
7638.0,0.574029414719007,0.0,36794.25970585281,0.9998440137460003
7639.0,1.4844972198570758,0.0,36785.15502780143,0.9995966040163433
7640.0,0.9457098495886385,0.0,36790.542901504115,0.9997430136278292
7641.0,0.8828682861103516,0.0,36791.1713171389,0.999760090139644
7642.0,1.119669709621121,0.0,36788.80330290379,0.9996957419267335
7643.0,2.7101048524828,0.0,36772.898951475174,0.9992635584639993
7644.0,2.0747506623865775,0.0,36779.25249337613,0.999436209059134
7645.0,1.514189788587828,0.0,36784.85810211412,0.9995885353835359
7646.0,2.652077150587502,0.0,36773.47922849412,0.9992793268612533
7647.0,0.9516779236682851,0.0,36790.483220763315,0.9997413918685684
7648.0,1.5362391258240677,0.0,36784.63760874176,0.9995825437158087
7649.0,2.0297830264507866,0.0,36779.702169735494,0.999448428525421
7650.0,2.3706675548819476,0.0,36776.29332445118,0.9993557968600865
7651.0,0.7425267134640308,0.0,36792.57473286536,0.9997982264365587
7652.0,0.44139464576346654,0.0,36795.58605354236,0.9998800558027816
7653.0,1.9760340454140533,0.0,36780.239659545856,0.9994630342267896
7654.0,1.6766913755645874,0.0,36783.233086244356,0.9995443773435966
7655.0,1.6798239142935927,0.0,36783.20176085706,0.9995435261102462
7656.0,0.6760871374635826,0.0,36793.23912862536,0.9998162806691675
7657.0,0.9632172640413046,0.0,36790.36782735959,0.9997382561782496
7658.0,0.03781714995238872,0.0,36799.62182850047,0.9999897236005563
7659.0,1.7938627574731072,0.0,36782.06137242527,0.9995125372941649
7660.0,4.422024651161337,0.0,36755.77975348839,0.9987983628665322
7661.0,1.757756329257063,0.0,36782.42243670743,0.9995223488235714
7662.0,0.7822863766559749,0.0,36792.17713623344,0.9997874221802565
7663.0,2.7812509517989383,0.0,36772.187490482014,0.9992442252848374
7664.0,2.10388057990167,0.0,36778.96119420098,0.9994282933206788
7665.0,2.756793473664402,0.0,36772.432065263354,0.9992508713386781
7666.0,2.7289649709446167,0.0,36772.71035029055,0.9992584334318084
7667.0,0.9028867501920104,0.0,36790.97113249808,0.9997546503396217
7668.0,0.28670500456155423,0.0,36797.132949954386,0.9999220910313692
7669.0,1.04929930675371,0.0,36789.507006932465,0.999714864318817
7670.0,1.2624740831570307,0.0,36787.37525916843,0.9996569363904465
7671.0,1.5995900031821293,0.0,36784.00409996818,0.9995653288034831
7672.0,2.6683521749255306,0.0,36773.316478250745,0.999274904300292
7673.0,1.3890625327840098,0.0,36786.10937467216,0.9996225373552218
7674.0,1.7944634848163332,0.0,36782.055365151835,0.9995123740530389
7675.0,1.6022980487250607,0.0,36783.97701951275,0.9995645929215421
7676.0,2.169930720463526,0.0,36778.30069279537,0.9994103449129176
7677.0,1.2002850828121154,0.0,36787.997149171875,0.9996738355753227
7678.0,0.6450580195114526,0.0,36793.549419804884,0.999824712494698
7679.0,0.7195110540114911,0.0,36792.80488945988,0.9998044806918447
7680.0,2.3615106549350457,0.0,36776.38489345065,0.9993582851481155
7681.0,3.839281473065057,0.0,36761.60718526935,0.998956716991015
7682.0,2.4574389372892256,0.0,36775.425610627106,0.9993322176800844
7683.0,1.9500627195666311,0.0,36780.499372804334,0.9994700916522917
7684.0,1.1323176051600967,0.0,36788.6768239484,0.9996923049985978
7685.0,2.6840786934044445,0.0,36773.159213065956,0.9992706307898358
7686.0,0.23215221588088752,0.0,36797.67847784119,0.999936915158728
7687.0,1.8109860911763462,0.0,36781.89013908824,0.9995078842143543
7688.0,3.697065529822794,0.0,36763.029344701776,0.9989953626277657
7689.0,2.4418888316995435,0.0,36775.581111683,0.9993364432522555
7690.0,3.0645626761515814,0.0,36769.354373238486,0.9991672384032197
7691.0,1.484874320470226,0.0,36785.151256795296,0.9995965015433504
7692.0,0.8365971098019145,0.0,36791.63402890198,0.9997726638288581
7693.0,3.097555786315752,0.0,36769.02444213684,0.9991582728841533
7694.0,2.5067690389214476,0.0,36774.932309610784,0.9993188127611626
7695.0,0.7969335788438912,0.0,36792.03066421156,0.9997834419622706
7696.0,6.070842594253008,0.0,36739.29157405747,0.9983503145124312
7697.0,4.775397569271263,0.0,36752.246024307286,0.9987023376170459
7698.0,3.3484884794497702,0.0,36766.515115205504,0.9990900846523235
7699.0,0.1334203081414671,0.0,36798.66579691858,0.9999637444814833
7700.0,1.1177870867513775,0.0,36788.82212913249,0.999696253509035
7701.0,2.1006483902265245,0.0,36778.99351609773,0.9994291716330905
7702.0,3.6937903974012443,0.0,36763.062096025984,0.9989962526094017
7703.0,3.083757899074044,0.0,36769.162421009256,0.9991620223100341
7704.0,0.0,0.0,36800.0,1.0
7705.0,0.23910611413975857,0.0,36797.608938858604,0.999935025512462
7706.0,2.9528212753020853,0.0,36770.47178724698,0.99919760291432
7707.0,1.9527841749804793,0.0,36780.472158250195,0.999469352126364
7708.0,1.0587056644981203,0.0,36789.41294335502,0.9997123082433429
7709.0,1.0462769727291743,0.0,36789.537230272705,0.9997156856052365
7710.0,1.832649132366896,0.0,36781.67350867633,0.9995019975183785
7711.0,3.2308715286253573,0.0,36767.69128471374,0.9991220457802648
7712.0,1.521397296141913,0.0,36784.78602703858,0.9995865768217005
7713.0,2.213856861470049,0.0,36777.8614313853,0.9993984084615571
7714.0,2.5473048962148823,0.0,36774.52695103785,0.9993077975825503
7715.0,2.537114533984095,0.0,36774.62885466016,0.9993105667027217
7716.0,4.4172163739222015,0.0,36755.82783626078,0.9987996694636082
7717.0,2.1785569649036916,0.0,36778.21443035096,0.9994080008247544
7718.0,1.0876825522809668,0.0,36789.123174477194,0.9997044340890542
7719.0,2.2414633704947846,0.0,36777.585366295054,0.9993909066928004
7720.0,2.565327714196428,0.0,36774.346722858034,0.999302900077664
7721.0,0.42629066939116456,0.0,36795.73709330609,0.9998841601441871
7722.0,1.9586670636554118,0.0,36780.413329363444,0.999467753515311
7723.0,2.563420973772736,0.0,36774.36579026227,0.9993034182136488
7724.0,0.4859531791689733,0.0,36795.14046820831,0.9998679475056605
7725.0,0.0,0.0,36800.0,1.0
7726.0,1.4267050866737918,0.0,36785.732949133264,0.9996123084003604
7727.0,2.375652476045616,0.0,36776.24347523954,0.999354442261944
7728.0,1.0580160543313468,0.0,36789.419839456685,0.9997124956374099
7729.0,0.14720194235451345,0.0,36798.52798057646,0.9999599994721864
7730.0,1.3215758029882636,0.0,36786.78424197012,0.9996408761404924
7731.0,0.6829188513329427,0.0,36793.17081148667,0.9998144242251813
7732.0,0.0,0.0,36800.0,1.0
7733.0,0.5019364590007172,0.0,36794.98063540999,0.9998636042230976
7734.0,2.1716356237820946,0.0,36778.28364376218,0.9994098816239723
7735.0,3.7713047321831255,0.0,36762.28695267817,0.9989751889314721
7736.0,0.5646542599142776,0.0,36794.35345740086,0.9998465613424147
7737.0,1.6950731156857728,0.0,36783.04926884314,0.9995393823055201
7738.0,3.0221009628494357,0.0,36769.7789903715,0.9991787769122691
7739.0,1.3497009146594792,0.0,36786.502990853405,0.9996332334471034
7740.0,2.399476392397446,0.0,36776.005236076024,0.9993479683716311
7741.0,1.9671063359155596,0.0,36780.32893664084,0.9994654602348055
7742.0,1.3633384049871893,0.0,36786.36661595013,0.9996295276073405
7743.0,3.9180631634972087,0.0,36760.81936836503,0.9989353089229628
7744.0,0.6129304623163989,0.0,36793.870695376834,0.9998334428091531
7745.0,1.6908097098539656,0.0,36783.09190290146,0.9995405408397137
7746.0,2.0087967873187154,0.0,36779.91203212681,0.9994541313077938
7747.0,1.5903433634794055,0.0,36784.0965663652,0.9995678414773153
7748.0,1.1455434951967618,0.0,36788.54456504803,0.9996887110067401
7749.0,1.979459946885072,0.0,36780.20540053115,0.999462103275303
7750.0,3.1718223642174053,0.0,36768.28177635783,0.999138091748854
7751.0,2.128423461282182,0.0,36778.715765387176,0.9994216240594341
7752.0,3.200260752741997,0.0,36767.99739247258,0.9991303639258853
7753.0,5.033746143955796,0.0,36749.66253856044,0.9986321342000121
7754.0,4.591388160527458,0.0,36754.08611839473,0.9987523401737698
7755.0,2.931672755920772,0.0,36770.683272440794,0.9992033497945868
7756.0,3.1559404175286545,0.0,36768.440595824715,0.9991424074952369
7757.0,3.331743622706199,0.0,36766.682563772934,0.9990946348851341
7758.0,1.6351049447184778,0.0,36783.648950552815,0.9995556780041526
7759.0,1.7288135269500344,0.0,36782.7118647305,0.9995302137155028
7760.0,1.8258429065681412,0.0,36781.74157093432,0.9995038470362586
7761.0,2.0623976070965,0.0,36779.376023929035,0.9994395658676368
7762.0,2.9792080047018317,0.0,36770.20791995298,0.999190432607418
7763.0,3.217020354433771,0.0,36767.82979645566,0.9991258096862952
7764.0,4.625035340730392,0.0,36753.749646592696,0.9987431969182797
7765.0,2.2992318633769173,0.0,36777.00768136623,0.999375208732778
7766.0,0.6348018705166396,0.0,36793.65198129483,0.9998274994917073
7767.0,2.118582359975335,0.0,36778.81417640025,0.999424298271746
7768.0,0.8460140981142104,0.0,36791.539859018856,0.9997701048646428
7769.0,1.8328156239531381,0.0,36781.67184376047,0.9995019522760998
7770.0,1.0230951107369037,0.0,36789.76904889263,0.9997219850242562
7771.0,0.27866929157971754,0.0,36797.2133070842,0.9999242746490272
7772.0,2.340231691651752,0.0,36776.597683083484,0.9993640674750947
7773.0,0.3855431035926813,0.0,36796.144568964075,0.9998952328522847
7774.0,0.40243194388858683,0.0,36795.97568056111,0.9998906434935084
7775.0,4.937634487498144,0.0,36750.62365512502,0.9986582514979625
7776.0,2.9741704061934797,0.0,36770.25829593807,0.9991918015200562
7777.0,1.647445800690548,0.0,36783.52554199309,0.9995523245106818
7778.0,0.8461697274724429,0.0,36791.538302725276,0.9997700625740564
7779.0,1.824831438269939,0.0,36781.7516856173,0.9995041218917745
7780.0,2.195512726153538,0.0,36778.044872738465,0.9994033932809365
7781.0,1.1947931171189339,0.0,36788.05206882881,0.9996753279573046
7782.0,0.6603395868078223,0.0,36793.39660413192,0.9998205598948892
7783.0,3.1878686313730213,0.0,36768.12131368627,0.9991337313501705
7784.0,3.0370360210927174,0.0,36769.62963978907,0.999174718472529
7785.0,1.4470850448533383,0.0,36785.52914955147,0.9996067703682464
7786.0,0.6790751464859568,0.0,36793.20924853514,0.999815468710194
7787.0,1.2585304919311966,0.0,36787.41469508069,0.999658008018497
7788.0,2.0376733811099257,0.0,36779.6232661889,0.9994462844073071
7789.0,1.8298379853495135,0.0,36781.7016201465,0.9995027614170245
7790.0,1.8672984491504394,0.0,36781.3270155085,0.9994925819431657
7791.0,1.9134020932951898,0.0,36780.86597906705,0.999480053778996
7792.0,2.615025590658661,0.0,36773.849744093415,0.9992893952199298
7793.0,0.9820740370623753,0.0,36790.179259629374,0.999733132055146
7794.0,1.2578319675412786,0.0,36787.42168032459,0.9996581978349073
7795.0,0.9013409005710855,0.0,36790.98659099429,0.9997550704074535
7796.0,1.5873434791765249,0.0,36784.12656520824,0.9995686566632673
7797.0,2.7755529805608603,0.0,36772.24447019439,0.9992457736465866
7798.0,1.317796036971231,0.0,36786.822039630286,0.999641903250823
7799.0,1.5361418217862592,0.0,36784.638581782136,0.9995825701571233
7800.0,1.2295045891278278,0.0,36787.70495410872,0.9996658954920847
7801.0,1.3802553909699782,0.0,36786.1974460903,0.9996249306002799
7802.0,0.5438219292464055,0.0,36794.56178070753,0.9998522223018351
7803.0,0.8175404067969794,0.0,36791.824595932034,0.9997778422807618
7804.0,4.346645898328461,0.0,36756.53354101672,0.9988188462232803
7805.0,2.3222083822711284,0.0,36776.77791617729,0.9993689651135134
7806.0,4.612752183248631,0.0,36753.87247816751,0.9987465347328128
7807.0,2.6912401137951747,0.0,36773.08759886205,0.9992686847516861
7808.0,1.5621596021219375,0.0,36784.37840397878,0.999575500108119
7809.0,4.183130699354479,0.0,36758.16869300645,0.9988632797012623
7810.0,3.8365227731983396,0.0,36761.634772268015,0.9989574666377178
7811.0,1.4868826432639253,0.0,36785.13117356736,0.9995959558034608
7812.0,0.18056877561502915,0.0,36798.19431224385,0.9999509323979308
7813.0,1.2691233300483873,0.0,36787.30876669951,0.999655129529878
7814.0,1.1544782075197872,0.0,36788.4552179248,0.9996862830957826
7815.0,4.291795794945756,0.0,36757.08204205054,0.9988337511426777
7816.0,2.6204471582750557,0.0,36773.79552841725,0.9992879219678601
7817.0,0.6779539486669819,0.0,36793.22046051333,0.9998157733835145
7818.0,3.522630677788584,0.0,36764.773693222116,0.9990427634027749
7819.0,3.4416031319042304,0.0,36765.583968680956,0.9990647817576347
7820.0,2.9810243476249525,0.0,36770.18975652375,0.9991899390359715
7821.0,1.3148187705392047,0.0,36786.85181229461,0.9996427122906144
7822.0,1.7600301131506058,0.0,36782.399698868496,0.9995217309475135
7823.0,2.492373524629329,0.0,36775.076264753705,0.9993227245856985
7824.0,1.7826444467191322,0.0,36782.173555532805,0.999515585748174
7825.0,1.7333019589796095,0.0,36782.666980410206,0.999528994032886
7826.0,0.763870008210688,0.0,36792.361299917895,0.9997924266282037
7827.0,3.896214086701548,0.0,36761.037859132986,0.998941246172092
7828.0,2.4735944269541505,0.0,36775.264055730455,0.9993278276013711
7829.0,1.226277830332947,0.0,36787.73722169667,0.9996667723287138
7830.0,0.6524207634038248,0.0,36793.47579236596,0.9998227117490751
7831.0,1.7561092712503523,0.0,36782.4389072875,0.999522796393682
7832.0,1.6310802245943705,0.0,36783.68919775406,0.9995567716780994
7833.0,2.986737247326346,0.0,36770.132627526735,0.9991883866175744
7834.0,3.0070412692102764,0.0,36769.929587307895,0.9991828692203233
7835.0,1.9458820077179553,0.0,36780.54117992282,0.999471227715294
7836.0,1.1779814350102242,0.0,36788.2201856499,0.9996798963491821
7837.0,2.227801165961864,0.0,36777.72198834038,0.9993946192483799
7838.0,0.2869372810828281,0.0,36797.13062718917,0.9999220279127493
7839.0,0.024637485729726905,0.0,36799.7536251427,0.9999933050310517
7840.0,1.8237361038545714,0.0,36781.76263896145,0.999504419536996
7841.0,1.240023049451338,0.0,36787.59976950548,0.9996630372148229
7842.0,2.356515417852279,0.0,36776.43484582148,0.9993596425494967
7843.0,1.988808702722963,0.0,36780.111912972774,0.999459562852521
7844.0,4.1770509115649475,0.0,36758.22949088435,0.9988649318175095
7845.0,0.7092704136348402,0.0,36792.90729586365,0.9998072634745558
7846.0,0.6987337678974654,0.0,36793.01266232102,0.9998101266935061
7847.0,0.732301320696024,0.0,36792.67698679304,0.9998010050758979
7848.0,1.509088641467315,0.0,36784.90911358532,0.9995899215648185
7849.0,1.3232141023627264,0.0,36786.767858976375,0.999640430950445
7850.0,2.186095524565644,0.0,36778.139044754345,0.9994059523031072
7851.0,2.3013849147682777,0.0,36776.98615085232,0.9993746236644652
7852.0,2.916158243913742,0.0,36770.838417560866,0.9992075656945888
7853.0,0.04752396588992269,0.0,36799.5247603411,0.9999870858788341
7854.0,0.13300604639516678,0.0,36798.66993953605,0.99996385705261
7855.0,2.746529681082393,0.0,36772.53470318917,0.9992536604127492
7856.0,0.12309155780167202,0.0,36798.76908442198,0.9999665512071191
7857.0,1.773004197643786,0.0,36782.269958023564,0.999518205381075
7858.0,3.1416653118076283,0.0,36768.583346881926,0.9991462866000523
7859.0,2.7153697492212814,0.0,36772.84630250779,0.9992621277855377
7860.0,1.3821724926356183,0.0,36786.178275073646,0.9996244096487403
7861.0,0.0,0.0,36800.0,1.0
7862.0,0.9761788427140345,0.0,36790.23821157286,0.9997347340101321
7863.0,1.6966627018837244,0.0,36783.03337298116,0.999538950352749
7864.0,2.1607401919891345,0.0,36778.39259808011,0.9994128423391333
7865.0,2.6474302371934755,0.0,36773.525697628065,0.9992805896094583
7866.0,3.4675402150933223,0.0,36765.32459784907,0.9990577336372028
7867.0,1.0713844703559516,0.0,36789.28615529644,0.9997088629156641
7868.0,0.7281764955778272,0.0,36792.71823504422,0.9998021259522887
7869.0,2.565292614374812,0.0,36774.347073856254,0.999302909615659
7870.0,2.78507813019678,0.0,36772.14921869803,0.9992431852907074
7871.0,1.5413943458797803,0.0,36784.5860565412,0.9995811428407935
7872.0,3.1793081929736218,0.0,36768.20691807027,0.9991360575562572
7873.0,1.5441240100672076,0.0,36784.55875989933,0.999580401084221
7874.0,0.6761004536656401,0.0,36793.23899546334,0.9998162770506343
7875.0,0.9523398648943839,0.0,36790.47660135105,0.9997412119932351
7876.0,2.2772761597962017,0.0,36777.22723840204,0.9993811749565772
7877.0,2.83257888126991,0.0,36771.6742111873,0.9992302774779158
7878.0,2.802438047443502,0.0,36771.97561952556,0.9992384679218903
7879.0,2.1030924621818485,0.0,36778.96907537818,0.9994285074831029
7880.0,0.8293993697534461,0.0,36791.70600630247,0.9997746197364802
7881.0,1.5168397068473496,0.0,36784.831602931525,0.9995878152970523
7882.0,2.6849994137710382,0.0,36773.15000586229,0.999270380594084
7883.0,2.554980826758765,0.0,36774.45019173241,0.9993057117318589
7884.0,1.475427267190753,0.0,36785.24572732809,0.9995990686773937
7885.0,0.0,0.0,36800.0,1.0
7886.0,0.7779234153085781,0.0,36792.22076584691,0.9997886077675792
7887.0,0.3409270095908141,0.0,36796.59072990409,0.9999073567908721
7888.0,0.9868862135608651,0.0,36790.13113786439,0.9997318243984888
7889.0,1.9411364758443597,0.0,36780.588635241555,0.9994725172619988
7890.0,3.8484293693991276,0.0,36761.51570630601,0.9989542311496199
7891.0,3.125789712792539,0.0,36768.74210287207,0.9991506006215237
7892.0,0.9958734870415356,0.0,36790.041265129585,0.9997293822046083
7893.0,1.08307747546678,0.0,36789.169225245336,0.9997056854686233
7894.0,4.20452949180617,0.0,36757.95470508194,0.9988574648120092
7895.0,2.8693970895528764,0.0,36771.30602910447,0.9992202725300127
7896.0,0.9316991634741498,0.0,36790.68300836526,0.9997468208794907
7897.0,1.6245469799541752,0.0,36783.75453020046,0.9995585470163167
7898.0,1.3007253670302816,0.0,36786.9927463297,0.9996465420198288
7899.0,0.9989962470499449,0.0,36790.0100375295,0.999728533628519
7900.0,3.6699684203313154,0.0,36763.30031579669,0.9990027259727361
7901.0,0.8225872868069928,0.0,36791.77412713193,0.9997764708459764
7902.0,1.028280150444516,0.0,36789.71719849556,0.9997205760460749
7903.0,0.5172584665406248,0.0,36794.82741533459,0.9998594406340922
7904.0,1.4844170408196078,0.0,36785.15582959181,0.9995966258041252
7905.0,1.4802670877452329,0.0,36785.197329122544,0.9995977535087648
7906.0,4.396452076150126,0.0,36756.0354792385,0.9988053119358287
7907.0,1.622114923483423,0.0,36783.778850765164,0.9995592079012273
7908.0,0.6494346136860258,0.0,36793.50565386314,0.9998235232028027
7909.0,0.47944975262998923,0.0,36795.2055024737,0.9998697147411331
7910.0,2.9225714215972403,0.0,36770.77428578403,0.9992058229832617
7911.0,3.0444528854914097,0.0,36769.55547114508,0.9991727030202469
7912.0,2.999645542437065,0.0,36770.00354457563,0.9991848789286856
7913.0,0.920867534797253,0.0,36790.791324652026,0.9997497642568485
7914.0,0.0,0.0,36800.0,1.0
7915.0,0.12001838095238782,0.0,36798.799816190476,0.9999673863095238
7916.0,1.8821506387375848,0.0,36781.17849361262,0.999488546022082
7917.0,1.1652532579828403,0.0,36788.34746742017,0.9996833550929395
7918.0,0.9471260178825105,0.0,36790.52873982117,0.9997426287994884
7919.0,0.8919275912603553,0.0,36791.0807240874,0.9997576283719402
7920.0,1.0677035878579773,0.0,36789.32296412142,0.9997098631554734
7921.0,1.6553302264319427,0.0,36783.44669773568,0.999550182003687
7922.0,0.9514102465473115,0.0,36790.48589753453,0.9997414646069165
7923.0,2.6530348312944625,0.0,36773.46965168705,0.9992790666219308
7924.0,2.2652340416170773,0.0,36777.34765958383,0.9993844472712997
7925.0,2.280319121951834,0.0,36777.196808780485,0.9993803480646871
7926.0,3.0510808663848366,0.0,36769.48919133615,0.9991709019384823
7927.0,1.0942784786057018,0.0,36789.05721521394,0.9997026417177702
7928.0,0.0,0.0,36800.0,1.0
7929.0,0.561441416717571,0.0,36794.385585832824,0.9998474343976311
7930.0,2.0722924522715402,0.0,36779.27707547729,0.9994368770510133
7931.0,2.5291443653450187,0.0,36774.70855634655,0.9993127325094172
7932.0,1.3007254585236296,0.0,36786.99274541476,0.9996465419949664
7933.0,0.779325393248655,0.0,36792.20674606752,0.999788226795313
7934.0,0.7685619024941843,0.0,36792.31438097506,0.999791151656931
7935.0,1.5054570204392803,0.0,36784.94542979561,0.999590908418359
7936.0,1.300391899349961,0.0,36786.9960810065,0.9996466326360463
7937.0,1.2071394794938897,0.0,36787.92860520506,0.9996719729675287
7938.0,2.105283246347426,0.0,36778.94716753653,0.9994279121613187
7939.0,0.8928738039321615,0.0,36791.07126196068,0.9997573712489315
7940.0,0.7344795264434651,0.0,36792.655204735565,0.9998004131721621
7941.0,1.8516747081139329,0.0,36781.48325291886,0.9994968275249689
7942.0,2.7185863915246955,0.0,36772.81413608475,0.9992612536979552
7943.0,2.0144639202635517,0.0,36779.855360797366,0.9994525913260154
7944.0,2.0216551835492282,0.0,36779.78344816451,0.9994506371783834
7945.0,0.6729913999288328,0.0,36793.27008600071,0.9998171219021932
7946.0,1.0458035188648864,0.0,36789.54196481135,0.9997158142611781
7947.0,2.189654284050448,0.0,36778.103457159494,0.9994049852488993
7948.0,1.7483718323474022,0.0,36782.51628167652,0.9995248989586012
7949.0,0.17201895228117792,0.0,36798.27981047719,0.9999532557194888
7950.0,2.264656747225672,0.0,36777.35343252774,0.9993846041447756
7951.0,1.7088630213347642,0.0,36782.911369786656,0.9995356350485505
7952.0,0.8859982603244134,0.0,36791.140017396756,0.9997592396031727
7953.0,0.018042063758912263,0.0,36799.81957936241,0.9999950972652829
7954.0,2.835686357245322,0.0,36771.64313642755,0.9992294330550965
7955.0,2.6410812503891066,0.0,36773.58918749611,0.9992823148776117
7956.0,3.4153673540558884,0.0,36765.84632645944,0.9990719110450934
7957.0,4.376276775884435,0.0,36756.237232241154,0.9988107943543791
7958.0,3.716968274955434,0.0,36762.830317250446,0.9989899542731099
7959.0,1.02016563347388,0.0,36789.79834366526,0.9997227810778603
7960.0,2.4803146152580666,0.0,36775.19685384742,0.999326001463245
7961.0,4.965750506953555,0.0,36750.34249493046,0.9986506112752843
7962.0,1.2952100009342757,0.0,36787.047899990655,0.9996480407606156
7963.0,1.6606560411873943,0.0,36783.39343958812,0.9995487347714164
7964.0,3.113728137115686,0.0,36768.86271862884,0.9991538782236099
7965.0,0.5055481466097262,0.0,36794.9445185339,0.9998626227862473
7966.0,0.8584955458345576,0.0,36791.41504454165,0.9997667131668927
7967.0,4.569650800463933,0.0,36754.303491995364,0.9987582470650914
7968.0,1.2660066513117272,0.0,36787.33993348688,0.9996559764534478
7969.0,1.3159236212177348,0.0,36786.840763787826,0.9996424120594518
7970.0,1.515375334921373,0.0,36784.846246650784,0.9995882132242061
7971.0,0.9480734432772806,0.0,36790.51926556723,0.9997423713469356
7972.0,4.284662706463678,0.0,36757.15337293536,0.9988356894819391
7973.0,3.621410847847983,0.0,36763.78589152152,0.9990159209652586
7974.0,1.0299940016157052,0.0,36789.70005998384,0.9997201103256479
7975.0,2.640667744345592,0.0,36773.593322556546,0.9992824272433845
7976.0,1.1038114536831927,0.0,36788.96188546317,0.9997000512354123
7977.0,0.8831931281329162,0.0,36791.168068718674,0.9997600018673553
7978.0,2.105294639942258,0.0,36778.947053600576,0.999427909065233
7979.0,3.8052378511310962,0.0,36761.94762148869,0.9989659679752361
7980.0,0.7520112129959671,0.0,36792.47988787004,0.9997956491269032
7981.0,0.6756132220061772,0.0,36793.24386777994,0.9998164094505417
7982.0,2.265748353453091,0.0,36777.34251646547,0.9993843075126486
7983.0,4.6466644208867365,0.0,36753.533355791136,0.9987373194508461
7984.0,1.1432841437108436,0.0,36788.56715856289,0.9996893249609481
7985.0,3.5583296078775675,0.0,36764.416703921226,0.9990330626065551
7986.0,1.8026442735936143,0.0,36781.973557264064,0.9995101510126104
7987.0,2.2758388746897253,0.0,36777.24161125311,0.9993815655231822
7988.0,2.0621996949848835,0.0,36779.37800305015,0.9994396196481019
7989.0,1.5822620760991413,0.0,36784.17737923901,0.9995700374793209
7990.0,0.7322873626262663,0.0,36792.67712637374,0.9998010088688516
7991.0,1.1459837447564496,0.0,36788.54016255244,0.9996885913737076
7992.0,3.698226071285717,0.0,36763.01773928714,0.9989950472632375
7993.0,2.846129709505476,0.0,36771.538702904945,0.9992265951876343
7994.0,1.9554417134204414,0.0,36780.445582865796,0.9994686299691792
7995.0,0.0,0.0,36800.0,1.0
7996.0,0.0,0.0,36800.0,1.0
7997.0,0.0,0.0,36800.0,1.0
7998.0,0.8280837646952932,0.0,36791.719162353045,0.9997749772378545
7999.0,1.782459030910104,0.0,36782.1754096909,0.9995156361329048
8000.0,2.3440756037507526,0.0,36776.55924396249,0.9993630229337633
8001.0,3.1435449541613707,0.0,36768.56455045839,0.9991457758276736
8002.0,2.8219793542521074,0.0,36771.78020645748,0.9992331577841707
8003.0,2.604057380197446,0.0,36773.959426198024,0.9992923757119028
8004.0,0.4965055760303585,0.0,36795.0349442397,0.9998650800065135
8005.0,1.1680555222910698,0.0,36788.31944477709,0.999682593608073
8006.0,1.8359686690519084,0.0,36781.64031330948,0.9995010954703663
8007.0,1.4924029882367904,0.0,36785.07597011763,0.9995944557097182
8008.0,4.15687365912072,0.0,36758.43126340879,0.9988704147665433
8009.0,2.575142417670577,0.0,36774.248575823294,0.9993002330386764
8010.0,1.866193992494118,0.0,36781.33806007506,0.9994928820672571
8011.0,1.8455634807778551,0.0,36781.544365192225,0.9994984881845713
8012.0,2.860426420330441,0.0,36771.395735796694,0.9992227102118667
8013.0,2.115016838498377,0.0,36778.849831615014,0.9994252671634515
8014.0,2.611609342326119,0.0,36773.88390657674,0.999290323548281
8015.0,2.296821862869365,0.0,36777.031781371305,0.9993758636242203
8016.0,0.8467245291321888,0.0,36791.53275470868,0.9997699118127358
8017.0,2.0857392627749505,0.0,36779.142607372254,0.9994332230264199
8018.0,2.8349690987606664,0.0,36771.650309012395,0.9992296279622933
8019.0,2.5710988753053243,0.0,36774.28901124695,0.9993013318273627
8020.0,1.889103155886005,0.0,36781.10896844114,0.999486656751118
8021.0,0.7495671284495984,0.0,36792.504328715506,0.9997963132803127
8022.0,0.25266900921269553,0.0,36797.47330990787,0.9999313399431488
8023.0,1.00753481972788,0.0,36789.92465180272,0.9997262133642044
8024.0,0.9958257181642693,0.0,36790.04174281836,0.9997293951852815
8025.0,2.4528417947858543,0.0,36775.47158205214,0.9993334669035907
8026.0,3.83213938010158,0.0,36761.678606198984,0.9989586577771463
8027.0,1.6974376984171613,0.0,36783.02562301583,0.9995387397558648
8028.0,2.5850509834617696,0.0,36774.14949016538,0.9992975404936244
8029.0,0.4462989091189229,0.0,36795.53701090881,0.999878723122522
8030.0,3.397386231267774,0.0,36766.026137687324,0.9990767972197643
8031.0,1.8300377074074277,0.0,36781.699622925924,0.9995027071447262
8032.0,2.3837463394338556,0.0,36776.16253660566,0.9993522428425452
8033.0,1.7842486822992214,0.0,36782.15751317701,0.9995151498145926
8034.0,5.0846380746243085,0.0,36749.15361925376,0.9986183048710261
8035.0,2.0658432041436754,0.0,36779.34156795856,0.9994386295640912
8036.0,0.47680342616240523,0.0,36795.23196573838,0.9998704338515864
8037.0,1.0709794372369288,0.0,36789.29020562763,0.9997089729790116
8038.0,1.9413668065535603,0.0,36780.586331934464,0.9994724546721322
8039.0,1.3595540921678548,0.0,36786.40445907832,0.9996305559532153
8040.0,1.2626904285407363,0.0,36787.37309571459,0.9996568776009399
8041.0,5.889554413565747,0.0,36741.10445586434,0.9983995776050093
8042.0,2.3499291687139703,0.0,36776.50070831286,0.9993614322911103
8043.0,1.2037325084775148,0.0,36787.96267491522,0.9996728987748702
8044.0,1.5924903696341062,0.0,36784.075096303655,0.9995672580517297
8045.0,3.3449170724061332,0.0,36766.55082927594,0.9990910551433679
8046.0,1.0294748330388757,0.0,36789.70525166961,0.9997202514040656
8047.0,3.6378739218007468,0.0,36763.62126078199,0.9990114473038585
8048.0,1.6141197573879253,0.0,36783.85880242612,0.9995613805007098
8049.0,0.7449573136163963,0.0,36792.55042686383,0.9997975659473868
8050.0,1.4676370925544688,0.0,36785.32362907445,0.9996011855726754
8051.0,1.3063229264816982,0.0,36786.936770735185,0.9996450209438908
8052.0,2.114567508631808,0.0,36778.854324913686,0.9994253892639589
8053.0,1.3211616504358972,0.0,36786.788383495645,0.9996409886819468
8054.0,1.8008854602430802,0.0,36781.991145397566,0.9995106289510208
8055.0,0.37699983256243286,0.0,36796.230001674376,0.9998975543933254
8056.0,3.466844150266297,0.0,36765.33155849734,0.9990579227852537
8057.0,1.4747234581054727,0.0,36785.25276541895,0.9995992599298626
8058.0,2.429250829299235,0.0,36775.707491707006,0.9993398774920382
8059.0,1.5078298146563611,0.0,36784.92170185344,0.9995902636373217
8060.0,1.1914276145043914,0.0,36788.08572385496,0.9996762424960587
8061.0,2.4803388673472,0.0,36775.19661132653,0.9993259948730036
8062.0,0.5430519542196635,0.0,36794.5694804578,0.9998524315341794
8063.0,1.5495516249593493,0.0,36784.50448375041,0.9995789261888698
8064.0,0.0,0.0,36800.0,1.0
8065.0,0.4373636133323089,0.0,36795.62636386668,0.9998811511920294
8066.0,4.133982018959614,0.0,36758.6601798104,0.9988766353209348
8067.0,3.1025860042991553,0.0,36768.974139957005,0.9991569059770925
8068.0,2.2270156864860837,0.0,36777.72984313514,0.9993948326938896
8069.0,1.9458956245007357,0.0,36780.541043754994,0.9994712240150814
8070.0,2.9556243102524604,0.0,36770.443756897475,0.99919684122004
8071.0,1.725126298520081,0.0,36782.7487370148,0.99953121567975
8072.0,1.0741174788017815,0.0,36789.25882521198,0.9997081202503256
8073.0,2.622080525185993,0.0,36773.77919474814,0.9992874781181559
8074.0,1.8134036743476827,0.0,36781.865963256525,0.9995072272624056
8075.0,1.5471147361176918,0.0,36784.528852638825,0.9995795883869246
8076.0,1.7464459107532093,0.0,36782.535540892466,0.9995254223068605
8077.0,1.8793504762943485,0.0,36781.20649523706,0.9994893069357896
8078.0,0.8304807491831525,0.0,36791.69519250817,0.9997743258833741
8079.0,0.350363766371629,0.0,36796.496362336286,0.9999047924547904
8080.0,2.4079470015913103,0.0,36775.92052998408,0.9993456665756545
8081.0,1.9053676239891502,0.0,36780.94632376011,0.9994822370586987
8082.0,3.633974087979368,0.0,36763.66025912021,0.9990125070413101
8083.0,1.7169275046926487,0.0,36782.83072495308,0.9995334436128553
8084.0,0.14922894712708512,0.0,36798.50771052873,0.999959448655672
8085.0,2.4168987769680825,0.0,36775.83101223032,0.9993432340279979
8086.0,2.3148901402364572,0.0,36776.85109859763,0.99937095376624
8087.0,2.648208274731587,0.0,36773.517917252684,0.9992803781862143
8088.0,2.6303184196649454,0.0,36773.69681580335,0.9992852395598736
8089.0,1.4423546074003752,0.0,36785.576453926,0.9996080558132064
8090.0,2.141038861861489,0.0,36778.58961138139,0.9994181959614508
8091.0,2.1550245882563104,0.0,36778.449754117435,0.9994143954923216
8092.0,2.1679699027918105,0.0,36778.32030097208,0.9994108777438065
8093.0,0.9585109802401348,0.0,36790.4148901976,0.9997395350597174
8094.0,0.7928225104624289,0.0,36792.071774895376,0.9997845591004179
8095.0,1.488456465982381,0.0,36785.11543534018,0.999595528134244
8096.0,1.7244375257341744,0.0,36782.755624742655,0.9995314028462677
8097.0,0.0,0.0,36800.0,1.0
8098.0,1.3922793739093322,0.0,36786.0772062609,0.9996216632136115
8099.0,0.8319314924165155,0.0,36791.68068507584,0.9997739316596694
8100.0,2.259749615628607,0.0,36777.40250384371,0.9993859376044486
8101.0,1.4799188076767678,0.0,36785.200811923234,0.9995978481500879
8102.0,0.8460220406668668,0.0,36791.53977959333,0.9997701027063405
8103.0,5.509708134328321,0.0,36744.90291865672,0.9985027967026283
8104.0,2.5612676812752397,0.0,36774.38732318725,0.9993040033474796
8105.0,0.8725374549612752,0.0,36791.27462545039,0.999762897430717
8106.0,0.6110938656047438,0.0,36793.88906134395,0.9998339418843465
8107.0,1.6631453011304984,0.0,36783.3685469887,0.9995480583420842
8108.0,0.0,0.0,36800.0,1.0
8109.0,0.0,0.0,36800.0,1.0
8110.0,0.5360329793511482,0.0,36794.63967020649,0.9998543388643067
8111.0,1.098550272689863,0.0,36789.0144972731,0.9997014809041603
8112.0,0.8375939655124967,0.0,36791.624060344875,0.9997723929441542
8113.0,1.894155974552632,0.0,36781.05844025448,0.9994852837025673
8114.0,0.6413205051776458,0.0,36793.58679494822,0.9998257281235929
8115.0,0.2579369917903023,0.0,36797.420630082095,0.9999299084261439
8116.0,1.4638055341147265,0.0,36785.36194465886,0.9996022267570341
8117.0,1.309443945446219,0.0,36786.905560545536,0.9996441728409113
8118.0,2.2134466633042393,0.0,36777.86553336696,0.99939851992845
8119.0,3.0840847908548312,0.0,36769.15915209145,0.999161933480746
8120.0,3.053855379108427,0.0,36769.461446208916,0.9991701479948075
8121.0,1.4305888210792546,0.0,36785.694111789206,0.9996112530377501
8122.0,2.1298250638192258,0.0,36778.701749361804,0.9994212431891795
8123.0,1.0794548740204846,0.0,36789.2054512598,0.9997066698711902
8124.0,1.398504705839514,0.0,36786.01495294161,0.9996199715473263
8125.0,3.773513710784755,0.0,36762.26486289215,0.9989745886655477
8126.0,1.1992487550869555,0.0,36788.00751244913,0.9996741171861175
8127.0,2.172831076991315,0.0,36778.27168923009,0.9994095567725567
8128.0,1.3307856321216605,0.0,36786.69214367878,0.9996383734695321
8129.0,2.158615032893067,0.0,36778.413849671066,0.9994134198280181
8130.0,0.98790158425345,0.0,36790.12098415747,0.9997315484825399
8131.0,0.9117628448357209,0.0,36790.88237155164,0.9997522383573816
8132.0,2.9584798773767034,0.0,36770.415201226235,0.9991960652507129
8133.0,1.825101156520759,0.0,36781.74898843479,0.9995040485987714
8134.0,1.3126751847576088,0.0,36786.87324815242,0.9996432947867505
8135.0,0.7713640347546971,0.0,36792.286359652455,0.9997903902079471
8136.0,3.8504958255853126,0.0,36761.49504174414,0.9989536696126126
8137.0,0.8560056816077122,0.0,36791.43994318393,0.9997673897604328
8138.0,4.356343265003488,0.0,36756.43656734996,0.9988162110692925
8139.0,2.5780371948139873,0.0,36774.21962805186,0.9992994464144528
8140.0,1.3849449196914065,0.0,36786.15055080308,0.9996236562718229
8141.0,1.2262155136131696,0.0,36787.73784486387,0.9996667892626052
8142.0,2.896098622080899,0.0,36771.03901377919,0.9992130166787824
8143.0,2.088487242474912,0.0,36779.11512757525,0.9994324762928056
8144.0,0.9255899060963202,0.0,36790.74410093904,0.9997484810037782
8145.0,2.099499318243943,0.0,36779.00500681756,0.999429483880912
8146.0,1.321701100168866,0.0,36786.78298899831,0.9996408420923454
8147.0,1.753510777693009,0.0,36782.46489222307,0.9995235025060617
8148.0,0.9315036562202295,0.0,36790.6849634378,0.999746874006462
8149.0,2.614836311770887,0.0,36773.85163688229,0.99928944665441
8150.0,2.2109486106346594,0.0,36777.89051389365,0.9993991987471101
8151.0,2.31706849350212,0.0,36776.82931506498,0.9993703618224179
8152.0,2.0624184459675234,0.0,36779.37581554033,0.9994395602049002
8153.0,0.9428231949541441,0.0,36790.57176805046,0.9997437980448495
8154.0,0.868120159369937,0.0,36791.3187984063,0.9997640977827799
8155.0,0.9218056851632355,0.0,36790.781943148366,0.9997495093246839
8156.0,1.0815730770636947,0.0,36789.184269229365,0.9997060942725371
8157.0,0.9830067071980011,0.0,36790.16993292802,0.9997328786121745
8158.0,1.4260097636306455,0.0,36785.7399023637,0.9996124973468395
8159.0,2.6086615213689583,0.0,36773.91338478631,0.9992911245865845
8160.0,2.4628930239896363,0.0,36775.371069760105,0.9993307355913073
8161.0,1.3226549903720297,0.0,36786.77345009628,0.9996405828830511
8162.0,1.8942517785662858,0.0,36781.05748221434,0.9994852576688679
8163.0,2.123372377089254,0.0,36778.76627622911,0.9994229966366606
8164.0,0.33190141655450134,0.0,36796.68098583446,0.9999098093976755
8165.0,3.1030702449916134,0.0,36768.96929755008,0.9991567743899479
8166.0,0.7690404077648054,0.0,36792.30959592235,0.9997910216283248
8167.0,0.8892176928648041,0.0,36791.107823071354,0.9997583647573738
8168.0,0.11222017344516644,0.0,36798.877798265545,0.9999695053876507
8169.0,0.4053094833216164,0.0,36795.946905166784,0.9998898615534452
8170.0,1.8260920065486062,0.0,36781.739079934516,0.9995037793460466
8171.0,2.911843651510935,0.0,36770.88156348489,0.9992087381381762
8172.0,3.6420263086274645,0.0,36763.57973691373,0.9990103189378731
8173.0,0.2265858053424381,0.0,36797.734141946574,0.9999384277702873
8174.0,0.8598494299358208,0.0,36791.40150570064,0.9997663452636043
8175.0,1.4824735877318744,0.0,36785.17526412268,0.9995971539163772
8176.0,2.3865432037409846,0.0,36776.13456796259,0.9993514828250704
8177.0,1.227581911557536,0.0,36787.72418088443,0.999666417958816
8178.0,1.292775660694133,0.0,36787.07224339306,0.9996487022661157
8179.0,1.7625204477890293,0.0,36782.37479552211,0.9995210542261443
8180.0,0.7901775780455864,0.0,36792.098224219546,0.9997852778320528
8181.0,2.2618350143384305,0.0,36777.381649856616,0.9993853709200168
8182.0,2.372868710480361,0.0,36776.271312895195,0.9993551987199781
8183.0,3.588620838371753,0.0,36764.113791616284,0.9990248312939207
8184.0,0.7045180041150161,0.0,36792.954819958846,0.999808554890186
8185.0,1.8112917789121639,0.0,36781.88708221088,0.9995078011470347
8186.0,1.4287592182263325,0.0,36785.71240781774,0.9996117502124385
8187.0,1.8555880129079014,0.0,36781.444119870925,0.9994957641269273
8188.0,3.6972579577068245,0.0,36763.027420422935,0.9989953103375797
8189.0,3.906171986735899,0.0,36760.93828013264,0.9989385402209957
8190.0,2.73352763911862,0.0,36772.66472360882,0.9992571935763266
8191.0,2.571117240692729,0.0,36774.288827593075,0.9993013268367683
8192.0,0.704954841567087,0.0,36792.95045158433,0.9998084361843568
8193.0,1.2510509904423088,0.0,36787.48949009558,0.9996600404917276
8194.0,0.36453417209122563,0.0,36796.35465827909,0.9999009418010621
8195.0,0.9446782911763876,0.0,36790.553217088236,0.9997432939426151
8196.0,1.0577787533256924,0.0,36789.42221246674,0.9997125601213789
8197.0,1.0844529961541411,0.0,36789.15547003846,0.9997053116858277
8198.0,1.982852512086538,0.0,36780.171474879135,0.9994611813825852
8199.0,4.0562488228788425,0.0,36759.43751177121,0.9988977584720438
8200.0,1.6137500686727435,0.0,36783.86249931327,0.9995614809595997
8201.0,2.1481599219696363,0.0,36778.5184007803,0.9994162608907691
8202.0,2.8648807025583665,0.0,36771.35119297441,0.9992214998090873
8203.0,3.6331125854721904,0.0,36763.66887414528,0.9990127411452522
8204.0,1.2148125202656956,0.0,36787.85187479734,0.9996698879021018
8205.0,2.337811840388895,0.0,36776.62188159611,0.9993647250433726
8206.0,2.8847337460410927,0.0,36771.15266253959,0.999216104960315
8207.0,2.9472404614170955,0.0,36770.52759538583,0.9991991194398323
8208.0,0.39543881240388146,0.0,36796.04561187596,0.9998925438009773
8209.0,1.6610346141660557,0.0,36783.389653858336,0.9995486318983243
8210.0,1.9253562127014447,0.0,36780.746437872986,0.9994768053769834
8211.0,3.097900174476308,0.0,36769.02099825523,0.999158179300414
8212.0,1.9967755963516538,0.0,36780.03224403648,0.999457397935774
8213.0,1.3908564644498256,0.0,36786.0914353555,0.9996220498737907
8214.0,2.4500152345372044,0.0,36775.49984765463,0.999334234990615
8215.0,2.8661547437295667,0.0,36771.338452562704,0.9992211536022474
8216.0,3.4504529680380074,0.0,36765.49547031962,0.9990623769108592
8217.0,1.7184220518211077,0.0,36782.81577948179,0.9995330374859182
8218.0,2.315406958316089,0.0,36776.845930416835,0.9993708133265444
8219.0,2.057419651207965,0.0,36779.42580348792,0.9994409185730412
8220.0,0.994980053152176,0.0,36790.050199468475,0.9997296249855564
8221.0,1.84052049028287,0.0,36781.594795097175,0.9994998585624232
8222.0,2.245800581329604,0.0,36777.5419941867,0.9993897281028995
8223.0,2.2540910013085522,0.0,36777.459089986914,0.9993874752713835
8224.0,2.460851886162345,0.0,36775.39148113837,0.9993312902483253
8225.0,1.8491719598241616,0.0,36781.50828040176,0.999497507619613
8226.0,2.0189496670973313,0.0,36779.81050332903,0.9994513723730714
8227.0,0.7296163238097506,0.0,36792.7038367619,0.9998017346946169
8228.0,2.8055533952756377,0.0,36771.94446604724,0.9992376213599794
8229.0,1.7159630885271326,0.0,36782.840369114725,0.9995337056824654
8230.0,1.5795402895200823,0.0,36784.2045971048,0.9995707770952391
8231.0,4.228265157837086,0.0,36757.71734842163,0.9988510149027617
8232.0,2.752041600761004,0.0,36772.47958399239,0.9992521626084888
8233.0,3.0694552604727505,0.0,36769.30544739527,0.9991659088966106
8234.0,1.7888834114000929,0.0,36782.111165886,0.9995138903773371
8235.0,0.7001098302080209,0.0,36792.99890169792,0.9998097527635306
8236.0,2.1482235038547515,0.0,36778.51776496145,0.9994162436130829
8237.0,2.3138182677976147,0.0,36776.861817322024,0.9993712450359246
8238.0,0.5566542970063892,0.0,36794.43345702994,0.9998487352453788
8239.0,0.9865770346241334,0.0,36790.13422965376,0.9997319084145044
8240.0,0.707939106541744,0.0,36792.92060893458,0.9998076252427875
8241.0,0.989771270129495,0.0,36790.10228729871,0.9997310404157258
8242.0,2.8508618060004665,0.0,36771.491381939995,0.9992253092918477
8243.0,2.723163698856297,0.0,36772.76836301143,0.9992600098644411
8244.0,2.871832543369237,0.0,36771.28167456631,0.9992196107219106
8245.0,1.430364219164403,0.0,36785.69635780835,0.9996113140708791
8246.0,2.262740813952405,0.0,36777.372591860476,0.9993851247788172
8247.0,3.0253849254422676,0.0,36769.746150745574,0.9991778845311298
8248.0,1.1630700867935957,0.0,36788.369299132064,0.99968394834598
8249.0,0.0,0.0,36800.0,1.0
8250.0,1.8283725714554748,0.0,36781.71627428544,0.9995031596273218
8251.0,1.1752158195449738,0.0,36788.24784180455,0.9996806478751237
8252.0,0.7429061873190221,0.0,36792.57093812681,0.9997981233186634
8253.0,3.066311449128989,0.0,36769.33688550871,0.9991667631931714
8254.0,1.1982657104126702,0.0,36788.01734289587,0.9996743843178226
8255.0,0.20157359389486373,0.0,36797.98426406105,0.9999452245668764
8256.0,3.0623615368840547,0.0,36769.37638463116,0.9991678365388903
8257.0,2.50909016595142,0.0,36774.90909834049,0.999318182020122
8258.0,5.1100243394539575,0.0,36748.89975660546,0.9986114064294962
8259.0,1.4274739742650127,0.0,36785.72526025735,0.9996120994635149
8260.0,0.7066476221916673,0.0,36792.93352377808,0.9998079761896218
8261.0,1.0416933203632652,0.0,36789.58306679637,0.9997169311629448
8262.0,2.851762832755412,0.0,36771.48237167245,0.9992250644476209
8263.0,1.816747384460541,0.0,36781.8325261554,0.9995063186455271
8264.0,0.49834878068395483,0.0,36795.016512193164,0.9998645791356838
8265.0,0.8001561268774822,0.0,36791.99843873123,0.9997825662698704
8266.0,3.0154192979607615,0.0,36769.84580702039,0.9991805925820759
8267.0,1.9031808260333491,0.0,36780.96819173967,0.9994828312972736
8268.0,1.5685080740258854,0.0,36784.31491925974,0.9995737749798843
8269.0,2.1019526505879185,0.0,36778.98047349412,0.9994288172145142
8270.0,1.463601062534508,0.0,36785.36398937466,0.9996022823199635
8271.0,3.2694107619681745,0.0,36767.30589238032,0.9991115731625086
8272.0,2.3503334136275953,0.0,36776.49666586373,0.9993613224419491
8273.0,1.921392537860811,0.0,36780.78607462139,0.9994778824625378
8274.0,0.4328438159682264,0.0,36795.67156184032,0.9998823793978348
8275.0,0.7198775209162704,0.0,36792.801224790834,0.9998043811084466
8276.0,2.223641793283605,0.0,36777.763582067164,0.9993957495126947
8277.0,4.0621699562288995,0.0,36759.37830043771,0.9988961494684161
8278.0,4.584325405059644,0.0,36754.1567459494,0.998754259400799
8279.0,1.039099123181586,0.0,36789.60900876818,0.999717636107831
8280.0,2.051698932162253,0.0,36779.48301067838,0.9994424731162602
8281.0,1.4174134435379528,0.0,36785.82586556462,0.9996148333033864
8282.0,1.4540082600069582,0.0,36785.45991739993,0.9996048890597807
8283.0,2.606570446279875,0.0,36773.9342955372,0.9992916928135108
8284.0,3.217331791314791,0.0,36767.82668208685,0.9991257250567079
8285.0,1.6603696583497367,0.0,36783.396303416506,0.9995488125928399
8286.0,1.7015396923834487,0.0,36782.98460307617,0.9995376250835916
8287.0,5.001254346805581,0.0,36749.98745653195,0.998640963492716
8288.0,0.5917257900309778,0.0,36794.082742099694,0.9998392049483612
8289.0,1.489679545024046,0.0,36785.103204549756,0.9995951957758086
8290.0,1.228716430354325,0.0,36787.71283569645,0.9996661096656645
8291.0,0.0,0.0,36800.0,1.0
8292.0,0.4895981958525226,0.0,36795.10401804147,0.9998669570119965
8293.0,0.8328217044763733,0.0,36791.671782955236,0.9997736897542184
8294.0,0.8169404512900655,0.0,36791.8305954871,0.9997780053121496
8295.0,2.150557875966115,0.0,36778.494421240335,0.9994156092728352
8296.0,1.9449087737084483,0.0,36780.550912262916,0.9994714921810575
8297.0,2.0118547487654723,0.0,36779.881452512345,0.9994533003400093
8298.0,2.106582946247727,0.0,36778.93417053753,0.999427558981998
8299.0,2.471196382473863,0.0,36775.28803617526,0.999328479243893
8300.0,2.291696740878251,0.0,36777.08303259122,0.9993772563204135
8301.0,1.2893827933421562,0.0,36787.106172066575,0.9996496242409395
8302.0,1.4555235477891983,0.0,36785.44476452211,0.9996044772967965
8303.0,0.24142192533327034,0.0,36797.58578074667,0.999934396215942
8304.0,2.4643762831346976,0.0,36775.35623716866,0.999330332531757
8305.0,1.4523164247075329,0.0,36785.476835752925,0.9996053487976339
8306.0,0.011153765897688572,0.0,36799.88846234103,0.999996969085354
8307.0,1.5574487871053861,0.0,36784.425512128946,0.9995767802208952
8308.0,1.684127384893145,0.0,36783.15872615107,0.9995423566888878
8309.0,2.469211085153802,0.0,36775.30788914846,0.9993290187268604
8310.0,2.2327388061876263,0.0,36777.67261193812,0.9993932774983185
8311.0,0.06854403301804268,0.0,36799.314559669816,0.999981373904071
8312.0,0.5963306526919041,0.0,36794.036693473085,0.999837953626986
8313.0,1.7157101194879942,0.0,36782.84289880512,0.9995337744240521
8314.0,0.6920349148440437,0.0,36793.07965085156,0.9998119470340099
8315.0,0.7075345277662564,0.0,36792.92465472234,0.9998077351826722
8316.0,2.50826307594798,0.0,36774.91736924052,0.9993184067728401
8317.0,1.143867948976549,0.0,36788.561320510235,0.9996891663182129
8318.0,1.4333677072008868,0.0,36785.666322927995,0.999610497905652
8319.0,0.21505052454995166,0.0,36797.8494947545,0.9999415623574591
8320.0,1.4717199209080718,0.0,36785.28280079092,0.9996000761084489
8321.0,1.9550305443553953,0.0,36780.449694556446,0.9994687416999034
8322.0,1.580805645478904,0.0,36784.191943545215,0.9995704332485112
8323.0,0.7015734128890472,0.0,36792.98426587111,0.9998093550508454
8324.0,3.287862938017497,0.0,36767.121370619825,0.9991065589842344
8325.0,2.1183611873984773,0.0,36778.81638812601,0.9994243583729895
8326.0,1.1796103932374535,0.0,36788.20389606763,0.9996794536974899
8327.0,0.7247531600514776,0.0,36792.752468399485,0.9998030562065078
8328.0,0.42139718801990966,0.0,36795.7860281198,0.9998854898945598
8329.0,2.0477622932685335,0.0,36779.52237706732,0.9994435428550902
8330.0,0.5342805029049487,0.0,36794.65719497095,0.9998548150807323
8331.0,0.9302298163984233,0.0,36790.69770183602,0.9997472201585875
8332.0,0.07098669682818581,0.0,36799.29013303172,0.9999807101367315
8333.0,1.1673845466302737,0.0,36788.3261545337,0.9996827759384158
8334.0,1.3422401267180248,0.0,36786.57759873282,0.9996352608351311
8335.0,1.8484245834861213,0.0,36781.51575416514,0.9994977107110093
8336.0,2.30191365439714,0.0,36776.98086345603,0.9993744799852182
8337.0,3.4050307823199546,0.0,36765.9496921768,0.9990747198961087
8338.0,2.69174845013913,0.0,36773.08251549861,0.99926854661681
8339.0,0.3424582218449359,0.0,36796.575417781554,0.9999069407005857
8340.0,1.0514754282703507,0.0,36789.4852457173,0.9997142729814483
8341.0,0.8717034555811551,0.0,36791.28296544419,0.9997631240609833
8342.0,1.2712349163102772,0.0,36787.28765083689,0.9996545557292634
8343.0,2.6381864511313324,0.0,36773.61813548869,0.9992831015078447
8344.0,2.1667853152666794,0.0,36778.33214684733,0.9994111996425905
8345.0,1.9337438140846643,0.0,36780.66256185915,0.9994745261374769
8346.0,1.4360989791912289,0.0,36785.63901020809,0.9996097557121764
8347.0,3.4066259828050534,0.0,36765.93374017195,0.9990742864177161
8348.0,3.0641458622376376,0.0,36769.35854137762,0.9991673516678702
8349.0,2.106766212218645,0.0,36778.93233787781,0.9994275091814623
8350.0,0.4932671460628626,0.0,36795.06732853937,0.9998659600146569
8351.0,1.4757610446613398,0.0,36785.24238955339,0.9995989779769942
8352.0,0.8080921189484798,0.0,36791.91907881052,0.9997804097502858
8353.0,1.802858200546325,0.0,36781.97141799454,0.9995100928802864
8354.0,2.431193808435637,0.0,36775.68806191564,0.9993393495085773
8355.0,0.0,0.0,36800.0,1.0
8356.0,0.2929025137436838,0.0,36797.07097486257,0.9999204069256132
8357.0,2.105386514478596,0.0,36778.946134855214,0.9994278840993265
8358.0,1.3171622480876977,0.0,36786.82837751912,0.9996420754760631
8359.0,0.29279440286882163,0.0,36797.07205597131,0.9999204363035682
8360.0,0.15769605110472185,0.0,36798.42303948895,0.9999571478121998
8361.0,1.9181246542757435,0.0,36780.81875345724,0.9994787704743816
8362.0,1.5512077740677341,0.0,36784.48792225932,0.9995784761483512
8363.0,1.5513390663054452,0.0,36784.48660933695,0.9995784404711128
8364.0,1.0952685710653896,0.0,36789.047314289346,0.9997023726709061
8365.0,0.7348073828161432,0.0,36792.651926171835,0.9998003240807564
8366.0,0.09592161754517292,0.0,36799.040783824545,0.9999739343430583
8367.0,0.9066931182132976,0.0,36790.93306881787,0.9997536160004855
8368.0,3.2416462292349024,0.0,36767.58353770765,0.9991191178724905
8369.0,2.9028692534247966,0.0,36770.97130746575,0.9992111768333084
8370.0,0.9123257943501812,0.0,36790.8767420565,0.99975208538197
8371.0,1.3032608284247544,0.0,36786.96739171575,0.999645853035754
8372.0,1.4101127621415799,0.0,36785.89887237859,0.9996168171842007
8373.0,3.2088112625133363,0.0,36767.91188737487,0.9991280404177952
8374.0,2.0623327669745777,0.0,36779.376672330254,0.9994395834872352
8375.0,2.98362678948979,0.0,36770.1637321051,0.9991892318506821
8376.0,0.0,0.0,36800.0,1.0
8377.0,0.667820629731068,0.0,36793.32179370269,0.9998185270027906
8378.0,1.3341098624005099,0.0,36786.658901375995,0.9996374701460868
8379.0,2.1166700439371198,0.0,36778.83329956063,0.9994248179228433
8380.0,3.376310044892307,0.0,36766.23689955108,0.9990825244443228
8381.0,3.4266314814758516,0.0,36765.733685185245,0.9990688501409034
8382.0,1.8748983315635996,0.0,36781.251016684364,0.9994905167577273
8383.0,1.6500157480313646,0.0,36783.49984251968,0.9995516261554261
8384.0,3.8199573382080416,0.0,36761.80042661792,0.9989619681146173
8385.0,3.4288666090033075,0.0,36765.71133390997,0.9990682427692926
8386.0,3.0556296722115803,0.0,36769.44370327788,0.9991696658499424
8387.0,0.9168278557008307,0.0,36790.83172144299,0.9997508619957335
8388.0,1.9672292397917772,0.0,36780.32770760208,0.9994654268370131
8389.0,1.8329887574709574,0.0,36781.67011242529,0.999501905228948
8390.0,1.8559362154974224,0.0,36781.44063784502,0.9994956695066582
8391.0,1.589051066299362,0.0,36784.109489337,0.9995681926450273
8392.0,1.261612302992944,0.0,36787.38387697007,0.9996571705698388
8393.0,0.8751133712030423,0.0,36791.24886628797,0.9997621974534774
8394.0,0.0,0.0,36800.0,1.0
8395.0,2.3961394494945125,0.0,36776.038605505055,0.9993488751495939
8396.0,3.2441012829549436,0.0,36767.55898717045,0.9991184507383275
8397.0,2.6621851487707318,0.0,36773.37814851229,0.9992765801226166
8398.0,2.1826915574420127,0.0,36778.17308442558,0.9994068772941733
8399.0,1.3265767449320265,0.0,36786.734232550676,0.9996395171888771
8400.0,1.2060513774158608,0.0,36787.93948622584,0.9996722686474413
8401.0,1.1560729647590051,0.0,36788.439270352406,0.9996858497378371
8402.0,2.1919052801713406,0.0,36778.08094719829,0.9994043735651709
8403.0,1.127689324257517,0.0,36788.723106757425,0.9996935626836256
8404.0,0.8224273607975192,0.0,36791.77572639202,0.9997765143041311
8405.0,1.3334106217735098,0.0,36786.665893782265,0.9996376601571267
8406.0,0.4604800150227675,0.0,36795.39519984977,0.9998748695611351
8407.0,1.5798227056675387,0.0,36784.20177294333,0.9995707003517209
8408.0,0.8900151362195174,0.0,36791.09984863781,0.99975814806081
8409.0,2.1656843708387896,0.0,36778.34315629161,0.999411498812272
8410.0,2.651531613068073,0.0,36773.48468386932,0.9992794751051446
8411.0,4.006222861413335,0.0,36759.93777138587,0.9989113524833116
8412.0,3.100576813250882,0.0,36768.99423186749,0.9991574519529208
8413.0,1.7005582408746704,0.0,36782.99441759125,0.9995378917823711
8414.0,2.524496629821442,0.0,36774.75503370179,0.9993139954810268
8415.0,3.248932641941792,0.0,36767.51067358058,0.9991171378690376
8416.0,3.562353951874684,0.0,36764.37646048125,0.9990319690348166
8417.0,4.10457303691328,0.0,36758.95426963086,0.9988846268921431
8418.0,2.4284080316610925,0.0,36775.71591968339,0.9993401065131355
8419.0,0.695968383048239,0.0,36793.040316169514,0.9998108781567803
8420.0,1.3060528176883963,0.0,36786.93947182312,0.9996450943430195
8421.0,0.4793354323701351,0.0,36795.2066456763,0.9998697458064212
8422.0,3.105112114584699,0.0,36768.94887885415,0.9991562195340802
8423.0,2.513586745779321,0.0,36774.86413254221,0.9993169601234295
8424.0,2.7861474189394357,0.0,36772.1385258106,0.9992428947231142
8425.0,1.6301989164257975,0.0,36783.69801083574,0.9995570111640146
8426.0,1.7756634595771175,0.0,36782.243365404225,0.9995174827555496
8427.0,0.7277068537641753,0.0,36792.722931462355,0.9998022535723466
8428.0,1.7659335517237196,0.0,36782.34066448276,0.999520126752249
8429.0,1.9195213728035014,0.0,36780.80478627197,0.9994783909313035
8430.0,1.6329169525415637,0.0,36783.670830474584,0.9995562725672441
8431.0,2.175998641980186,0.0,36778.2400135802,0.9994086960212011
8432.0,2.195767008654002,0.0,36778.042329913456,0.9994033241824308
8433.0,3.520692129544841,0.0,36764.79307870455,0.9990432901821888
8434.0,1.4734578913394216,0.0,36785.2654210866,0.999599603833875
8435.0,3.086755687405457,0.0,36769.13244312594,0.9991612076936397
8436.0,2.230774922991259,0.0,36777.69225077009,0.9993938111622306
8437.0,1.2010698917747504,0.0,36787.989301082256,0.9996736223120178
8438.0,3.9420789096966473,0.0,36760.57921090303,0.9989287829049737
8439.0,0.8910706891219888,0.0,36791.08929310878,0.999757861225782
8440.0,0.0,0.0,36800.0,1.0
8441.0,1.6569331296759628,0.0,36783.43066870324,0.9995497464321532
8442.0,0.4876179934344691,0.0,36795.12382006565,0.9998674951104797
8443.0,2.142603770484129,0.0,36778.57396229516,0.9994177707145424
8444.0,1.5209038491993851,0.0,36784.790961508006,0.9995867109105436
8445.0,0.26537163497960137,0.0,36797.3462836502,0.9999278881426685
8446.0,2.453980616197441,0.0,36775.46019383802,0.9993331574412506
8447.0,2.847591978228593,0.0,36771.524080217714,0.9992261978320031
8448.0,1.4274638336210046,0.0,36785.72536166379,0.9996121022191248
8449.0,1.2440095382735308,0.0,36787.559904617265,0.9996619539298169
8450.0,2.2307616772359324,0.0,36777.69238322764,0.9993938147616206
8451.0,2.0138105851328874,0.0,36779.86189414867,0.9994527688627356
8452.0,2.410796875725282,0.0,36775.89203124275,0.9993448921533357
8453.0,3.0259915719125274,0.0,36769.74008428087,0.9991777196815455
8454.0,0.30683369279358885,0.0,36796.931663072064,0.9999166212791322
8455.0,1.432177745633453,0.0,36785.67822254366,0.9996108212647734
8456.0,1.7962176433193235,0.0,36782.0378235668,0.9995118973795327
8457.0,1.9323991877554363,0.0,36780.67600812245,0.9994748915250665
8458.0,3.1455724809457024,0.0,36768.54427519054,0.9991452248693082
8459.0,1.4292920797943225,0.0,36785.70707920205,0.9996116054130992
8460.0,5.199722987110363,0.0,36748.00277012889,0.9985870317969808
8461.0,1.0870905063002283,0.0,36789.129094937,0.9997045949711142
8462.0,1.1323050088230957,0.0,36788.676949911765,0.9996923084215154
8463.0,1.2608394152612163,0.0,36787.391605847384,0.9996573805936789
8464.0,4.2557749293901,0.0,36757.442250706095,0.9988435394213613
8465.0,3.0039614147590328,0.0,36769.960385852406,0.9991837061372937
8466.0,2.55456527035858,0.0,36774.454347296414,0.9993058246547939
8467.0,0.8080045840106322,0.0,36791.919954159894,0.9997804335369537
8468.0,0.5631188567749632,0.0,36794.36881143225,0.9998469785715285
8469.0,2.875854524436363,0.0,36771.24145475564,0.9992185177922728
8470.0,0.5667706929580163,0.0,36794.332293070416,0.9998459862247395
8471.0,0.2822342609997577,0.0,36797.17765739,0.9999233059073369
8472.0,3.132814395998139,0.0,36768.67185604002,0.9991486917402179
8473.0,3.1418299915058014,0.0,36768.58170008494,0.9991462418501343
8474.0,2.3071085323208536,0.0,36776.92891467679,0.9993730683336085
8475.0,2.028661390690104,0.0,36779.7133860931,0.9994487333177473
8476.0,1.024486739132044,0.0,36789.75513260868,0.9997216068643664
8477.0,0.09985050369687087,0.0,36799.00149496303,0.9999728667109519
8478.0,0.18776156089734286,0.0,36798.12238439103,0.9999489778367127
8479.0,2.240426186563127,0.0,36777.59573813437,0.99939118853626
8480.0,3.0867091439049545,0.0,36769.13290856095,0.99916122034133
8481.0,2.022056025789425,0.0,36779.77943974211,0.9994505282538617
8482.0,2.3047343606976938,0.0,36776.95265639303,0.999373713488941
8483.0,2.091253783684806,0.0,36779.08746216315,0.999431724515303
8484.0,1.511064180498579,0.0,36784.88935819501,0.9995893847335601
8485.0,1.4730611918712384,0.0,36785.26938808129,0.9995997116326437
8486.0,0.7823765200137132,0.0,36792.17623479986,0.9997873976847788
8487.0,1.3245469166740804,0.0,36786.75453083326,0.999640068772643
8488.0,0.0,0.0,36800.0,1.0
8489.0,0.1987314155066997,0.0,36798.01268584494,0.9999459968979603
8490.0,1.8620456373682828,0.0,36781.37954362632,0.9994940093376716
8491.0,3.0656247440456355,0.0,36769.343752559544,0.9991669497978137
8492.0,0.8829699661764607,0.0,36791.170300338235,0.9997600625091911
8493.0,1.1595144170369167,0.0,36788.404855829634,0.999684914560588
8494.0,2.2729949949116417,0.0,36777.27005005088,0.9993823383166
8495.0,4.2324964144027035,0.0,36757.67503585597,0.9988498651047819
8496.0,2.313117011264694,0.0,36776.86882988735,0.999371435594765
8497.0,0.4557944884709286,0.0,36795.44205511529,0.9998761428020458
8498.0,0.6979312002367806,0.0,36793.02068799763,0.9998103447825444
8499.0,3.5625866721820785,0.0,36764.37413327818,0.9990319057956027
8500.0,1.9013151730014215,0.0,36780.98684826998,0.999483338268206
8501.0,2.243846863777435,0.0,36777.561531362226,0.9993902590044083
8502.0,0.7898738375970424,0.0,36792.10126162403,0.9997853603702183
8503.0,3.2520586987084243,0.0,36767.479413012916,0.9991162883970901
8504.0,0.709376827795495,0.0,36792.906231722045,0.9998072345576643
8505.0,1.9714162257259886,0.0,36780.28583774274,0.9994642890690962
8506.0,2.5129998434458685,0.0,36774.87000156554,0.9993171196077593
8507.0,2.1271072996732983,0.0,36778.72892700326,0.9994219817120452
8508.0,3.4905391653010156,0.0,36765.09460834699,0.9990514839224726
8509.0,2.1550837954964663,0.0,36778.449162045035,0.9994143794033977
8510.0,3.8476255769473937,0.0,36761.52374423052,0.9989544495714816
8511.0,1.6272568623953703,0.0,36783.72743137604,0.9995578106352185
8512.0,0.9052365995285072,0.0,36790.94763400471,0.9997540117936062
8513.0,1.3414820787729695,0.0,36786.58517921227,0.9996354668264203
8514.0,0.8340080425477936,0.0,36791.65991957452,0.9997733673797424
8515.0,3.4894036844452785,0.0,36765.10596315555,0.9990517924770529
8516.0,2.844903933142632,0.0,36771.550960668574,0.9992269282790374
8517.0,2.4381834669184173,0.0,36775.618165330816,0.9993374501448591
8518.0,2.1953750110296824,0.0,36778.0462498897,0.9994034307035246
8519.0,2.2262246197606146,0.0,36777.737753802394,0.9993950476576737
8520.0,1.4075663268959033,0.0,36785.92433673104,0.9996175091503
8521.0,4.506954204367503,0.0,36754.930457956325,0.9987752841835957
8522.0,2.934740828262875,0.0,36770.65259171737,0.9992025160792763
8523.0,0.8998480357604421,0.0,36791.00151964239,0.9997554760772389
8524.0,1.0371522625428042,0.0,36789.62847737457,0.9997181651460482
8525.0,1.2914183285629406,0.0,36787.085816714374,0.9996490711063689
8526.0,1.4179887004193006,0.0,36785.8201129958,0.9996146769835816
8527.0,1.3803474843261938,0.0,36786.19652515674,0.9996249055749113
8528.0,1.7551841823242285,0.0,36782.44815817676,0.9995230477765424
8529.0,1.4492097837046458,0.0,36785.50790216295,0.9996061929935585
8530.0,0.4261023923627363,0.0,36795.738976076376,0.9998842113064232
8531.0,3.0097241832172585,0.0,36769.902758167824,0.9991821401676039
8532.0,1.5569405498317792,0.0,36784.43059450168,0.9995769183288501
8533.0,0.4941223382811586,0.0,36795.05877661719,0.9998657276254671
8534.0,3.411421122649699,0.0,36765.88578877351,0.9990729833905844
8535.0,3.220085451104751,0.0,36767.799145488956,0.9991249767795912
8536.0,1.4644808236753306,0.0,36785.35519176324,0.9996020432544359
8537.0,2.6236655456705194,0.0,36773.763344543295,0.9992870474060678
8538.0,0.2456506114849617,0.0,36797.543493885154,0.9999332471164444
8539.0,0.11167428115913935,0.0,36798.88325718841,0.999969653727946
8540.0,1.4035085735467874,0.0,36785.964914264536,0.9996186118006667
8541.0,1.453935535861092,0.0,36785.46064464139,0.9996049088217769
8542.0,0.2577547014443553,0.0,36797.42245298556,0.999929957961564
8543.0,2.276537838180957,0.0,36777.23462161819,0.9993813755874509
8544.0,0.5039925255405251,0.0,36794.960074744595,0.999863045509364
8545.0,1.3590903017739038,0.0,36786.40909698226,0.9996306819832135
8546.0,3.405269686567408,0.0,36765.94730313432,0.9990746549764762
8547.0,1.8436824903019442,0.0,36781.56317509698,0.9994989993232875
8548.0,2.405015560643733,0.0,36775.94984439356,0.9993464631628685
8549.0,2.3628273979993537,0.0,36776.37172602001,0.9993579273375002
8550.0,3.2270398512173415,0.0,36767.72960148782,0.9991230869969517
8551.0,2.599390034827593,0.0,36774.00609965173,0.9992936440122752
8552.0,1.6732539083532174,0.0,36783.26746091647,0.9995453114379474
8553.0,1.4363684542258852,0.0,36785.63631545774,0.9996096824852647
8554.0,2.4457027384978574,0.0,36775.54297261502,0.9993354068645385
8555.0,2.9674829595332994,0.0,36770.32517040467,0.9991936187609964
8556.0,1.9309445713261084,0.0,36780.69055428674,0.9994752868012701
8557.0,2.382983675937794,0.0,36776.17016324062,0.9993524500880603
8558.0,1.465865303251121,0.0,36785.341346967485,0.9996016670371599
8559.0,2.041212549625925,0.0,36779.58787450374,0.9994453226767321
8560.0,2.1682374520642043,0.0,36778.31762547936,0.9994108050402
8561.0,2.3210222026864358,0.0,36776.789777973136,0.9993692874449221
8562.0,3.4042076217174326,0.0,36765.95792378283,0.9990749435810552
8563.0,3.0851700450766657,0.0,36769.14829954923,0.9991616385747074
8564.0,1.9038140361426485,0.0,36780.96185963857,0.999482659229309
8565.0,2.4483317972753866,0.0,36775.51668202724,0.9993346924463925
8566.0,2.0757950445859024,0.0,36779.242049554145,0.9994359252596235
8567.0,0.11955476842013013,0.0,36798.8044523158,0.9999675122911903
8568.0,1.2299724836793757,0.0,36787.70027516321,0.9996657683468263
8569.0,1.0899927463105996,0.0,36789.100072536894,0.9997038063189373
8570.0,0.6850436330314551,0.0,36793.149563669685,0.9998138468388501
8571.0,0.3983273647590977,0.0,36796.016726352405,0.9998917588682719
8572.0,1.802087308913542,0.0,36781.97912691087,0.9995103023617083
8573.0,1.4011351878289133,0.0,36785.98864812171,0.9996192567424378
8574.0,1.7799138355276227,0.0,36782.20086164473,0.999516327762085
8575.0,3.1065128941681905,0.0,36768.934871058314,0.9991558388874542
8576.0,1.0693787748277828,0.0,36789.30621225172,0.9997094079416229
8577.0,0.603358815133106,0.0,36793.96641184867,0.9998360438002356
8578.0,0.8541956409644627,0.0,36791.458043590355,0.9997678816193032
8579.0,1.492123199697744,0.0,36785.07876800302,0.9995945317392124
8580.0,3.6999908742582193,0.0,36763.00009125742,0.9989945676972124
8581.0,1.8177038349840586,0.0,36781.82296165016,0.9995060587404936
8582.0,2.0637029916106258,0.0,36779.362970083894,0.999439211143584
8583.0,1.8373419558611204,0.0,36781.626580441385,0.9995007222946029
8584.0,2.4368858442176133,0.0,36775.631141557824,0.9993378027597235
8585.0,2.1615970379098144,0.0,36778.3840296209,0.999412609500568
8586.0,1.7246160994254751,0.0,36782.753839005745,0.9995313543208083
8587.0,1.2145107208925765,0.0,36787.854892791074,0.9996699699128009
8588.0,0.5785031258528761,0.0,36794.21496874147,0.999842798063627
8589.0,0.553096018915312,0.0,36794.46903981085,0.9998497021687731
8590.0,1.295694512042246,0.0,36787.04305487958,0.9996479090999886
8591.0,1.487232877223505,0.0,36785.12767122776,0.9995958606311892
8592.0,0.7208665967700654,0.0,36792.7913340323,0.9998041123378342
8593.0,1.4389770331981708,0.0,36785.61022966802,0.9996089736322831
8594.0,1.000208515812119,0.0,36789.99791484188,0.9997282042076597
8595.0,1.4077782906042557,0.0,36785.92221709396,0.9996174515514663
8596.0,1.7479960951332032,0.0,36782.52003904867,0.9995250010611052
8597.0,2.363675057395085,0.0,36776.36324942605,0.9993576969952732
8598.0,2.0223270961978415,0.0,36779.77672903802,0.9994504545934245
8599.0,1.8383333717029018,0.0,36781.61666628297,0.9995004528881242
8600.0,1.1995769035147532,0.0,36788.004230964856,0.9996740280153493
8601.0,4.849202471767057,0.0,36751.50797528233,0.9986822819370198
8602.0,2.7646884759524255,0.0,36772.353115240476,0.9992487259576216
8603.0,0.9428064249041199,0.0,36790.57193575096,0.9997438026019282
8604.0,1.1807738142288144,0.0,36788.19226185771,0.9996791375504812
8605.0,1.4264370432010764,0.0,36785.73562956799,0.9996123812382607
8606.0,0.8045044451919239,0.0,36791.95495554808,0.9997813846616326
8607.0,2.4050035218406265,0.0,36775.9499647816,0.9993464664342825
8608.0,3.127084161260427,0.0,36768.729158387396,0.9991502488692227
8609.0,1.4769410966000578,0.0,36785.230589034,0.9995986573107065
8610.0,1.8943325571744936,0.0,36781.056674428255,0.9994852357181591
8611.0,3.31375653259056,0.0,36766.8624346741,0.9990995226813614
8612.0,3.3693899975642125,0.0,36766.30610002436,0.9990844048919664
8613.0,1.3856883285025106,0.0,36786.14311671497,0.999623454258559
8614.0,1.9440951249198406,0.0,36780.5590487508,0.9994717132812718
8615.0,0.6445709756244469,0.0,36793.55429024376,0.9998248448435804
8616.0,2.7806841441797587,0.0,36772.193158558206,0.999244379308647
8617.0,1.885434313719088,0.0,36781.145656862805,0.999487653719098
8618.0,1.1817842767995899,0.0,36788.182157232004,0.999678862968261
8619.0,0.6268835481550923,0.0,36793.73116451845,0.9998296512097405
8620.0,1.1694718069793453,0.0,36788.30528193021,0.9996822087481035
8621.0,0.8642897923764394,0.0,36791.35710207623,0.9997651386433759
8622.0,2.9295173495047493,0.0,36770.70482650495,0.999203935502852
8623.0,0.043429969091448584,0.0,36799.56570030909,0.9999881983779644
8624.0,0.0,0.0,36800.0,1.0
8625.0,0.19672691197229142,0.0,36798.03273088028,0.9999465416000076
8626.0,1.5257480877098715,0.0,36784.7425191229,0.9995853945413831
8627.0,3.4245640220178757,0.0,36765.75435977982,0.9990694119505387
8628.0,2.9965556658498826,0.0,36770.0344433415,0.9991857185690626
8629.0,0.8712186978827958,0.0,36791.287813021176,0.9997632557886189
8630.0,0.736689996874702,0.0,36792.63310003125,0.9997998125008491
8631.0,0.2641616647615592,0.0,36797.35838335239,0.9999282169389236
8632.0,0.9788358358255209,0.0,36790.21164164174,0.9997340120011343
8633.0,1.366065989017443,0.0,36786.33934010983,0.9996287864160279
8634.0,0.8924391122382076,0.0,36791.07560887762,0.9997574893716744
8635.0,2.9361779832725006,0.0,36770.638220167275,0.9992021255480238
8636.0,3.061161764064309,0.0,36769.38838235936,0.999168162564113
8637.0,2.264290694876763,0.0,36777.357093051236,0.9993847036155227
8638.0,2.614076262298113,0.0,36773.85923737702,0.999289653189593
8639.0,0.9076146080151375,0.0,36790.92385391985,0.9997533655956481
8640.0,0.6630942069350567,0.0,36793.36905793065,0.9998198113568111
8641.0,1.3304269145173748,0.0,36786.69573085483,0.9996384709471421
8642.0,0.008080768799118232,0.0,36799.91919231201,0.9999978041389133
8643.0,1.8152299123485136,0.0,36781.84770087652,0.9995067310020793
8644.0,1.1884200116473949,0.0,36788.115799883526,0.9996770597794437
8645.0,2.2497762128823524,0.0,36777.50223787117,0.9993886477682384
8646.0,1.3331128121080837,0.0,36786.66887187892,0.9996377410836664
8647.0,2.4508249932314357,0.0,36775.49175006768,0.9993340149474914
8648.0,1.9803394422724523,0.0,36780.19660557728,0.9994618642819912
8649.0,0.044876496625875006,0.0,36799.55123503374,0.9999878052998298
8650.0,2.3622997290385683,0.0,36776.37700270962,0.9993580707258048
8651.0,1.5452926005382324,0.0,36784.54707399462,0.9995800835324624
8652.0,3.0766174513883016,0.0,36769.23382548612,0.9991639626490793
8653.0,0.9808629009639844,0.0,36790.19137099036,0.9997334611682163
8654.0,1.1710538940915285,0.0,36788.28946105909,0.9996817788331274
8655.0,2.8970509653336194,0.0,36771.029490346664,0.999212757889855
8656.0,3.636744769557481,0.0,36763.63255230442,0.9990117541387071
8657.0,1.71886620760597,0.0,36782.81133792394,0.9995329167914113
8658.0,2.113148061975153,0.0,36778.86851938025,0.999425774983159
8659.0,1.8947460534545826,0.0,36781.052539465454,0.9994851233550395
8660.0,1.5890622686456481,0.0,36784.10937731354,0.9995681896009115
8661.0,0.6233787327510072,0.0,36793.76621267249,0.9998306036052307
8662.0,2.6493474948492803,0.0,36773.5065250515,0.99928006861553
8663.0,2.272177121938512,0.0,36777.27822878062,0.9993825605646908
8664.0,4.105077544323649,0.0,36758.94922455677,0.9988844897977383
8665.0,3.154630249902766,0.0,36768.45369750097,0.9991427635190481
8666.0,0.3706391492578405,0.0,36796.29360850742,0.9998992828398755
8667.0,1.9230567878330476,0.0,36780.76943212167,0.9994774302206976
8668.0,2.3935218151345907,0.0,36776.064781848654,0.9993495864632786
8669.0,1.3164802518131182,0.0,36786.835197481865,0.9996422608011376
8670.0,2.002466821717462,0.0,36779.97533178283,0.9994558514071421
8671.0,2.9829467135950836,0.0,36770.17053286405,0.9991894166539145
8672.0,5.785787724584225,0.0,36742.14212275416,0.9984277750748413
8673.0,1.9374728425900685,0.0,36780.6252715741,0.9994735128145136
8674.0,1.9237885055317747,0.0,36780.76211494468,0.9994772313843663
8675.0,1.610229798088767,0.0,36783.89770201911,0.9995624375548671
8676.0,0.0,0.0,36800.0,1.0
8677.0,3.196046340830435,0.0,36768.03953659169,0.9991315091465134
8678.0,2.5733579574352916,0.0,36774.26642042564,0.999300717946349
8679.0,2.0890825936421606,0.0,36779.109174063575,0.9994323145125972
8680.0,3.8433048759288795,0.0,36761.56695124071,0.9989556236750193
8681.0,0.5281803023099201,0.0,36794.7181969769,0.9998564727439375
8682.0,1.3052286952170107,0.0,36786.94771304783,0.9996453182893433
8683.0,3.5323677834639966,0.0,36764.67632216536,0.9990401174501456
8684.0,1.9483372048853198,0.0,36780.51662795115,0.9994705605421508
8685.0,0.2279786179187795,0.0,36797.72021382081,0.999938049288609
8686.0,0.7845279759658297,0.0,36792.154720240345,0.9997868130500094
8687.0,0.0,0.0,36800.0,1.0
8688.0,2.009514889536149,0.0,36779.90485110464,0.9994539361713218
8689.0,2.8325538933713688,0.0,36771.674461066286,0.9992302842681056
8690.0,0.9730216354037111,0.0,36790.26978364596,0.9997355919469012
8691.0,1.0724067689661752,0.0,36789.27593231034,0.9997085851171288
8692.0,2.672129378575846,0.0,36773.278706214245,0.9992738778862567
8693.0,0.455151446907621,0.0,36795.44848553093,0.9998763175416013
8694.0,1.81635334809107,0.0,36781.83646651909,0.9995064257206274
8695.0,2.0160725158402784,0.0,36779.83927484159,0.999452154207652
8696.0,1.9783910437454324,0.0,36780.21608956254,0.9994623937381125
8697.0,4.654387095974016,0.0,36753.45612904026,0.9987352208978333
8698.0,0.5471388475798449,0.0,36794.528611524205,0.9998513209653317
8699.0,1.1049453786181402,0.0,36788.95054621382,0.9996997431036364
8700.0,1.700272224692526,0.0,36782.99727775308,0.9995379695041597
8701.0,3.1963741789513733,0.0,36768.036258210486,0.9991314200600676
8702.0,1.9815486877341755,0.0,36780.18451312266,0.9994615356826809
8703.0,1.435400934482459,0.0,36785.645990655175,0.9996099453982384
8704.0,1.1010832103311259,0.0,36788.98916789669,0.9997007926058883
8705.0,2.9791133803610137,0.0,36770.20886619639,0.9991904583205542
8706.0,1.5226103717068327,0.0,36784.77389628293,0.9995862471816014
8707.0,0.3659657765401789,0.0,36796.3403422346,0.9999005527781142
8708.0,2.8542905122394586,0.0,36771.45709487761,0.9992243775781959
8709.0,2.1029449169254804,0.0,36778.970550830745,0.9994285475769225
8710.0,1.7972582595211861,0.0,36782.02741740479,0.999511614603391
8711.0,2.5766218910594034,0.0,36774.23378108941,0.9992998310078643
8712.0,2.0188324799910333,0.0,36779.81167520009,0.9994514042173939
8713.0,2.2445648427874403,0.0,36777.55435157212,0.9993900639014164
8714.0,0.7324833247566858,0.0,36792.67516675244,0.9998009556182728
8715.0,0.3264876496286888,0.0,36796.73512350371,0.9999112805299922
8716.0,2.127239102306703,0.0,36778.72760897693,0.9994219458961122
8717.0,1.6246567963771668,0.0,36783.75343203623,0.9995585171748976
8718.0,0.7904881873109844,0.0,36792.09511812689,0.9997851934273612
8719.0,1.4237772460455744,0.0,36785.76222753954,0.9996131040092266
8720.0,0.5475429631642328,0.0,36794.52457036836,0.9998512111513141
8721.0,2.1064754856124637,0.0,36778.935245143875,0.9994275881832575
8722.0,3.070024868591645,0.0,36769.29975131409,0.9991657541117959
8723.0,1.4784756817862217,0.0,36785.21524318214,0.9995982403038625
8724.0,2.2264636542277003,0.0,36777.73536345772,0.9993949827026555
8725.0,3.4779045707473415,0.0,36765.22095429253,0.99905491723621
8726.0,5.981564738502129,0.0,36740.184352614975,0.99837457479932
8727.0,1.406425438104634,0.0,36785.935745618954,0.999617819174428
8728.0,3.7496135719102313,0.0,36762.503864280894,0.9989810832685025
8729.0,2.0372553403140046,0.0,36779.62744659686,0.9994463980053494
8730.0,0.646374948828452,0.0,36793.536250511715,0.9998243546334705
8731.0,1.0824286918505095,0.0,36789.175713081495,0.9997058617685188
8732.0,1.2895858219853835,0.0,36787.104141780146,0.9996495690701127
8733.0,1.3935784908389905,0.0,36786.06421509161,0.9996213101927068
8734.0,1.1949542687125358,0.0,36788.05045731287,0.9996752841661106
8735.0,3.521326468013285,0.0,36764.78673531987,0.9990431178076051
8736.0,1.8874060791076772,0.0,36781.12593920893,0.999487117913286
8737.0,1.7043483481684234,0.0,36782.956516518316,0.9995368618619107
8738.0,0.7889802235258685,0.0,36792.11019776474,0.9997856032001289
8739.0,2.0546098176255327,0.0,36779.45390182374,0.9994416821147756
8740.0,1.4077730026565405,0.0,36785.92226997344,0.9996174529884087
8741.0,3.6397922548112547,0.0,36763.602077451884,0.9990109260177142
8742.0,3.091929666539727,0.0,36769.08070333461,0.9991598017210491
8743.0,1.9990989443340368,0.0,36780.00901055666,0.9994567665912136
8744.0,2.094226668932606,0.0,36779.05773331068,0.999430916666051
8745.0,0.24298133522461285,0.0,36797.570186647754,0.9999339724632542
8746.0,0.0,0.0,36800.0,1.0
8747.0,2.2894527341759385,0.0,36777.10547265824,0.9993778661048434
8748.0,3.5476919397569873,0.0,36764.523080602434,0.99903595327724
8749.0,1.9957956448452023,0.0,36780.04204355155,0.9994576642269443
8750.0,0.17722348578536185,0.0,36798.22776514215,0.9999518414440801
8751.0,1.5969409154022287,0.0,36784.03059084598,0.9995660486642929
8752.0,4.07571020798423,0.0,36759.24289792016,0.9988924700521782
8753.0,4.89755939765746,0.0,36751.024406023425,0.9986691414680279
8754.0,1.4465540621204127,0.0,36785.534459378796,0.9996069146570324
8755.0,0.02814672451131628,0.0,36799.71853275489,0.9999923514335567
8756.0,1.9803518153494224,0.0,36780.196481846506,0.999461860919742
8757.0,2.6553921454506053,0.0,36773.446078545494,0.9992784260474319
8758.0,0.3520735450074426,0.0,36796.479264549926,0.9999043278410306
8759.0,1.442940514516522,0.0,36785.570594854835,0.9996078965993161
