time_hours,maneuvering_satellite_count,failed_satellite_count,available_capacity_gbps,available_capacity_ratio,basic_coverage_indicator,recommended_candidate_id
0.0,1.4527938884867702,0.0,36785.472061115135,0.9996052190520416,1,0
1.0,0.8122543479782265,0.0,36791.87745652022,0.9997792787097886,1,0
2.0,1.608478015401201,0.0,36783.91521984599,0.9995629135827714,1,0
3.0,1.1337022998853667,0.0,36788.66297700115,0.9996919287228572,1,0
4.0,0.0,0.0,36800.0,1.0,1,0
5.0,1.529037923349163,0.0,36784.70962076651,0.9995845005643074,1,0
6.0,3.429594816720438,0.0,36765.70405183279,0.9990680448867608,1,0
7.0,4.511517381235665,0.0,36754.88482618764,0.9987740441898816,1,0
8.0,1.5459439341382115,0.0,36784.54056065862,0.9995799065396364,1,0
9.0,0.5446481178745071,0.0,36794.55351882125,0.9998519977940558,1,0
10.0,2.509944670075805,0.0,36774.900553299245,0.9993179498179142,1,0
11.0,2.0470559051226798,0.0,36779.529440948776,0.9994437348083908,1,0
12.0,1.8307222571522173,0.0,36781.69277742848,0.999502521125774,1,0
13.0,0.8588292001078788,0.0,36791.41170799892,0.9997666224999708,1,0
14.0,1.7674051482832205,0.0,36782.325948517166,0.9995197268618796,1,0
15.0,2.1487615974730474,0.0,36778.51238402527,0.9994160973919912,1,0
16.0,0.4694956512400594,0.0,36795.3050434876,0.9998724196599892,1,0
17.0,1.955002613842588,0.0,36780.44997386158,0.9994687492897169,1,0
18.0,1.7359734946720913,0.0,36782.64026505328,0.9995282680721,1,0
19.0,2.5482890162882263,0.0,36774.51710983712,0.9993075301586174,1,0
20.0,1.6121252701863007,0.0,36783.878747298135,0.9995619224809276,1,0
21.0,1.3302107220413824,0.0,36786.69789277959,0.9996385296950976,1,0
22.0,2.297907109037805,0.0,36777.02092890962,0.9993755687203704,1,0
23.0,1.162665729431506,0.0,36788.37334270569,0.999684058225698,1,0
24.0,1.308972929994443,0.0,36786.91027070006,0.9996443008342408,1,0
25.0,0.9089056637701276,0.0,36790.9109433623,0.99975301476528,1,0
26.0,0.1978835300538541,0.0,36798.021164699465,0.999946227301616,1,0
27.0,0.8040092921418882,0.0,36791.95990707858,0.999781519214092,1,0
28.0,1.2998898500202998,0.0,36787.001101499794,0.9996467690624944,1,0
29.0,1.4386896226730244,0.0,36785.61310377327,0.9996090517329692,1,0
30.0,0.265033961282981,0.0,36797.34966038717,0.9999279799018252,1,0
31.0,0.0,0.0,36800.0,1.0,1,0
32.0,0.0,0.0,36800.0,1.0,1,0
33.0,1.4591934542670728,0.0,36785.408065457326,0.9996034800396012,1,0
34.0,2.0870503974447274,0.0,36779.12949602556,0.9994328667398248,1,0
35.0,1.3972275415353224,0.0,36786.027724584645,0.9996203186028436,1,0
36.0,2.381238109207878,0.0,36776.18761890792,0.9993529244268456,1,0
37.0,3.200882350721322,0.0,36767.99117649279,0.9991301950133912,1,0
38.0,1.4929248271704978,0.0,36785.07075172829,0.99959431390566,1,0
39.0,1.5920762385385174,0.0,36784.07923761461,0.9995673705873536,1,0
40.0,1.0417742447720073,0.0,36789.58225755228,0.9997169091726164,1,0
41.0,0.8463298915839559,0.0,36791.53670108416,0.9997700190512,1,0
42.0,1.461543250442297,0.0,36785.38456749557,0.999602841508032,1,0
43.0,1.1661475564564583,0.0,36788.33852443544,0.99968311207705,1,0
44.0,2.5520566235804907,0.0,36774.479433764194,0.999306506352288,1,0
45.0,3.3569597471025574,0.0,36766.430402528975,0.9990877826774178,1,0
46.0,2.3191132168745483,0.0,36776.808867831256,0.9993698061910667,1,0
47.0,3.557552804465608,0.0,36764.42447195535,0.9990332736944388,1,0
48.0,1.7683716561538887,0.0,36782.316283438464,0.9995194642238712,1,0
49.0,2.4032141619772034,0.0,36775.96785838023,0.9993469526733758,1,0
50.0,0.966562052379345,0.0,36790.33437947621,0.9997373472683752,1,0
51.0,0.5034879687840501,0.0,36794.96512031216,0.9998631826171784,1,0
52.0,2.220628647926418,0.0,36777.79371352074,0.999396568302194,1,0
53.0,2.633915010519232,0.0,36773.6608498948,0.9992842622254025,1,0
54.0,1.5998735472438668,0.0,36784.00126452757,0.9995652517534664,1,0
55.0,0.9272278587601548,0.0,36790.7277214124,0.9997480359079456,1,0
56.0,0.1253359871475368,0.0,36798.74664012853,0.9999659413078404,1,0
57.0,0.2287295034378758,0.0,36797.71270496562,0.9999378452436308,1,0
58.0,3.7501944020347935,0.0,36762.49805597965,0.9989809254342296,1,0
59.0,2.647666685695881,0.0,36773.52333314304,0.999280525357148,1,0
60.0,2.204781201829768,0.0,36777.9521879817,0.999400874673416,1,0
61.0,2.0018297827952622,0.0,36779.981702172045,0.9994560245155448,1,0
62.0,3.4030716930427545,0.0,36765.96928306957,0.9990752522573252,1,0
63.0,2.9434495525079427,0.0,36770.56550447492,0.9992001495781228,1,0
64.0,1.80400233019374,0.0,36781.95997669806,0.9995097819754908,1,0
65.0,1.7639882446764972,0.0,36782.36011755324,0.9995206553682944,1,0
66.0,1.2817391721177105,0.0,36787.182608278825,0.9996517013119246,1,0
67.0,1.2312185254770327,0.0,36787.68781474523,0.9996654297485116,1,0
68.0,1.77228788472641,0.0,36782.277121152736,0.9995184000313244,1,0
69.0,0.9569870082018496,0.0,36790.43012991798,0.9997399491825538,1,0
70.0,1.0456802540108043,0.0,36789.54319745989,0.9997158477570622,1,0
71.0,0.6687146464373654,0.0,36793.31285353562,0.999818284063468,1,0
72.0,2.305445333747244,0.0,36776.94554666253,0.9993735202897428,1,0
73.0,2.555510555924528,0.0,36774.44489444076,0.9993055677837162,1,0
74.0,1.2218162375118735,0.0,36787.78183762488,0.9996679847180676,1,0
75.0,2.03965013254394,0.0,36779.60349867456,0.9994457472465912,1,0
76.0,2.2227506757208886,0.0,36777.77249324279,0.9993959916642062,1,0
77.0,2.218442387701174,0.0,36777.81557612299,0.9993971623946464,1,0
78.0,2.618572906629097,0.0,36773.81427093371,0.9992884312753726,1,0
79.0,2.019916667093227,0.0,36779.80083332907,0.9994511096013334,1,0
80.0,3.410671869686269,0.0,36765.893281303135,0.999073186991933,1,0
81.0,3.0005535767456166,0.0,36769.99446423254,0.999184632180232,1,0
82.0,2.141737786156497,0.0,36778.582622138434,0.9994180060363704,1,0
83.0,3.589430664557895,0.0,36764.10569335442,0.9990246112324572,1,0
84.0,1.766191231669822,0.0,36782.3380876833,0.9995200567305246,1,0
85.0,5.711630409289384,0.0,36742.88369590711,0.9984479265192148,1,0
86.0,2.298565525453526,0.0,36777.01434474546,0.9993753898028658,1,0
87.0,3.3793623100636268,0.0,36766.20637689936,0.9990816950244392,1,0
88.0,2.71563518638537,0.0,36772.84364813615,0.9992620556558736,1,0
89.0,2.35542811583548,0.0,36776.44571884164,0.9993599380120012,1,0
90.0,3.569035109949766,0.0,36764.3096489005,0.999030153502731,1,0
91.0,3.538247641543052,0.0,36764.61752358457,0.9990385196626242,1,0
92.0,2.382514931324849,0.0,36776.17485068675,0.999352577464314,1,0
93.0,3.3960365989525627,0.0,36766.03963401047,0.999077163967676,1,0
94.0,0.9650733221527474,0.0,36790.34926677848,0.9997377518146324,1,0
95.0,1.9026365390045896,0.0,36780.97363460995,0.9994829792013574,1,0
96.0,2.3331237327531795,0.0,36776.66876267247,0.9993659989856648,1,0
97.0,2.612459111843592,0.0,36773.87540888156,0.9992900926326512,1,0
98.0,1.1638587291080285,0.0,36788.36141270892,0.9996837340410032,1,0
99.0,0.659348895423264,0.0,36793.40651104577,0.9998208291045044,1,0
100.0,1.187234984838497,0.0,36788.12765015162,0.9996773817975984,1,0
101.0,2.1660373095519105,0.0,36778.33962690448,0.9994114029050132,1,0
102.0,0.9941485860206568,0.0,36790.0585141398,0.9997298509277118,1,0
103.0,3.438244542924295,0.0,36765.61755457076,0.9990656944176836,1,0
104.0,3.999208464203903,0.0,36760.007915357965,0.99891325856951,1,0
105.0,0.5745450595710793,0.0,36794.254549404286,0.9998438736251164,1,0
106.0,0.0,0.0,36800.0,1.0,1,0
107.0,0.2371357425652291,0.0,36797.628642574346,0.9999355609395204,1,0
108.0,0.7638595319947257,0.0,36792.36140468005,0.9997924294750014,1,0
109.0,1.7754814349739831,0.0,36782.24518565026,0.999517532218757,1,0
110.0,2.0134653318337854,0.0,36779.86534668166,0.9994528626815667,1,0
111.0,2.284453859499635,0.0,36777.15546140501,0.9993792244947012,1,0
112.0,1.799149271578571,0.0,36782.00850728421,0.9995111007414188,1,0
113.0,0.1383482893984364,0.0,36798.61651710601,0.9999624053561416,1,0
114.0,0.5389403625756586,0.0,36794.610596374245,0.9998535488145176,1,0
115.0,2.838092857609638,0.0,36771.61907142391,0.99922877911478,1,0
116.0,1.9103065746053147,0.0,36780.89693425395,0.999480894952553,1,0
117.0,3.3670453899968464,0.0,36766.32954610003,0.9990850420135878,1,0
118.0,3.137586823243396,0.0,36768.62413176757,0.9991473948849884,1,0
119.0,1.499368500685648,0.0,36785.006314993145,0.9995925629074224,1,0
120.0,3.2100148450833785,0.0,36767.89985154917,0.9991277133573144,1,0
121.0,1.52343051993671,0.0,36784.76569480063,0.9995860243152346,1,0
122.0,0.4235738385830956,0.0,36795.76426161417,0.9998848984134284,1,0
123.0,1.4577016866363266,0.0,36785.422983133634,0.99960388541124,1,0
124.0,1.7287819460563014,0.0,36782.71218053944,0.9995302222972672,1,0
125.0,1.760498953974178,0.0,36782.395010460255,0.9995216035451155,1,0
126.0,1.2913509384905524,0.0,36787.0864906151,0.9996490894188884,1,0
127.0,1.1685993919576276,0.0,36788.31400608042,0.9996824458174028,1,0
128.0,1.6408993081629148,0.0,36783.59100691837,0.9995541034488687,1,0
129.0,2.0424077256729447,0.0,36779.57592274327,0.9994449979006323,1,0
130.0,0.5966761288791247,0.0,36794.03323871121,0.9998378597475872,1,0
131.0,2.5597531302498737,0.0,36774.4024686975,0.9993044149102582,1,0
132.0,4.083819737710087,0.0,36759.1618026229,0.9988902663756222,1,0
133.0,1.273408361468114,0.0,36787.26591638532,0.9996539651191664,1,0
134.0,1.4445583133435491,0.0,36785.554416866566,0.9996074569800696,1,0
135.0,3.921987677825911,0.0,36760.78012322174,0.9989342424788517,1,0
136.0,1.7746722759019065,0.0,36782.25327724098,0.9995177520989398,1,0
137.0,2.4252412402119887,0.0,36775.74758759788,0.9993409670542902,1,0
138.0,1.449835204081012,0.0,36785.50164795919,0.9996060230423692,1,0
139.0,1.5693749814411715,0.0,36784.30625018559,0.999573539407217,1,0
140.0,2.499286748871725,0.0,36775.00713251128,0.9993208459921544,1,0
141.0,2.676146484779224,0.0,36773.23853515221,0.99927278628131,1,0
142.0,4.086804274481722,0.0,36759.13195725518,0.9988894553601952,1,0
143.0,0.1840077701223776,0.0,36798.15992229878,0.9999499978885538,1,0
144.0,1.3965603093571417,0.0,36786.03439690643,0.9996204999159356,1,0
145.0,2.4102809368338853,0.0,36775.89719063166,0.9993450323541212,1,0
146.0,1.9974697005385167,0.0,36780.02530299462,0.999457209320506,1,0
147.0,1.4651431447527727,0.0,36785.34856855247,0.9996018632758824,1,0
148.0,1.3681665354182826,0.0,36786.31833464582,0.9996282156153756,1,0
149.0,0.7743853538535177,0.0,36792.25614646146,0.9997895691973224,1,0
150.0,2.5336873942079023,0.0,36774.66312605792,0.9993114979907044,1,0
151.0,3.2580862021067105,0.0,36767.41913797893,0.999114650488558,1,0
152.0,1.198831088708829,0.0,36788.01168911292,0.999674230682416,1,0
153.0,0.6212240819086219,0.0,36793.78775918092,0.999831189108177,1,0
154.0,0.8245404604769817,0.0,36791.75459539523,0.9997759400922616,1,0
155.0,0.4774346822836151,0.0,36795.22565317716,0.9998702623145967,1,0
156.0,1.7025593448984182,0.0,36782.97440655102,0.9995373480041038,1,0
157.0,1.1440562899713314,0.0,36788.55943710029,0.9996891151385948,1,0
158.0,2.978329324516096,0.0,36770.21670675484,0.9991906713792076,1,0
159.0,1.1561342633269476,0.0,36788.43865736673,0.9996858330806176,1,0
160.0,0.7512148385229409,0.0,36792.48785161477,0.99979586553301,1,0
161.0,2.1197876052305844,0.0,36778.802123947695,0.9994239707594482,1,0
162.0,2.7623178750358197,0.0,36772.37682124964,0.9992493701426534,1,0
163.0,1.1077289009677995,0.0,36788.92271099032,0.9996989867116935,1,0
164.0,0.8683322135600804,0.0,36791.3166778644,0.9997640401593588,1,0
165.0,4.258159101561063,0.0,36757.41840898439,0.9988428915484888,1,0
166.0,2.341191802290666,0.0,36776.58808197709,0.9993638065754644,1,0
167.0,1.2391541777079451,0.0,36787.60845822292,0.9996632733212752,1,0
168.0,0.6454215706132516,0.0,36793.54578429387,0.9998246137036376,1,0
169.0,1.895310406418844,0.0,36781.04689593581,0.9994849699982558,1,0
170.0,2.3103536282940524,0.0,36776.89646371706,0.9993721865140504,1,0
171.0,0.4930675851651926,0.0,36795.069324148346,0.9998660142431616,1,0
172.0,0.9701911137121896,0.0,36790.29808886288,0.9997363611104044,1,0
173.0,2.0130969965128145,0.0,36779.86903003488,0.9994529627726868,1,0
174.0,1.1487674378646204,0.0,36788.51232562136,0.999687834935363,1,0
175.0,0.8439654524651985,0.0,36791.56034547535,0.99977066156183,1,0
176.0,0.5159260532324765,0.0,36794.84073946768,0.999859802702926,1,0
177.0,2.5936766015427395,0.0,36774.063233984576,0.9992951965756678,1,0
178.0,2.531119423692843,0.0,36774.68880576307,0.9993121958087792,1,0
179.0,1.6073365428795512,0.0,36783.9266345712,0.9995632237655218,1,0
180.0,3.2370515074331934,0.0,36767.62948492567,0.9991203664381976,1,0
181.0,2.6888490102340654,0.0,36773.11150989766,0.9992693345080884,1,0
182.0,2.221097299487184,0.0,36777.78902700513,0.9993964409512264,1,0
183.0,0.6267153010009281,0.0,36793.73284698999,0.9998296969290758,1,0
184.0,0.7504622163770023,0.0,36792.49537783623,0.9997960700498976,1,0
185.0,1.2524876664673172,0.0,36787.47512333532,0.9996596500906338,1,0
186.0,1.6806726481739247,0.0,36783.19327351826,0.9995432954760398,1,0
187.0,1.2049766910307085,0.0,36787.950233089694,0.9996725606817852,1,0
188.0,2.0334964158881803,0.0,36779.66503584112,0.9994474194522044,1,0
189.0,3.375303643027138,0.0,36766.24696356973,0.9990827979230904,1,0
190.0,0.954909030748297,0.0,36790.45090969252,0.99974051385034,1,0
191.0,0.7634333984913155,0.0,36792.36566601509,0.9997925452721492,1,0
192.0,0.3768665091362493,0.0,36796.23133490864,0.9998975906225174,1,0
193.0,1.4608207122821852,0.0,36785.39179287718,0.9996030378499232,1,0
194.0,0.1654991752510852,0.0,36798.34500824749,0.9999550273980296,1,0
195.0,1.135555869985609,0.0,36788.64444130015,0.99969142503533,1,0
196.0,0.8677581778714512,0.0,36791.32241822129,0.9997641961473176,1,0
197.0,1.6570916509544134,0.0,36783.42908349045,0.9995497033557188,1,0
198.0,1.3491292994780792,0.0,36786.50870700522,0.9996333887773156,1,0
199.0,1.0515429496330455,0.0,36789.48457050367,0.999714254633252,1,0
200.0,2.9102807781613933,0.0,36770.89719221839,0.9992091628320212,1,0
201.0,0.9323192863518556,0.0,36790.67680713648,0.9997466523678392,1,0
202.0,2.013844460261538,0.0,36779.86155539739,0.9994527596575375,1,0
203.0,1.836319037403797,0.0,36781.63680962596,0.9995010002615752,1,0
204.0,0.2689865326572942,0.0,36797.31013467343,0.999926905833517,1,0
205.0,2.1547828379916325,0.0,36778.45217162008,0.9994144611853284,1,0
206.0,5.892973746678734,0.0,36741.07026253321,0.9983986484384024,1,0
207.0,3.146151083415248,0.0,36768.53848916585,0.9991450676403762,1,0
208.0,1.7826502494870624,0.0,36782.17349750513,0.999515584171335,1,0
209.0,0.4463957193951557,0.0,36795.536042806045,0.9998786968153816,1,0
210.0,1.884653076400582,0.0,36781.15346923599,0.9994878660118476,1,0
211.0,1.2383903397617075,0.0,36787.61609660238,0.9996634808859344,1,0
212.0,2.316556332169512,0.0,36776.83443667831,0.9993705009966932,1,0
213.0,1.7234147236979709,0.0,36782.76585276302,0.9995316807816038,1,0
214.0,0.7850339959531425,0.0,36792.14966004047,0.999786675544578,1,0
215.0,0.6618545482241416,0.0,36793.38145451776,0.9998201482205912,1,0
216.0,0.0,0.0,36800.0,1.0,1,0
217.0,3.639432240265279,0.0,36763.60567759735,0.999011023847754,1,0
218.0,4.316523720124451,0.0,36756.83476279875,0.9988270315977922,1,0
219.0,0.8011200578583271,0.0,36791.988799421415,0.9997823043321036,1,0
220.0,0.8320955612877867,0.0,36791.67904438712,0.999773887075737,1,0
221.0,1.05344943127011,0.0,36789.4655056873,0.9997137365675898,1,0
222.0,4.583125091146854,0.0,36754.16874908853,0.998754585573058,1,0
223.0,3.657575842943885,0.0,36763.42424157056,0.9990060935209392,1,0
224.0,3.1283014103468645,0.0,36768.71698589653,0.9991499180950144,1,0
225.0,0.9618608058863742,0.0,36790.38139194113,0.999738624781009,1,0
226.0,1.4504534728419571,0.0,36785.49546527158,0.999605855034554,1,0
227.0,2.0374079482586183,0.0,36779.62592051741,0.9994463565357992,1,0
228.0,2.787907915987546,0.0,36772.12092084013,0.9992424163271774,1,0
229.0,0.9332903073171508,0.0,36790.66709692683,0.9997463885034464,1,0
230.0,1.6064726744158122,0.0,36783.93527325584,0.9995634585123868,1,0
231.0,4.177469910394706,0.0,36758.22530089605,0.998864817959132,1,0
232.0,2.3705852487970844,0.0,36776.29414751203,0.9993558192258704,1,0
233.0,0.7159597829644326,0.0,36792.84040217035,0.9998054457111508,1,0
234.0,2.15567974782374,0.0,36778.44320252176,0.9994142174598304,1,0
235.0,3.69145625387506,0.0,36763.085437461246,0.998996886887534,1,0
236.0,3.7048141410784874,0.0,36762.951858589215,0.9989932570268808,1,0
237.0,2.795583390704337,0.0,36772.04416609296,0.999240330600352,1,0
238.0,3.593956171651996,0.0,36764.06043828348,0.9990233814750944,1,0
239.0,4.229749411794899,0.0,36757.70250588205,0.9988506115728818,1,0
240.0,3.1333178884268023,0.0,36768.66682111573,0.9991485549216232,1,0
241.0,1.4064562099615046,0.0,36785.93543790039,0.9996178108125104,1,0
242.0,2.4490111201709794,0.0,36775.50988879829,0.9993345078477796,1,0
243.0,1.8834493392764955,0.0,36781.165506607234,0.999488193114327,1,0
244.0,0.1102713340745822,0.0,36798.89728665925,0.9999700349635666,1,0
245.0,0.8913149498881694,0.0,36791.08685050112,0.9997577948505738,1,0
246.0,1.14396570915315,0.0,36788.56034290847,0.9996891397529476,1,0
247.0,0.8587689554577196,0.0,36791.41231044542,0.9997666388707994,1,0
248.0,0.1817635562058228,0.0,36798.18236443794,0.999950607729292,1,0
249.0,1.236264758157546,0.0,36787.63735241842,0.999664058489631,1,0
250.0,2.0387154167297297,0.0,36779.6128458327,0.9994460012454538,1,0
251.0,1.511760721398332,0.0,36784.882392786014,0.9995891954561416,1,0
252.0,1.8801878040582096,0.0,36781.198121959416,0.9994890794010712,1,0
253.0,3.040556142817451,0.0,36769.59443857183,0.9991737619177128,1,0
254.0,2.5711534989441134,0.0,36774.28846501056,0.9993013169839824,1,0
255.0,2.212772002453505,0.0,36777.87227997546,0.9993987032602027,1,0
256.0,1.3502861035888143,0.0,36786.497138964114,0.9996330744283728,1,0
257.0,0.7466044643300052,0.0,36792.5339553567,0.9997971183520844,1,0
258.0,0.3101175566857819,0.0,36796.89882443314,0.9999157289248136,1,0
259.0,1.9159863839907416,0.0,36780.84013616009,0.9994793515260896,1,0
260.0,1.0337601071506697,0.0,36789.66239892849,0.9997190869274049,1,0
261.0,0.2281110149270375,0.0,36797.71888985073,0.9999380133111612,1,0
262.0,1.8238754359041425,0.0,36781.76124564096,0.999504381675026,1,0
263.0,3.012002307549551,0.0,36769.8799769245,0.9991815211120788,1,0
264.0,2.3726677949339887,0.0,36776.27332205066,0.999355253316594,1,0
265.0,3.334643120556961,0.0,36766.65356879443,0.9990938469781094,1,0
266.0,5.440509249163483,0.0,36745.59490750836,0.9985216007475098,1,0
267.0,0.8988111032158486,0.0,36791.01188896784,0.999755757852387,1,0
268.0,4.565229294881419,0.0,36754.34770705119,0.9987594485611736,1,0
269.0,3.240609034515728,0.0,36767.59390965484,0.9991193997188816,1,0
270.0,4.167227718319225,0.0,36758.32772281681,0.9988676011635004,1,0
271.0,1.3082936066095383,0.0,36786.91706393391,0.9996444854329866,1,0
272.0,1.843287143381758,0.0,36781.56712856618,0.9994991067545158,1,0
273.0,3.385015905592695,0.0,36766.14984094408,0.9990801587213064,1,0
274.0,2.2171914112794866,0.0,36777.8280858872,0.9993975023338914,1,0
275.0,1.9269780723379315,0.0,36780.73021927662,0.999476364654256,1,0
276.0,1.301236966175452,0.0,36786.98763033825,0.999646402998322,1,0
277.0,2.1185983629902125,0.0,36778.814016370095,0.9994242939231004,1,0
278.0,0.8864519895028593,0.0,36791.135480104975,0.9997591163072004,1,0
279.0,0.8497778229319692,0.0,36791.50222177068,0.9997690821133336,1,0
280.0,2.15721442198344,0.0,36778.427855780166,0.9994138004288088,1,0
281.0,2.889611371566616,0.0,36771.103886284334,0.999214779518596,1,0
282.0,2.019390187395004,0.0,36779.80609812605,0.9994512526664688,1,0
283.0,1.9467561879085904,0.0,36780.532438120914,0.9994709901663292,1,0
284.0,1.96694088625884,0.0,36780.33059113741,0.9994655051939514,1,0
285.0,1.3863236693331942,0.0,36786.13676330667,0.9996232816115944,1,0
286.0,1.3449368945996412,0.0,36786.550631054,0.9996345280177718,1,0
287.0,1.582232057984129,0.0,36784.17767942016,0.9995700456364174,1,0
288.0,2.8530709998861425,0.0,36771.469290001136,0.9992247089674222,1,0
289.0,2.715549805084152,0.0,36772.84450194916,0.999262078857314,1,0
290.0,1.435976971711966,0.0,36785.64023028288,0.9996097888663826,1,0
291.0,0.885077470062356,0.0,36791.14922529938,0.9997594898179178,1,0
292.0,0.9431785200164882,0.0,36790.56821479984,0.999743701489126,1,0
293.0,0.0578303235595853,0.0,36799.4216967644,0.9999842852381632,1,0
294.0,1.1597623471234328,0.0,36788.40237652877,0.9996848471882815,1,0
295.0,2.760530302403822,0.0,36772.39469697596,0.999249855896086,1,0
296.0,1.3285423581984332,0.0,36786.71457641802,0.9996389830548374,1,0
297.0,0.7619870264800852,0.0,36792.3801297352,0.9997929383080216,1,0
298.0,0.6036122375434161,0.0,36793.96387762456,0.99983597493545,1,0
299.0,0.3990117832033206,0.0,36796.00988216797,0.999891572884999,1,0
300.0,1.1591864841495294,0.0,36788.408135158505,0.9996850036727856,1,0
301.0,3.162330991386682,0.0,36768.37669008613,0.9991406709262536,1,0
302.0,1.3025835346812755,0.0,36786.974164653184,0.999646037082967,1,0
303.0,2.7172958641767764,0.0,36772.82704135824,0.9992616043847348,1,0
304.0,2.2987819201825346,0.0,36777.01218079818,0.9993753309999504,1,0
305.0,0.3748573368470147,0.0,36796.25142663153,0.999898136593248,1,0
306.0,0.3957773003392049,0.0,36796.04222699661,0.99989245182056,1,0
307.0,0.7616574250688473,0.0,36792.383425749314,0.9997930278736228,1,0
308.0,2.364950885571261,0.0,36776.35049114429,0.999357350302834,1,0
309.0,2.289614826560296,0.0,36777.1038517344,0.999377822058,1,0
310.0,2.775137925661568,0.0,36772.24862074338,0.999245886433244,1,0
311.0,1.908051439427936,0.0,36780.91948560572,0.9994815077610252,1,0
312.0,3.053783173569286,0.0,36769.46216826431,0.9991701676158778,1,0
313.0,1.907843690365041,0.0,36780.92156309635,0.9994815642145748,1,0
314.0,1.4538044478434244,0.0,36785.46195552157,0.9996049444435208,1,0
315.0,1.11358377760763,0.0,36788.86416222392,0.9996973957126066,1,0
316.0,0.3940677739773264,0.0,36796.05932226023,0.999892916365767,1,0
317.0,2.6696887614543243,0.0,36773.30311238546,0.999274541097431,1,0
318.0,3.913050178658864,0.0,36760.86949821341,0.9989366711471036,1,0
319.0,0.7307551788515525,0.0,36792.692448211485,0.9998014252231382,1,0
320.0,0.6045533436360984,0.0,36793.95446656364,0.999835719200099,1,0
321.0,5.565963130379657,0.0,36744.340368696205,0.9984875100189186,1,0
322.0,4.22401141330522,0.0,36757.759885866944,0.9988521708116016,1,0
323.0,1.2322336253794788,0.0,36787.6776637462,0.9996651539061469,1,0
324.0,2.8279308170669992,0.0,36771.72069182933,0.9992315405388406,1,0
325.0,3.664939588566199,0.0,36763.35060411434,0.9990040925031072,1,0
326.0,0.2122163165687993,0.0,36797.87783683431,0.9999423325226716,1,0
327.0,2.5912673583917467,0.0,36774.08732641608,0.9992958512613066,1,0
328.0,2.204579752281859,0.0,36777.95420247718,0.9994009294151408,1,0
329.0,4.299835609559409,0.0,36757.001643904405,0.9988315664104458,1,0
330.0,1.6943734845686436,0.0,36783.05626515432,0.9995395724226716,1,0
331.0,2.5761795451469998,0.0,36774.23820454853,0.9992999512105578,1,0
332.0,3.731821070101546,0.0,36762.681789298986,0.9989859181874724,1,0
333.0,2.4906893678442543,0.0,36775.093106321554,0.9993231822369988,1,0
334.0,0.4427062826522956,0.0,36795.57293717348,0.999879699379714,1,0
335.0,0.1156929426427382,0.0,36798.84307057357,0.9999685617003689,1,0
336.0,1.4111200672736004,0.0,36785.88879932727,0.99961654345998,1,0
337.0,2.7745974949711467,0.0,36772.254025050286,0.99924603328941,1,0
338.0,0.7043546318464564,0.0,36792.95645368154,0.9998085992848244,1,0
339.0,1.590795758110346,0.0,36784.092042418895,0.9995677185439916,1,0
340.0,2.0317814088986097,0.0,36779.68218591101,0.9994478854867124,1,0
341.0,2.386188093852411,0.0,36776.13811906148,0.9993515793223228,1,0
342.0,0.778895080763732,0.0,36792.21104919236,0.9997883437280533,1,0
343.0,4.676994197725662,0.0,36753.230058022746,0.9987290776636616,1,0
344.0,1.2801471091868848,0.0,36787.19852890813,0.9996521339377208,1,0
345.0,1.6613894653963823,0.0,36783.38610534604,0.9995485354713596,1,0
346.0,3.1629011903479523,0.0,36768.37098809652,0.9991405159808836,1,0
347.0,3.675711264858308,0.0,36763.242887351415,0.999001165417158,1,0
348.0,3.05970622759088,0.0,36769.40293772409,0.9991685580903285,1,0
349.0,2.278563116500493,0.0,36777.214368835,0.9993808252400814,1,0
350.0,1.6109233209081708,0.0,36783.89076679092,0.9995622490975792,1,0
351.0,3.601166924341669,0.0,36763.98833075658,0.9990214220314289,1,0
352.0,1.0737873202037918,0.0,36789.26212679796,0.999708209967336,1,0
353.0,1.98217418824612,0.0,36780.178258117536,0.9994613657097156,1,0
354.0,2.8528176051030414,0.0,36771.47182394897,0.9992247778247002,1,0
355.0,0.3491377805892739,0.0,36796.50862219411,0.9999051256031009,1,0
356.0,2.9274361891285707,0.0,36770.72563810871,0.9992045010355628,1,0
357.0,2.640862595536248,0.0,36773.59137404464,0.9992823742946912,1,0
358.0,1.0058510387628417,0.0,36789.94148961237,0.9997266709133796,1,0
359.0,1.812106119498253,0.0,36781.87893880502,0.999507579858832,1,0
360.0,1.2218492273697166,0.0,36787.7815077263,0.999667975753432,1,0
361.0,2.2201282891384158,0.0,36777.79871710861,0.9993967042692558,1,0
362.0,0.1877101839003785,0.0,36798.122898161,0.9999489917978532,1,0
363.0,0.841902621237864,0.0,36791.58097378762,0.999771222113794,1,0
364.0,0.2984377748908287,0.0,36797.01562225109,0.9999189027785624,1,0
365.0,1.99405372992004,0.0,36780.0594627008,0.9994581375733914,1,0
366.0,2.303744387495442,0.0,36776.96255612504,0.999373982503398,1,0
367.0,2.791999390567014,0.0,36772.08000609433,0.9992413045134328,1,0
368.0,1.5621800050409431,0.0,36784.37819994959,0.9995754945638476,1,0
369.0,0.6331795567767244,0.0,36793.66820443223,0.9998279403378324,1,0
370.0,1.8498303423775724,0.0,36781.50169657623,0.9994973287113104,1,0
371.0,1.7440686401480434,0.0,36782.55931359852,0.9995260683043076,1,0
372.0,0.292556716953527,0.0,36797.07443283047,0.999920500892132,1,0
373.0,2.0876147942041143,0.0,36779.12385205796,0.99943271337114,1,0
374.0,2.3490454302240664,0.0,36776.50954569776,0.9993616724374392,1,0
375.0,2.258249242808404,0.0,36777.41750757192,0.9993863453144542,1,0
376.0,1.5903753659032418,0.0,36784.09624634097,0.9995678327810046,1,0
377.0,3.4604342010293294,0.0,36765.395657989706,0.9990596646192856,1,0
378.0,3.319279760728591,0.0,36766.80720239272,0.99909802180415,1,0
379.0,1.6690304460249197,0.0,36783.30969553975,0.999546459117928,1,0
380.0,0.9867957297673228,0.0,36790.13204270232,0.9997318489864762,1,0
381.0,2.062033997602612,0.0,36779.37966002397,0.9994396646745644,1,0
382.0,2.207359582828815,0.0,36777.92640417171,0.9994001740264052,1,0
383.0,1.752695933719565,0.0,36782.47304066281,0.9995237239310546,1,0
384.0,1.0718750469416705,0.0,36789.28124953058,0.9997087296068092,1,0
385.0,1.3696424364661084,0.0,36786.30357563534,0.9996278145553082,1,0
386.0,1.8586036077536503,0.0,36781.41396392247,0.9994949446718062,1,0
387.0,2.860150165258119,0.0,36771.39849834742,0.99922278528118,1,0
388.0,0.8502439328880769,0.0,36791.49756067112,0.9997689554530196,1,0
389.0,1.7201757166010907,0.0,36782.79824283399,0.9995325609465758,1,0
390.0,1.710096774631893,0.0,36782.899032253685,0.9995352997895024,1,0
391.0,3.2511616081512784,0.0,36767.48838391848,0.999116532171698,1,0
392.0,3.1704889163057715,0.0,36768.29511083695,0.99913845409883,1,0
393.0,1.1624534630305448,0.0,36788.375465369696,0.9996841159067852,1,0
394.0,0.188377865939799,0.0,36798.1162213406,0.9999488103625164,1,0
395.0,1.3070865551981683,0.0,36786.929134448015,0.9996448134360874,1,0
396.0,1.994519233208564,0.0,36780.05480766791,0.9994580110779324,1,0
397.0,2.5167668512037835,0.0,36774.83233148796,0.9993160959643468,1,0
398.0,1.349699369805137,0.0,36786.50300630195,0.9996332338669008,1,0
399.0,2.481724352139849,0.0,36775.1827564786,0.9993256183825706,1,0
400.0,2.790639290191564,0.0,36772.09360709808,0.999241674105926,1,0
401.0,2.2442208525644105,0.0,36777.55779147436,0.9993901573770204,1,0
402.0,2.4306660156734665,0.0,36775.69333984327,0.9993394929305236,1,0
403.0,3.377962096404474,0.0,36766.22037903596,0.9990820755172816,1,0
404.0,3.305127708685518,0.0,36766.94872291315,0.999101867470466,1,0
405.0,2.220853028517581,0.0,36777.79146971482,0.9993965073292072,1,0
406.0,2.504477829828716,0.0,36774.95522170171,0.9993194353723291,1,0
407.0,2.041224935392279,0.0,36779.58775064608,0.9994453193110346,1,0
408.0,0.893510410919589,0.0,36791.064895890806,0.9997571982579024,1,0
409.0,1.5425639934217656,0.0,36784.57436006578,0.9995808250017876,1,0
410.0,1.4367820036449075,0.0,36785.63217996355,0.9996095701077052,1,0
411.0,1.765986489060026,0.0,36782.3401351094,0.9995201123671033,1,0
412.0,4.865974576720475,0.0,36751.3402542328,0.9986777242998044,1,0
413.0,0.8024893295301467,0.0,36791.9751067047,0.9997819322474102,1,0
414.0,0.9517306945216432,0.0,36790.48269305479,0.9997413775286628,1,0
415.0,1.6030264922395645,0.0,36783.9697350776,0.9995643949749348,1,0
416.0,0.4501789019417401,0.0,36795.498210980586,0.9998776687766464,1,0
417.0,1.5598054001644073,0.0,36784.401945998354,0.9995761398369116,1,0
418.0,3.6831511367340113,0.0,36763.16848863266,0.998999143712844,1,0
419.0,3.5153010060496968,0.0,36764.84698993951,0.9990447551613996,1,0
420.0,3.1692389563052075,0.0,36768.30761043695,0.9991387937618736,1,0
421.0,1.642220543904216,0.0,36783.57779456096,0.9995537444174174,1,0
422.0,2.4555104537593597,0.0,36775.44489546241,0.999332741724522,1,0
423.0,0.8629171974538394,0.0,36791.370828025465,0.9997655116311268,1,0
424.0,0.1385308753108916,0.0,36798.61469124689,0.9999623557404046,1,0
425.0,0.8697998805523639,0.0,36791.30200119448,0.9997636413368064,1,0
426.0,2.5680429418112,0.0,36774.31957058189,0.999302162244073,1,0
427.0,2.389301381837072,0.0,36776.10698618163,0.999350733320153,1,0
428.0,2.182341992119177,0.0,36778.176580078805,0.9994069722847502,1,0
429.0,1.0489106564066333,0.0,36789.51089343593,0.9997149699303242,1,0
430.0,2.117763144162552,0.0,36778.82236855837,0.9994245208847384,1,0
431.0,2.8271910946202183,0.0,36771.7280890538,0.9992317415503748,1,0
432.0,3.046597234387661,0.0,36769.534027656126,0.9991721203167424,1,0
433.0,3.762502040029631,0.0,36762.37497959971,0.9989775809673832,1,0
434.0,2.5935990543500798,0.0,36774.0640094565,0.9992952176482746,1,0
435.0,1.1481214673686964,0.0,36788.51878532631,0.9996880104708236,1,0
436.0,1.103367642385649,0.0,36788.96632357614,0.999700171836308,1,0
437.0,2.864271782478397,0.0,36771.35728217522,0.9992216652765004,1,0
438.0,5.700952950223211,0.0,36742.99047049777,0.9984508280026568,1,0
439.0,3.570282724389699,0.0,36764.2971727561,0.999029814477068,1,0
440.0,3.2622809388157634,0.0,36767.37719061184,0.9991135106144522,1,0
441.0,3.147061931904318,0.0,36768.52938068096,0.9991448201272,1,0
442.0,2.3792748025990136,0.0,36776.20725197401,0.9993534579340764,1,0
443.0,1.3920735825091128,0.0,36786.07926417491,0.9996217191351876,1,0
444.0,1.9776787924364496,0.0,36780.22321207564,0.999462587284664,1,0
445.0,2.3310669756070297,0.0,36776.68933024393,0.9993665578870632,1,0
446.0,1.5224835202157578,0.0,36784.77516479784,0.9995862816521152,1,0
447.0,3.794375714051228,0.0,36762.056242859486,0.9989689196429208,1,0
448.0,3.615319158650379,0.0,36763.846808413495,0.999017576315584,1,0
449.0,6.83007163307559,0.0,36731.69928366925,0.9981440022736208,1,0
450.0,2.0536238067817862,0.0,36779.46376193218,0.9994419500525048,1,0
451.0,0.0,0.0,36800.0,1.0,1,0
452.0,0.0,0.0,36800.0,1.0,1,0
453.0,0.7508175574597544,0.0,36792.4918244254,0.9997959734898206,1,0
454.0,0.8593432138767412,0.0,36791.40656786123,0.999766482822316,1,0
455.0,3.156094005120337,0.0,36768.4390599488,0.999142365759478,1,0
456.0,2.056383545167762,0.0,36779.43616454832,0.9994412001235956,1,0
457.0,2.1885968077398275,0.0,36778.1140319226,0.9994052726065924,1,0
458.0,1.0528833433785962,0.0,36789.47116656621,0.9997138903958208,1,0
459.0,1.8552193923973728,0.0,36781.44780607602,0.9994958642955442,1,0
460.0,0.3188643322652638,0.0,36796.81135667735,0.9999133520836236,1,0
461.0,2.5577990407724656,0.0,36774.42200959227,0.9993049459128336,1,0
462.0,0.3134832362106294,0.0,36796.86516763789,0.9999148143379862,1,0
463.0,1.5709981589035351,0.0,36784.29001841097,0.999573098326385,1,0
464.0,0.9644317095098244,0.0,36790.355682904905,0.9997379261658942,1,0
465.0,1.5522886250433885,0.0,36784.47711374956,0.9995781824388468,1,0
466.0,2.432657926590423,0.0,36775.67342073409,0.9993389516503828,1,0
467.0,2.703673154578155,0.0,36772.963268454216,0.999265306207995,1,0
468.0,1.5449352038568236,0.0,36784.55064796144,0.999580180651126,1,0
469.0,1.5392976089941044,0.0,36784.60702391006,0.9995817126062516,1,0
470.0,1.570107758813208,0.0,36784.298922411865,0.9995733402829312,1,0
471.0,1.737217629070244,0.0,36782.6278237093,0.9995279299921004,1,0
472.0,1.836903848662928,0.0,36781.63096151337,0.999500841345472,1,0
473.0,1.3121430891887371,0.0,36786.878569108114,0.999643439377938,1,0
474.0,2.179143935907689,0.0,36778.20856064093,0.9994078413217642,1,0
475.0,0.7106424886552531,0.0,36792.89357511345,0.9998068906280828,1,0
476.0,1.2911659070059045,0.0,36787.08834092994,0.9996491396991832,1,0
477.0,0.8828784169269852,0.0,36791.17121583073,0.9997600873867044,1,0
478.0,1.5494347155724313,0.0,36784.50565284427,0.9995789579577248,1,0
479.0,1.4683545182996909,0.0,36785.316454817,0.9996009906200272,1,0
480.0,0.7801736021675652,0.0,36792.19826397832,0.9997879963037588,1,0
481.0,1.3294983997722056,0.0,36786.70501600228,0.9996387232609314,1,0
482.0,0.0,0.0,36800.0,1.0,1,0
483.0,2.9329906710844966,0.0,36770.670093289154,0.999202991665466,1,0
484.0,2.6887216607337336,0.0,36773.112783392666,0.9992693691139312,1,0
485.0,0.3866238528545409,0.0,36796.13376147146,0.99989493917042,1,0
486.0,1.7714500558386137,0.0,36782.28549944161,0.9995186277022176,1,0
487.0,1.1899246034165003,0.0,36788.10075396584,0.9996766509229849,1,0
488.0,0.0428144173520195,0.0,36799.57185582648,0.9999883656474586,1,0
489.0,0.4661361163124979,0.0,36795.33863883688,0.999873332577089,1,0
490.0,1.967822096566806,0.0,36780.32177903433,0.9994652657346286,1,0
491.0,3.302746932655566,0.0,36766.97253067345,0.9991025144204742,1,0
492.0,3.752065874820119,0.0,36762.4793412518,0.9989804168818424,1,0
493.0,2.3599962732880613,0.0,36776.40003726712,0.9993586966648674,1,0
494.0,2.092921039792259,0.0,36779.07078960208,0.9994312714565782,1,0
495.0,0.698007423923741,0.0,36793.01992576076,0.999810324069586,1,0
496.0,0.88117849388982,0.0,36791.18821506111,0.9997605493223126,1,0
497.0,2.649148704843697,0.0,36773.508512951565,0.9992801226345532,1,0
498.0,1.8606663413264075,0.0,36781.393336586734,0.9994943841463788,1,0
499.0,1.9415411174225028,0.0,36780.584588825775,0.9994724073050484,1,0
500.0,1.063275919505088,0.0,36789.36724080495,0.9997110663262212,1,0
501.0,1.1054772827836246,0.0,36788.94522717216,0.9996995985644608,1,0
502.0,2.86079354627168,0.0,36771.392064537285,0.9992226104493828,1,0
503.0,0.6145211945687379,0.0,36793.85478805431,0.999833010544954,1,0
504.0,3.842584247496404,0.0,36761.57415752504,0.998955819497963,1,0
505.0,1.8492578122456396,0.0,36781.50742187754,0.9994974842901506,1,0
506.0,1.0337309886867274,0.0,36789.66269011313,0.9997190948400309,1,0
507.0,3.528668447283792,0.0,36764.71331552716,0.9990411227045424,1,0
508.0,5.212246882091961,0.0,36747.87753117908,0.998583628564649,1,0
509.0,2.9817115462965376,0.0,36770.18288453703,0.999189752297202,1,0
510.0,1.6495818557594362,0.0,36783.5041814424,0.9995517440609348,1,0
511.0,1.3984389575203409,0.0,36786.0156104248,0.9996199894137172,1,0
512.0,2.9276699094702963,0.0,36770.723300905294,0.9992044375246004,1,0
513.0,1.111952504617875,0.0,36788.88047495383,0.9996978389933104,1,0
514.0,3.424561409654075,0.0,36765.754385903456,0.99906941266042,1,0
515.0,2.8659077254661725,0.0,36771.34092274534,0.9992212207267754,1,0
516.0,0.6900402208177638,0.0,36793.09959779182,0.99981248907043,1,0
517.0,3.510068897109818,0.0,36764.8993110289,0.9990461769301332,1,0
518.0,3.4532818244514374,0.0,36765.467181755484,0.9990616081998772,1,0
519.0,0.0,0.0,36800.0,1.0,1,0
520.0,1.897685632256412,0.0,36781.02314367744,0.999484324556452,1,0
521.0,3.0095399129835414,0.0,36769.90460087016,0.999182190241037,1,0
522.0,1.2521282294735556,0.0,36787.478717705264,0.99965974776373,1,0
523.0,2.1536123321899368,0.0,36778.4638766781,0.9994147792575572,1,0
524.0,2.987726315376449,0.0,36770.12273684624,0.9991881178490823,1,0
525.0,2.5537015286178075,0.0,36774.46298471382,0.9993060593672234,1,0
526.0,1.312861424115681,0.0,36786.871385758845,0.9996432441782296,1,0
527.0,2.4960150859122905,0.0,36775.03984914088,0.999321735031002,1,0
528.0,0.3623550494545497,0.0,36796.37644950546,0.9999015339539526,1,0
529.0,0.4700894047606425,0.0,36795.29910595239,0.9998722583139236,1,0
530.0,1.9176026858565365,0.0,36780.82397314144,0.999478912313626,1,0
531.0,3.889216475660305,0.0,36761.1078352434,0.9989431476968316,1,0
532.0,2.365168225801085,0.0,36776.34831774199,0.9993572912429888,1,0
533.0,2.414922137848066,0.0,36775.85077862152,0.9993437711581936,1,0
534.0,2.093477835615772,0.0,36779.06522164384,0.9994311201533652,1,0
535.0,1.7709127962945104,0.0,36782.290872037054,0.9995187736966592,1,0
536.0,1.1018225399510584,0.0,36788.98177460049,0.9997005917011004,1,0
537.0,1.913868264225357,0.0,36780.86131735775,0.9994799271021126,1,0
538.0,2.016607978583352,0.0,36779.833920214165,0.999452008701472,1,0
539.0,0.074985255412912,0.0,36799.25014744587,0.9999796235718986,1,0
540.0,1.303245592244707,0.0,36786.96754407755,0.9996458571760204,1,0
541.0,2.7695899363412764,0.0,36772.30410063659,0.9992473940390376,1,0
542.0,3.090724905450997,0.0,36769.09275094549,0.9991601291017796,1,0
543.0,3.795333096228888,0.0,36762.046669037714,0.9989686594847204,1,0
544.0,2.4580316940767943,0.0,36775.419683059234,0.9993320566048703,1,0
545.0,5.788807874581494,0.0,36742.11192125418,0.9984269543819072,1,0
546.0,4.249346126321484,0.0,36757.50653873679,0.9988452863787172,1,0
547.0,3.822487759266778,0.0,36761.77512240733,0.9989612805001992,1,0
548.0,1.0506717173360585,0.0,36789.49328282664,0.9997144913811586,1,0
549.0,2.1671387290310804,0.0,36778.32861270969,0.9994111036062416,1,0
550.0,3.707774895550301,0.0,36762.922251044496,0.9989924524740352,1,0
551.0,5.106660205013554,0.0,36748.93339794986,0.9986123205964637,1,0
552.0,3.367933008955333,0.0,36766.32066991045,0.999084800812784,1,0
553.0,3.3048683163629,0.0,36766.95131683637,0.99910193795751,1,0
554.0,0.5344485829165251,0.0,36794.65551417084,0.9998547694068164,1,0
555.0,1.2407233247715794,0.0,36787.592766752285,0.9996628469226164,1,0
556.0,0.3663984438829857,0.0,36796.33601556117,0.9999004352054668,1,0
557.0,2.186527520234222,0.0,36778.13472479766,0.99940583491298,1,0
558.0,0.7550728553078443,0.0,36792.44927144692,0.9997948171588836,1,0
559.0,0.0,0.0,36800.0,1.0,1,0
560.0,0.0,0.0,36800.0,1.0,1,0
561.0,0.1905714035837036,0.0,36798.094285964165,0.9999482142925044,1,0
562.0,2.2271341581638358,0.0,36777.72865841836,0.9993948005004988,1,0
563.0,2.6439241993333558,0.0,36773.56075800666,0.9992815423371376,1,0
564.0,3.160335140343477,0.0,36768.396648596565,0.9991412132770806,1,0
565.0,2.428774648001422,0.0,36775.71225351999,0.9993400068891302,1,0
566.0,1.5588092446517976,0.0,36784.41190755348,0.9995764105313448,1,0
567.0,3.034985610998092,0.0,36769.650143890016,0.9991752756491852,1,0
568.0,3.5236994885007107,0.0,36764.76300511499,0.9990424729650812,1,0
569.0,3.3569537136593226,0.0,36766.430462863405,0.9990877843169405,1,0
570.0,1.2726147744840546,0.0,36787.27385225516,0.9996541807678032,1,0
571.0,1.4727687636893734,0.0,36785.27231236311,0.9995997910968236,1,0
572.0,0.5777094002831973,0.0,36794.222905997165,0.999843013749923,1,0
573.0,0.58780684227861,0.0,36794.12193157721,0.9998402698798156,1,0
574.0,1.3142284271449398,0.0,36786.85771572855,0.9996428727100148,1,0
575.0,1.0038133388941333,0.0,36789.96186661106,0.99972722463617,1,0
576.0,3.3499081252517726,0.0,36766.50091874748,0.9990896988790076,1,0
577.0,0.8565925573994946,0.0,36791.434074426,0.9997672302833154,1,0
578.0,1.2841539595594895,0.0,36787.1584604044,0.9996510451196848,1,0
579.0,2.4704547366249017,0.0,36775.29545263375,0.999328680778091,1,0
580.0,1.2368211184316351,0.0,36787.631788815685,0.999663907304774,1,0
581.0,4.572644818963681,0.0,36754.273551810365,0.9987574334731076,1,0
582.0,1.7289086407937475,0.0,36782.71091359206,0.9995301878693496,1,0
583.0,1.4238110116449434,0.0,36785.76188988355,0.999613094833792,1,0
584.0,2.786401530084732,0.0,36772.13598469916,0.9992428256711728,1,0
585.0,0.0,0.0,36800.0,1.0,1,0
586.0,0.9385746355982292,0.0,36790.61425364402,0.9997449525446744,1,0
587.0,1.735037671294435,0.0,36782.649623287056,0.9995285223719308,1,0
588.0,2.4277017399859915,0.0,36775.72298260014,0.9993402984402212,1,0
589.0,2.893528972684294,0.0,36771.06471027316,0.999213714953075,1,0
590.0,0.9063634640983764,0.0,36790.93636535902,0.999753705580408,1,0
591.0,2.820933147270921,0.0,36771.79066852729,0.999233442079546,1,0
592.0,2.158966494147535,0.0,36778.41033505852,0.9994133243222424,1,0
593.0,0.9948611030347364,0.0,36790.05138896965,0.999729657308958,1,0
594.0,3.01544686927798,0.0,36769.84553130722,0.99918058508987,1,0
595.0,2.528634817866873,0.0,36774.71365182133,0.9993128709734056,1,0
596.0,2.269820298132572,0.0,36777.30179701868,0.9993832010059424,1,0
597.0,2.413195360373152,0.0,36775.86804639627,0.9993442403912028,1,0
598.0,2.7865045352114066,0.0,36772.13495464789,0.9992427976806492,1,0
599.0,1.5293132815955914,0.0,36784.706867184046,0.9995844257386968,1,0
600.0,0.6256457205299739,0.0,36793.7435427947,0.9998299875759428,1,0
601.0,0.2469213672301293,0.0,36797.5307863277,0.999932901802383,1,0
602.0,2.527111257259776,0.0,36774.7288874274,0.9993132849844404,1,0
603.0,1.082210385632152,0.0,36789.17789614368,0.9997059210908608,1,0
604.0,1.5509242531784366,0.0,36784.490757468215,0.999578553192071,1,0
605.0,0.6013170952736573,0.0,36793.98682904727,0.9998365986154149,1,0
606.0,0.9586263340706864,0.0,36790.41373665929,0.9997395037135676,1,0
607.0,3.0775948123597345,0.0,36769.2240518764,0.9991636970618588,1,0
608.0,1.5443731182125475,0.0,36784.55626881788,0.99958033339179,1,0
609.0,3.611013180386408,0.0,36763.88986819614,0.9990187464183732,1,0
610.0,2.173557572114305,0.0,36778.26442427886,0.9994093593554038,1,0
611.0,0.6509088863299439,0.0,36793.4909111367,0.9998231225852364,1,0
612.0,0.9223492313506084,0.0,36790.776507686496,0.9997493616219156,1,0
613.0,0.7610683650318606,0.0,36792.38931634968,0.9997931879442848,1,0
614.0,1.2257285783864518,0.0,36787.74271421613,0.99966692158196,1,0
615.0,1.5671673152052108,0.0,36784.32832684795,0.9995741393165204,1,0
616.0,1.902275802666395,0.0,36780.97724197333,0.9994830772275364,1,0
617.0,0.8664001904172665,0.0,36791.33599809583,0.9997645651656476,1,0
618.0,0.8603062620525179,0.0,36791.39693737948,0.9997662211244422,1,0
619.0,0.9081809666108712,0.0,36790.91819033389,0.9997532116938556,1,0
620.0,0.5775210617647417,0.0,36794.22478938235,0.9998430649288682,1,0
621.0,4.711745416829672,0.0,36752.8825458317,0.9987196343976006,1,0
622.0,2.062114563037767,0.0,36779.37885436962,0.9994396427817832,1,0
623.0,1.5927144613633573,0.0,36784.07285538637,0.9995671971572382,1,0
624.0,0.9277323393177994,0.0,36790.72267660682,0.9997478988208376,1,0
625.0,3.010949087123663,0.0,36769.89050912876,0.9991818073132815,1,0
626.0,2.3023512152577723,0.0,36776.97648784742,0.9993743610828104,1,0
627.0,1.78054911369793,0.0,36782.194508863024,0.9995161551321474,1,0
628.0,2.338624957558068,0.0,36776.61375042442,0.99936450408762,1,0
629.0,1.724682546180361,0.0,36782.75317453819,0.9995313362646248,1,0
630.0,1.602651659203616,0.0,36783.973483407965,0.9995644968317382,1,0
631.0,2.7712563711471603,0.0,36772.28743628853,0.9992469412034926,1,0
632.0,0.6324838218083642,0.0,36793.67516178192,0.9998281293962478,1,0
633.0,0.0,0.0,36800.0,1.0,1,0
634.0,0.0,0.0,36800.0,1.0,1,0
635.0,1.4003608141223367,0.0,36785.996391858775,0.9996194671700754,1,0
636.0,3.414652450323274,0.0,36765.85347549677,0.9990721053124122,1,0
637.0,3.366907337612816,0.0,36766.33092662387,0.9990850795278228,1,0
638.0,1.4310072849805238,0.0,36785.6899271502,0.9996111393247336,1,0
639.0,1.8424063390895071,0.0,36781.57593660911,0.9994993461035084,1,0
640.0,3.1534961059505804,0.0,36768.46503894049,0.9991430717103394,1,0
641.0,2.4138871637403554,0.0,36775.861128362594,0.9993440524011574,1,0
642.0,0.7628992558229584,0.0,36792.37100744177,0.9997926904196132,1,0
643.0,0.4461650596947493,0.0,36795.538349403054,0.9998787594946482,1,0
644.0,2.429205195162126,0.0,36775.70794804838,0.999339889892619,1,0
645.0,0.9220625034243994,0.0,36790.77937496576,0.9997494395371128,1,0
646.0,2.1286294212287658,0.0,36778.71370578771,0.9994215680920574,1,0
647.0,3.373892131009597,0.0,36766.2610786899,0.9990831814861386,1,0
648.0,2.730276794792644,0.0,36772.69723205207,0.9992580769579368,1,0
649.0,0.8058739820369283,0.0,36791.94126017963,0.9997810125048812,1,0
650.0,1.997697986997764,0.0,36780.02302013002,0.999457147286142,1,0
651.0,3.370137822678771,0.0,36766.29862177321,0.99908420167862,1,0
652.0,0.7817002842605234,0.0,36792.1829971574,0.9997875814444944,1,0
653.0,2.1861125040086336,0.0,36778.13887495992,0.999405947689128,1,0
654.0,1.099062917650599,0.0,36789.00937082349,0.9997013415984644,1,0
655.0,2.3821160767471383,0.0,36776.178839232525,0.99935268584871,1,0
656.0,3.376046079286993,0.0,36766.23953920713,0.9990825961741068,1,0
657.0,0.2510875548168769,0.0,36797.48912445183,0.999931769686191,1,0
658.0,0.1421274668387013,0.0,36798.578725331616,0.9999613784057504,1,0
659.0,1.7045292426399783,0.0,36782.9547075736,0.9995368127058044,1,0
660.0,2.8319073644967148,0.0,36771.68092635503,0.9992304599552998,1,0
661.0,0.3275724440638896,0.0,36796.72427555936,0.9999109857488956,1,0
662.0,1.967890128230806,0.0,36780.32109871769,0.9994652472477634,1,0
663.0,4.276239665758453,0.0,36757.237603342415,0.998837978351696,1,0
664.0,0.7653768094122597,0.0,36792.346231905874,0.9997920171713552,1,0
665.0,1.3183895107916896,0.0,36786.81610489208,0.999641741980763,1,0
666.0,4.593709179591315,0.0,36754.06290820408,0.9987517094620676,1,0
667.0,2.3194300700517942,0.0,36776.80569929948,0.99936972008966,1,0
668.0,1.7995350494711602,0.0,36782.00464950529,0.9995109959104698,1,0
669.0,2.2142749445850995,0.0,36777.85725055415,0.999398294852015,1,0
670.0,1.726597816003732,0.0,36782.73402183996,0.9995308158108686,1,0
671.0,2.007622086926517,0.0,36779.92377913073,0.9994544505198568,1,0
672.0,3.093420107736506,0.0,36769.06579892264,0.9991593967098544,1,0
673.0,1.5512248655561507,0.0,36784.48775134444,0.9995784715039248,1,0
674.0,1.2995105157864373,0.0,36787.00489484214,0.9996468721424494,1,0
675.0,0.3365261059349222,0.0,36796.63473894065,0.9999085526886048,1,0
676.0,3.289131138435664,0.0,36767.10868861564,0.9991062143645556,1,0
677.0,0.4890029041280286,0.0,36795.10997095872,0.9998671187760522,1,0
678.0,0.6705317095204464,0.0,36793.2946829048,0.999817790296326,1,0
679.0,1.4271718995812537,0.0,36785.72828100419,0.9996121815490268,1,0
680.0,2.324236066138951,0.0,36776.75763933861,0.9993684141124622,1,0
681.0,3.328873358834926,0.0,36766.71126641165,0.9990954148481428,1,0
682.0,0.3246545835369261,0.0,36796.75345416463,0.999911778645778,1,0
683.0,4.70163874056118,0.0,36752.98361259439,0.9987223807770216,1,0
684.0,1.242817823408927,0.0,36787.57182176591,0.999662277765378,1,0
685.0,0.9424368335699,0.0,36790.5756316643,0.999743903034356,1,0
686.0,1.0607299412574775,0.0,36789.39270058743,0.9997117581681366,1,0
687.0,0.8220411314134708,0.0,36791.779588685866,0.999776619257768,1,0
688.0,1.9141936931482637,0.0,36780.85806306852,0.9994798386703402,1,0
689.0,0.2680211635614569,0.0,36797.31978836439,0.9999271681620756,1,0
690.0,1.6652504634085972,0.0,36783.34749536592,0.9995474862871172,1,0
691.0,1.9950175515763249,0.0,36780.04982448424,0.9994578756653326,1,0
692.0,2.2435348952542427,0.0,36777.564651047454,0.9993903437784636,1,0
693.0,1.8194465870481051,0.0,36781.80553412952,0.999505585166563,1,0
694.0,1.0787910975748218,0.0,36789.21208902425,0.9997068502452242,1,0
695.0,1.2779589042378348,0.0,36787.22041095762,0.999652728558631,1,0
696.0,0.9373655480964088,0.0,36790.62634451904,0.9997452811010608,1,0
697.0,0.0,0.0,36800.0,1.0,1,0
698.0,1.901794068856475,0.0,36780.98205931144,0.9994832081334628,1,0
699.0,1.2455792932493068,0.0,36787.54420706751,0.9996615273659648,1,0
700.0,1.5062908063913485,0.0,36784.93709193609,0.9995906818460892,1,0
701.0,4.835982958477189,0.0,36751.64017041523,0.998685874196066,1,0
702.0,1.2881120315707904,0.0,36787.11887968429,0.9996499695566384,1,0
703.0,0.2377468537242748,0.0,36797.62253146276,0.9999353948767056,1,0
704.0,0.0,0.0,36800.0,1.0,1,0
705.0,2.003153628628297,0.0,36779.96846371372,0.9994556647748292,1,0
706.0,4.177421444586798,0.0,36758.22578555413,0.9988648311291884,1,0
707.0,2.424145169737699,0.0,36775.75854830262,0.9993412648995276,1,0
708.0,1.442579506061179,0.0,36785.57420493939,0.99960799469944,1,0
709.0,3.7233544051483705,0.0,36762.76645594851,0.9989882189116444,1,0
710.0,2.9066454006605227,0.0,36770.93354599339,0.9992101507063422,1,0
711.0,3.229158204663236,0.0,36767.70841795337,0.9991225113574286,1,0
712.0,2.42715709778156,0.0,36775.72842902219,0.9993404464408204,1,0
713.0,2.8964305686721445,0.0,36771.03569431328,0.9992129264759044,1,0
714.0,3.3033438077734445,0.0,36766.966561922265,0.9991023522261484,1,0
715.0,3.805081462525664,0.0,36761.949185374746,0.9989660104721398,1,0
716.0,1.6596254532973944,0.0,36783.40374546703,0.9995490148224736,1,0
717.0,0.6444974987763317,0.0,36793.55502501224,0.9998248648101152,1,0
718.0,4.697981082028946,0.0,36753.02018917971,0.9987233747059704,1,0
719.0,2.9990317351155227,0.0,36770.00968264885,0.9991850457241532,1,0
720.0,0.9765684260181616,0.0,36790.23431573982,0.9997346281451038,1,0
721.0,2.6021118859949866,0.0,36773.97888114005,0.9992929043788056,1,0
722.0,4.396943111440123,0.0,36756.0305688856,0.9988051785023262,1,0
723.0,2.115964615305188,0.0,36778.84035384695,0.9994250096154064,1,0
724.0,0.6480048867238111,0.0,36793.51995113276,0.999823911715564,1,0
725.0,0.7269169913365658,0.0,36792.73083008664,0.999802468208876,1,0
726.0,2.295389303130833,0.0,36777.04610696869,0.999376252906758,1,0
727.0,2.008866917959267,0.0,36779.91133082041,0.9994541122505546,1,0
728.0,2.6633445557807818,0.0,36773.36655444219,0.9992762650663638,1,0
729.0,1.4188758245378494,0.0,36785.81124175462,0.9996144359172452,1,0
730.0,2.0276762564332103,0.0,36779.72323743567,0.9994490010172736,1,0
731.0,1.8768991640620245,0.0,36781.23100835938,0.999489973053244,1,0
732.0,0.0,0.0,36800.0,1.0,1,0
733.0,0.6390605977758241,0.0,36793.60939402224,0.9998263422288652,1,0
734.0,0.5726275233215574,0.0,36794.27372476678,0.9998443946947496,1,0
735.0,2.5619980520323224,0.0,36774.38001947968,0.9993038048771652,1,0
736.0,3.220113370472177,0.0,36767.79886629528,0.9991249691928064,1,0
737.0,0.0142687570944417,0.0,36799.857312429056,0.9999961226203548,1,0
738.0,1.295213672219461,0.0,36787.0478632778,0.9996480397629838,1,0
739.0,2.708034565571097,0.0,36772.91965434429,0.9992641210419644,1,0
740.0,3.059987004947061,0.0,36769.40012995053,0.999168481792134,1,0
741.0,1.0820148906129816,0.0,36789.17985109387,0.9997059742145072,1,0
742.0,0.8688479023538775,0.0,36791.31152097646,0.999763900026534,1,0
743.0,1.2265692205550067,0.0,36787.73430779445,0.9996666931465884,1,0
744.0,1.7763907296251773,0.0,36782.23609270375,0.9995172851278192,1,0
745.0,0.3306630669566175,0.0,36796.69336933043,0.9999101459057184,1,0
746.0,2.3039063407976528,0.0,36776.960936592026,0.9993739384943484,1,0
747.0,0.369249164092821,0.0,36796.307508359074,0.9998996605532356,1,0
748.0,1.0076858696933186,0.0,36789.923141303065,0.999726172318018,1,0
749.0,0.9941870145522672,0.0,36790.05812985448,0.999729840485176,1,0
750.0,0.4378199582506568,0.0,36795.621800417495,0.999881027185258,1,0
751.0,0.5636108206855397,0.0,36794.363891793146,0.9998468448856832,1,0
752.0,1.4560225407509506,0.0,36785.43977459249,0.9996043417008827,1,0
753.0,1.6147350579304884,0.0,36783.852649420696,0.9995612132994754,1,0
754.0,1.9368762267067725,0.0,36780.63123773293,0.9994736749383948,1,0
755.0,1.8906223193823732,0.0,36781.09377680618,0.9994862439349504,1,0
756.0,2.273582545496538,0.0,36777.26417454504,0.9993821786561152,1,0
757.0,3.307630624875742,0.0,36766.92369375124,0.9991011873301968,1,0
758.0,1.540024821280781,0.0,36784.5997517872,0.9995815149942172,1,0
759.0,0.3586691892921863,0.0,36796.41330810708,0.999902535546388,1,0
760.0,2.456510348264373,0.0,36775.43489651736,0.9993324700140586,1,0
761.0,0.9227847157238784,0.0,36790.772152842765,0.9997492432837708,1,0
762.0,0.5193362909324151,0.0,36794.806637090674,0.9998588760078988,1,0
763.0,2.318829353774845,0.0,36776.81170646225,0.9993698833277784,1,0
764.0,2.436986782582608,0.0,36775.63013217418,0.99933777533082,1,0
765.0,0.5507541191367409,0.0,36794.49245880864,0.9998503385545824,1,0
766.0,3.2303614066455566,0.0,36767.696385933545,0.999122184400368,1,0
767.0,1.226415039385074,0.0,36787.73584960615,0.9996667350436452,1,0
768.0,0.7012144015745889,0.0,36792.987855984255,0.9998094526082678,1,0
769.0,2.453078436041892,0.0,36775.46921563958,0.9993334025989016,1,0
770.0,2.296333255861441,0.0,36777.03666744139,0.9993759963978638,1,0
771.0,1.922075648518444,0.0,36780.779243514815,0.9994776968346416,1,0
772.0,0.6411421965007094,0.0,36793.58857803499,0.999825776577038,1,0
773.0,0.5753961255250033,0.0,36794.24603874475,0.9998436423571944,1,0
774.0,3.2774415962815056,0.0,36767.22558403719,0.9991093908705756,1,0
775.0,1.7977646618159042,0.0,36782.02235338184,0.9995114769940718,1,0
776.0,1.5815499852219546,0.0,36784.18450014778,0.9995702309822766,1,0
777.0,1.5138800981742406,0.0,36784.861199018254,0.9995886195385396,1,0
778.0,1.3263716986556346,0.0,36786.73628301344,0.999639572907974,1,0
779.0,2.2589849211168485,0.0,36777.41015078883,0.9993861454018704,1,0
780.0,0.6875153806180379,0.0,36793.12484619382,0.9998131751683104,1,0
781.0,1.650115467239857,0.0,36783.4988453276,0.9995515990578152,1,0
782.0,1.6673866652051856,0.0,36783.326133347946,0.9995469057974984,1,0
783.0,3.2759554101872936,0.0,36767.240445898125,0.9991097947254926,1,0
784.0,1.7087307415646364,0.0,36782.91269258435,0.99953567099414,1,0
785.0,0.9896081540761088,0.0,36790.10391845924,0.99973108474074,1,0
786.0,0.7246322235779417,0.0,36792.75367776422,0.99980308906968,1,0
787.0,4.726392808390528,0.0,36752.73607191609,0.9987156541281548,1,0
788.0,1.2811885741288052,0.0,36787.18811425872,0.9996518509309432,1,0
789.0,1.0460305440832371,0.0,36789.53969455917,0.9997157525695428,1,0
790.0,2.794293546062363,0.0,36772.057064539375,0.9992406811016136,1,0
791.0,2.168033994051598,0.0,36778.31966005948,0.9994108603277032,1,0
792.0,0.4436363629790776,0.0,36795.56363637021,0.9998794466404948,1,0
793.0,1.41429318046346,0.0,36785.85706819536,0.999615681200961,1,0
794.0,1.2585561347885914,0.0,36787.41443865212,0.9996580010503292,1,0
795.0,3.3273973493476205,0.0,36766.72602650653,0.9990958159376774,1,0
796.0,2.5520636834008883,0.0,36774.47936316599,0.9993065044338584,1,0
797.0,1.7246707771423644,0.0,36782.753292228575,0.999531339462733,1,0
798.0,2.4024587063336185,0.0,36775.97541293666,0.9993471579602354,1,0
799.0,3.8639706470991086,0.0,36761.36029352901,0.9989500079763318,1,0
800.0,0.035829042859973,0.0,36799.6417095714,0.9999902638470488,1,0
801.0,0.0,0.0,36800.0,1.0,1,0
802.0,0.0,0.0,36800.0,1.0,1,0
803.0,2.178841023938844,0.0,36778.21158976061,0.9994079236347992,1,0
804.0,1.1863043311609545,0.0,36788.13695668839,0.9996776346926192,1,0
805.0,1.8573275085943808,0.0,36781.42672491405,0.9994952914378818,1,0
806.0,1.789719497311694,0.0,36782.10280502688,0.9995136631800784,1,0
807.0,0.0,0.0,36800.0,1.0,1,0
808.0,0.7134688441944945,0.0,36792.86531155805,0.9998061225966862,1,0
809.0,1.5981466774393311,0.0,36784.01853322561,0.9995657210115654,1,0
810.0,3.4318990112741403,0.0,36765.68100988726,0.9990674187469364,1,0
811.0,4.272735050385563,0.0,36757.27264949615,0.99883893069283,1,0
812.0,1.0389003341313128,0.0,36789.61099665869,0.9997176901265948,1,0
813.0,1.3679900142915358,0.0,36786.32009985708,0.9996282635830728,1,0
814.0,0.5964454889881381,0.0,36794.03554511012,0.9998379224214706,1,0
815.0,1.5330333975500707,0.0,36784.6696660245,0.9995834148376224,1,0
816.0,3.205794650317671,0.0,36767.94205349682,0.9991288601493702,1,0
817.0,3.341414570520556,0.0,36766.5858542948,0.9990920069101848,1,0
818.0,4.613546113030793,0.0,36753.86453886969,0.9987463189910242,1,0
819.0,3.895196420735602,0.0,36761.04803579264,0.9989415227117566,1,0
820.0,1.469258624523036,0.0,36785.30741375477,0.9996007449389882,1,0
821.0,1.9972753435979484,0.0,36780.02724656402,0.999457262134892,1,0
822.0,1.9524199167115055,0.0,36780.475800832886,0.9994694511095892,1,0
823.0,2.974840205506439,0.0,36770.25159794494,0.9991916195093732,1,0
824.0,3.5555045217403176,0.0,36764.44495478259,0.9990338302930052,1,0
825.0,1.0773319155886156,0.0,36789.22668084411,0.9997072467620682,1,0
826.0,2.067704818831544,0.0,36779.322951811686,0.999438123690535,1,0
827.0,0.7777310673658349,0.0,36792.22268932634,0.999788660036042,1,0
828.0,0.8994445825874209,0.0,36791.00555417413,0.9997555857112532,1,0
829.0,3.178667693447096,0.0,36768.21332306553,0.9991362316050416,1,0
830.0,3.3945989466408264,0.0,36766.05401053359,0.9990775546340648,1,0
831.0,3.1451537112938013,0.0,36768.54846288706,0.9991453386654092,1,0
832.0,3.054333608579441,0.0,36769.45666391421,0.9991700180411468,1,0
833.0,1.5252182338563216,0.0,36784.74781766144,0.9995855385234088,1,0
834.0,2.8915027932670228,0.0,36771.08497206733,0.9992142655453078,1,0
835.0,2.761518983209044,0.0,36772.38481016791,0.9992495872328236,1,0
836.0,1.526509668541962,0.0,36784.73490331458,0.99958518759007,1,0
837.0,1.4547679133823976,0.0,36785.45232086618,0.9996046826322332,1,0
838.0,0.7919508815825793,0.0,36792.08049118418,0.9997847959560916,1,0
839.0,1.3318263817222942,0.0,36786.68173618278,0.9996380906571408,1,0
840.0,3.6257009259518327,0.0,36763.74299074048,0.9990147551831652,1,0
841.0,4.485452136173421,0.0,36755.14547863827,0.9987811271369096,1,0
842.0,1.6326538859746051,0.0,36783.67346114026,0.9995563440527244,1,0
843.0,1.5632734307788496,0.0,36784.36726569221,0.9995751974372884,1,0
844.0,1.3808031374081793,0.0,36786.19196862592,0.9996247817561392,1,0
845.0,0.2901429462605165,0.0,36797.0985705374,0.9999211568080816,1,0
846.0,2.2017926274415918,0.0,36777.98207372559,0.9994016867860214,1,0
847.0,6.110430460390944,0.0,36738.89569539609,0.9983395569401112,1,0
848.0,1.6627964142536484,0.0,36783.372035857465,0.9995481531483008,1,0
849.0,1.6877369878807258,0.0,36783.1226301212,0.9995413758185108,1,0
850.0,1.4046125540932053,0.0,36785.95387445907,0.999618311805953,1,0
851.0,1.6620709351933556,0.0,36783.37929064807,0.9995483502893496,1,0
852.0,0.0,0.0,36800.0,1.0,1,0
853.0,1.3486963391951576,0.0,36786.51303660805,0.9996335064295664,1,0
854.0,1.6545941301349103,0.0,36783.45405869865,0.9995503820298546,1,0
855.0,1.7538855343193518,0.0,36782.46114465681,0.999523400670022,1,0
856.0,2.9542524161491883,0.0,36770.457475838506,0.9991972140173508,1,0
857.0,3.6901131760441785,0.0,36763.09886823956,0.9989972518543356,1,0
858.0,0.6147673568717664,0.0,36793.85232643128,0.999832943653024,1,0
859.0,1.5550368259690686,0.0,36784.44963174031,0.9995774356451173,1,0
860.0,2.341525552534563,0.0,36776.584744474654,0.9993637158824634,1,0
861.0,3.4771197921400017,0.0,36765.2288020786,0.9990551304912664,1,0
862.0,5.057743984467038,0.0,36749.422560155326,0.998625613047699,1,0
863.0,3.2123432382190917,0.0,36767.87656761781,0.9991270806417882,1,0
864.0,2.867381691168021,0.0,36771.32618308832,0.9992208201926174,1,0
865.0,0.935583972939753,0.0,36790.6441602706,0.9997457652247448,1,0
866.0,2.4761030049734245,0.0,36775.23896995027,0.9993271459225616,1,0
867.0,2.432184730324593,0.0,36775.67815269675,0.9993390802363248,1,0
868.0,1.3429912651746465,0.0,36786.57008734826,0.99963505672142,1,0
869.0,0.5006254523893858,0.0,36794.99374547611,0.9998639604748942,1,0
870.0,0.842807006747762,0.0,36791.57192993252,0.999770976356862,1,0
871.0,0.241443877273582,0.0,36797.585561227264,0.9999343902507408,1,0
872.0,1.6034697844315815,0.0,36783.96530215569,0.9995642745151002,1,0
873.0,2.582631743679258,0.0,36774.17368256321,0.9992981978957394,1,0
874.0,3.4653161571162627,0.0,36765.34683842884,0.9990583380007836,1,0
875.0,1.7293810101843974,0.0,36782.70618989816,0.999530059508102,1,0
876.0,2.9512359936795747,0.0,36770.487640063206,0.9991980336973696,1,0
877.0,1.8754562585261283,0.0,36781.24543741474,0.9994903651471396,1,0
878.0,3.9504237438865175,0.0,36760.495762561135,0.9989265152869874,1,0
879.0,0.6310726151707513,0.0,36793.68927384829,0.9998285128763124,1,0
880.0,0.6704343778552584,0.0,36793.295656221446,0.999817816745148,1,0
881.0,1.85783351891223,0.0,36781.42166481088,0.9994951539350782,1,0
882.0,1.4471425125697124,0.0,36785.528574874304,0.9996067547520192,1,0
883.0,1.0291944278684468,0.0,36789.70805572131,0.9997203276011226,1,0
884.0,1.09313947929013,0.0,36789.068605207096,0.9997029512284537,1,0
885.0,1.0001797872968154,0.0,36789.99820212703,0.9997282120143216,1,0
886.0,3.8541793587709208,0.0,36761.45820641229,0.998952668652508,1,0
887.0,1.0647356233230312,0.0,36789.35264376677,0.9997106696675752,1,0
888.0,0.6809290221405035,0.0,36793.1907097786,0.9998149649396356,1,0
889.0,2.1810025184867072,0.0,36778.18997481513,0.9994073362721504,1,0
890.0,1.1430158575152518,0.0,36788.56984142485,0.9996893978648056,1,0
891.0,0.5419929639537031,0.0,36794.58007036046,0.9998527193032736,1,0
892.0,3.5311923158589025,0.0,36764.68807684141,0.9990404368706906,1,0
893.0,3.286522735723452,0.0,36767.13477264276,0.9991069231696404,1,0
894.0,2.8131023952405485,0.0,36771.8689760476,0.9992355700012934,1,0
895.0,4.903898886654929,0.0,36750.96101113345,0.9986674187808002,1,0
896.0,2.2303891804861,0.0,36777.69610819514,0.9993939159835636,1,0
897.0,3.379731344503398,0.0,36766.20268655496,0.9990815947433414,1,0
898.0,1.1688837066054705,0.0,36788.31116293395,0.9996823685579878,1,0
899.0,0.1757934849691764,0.0,36798.24206515031,0.9999522300312584,1,0
900.0,0.2705346741770427,0.0,36797.29465325823,0.9999264851428866,1,0
901.0,2.1446007373255043,0.0,36778.553992626745,0.9994172280605094,1,0
902.0,1.3856862249903088,0.0,36786.1431377501,0.9996234548301658,1,0
903.0,3.0585097162735337,0.0,36769.41490283726,0.9991688832292734,1,0
904.0,1.7017435107427443,0.0,36782.982564892576,0.999537569698168,1,0
905.0,2.0273842555166084,0.0,36779.72615744484,0.9994490803653489,1,0
906.0,1.3844700308842448,0.0,36786.15529969116,0.9996237853176944,1,0
907.0,1.7652618809685237,0.0,36782.34738119032,0.999520309271476,1,0
908.0,1.6486558036290262,0.0,36783.51344196371,0.9995519957055355,1,0
909.0,1.0743854343189696,0.0,36789.25614565681,0.9997080474363262,1,0
910.0,1.134832599418246,0.0,36788.65167400581,0.9996916215762448,1,0
911.0,2.1035261061388155,0.0,36778.96473893861,0.9994283896450707,1,0
912.0,3.9021103907876977,0.0,36760.97889609212,0.9989396439155468,1,0
913.0,2.4306022935681995,0.0,36775.69397706432,0.999339510246313,1,0
914.0,1.061623615685107,0.0,36789.38376384315,0.9997115153218248,1,0
915.0,1.833584544923156,0.0,36781.66415455077,0.9995017433301838,1,0
916.0,0.5196859639894456,0.0,36794.803140360105,0.9998587809880464,1,0
917.0,3.162824730709985,0.0,36768.3717526929,0.9991405367579592,1,0
918.0,5.431188943969573,0.0,36745.6881105603,0.9985241334391388,1,0
919.0,0.9701453085747288,0.0,36790.29854691425,0.9997363735574524,1,0
920.0,2.5877674226670706,0.0,36774.12232577333,0.999296802330797,1,0
921.0,3.872001830034151,0.0,36761.279981699656,0.9989478255896646,1,0
922.0,1.5918214401775683,0.0,36784.081785598224,0.9995674398260388,1,0
923.0,0.7130981538308561,0.0,36792.86901846169,0.9998062233277634,1,0
924.0,1.289137163456985,0.0,36787.10862836543,0.999649690988191,1,0
925.0,1.2505389967537894,0.0,36787.49461003246,0.9996601796204472,1,0
926.0,1.9954556787570252,0.0,36780.04544321243,0.9994577566090336,1,0
927.0,1.207400826567664,0.0,36787.92599173432,0.9996719019493022,1,0
928.0,2.987705409456453,0.0,36770.12294590544,0.999188123530039,1,0
929.0,2.561771466952109,0.0,36774.38228533048,0.999303866449198,1,0
930.0,1.8457524786625756,0.0,36781.54247521338,0.9994984368264505,1,0
931.0,1.8310105314689051,0.0,36781.68989468531,0.9995024427903616,1,0
932.0,1.2323478270526491,0.0,36787.676521729474,0.9996651228730836,1,0
933.0,1.1109882520037218,0.0,36788.89011747996,0.9996981010184772,1,0
934.0,0.0746106250941238,0.0,36799.25389374906,0.9999797253736158,1,0
935.0,1.8424143835108,0.0,36781.57585616489,0.9994993439175244,1,0
936.0,1.8127050633389672,0.0,36781.87294936661,0.9995074171023536,1,0
937.0,1.8800679243951208,0.0,36781.19932075605,0.9994891119770666,1,0
938.0,1.848178712164895,0.0,36781.51821287835,0.999497777523868,1,0
939.0,0.8405131779869635,0.0,36791.59486822013,0.9997715996798948,1,0
940.0,2.3277829341827783,0.0,36776.72217065817,0.999367450289624,1,0
941.0,3.2725675355184194,0.0,36767.274324644815,0.9991107153436092,1,0
942.0,2.2221707600456284,0.0,36777.77829239954,0.9993961492499877,1,0
943.0,0.9004953974069849,0.0,36790.99504602593,0.999755300163748,1,0
944.0,0.3235153564322672,0.0,36796.76484643568,0.9999120882183608,1,0
945.0,2.2280958186898943,0.0,36777.7190418131,0.9993945391797038,1,0
946.0,4.45971081847631,0.0,36755.40289181524,0.9987881220601968,1,0
947.0,0.2739547740488888,0.0,36797.26045225952,0.9999255557679216,1,0
948.0,1.726433296396067,0.0,36782.73566703604,0.9995308605172836,1,0
949.0,0.0025163395964682,0.0,36799.97483660404,0.9999993162120662,1,0
950.0,0.6451598978344464,0.0,36793.54840102165,0.999824684810371,1,0
951.0,1.3591410189031876,0.0,36786.40858981097,0.999630668201385,1,0
952.0,2.1572817365240557,0.0,36778.42718263476,0.9994137821368142,1,0
953.0,2.489651899469891,0.0,36775.1034810053,0.9993234641577527,1,0
954.0,0.361932783998327,0.0,36796.38067216002,0.9999016487000004,1,0
955.0,1.3475132125360003,0.0,36786.52486787464,0.999633827931376,1,0
956.0,2.4743989960099952,0.0,36775.2560100399,0.9993276089684756,1,0
957.0,1.0415643945857482,0.0,36789.58435605414,0.9997169661971234,1,0
958.0,3.1986207050351823,0.0,36768.01379294965,0.9991308095910232,1,0
959.0,2.9689624210977854,0.0,36770.31037578902,0.9991932167333972,1,0
960.0,1.0428499763214631,0.0,36789.57150023679,0.9997166168542604,1,0
961.0,0.9450759979185932,0.0,36790.54924002082,0.9997431858701308,1,0
962.0,0.0,0.0,36800.0,1.0,1,0
963.0,0.7409832842829474,0.0,36792.59016715717,0.9997986458466622,1,0
964.0,3.394680499804963,0.0,36766.05319500195,0.9990775324728792,1,0
965.0,2.8601493837226144,0.0,36771.398506162775,0.9992227854935536,1,0
966.0,0.3982393143759282,0.0,36796.01760685624,0.9998917827950066,1,0
967.0,0.887136222977233,0.0,36791.12863777023,0.999758930374191,1,0
968.0,0.7338970706608734,0.0,36792.66102929339,0.99980057144819,1,0
969.0,0.9099337726125896,0.0,36790.900662273874,0.999752735387877,1,0
970.0,2.094749181793759,0.0,36779.05250818206,0.9994307746788604,1,0
971.0,1.3937518103891762,0.0,36786.06248189611,0.9996212630950028,1,0
972.0,0.6107713771965564,0.0,36793.89228622804,0.9998340295170662,1,0
973.0,1.870760395927164,0.0,36781.29239604073,0.9994916411967588,1,0
974.0,2.612580258985531,0.0,36773.87419741014,0.9992900597122322,1,0
975.0,2.993703466035754,0.0,36770.06296533964,0.9991864936233598,1,0
976.0,1.3071503310875414,0.0,36786.92849668913,0.9996447961056828,1,0
977.0,1.038911583074878,0.0,36789.61088416925,0.9997176870698166,1,0
978.0,1.8296926241671367,0.0,36781.703073758326,0.9995028009173458,1,0
979.0,1.311342169006025,0.0,36786.88657830994,0.9996436570192918,1,0
980.0,2.565562845713316,0.0,36774.34437154287,0.99930283618323,1,0
981.0,4.004998875370575,0.0,36759.95001124629,0.9989116850882144,1,0
982.0,2.0355714201691626,0.0,36779.64428579831,0.9994468555923453,1,0
983.0,2.145190132649418,0.0,36778.54809867351,0.9994170678987364,1,0
984.0,2.503755401862236,0.0,36774.96244598138,0.9993196316842766,1,0
985.0,2.3341693911251014,0.0,36776.65830608875,0.9993657148393682,1,0
986.0,1.212691737737714,0.0,36787.873082622624,0.9996704642017016,1,0
987.0,0.4720536978084055,0.0,36795.27946302192,0.9998717245386388,1,0
988.0,0.8030593026819588,0.0,36791.96940697318,0.9997817773634016,1,0
989.0,0.8403152135661003,0.0,36791.59684786434,0.9997716534745744,1,0
990.0,2.984547568766857,0.0,36770.15452431233,0.999188981638922,1,0
991.0,1.4775862773909694,0.0,36785.22413722609,0.9995984819898396,1,0
992.0,0.9647319262597877,0.0,36790.3526807374,0.9997378445852554,1,0
993.0,2.08128342965324,0.0,36779.18716570346,0.9994344338506376,1,0
994.0,0.6654570684262353,0.0,36793.34542931574,0.9998191692748842,1,0
995.0,0.2945988773344652,0.0,36797.05401122665,0.999919945957246,1,0
996.0,2.419608425232468,0.0,36775.80391574768,0.9993424977105346,1,0
997.0,4.269513214845233,0.0,36757.30486785155,0.9988398061916182,1,0
998.0,3.426871216432005,0.0,36765.73128783568,0.9990687849955348,1,0
999.0,0.6056024506274298,0.0,36793.94397549373,0.9998354341166772,1,0
1000.0,1.0126203661887985,0.0,36789.87379633811,0.9997248314222312,1,0
1001.0,2.559099998969941,0.0,36774.4090000103,0.9993045923915844,1,0
1002.0,2.0576792359993306,0.0,36779.42320764001,0.9994408480336958,1,0
1003.0,3.011766574310286,0.0,36769.882334256894,0.9991815851700244,1,0
1004.0,2.1853951908411773,0.0,36778.14604809159,0.9994061426111844,1,0
1005.0,2.510106727904258,0.0,36774.89893272096,0.9993179057804608,1,0
1006.0,3.9799544958192423,0.0,36760.200455041806,0.998918490626136,1,0
1007.0,1.988333432146192,0.0,36780.116665678535,0.999459692002134,1,0
1008.0,2.218572956194407,0.0,36777.81427043806,0.9993971269140776,1,0
1009.0,2.899683518753477,0.0,36771.003164812464,0.9992120425220778,1,0
1010.0,2.0660824280709,0.0,36779.33917571929,0.9994385645575892,1,0
1011.0,2.53128392776091,0.0,36774.68716072239,0.9993121511065868,1,0
1012.0,1.7011544047693403,0.0,36782.98845595231,0.9995377297813126,1,0
1013.0,3.171709405964293,0.0,36768.28290594036,0.9991381224440316,1,0
1014.0,2.1569404733014608,0.0,36778.43059526698,0.9994138748713852,1,0
1015.0,0.6646350076416638,0.0,36793.35364992359,0.999819392660967,1,0
1016.0,1.2296207157575054,0.0,36787.703792842425,0.9996658639359356,1,0
1017.0,1.8179210074083585,0.0,36781.82078992592,0.9995059997262477,1,0
1018.0,1.994443494231291,0.0,36780.055565057686,0.9994580316591762,1,0
1019.0,0.4003305463191964,0.0,36795.99669453681,0.9998912145254568,1,0
1020.0,2.717303768161173,0.0,36772.82696231839,0.9992616022369128,1,0
1021.0,0.9227619649448116,0.0,36790.77238035055,0.9997492494660476,1,0
1022.0,1.243068028678067,0.0,36787.56931971322,0.9996622097748158,1,0
1023.0,1.2539737500866297,0.0,36787.46026249913,0.9996592462635634,1,0
1024.0,1.81528441957812,0.0,36781.84715580422,0.9995067161903322,1,0
1025.0,1.7956951534335983,0.0,36782.04304846566,0.99951203936048,1,0
1026.0,0.1682371642007183,0.0,36798.317628358,0.9999542833792934,1,0
1027.0,0.3838805415630304,0.0,36796.16119458437,0.9998956846354448,1,0
1028.0,2.181774624828904,0.0,36778.18225375172,0.9994071264606444,1,0
1029.0,0.4382025731561043,0.0,36795.61797426844,0.9998809232138164,1,0
1030.0,0.0,0.0,36800.0,1.0,1,0
1031.0,0.0,0.0,36800.0,1.0,1,0
1032.0,0.4304792152875052,0.0,36795.69520784712,0.9998830219523674,1,0
1033.0,0.6849985120713882,0.0,36793.15001487928,0.9998138590999806,1,0
1034.0,0.8875158261243996,0.0,36791.124841738754,0.9997588272211618,1,0
1035.0,1.6721666494013334,0.0,36783.27833350599,0.9995456068887496,1,0
1036.0,3.2345420179374287,0.0,36767.65457982063,0.999121048364691,1,0
1037.0,1.736889836834962,0.0,36782.63110163165,0.9995280190660774,1,0
1038.0,1.3683232985056293,0.0,36786.31676701494,0.9996281730167104,1,0
1039.0,0.0,0.0,36800.0,1.0,1,0
1040.0,0.7695820335907229,0.0,36792.30417966409,0.9997908744473938,1,0
1041.0,0.2313894491080645,0.0,36797.68610550892,0.9999371224323076,1,0
1042.0,1.0925824679820837,0.0,36789.07417532018,0.9997031025902224,1,0
1043.0,3.211543712831599,0.0,36767.88456287168,0.9991272979041218,1,0
1044.0,4.152663414591643,0.0,36758.473365854086,0.9988715588547306,1,0
1045.0,3.710641798573988,0.0,36762.89358201426,0.9989916734243004,1,0
1046.0,1.853685591539488,0.0,36781.463144084606,0.9994962810892556,1,0
1047.0,0.1644405777587962,0.0,36798.35559422241,0.9999553150603916,1,0
1048.0,0.8371934357469399,0.0,36791.62806564253,0.9997725017837644,1,0
1049.0,1.5816432087253816,0.0,36784.18356791275,0.9995702056498028,1,0
1050.0,0.9160950472542028,0.0,36790.83904952746,0.9997510611284636,1,0
1051.0,3.550604982805453,0.0,36764.49395017195,0.9990351616894552,1,0
1052.0,2.0597242209291835,0.0,36779.40275779071,0.9994402923312692,1,0
1053.0,2.2194992108506995,0.0,36777.8050078915,0.9993968752144428,1,0
1054.0,2.897045208705549,0.0,36771.02954791294,0.999212759454156,1,0
1055.0,1.8001659819460656,0.0,36781.99834018054,0.9995108244614276,1,0
1056.0,0.9086840792856492,0.0,36790.91315920714,0.999753074978455,1,0
1057.0,1.4336666050114673,0.0,36785.66333394989,0.9996104166834208,1,0
1058.0,2.4165235911884797,0.0,36775.83476408812,0.9993433359806554,1,0
1059.0,0.6270710505045827,0.0,36793.72928949496,0.9998296002580151,1,0
1060.0,1.2247248698679414,0.0,36787.75275130132,0.9996671943288402,1,0
1061.0,2.903579505854168,0.0,36770.96420494146,0.999210983829931,1,0
1062.0,2.0130865987646303,0.0,36779.86913401236,0.9994529655981618,1,0
1063.0,1.1195259321041249,0.0,36788.80474067896,0.9996957809967107,1,0
1064.0,3.2027532389338376,0.0,36767.97246761066,0.999129686619855,1,0
1065.0,1.7875169527958406,0.0,36782.12483047204,0.9995142616976098,1,0
1066.0,0.531828876200052,0.0,36794.681711238,0.9998554812836412,1,0
1067.0,2.261024888142174,0.0,36777.38975111858,0.9993855910630048,1,0
1068.0,2.609683411368451,0.0,36773.90316588632,0.9992908468990848,1,0
1069.0,2.794763238424821,0.0,36772.05236761575,0.9992405534678194,1,0
1070.0,0.8484158444189234,0.0,36791.51584155581,0.9997694522161904,1,0
1071.0,3.153320521282012,0.0,36768.46679478718,0.9991431194235646,1,0
1072.0,1.7805293141852871,0.0,36782.19470685815,0.9995161605124496,1,0
1073.0,0.4259767783071311,0.0,36795.74023221693,0.9998842454406774,1,0
1074.0,2.1803171547755937,0.0,36778.196828452245,0.9994075225122891,1,0
1075.0,1.825569038156118,0.0,36781.74430961844,0.9995039214570228,1,0
1076.0,1.6699997287848871,0.0,36783.30000271215,0.9995461957258736,1,0
1077.0,1.5208411232936214,0.0,36784.79158876706,0.9995867279556266,1,0
1078.0,2.512158221569507,0.0,36774.878417784304,0.999317348309356,1,0
1079.0,2.7410076191724784,0.0,36772.58992380828,0.999255160973051,1,0
1080.0,1.1825230153231132,0.0,36788.174769846766,0.999678662224097,1,0
1081.0,1.4034144544407354,0.0,36785.96585545559,0.9996186373765108,1,0
1082.0,2.770563063456393,0.0,36772.29436936544,0.9992471296023216,1,0
1083.0,1.0543279592270665,0.0,36789.45672040773,0.9997134978371668,1,0
1084.0,1.028995705379657,0.0,36789.7100429462,0.9997203816017988,1,0
1085.0,3.7300274052481655,0.0,36762.69972594752,0.9989864055964,1,0
1086.0,3.431227870130215,0.0,36765.687721298695,0.9990676011222472,1,0
1087.0,5.221806906189386,0.0,36747.78193093811,0.9985810307320138,1,0
1088.0,4.449290613692028,0.0,36755.50709386308,0.9987909536375836,1,0
1089.0,2.210834863695254,0.0,36777.89165136305,0.9993992296566044,1,0
1090.0,1.123188895599469,0.0,36788.768111044,0.9996947856261956,1,0
1091.0,0.0734520051696563,0.0,36799.26547994831,0.9999800402159866,1,0
1092.0,2.851976927309124,0.0,36771.480230726906,0.9992250062697527,1,0
1093.0,2.242287902081216,0.0,36777.57712097919,0.999390682635304,1,0
1094.0,2.742924171840741,0.0,36772.5707582816,0.9992546401706957,1,0
1095.0,3.595024539104543,0.0,36764.04975460896,0.999023091157852,1,0
1096.0,1.624034641368553,0.0,36783.75965358631,0.9995586862387584,1,0
1097.0,0.9813812010602304,0.0,36790.1861879894,0.9997333203257988,1,0
1098.0,1.513530821895074,0.0,36784.86469178105,0.999588714450572,1,0
1099.0,1.7541525815022396,0.0,36782.458474184976,0.9995233281028526,1,0
1100.0,0.8075340279413012,0.0,36791.924659720586,0.9997805614054508,1,0
1101.0,2.4524016665807267,0.0,36775.4759833342,0.9993335865036468,1,0
1102.0,1.6770693518860753,0.0,36783.22930648114,0.9995442746326396,1,0
1103.0,2.217592893759047,0.0,36777.82407106241,0.9993973932353916,1,0
1104.0,4.03623782382715,0.0,36759.63762176173,0.9989031962435252,1,0
1105.0,2.0061228854306137,0.0,36779.938771145695,0.9994548579115676,1,0
1106.0,3.241479142730441,0.0,36767.585208572695,0.999119163276432,1,0
1107.0,3.9184703497605824,0.0,36760.81529650239,0.9989351982745216,1,0
1108.0,2.014232379100349,0.0,36779.857676208994,0.9994526542448096,1,0
1109.0,2.6601309101706647,0.0,36773.39869089829,0.9992771383396276,1,0
1110.0,1.655193283744211,0.0,36783.44806716256,0.999550219216374,1,0
1111.0,1.141657309043694,0.0,36788.583426909565,0.999689767035586,1,0
1112.0,1.2497180431369088,0.0,36787.50281956863,0.9996604027056694,1,0
1113.0,1.9761358787325207,0.0,36780.23864121267,0.9994630065546922,1,0
1114.0,3.777801590275885,0.0,36762.22198409724,0.9989734234809032,1,0
1115.0,4.035303815339603,0.0,36759.64696184661,0.9989034500501796,1,0
1116.0,3.172274906159373,0.0,36768.27725093841,0.9991379687755002,1,0
1117.0,0.969932783814329,0.0,36790.30067216186,0.999736431308746,1,0
1118.0,2.658529576444153,0.0,36773.41470423556,0.999277573484662,1,0
1119.0,2.942176689099369,0.0,36770.57823310901,0.9992004954649188,1,0
1120.0,4.086301409828138,0.0,36759.13698590172,0.9988895920081988,1,0
1121.0,2.0905520692354003,0.0,36779.09447930765,0.9994319151985774,1,0
1122.0,3.4892252228301004,0.0,36765.1077477717,0.999051840972057,1,0
1123.0,3.074630176029359,0.0,36769.25369823971,0.9991645026695573,1,0
1124.0,1.8020078609711163,0.0,36781.97992139029,0.9995103239508232,1,0
1125.0,1.588042092145315,0.0,36784.11957907855,0.9995684668227868,1,0
1126.0,0.5834853169233156,0.0,36794.16514683077,0.999841444207358,1,0
1127.0,1.6122709134633624,0.0,36783.87729086536,0.99956188290395,1,0
1128.0,1.102695217463861,0.0,36788.97304782536,0.9997003545604718,1,0
1129.0,0.706003961517581,0.0,36792.93996038482,0.9998081510974136,1,0
1130.0,1.2977180475866137,0.0,36787.022819524136,0.9996473592261994,1,0
1131.0,1.1371893064444976,0.0,36788.628106935554,0.999690981166727,1,0
1132.0,1.1571568738722815,0.0,36788.42843126128,0.9996855551973174,1,0
1133.0,0.4131447828017371,0.0,36795.86855217198,0.9998877323959776,1,0
1134.0,0.0,0.0,36800.0,1.0,1,0
1135.0,0.0,0.0,36800.0,1.0,1,0
1136.0,0.7405100750115707,0.0,36792.59489924988,0.999798774436138,1,0
1137.0,2.69594464889542,0.0,36773.04055351105,0.9992674063454088,1,0
1138.0,0.568130378478827,0.0,36794.31869621521,0.9998456167449784,1,0
1139.0,1.9323477658108457,0.0,36780.67652234189,0.999474905498421,1,0
1140.0,5.075020570725428,0.0,36749.24979429274,0.9986209183231723,1,0
1141.0,1.8228390483482144,0.0,36781.77160951652,0.9995046633020792,1,0
1142.0,1.1837717419200544,0.0,36788.1622825808,0.9996783228962174,1,0
1143.0,0.0191414640216862,0.0,36799.80858535978,0.9999947985152114,1,0
1144.0,2.0130268548637105,0.0,36779.86973145136,0.9994529818329174,1,0
1145.0,0.9731038205513868,0.0,36790.268961794485,0.9997355696139806,1,0
1146.0,0.8477815004046079,0.0,36791.52218499596,0.9997696245922816,1,0
1147.0,3.665767888292976,0.0,36763.342321117074,0.9990038674216596,1,0
1148.0,0.492772260280617,0.0,36795.0722773972,0.9998660944944888,1,0
1149.0,1.1136302117113246,0.0,36788.86369788289,0.9996973830946436,1,0
1150.0,1.827700326226932,0.0,36781.72299673773,0.9995033423026556,1,0
1151.0,3.3714337671447083,0.0,36766.28566232856,0.9990838495197976,1,0
1152.0,1.160769957521552,0.0,36788.392300424784,0.9996845733811084,1,0
1153.0,1.647126214117634,0.0,36783.528737858825,0.9995524113548594,1,0
1154.0,3.2415742459600096,0.0,36767.5842575404,0.999119137433163,1,0
1155.0,1.0481543254043115,0.0,36789.51845674596,0.9997151754550532,1,0
1156.0,1.6070802378503686,0.0,36783.929197621495,0.9995632934136276,1,0
1157.0,2.0494262661659377,0.0,36779.50573733834,0.999443090688542,1,0
1158.0,0.9599542510356968,0.0,36790.400457489646,0.9997391428665664,1,0
1159.0,1.852592016875405,0.0,36781.47407983125,0.999496578256284,1,0
1160.0,4.31558724893398,0.0,36756.84412751066,0.9988272860736592,1,0
1161.0,1.470994557261747,0.0,36785.29005442738,0.9996002732181352,1,0
1162.0,2.554831580433301,0.0,36774.45168419567,0.9993057522879256,1,0
1163.0,2.517569732052152,0.0,36774.82430267948,0.9993158777902033,1,0
1164.0,0.3087366361814929,0.0,36796.91263363819,0.9999161041749508,1,0
1165.0,0.6600673631244263,0.0,36793.39932636876,0.9998206338687162,1,0
1166.0,2.19159772873104,0.0,36778.08402271269,0.9994044571389318,1,0
1167.0,3.5787629452061083,0.0,36764.21237054794,0.9990275100692376,1,0
1168.0,0.5790718870180172,0.0,36794.20928112982,0.9998426435089626,1,0
1169.0,1.367681110027661,0.0,36786.323188899725,0.9996283475244492,1,0
1170.0,2.921064970776115,0.0,36770.78935029224,0.9992062323448978,1,0
1171.0,2.38310949706829,0.0,36776.16890502932,0.999352415897536,1,0
1172.0,2.676589811476788,0.0,36773.23410188523,0.9992726658120988,1,0
1173.0,2.717588799602481,0.0,36772.824112003975,0.9992615247827168,1,0
1174.0,1.049293286487,0.0,36789.50706713513,0.9997148659547588,1,0
1175.0,2.2107697402366284,0.0,36777.89230259763,0.9993992473531964,1,0
1176.0,2.1962034192820283,0.0,36778.037965807176,0.9994032055925864,1,0
1177.0,0.5014089030912601,0.0,36794.98591096909,0.9998637475806816,1,0
1178.0,0.0830449144114027,0.0,36799.16955085589,0.9999774334471708,1,0
1179.0,0.9188633779958764,0.0,36790.81136622004,0.9997503088646752,1,0
1180.0,1.1099120263152145,0.0,36788.90087973685,0.99969839347111,1,0
1181.0,0.8920926529435746,0.0,36791.079073470566,0.999757583518222,1,0
1182.0,0.0207212962563971,0.0,36799.79278703743,0.9999943692129736,1,0
1183.0,2.26095995553078,0.0,36777.390400444696,0.9993856087077364,1,0
1184.0,2.8267199820093083,0.0,36771.7328001799,0.999231869570106,1,0
1185.0,0.898935874007293,0.0,36791.01064125993,0.9997557239472806,1,0
1186.0,1.0778362308913074,0.0,36789.22163769109,0.9997071097198664,1,0
1187.0,1.9055090673891757,0.0,36780.94490932611,0.999482198622992,1,0
1188.0,1.3671853715054567,0.0,36786.32814628495,0.999628482236004,1,0
1189.0,2.626777960264235,0.0,36773.73222039736,0.9992862016412326,1,0
1190.0,4.060661516708478,0.0,36759.39338483292,0.9988965593704596,1,0
1191.0,0.977995849348872,0.0,36790.22004150651,0.999734240258329,1,0
1192.0,0.7058049179045156,0.0,36792.94195082096,0.999808205185352,1,0
1193.0,2.3376192611262923,0.0,36776.623807388736,0.999364777374694,1,0
1194.0,2.8771004493178225,0.0,36771.22899550682,0.9992181792257288,1,0
1195.0,0.6071415953713313,0.0,36793.92858404628,0.9998350158708228,1,0
1196.0,0.4836637634291492,0.0,36795.16336236571,0.999868569629503,1,0
1197.0,0.7534390614450786,0.0,36792.46560938555,0.9997952611246074,1,0
1198.0,0.7722954467951695,0.0,36792.27704553205,0.9997901371068492,1,0
1199.0,1.6439909758951217,0.0,36783.56009024105,0.9995532633217676,1,0
1200.0,1.250312935733291,0.0,36787.496870642666,0.9996602410500725,1,0
1201.0,1.59103594227372,0.0,36784.08964057727,0.9995676532765562,1,0
1202.0,0.533448984808274,0.0,36794.66551015191,0.9998550410367368,1,0
1203.0,2.441580609671064,0.0,36775.58419390329,0.9993365270082416,1,0
1204.0,3.3139174340790305,0.0,36766.86082565921,0.9990994789581308,1,0
1205.0,2.4640245206842337,0.0,36775.35975479316,0.9993304281193792,1,0
1206.0,0.2584643593452256,0.0,36797.41535640655,0.9999297651197432,1,0
1207.0,0.0992917505111563,0.0,36799.007082494885,0.9999730185460568,1,0
1208.0,1.6663775224169513,0.0,36783.33622477584,0.9995471800210824,1,0
1209.0,1.8712443372846792,0.0,36781.287556627154,0.9994915096909552,1,0
1210.0,3.5340329296341224,0.0,36764.65967070366,0.9990396649647734,1,0
1211.0,2.4599448055500943,0.0,36775.4005519445,0.9993315367376222,1,0
1212.0,3.3538533528410426,0.0,36766.46146647159,0.9990886268062932,1,0
1213.0,5.0816139057662895,0.0,36749.183860942336,0.9986191266560416,1,0
1214.0,1.9647240362223783,0.0,36780.352759637775,0.9994661075988526,1,0
1215.0,2.092454700237795,0.0,36779.075452997626,0.9994313981792832,1,0
1216.0,4.2603336844892965,0.0,36757.39666315511,0.9988423006292148,1,0
1217.0,1.498688786386083,0.0,36785.01311213614,0.9995927476123952,1,0
1218.0,0.2367853192672555,0.0,36797.63214680733,0.9999356561632426,1,0
1219.0,1.0420576712735965,0.0,36789.57942328727,0.9997168321545452,1,0
1220.0,1.662388685750102,0.0,36783.3761131425,0.9995482639440896,1,0
1221.0,0.4867329129624522,0.0,36795.13267087038,0.9998677356214776,1,0
1222.0,1.714424776640044,0.0,36782.8557522336,0.999534123702,1,0
1223.0,0.7994720533959025,0.0,36792.00527946605,0.9997827521594034,1,0
1224.0,0.2225859599338946,0.0,36797.77414040066,0.9999395146848004,1,0
1225.0,0.3590955996619414,0.0,36796.40904400338,0.999902419674005,1,0
1226.0,1.113112205095149,0.0,36788.86887794905,0.999697523857311,1,0
1227.0,0.804619441181103,0.0,36791.953805588186,0.9997813534127225,1,0
1228.0,2.0230379153533704,0.0,36779.76962084647,0.9994502614360452,1,0
1229.0,1.0099556393786315,0.0,36789.90044360622,0.9997255555327776,1,0
1230.0,1.565778618694594,0.0,36784.342213813055,0.9995745166797024,1,0
1231.0,1.5443303066197132,0.0,36784.5566969338,0.9995803450253752,1,0
1232.0,3.481708583824229,0.0,36765.18291416176,0.9990538835370042,1,0
1233.0,2.046811727204385,0.0,36779.53188272796,0.9994438011610858,1,0
1234.0,1.6660757063248184,0.0,36783.33924293675,0.9995472620363248,1,0
1235.0,2.4520411199221144,0.0,36775.47958880078,0.999333684478282,1,0
1236.0,3.1167501847521635,0.0,36768.83249815248,0.999153057015013,1,0
1237.0,1.8332705377504224,0.0,36781.66729462249,0.99950182865822,1,0
1238.0,1.7323532134557809,0.0,36782.67646786544,0.9995292518441696,1,0
1239.0,2.1012639594023312,0.0,36778.987360405976,0.999429004358858,1,0
1240.0,2.190608272942427,0.0,36778.09391727058,0.9994047260127874,1,0
1241.0,1.0323193082369926,0.0,36789.67680691763,0.9997194784488488,1,0
1242.0,1.9453994796822367,0.0,36780.54600520318,0.9994713588370427,1,0
1243.0,1.5811810464808786,0.0,36784.18818953519,0.9995703312373692,1,0
1244.0,2.1941185680134367,0.0,36778.05881431987,0.9994037721282572,1,0
1245.0,1.2457024660061506,0.0,36787.54297533994,0.999661493895107,1,0
1246.0,1.5141347164324088,0.0,36784.85865283568,0.9995885503487956,1,0
1247.0,1.641326590664221,0.0,36783.58673409336,0.9995539873394932,1,0
1248.0,2.088938403941711,0.0,36779.11061596058,0.999432353694581,1,0
1249.0,1.7788563511514894,0.0,36782.21143648848,0.9995166151219697,1,0
1250.0,1.473565267159529,0.0,36785.2643473284,0.9995995746556632,1,0
1251.0,2.235871508225273,0.0,36777.64128491775,0.999392426220591,1,0
1252.0,1.0547355880801206,0.0,36789.4526441192,0.9997133870684564,1,0
1253.0,2.3106140991196757,0.0,36776.8938590088,0.9993721157339348,1,0
1254.0,1.875056888159179,0.0,36781.249431118405,0.999490473671696,1,0
1255.0,0.7573590202412106,0.0,36792.42640979759,0.9997941959184128,1,0
1256.0,4.083156265086018,0.0,36759.16843734914,0.998890446667096,1,0
1257.0,1.7432375094861072,0.0,36782.56762490514,0.9995262941550308,1,0
1258.0,1.1786148354674424,0.0,36788.21385164533,0.9996797242294926,1,0
1259.0,0.8971762357787156,0.0,36791.02823764221,0.9997562021098428,1,0
1260.0,0.4140459980801552,0.0,36795.8595400192,0.9998874875005216,1,0
1261.0,0.808066375717317,0.0,36791.91933624283,0.999780416745729,1,0
1262.0,1.9125004536342656,0.0,36780.87499546366,0.9994802987897732,1,0
1263.0,1.6489878555305495,0.0,36783.51012144469,0.9995519054740404,1,0
1264.0,1.6390418213961766,0.0,36783.60958178604,0.9995546082007076,1,0
1265.0,1.5406932790485826,0.0,36784.59306720951,0.9995813333480846,1,0
1266.0,2.085831852725505,0.0,36779.14168147274,0.9994331978661072,1,0
1267.0,2.837485992062284,0.0,36771.62514007938,0.9992289440238962,1,0
1268.0,1.3111143183148215,0.0,36786.888856816855,0.9996437189352406,1,0
1269.0,1.9849365706443225,0.0,36780.15063429355,0.9994606150623248,1,0
1270.0,2.366658113568292,0.0,36776.33341886432,0.9993568863821826,1,0
1271.0,2.0099340009771822,0.0,36779.90065999023,0.9994538222823433,1,0
1272.0,3.558293647194432,0.0,36764.41706352805,0.9990330723784796,1,0
1273.0,3.3134878554747047,0.0,36766.865121445255,0.9990995956914472,1,0
1274.0,2.4994919724445026,0.0,36775.00508027556,0.9993207902248792,1,0
1275.0,3.3020591559795776,0.0,36766.9794084402,0.9991027013163098,1,0
1276.0,2.522608471849935,0.0,36774.7739152815,0.999314508567432,1,0
1277.0,1.5436916026051222,0.0,36784.563083973946,0.9995805185862484,1,0
1278.0,2.975509582861605,0.0,36770.24490417138,0.9991914376133528,1,0
1279.0,1.378508897738584,0.0,36786.21491102262,0.999625405190832,1,0
1280.0,0.8658698683441344,0.0,36791.34130131656,0.9997647092749063,1,0
1281.0,1.1293403716692865,0.0,36788.70659628331,0.9996931140294376,1,0
1282.0,1.5715998105474682,0.0,36784.28400189453,0.9995729348340904,1,0
1283.0,1.8988500383029527,0.0,36781.01149961697,0.9994840081417656,1,0
1284.0,3.2370056743789064,0.0,36767.62994325621,0.9991203788928318,1,0
1285.0,1.1868490855461005,0.0,36788.131509144536,0.9996774866615364,1,0
1286.0,2.6980032203452997,0.0,36773.01996779655,0.9992668469509932,1,0
1287.0,1.3487486712615464,0.0,36786.51251328739,0.9996334922088964,1,0
1288.0,1.0732280670790717,0.0,36789.26771932921,0.9997083619382938,1,0
1289.0,2.49185567667314,0.0,36775.08144323327,0.999322865305252,1,0
1290.0,1.3419890316970395,0.0,36786.58010968303,0.9996353290674738,1,0
1291.0,1.1489121216234253,0.0,36788.51087878377,0.999687795619124,1,0
1292.0,3.201733139028647,0.0,36767.98266860972,0.999129963820916,1,0
1293.0,2.658318811486879,0.0,36773.41681188513,0.999277630757748,1,0
1294.0,1.2755450715449117,0.0,36787.24454928455,0.999653384491428,1,0
1295.0,1.7292173490864116,0.0,36782.70782650913,0.9995301039812264,1,0
1296.0,0.3797678891605756,0.0,36796.2023211084,0.9998968022040324,1,0
1297.0,2.1201441539071766,0.0,36778.79855846093,0.9994238738712208,1,0
1298.0,0.944170399587847,0.0,36790.55829600412,0.9997434319566336,1,0
1299.0,2.661331524116349,0.0,36773.38668475884,0.999276812085838,1,0
1300.0,1.7088325315335169,0.0,36782.91167468466,0.9995356433338224,1,0
1301.0,0.1998631870021654,0.0,36798.001368129975,0.999945689351358,1,0
1302.0,1.4822801920854545,0.0,36785.177198079145,0.999597206469542,1,0
1303.0,2.00373066726911,0.0,36779.96269332731,0.9994555079708508,1,0
1304.0,2.3391570098390275,0.0,36776.60842990161,0.999364359508196,1,0
1305.0,2.212394169938534,0.0,36777.876058300615,0.999398805932082,1,0
1306.0,3.427861644565837,0.0,36765.72138355434,0.999068515857455,1,0
1307.0,2.616502392307438,0.0,36773.83497607693,0.999288993915134,1,0
1308.0,1.9394942984008596,0.0,36780.60505701599,0.9994729635058692,1,0
1309.0,1.858047645826673,0.0,36781.419523541736,0.9994950957484168,1,0
1310.0,2.8855839114794435,0.0,36771.1441608852,0.999215873937098,1,0
1311.0,1.1798569947766282,0.0,36788.20143005224,0.999679386686202,1,0
1312.0,0.6090253783979733,0.0,36793.90974621602,0.9998345039732616,1,0
1313.0,2.0506828974919245,0.0,36779.49317102508,0.999442749212638,1,0
1314.0,2.6887083622775663,0.0,36773.11291637723,0.999269372727642,1,0
1315.0,2.1408543176487456,0.0,36778.59145682351,0.9994182461093344,1,0
1316.0,1.9161842046460151,0.0,36780.83815795354,0.9994792977704768,1,0
1317.0,1.2011029673010398,0.0,36787.98897032699,0.9996736133241028,1,0
1318.0,1.9803107341761008,0.0,36780.19689265824,0.9994618720831044,1,0
1319.0,1.461610835714282,0.0,36785.38389164286,0.999602823142469,1,0
1320.0,2.849552486985658,0.0,36771.50447513015,0.9992256650850584,1,0
1321.0,3.6190769549132256,0.0,36763.80923045087,0.9990165551752952,1,0
1322.0,1.1671121236868205,0.0,36788.32887876313,0.9996828499663896,1,0
1323.0,2.172527747906088,0.0,36778.27472252094,0.9994096391989384,1,0
1324.0,1.4080828333419504,0.0,36785.91917166658,0.9996173687952876,1,0
1325.0,0.8587811075844911,0.0,36791.41218892416,0.9997666355685912,1,0
1326.0,0.7622928161372329,0.0,36792.37707183863,0.9997928552130062,1,0
1327.0,0.2390739404470423,0.0,36797.60926059553,0.9999350342553132,1,0
1328.0,0.7253977509412834,0.0,36792.74602249059,0.9998028810459398,1,0
1329.0,2.1221211342517563,0.0,36778.77878865748,0.9994233366483012,1,0
1330.0,2.617749436261647,0.0,36773.822505637385,0.9992886550444942,1,0
1331.0,0.690194218946317,0.0,36793.09805781054,0.9998124472231124,1,0
1332.0,0.8545395965168154,0.0,36791.45460403483,0.9997677881531204,1,0
1333.0,0.4787632607906289,0.0,36795.212367392094,0.9998699012878286,1,0
1334.0,1.6057428279243595,0.0,36783.94257172076,0.999563656840238,1,0
1335.0,0.9203766565738078,0.0,36790.79623343426,0.99974989764767,1,0
1336.0,0.8491099565110289,0.0,36791.50890043489,0.9997692635987744,1,0
1337.0,1.2842290918558774,0.0,36787.15770908144,0.9996510247033,1,0
1338.0,3.6414593465081,0.0,36763.58540653492,0.9990104730036664,1,0
1339.0,2.7511550012468438,0.0,36772.48844998753,0.99925240353227,1,0
1340.0,1.4642508530371288,0.0,36785.35749146963,0.9996021057464574,1,0
1341.0,0.5184842969435977,0.0,36794.81515703056,0.9998591075280044,1,0
1342.0,2.1030433594935403,0.0,36778.96956640507,0.9994285208262248,1,0
1343.0,2.402326366347779,0.0,36775.976736336524,0.9993471939221882,1,0
1344.0,1.0506728016598572,0.0,36789.4932719834,0.9997144910865056,1,0
1345.0,0.9593358593049288,0.0,36790.40664140695,0.9997393109077976,1,0
1346.0,1.5183427170434245,0.0,36784.816572829564,0.9995874068703686,1,0
1347.0,2.8790802856447044,0.0,36771.20919714355,0.999217641226727,1,0
1348.0,1.5471756714705407,0.0,36784.5282432853,0.9995795718284048,1,0
1349.0,1.7928598588532625,0.0,36782.07140141146,0.9995128098209636,1,0
1350.0,0.2730323993530419,0.0,36797.26967600647,0.9999258064132194,1,0
1351.0,0.7032604717373943,0.0,36792.96739528263,0.999808896610941,1,0
1352.0,0.2981122000655887,0.0,36797.01887799935,0.9999189912499824,1,0
1353.0,0.0,0.0,36800.0,1.0,1,0
1354.0,0.8094996592342341,0.0,36791.90500340766,0.9997800272665124,1,0
1355.0,0.217245295560815,0.0,36797.82754704439,0.9999409659522932,1,0
1356.0,3.148558935521123,0.0,36768.51441064479,0.9991444133327388,1,0
1357.0,0.8651193739633527,0.0,36791.348806260365,0.9997649132135968,1,0
1358.0,3.05830017237804,0.0,36769.41699827622,0.9991689401705494,1,0
1359.0,2.084751709729744,0.0,36779.152482902704,0.9994334913832256,1,0
1360.0,2.267566696032418,0.0,36777.32433303967,0.9993838133978172,1,0
1361.0,1.886481156299169,0.0,36781.13518843701,0.9994873692510056,1,0
1362.0,2.306400779136311,0.0,36776.93599220864,0.9993732606578434,1,0
1363.0,0.3805021484793087,0.0,36796.19497851521,0.9998966026770436,1,0
1364.0,0.5246608539773661,0.0,36794.75339146023,0.9998574291157668,1,0
1365.0,0.6783332776719817,0.0,36793.21666722328,0.9998156703049804,1,0
1366.0,1.861160679774457,0.0,36781.38839320226,0.9994942498152788,1,0
1367.0,1.7842549674162456,0.0,36782.15745032584,0.9995151481066804,1,0
1368.0,0.3659712973674232,0.0,36796.34028702632,0.9999005512778892,1,0
1369.0,1.4613951521027957,0.0,36785.38604847897,0.999602881752146,1,0
1370.0,1.9204861200098549,0.0,36780.7951387999,0.9994781287717364,1,0
1371.0,2.380251217218984,0.0,36776.19748782781,0.9993531926040168,1,0
1372.0,1.5806778107860282,0.0,36784.19322189214,0.9995704679861996,1,0
1373.0,2.6606739842443403,0.0,36773.39326015756,0.9992769907651512,1,0
1374.0,1.4638491611601694,0.0,36785.3615083884,0.9996022149018586,1,0
1375.0,2.629079295775228,0.0,36773.70920704225,0.999285576278322,1,0
1376.0,1.3594449889806128,0.0,36786.4055501102,0.9996305856008206,1,0
1377.0,1.3605583459070658,0.0,36786.39441654093,0.9996302830581774,1,0
1378.0,0.931046187800348,0.0,36790.689538122,0.9997469983185324,1,0
1379.0,1.4114763539134856,0.0,36785.88523646087,0.9996164466429583,1,0
1380.0,2.280842575495626,0.0,36777.19157424504,0.999380205821876,1,0
1381.0,0.3951776041151333,0.0,36796.048223958845,0.9998926147814904,1,0
1382.0,3.778412177146493,0.0,36762.21587822853,0.998973257560558,1,0
1383.0,3.450872218273389,0.0,36765.49127781727,0.9990622629841648,1,0
1384.0,0.8679506314306309,0.0,36791.32049368569,0.9997641438501548,1,0
1385.0,1.835604753998496,0.0,36781.643952460014,0.9995011943603264,1,0
1386.0,1.942888843543642,0.0,36780.57111156456,0.999472041075124,1,0
1387.0,2.569782746876399,0.0,36774.30217253124,0.9993016894709574,1,0
1388.0,2.4711378252902705,0.0,36775.288621747095,0.9993284951561712,1,0
1389.0,1.0981805798512596,0.0,36789.01819420149,0.9997015813641708,1,0
1390.0,0.2822452708783203,0.0,36797.17754729122,0.9999233029155222,1,0
1391.0,0.7192349546037349,0.0,36792.80765045397,0.9998045557188576,1,0
1392.0,0.1930382233949785,0.0,36798.06961776605,0.999947543961034,1,0
1393.0,2.6525320961866328,0.0,36773.47467903813,0.9992792032347318,1,0
1394.0,2.720751396860578,0.0,36772.792486031394,0.999260665381288,1,0
1395.0,2.4085437931792057,0.0,36775.91456206821,0.9993455044040276,1,0
1396.0,0.6730079115600347,0.0,36793.2699208844,0.999817117415337,1,0
1397.0,0.7378742435801087,0.0,36792.6212575642,0.9997994906946792,1,0
1398.0,2.022292674917253,0.0,36779.77707325083,0.9994504639470334,1,0
1399.0,1.6321180133709277,0.0,36783.67881986629,0.9995564896702795,1,0
1400.0,1.995034969199878,0.0,36780.049650308,0.9994578709322826,1,0
1401.0,1.0586367084197263,0.0,36789.41363291581,0.9997123269814078,1,0
1402.0,0.928947937877183,0.0,36790.71052062123,0.999747568495142,1,0
1403.0,0.4694171164774161,0.0,36795.305828835226,0.9998724410009572,1,0
1404.0,1.259306014082085,0.0,36787.40693985918,0.999657797278782,1,0
1405.0,1.3956334979291114,0.0,36786.04366502071,0.9996207517668672,1,0
1406.0,3.4741936852835806,0.0,36765.258063147165,0.999055925628999,1,0
1407.0,2.020040314769858,0.0,36779.7995968523,0.9994510760014212,1,0
1408.0,3.1745925232028185,0.0,36768.25407476797,0.9991373389882602,1,0
1409.0,1.5562699716315365,0.0,36784.43730028369,0.9995771005511872,1,0
1410.0,1.833615220582942,0.0,36781.663847794174,0.9995017349944068,1,0
1411.0,2.0889625300430907,0.0,36779.11037469957,0.9994323471385752,1,0
1412.0,2.703518196696905,0.0,36772.96481803303,0.999265348316115,1,0
1413.0,1.7905528386540936,0.0,36782.09447161346,0.9995134367286268,1,0
1414.0,0.8157548057201893,0.0,36791.8424519428,0.9997783274984456,1,0
1415.0,2.2391972393274955,0.0,36777.60802760672,0.9993915224893132,1,0
1416.0,0.5128989615502633,0.0,36794.8710103845,0.9998606252821876,1,0
1417.0,3.1442854482720577,0.0,36768.55714551728,0.9991455746064476,1,0
1418.0,4.343127669135583,0.0,36756.56872330864,0.9988198022638218,1,0
1419.0,1.5923473084837951,0.0,36784.07652691516,0.9995672969270424,1,0
1420.0,2.642848763262691,0.0,36773.57151236737,0.9992818345752004,1,0
1421.0,0.0,0.0,36800.0,1.0,1,0
1422.0,0.9576435820031292,0.0,36790.42356417997,0.99973977076576,1,0
1423.0,4.515376169900264,0.0,36754.846238301,0.9987729956060054,1,0
1424.0,1.7018956832685035,0.0,36782.98104316732,0.999537528346938,1,0
1425.0,2.1357893371616683,0.0,36778.64210662838,0.9994196224627278,1,0
1426.0,1.7054183897730582,0.0,36782.94581610227,0.9995365710897356,1,0
1427.0,0.0,0.0,36800.0,1.0,1,0
1428.0,0.0,0.0,36800.0,1.0,1,0
1429.0,0.0,0.0,36800.0,1.0,1,0
1430.0,0.3296076907924998,0.0,36796.70392309208,0.9999104326927196,1,0
1431.0,4.065002699714114,0.0,36759.349973002856,0.9988953797011646,1,0
1432.0,3.305209895006783,0.0,36766.947901049934,0.9991018451372264,1,0
1433.0,1.3646819911325565,0.0,36786.35318008868,0.9996291625024096,1,0
1434.0,1.7800416876109466,0.0,36782.19958312389,0.9995162930196708,1,0
1435.0,4.219350773636052,0.0,36757.80649226364,0.9988534372897728,1,0
1436.0,4.120681830146395,0.0,36758.79318169854,0.9988802495026776,1,0
1437.0,0.8462872813720423,0.0,36791.53712718628,0.999770030630062,1,0
1438.0,0.0,0.0,36800.0,1.0,1,0
1439.0,0.989769601722628,0.0,36790.10230398277,0.999731040869097,1,0
1440.0,3.288531432235459,0.0,36767.11468567765,0.999106377328197,1,0
1441.0,2.402690427264588,0.0,36775.97309572736,0.9993470949925912,1,0
1442.0,2.0111513268111594,0.0,36779.888486731885,0.9994534914872796,1,0
1443.0,2.195325681690292,0.0,36778.0467431831,0.9994034441082364,1,0
1444.0,1.7405042711666283,0.0,36782.59495728833,0.9995270368828352,1,0
1445.0,3.514936666353833,0.0,36764.850633336464,0.9990448541667516,1,0
1446.0,1.8827164303118025,0.0,36781.17283569688,0.9994883922743718,1,0
1447.0,0.276913695263147,0.0,36797.23086304737,0.9999247517132438,1,0
1448.0,2.5045194666934094,0.0,36774.954805333065,0.9993194240579636,1,0
1449.0,2.227501355011327,0.0,36777.72498644989,0.9993947007187468,1,0
1450.0,0.7320060031413504,0.0,36792.67993996858,0.9998010853252332,1,0
1451.0,0.811020526417451,0.0,36791.88979473583,0.9997796139873866,1,0
1452.0,2.4209020690395846,0.0,36775.7909793096,0.9993421461768914,1,0
1453.0,1.042374377997703,0.0,36789.576256220025,0.9997167460929356,1,0
1454.0,0.7798496863197215,0.0,36792.20150313681,0.9997880843243696,1,0
1455.0,0.3493524232164873,0.0,36796.50647576784,0.9999050672762998,1,0
1456.0,0.873019139798771,0.0,36791.26980860201,0.999762766538098,1,0
1457.0,0.0,0.0,36800.0,1.0,1,0
1458.0,1.731490087569,0.0,36782.68509912431,0.9995294863892475,1,0
1459.0,0.2714702138225675,0.0,36797.285297861774,0.9999262309201568,1,0
1460.0,0.9657883661898268,0.0,36790.3421163381,0.9997375575091876,1,0
1461.0,0.3673840502274288,0.0,36796.32615949772,0.9999001673776556,1,0
1462.0,2.4447103745487766,0.0,36775.552896254514,0.9993356765286552,1,0
1463.0,2.222755599648508,0.0,36777.77244400352,0.9993959903261824,1,0
1464.0,2.48200692994601,0.0,36775.17993070054,0.9993255415951234,1,0
1465.0,2.1920823938503418,0.0,36778.079176061496,0.9994043254364536,1,0
1466.0,0.3395864798862931,0.0,36796.60413520114,0.9999077210652484,1,0
1467.0,0.0,0.0,36800.0,1.0,1,0
1468.0,1.5627700303102756,0.0,36784.3722996969,0.999575334230894,1,0
1469.0,3.845270113990864,0.0,36761.54729886009,0.9989550896429372,1,0
1470.0,2.8570017498389007,0.0,36771.42998250161,0.9992236408288482,1,0
1471.0,3.924093593376938,0.0,36760.75906406623,0.9989336702191912,1,0
1472.0,2.564158734434386,0.0,36774.35841265565,0.999303217735208,1,0
1473.0,2.7929532233954437,0.0,36772.07046776605,0.9992410453197296,1,0
1474.0,3.856706228240455,0.0,36761.4329377176,0.9989519820031956,1,0
1475.0,1.865032994943704,0.0,36781.34967005056,0.999493197555722,1,0
1476.0,2.738526993010737,0.0,36772.61473006989,0.9992558350562472,1,0
1477.0,1.764954362279468,0.0,36782.35045637721,0.9995203928363372,1,0
1478.0,1.8460144918606147,0.0,36781.53985508139,0.9994983656272116,1,0
1479.0,2.013707819045976,0.0,36779.86292180954,0.9994527967883028,1,0
1480.0,1.7963552151888962,0.0,36782.03644784811,0.9995118599958728,1,0
1481.0,1.5896910784567808,0.0,36784.10308921543,0.9995680187286802,1,0
1482.0,1.6138565824921898,0.0,36783.86143417508,0.9995614520156272,1,0
1483.0,1.4281639596938476,0.0,36785.71836040306,0.9996119119674745,1,0
1484.0,1.235551147678052,0.0,36787.64448852322,0.9996642524055224,1,0
1485.0,2.3245316453824216,0.0,36776.754683546176,0.9993683337920156,1,0
1486.0,3.1040632166311752,0.0,36768.95936783369,0.999156504560698,1,0
1487.0,0.3461456178813478,0.0,36796.53854382119,0.9999059386907933,1,0
1488.0,1.6102134322964048,0.0,36783.89786567704,0.9995624420020932,1,0
1489.0,2.5362064063999696,0.0,36774.637935936,0.9993108134765216,1,0
1490.0,1.8864265418430928,0.0,36781.13573458157,0.9994873840918904,1,0
1491.0,2.074645344968985,0.0,36779.25354655031,0.9994362376779976,1,0
1492.0,1.831301649892339,0.0,36781.68698350107,0.9995023636820944,1,0
1493.0,4.423552020628904,0.0,36755.76447979371,0.9987979478204811,1,0
1494.0,4.579852986417791,0.0,36754.20147013582,0.9987554747319516,1,0
1495.0,4.797850640706884,0.0,36752.02149359293,0.9986962362389384,1,0
1496.0,3.29910869243804,0.0,36767.00891307562,0.999103503072707,1,0
1497.0,3.737369641805344,0.0,36762.62630358194,0.9989844104234225,1,0
1498.0,2.705484141274382,0.0,36772.94515858726,0.999264814092045,1,0
1499.0,3.45752747365691,0.0,36765.42472526343,0.999060454490854,1,0
1500.0,3.033656297693597,0.0,36769.66343702306,0.9991756368756266,1,0
1501.0,1.886350255585057,0.0,36781.13649744415,0.999487404821852,1,0
1502.0,1.6816818279753534,0.0,36783.18318172025,0.999543021242398,1,0
1503.0,2.4616392026641734,0.0,36775.38360797336,0.999331076303624,1,0
1504.0,1.7461591612470784,0.0,36782.53840838753,0.999525500227922,1,0
1505.0,2.839685766581169,0.0,36771.60314233419,0.9992283462590812,1,0
1506.0,1.1159655840231153,0.0,36788.84034415977,0.9996967484826024,1,0
1507.0,1.9279328942354823,0.0,36780.72067105764,0.9994761051917838,1,0
1508.0,1.7461191115833117,0.0,36782.538808884165,0.9995255111109828,1,0
1509.0,1.843862580735049,0.0,36781.56137419265,0.9994989503856698,1,0
1510.0,1.6868715129694465,0.0,36783.13128487031,0.9995416110019104,1,0
1511.0,0.179326729532022,0.0,36798.20673270468,0.9999512699104534,1,0
1512.0,0.9465835520506972,0.0,36790.53416447949,0.9997427762086818,1,0
1513.0,2.648670077165889,0.0,36773.51329922834,0.9992802526964224,1,0
1514.0,1.937729622770803,0.0,36780.62270377229,0.9994734430372906,1,0
1515.0,3.760393968009112,0.0,36762.39606031991,0.998978153813041,1,0
1516.0,1.1531142580258802,0.0,36788.46885741974,0.9996866537342322,1,0
1517.0,2.375178517392442,0.0,36776.24821482608,0.9993545710550564,1,0
1518.0,2.14997959634411,0.0,36778.50020403656,0.999415766414037,1,0
1519.0,1.3393163185478445,0.0,36786.60683681452,0.9996360553482206,1,0
1520.0,1.7844505525818022,0.0,36782.15549447418,0.9995150949585376,1,0
1521.0,2.948828719976518,0.0,36770.51171280023,0.9991986878478324,1,0
1522.0,1.9614797911131063,0.0,36780.38520208887,0.9994669891871976,1,0
1523.0,1.9623218570634435,0.0,36780.37678142937,0.9994667603649284,1,0
1524.0,0.7996759801940243,0.0,36792.00324019806,0.9997826967445124,1,0
1525.0,1.6415302942205017,0.0,36783.5846970578,0.9995539319852664,1,0
1526.0,3.077507013813147,0.0,36769.22492986187,0.9991637209201596,1,0
1527.0,0.5573809676382098,0.0,36794.42619032362,0.9998485377805332,1,0
1528.0,0.0,0.0,36800.0,1.0,1,0
1529.0,2.1673733411544163,0.0,36778.32626658845,0.9994110398529472,1,0
1530.0,2.550733490279754,0.0,36774.492665097205,0.9993068658993806,1,0
1531.0,0.4975481141523232,0.0,36795.02451885848,0.9998647967081108,1,0
1532.0,2.1546358115565454,0.0,36778.45364188444,0.999414501138164,1,0
1533.0,3.731498541109886,0.0,36762.6850145889,0.9989860058312202,1,0
1534.0,1.0860868330673838,0.0,36789.139131669326,0.9997048677084056,1,0
1535.0,0.8289532871383472,0.0,36791.71046712861,0.999774740954582,1,0
1536.0,2.1307983784702174,0.0,36778.6920162153,0.9994209787015026,1,0
1537.0,2.1187031006004418,0.0,36778.812968994,0.9994242654617934,1,0
1538.0,0.9120644574736616,0.0,36790.87935542526,0.9997521563974257,1,0
1539.0,0.9845083479187906,0.0,36790.15491652081,0.9997324705576308,1,0
1540.0,2.695044533907321,0.0,36773.04955466092,0.999267650941873,1,0
1541.0,0.2196395259843484,0.0,36797.80360474016,0.9999403153462,1,0
1542.0,0.9530269348576894,0.0,36790.46973065142,0.9997410252894408,1,0
1543.0,0.5071180231270773,0.0,36794.92881976873,0.9998621961893676,1,0
1544.0,1.3109712001839853,0.0,36786.89028799816,0.999643757826037,1,0
1545.0,0.8885053407759642,0.0,36791.11494659224,0.9997585583313108,1,0
1546.0,3.0413531217618583,0.0,36769.58646878238,0.9991735453473471,1,0
1547.0,3.4771889398166422,0.0,36765.22811060184,0.9990551117011368,1,0
1548.0,2.8025770206074867,0.0,36771.97422979392,0.9992384301574436,1,0
1549.0,4.084617629707054,0.0,36759.15382370293,0.9988900495571448,1,0
1550.0,0.9106158708086696,0.0,36790.89384129192,0.9997525500351064,1,0
1551.0,0.8679487532087933,0.0,36791.32051246792,0.9997641443605412,1,0
1552.0,2.0137704270703125,0.0,36779.8622957293,0.9994527797752526,1,0
1553.0,1.81561704618548,0.0,36781.84382953814,0.9995066258026668,1,0
1554.0,2.5755426885357338,0.0,36774.24457311464,0.9993001242694196,1,0
1555.0,3.533019127189391,0.0,36764.6698087281,0.999039940454568,1,0
1556.0,3.615059532258101,0.0,36763.84940467742,0.9990176468662344,1,0
1557.0,1.2878404476434753,0.0,36787.12159552357,0.9996500433566188,1,0
1558.0,2.8732178420168566,0.0,36771.26782157983,0.9992192342820606,1,0
1559.0,1.2161977572764044,0.0,36787.83802242723,0.9996695114790008,1,0
1560.0,0.5519176864083875,0.0,36794.48082313591,0.9998500223678236,1,0
1561.0,0.6781466657807869,0.0,36793.2185333422,0.9998157210147336,1,0
1562.0,1.4203911243942002,0.0,36785.796088756055,0.9996140241509798,1,0
1563.0,3.1515458706674053,0.0,36768.48454129333,0.9991436016655796,1,0
1564.0,1.5345658087294396,0.0,36784.65434191271,0.9995829984215407,1,0
1565.0,1.5302662427200175,0.0,36784.6973375728,0.9995841667818696,1,0
1566.0,1.446656640516494,0.0,36785.53343359484,0.9996068867824685,1,0
1567.0,2.391650375631798,0.0,36776.08349624368,0.9993500950066216,1,0
1568.0,3.2945156313912776,0.0,36767.05484368608,0.9991047511871218,1,0
1569.0,3.12896170551926,0.0,36768.71038294481,0.9991497386669784,1,0
1570.0,2.480259530340618,0.0,36775.19740469659,0.9993260164319726,1,0
1571.0,2.5302376787642515,0.0,36774.69762321236,0.9993124354133792,1,0
1572.0,0.5891942641806054,0.0,36794.10805735819,0.9998398928629944,1,0
1573.0,2.8847547727966685,0.0,36771.15245227204,0.9992160992465228,1,0
1574.0,3.6486772973410098,0.0,36763.51322702659,0.9990085116039834,1,0
1575.0,1.579210868541395,0.0,36784.20789131459,0.9995708666118096,1,0
1576.0,3.423657694829217,0.0,36765.76342305171,0.9990696582351009,1,0
1577.0,2.146446044170716,0.0,36778.535539558296,0.999416726618432,1,0
1578.0,1.2379288979238936,0.0,36787.62071102076,0.999663606277738,1,0
1579.0,2.0156180569215394,0.0,36779.84381943078,0.9994522777019236,1,0
1580.0,1.663289062072181,0.0,36783.36710937928,0.9995480192766109,1,0
1581.0,1.0896407174698195,0.0,36789.1035928253,0.9997039019789484,1,0
1582.0,1.239652407117319,0.0,36787.60347592883,0.9996631379328488,1,0
1583.0,1.653911093756733,0.0,36783.46088906243,0.999550567637566,1,0
1584.0,0.9876518573232717,0.0,36790.12348142677,0.9997316163431188,1,0
1585.0,1.986543522480133,0.0,36780.1345647752,0.9994601783906304,1,0
1586.0,2.9128050002864256,0.0,36770.871949997134,0.999208476902096,1,0
1587.0,2.678703929227368,0.0,36773.21296070773,0.9992720913235796,1,0
1588.0,1.2301744748770034,0.0,36787.69825525123,0.9996657134579138,1,0
1589.0,1.207011234424499,0.0,36787.92988765576,0.9996720078167326,1,0
1590.0,1.33670042301992,0.0,36786.6329957698,0.9996367661893968,1,0
1591.0,3.387942237124207,0.0,36766.12057762876,0.9990793635225208,1,0
1592.0,2.2878384931091205,0.0,36777.12161506891,0.9993783047573072,1,0
1593.0,0.0,0.0,36800.0,1.0,1,0
1594.0,0.334843441347175,0.0,36796.65156558653,0.9999090099344166,1,0
1595.0,1.1416498569712985,0.0,36788.58350143029,0.9996897690606056,1,0
1596.0,3.0384683163722457,0.0,36769.61531683628,0.9991743292618556,1,0
1597.0,2.617412467424174,0.0,36773.82587532576,0.9992887466121132,1,0
1598.0,2.26115650036968,0.0,36777.38843499631,0.9993855552988128,1,0
1599.0,3.320432149100725,0.0,36766.79567850899,0.9990977086551356,1,0
1600.0,2.29953714564158,0.0,36777.00462854358,0.9993751257756408,1,0
1601.0,1.0083905615417734,0.0,36789.916094384585,0.999725980825668,1,0
1602.0,1.867830637291036,0.0,36781.32169362709,0.9994924373268232,1,0
1603.0,1.1355899142217822,0.0,36788.64410085778,0.9996914157841787,1,0
1604.0,1.7163736714835522,0.0,36782.83626328517,0.9995335941110098,1,0
1605.0,1.340326333776375,0.0,36786.59673666224,0.9996357808875608,1,0
1606.0,2.74751027241291,0.0,36772.52489727587,0.9992533939477138,1,0
1607.0,0.2064238210707571,0.0,36797.93576178929,0.9999439065703613,1,0
1608.0,0.9536908178276916,0.0,36790.46309182172,0.99974084488646,1,0
1609.0,0.6832816874891705,0.0,36793.16718312511,0.9998143256283996,1,0
1610.0,0.3658580736091608,0.0,36796.34141926391,0.9999005820452148,1,0
1611.0,1.583900008825367,0.0,36784.16099991175,0.9995695923889064,1,0
1612.0,4.008982573406456,0.0,36759.91017426593,0.9989106025615744,1,0
1613.0,2.5009451275129777,0.0,36774.99054872487,0.9993203953457844,1,0
1614.0,1.800804686904257,0.0,36781.99195313096,0.9995106509002978,1,0
1615.0,0.9587584784717365,0.0,36790.41241521528,0.9997394678047632,1,0
1616.0,1.163283621001483,0.0,36788.36716378998,0.99968389032038,1,0
1617.0,0.0978549115920941,0.0,36799.02145088408,0.9999734089914152,1,0
1618.0,0.903461061422604,0.0,36790.965389385776,0.9997544942767874,1,0
1619.0,0.0,0.0,36800.0,1.0,1,0
1620.0,0.0,0.0,36800.0,1.0,1,0
1621.0,0.3561855914094849,0.0,36796.43814408591,0.999903210437117,1,0
1622.0,2.773084458652193,0.0,36772.26915541348,0.9992464444405836,1,0
1623.0,3.628830353092326,0.0,36763.71169646908,0.9990139047953556,1,0
1624.0,2.6503617634009515,0.0,36773.49638236599,0.999279792999076,1,0
1625.0,1.4757826929919702,0.0,36785.24217307008,0.9995989720942956,1,0
1626.0,2.246825711296424,0.0,36777.53174288703,0.9993894495349738,1,0
1627.0,2.660214269922335,0.0,36773.39785730078,0.9992771156875212,1,0
1628.0,2.675050002655325,0.0,36773.24949997345,0.9992730842384088,1,0
1629.0,2.903215867512472,0.0,36770.96784132488,0.9992110826446976,1,0
1630.0,1.9438158648652009,0.0,36780.56184135135,0.9994717891671564,1,0
1631.0,0.7194392796197917,0.0,36792.8056072038,0.9998045001957556,1,0
1632.0,0.4450471405550615,0.0,36795.54952859445,0.999879063277023,1,0
1633.0,1.6277284883346963,0.0,36783.72271511665,0.999557682475996,1,0
1634.0,4.413646598940659,0.0,36755.86353401059,0.9988006395111574,1,0
1635.0,3.515898522739917,0.0,36764.8410147726,0.9990445927927336,1,0
1636.0,0.1011983636940385,0.0,36798.98801636306,0.9999725004446484,1,0
1637.0,1.3019692251598372,0.0,36786.9803077484,0.9996462040149022,1,0
1638.0,1.2004764739995153,0.0,36787.99523526001,0.999673783566848,1,0
1639.0,1.5051879769182506,0.0,36784.948120230816,0.9995909815280112,1,0
1640.0,3.360025932494409,0.0,36766.39974067506,0.9990869494748656,1,0
1641.0,2.4375531339126155,0.0,36775.62446866088,0.999337621431002,1,0
1642.0,0.798254731933639,0.0,36792.017452680666,0.999783082953279,1,0
1643.0,1.321045377157816,0.0,36786.78954622842,0.9996410202779462,1,0
1644.0,1.4129297411732296,0.0,36785.87070258827,0.9996160517007682,1,0
1645.0,3.3738071427467275,0.0,36766.26192857253,0.9990832045807752,1,0
1646.0,1.6142497886448837,0.0,36783.85750211355,0.999561345166129,1,0
1647.0,1.5287032016005924,0.0,36784.71296798399,0.9995845915213042,1,0
1648.0,1.0842668356804095,0.0,36789.1573316432,0.999705362272913,1,0
1649.0,0.8920576441203139,0.0,36791.0794235588,0.999757593031489,1,0
1650.0,1.1106659472436604,0.0,36788.89334052756,0.9996981886012924,1,0
1651.0,1.43842977190684,0.0,36785.615702280935,0.9996091223445908,1,0
1652.0,0.7019133748422064,0.0,36792.98086625158,0.99980926266988,1,0
1653.0,3.4364003850666904,0.0,36765.635996149336,0.9990661955475364,1,0
1654.0,0.4309003534781368,0.0,36795.690996465215,0.9998829075126416,1,0
1655.0,0.0541670605737181,0.0,36799.45832939426,0.9999852806900617,1,0
1656.0,1.5726453001022946,0.0,36784.27354699898,0.999572650733668,1,0
1657.0,2.63064252890058,0.0,36773.693574711,0.9992851514867118,1,0
1658.0,2.750658620093418,0.0,36772.49341379906,0.9992525384184529,1,0
1659.0,0.0,0.0,36800.0,1.0,1,0
1660.0,0.7800186540353025,0.0,36792.19981345965,0.9997880384092296,1,0
1661.0,1.283870152810323,0.0,36787.161298471896,0.999651122241084,1,0
1662.0,1.513646114883386,0.0,36784.86353885117,0.9995886831209556,1,0
1663.0,0.4279176691661632,0.0,36795.72082330834,0.999883718024683,1,0
1664.0,0.0,0.0,36800.0,1.0,1,0
1665.0,0.0,0.0,36800.0,1.0,1,0
1666.0,0.5336765713102523,0.0,36794.6632342869,0.9998549791925788,1,0
1667.0,1.0473943548713578,0.0,36789.52605645129,0.999715381968785,1,0
1668.0,2.078237385288048,0.0,36779.21762614712,0.9994352615800848,1,0
1669.0,1.7087443646478278,0.0,36782.91255635352,0.9995356672922152,1,0
1670.0,1.3622995439752683,0.0,36786.37700456025,0.9996298099065284,1,0
1671.0,0.7043269229950511,0.0,36792.95673077005,0.9998086068144036,1,0
1672.0,2.8038215742092234,0.0,36771.96178425791,0.9992380919635302,1,0
1673.0,0.8241687240424653,0.0,36791.75831275957,0.9997760411075972,1,0
1674.0,1.5662500812536564,0.0,36784.337499187466,0.9995743885648768,1,0
1675.0,1.7487548080521265,0.0,36782.51245191948,0.9995247948891164,1,0
1676.0,2.982509527522325,0.0,36770.17490472478,0.9991895354544778,1,0
1677.0,2.4557811690015114,0.0,36775.44218830999,0.9993326681605974,1,0
1678.0,1.3166212093044578,0.0,36786.83378790696,0.9996422224974716,1,0
1679.0,1.621391319803024,0.0,36783.78608680197,0.9995594045326622,1,0
1680.0,1.275379556794178,0.0,36787.24620443206,0.9996534294682624,1,0
1681.0,0.1068609835062943,0.0,36798.93139016494,0.9999709616892646,1,0
1682.0,2.16734292254273,0.0,36778.326570774574,0.9994110481188744,1,0
1683.0,4.611628941165009,0.0,36753.88371058835,0.99874683996164,1,0
1684.0,2.1310273725441675,0.0,36778.68972627456,0.999420916474852,1,0
1685.0,1.10188463420036,0.0,36788.981153658,0.999700574827663,1,0
1686.0,1.5025413058697268,0.0,36784.9745869413,0.9995917007321006,1,0
1687.0,1.6067731541063497,0.0,36783.932268458935,0.9995633768602972,1,0
1688.0,1.865362679117197,0.0,36781.34637320883,0.9994931079676312,1,0
1689.0,2.665731145234304,0.0,36773.34268854766,0.9992756165366212,1,0
1690.0,2.677010797144021,0.0,36773.22989202856,0.9992725514138197,1,0
1691.0,2.441034303831884,0.0,36775.58965696168,0.9993366754609152,1,0
1692.0,1.159234601405842,0.0,36788.40765398594,0.999684990597444,1,0
1693.0,2.007830705727656,0.0,36779.92169294272,0.9994543938299651,1,0
1694.0,2.6504262031501185,0.0,36773.4957379685,0.9992797754882744,1,0
1695.0,4.632295602484419,0.0,36753.67704397516,0.998741224021064,1,0
1696.0,1.313767240347261,0.0,36786.86232759653,0.9996429980325144,1,0
1697.0,1.4125836924838495,0.0,36785.87416307516,0.999616145735738,1,0
1698.0,0.3143613911374814,0.0,36796.85638608863,0.99991457570893,1,0
1699.0,1.879097910953988,0.0,36781.20902089046,0.9994893755676756,1,0
1700.0,1.2947719072094517,0.0,36787.05228092791,0.9996481598078236,1,0
1701.0,0.5177229747471301,0.0,36794.822770252526,0.999859314409036,1,0
1702.0,0.8978003441879991,0.0,36791.02199655812,0.9997560325151664,1,0
1703.0,0.4308088468076221,0.0,36795.691911531925,0.9998829323785848,1,0
1704.0,0.8172325412140253,0.0,36791.82767458786,0.9997779259398876,1,0
1705.0,1.1391813485745388,0.0,36788.608186514255,0.9996904398509308,1,0
1706.0,0.7205685578637713,0.0,36792.79431442136,0.9998041933266676,1,0
1707.0,1.4129500076276145,0.0,36785.87049992372,0.9996160461935796,1,0
1708.0,2.186990925365308,0.0,36778.130090746345,0.9994057089876724,1,0
1709.0,2.7796887716244782,0.0,36772.20311228376,0.9992446497903196,1,0
1710.0,2.483230346620303,0.0,36775.1676965338,0.9993252091449402,1,0
1711.0,1.1948002688186534,0.0,36788.05199731181,0.999675326013908,1,0
1712.0,1.7098572298762065,0.0,36782.90142770124,0.9995353648831858,1,0
1713.0,2.180753852600219,0.0,36778.192461474,0.999407403844402,1,0
1714.0,1.1330931614809288,0.0,36788.66906838519,0.9996920942495976,1,0
1715.0,3.0866458939251515,0.0,36769.13354106075,0.9991612375288248,1,0
1716.0,3.511244708135564,0.0,36764.88755291865,0.9990458574162676,1,0
1717.0,3.220830774564547,0.0,36767.79169225435,0.9991247742460422,1,0
1718.0,0.1884783958555544,0.0,36798.11521604144,0.9999487830446044,1,0
1719.0,1.3912357873759902,0.0,36786.08764212624,0.9996219467969086,1,0
1720.0,2.469985220724766,0.0,36775.300147792754,0.9993288083639336,1,0
1721.0,1.4905304731378235,0.0,36785.09469526862,0.9995949645453428,1,0
1722.0,1.497623298137114,0.0,36785.02376701863,0.9995930371472456,1,0
1723.0,2.022273315518305,0.0,36779.777266844816,0.9994504692077396,1,0
1724.0,0.9080131891066684,0.0,36790.91986810893,0.9997532572855689,1,0
1725.0,0.1777834483277729,0.0,36798.22216551672,0.9999516892803456,1,0
1726.0,1.1680585700353276,0.0,36788.31941429964,0.9996825927798816,1,0
1727.0,1.5898408166392528,0.0,36784.101591833605,0.9995679780389568,1,0
1728.0,2.403029136411078,0.0,36775.96970863589,0.999347002952062,1,0
1729.0,2.457604259980372,0.0,36775.4239574002,0.9993321727554402,1,0
1730.0,1.5564656526962608,0.0,36784.43534347304,0.9995770473769848,1,0
1731.0,3.540602792210848,0.0,36764.59397207789,0.9990378796760296,1,0
1732.0,3.4001744243164467,0.0,36765.99825575684,0.9990760395586096,1,0
1733.0,2.798126603208857,0.0,36772.01873396791,0.9992396395099976,1,0
1734.0,2.923292690692506,0.0,36770.76707309308,0.999205626986225,1,0
1735.0,1.0950832884648207,0.0,36789.04916711535,0.9997024230194388,1,0
1736.0,2.267336876102263,0.0,36777.326631238975,0.9993838758488852,1,0
1737.0,1.4665681676799522,0.0,36785.3343183232,0.9996014760413912,1,0
1738.0,2.0421886558915503,0.0,36779.578113441086,0.9994450574304644,1,0
1739.0,1.335232647533985,0.0,36786.64767352466,0.999637165041431,1,0
1740.0,0.5147573885026304,0.0,36794.85242611497,0.9998601202748634,1,0
1741.0,1.300196599125684,0.0,36786.99803400874,0.9996466857067592,1,0
1742.0,0.5721814185351377,0.0,36794.27818581465,0.9998445159188764,1,0
1743.0,1.5913595938627625,0.0,36784.086404061374,0.9995675653277548,1,0
1744.0,1.852179540262341,0.0,36781.47820459738,0.99949669034232,1,0
1745.0,1.68696851780237,0.0,36783.13031482197,0.9995415846419016,1,0
1746.0,3.6297838945670255,0.0,36763.70216105433,0.9990136456808242,1,0
1747.0,2.0175493943163474,0.0,36779.82450605684,0.9994517528819792,1,0
1748.0,1.8003948016078084,0.0,36781.99605198392,0.9995107622821718,1,0
1749.0,3.25672408689502,0.0,36767.43275913105,0.9991150206285612,1,0
1750.0,1.6005568501736889,0.0,36783.99443149826,0.9995650660733224,1,0
1751.0,1.203462868930501,0.0,36787.965371310696,0.9996729720464864,1,0
1752.0,1.6421497860258114,0.0,36783.57850213974,0.9995537636451016,1,0
1753.0,0.3654664684577255,0.0,36796.34533531543,0.9999006884596584,1,0
1754.0,0.9120238696459636,0.0,36790.87976130354,0.9997521674267268,1,0
1755.0,3.2003824411606274,0.0,36767.99617558839,0.9991303308583802,1,0
1756.0,5.934107742481274,0.0,36740.65892257519,0.9983874707221518,1,0
1757.0,3.880798118168059,0.0,36761.19201881832,0.9989454352939762,1,0
1758.0,3.0976646881240413,0.0,36769.02335311876,0.9991582432912708,1,0
1759.0,0.0,0.0,36800.0,1.0,1,0
1760.0,0.3806385960413081,0.0,36796.19361403959,0.9998965655989016,1,0
1761.0,1.5758988652328298,0.0,36784.24101134767,0.9995717666127084,1,0
1762.0,2.552649751664376,0.0,36774.47350248336,0.9993063451761782,1,0
1763.0,3.1374172925654875,0.0,36768.62582707434,0.9991474409531071,1,0
1764.0,0.36346633664607,0.0,36796.36533663354,0.9999012319737376,1,0
1765.0,1.2571103728473645,0.0,36787.42889627153,0.999658393920422,1,0
1766.0,0.7953970700098125,0.0,36792.04602929991,0.9997838594918452,1,0
1767.0,1.7525746126364083,0.0,36782.47425387364,0.9995237568987402,1,0
1768.0,3.8947541088803055,0.0,36761.0524589112,0.9989416429051956,1,0
1769.0,3.127184433478533,0.0,36768.728155665216,0.9991502216213374,1,0
1770.0,1.8307472448557287,0.0,36781.69252755144,0.9995025143356372,1,0
1771.0,1.189286431032997,0.0,36788.10713568967,0.9996768243393932,1,0
1772.0,0.1719757405496693,0.0,36798.280242594505,0.9999532674618072,1,0
1773.0,1.6932545589754682,0.0,36783.06745441024,0.9995398764785391,1,0
1774.0,2.6994437399125677,0.0,36773.00556260088,0.9992664555054586,1,0
1775.0,4.5995243491152,0.0,36754.004756508846,0.9987501292529578,1,0
1776.0,4.642746486962551,0.0,36753.57253513038,0.9987383841068036,1,0
1777.0,2.360045794184316,0.0,36776.39954205816,0.999358683208102,1,0
1778.0,0.9569316071172124,0.0,36790.430683928826,0.9997399642371964,1,0
1779.0,0.5956173157587727,0.0,36794.04382684241,0.9998381474685438,1,0
1780.0,1.6067499128319014,0.0,36783.93250087168,0.999563383175861,1,0
1781.0,1.6606257392359112,0.0,36783.393742607645,0.9995487430056426,1,0
1782.0,0.2990997154893193,0.0,36797.00900284511,0.9999187229033996,1,0
1783.0,0.991168278856776,0.0,36790.08831721143,0.9997306607937888,1,0
1784.0,0.9243746743570682,0.0,36790.756253256426,0.9997488112297942,1,0
1785.0,1.4306358770099905,0.0,36785.6936412299,0.9996112402508124,1,0
1786.0,2.6139375754967205,0.0,36773.86062424503,0.9992896908762238,1,0
1787.0,3.994798585010358,0.0,36760.0520141499,0.9989144569062473,1,0
1788.0,2.320850208059028,0.0,36776.79149791941,0.9993693341825928,1,0
1789.0,1.6567542311404395,0.0,36783.4324576886,0.9995497950458858,1,0
1790.0,1.2551559641124186,0.0,36787.44844035887,0.999658925009752,1,0
1791.0,3.3278467334648667,0.0,36766.72153266535,0.999095693822428,1,0
1792.0,2.8021282165814227,0.0,36771.97871783419,0.9992385521150594,1,0
1793.0,1.9952768383375317,0.0,36780.04723161663,0.9994578052069736,1,0
1794.0,2.9308050044603533,0.0,36770.6919499554,0.999203585596614,1,0
1795.0,2.9032595798787497,0.0,36770.96740420121,0.9992110707663372,1,0
1796.0,3.237882498484396,0.0,36767.62117501516,0.999120140625412,1,0
1797.0,1.318566927468737,0.0,36786.81433072531,0.9996416937697096,1,0
1798.0,2.199667198221505,0.0,36778.00332801779,0.9994022643483096,1,0
1799.0,1.3539554003984904,0.0,36786.46044599602,0.9996320773368484,1,0
1800.0,2.520532319090762,0.0,36774.79467680909,0.9993150727393776,1,0
1801.0,2.185175688650816,0.0,36778.14824311349,0.9994062022585188,1,0
1802.0,1.0202405637523952,0.0,36789.79759436248,0.9997227607163716,1,0
1803.0,1.8483889227300097,0.0,36781.5161107727,0.999497720401432,1,0
1804.0,0.8059518856109662,0.0,36791.94048114389,0.9997809913354316,1,0
1805.0,2.194551006511801,0.0,36778.05448993488,0.9994036546177956,1,0
1806.0,2.0139852094844173,0.0,36779.86014790516,0.9994527214104664,1,0
1807.0,1.07804592725347,0.0,36789.21954072746,0.9997070527371592,1,0
1808.0,1.7546051794565756,0.0,36782.45394820543,0.999523205114278,1,0
1809.0,2.2568003957935616,0.0,36777.43199604206,0.999386739022882,1,0
1810.0,1.0567987623749104,0.0,36789.43201237625,0.9997128264232678,1,0
1811.0,2.2478500363042717,0.0,36777.52149963696,0.9993891711857869,1,0
1812.0,1.154185846770588,0.0,36788.4581415323,0.9996863625416386,1,0
1813.0,4.662180272733622,0.0,36753.378197272665,0.9987331031867572,1,0
1814.0,2.44346339714366,0.0,36775.56536602856,0.9993360153812108,1,0
1815.0,1.7621867154966822,0.0,36782.37813284504,0.9995211449142672,1,0
1816.0,1.7440969188787676,0.0,36782.559030811215,0.99952606061987,1,0
1817.0,0.8048554197223439,0.0,36791.95144580278,0.9997812892881188,1,0
1818.0,1.515477203170576,0.0,36784.8452279683,0.9995881855426167,1,0
1819.0,3.149134173961784,0.0,36768.50865826038,0.9991442570179452,1,0
1820.0,1.5069559738610678,0.0,36784.93044026139,0.9995905010940596,1,0
1821.0,3.393331194500206,0.0,36766.066688055,0.9990778991319292,1,0
1822.0,2.1135581782755253,0.0,36778.86441821724,0.999425663538512,1,0
1823.0,2.725166947080197,0.0,36772.7483305292,0.9992594655035107,1,0
1824.0,1.6570733661164925,0.0,36783.42926633883,0.9995497083244248,1,0
1825.0,3.3217392689725784,0.0,36766.78260731028,0.9990973534595184,1,0
1826.0,1.0342233596327333,0.0,36789.65776640368,0.999718961043578,1,0
1827.0,3.837879808149864,0.0,36761.6212019185,0.9989570978782202,1,0
1828.0,0.9813423259804496,0.0,36790.1865767402,0.9997333308896792,1,0
1829.0,1.3514043162724647,0.0,36786.48595683728,0.9996327705662305,1,0
1830.0,2.4159294243454497,0.0,36775.84070575655,0.9993434974390366,1,0
1831.0,0.5780540372429641,0.0,36794.21945962757,0.9998429200985752,1,0
1832.0,3.0091785616741618,0.0,36769.90821438326,0.9991822884343275,1,0
1833.0,2.104059237346746,0.0,36778.959407626535,0.9994282447724602,1,0
1834.0,0.5561529979906936,0.0,36794.43847002009,0.9998488714679372,1,0
1835.0,0.1945178709581796,0.0,36798.05482129042,0.9999471418828918,1,0
1836.0,2.2789781517333267,0.0,36777.210218482665,0.999380712458768,1,0
1837.0,0.5310612926355134,0.0,36794.689387073646,0.9998556898661316,1,0
1838.0,1.647027311736565,0.0,36783.52972688263,0.9995524382305064,1,0
1839.0,0.3554839794019244,0.0,36796.44516020598,0.9999034010925536,1,0
1840.0,0.5853200476117308,0.0,36794.146799523885,0.999840945639236,1,0
1841.0,1.2781819216152144,0.0,36787.21818078385,0.9996526679560828,1,0
1842.0,2.2900413871718683,0.0,36777.09958612828,0.9993777061447902,1,0
1843.0,1.142799891400955,0.0,36788.57200108599,0.9996894565512496,1,0
1844.0,1.819288037846036,0.0,36781.80711962154,0.9995056282505852,1,0
1845.0,2.5695504627008177,0.0,36774.30449537299,0.9993017525916572,1,0
1846.0,0.3323596769778305,0.0,36796.67640323022,0.9999096848703866,1,0
1847.0,1.3170170068574407,0.0,36786.82982993143,0.9996421149437889,1,0
1848.0,2.360472156846299,0.0,36776.39527843153,0.999358567348683,1,0
1849.0,2.627762504897873,0.0,36773.72237495102,0.99928593410193,1,0
1850.0,0.7048899358019298,0.0,36792.95110064198,0.9998084538217928,1,0
1851.0,0.7703747362998001,0.0,36792.296252637,0.999790659039049,1,0
1852.0,1.1664621864872515,0.0,36788.335378135125,0.9996830265797588,1,0
1853.0,1.876035665496829,0.0,36781.23964334504,0.9994902076995932,1,0
1854.0,2.0327305488144702,0.0,36779.67269451186,0.999447627568257,1,0
1855.0,2.216369935195189,0.0,36777.83630064805,0.9993977255610884,1,0
1856.0,1.774840924926366,0.0,36782.25159075073,0.9995177062704004,1,0
1857.0,0.6257938160933918,0.0,36793.74206183907,0.9998299473325832,1,0
1858.0,1.2076660011969125,0.0,36787.92333998803,0.9996718298909792,1,0
1859.0,1.9829146962256343,0.0,36780.170853037744,0.9994611644847212,1,0
1860.0,1.8923279142454703,0.0,36781.07672085754,0.9994857804580852,1,0
1861.0,0.7606019866798306,0.0,36792.3939801332,0.9997933146775326,1,0
1862.0,1.1542808611943656,0.0,36788.45719138806,0.9996863367225016,1,0
1863.0,2.4922466110338064,0.0,36775.077533889664,0.9993227590730888,1,0
1864.0,2.2028748071256814,0.0,36777.97125192874,0.9994013927154548,1,0
1865.0,1.3049214500372273,0.0,36786.95078549963,0.9996454017798811,1,0
1866.0,0.7255350537654977,0.0,36792.74464946234,0.9998028437353896,1,0
1867.0,1.1923776280141285,0.0,36788.07622371986,0.9996759843402137,1,0
1868.0,2.289889644455116,0.0,36777.10110355545,0.999377747379224,1,0
1869.0,1.608578913715064,0.0,36783.91421086285,0.9995628861647514,1,0
1870.0,0.7673386174408279,0.0,36792.32661382559,0.9997914840713475,1,0
1871.0,0.0,0.0,36800.0,1.0,1,0
1872.0,0.9733120030530245,0.0,36790.26687996947,0.9997355130426488,1,0
1873.0,0.507382119693375,0.0,36794.92617880306,0.9998621244239962,1,0
1874.0,1.522558944555385,0.0,36784.77441055445,0.9995862611563708,1,0
1875.0,0.8185986671223873,0.0,36791.81401332877,0.999777554710021,1,0
1876.0,3.129611279626033,0.0,36768.70388720374,0.9991495621522756,1,0
1877.0,1.05826924712278,0.0,36789.41730752877,0.9997124268350208,1,0
1878.0,0.7401111647031939,0.0,36792.59888835296,0.9997988828356784,1,0
1879.0,2.8518751824913124,0.0,36771.481248175085,0.9992250339178012,1,0
1880.0,0.6477055420498345,0.0,36793.52294457951,0.9998239930592256,1,0
1881.0,1.5201136793759815,0.0,36784.79886320624,0.9995869256306044,1,0
1882.0,0.6446472567131423,0.0,36793.55352743287,0.9998248241150236,1,0
1883.0,0.6049239295755342,0.0,36793.95076070425,0.999835618497398,1,0
1884.0,1.0470298899629142,0.0,36789.52970110037,0.9997154810081622,1,0
1885.0,1.5348135484441627,0.0,36784.65186451556,0.9995829311009664,1,0
1886.0,0.421588562549914,0.0,36795.7841143745,0.9998854378906116,1,0
1887.0,0.9523042475643706,0.0,36790.47695752436,0.9997412216718576,1,0
1888.0,1.9514630130129265,0.0,36780.48536986987,0.9994697111377684,1,0
1889.0,0.1002753922387,0.0,36798.99724607761,0.999972751252109,1,0
1890.0,0.8626762558710652,0.0,36791.37323744129,0.9997655771043829,1,0
1891.0,2.45057790113242,0.0,36775.49422098868,0.9993340820920836,1,0
1892.0,4.163231467184232,0.0,36758.36768532816,0.9988686871013086,1,0
1893.0,1.5334805226802928,0.0,36784.6651947732,0.999583293336228,1,0
1894.0,3.6675689563981,0.0,36763.324310436015,0.9990033780009788,1,0
1895.0,3.5114977389225714,0.0,36764.885022610775,0.9990457886579016,1,0
1896.0,0.8303339893745942,0.0,36791.69666010625,0.9997743657637568,1,0
1897.0,1.6540679541478769,0.0,36783.45932045852,0.9995505250124598,1,0
1898.0,1.8879367776510207,0.0,36781.12063222349,0.9994869737017252,1,0
1899.0,2.6131438429329137,0.0,36773.86856157067,0.9992899065644204,1,0
1900.0,1.6218529471814236,0.0,36783.781470528185,0.9995592790904398,1,0
1901.0,1.1672797069375065,0.0,36788.327202930624,0.9996828044274626,1,0
1902.0,1.744815057576261,0.0,36782.55184942424,0.9995258654734848,1,0
1903.0,1.8640644154970687,0.0,36781.35935584503,0.9994934607566583,1,0
1904.0,1.466616192518586,0.0,36785.33383807482,0.9996014629911636,1,0
1905.0,1.22911429535543,0.0,36787.70885704645,0.9996660015501752,1,0
1906.0,1.5732426791316811,0.0,36784.26757320869,0.99957248840241,1,0
1907.0,3.342929826033469,0.0,36766.57070173966,0.9990915951559692,1,0
1908.0,2.3919745327516466,0.0,36776.08025467248,0.9993500069204478,1,0
1909.0,2.066674296901965,0.0,36779.33325703098,0.999438403723668,1,0
1910.0,3.3931335037186727,0.0,36766.06866496281,0.9990779528522504,1,0
1911.0,3.243531045201508,0.0,36767.56468954799,0.9991186056942388,1,0
1912.0,3.042181409412024,0.0,36769.57818590588,0.9991733202691816,1,0
1913.0,0.7442073808090299,0.0,36792.55792619191,0.999797769733476,1,0
1914.0,0.8106356836126452,0.0,36791.89364316387,0.9997797185642356,1,0
1915.0,1.9260904050402128,0.0,36780.7390959496,0.9994766058681956,1,0
1916.0,0.2681322383853057,0.0,36797.31867761615,0.9999271379786996,1,0
1917.0,3.952721862696535,0.0,36760.47278137304,0.9989258907981804,1,0
1918.0,3.2403637946833896,0.0,36767.59636205317,0.9991194663601404,1,0
1919.0,3.044691781728261,0.0,36769.55308218272,0.9991726381027912,1,0
1920.0,1.4745703490573303,0.0,36785.25429650943,0.9995993015355822,1,0
1921.0,0.9566340506382858,0.0,36790.43365949362,0.9997400450949352,1,0
1922.0,1.349114286863596,0.0,36786.50885713136,0.9996333928568304,1,0
1923.0,0.0,0.0,36800.0,1.0,1,0
1924.0,1.6202200671705214,0.0,36783.7977993283,0.9995597228078342,1,0
1925.0,1.06708221442409,0.0,36789.32917785576,0.99971003200695,1,0
1926.0,3.523736953450907,0.0,36764.76263046549,0.9990424627843884,1,0
1927.0,1.5345075479381194,0.0,36784.65492452062,0.9995830142532776,1,0
1928.0,0.2654656326672011,0.0,36797.345343673325,0.9999278625998186,1,0
1929.0,2.166989275418928,0.0,36778.33010724581,0.9994111442186362,1,0
1930.0,4.8543327674810826,0.0,36751.45667232519,0.9986808878349236,1,0
1931.0,3.479677474345408,0.0,36765.20322525655,0.999054435468928,1,0
1932.0,2.2494531774516417,0.0,36777.505468225485,0.9993887355496056,1,0
1933.0,1.1706154163507565,0.0,36788.293845836495,0.9996818979846872,1,0
1934.0,0.0985556129226097,0.0,36799.01444387077,0.9999732185834448,1,0
1935.0,0.675668169824803,0.0,36793.24331830175,0.9998163945190692,1,0
1936.0,1.665318300152876,0.0,36783.34681699847,0.9995474678532192,1,0
1937.0,1.6325007662508142,0.0,36783.67499233749,0.9995563856613447,1,0
1938.0,0.6361997780934416,0.0,36793.63800221906,0.999827119625518,1,0
1939.0,2.050299029220696,0.0,36779.49700970779,0.9994428535246682,1,0
1940.0,0.350499734367304,0.0,36796.49500265632,0.9999047555069652,1,0
1941.0,0.0,0.0,36800.0,1.0,1,0
1942.0,1.3999408697354738,0.0,36786.00059130265,0.999619581285398,1,0
1943.0,2.805934569377996,0.0,36771.94065430622,0.9992375177800604,1,0
1944.0,1.3452435787214654,0.0,36786.54756421279,0.9996344446796952,1,0
1945.0,1.4574729349640163,0.0,36785.42527065036,0.9996039475720206,1,0
1946.0,1.2494936113382664,0.0,36787.505063886616,0.9996604636925712,1,0
1947.0,0.7525141860960503,0.0,36792.47485813904,0.9997955124494304,1,0
1948.0,0.0,0.0,36800.0,1.0,1,0
1949.0,0.4428856877254929,0.0,36795.57114312275,0.9998796506283356,1,0
1950.0,0.8759038412965765,0.0,36791.24096158704,0.9997619826518216,1,0
1951.0,1.1287209475856343,0.0,36788.71279052414,0.9996932823511996,1,0
1952.0,2.825135910739391,0.0,36771.748640892605,0.9992323000242556,1,0
1953.0,1.111527569141117,0.0,36788.88472430859,0.9996979544649074,1,0
1954.0,3.2021418040242224,0.0,36767.97858195976,0.9991298527706456,1,0
1955.0,2.612562866499502,0.0,36773.874371335005,0.9992900644384513,1,0
1956.0,0.8219731922979463,0.0,36791.78026807702,0.9997766377194842,1,0
1957.0,0.98644757740999,0.0,36790.1355242259,0.9997319435930953,1,0
1958.0,3.4568388307454825,0.0,36765.43161169255,0.99906064162208,1,0
1959.0,3.712884241714619,0.0,36762.87115758286,0.9989910640647516,1,0
1960.0,2.676969511402149,0.0,36773.230304885976,0.9992725626327712,1,0
1961.0,1.900278225939928,0.0,36780.9972177406,0.999483620047299,1,0
1962.0,1.2064394580136195,0.0,36787.935605419865,0.9996721631907572,1,0
1963.0,0.5135716716167735,0.0,36794.86428328383,0.9998604424805388,1,0
1964.0,1.455040257840892,0.0,36785.44959742159,0.9996046086255866,1,0
1965.0,4.233431875795986,0.0,36757.66568124204,0.9988496109033164,1,0
1966.0,2.343640969235139,0.0,36776.56359030765,0.9993631410409688,1,0
1967.0,0.5505169787484192,0.0,36794.49483021251,0.9998504029949052,1,0
1968.0,0.8188248506874061,0.0,36791.81175149313,0.999777493247096,1,0
1969.0,1.5972970694090236,0.0,36784.02702930591,0.9995659518833128,1,0
1970.0,4.947825441817258,0.0,36750.52174558183,0.9986554822168976,1,0
1971.0,1.3142358288926062,0.0,36786.857641711074,0.9996428706986704,1,0
1972.0,3.1111745510108904,0.0,36768.88825448989,0.9991545721328774,1,0
1973.0,2.728867854870259,0.0,36772.711321451294,0.999258459822046,1,0
1974.0,2.507003849035982,0.0,36774.92996150964,0.9993187489540662,1,0
1975.0,0.0,0.0,36800.0,1.0,1,0
1976.0,0.7574276458390159,0.0,36792.42572354161,0.9997941772701524,1,0
1977.0,2.303589028061424,0.0,36776.96410971939,0.9993740247206356,1,0
1978.0,3.4584077556751254,0.0,36765.41592244325,0.999060215283784,1,0
1979.0,0.4908620815813265,0.0,36795.09137918419,0.9998666135647878,1,0
1980.0,0.7861611745329355,0.0,36792.13838825467,0.9997863692460508,1,0
1981.0,4.254454856533357,0.0,36757.45545143467,0.9988438981368116,1,0
1982.0,0.9703234777844044,0.0,36790.29676522216,0.9997363251419064,1,0
1983.0,1.569446719446887,0.0,36784.305532805534,0.999573519913194,1,0
1984.0,1.2791735944222182,0.0,36787.20826405578,0.9996523984797766,1,0
1985.0,3.8091414987857206,0.0,36761.90858501214,0.9989649072014168,1,0
1986.0,3.9609115751368336,0.0,36760.39088424864,0.9989236653328434,1,0
1987.0,4.95770424165994,0.0,36750.4229575834,0.9986527977604186,1,0
1988.0,1.4493270579089312,0.0,36785.50672942091,0.999606161125568,1,0
1989.0,0.0,0.0,36800.0,1.0,1,0
1990.0,1.1062866502295492,0.0,36788.9371334977,0.999699378627655,1,0
1991.0,1.308292010353853,0.0,36786.91707989646,0.9996444858667516,1,0
1992.0,2.393954299264351,0.0,36776.06045700736,0.9993494689404172,1,0
1993.0,3.113188411466581,0.0,36768.868115885336,0.9991540248881884,1,0
1994.0,0.837696346204666,0.0,36791.62303653795,0.999772365123314,1,0
1995.0,0.4912535647065397,0.0,36795.08746435293,0.9998665071835036,1,0
1996.0,2.758153920871109,0.0,36772.41846079129,0.9992505016519372,1,0
1997.0,2.915196111073101,0.0,36770.84803888927,0.9992078271437302,1,0
1998.0,2.1006428409712044,0.0,36778.99357159029,0.9994291731410404,1,0
1999.0,0.0,0.0,36800.0,1.0,1,0
2000.0,0.2757556585736438,0.0,36797.24244341427,0.9999250663971267,1,0
2001.0,1.4672191630377256,0.0,36785.32780836962,0.9996012991404788,1,0
2002.0,0.7813365452711878,0.0,36792.18663454729,0.9997876802866112,1,0
2003.0,3.548374022164808,0.0,36764.51625977835,0.9990357679287596,1,0
2004.0,0.935849590904354,0.0,36790.64150409096,0.9997456930459498,1,0
2005.0,0.7715478462773717,0.0,36792.28452153723,0.9997903402591638,1,0
2006.0,2.7362918618659933,0.0,36772.63708138134,0.9992564424288408,1,0
2007.0,1.499892060876391,0.0,36785.00107939124,0.9995924206356316,1,0
2008.0,0.8561954178717315,0.0,36791.43804582128,0.9997673382016652,1,0
2009.0,1.7670847306599171,0.0,36782.329152693404,0.999519813931886,1,0
2010.0,1.2370767041954878,0.0,36787.62923295805,0.9996638378521208,1,0
2011.0,1.2179742096489008,0.0,36787.82025790351,0.999669028747378,1,0
2012.0,1.933619863763852,0.0,36780.66380136236,0.9994745598196292,1,0
2013.0,0.0,0.0,36800.0,1.0,1,0
2014.0,0.5537523405282627,0.0,36794.46247659472,0.9998495238205086,1,0
2015.0,1.7710519324466532,0.0,36782.289480675536,0.9995187358879222,1,0
2016.0,3.4195308818200374,0.0,36765.8046911818,0.9990707796516796,1,0
2017.0,2.2988796764350354,0.0,36777.01120323565,0.9993753044357512,1,0
2018.0,2.5721954665345947,0.0,36774.27804533466,0.9993010338406156,1,0
2019.0,0.8823099432538584,0.0,36791.17690056746,0.9997602418632462,1,0
2020.0,0.5319930284676957,0.0,36794.68006971532,0.9998554366770468,1,0
2021.0,2.040659915312972,0.0,36779.59340084687,0.9994454728490996,1,0
2022.0,4.459424837920551,0.0,36755.4057516208,0.9987881997723044,1,0
2023.0,1.1586063821223431,0.0,36788.413936178775,0.9996851613092058,1,0
2024.0,1.2699198476670972,0.0,36787.30080152333,0.9996549130848732,1,0
2025.0,1.7294683236057151,0.0,36782.705316763946,0.999530035781629,1,0
2026.0,2.2115474184583945,0.0,36777.88452581542,0.9993990360275928,1,0
2027.0,0.8928125568272662,0.0,36791.07187443173,0.9997573878921664,1,0
2028.0,0.8478593348809227,0.0,36791.52140665119,0.9997696034416084,1,0
2029.0,1.2117877740947731,0.0,36787.88212225905,0.999670709843996,1,0
2030.0,1.556958609078265,0.0,36784.43041390922,0.9995769134214462,1,0
2031.0,0.7568144271338042,0.0,36792.43185572866,0.99979434390567,1,0
2032.0,2.25301997893348,0.0,36777.46980021067,0.9993877663100724,1,0
2033.0,2.3105679993584545,0.0,36776.89432000642,0.999372128261044,1,0
2034.0,1.3788701856094576,0.0,36786.21129814391,0.99962530701478,1,0
2035.0,3.137223337813112,0.0,36768.62776662187,0.9991474936582028,1,0
2036.0,2.484600414471288,0.0,36775.15399585529,0.9993248368438936,1,0
2037.0,1.1828722345753704,0.0,36788.17127765425,0.9996785673275612,1,0
2038.0,2.375882027449734,0.0,36776.241179725504,0.9993543798838452,1,0
2039.0,3.276465919053635,0.0,36767.23534080946,0.9991096560002573,1,0
2040.0,2.977468160177523,0.0,36770.22531839823,0.999190905391256,1,0
2041.0,2.2865353276533824,0.0,36777.13464672347,0.9993786588783552,1,0
2042.0,0.2502452410242313,0.0,36797.49754758976,0.9999319985758088,1,0
2043.0,0.7925355571289856,0.0,36792.07464442871,0.999784637076867,1,0
2044.0,2.755674033771811,0.0,36772.44325966228,0.9992511755343012,1,0
2045.0,1.761979553050196,0.0,36782.3802044695,0.9995212012084104,1,0
2046.0,1.9032215803501915,0.0,36780.967784196495,0.9994828202227308,1,0
2047.0,3.80189601412053,0.0,36761.9810398588,0.9989668760831194,1,0
2048.0,0.0,0.0,36800.0,1.0,1,0
2049.0,0.0,0.0,36800.0,1.0,1,0
2050.0,0.2150353285956043,0.0,36797.84964671404,0.9999415664867948,1,0
2051.0,1.14412469607214,0.0,36788.55875303928,0.9996890965499804,1,0
2052.0,2.3220322510132974,0.0,36776.77967748987,0.999369012975268,1,0
2053.0,2.0949242441929528,0.0,36779.05075755807,0.9994307271075564,1,0
2054.0,0.6343401912372428,0.0,36793.656598087626,0.9998276249480332,1,0
2055.0,1.4244884643348996,0.0,36785.75511535665,0.9996129107433872,1,0
2056.0,4.743883471671779,0.0,36752.56116528328,0.998710901230524,1,0
2057.0,2.589483201034909,0.0,36774.10516798965,0.9992963360866752,1,0
2058.0,2.4335047005565684,0.0,36775.66495299443,0.9993387215487618,1,0
2059.0,4.045142991347348,0.0,36759.548570086525,0.9989007763610468,1,0
2060.0,3.8866469808649526,0.0,36761.13353019135,0.9989438459291128,1,0
2061.0,1.7962772733412748,0.0,36782.037227266585,0.9995118811757224,1,0
2062.0,2.34670990967652,0.0,36776.53290090324,0.9993623070897618,1,0
2063.0,0.573896164361031,0.0,36794.26103835639,0.9998440499553366,1,0
2064.0,1.7950673727932551,0.0,36782.04932627207,0.9995122099530452,1,0
2065.0,1.877749894790668,0.0,36781.22250105209,0.9994897418764156,1,0
2066.0,4.091982231645034,0.0,36759.08017768355,0.9988880483066184,1,0
2067.0,2.6078871161712414,0.0,36773.92112883829,0.9992913350227796,1,0
2068.0,0.4360935697209243,0.0,36795.63906430279,0.9998814963125758,1,0
2069.0,0.4810376529053428,0.0,36795.18962347095,0.9998692832464932,1,0
2070.0,1.1559557983841842,0.0,36788.44044201616,0.999685881576526,1,0
2071.0,4.7055377693463925,0.0,36752.94462230654,0.99872132125833,1,0
2072.0,4.0732267871817385,0.0,36759.26773212818,0.9988931448947876,1,0
2073.0,1.6013524453715036,0.0,36783.98647554629,0.9995648498789752,1,0
2074.0,0.0,0.0,36800.0,1.0,1,0
2075.0,1.5582597855600395,0.0,36784.4174021444,0.9995765598408805,1,0
2076.0,2.4179667937573868,0.0,36775.82033206242,0.9993429438060442,1,0
2077.0,1.2125501125010487,0.0,36787.87449887499,0.9996705026868205,1,0
2078.0,2.2569952218000253,0.0,36777.430047782,0.9993866860810326,1,0
2079.0,4.381650635871665,0.0,36756.183493641285,0.9988093340663392,1,0
2080.0,4.984428281966302,0.0,36750.155717180336,0.998645535792944,1,0
2081.0,1.0656836430694057,0.0,36789.343163569305,0.9997104120535136,1,0
2082.0,2.9735448192636795,0.0,36770.26455180736,0.9991919715165044,1,0
2083.0,1.2769932916012294,0.0,36787.23006708399,0.9996529909533692,1,0
2084.0,1.0501444420001462,0.0,36789.49855558,0.9997146346625,1,0
2085.0,2.059264997193168,0.0,36779.40735002807,0.9994404171203278,1,0
2086.0,2.8408718223527103,0.0,36771.59128177648,0.9992280239613172,1,0
2087.0,2.482849169598921,0.0,36775.17150830401,0.9993253127256524,1,0
2088.0,1.3749749075550426,0.0,36786.25025092445,0.9996263655142514,1,0
2089.0,1.585774382976524,0.0,36784.14225617024,0.9995690830481042,1,0
2090.0,2.7052708288815666,0.0,36772.94729171119,0.9992648720573692,1,0
2091.0,1.1922824047123868,0.0,36788.07717595287,0.9996760102161106,1,0
2092.0,2.06958613947063,0.0,36779.304138605294,0.9994376124621004,1,0
2093.0,2.1583987227791117,0.0,36778.416012772206,0.9994134786079404,1,0
2094.0,1.122771183129771,0.0,36788.7722881687,0.9996948991350192,1,0
2095.0,0.2915314637930351,0.0,36797.08468536207,0.9999207794935344,1,0
2096.0,0.66181742039862,0.0,36793.381825796016,0.9998201583096744,1,0
2097.0,0.3397318403708596,0.0,36796.60268159629,0.9999076815651166,1,0
2098.0,0.5765748930894006,0.0,36794.23425106911,0.9998433220399214,1,0
2099.0,3.856783166094374,0.0,36761.43216833906,0.99895196109617,1,0
2100.0,3.8217523725911633,0.0,36761.782476274086,0.9989614803335348,1,0
2101.0,1.7369526299880818,0.0,36782.63047370012,0.9995280020027206,1,0
2102.0,1.839641209212914,0.0,36781.60358790787,0.9995000974974964,1,0
2103.0,3.844754123026632,0.0,36761.55245876974,0.9989552298578732,1,0
2104.0,1.3458567187763038,0.0,36786.54143281224,0.9996342780655498,1,0
2105.0,0.6280026507761249,0.0,36793.71997349224,0.9998293471057674,1,0
2106.0,1.3508538498144844,0.0,36786.49146150186,0.999632920149507,1,0
2107.0,2.824160831779409,0.0,36771.75839168221,0.9992325649913644,1,0
2108.0,2.90362273622668,0.0,36770.96377263773,0.999210972082547,1,0
2109.0,4.5124603275048685,0.0,36754.87539672495,0.9987737879544824,1,0
2110.0,0.8005046735665928,0.0,36791.99495326434,0.999782471556096,1,0
2111.0,1.7549683284951243,0.0,36782.45031671505,0.999523106432474,1,0
2112.0,2.008248767274381,0.0,36779.91751232726,0.999454280226284,1,0
2113.0,1.8360299700580072,0.0,36781.63970029942,0.9995010788124844,1,0
2114.0,2.899067804477454,0.0,36771.00932195522,0.9992122098357398,1,0
2115.0,2.485881341817276,0.0,36775.14118658183,0.9993244887658106,1,0
2116.0,0.4933047587783221,0.0,36795.06695241222,0.9998659497938104,1,0
2117.0,0.5382674482584662,0.0,36794.61732551741,0.9998537316716688,1,0
2118.0,2.83150602112255,0.0,36771.68493978877,0.9992305690159992,1,0
2119.0,1.4925591532369251,0.0,36785.07440846763,0.999594413273577,1,0
2120.0,1.3605546893750216,0.0,36786.39445310625,0.9996302840518004,1,0
2121.0,1.815562024241899,0.0,36781.84437975758,0.999506640754282,1,0
2122.0,2.8556869041685786,0.0,36771.44313095832,0.9992239981238672,1,0
2123.0,2.5739408242397985,0.0,36774.2605917576,0.9993005595586304,1,0
2124.0,1.0910356719396077,0.0,36789.08964328061,0.9997035229152338,1,0
2125.0,0.2800565306802127,0.0,36797.1994346932,0.9999238976818804,1,0
2126.0,4.3164531852057735,0.0,36756.83546814794,0.9988270507648896,1,0
2127.0,2.7259566065654326,0.0,36772.74043393435,0.9992592509221292,1,0
2128.0,2.248390404685324,0.0,36777.51609595315,0.999389024346553,1,0
2129.0,3.668247221373804,0.0,36763.31752778626,0.999003193689844,1,0
2130.0,1.5903805071534407,0.0,36784.09619492847,0.9995678313839258,1,0
2131.0,3.501484896035436,0.0,36764.98515103965,0.9990485095391208,1,0
2132.0,1.9255266622544696,0.0,36780.744733377454,0.99947675905917,1,0
2133.0,1.8053298042727877,0.0,36781.94670195727,0.9995094212488388,1,0
2134.0,2.576916563866689,0.0,36774.23083436133,0.999299750933732,1,0
2135.0,1.2492440064143011,0.0,36787.50755993585,0.999660531519996,1,0
2136.0,2.9375953740227487,0.0,36770.62404625977,0.9992017403874938,1,0
2137.0,1.218354084968723,0.0,36787.81645915032,0.999668925520389,1,0
2138.0,1.4467600283469435,0.0,36785.53239971653,0.9996068586879492,1,0
2139.0,0.5559733439099546,0.0,36794.4402665609,0.999848920286981,1,0
2140.0,0.8417340709497694,0.0,36791.5826592905,0.9997712679155027,1,0
2141.0,1.4660800196247692,0.0,36785.33919980376,0.9996016086903194,1,0
2142.0,2.8116129149857443,0.0,36771.88387085014,0.9992359747513626,1,0
2143.0,1.1871102955360584,0.0,36788.12889704464,0.9996774156805608,1,0
2144.0,1.8678695296748629,0.0,36781.32130470325,0.9994924267582403,1,0
2145.0,0.8395341064510831,0.0,36791.60465893549,0.9997718657319428,1,0
2146.0,0.3651737561326627,0.0,36796.348262438674,0.9999007680010508,1,0
2147.0,3.174868792376401,0.0,36768.25131207624,0.9991372639151151,1,0
2148.0,0.820132987472789,0.0,36791.79867012528,0.9997771377751432,1,0
2149.0,2.1705298733395466,0.0,36778.294701266605,0.999410182099636,1,0
2150.0,2.2406249958435183,0.0,36777.59375004157,0.9993911345119992,1,0
2151.0,1.0321680247998302,0.0,36789.678319752,0.9997195195584782,1,0
2152.0,1.6997081000163234,0.0,36783.00291899984,0.9995381227989086,1,0
2153.0,0.5148970230975465,0.0,36794.85102976902,0.99986008233068,1,0
2154.0,0.0,0.0,36800.0,1.0,1,0
2155.0,0.5911681013135421,0.0,36794.08831898686,0.9998393564942082,1,0
2156.0,2.298237089176837,0.0,36777.01762910823,0.999375479051854,1,0
2157.0,0.4849188076891551,0.0,36795.15081192311,0.999868228584867,1,0
2158.0,0.6300493948419899,0.0,36793.69950605158,0.9998287909253146,1,0
2159.0,0.3391316608481247,0.0,36796.60868339152,0.9999078446573784,1,0
2160.0,3.65219838453686,0.0,36763.47801615463,0.9990075547868106,1,0
2161.0,1.0158851259611763,0.0,36789.84114874039,0.9997239442592496,1,0
2162.0,0.8904779723270622,0.0,36791.09522027673,0.9997580222901286,1,0
2163.0,2.61400983024987,0.0,36773.8599016975,0.9992896712417798,1,0
2164.0,2.3922896857825435,0.0,36776.077103142175,0.9993499212810374,1,0
2165.0,1.1105041174064354,0.0,36788.894958825935,0.9996982325767916,1,0
2166.0,0.0,0.0,36800.0,1.0,1,0
2167.0,1.0647368243335222,0.0,36789.352631756665,0.9997106693412136,1,0
2168.0,5.237565954735601,0.0,36747.62434045265,0.9985767483818654,1,0
2169.0,2.9494905960696087,0.0,36770.505094039305,0.9991985079901984,1,0
2170.0,1.8179057795741755,0.0,36781.82094220426,0.9995060038642462,1,0
2171.0,1.180080057935811,0.0,36788.19919942064,0.999679326071213,1,0
2172.0,1.0691425393288227,0.0,36789.30857460671,0.999709472136052,1,0
2173.0,4.067663450627606,0.0,36759.32336549372,0.9988946566710252,1,0
2174.0,1.2430928730414053,0.0,36787.56907126959,0.99966220302363,1,0
2175.0,0.513875182681204,0.0,36794.86124817319,0.9998603600047062,1,0
2176.0,2.3994969352525004,0.0,36776.00503064747,0.9993479627893336,1,0
2177.0,2.6251581522869856,0.0,36773.74841847713,0.9992866418064438,1,0
2178.0,0.866624637381392,0.0,36791.33375362618,0.9997645041746244,1,0
2179.0,1.53205007011411,0.0,36784.67949929886,0.9995836820461648,1,0
2180.0,2.3307900504109966,0.0,36776.69209949589,0.9993666331384754,1,0
2181.0,1.4223949337965678,0.0,36785.77605066203,0.9996134796375552,1,0
2182.0,3.415167617834413,0.0,36765.84832382166,0.9990719653212408,1,0
2183.0,2.738265542734098,0.0,36772.61734457266,0.999255906102518,1,0
2184.0,2.1288463245259663,0.0,36778.71153675474,0.999421509150944,1,0
2185.0,3.310294740894733,0.0,36766.897052591055,0.9991004633856264,1,0
2186.0,2.148280032370621,0.0,36778.517199676295,0.9994162282520732,1,0
2187.0,0.8485742948300867,0.0,36791.5142570517,0.9997694091590136,1,0
2188.0,3.3793605797213786,0.0,36766.20639420279,0.999081695494641,1,0
2189.0,1.306022772151664,0.0,36786.939772278485,0.9996451025075676,1,0
2190.0,1.3921422366311162,0.0,36786.078577633685,0.9996217004791762,1,0
2191.0,1.5547576071389813,0.0,36784.45242392861,0.9995775115197992,1,0
2192.0,1.605310520547846,0.0,36783.94689479452,0.9995637743150684,1,0
2193.0,2.6765094891356966,0.0,36773.23490510864,0.9992726876388218,1,0
2194.0,2.6655347549312864,0.0,36773.34465245069,0.9992756699035512,1,0
2195.0,3.09741529058374,0.0,36769.02584709416,0.9991583110623412,1,0
2196.0,4.06213452635393,0.0,36759.37865473646,0.9988961590960994,1,0
2197.0,4.751198425265557,0.0,36752.48801574735,0.9987089134713952,1,0
2198.0,0.6972761005354187,0.0,36793.02723899465,0.9998105227987676,1,0
2199.0,2.2824113001811384,0.0,36777.175886998186,0.9993797795379942,1,0
2200.0,2.835428574045636,0.0,36771.64571425955,0.999229503104879,1,0
2201.0,0.8896512773890208,0.0,36791.10348722611,0.999758246935492,1,0
2202.0,0.3191760866293407,0.0,36796.80823913371,0.999913267367764,1,0
2203.0,1.098055887713599,0.0,36789.01944112287,0.999701615247904,1,0
2204.0,0.5857913773784276,0.0,36794.14208622622,0.999840817560495,1,0
2205.0,1.5334419107907706,0.0,36784.66558089209,0.9995833038285894,1,0
2206.0,2.142575902083536,0.0,36778.57424097917,0.9994177782874772,1,0
2207.0,4.279764477517347,0.0,36757.20235522483,0.998837020522414,1,0
2208.0,3.1643474606426025,0.0,36768.35652539357,0.9991401229726514,1,0
2209.0,3.4999366839974755,0.0,36765.00063316002,0.9990489302489136,1,0
2210.0,2.665295191855421,0.0,36773.34704808144,0.9992757350022132,1,0
2211.0,1.740834601685492,0.0,36782.591653983145,0.9995269471191072,1,0
2212.0,0.8043112327095514,0.0,36791.9568876729,0.9997814371650244,1,0
2213.0,0.5668699839184228,0.0,36794.33130016082,0.9998459592435004,1,0
2214.0,1.633163360549588,0.0,36783.6683663945,0.9995562056085462,1,0
2215.0,0.5889186905878887,0.0,36794.11081309412,0.9998399677471228,1,0
2216.0,1.7588368963897665,0.0,36782.4116310361,0.9995220551911984,1,0
2217.0,2.754118197871776,0.0,36772.45881802128,0.9992515983157956,1,0
2218.0,1.120408802401471,0.0,36788.79591197598,0.999695541086304,1,0
2219.0,2.0244505373407264,0.0,36779.7554946266,0.9994498775713748,1,0
2220.0,1.3503178560063134,0.0,36786.496821439934,0.9996330657999982,1,0
2221.0,1.9472586393949316,0.0,36780.52741360605,0.9994708536305992,1,0
2222.0,3.940308628535149,0.0,36760.596913714646,0.9989292639596372,1,0
2223.0,2.9421556407896787,0.0,36770.5784435921,0.999200501184568,1,0
2224.0,1.889240332950976,0.0,36781.10759667049,0.9994866194747416,1,0
2225.0,1.7208061608125718,0.0,36782.79193839188,0.999532389630214,1,0
2226.0,1.1942722521739595,0.0,36788.05727747826,0.999675469496692,1,0
2227.0,1.8310721606112563,0.0,36781.68927839389,0.9995024260433122,1,0
2228.0,2.2585172913500173,0.0,36777.4148270865,0.9993862724751764,1,0
2229.0,3.4654323805016247,0.0,36765.345676194986,0.999058306418342,1,0
2230.0,3.678823033529625,0.0,36763.211769664704,0.9990003198278452,1,0
2231.0,1.6815045114162783,0.0,36783.18495488584,0.9995430694262456,1,0
2232.0,1.7106950510224124,0.0,36782.89304948978,0.999535137214396,1,0
2233.0,0.1988308019717806,0.0,36798.01169198028,0.9999459698907686,1,0
2234.0,0.8864951737764386,0.0,36791.13504826224,0.9997591045723434,1,0
2235.0,0.2350625492244944,0.0,36797.64937450775,0.999936124307276,1,0
2236.0,1.5100545771842917,0.0,36784.89945422816,0.9995896590822868,1,0
2237.0,1.8698789311361,0.0,36781.30121068864,0.9994918807252348,1,0
2238.0,0.6521230256525996,0.0,36793.47876974347,0.9998227926560728,1,0
2239.0,2.313060527930702,0.0,36776.86939472069,0.9993714509434972,1,0
2240.0,2.0248674719568958,0.0,36779.75132528044,0.9994497642739248,1,0
2241.0,1.5225985419092467,0.0,36784.77401458091,0.9995862503962204,1,0
2242.0,0.0,0.0,36800.0,1.0,1,0
2243.0,5.161305962948518,0.0,36748.38694037052,0.9985974712057206,1,0
2244.0,4.665445112753332,0.0,36753.34554887247,0.9987322160019692,1,0
2245.0,2.1699993183106017,0.0,36778.30000681689,0.9994103262721982,1,0
2246.0,1.0195883667001908,0.0,36789.804116333,0.9997229379438316,1,0
2247.0,1.648795391139629,0.0,36783.5120460886,0.9995519577741468,1,0
2248.0,0.7856324599260915,0.0,36792.14367540074,0.9997865129184984,1,0
2249.0,2.540332692097764,0.0,36774.596673079024,0.9993096922032344,1,0
2250.0,2.210660631485098,0.0,36777.893393685146,0.9993992770023138,1,0
2251.0,2.5422241743417544,0.0,36774.57775825658,0.999309178213494,1,0
2252.0,0.7468116992358773,0.0,36792.53188300764,0.9997970620382512,1,0
2253.0,1.2575004210052612,0.0,36787.424995789945,0.9996582879290746,1,0
2254.0,1.9399447953974231,0.0,36780.60055204602,0.9994728410882072,1,0
2255.0,1.0017089084785766,0.0,36789.98291091521,0.9997277964922612,1,0
2256.0,0.3496079279275363,0.0,36796.50392072072,0.9999049978456718,1,0
2257.0,1.9806404185269455,0.0,36780.19359581473,0.9994617824949656,1,0
2258.0,2.3981610871451267,0.0,36776.01838912855,0.9993483257915368,1,0
2259.0,1.6376395000561388,0.0,36783.62360499944,0.9995549892662892,1,0
2260.0,2.210011268914513,0.0,36777.89988731086,0.9993994534595342,1,0
2261.0,2.471570580918069,0.0,36775.28429419082,0.9993283775595332,1,0
2262.0,0.3609282816541963,0.0,36796.39071718346,0.999901921662594,1,0
2263.0,2.608948357126337,0.0,36773.91051642874,0.9992910466420852,1,0
2264.0,1.808416543602107,0.0,36781.91583456398,0.9995085824609776,1,0
2265.0,0.8904273500297677,0.0,36791.095726499705,0.9997580360461876,1,0
2266.0,0.6560994394121735,0.0,36793.43900560588,0.9998217121088552,1,0
2267.0,0.1384353179796562,0.0,36798.6156468202,0.9999623817070707,1,0
2268.0,0.8627118591971339,0.0,36791.37288140803,0.999765567429566,1,0
2269.0,1.847672109186533,0.0,36781.523278908135,0.999497915187721,1,0
2270.0,0.1543654797505951,0.0,36798.456345202496,0.9999580528587636,1,0
2271.0,1.5777920092418751,0.0,36784.22207990758,0.9995712521714016,1,0
2272.0,2.264661680257177,0.0,36777.35338319743,0.999384602804278,1,0
2273.0,2.0005540504275814,0.0,36779.99445949573,0.9994563711819492,1,0
2274.0,3.5727322958682635,0.0,36764.272677041314,0.9990291488326444,1,0
2275.0,2.936483201180636,0.0,36770.63516798819,0.9992020426083748,1,0
2276.0,2.217196649805373,0.0,36777.82803350194,0.9993975009103788,1,0
2277.0,2.9287863019644647,0.0,36770.71213698036,0.9992041341570748,1,0
2278.0,2.698472139255955,0.0,36773.01527860744,0.999266719527376,1,0
2279.0,1.2019784403091762,0.0,36787.98021559691,0.9996733754238292,1,0
2280.0,1.36111852643171,0.0,36786.388814735685,0.9996301308352088,1,0
2281.0,1.0032920721973824,0.0,36789.96707927802,0.9997273662847288,1,0
2282.0,1.93861328580806,0.0,36780.61386714192,0.9994732029114652,1,0
2283.0,1.6581707689047107,0.0,36783.41829231096,0.9995494101171456,1,0
2284.0,1.470625376782209,0.0,36785.29374623218,0.999600373538918,1,0
2285.0,1.1089079274843243,0.0,36788.91092072516,0.9996986663240532,1,0
2286.0,0.7715367011824128,0.0,36792.28463298817,0.999790343287722,1,0
2287.0,2.138673264717454,0.0,36778.61326735283,0.9994188387867616,1,0
2288.0,3.082689215609207,0.0,36769.173107843904,0.9991623127131496,1,0
2289.0,2.230949705065541,0.0,36777.69050294934,0.9993937636671018,1,0
2290.0,2.2999057323859238,0.0,36777.00094267614,0.9993750256161994,1,0
2291.0,0.5968793868578359,0.0,36794.03120613142,0.9998378045144408,1,0
2292.0,0.0,0.0,36800.0,1.0,1,0
2293.0,0.9945928692018242,0.0,36790.05407130798,0.9997297301985864,1,0
2294.0,1.0077099220466152,0.0,36789.92290077954,0.9997261657820526,1,0
2295.0,0.0,0.0,36800.0,1.0,1,0
2296.0,0.7375016122114175,0.0,36792.62498387789,0.9997995919532036,1,0
2297.0,2.0300958068364707,0.0,36779.69904193164,0.999448343530751,1,0
2298.0,2.538411668962908,0.0,36774.61588331037,0.9993102142203903,1,0
2299.0,3.466390497094835,0.0,36765.33609502905,0.999058046060572,1,0
2300.0,1.5197980441525942,0.0,36784.80201955848,0.9995870114010456,1,0
2301.0,1.4598071098976106,0.0,36785.40192890103,0.999603313285354,1,0
2302.0,2.263105268339132,0.0,36777.36894731661,0.9993850257422991,1,0
2303.0,2.455441865609828,0.0,36775.4455813439,0.999332760362606,1,0
2304.0,3.3359518289121297,0.0,36766.64048171088,0.999093491350839,1,0
2305.0,0.222844003969385,0.0,36797.7715599603,0.9999394445641386,1,0
2306.0,0.8255817038825626,0.0,36791.74418296118,0.9997756571456842,1,0
2307.0,2.05092700717114,0.0,36779.490729928286,0.999442682878486,1,0
2308.0,2.145998058183068,0.0,36778.54001941817,0.9994168483537548,1,0
2309.0,4.10852733508591,0.0,36758.91472664914,0.9988835523545962,1,0
2310.0,1.6712292848287689,0.0,36783.287707151714,0.9995458616073836,1,0
2311.0,2.81037909439101,0.0,36771.89620905609,0.999236310028698,1,0
2312.0,0.5568558213772121,0.0,36794.43144178623,0.9998486804833212,1,0
2313.0,5.819710871933239,0.0,36741.80289128067,0.9984185568282792,1,0
2314.0,2.0412172907949757,0.0,36779.58782709205,0.9994453213883708,1,0
2315.0,0.6482088469592782,0.0,36793.517911530405,0.9998238562915872,1,0
2316.0,3.814089698789303,0.0,36761.85910301211,0.9989635625818508,1,0
2317.0,2.544987115778895,0.0,36774.55012884221,0.9993084274141903,1,0
2318.0,0.0018048253691631,0.0,36799.98195174631,0.9999995095583236,1,0
2319.0,1.2029649311280082,0.0,36787.97035068872,0.9996731073556716,1,0
2320.0,1.801492950242391,0.0,36781.985070497576,0.9995104638722168,1,0
2321.0,0.227000544112343,0.0,36797.72999455888,0.9999383150695348,1,0
2322.0,0.7737888110632412,0.0,36792.262111889366,0.9997897313013414,1,0
2323.0,0.0,0.0,36800.0,1.0,1,0
2324.0,0.0,0.0,36800.0,1.0,1,0
2325.0,0.1471723569220557,0.0,36798.52827643078,0.999960007511706,1,0
2326.0,0.853719175923743,0.0,36791.462808240765,0.9997680110934992,1,0
2327.0,0.9665987501693962,0.0,36790.33401249831,0.9997373372961496,1,0
2328.0,0.6964302827004758,0.0,36793.03569717299,0.9998107526405704,1,0
2329.0,0.6043717793954784,0.0,36793.95628220605,0.9998357685382078,1,0
2330.0,2.324505159640921,0.0,36776.75494840359,0.999368340989228,1,0
2331.0,2.99799549536192,0.0,36770.02004504638,0.999185327311043,1,0
2332.0,1.766905329151541,0.0,36782.33094670848,0.9995198626822958,1,0
2333.0,2.617895841943664,0.0,36773.821041580566,0.9992886152603416,1,0
2334.0,2.291915223762772,0.0,36777.08084776237,0.9993771969500644,1,0
2335.0,1.296484107415381,0.0,36787.03515892585,0.9996476945360284,1,0
2336.0,4.0959778119145085,0.0,36759.04022188085,0.99888696255111,1,0
2337.0,1.07878505641429,0.0,36789.21214943586,0.999706851886844,1,0
2338.0,1.8098820325799352,0.0,36781.9011796742,0.9995081842302772,1,0
2339.0,3.804488530807703,0.0,36761.955114691926,0.9989661715948892,1,0
2340.0,1.6926631851611091,0.0,36783.07336814839,0.9995400371779454,1,0
2341.0,0.0,0.0,36800.0,1.0,1,0
2342.0,1.6033710181191054,0.0,36783.96628981881,0.999564301353772,1,0
2343.0,2.03030784219618,0.0,36779.69692157804,0.9994482859124468,1,0
2344.0,1.796066530947428,0.0,36782.039334690526,0.9995119384426774,1,0
2345.0,1.6409091142522811,0.0,36783.59090885748,0.9995541007841706,1,0
2346.0,0.94389037766814,0.0,36790.56109622332,0.9997435080495468,1,0
2347.0,0.0364185846719919,0.0,36799.63581415328,0.9999901036454696,1,0
2348.0,2.6191913866464347,0.0,36773.80808613353,0.9992882632101504,1,0
2349.0,2.306903349503955,0.0,36776.93096650496,0.9993731240898086,1,0
2350.0,0.6795529021442235,0.0,36793.20447097856,0.9998153388852868,1,0
2351.0,1.367241276083405,0.0,36786.32758723917,0.9996284670445426,1,0
2352.0,0.600800822814108,0.0,36793.99199177186,0.999836738906844,1,0
2353.0,1.695663422465259,0.0,36783.04336577535,0.9995392218960693,1,0
2354.0,1.7086869996619498,0.0,36782.91313000338,0.9995356828805264,1,0
2355.0,0.7183941262283042,0.0,36792.81605873772,0.9998047842048292,1,0
2356.0,2.638945318302376,0.0,36773.61054681698,0.9992828952939397,1,0
2357.0,2.0869981168584677,0.0,36779.13001883141,0.9994328809465056,1,0
2358.0,1.4270974164114705,0.0,36785.729025835884,0.9996122017890186,1,0
2359.0,0.13951490178124,0.0,36798.604850982185,0.9999620883419073,1,0
2360.0,0.8797597385437257,0.0,36791.20240261457,0.9997609348536568,1,0
2361.0,0.3963310408580582,0.0,36796.03668959142,0.9998923013475928,1,0
2362.0,1.2162854999646695,0.0,36787.837145000354,0.9996694876358792,1,0
2363.0,1.531627628424758,0.0,36784.68372371575,0.999583796840102,1,0
2364.0,2.6322689344378887,0.0,36773.67731065562,0.9992847095286852,1,0
2365.0,2.690347223565823,0.0,36773.09652776434,0.9992689273849006,1,0
2366.0,1.1164676039911683,0.0,36788.83532396009,0.999696612064133,1,0
2367.0,1.4484073774779065,0.0,36785.51592622522,0.9996064110387288,1,0
2368.0,3.2867879939167324,0.0,36767.13212006084,0.9991068510886096,1,0
2369.0,1.5087435110149272,0.0,36784.91256488985,0.9995900153502676,1,0
2370.0,2.9346576794823704,0.0,36770.65342320518,0.9992025386740536,1,0
2371.0,2.116451627526658,0.0,36778.83548372473,0.9994248772751286,1,0
2372.0,1.2876947568383912,0.0,36787.12305243162,0.9996500829465114,1,0
2373.0,0.9918673158204,0.0,36790.0813268418,0.9997304708380924,1,0
2374.0,0.0,0.0,36800.0,1.0,1,0
2375.0,0.0,0.0,36800.0,1.0,1,0
2376.0,0.0,0.0,36800.0,1.0,1,0
2377.0,0.7891993622642985,0.0,36792.10800637736,0.9997855436515586,1,0
2378.0,0.7377942080329376,0.0,36792.62205791967,0.9997995124434692,1,0
2379.0,3.1515143889037063,0.0,36768.48485611096,0.9991436102204064,1,0
2380.0,0.6400862303703434,0.0,36793.5991376963,0.999826063524356,1,0
2381.0,2.456945379512945,0.0,36775.43054620487,0.9993323517990454,1,0
2382.0,2.0590034345596,0.0,36779.409965654406,0.9994404881971306,1,0
2383.0,1.7307216724193497,0.0,36782.69278327581,0.9995296951977122,1,0
2384.0,2.018452484267982,0.0,36779.81547515732,0.999451507477101,1,0
2385.0,1.13913794910286,0.0,36788.608620508974,0.9996904516442656,1,0
2386.0,0.5490604204692318,0.0,36794.50939579531,0.9998507987987856,1,0
2387.0,2.449165992491998,0.0,36775.50834007508,0.99933446576291,1,0
2388.0,1.2691018003624777,0.0,36787.30898199638,0.9996551353803363,1,0
2389.0,0.2333667922007407,0.0,36797.66633207799,0.999936585110815,1,0
2390.0,2.016310049118601,0.0,36779.83689950882,0.9994520896605656,1,0
2391.0,2.634924270490501,0.0,36773.65075729509,0.9992839879699754,1,0
2392.0,2.907490968098955,0.0,36770.92509031901,0.999209920932582,1,0
2393.0,0.2601896528458383,0.0,36797.39810347154,0.9999292962899876,1,0
2394.0,1.8059520827691813,0.0,36781.94047917231,0.9995092521514214,1,0
2395.0,1.4055544250049934,0.0,36785.94445574995,0.9996180558627704,1,0
2396.0,3.322254644961504,0.0,36766.77745355039,0.9990972134116952,1,0
2397.0,0.4766387880290494,0.0,36795.23361211971,0.9998704785902096,1,0
2398.0,0.2803777845224431,0.0,36797.19622215477,0.9999238103846406,1,0
2399.0,3.913374997912797,0.0,36760.86625002088,0.998936582881002,1,0
2400.0,3.700486073516913,0.0,36762.99513926483,0.9989944331321964,1,0
2401.0,2.483056377651337,0.0,36775.169436223485,0.9993252564191164,1,0
2402.0,0.9333293375839276,0.0,36790.66670662416,0.9997463778973956,1,0
2403.0,1.058430388445231,0.0,36789.415696115546,0.999712383046618,1,0
2404.0,3.3772070127524785,0.0,36766.22792987248,0.9990822807030564,1,0
2405.0,1.646124496102857,0.0,36783.53875503897,0.9995526835608416,1,0
2406.0,1.4662007984998129,0.0,36785.33799201501,0.9996015758699728,1,0
2407.0,3.380629525618588,0.0,36766.19370474381,0.999081350672386,1,0
2408.0,2.3577015950577334,0.0,36776.42298404942,0.9993593202187344,1,0
2409.0,1.6171199874434024,0.0,36783.82880012557,0.9995605652208034,1,0
2410.0,1.7982270441257242,0.0,36782.01772955874,0.999511351346705,1,0
2411.0,1.4200271078411788,0.0,36785.79972892159,0.9996141230685214,1,0
2412.0,1.8241944144378976,0.0,36781.75805585562,0.9995042949960768,1,0
2413.0,1.63722097310756,0.0,36783.627790268925,0.9995551029964382,1,0
2414.0,1.0515671609496169,0.0,36789.48432839051,0.9997142480540898,1,0
2415.0,3.0781062095966263,0.0,36769.21893790404,0.9991635580952184,1,0
2416.0,0.7068776274463744,0.0,36792.931223725536,0.999807913688194,1,0
2417.0,0.3656407059056619,0.0,36796.34359294095,0.9999006411125256,1,0
2418.0,2.442674543717203,0.0,36775.57325456283,0.9993362297435552,1,0
2419.0,1.4065243738059507,0.0,36785.93475626194,0.9996177922897266,1,0
2420.0,2.1479421575522792,0.0,36778.52057842448,0.9994163200658824,1,0
2421.0,4.935153287978665,0.0,36750.64846712021,0.9986589257369622,1,0
2422.0,3.045231526359657,0.0,36769.5476847364,0.9991724914330544,1,0
2423.0,2.037600173951432,0.0,36779.62399826049,0.9994463043005568,1,0
2424.0,2.8838289075642933,0.0,36771.16171092436,0.999216350840336,1,0
2425.0,2.134052137202161,0.0,36778.659478627975,0.999420094527934,1,0
2426.0,3.5018839753724933,0.0,36764.98116024627,0.9990484010936488,1,0
2427.0,2.9402926468083024,0.0,36770.59707353191,0.9992010074329324,1,0
2428.0,1.86283090376628,0.0,36781.37169096234,0.9994937959500636,1,0
2429.0,1.6622351275846086,0.0,36783.37764872416,0.999548305671852,1,0
2430.0,1.041495664258946,0.0,36789.58504335741,0.9997169848738426,1,0
2431.0,2.0961425560085445,0.0,36779.03857443992,0.999430396044563,1,0
2432.0,0.8672915911683958,0.0,36791.32708408832,0.9997643229371826,1,0
2433.0,0.0,0.0,36800.0,1.0,1,0
2434.0,0.2952479770492573,0.0,36797.04752022951,0.999919769571454,1,0
2435.0,3.129601034919688,0.0,36768.70398965081,0.9991495649361632,1,0
2436.0,2.6669817927045187,0.0,36773.33018207296,0.9992752766867652,1,0
2437.0,1.2143297191037163,0.0,36787.85670280896,0.9996700190980696,1,0
2438.0,1.104410182339052,0.0,36788.95589817661,0.999699888537408,1,0
2439.0,2.424931676325741,0.0,36775.75068323674,0.9993410511749116,1,0
2440.0,3.347678288493171,0.0,36766.52321711507,0.9990903048129096,1,0
2441.0,3.465588419321193,0.0,36765.34411580679,0.9990582640164888,1,0
2442.0,0.3786149858865428,0.0,36796.21385014113,0.9998971154929656,1,0
2443.0,1.558873423935438,0.0,36784.411265760646,0.9995763930913218,1,0
2444.0,1.6078233951297989,0.0,36783.92176604871,0.9995630914687148,1,0
2445.0,2.020373023072352,0.0,36779.79626976928,0.9994509855915564,1,0
2446.0,1.6484165178599142,0.0,36783.5158348214,0.9995520607288424,1,0
2447.0,0.1727195250755357,0.0,36798.27280474924,0.9999530653464468,1,0
2448.0,0.4549610641861363,0.0,36795.45038935814,0.9998763692760364,1,0
2449.0,1.548082622048241,0.0,36784.51917377952,0.9995793253744434,1,0
2450.0,1.6568653225990602,0.0,36783.43134677401,0.9995497648579892,1,0
2451.0,1.5264601693475015,0.0,36784.735398306526,0.9995852010409382,1,0
2452.0,3.2694628730223485,0.0,36767.30537126977,0.999111559001896,1,0
2453.0,1.842072588755855,0.0,36781.57927411244,0.9994994367965336,1,0
2454.0,3.6377159098224174,0.0,36763.62284090178,0.9990114902418962,1,0
2455.0,2.3269669957926453,0.0,36776.73033004208,0.9993676720120128,1,0
2456.0,1.7638043533456766,0.0,36782.36195646654,0.9995207053387648,1,0
2457.0,1.558894098980545,0.0,36784.41105901019,0.9995763874731032,1,0
2458.0,1.445380551530434,0.0,36785.5461944847,0.9996072335457798,1,0
2459.0,0.0143002989052547,0.0,36799.85699701095,0.9999961140492104,1,0
2460.0,1.5464730324265474,0.0,36784.53526967573,0.9995797627629276,1,0
2461.0,1.6952283427772272,0.0,36783.04771657223,0.9995393401242452,1,0
2462.0,2.9142563500086,0.0,36770.85743649992,0.9992080825135846,1,0
2463.0,2.978694106117473,0.0,36770.213058938825,0.9991905722537724,1,0
2464.0,0.8633138527434312,0.0,36791.36686147257,0.9997654038443632,1,0
2465.0,1.0576120662399262,0.0,36789.4238793376,0.9997126054167824,1,0
2466.0,1.0592992565389068,0.0,36789.40700743461,0.9997121469411578,1,0
2467.0,0.8867408345968215,0.0,36791.13259165403,0.9997590378166856,1,0
2468.0,1.5068716449768544,0.0,36784.93128355024,0.9995905240095172,1,0
2469.0,0.7854197603910507,0.0,36792.14580239609,0.9997865707172848,1,0
2470.0,2.517891934515319,0.0,36774.821080654845,0.999315790235186,1,0
2471.0,1.839577551616003,0.0,36781.60422448384,0.9995001147957564,1,0
2472.0,1.6876441010203962,0.0,36783.1235589898,0.9995414010595054,1,0
2473.0,1.4117772656900345,0.0,36785.8822273431,0.9996163648734538,1,0
2474.0,2.4879036615593577,0.0,36775.120963384405,0.9993239392224024,1,0
2475.0,3.586832179491921,0.0,36764.13167820508,0.9990253173425292,1,0
2476.0,2.669904049206252,0.0,36773.300959507935,0.9992744825953244,1,0
2477.0,0.5344361925908743,0.0,36794.655638074095,0.9998547727737526,1,0
2478.0,1.2572388075122944,0.0,36787.42761192488,0.9996583590196976,1,0
2479.0,1.6945180354268814,0.0,36783.05481964573,0.9995395331425472,1,0
2480.0,0.4290744343688857,0.0,36795.70925565632,0.9998834036863128,1,0
2481.0,4.158407980033189,0.0,36758.41592019967,0.9988699978315126,1,0
2482.0,1.169433710656449,0.0,36788.30566289344,0.9996822191003653,1,0
2483.0,1.9852784442982736,0.0,36780.147215557015,0.9994605221618754,1,0
2484.0,5.279694873907374,0.0,36747.20305126093,0.9985653003060034,1,0
2485.0,3.5680438970848627,0.0,36764.31956102915,0.9990304228540532,1,0
2486.0,1.4878219102015464,0.0,36785.12178089799,0.99959570056788,1,0
2487.0,0.3205250969208464,0.0,36796.79474903079,0.9999129007888802,1,0
2488.0,1.4807769426806772,0.0,36785.19223057319,0.999597614961228,1,0
2489.0,0.2018427318384965,0.0,36797.981572681616,0.9999451514315656,1,0
2490.0,0.8954950447846386,0.0,36791.04504955215,0.9997566589552216,1,0
2491.0,1.1074565732960764,0.0,36788.92543426704,0.9996990607137782,1,0
2492.0,0.0979147005587037,0.0,36799.020852994414,0.9999733927444134,1,0
2493.0,1.1187530047905057,0.0,36788.81246995209,0.9996959910313068,1,0
2494.0,1.119010761196023,0.0,36788.80989238804,0.9996959209888054,1,0
2495.0,1.0214310725264113,0.0,36789.78568927474,0.9997224372085526,1,0
2496.0,1.6512783520465746,0.0,36783.48721647954,0.9995512830565092,1,0
2497.0,0.5497555170245505,0.0,36794.50244482976,0.999850609913852,1,0
2498.0,1.888358004073325,0.0,36781.11641995927,0.9994868592380236,1,0
2499.0,1.1075916575186966,0.0,36788.92408342481,0.999699024006109,1,0
2500.0,1.5044814569682785,0.0,36784.95518543031,0.999591173517128,1,0
2501.0,1.851846783651581,0.0,36781.48153216348,0.999496780765312,1,0
2502.0,0.1141955024631897,0.0,36798.85804497536,0.999968968613461,1,0
2503.0,2.492917807059257,0.0,36775.07082192941,0.9993225766828644,1,0
2504.0,2.506061146529646,0.0,36774.9393885347,0.9993190051232256,1,0
2505.0,0.3841679995157392,0.0,36796.15832000484,0.9998956065218708,1,0
2506.0,0.6173687295890886,0.0,36793.82631270411,0.9998322367582636,1,0
2507.0,2.2897846212354125,0.0,36777.10215378765,0.9993777759181424,1,0
2508.0,3.615989273342621,0.0,36763.84010726657,0.9990173942192004,1,0
2509.0,3.275931027932529,0.0,36767.24068972068,0.9991098013511052,1,0
2510.0,2.949556629488143,0.0,36770.50443370512,0.9991984900463348,1,0
2511.0,2.4606683357342263,0.0,36775.39331664266,0.9993313401261592,1,0
2512.0,1.6569993846469515,0.0,36783.43000615353,0.9995497284280852,1,0
2513.0,2.806269572040492,0.0,36771.93730427959,0.999237426746728,1,0
2514.0,2.3156983903395485,0.0,36776.8430160966,0.99937073413306,1,0
2515.0,2.043899540075472,0.0,36779.56100459924,0.9994445925162838,1,0
2516.0,1.7944230912298735,0.0,36782.0557690877,0.9995123850295572,1,0
2517.0,1.322350836037458,0.0,36786.776491639626,0.9996406655336856,1,0
2518.0,2.360487481854761,0.0,36776.39512518145,0.9993585631842784,1,0
2519.0,0.1467401132090344,0.0,36798.53259886791,0.9999601249692368,1,0
2520.0,0.0,0.0,36800.0,1.0,1,0
2521.0,0.0,0.0,36800.0,1.0,1,0
2522.0,2.266698639657079,0.0,36777.33301360343,0.999384049282702,1,0
2523.0,1.4077844668408943,0.0,36785.92215533159,0.9996174498731408,1,0
2524.0,0.998535537254611,0.0,36790.01464462745,0.9997286588213982,1,0
2525.0,1.5266572358063968,0.0,36784.733427641935,0.99958514749027,1,0
2526.0,0.8120716489938786,0.0,36791.87928351006,0.9997793283562516,1,0
2527.0,0.4905959120951593,0.0,36795.09404087905,0.9998666858934524,1,0
2528.0,0.5105321314049434,0.0,36794.89467868595,0.9998612684425532,1,0
2529.0,1.9077113880907743,0.0,36780.92288611909,0.9994816001662796,1,0
2530.0,3.4346800361072383,0.0,36765.65319963893,0.9990666630336664,1,0
2531.0,3.2617435540114457,0.0,36767.38256445989,0.9991136566429316,1,0
2532.0,1.007154900788464,0.0,36789.92845099211,0.9997263166030466,1,0
2533.0,1.0156753808382746,0.0,36789.843246191616,0.999724001255207,1,0
2534.0,2.004137088317293,0.0,36779.95862911682,0.9994553975303484,1,0
2535.0,3.491800061120557,0.0,36765.08199938879,0.999051141287739,1,0
2536.0,2.0159858617207647,0.0,36779.8401413828,0.9994521777549672,1,0
2537.0,1.2350955690922092,0.0,36787.64904430908,0.9996643762040512,1,0
2538.0,2.155736547369088,0.0,36778.44263452631,0.9994142020251714,1,0
2539.0,1.344879763326844,0.0,36786.55120236673,0.9996345435425744,1,0
2540.0,0.1577796845795092,0.0,36798.4222031542,0.999957125085712,1,0
2541.0,1.2828161199481656,0.0,36787.17183880052,0.9996514086630576,1,0
2542.0,2.048536683759721,0.0,36779.514633162406,0.9994433324228914,1,0
2543.0,2.502972291864353,0.0,36774.97027708136,0.9993198444859064,1,0
2544.0,1.7942661221027263,0.0,36782.05733877897,0.9995124276842112,1,0
2545.0,1.079090599529536,0.0,36789.20909400471,0.9997067688588236,1,0
2546.0,0.5750916578931538,0.0,36794.24908342107,0.9998437250929638,1,0
2547.0,2.077550397693813,0.0,36779.22449602306,0.9994354482614962,1,0
2548.0,1.3277802914362835,0.0,36786.72219708563,0.9996391901381966,1,0
2549.0,1.6817397816303128,0.0,36783.1826021837,0.9995430054941222,1,0
2550.0,1.3106266468039394,0.0,36786.89373353197,0.9996438514546728,1,0
2551.0,2.0990212468800564,0.0,36779.0097875312,0.9994296137916088,1,0
2552.0,1.6286169133195472,0.0,36783.71383086681,0.9995574410561632,1,0
2553.0,0.9296990234051918,0.0,36790.70300976594,0.9997473643958136,1,0
2554.0,1.6470848973144712,0.0,36783.52915102686,0.9995524225822516,1,0
2555.0,1.952930330035997,0.0,36780.47069669964,0.9994693124103162,1,0
2556.0,3.4574542266441317,0.0,36765.42545773356,0.9990604743949336,1,0
2557.0,3.577644216367844,0.0,36764.22355783632,0.9990278140716392,1,0
2558.0,2.1551062860853563,0.0,36778.44893713915,0.9994143732918246,1,0
2559.0,1.87589701654224,0.0,36781.24102983458,0.9994902453759396,1,0
2560.0,4.774135658724845,0.0,36752.25864341275,0.9987026805275204,1,0
2561.0,1.2797421449513422,0.0,36787.20257855049,0.9996522439823502,1,0
2562.0,0.0,0.0,36800.0,1.0,1,0
2563.0,1.852408700571232,0.0,36781.47591299429,0.999496628070497,1,0
2564.0,2.055400904213002,0.0,36779.44599095787,0.9994414671455945,1,0
2565.0,3.1214008706606364,0.0,36768.78599129339,0.9991517932416684,1,0
2566.0,4.24215530874244,0.0,36757.57844691258,0.9988472404052332,1,0
2567.0,3.473752912924283,0.0,36765.26247087076,0.9990560454040968,1,0
2568.0,2.644370001309653,0.0,36773.5562999869,0.9992814211952962,1,0
2569.0,3.228059666108948,0.0,36767.71940333891,0.99912280987334,1,0
2570.0,1.8763203618464104,0.0,36781.236796381534,0.9994901303364548,1,0
2571.0,0.9510814918367032,0.0,36790.48918508164,0.9997415539424356,1,0
2572.0,2.642385435870437,0.0,36773.576145641295,0.999281960479383,1,0
2573.0,1.3543149589563654,0.0,36786.45685041044,0.9996319796307184,1,0
2574.0,0.6058450744180846,0.0,36793.94154925582,0.9998353681862994,1,0
2575.0,2.0090125646461274,0.0,36779.909874353536,0.9994540726726504,1,0
2576.0,1.7966458005848835,0.0,36782.03354199416,0.99951178103245,1,0
2577.0,1.1571407730093597,0.0,36788.42859226991,0.9996855595725518,1,0
2578.0,1.0346351782686725,0.0,36789.65364821731,0.99971884913634,1,0
2579.0,0.0,0.0,36800.0,1.0,1,0
2580.0,1.612387723653228,0.0,36783.87612276347,0.9995618511620508,1,0
2581.0,2.295414363943564,0.0,36777.04585636056,0.9993762460967544,1,0
2582.0,0.8573397261402533,0.0,36791.4266027386,0.9997670272483314,1,0
2583.0,2.7453694025416557,0.0,36772.54630597458,0.9992539757058312,1,0
2584.0,2.3489208298205995,0.0,36776.5107917018,0.9993617062962444,1,0
2585.0,0.156474691600124,0.0,36798.435253084,0.9999574797033696,1,0
2586.0,1.2550303199395785,0.0,36787.449696800606,0.9996589591521904,1,0
2587.0,2.469480918785848,0.0,36775.30519081214,0.9993289454025038,1,0
2588.0,1.9793348774060175,0.0,36780.20665122594,0.9994621372615744,1,0
2589.0,1.2692535944079282,0.0,36787.30746405592,0.9996550941319544,1,0
2590.0,0.0385849856279492,0.0,36799.61415014372,0.9999895149495576,1,0
2591.0,1.591813250294308,0.0,36784.08186749706,0.9995674420515503,1,0
2592.0,1.986805068162539,0.0,36780.13194931838,0.9994601073184342,1,0
2593.0,0.7041424762587667,0.0,36792.95857523741,0.9998086569357992,1,0
2594.0,1.6808994624898332,0.0,36783.19100537511,0.9995432338417148,1,0
2595.0,3.317300853354027,0.0,36766.826991466456,0.9990985595507188,1,0
2596.0,1.4388867881798433,0.0,36785.6111321182,0.999608998155386,1,0
2597.0,1.3251224799905683,0.0,36786.748775200096,0.9996399123695678,1,0
2598.0,1.63999783267991,0.0,36783.6000216732,0.9995543484150324,1,0
2599.0,0.6474086552552762,0.0,36793.52591344745,0.9998240737349848,1,0
2600.0,1.2078966128319737,0.0,36787.92103387168,0.999671767224774,1,0
2601.0,3.684547900675625,0.0,36763.154520993245,0.9989987641574252,1,0
2602.0,2.5513687180405213,0.0,36774.4863128196,0.9993066932831411,1,0
2603.0,1.8505787889098428,0.0,36781.494212110905,0.9994971253291008,1,0
2604.0,0.4337536659509169,0.0,36795.66246334049,0.9998821321559916,1,0
2605.0,1.7690640210553283,0.0,36782.30935978945,0.999519276081235,1,0
2606.0,1.7824936725578482,0.0,36782.17506327442,0.9995156267194136,1,0
2607.0,1.6892660421981418,0.0,36783.10733957802,0.99954096031462,1,0
2608.0,1.871531960577613,0.0,36781.28468039422,0.9994914315324516,1,0
2609.0,1.612252000315948,0.0,36783.87747999684,0.9995618880433924,1,0
2610.0,2.15734728941743,0.0,36778.42652710583,0.9994137643235278,1,0
2611.0,0.1847169758384552,0.0,36798.15283024161,0.999949805169609,1,0
2612.0,1.8085392175235029,0.0,36781.914607824765,0.999508549125673,1,0
2613.0,0.2573721553794712,0.0,36797.426278446204,0.999930061914299,1,0
2614.0,0.8548755319311567,0.0,36791.45124468069,0.9997676968663232,1,0
2615.0,1.4160470992242151,0.0,36785.83952900776,0.9996152045926022,1,0
2616.0,3.379095779034742,0.0,36766.20904220965,0.9990817674513492,1,0
2617.0,5.054386613117913,0.0,36749.45613386882,0.99862652537687,1,0
2618.0,2.1168409863503257,0.0,36778.8315901365,0.9994247714711004,1,0
2619.0,4.695451309386954,0.0,36753.04548690613,0.9987240621441884,1,0
2620.0,4.308785633065327,0.0,36756.91214366935,0.9988291343388408,1,0
2621.0,3.6644970510083112,0.0,36763.35502948992,0.9990042127578782,1,0
2622.0,1.7816542512246087,0.0,36782.18345748776,0.9995158548230368,1,0
2623.0,0.7497773551699538,0.0,36792.5022264483,0.9997962561534864,1,0
2624.0,2.2356810208229945,0.0,36777.64318979177,0.999392477983472,1,0
2625.0,1.0813980617981542,0.0,36789.18601938202,0.9997061418310332,1,0
2626.0,0.5567547813193414,0.0,36794.4324521868,0.9998487079398588,1,0
2627.0,0.9417408289923516,0.0,36790.58259171008,0.9997440921660348,1,0
2628.0,2.379877886284248,0.0,36776.20122113716,0.99935329405264,1,0
2629.0,0.6852806111378413,0.0,36793.147193888624,0.9998137824426256,1,0
2630.0,0.2465761439702873,0.0,36797.5342385603,0.9999329956130516,1,0
2631.0,1.6694947863147718,0.0,36783.30505213685,0.9995463329385014,1,0
2632.0,1.338610070878531,0.0,36786.61389929122,0.9996362472633484,1,0
2633.0,2.326909572704153,0.0,36776.73090427296,0.999367687616113,1,0
2634.0,3.271059768590476,0.0,36767.2894023141,0.9991111250628832,1,0
2635.0,2.130695527473563,0.0,36778.69304472527,0.9994210066501432,1,0
2636.0,0.6136882572213835,0.0,36793.86311742778,0.9998332368866244,1,0
2637.0,0.4183704469683107,0.0,36795.81629553032,0.9998863123785412,1,0
2638.0,1.2281186572440674,0.0,36787.71881342756,0.9996662721040096,1,0
2639.0,2.028817035635712,0.0,36779.711829643646,0.9994486910229252,1,0
2640.0,0.7481073968911005,0.0,36792.51892603109,0.9997967099464968,1,0
2641.0,0.0,0.0,36800.0,1.0,1,0
2642.0,1.7132429971479723,0.0,36782.86757002853,0.9995344448377316,1,0
2643.0,1.8022292930245385,0.0,36781.97770706975,0.9995102637790694,1,0
2644.0,0.4913406050354751,0.0,36795.08659394964,0.9998664835312404,1,0
2645.0,2.321601078977892,0.0,36776.78398921022,0.999369130141582,1,0
2646.0,4.623475053941547,0.0,36753.765249460586,0.9987436209092552,1,0
2647.0,1.065647916092075,0.0,36789.34352083908,0.9997104217619316,1,0
2648.0,0.7343953692966352,0.0,36792.65604630704,0.999800436040952,1,0
2649.0,4.524164389847556,0.0,36754.75835610153,0.9987706075027588,1,0
2650.0,4.2316046939663465,0.0,36757.68395306034,0.998850107420118,1,0
2651.0,1.9004406538797407,0.0,36780.9955934612,0.9994835759092716,1,0
2652.0,0.6267771852421902,0.0,36793.73222814758,0.999829680112706,1,0
2653.0,0.2109018895275767,0.0,36797.89098110473,0.9999426897039329,1,0
2654.0,2.7777000435221453,0.0,36772.22299956478,0.9992451902055648,1,0
2655.0,1.2011831865138447,0.0,36787.98816813486,0.999673591525404,1,0
2656.0,4.052091741681124,0.0,36759.47908258319,0.9988988881136736,1,0
2657.0,3.503245131557833,0.0,36764.96754868442,0.9990480312142506,1,0
2658.0,0.9758658052860484,0.0,36790.24134194714,0.9997348190746506,1,0
2659.0,3.2865674325348664,0.0,36767.13432567465,0.9991069110237676,1,0
2660.0,2.137243800093984,0.0,36778.62756199906,0.9994192272282354,1,0
2661.0,2.855215363638308,0.0,36771.44784636362,0.999224126259881,1,0
2662.0,2.1763173816752897,0.0,36778.236826183245,0.9994086094071534,1,0
2663.0,2.59215388633811,0.0,36774.07846113662,0.9992956103569732,1,0
2664.0,2.090286776920948,0.0,36779.09713223079,0.9994319872888802,1,0
2665.0,2.068063807385897,0.0,36779.319361926144,0.9994380261392972,1,0
2666.0,0.2432627000539469,0.0,36797.56737299946,0.9999338960054202,1,0
2667.0,2.661038381306298,0.0,36773.38961618693,0.9992768917442102,1,0
2668.0,2.4028333423930235,0.0,36775.97166657607,0.9993470561569584,1,0
2669.0,2.929370015092445,0.0,36770.70629984907,0.999203975539377,1,0
2670.0,3.410273860914458,0.0,36765.897261390855,0.9990732951464908,1,0
2671.0,4.973214933395866,0.0,36750.267850666045,0.998648582898534,1,0
2672.0,4.05599203405518,0.0,36759.44007965945,0.9988978282516154,1,0
2673.0,2.267548637390064,0.0,36777.324513626096,0.999383818305057,1,0
2674.0,1.2091819001548174,0.0,36787.90818099845,0.9996714179619144,1,0
2675.0,0.6792148749295848,0.0,36793.20785125071,0.9998154307405084,1,0
2676.0,3.4316276698737056,0.0,36765.68372330126,0.9990674924810126,1,0
2677.0,2.6820815093678902,0.0,36773.17918490632,0.9992711735028892,1,0
2678.0,0.2169832801764641,0.0,36797.83016719823,0.999941037152126,1,0
2679.0,0.7968825720968198,0.0,36792.03117427903,0.9997834558227996,1,0
2680.0,2.458742951819658,0.0,36775.4125704818,0.9993318633283098,1,0
2681.0,1.999926867637441,0.0,36780.00073132363,0.9994565416120552,1,0
2682.0,1.5730732745628302,0.0,36784.26926725437,0.99957253443626,1,0
2683.0,0.6169392734068424,0.0,36793.83060726593,0.9998323534583132,1,0
2684.0,4.069719219371109,0.0,36759.30280780629,0.9988940980382144,1,0
2685.0,2.830257118956524,0.0,36771.69742881043,0.9992309083915878,1,0
2686.0,2.234286523517312,0.0,36777.65713476483,0.9993928569229572,1,0
2687.0,1.126337222988241,0.0,36788.73662777012,0.9996939301024488,1,0
2688.0,1.700274381347299,0.0,36782.99725618653,0.9995379689181122,1,0
2689.0,0.8824443290004638,0.0,36791.17555671,0.9997602053453803,1,0
2690.0,1.7383238436541433,0.0,36782.61676156346,0.9995276293903116,1,0
2691.0,0.7253612419863202,0.0,36792.74638758013,0.9998028909668516,1,0
2692.0,1.946784576983191,0.0,36780.53215423017,0.9994709824519068,1,0
2693.0,0.750111277180622,0.0,36792.4988872282,0.9997961654138096,1,0
2694.0,1.526255563411269,0.0,36784.737444365885,0.9995852566403772,1,0
2695.0,0.7561327800644904,0.0,36792.43867219936,0.999794529135852,1,0
2696.0,1.750820973185455,0.0,36782.49179026815,0.9995242334311996,1,0
2697.0,1.1758324189027007,0.0,36788.241675810976,0.9996804803209504,1,0
2698.0,2.390002480456588,0.0,36776.09997519544,0.999350542804224,1,0
2699.0,0.8686046506868479,0.0,36791.31395349313,0.9997639661275308,1,0
2700.0,1.3614271266146716,0.0,36786.385728733854,0.9996300469764634,1,0
2701.0,2.538805927143585,0.0,36774.611940728566,0.9993101070850152,1,0
2702.0,0.9433394334555488,0.0,36790.566605665445,0.999743657762648,1,0
2703.0,2.217482547516738,0.0,36777.825174524834,0.9993974232207836,1,0
2704.0,0.0853617338516414,0.0,36799.146382661485,0.9999768038766708,1,0
2705.0,3.066912890762069,0.0,36769.33087109238,0.9991665997579452,1,0
2706.0,1.1367623618234577,0.0,36788.63237638176,0.9996910971842872,1,0
2707.0,2.32977849245026,0.0,36776.7022150755,0.999366908018356,1,0
2708.0,1.551546761209465,0.0,36784.48453238791,0.99957838403228,1,0
2709.0,2.23570285140886,0.0,36777.64297148591,0.9993924720512476,1,0
2710.0,2.5830688552428,0.0,36774.16931144757,0.9992980791154232,1,0
2711.0,1.2297326156194686,0.0,36787.70267384381,0.9996658335283644,1,0
2712.0,1.4122342321534234,0.0,36785.87765767847,0.9996162406977844,1,0
2713.0,1.4796125954017043,0.0,36785.20387404598,0.9995979313599452,1,0
2714.0,2.240773653803899,0.0,36777.59226346197,0.9993910941158144,1,0
2715.0,1.7651322640358558,0.0,36782.34867735964,0.9995203444934684,1,0
2716.0,1.73238740916986,0.0,36782.6761259083,0.999529242551856,1,0
2717.0,0.3260670995127839,0.0,36796.73932900487,0.999911394809915,1,0
2718.0,2.102989119360245,0.0,36778.9701088064,0.9994285355653912,1,0
2719.0,2.386085385775459,0.0,36776.139146142246,0.9993516072321262,1,0
2720.0,1.3809562090127656,0.0,36786.19043790987,0.9996247401605944,1,0
2721.0,3.891579376662776,0.0,36761.08420623337,0.9989425056041676,1,0
2722.0,0.4178570375001982,0.0,36795.821429625,0.9998864518919836,1,0
2723.0,2.10738759297692,0.0,36778.92612407023,0.9994273403279954,1,0
2724.0,1.683714721936667,0.0,36783.16285278063,0.9995424688255606,1,0
2725.0,1.995636779693996,0.0,36780.04363220306,0.9994577073968224,1,0
2726.0,0.9014892779164256,0.0,36790.98510722083,0.9997550300875226,1,0
2727.0,0.7706403117149421,0.0,36792.29359688285,0.9997905868718168,1,0
2728.0,1.5725156925827832,0.0,36784.27484307417,0.9995726859531024,1,0
2729.0,0.7615178254764032,0.0,36792.38482174523,0.9997930658082944,1,0
2730.0,0.9035496066999258,0.0,36790.964503933,0.9997544702155706,1,0
2731.0,1.4206698342377422,0.0,36785.79330165762,0.9996139484146092,1,0
2732.0,0.6805163497283502,0.0,36793.19483650272,0.9998150770788784,1,0
2733.0,0.6828066855446195,0.0,36793.17193314456,0.9998144547050152,1,0
2734.0,4.730193043534655,0.0,36752.698069564656,0.9987146214555612,1,0
2735.0,5.505728013970838,0.0,36744.94271986029,0.9985038782570732,1,0
2736.0,0.981933988142373,0.0,36790.180660118574,0.9997331701119178,1,0
2737.0,2.524646378837588,0.0,36774.753536211625,0.9993139547883594,1,0
2738.0,4.257298459811409,0.0,36757.42701540189,0.9988431254185296,1,0
2739.0,3.0917222830071296,0.0,36769.082777169926,0.9991598580752696,1,0
2740.0,3.994540644979679,0.0,36760.0545935502,0.9989145269986468,1,0
2741.0,2.362085619780373,0.0,36776.379143802194,0.9993581289076684,1,0
2742.0,1.7215655760055597,0.0,36782.784344239946,0.9995321832673898,1,0
2743.0,1.4394382904183658,0.0,36785.60561709582,0.9996088482906472,1,0
2744.0,1.8431275181937965,0.0,36781.56872481806,0.9994991501309256,1,0
2745.0,0.9173572651498034,0.0,36790.8264273485,0.9997507181344704,1,0
2746.0,3.006735605689755,0.0,36769.9326439431,0.9991829522810626,1,0
2747.0,2.000971270022092,0.0,36779.99028729978,0.9994562578070592,1,0
2748.0,1.9241235439358209,0.0,36780.75876456064,0.9994771403413216,1,0
2749.0,0.0779158192640352,0.0,36799.22084180736,0.999978827223026,1,0
2750.0,1.3345080415519988,0.0,36786.65491958448,0.9996373619452305,1,0
2751.0,2.369469829155605,0.0,36776.305301708446,0.9993561223290338,1,0
2752.0,2.54449537996652,0.0,36774.55504620034,0.9993085610380528,1,0
2753.0,2.58284923367728,0.0,36774.17150766322,0.9992981387951964,1,0
2754.0,0.4123872998939077,0.0,36795.87612700106,0.9998879382337243,1,0
2755.0,1.8234782479826208,0.0,36781.76521752017,0.9995044896065264,1,0
2756.0,3.3294609249028326,0.0,36766.70539075097,0.9990952551834502,1,0
2757.0,1.4258768821678132,0.0,36785.74123117832,0.9996125334559326,1,0
2758.0,2.0360020988587166,0.0,36779.639979011416,0.9994467385600928,1,0
2759.0,1.0530276311324087,0.0,36789.46972368868,0.9997138511871924,1,0
2760.0,1.4323143312403772,0.0,36785.6768566876,0.9996107841491196,1,0
2761.0,2.475364633820845,0.0,36775.246353661794,0.9993273465668966,1,0
2762.0,1.598235629255214,0.0,36784.01764370745,0.9995656968398764,1,0
2763.0,1.9493005614726824,0.0,36780.50699438527,0.9994702987604692,1,0
2764.0,1.6170782438680362,0.0,36783.82921756132,0.9995605765641662,1,0
2765.0,1.2573642668266984,0.0,36787.42635733173,0.9996583249274926,1,0
2766.0,2.1407490413753294,0.0,36778.59250958625,0.9994182747170176,1,0
2767.0,1.077075745646198,0.0,36789.22924254354,0.9997073163734655,1,0
2768.0,0.5854184321951834,0.0,36794.14581567805,0.9998409189042948,1,0
2769.0,0.0,0.0,36800.0,1.0,1,0
2770.0,0.1490634223764573,0.0,36798.50936577623,0.9999594936352236,1,0
2771.0,2.6936949414171067,0.0,36773.06305058583,0.9992680176789628,1,0
2772.0,4.513873936374694,0.0,36754.86126063625,0.9987734038216372,1,0
2773.0,1.653840751295775,0.0,36783.461592487045,0.9995505867523652,1,0
2774.0,1.4019043408384275,0.0,36785.980956591615,0.9996190477334678,1,0
2775.0,2.107748944335981,0.0,36778.92251055664,0.9994272421346914,1,0
2776.0,1.9669196944696523,0.0,36780.3308030553,0.9994655109525896,1,0
2777.0,2.262266292274034,0.0,36777.37733707726,0.9993852537249256,1,0
2778.0,0.6144994065243736,0.0,36793.855005934754,0.9998330164656184,1,0
2779.0,0.6582767033523851,0.0,36793.41723296647,0.9998211204610454,1,0
2780.0,0.2988535695521932,0.0,36797.01146430448,0.9999187897908826,1,0
2781.0,2.559016627593792,0.0,36774.40983372407,0.9993046150468496,1,0
2782.0,1.2913312378327646,0.0,36787.08668762168,0.999649094772328,1,0
2783.0,2.4019088979075605,0.0,36775.980911020924,0.999347307364699,1,0
2784.0,2.943269975034127,0.0,36770.56730024966,0.9992001983763495,1,0
2785.0,3.123757213110366,0.0,36768.762427868896,0.99915115293122,1,0
2786.0,1.992722526612852,0.0,36780.07277473387,0.9994584993134203,1,0
2787.0,2.1273089948822417,0.0,36778.72691005118,0.9994219269035646,1,0
2788.0,2.2312114456294694,0.0,36777.6878855437,0.9993936925419484,1,0
2789.0,2.117417220232255,0.0,36778.82582779768,0.9994246148858064,1,0
2790.0,0.941024478442614,0.0,36790.58975521557,0.9997442868265102,1,0
2791.0,0.0,0.0,36800.0,1.0,1,0
2792.0,0.1331727068409236,0.0,36798.6682729316,0.9999638117644456,1,0
2793.0,2.739624960583569,0.0,36772.60375039416,0.9992555366954936,1,0
2794.0,3.2983504796925445,0.0,36767.01649520308,0.9991037091087792,1,0
2795.0,1.8166068908249144,0.0,36781.83393109175,0.9995063568231454,1,0
2796.0,1.4050073203220563,0.0,36785.94992679678,0.9996182045325211,1,0
2797.0,1.2933496892951553,0.0,36787.066503107046,0.9996485462800828,1,0
2798.0,0.3329607970263168,0.0,36796.67039202974,0.9999095215225472,1,0
2799.0,4.666111330686363,0.0,36753.338886693135,0.9987320349644874,1,0
2800.0,5.296763026051394,0.0,36747.032369739485,0.9985606622211816,1,0
2801.0,0.0520926084363964,0.0,36799.47907391564,0.9999858443998816,1,0
2802.0,0.0,0.0,36800.0,1.0,1,0
2803.0,0.0,0.0,36800.0,1.0,1,0
2804.0,0.8821135743983177,0.0,36791.17886425601,0.9997602952243482,1,0
2805.0,1.170696485587996,0.0,36788.29303514412,0.9996818759550032,1,0
2806.0,3.525689568435155,0.0,36764.74310431565,0.9990419321824904,1,0
2807.0,1.7084905991232515,0.0,36782.91509400877,0.9995357362502384,1,0
2808.0,4.924428266459472,0.0,36750.75571733541,0.998661840144984,1,0
2809.0,0.804052107806001,0.0,36791.95947892194,0.9997815075794004,1,0
2810.0,0.1856333794212332,0.0,36798.14366620579,0.9999495561468964,1,0
2811.0,3.47428590463187,0.0,36765.25714095368,0.9990559005693936,1,0
2812.0,2.289404639955592,0.0,36777.10595360045,0.9993778791739252,1,0
2813.0,2.861892865077607,0.0,36771.38107134923,0.9992223117214464,1,0
2814.0,2.204663371666811,0.0,36777.953366283335,0.999400906692482,1,0
2815.0,3.0477520191243457,0.0,36769.52247980876,0.9991718065165424,1,0
2816.0,1.9602545172620007,0.0,36780.39745482738,0.9994673221420484,1,0
2817.0,1.2566206624819642,0.0,36787.43379337518,0.9996585269938908,1,0
2818.0,2.511336395742092,0.0,36774.88663604258,0.9993175716315918,1,0
2819.0,2.424998010125819,0.0,36775.75001989874,0.9993410331494222,1,0
2820.0,0.8152335711342857,0.0,36791.84766428866,0.9997784691382788,1,0
2821.0,0.5230306098078472,0.0,36794.76969390192,0.9998578721169,1,0
2822.0,2.808738238864862,0.0,36771.91261761135,0.999236755913352,1,0
2823.0,0.673579162875285,0.0,36793.26420837125,0.9998169621840012,1,0
2824.0,0.9273253946162184,0.0,36790.72674605384,0.9997480094036368,1,0
2825.0,1.075652904798062,0.0,36789.24347095202,0.9997077030150004,1,0
2826.0,1.2125947037725382,0.0,36787.874052962274,0.999670490569627,1,0
2827.0,0.7893507416729335,0.0,36792.10649258327,0.9997855025158496,1,0
2828.0,0.5741053322426524,0.0,36794.258946677575,0.9998439931162384,1,0
2829.0,0.6102200769005321,0.0,36793.897799231,0.9998341793269292,1,0
2830.0,2.38995398402858,0.0,36776.10046015972,0.999350555982601,1,0
2831.0,2.3797435594601666,0.0,36776.2025644054,0.9993533305544946,1,0
2832.0,4.261130214958484,0.0,36757.388697850416,0.9988420841807178,1,0
2833.0,1.606592093137806,0.0,36783.93407906863,0.9995634260616474,1,0
2834.0,3.1078698295013965,0.0,36768.92130170498,0.9991554701550268,1,0
2835.0,0.0889385402474545,0.0,36799.11061459753,0.9999758319184112,1,0
2836.0,0.6183889032777188,0.0,36793.81611096722,0.9998319595371528,1,0
2837.0,0.3830385844021293,0.0,36796.16961415598,0.9998959134281517,1,0
2838.0,0.957932734845599,0.0,36790.42067265154,0.999739692191618,1,0
2839.0,1.6021914610973909,0.0,36783.97808538903,0.9995646218855714,1,0
2840.0,2.2552780387936764,0.0,36777.44721961206,0.9993871527068496,1,0
2841.0,3.0767243075574697,0.0,36769.23275692442,0.9991639336120768,1,0
2842.0,0.1172800234676287,0.0,36798.82719976532,0.9999681304284056,1,0
2843.0,1.518913102721399,0.0,36784.81086897279,0.9995872518742606,1,0
2844.0,2.37958682418639,0.0,36776.20413175814,0.9993533731456016,1,0
2845.0,2.192602965983042,0.0,36778.07397034017,0.9994041839766352,1,0
2846.0,1.274148606459221,0.0,36787.258513935405,0.999653763965636,1,0
2847.0,1.0961906812931377,0.0,36789.03809318707,0.9997021220974748,1,0
2848.0,2.830295541184114,0.0,36771.69704458816,0.9992308979507653,1,0
2849.0,1.6329667761415294,0.0,36783.67033223859,0.9995562590282224,1,0
2850.0,2.20489038956066,0.0,36777.95109610439,0.9994008450028368,1,0
2851.0,1.9862580733688449,0.0,36780.13741926631,0.9994602559583238,1,0
2852.0,0.9065744195395382,0.0,36790.934255804605,0.99975364825556,1,0
2853.0,1.900523491482545,0.0,36780.994765085175,0.9994835533990536,1,0
2854.0,5.04788433676822,0.0,36749.52115663232,0.9986282922997912,1,0
2855.0,5.752719370211253,0.0,36742.47280629789,0.9984367610407036,1,0
2856.0,2.4297584239393477,0.0,36775.70241576061,0.999339739558712,1,0
2857.0,1.1768879932219534,0.0,36788.23112006778,0.9996801934801028,1,0
2858.0,0.8523861789908551,0.0,36791.47613821009,0.9997683733209264,1,0
2859.0,1.4949037322489858,0.0,36785.05096267751,0.9995937761597148,1,0
2860.0,2.3751110555144805,0.0,36776.24888944485,0.9993545893870884,1,0
2861.0,0.6849058261223036,0.0,36793.15094173878,0.99981388428638,1,0
2862.0,2.2142786694730603,0.0,36777.85721330527,0.999398293839817,1,0
2863.0,1.605059253159652,0.0,36783.9494074684,0.99956384259425,1,0
2864.0,2.8205163276170424,0.0,36771.79483672383,0.9992335553457562,1,0
2865.0,3.0732486974734456,0.0,36769.26751302527,0.9991648780713388,1,0
2866.0,2.4690508027338183,0.0,36775.309491972665,0.999329062281866,1,0
2867.0,1.1545964777428708,0.0,36788.454035222574,0.9996862509571351,1,0
2868.0,0.9131107000189332,0.0,36790.86889299981,0.999751872092386,1,0
2869.0,0.3393263902048602,0.0,36796.60673609795,0.999907791741792,1,0
2870.0,4.010863513841741,0.0,36759.89136486159,0.998910091436456,1,0
2871.0,2.6414666217478957,0.0,36773.585333782525,0.9992822101571338,1,0
2872.0,2.494365401138112,0.0,36775.05634598862,0.999322183314908,1,0
2873.0,1.6084627131563138,0.0,36783.91537286844,0.9995629177409902,1,0
2874.0,1.1985173087455223,0.0,36788.01482691254,0.9996743159487104,1,0
2875.0,0.8139557587269337,0.0,36791.86044241273,0.9997788163699112,1,0
2876.0,1.8200528010756896,0.0,36781.799471989245,0.9995054204344904,1,0
2877.0,1.8361884578175705,0.0,36781.63811542183,0.9995010357451584,1,0
2878.0,1.2750158797421136,0.0,36787.24984120258,0.9996535282935484,1,0
2879.0,1.9204231608337068,0.0,36780.79576839166,0.9994781458802082,1,0
2880.0,0.1601019332433679,0.0,36798.39898066757,0.9999564940398796,1,0
2881.0,1.0548238095184388,0.0,36789.45176190481,0.9997133630952396,1,0
2882.0,3.327039849143148,0.0,36766.72960150857,0.999095913084472,1,0
2883.0,3.38031815313434,0.0,36766.196818468656,0.9990814352844744,1,0
2884.0,0.2476421330075027,0.0,36797.52357866993,0.9999327059421176,1,0
2885.0,0.8280928101798963,0.0,36791.7190718982,0.9997749747798425,1,0
2886.0,0.1726987263314185,0.0,36798.27301273669,0.9999530709982796,1,0
2887.0,1.50239773213616,0.0,36784.97602267864,0.999591739746702,1,0
2888.0,1.715253345522342,0.0,36782.84746654478,0.9995338985474124,1,0
2889.0,2.12908602777452,0.0,36778.709139722254,0.9994214440141916,1,0
2890.0,2.723824982568658,0.0,36772.76175017432,0.9992598301677804,1,0
2891.0,2.1662567474031675,0.0,36778.337432525965,0.999411343275162,1,0
2892.0,1.5757730075297331,0.0,36784.2422699247,0.9995718008131712,1,0
2893.0,3.349212974126204,0.0,36766.507870258734,0.99908988777877,1,0
2894.0,1.4125495089083415,0.0,36785.87450491091,0.9996161550247532,1,0
2895.0,3.1412499213597584,0.0,36768.5875007864,0.9991463994778912,1,0
2896.0,1.657975803692807,0.0,36783.42024196308,0.9995494630968228,1,0
2897.0,3.432170531633801,0.0,36765.67829468366,0.99906734496423,1,0
2898.0,3.011919444754767,0.0,36769.88080555245,0.9991815436291428,1,0
2899.0,3.6003306847428576,0.0,36763.99669315257,0.9990216492704505,1,0
2900.0,2.906349697224869,0.0,36770.93650302776,0.9992102310605367,1,0
2901.0,1.4337545827170288,0.0,36785.66245417283,0.9996103927764356,1,0
2902.0,2.2010648370919625,0.0,36777.98935162908,0.999401884555138,1,0
2903.0,2.184773912787932,0.0,36778.15226087212,0.9994063114367424,1,0
2904.0,1.9194730499498287,0.0,36780.8052695005,0.9994784040625136,1,0
2905.0,0.6495607243355153,0.0,36793.50439275664,0.9998234889336044,1,0
2906.0,2.5846779403541404,0.0,36774.15322059646,0.9992976418640342,1,0
2907.0,2.6596237023723006,0.0,36773.40376297628,0.9992772761678336,1,0
2908.0,2.1450328168339183,0.0,36778.54967183166,0.9994171106475994,1,0
2909.0,1.1849138774018684,0.0,36788.15086122598,0.9996780125333148,1,0
2910.0,1.7859383278359928,0.0,36782.14061672164,0.9995146906717836,1,0
2911.0,1.0082811207830673,0.0,36789.91718879217,0.9997260105650048,1,0
2912.0,0.7020484707277319,0.0,36792.979515292725,0.9998092259590414,1,0
2913.0,4.06123741896954,0.0,36759.38762581031,0.99889640287528,1,0
2914.0,1.3913704389342456,0.0,36786.08629561066,0.9996219102068112,1,0
2915.0,1.572352344455794,0.0,36784.276476555446,0.9995727303411804,1,0
2916.0,0.2851660912347142,0.0,36797.14833908765,0.9999225092143385,1,0
2917.0,1.3978308558539538,0.0,36786.02169144146,0.9996201546587354,1,0
2918.0,0.96553410333172,0.0,36790.344658966686,0.9997376266023555,1,0
2919.0,1.3312422039734884,0.0,36786.68757796026,0.999638249401094,1,0
2920.0,0.3104059648303519,0.0,36796.89594035169,0.9999156505530352,1,0
2921.0,0.0,0.0,36800.0,1.0,1,0
2922.0,0.997861660365288,0.0,36790.02138339635,0.9997288419401182,1,0
2923.0,1.034984041516509,0.0,36789.65015958484,0.9997187543365446,1,0
2924.0,0.9731133764094012,0.0,36790.26886623591,0.99973556701728,1,0
2925.0,0.406323537245953,0.0,36795.93676462754,0.9998895859953136,1,0
2926.0,3.2564347767856816,0.0,36767.43565223215,0.9991150992454388,1,0
2927.0,3.962514014875069,0.0,36760.37485985125,0.998923229887262,1,0
2928.0,3.5098258649409217,0.0,36764.90174135059,0.9990462429714836,1,0
2929.0,3.183254171733552,0.0,36768.16745828267,0.9991349852794204,1,0
2930.0,1.0642135298026003,0.0,36789.357864701975,0.9997108115408144,1,0
2931.0,0.6513555398041717,0.0,36793.48644460196,0.9998230012120096,1,0
2932.0,1.6839861373714484,0.0,36783.160138626285,0.9995423950713664,1,0
2933.0,2.998513575240395,0.0,36770.0148642476,0.9991851865284672,1,0
2934.0,2.542650940382828,0.0,36774.57349059617,0.9993090622444613,1,0
2935.0,1.854490924838501,0.0,36781.45509075162,0.9994960622486851,1,0
2936.0,1.3447074586501913,0.0,36786.552925413496,0.9996345903644972,1,0
2937.0,2.1302706436904373,0.0,36778.6972935631,0.9994211221076928,1,0
2938.0,1.4537359773303251,0.0,36785.462640226695,0.9996049630496384,1,0
2939.0,0.0,0.0,36800.0,1.0,1,0
2940.0,0.0,0.0,36800.0,1.0,1,0
2941.0,0.6046254245393357,0.0,36793.95374575461,0.999835699612897,1,0
2942.0,1.7609259677965383,0.0,36782.39074032204,0.999521487508751,1,0
2943.0,0.951295898889839,0.0,36790.4870410111,0.9997414956796496,1,0
2944.0,1.518450761521308,0.0,36784.81549238479,0.9995873775104562,1,0
2945.0,1.9501523466733488,0.0,36780.49847653326,0.9994700672970996,1,0
2946.0,0.2239631512647975,0.0,36797.76036848736,0.999939140448026,1,0
2947.0,0.4988349604263931,0.0,36795.01165039574,0.9998644470216234,1,0
2948.0,1.6924054441424232,0.0,36783.07594555858,0.9995401072162656,1,0
2949.0,2.7038915755993003,0.0,36772.96108424401,0.9992652468544568,1,0
2950.0,1.1138685096993868,0.0,36788.861314903006,0.9996973183397556,1,0
2951.0,0.4271705837800255,0.0,36795.7282941622,0.9998839210370162,1,0
2952.0,0.9547718865455864,0.0,36790.45228113455,0.9997405511177866,1,0
2953.0,0.6929572353747062,0.0,36793.07042764625,0.9998116964034308,1,0
2954.0,2.9839351003906813,0.0,36770.16064899609,0.999189148070546,1,0
2955.0,1.7465419018294597,0.0,36782.53458098171,0.999525396222329,1,0
2956.0,3.4140796155252247,0.0,36765.859203844746,0.999072260974042,1,0
2957.0,2.6966948942408635,0.0,36773.03305105759,0.9992672024743908,1,0
2958.0,0.4691716893398734,0.0,36795.3082831066,0.999872507693114,1,0
2959.0,0.8401349627392847,0.0,36791.59865037261,0.9997717024557774,1,0
2960.0,0.7955774853044204,0.0,36792.04422514696,0.99978381046595,1,0
2961.0,0.0,0.0,36800.0,1.0,1,0
2962.0,2.1309044330560027,0.0,36778.69095566944,0.9994209498823216,1,0
2963.0,2.938630772387114,0.0,36770.61369227613,0.9992014590292426,1,0
2964.0,3.649576356878697,0.0,36763.50423643121,0.9990082672943263,1,0
2965.0,1.429621528399366,0.0,36785.70378471601,0.999611515889022,1,0
2966.0,1.905810793557976,0.0,36780.94189206442,0.9994821166321854,1,0
2967.0,2.292808497978968,0.0,36777.07191502021,0.9993769542125058,1,0
2968.0,3.3043702806212423,0.0,36766.956297193785,0.9991020732933094,1,0
2969.0,2.825940462199924,0.0,36771.740595378,0.9992320813961414,1,0
2970.0,0.5523032430469357,0.0,36794.47696756953,0.999849917596998,1,0
2971.0,1.179037124632032,0.0,36788.20962875368,0.999679609477002,1,0
2972.0,2.012176545069451,0.0,36779.87823454931,0.9994532128953616,1,0
2973.0,1.9708620023366168,0.0,36780.29137997663,0.999464439673278,1,0
2974.0,1.110347116729372,0.0,36788.89652883271,0.9996982752400192,1,0
2975.0,3.2414468920528634,0.0,36767.58553107947,0.9991191720402032,1,0
2976.0,1.681219591766876,0.0,36783.18780408233,0.9995431468500632,1,0
2977.0,0.8232750910055984,0.0,36791.76724908994,0.9997762839426616,1,0
2978.0,0.3571412086021155,0.0,36796.42858791398,0.999902950758532,1,0
2979.0,0.6709533978701074,0.0,36793.290466021295,0.9998176757071005,1,0
2980.0,2.385705982917443,0.0,36776.14294017082,0.9993517103307288,1,0
2981.0,2.382305047202862,0.0,36776.17694952797,0.9993526344980428,1,0
2982.0,1.2813615814411603,0.0,36787.18638418559,0.9996518039180866,1,0
2983.0,0.9338592731269272,0.0,36790.66140726873,0.999746233893172,1,0
2984.0,0.649714630703329,0.0,36793.50285369297,0.999823447111222,1,0
2985.0,1.5934118169084286,0.0,36784.06588183092,0.9995670076584487,1,0
2986.0,1.7624151081663513,0.0,36782.37584891834,0.9995210828510418,1,0
2987.0,0.5942037657350738,0.0,36794.057962342646,0.999838531585398,1,0
2988.0,4.356879591591678,0.0,36756.43120408408,0.9988160653283716,1,0
2989.0,5.328722554854721,0.0,36746.71277445145,0.9985519775666156,1,0
2990.0,2.3301921403890447,0.0,36776.698078596106,0.9993667956140246,1,0
2991.0,1.2238954514045872,0.0,36787.76104548595,0.9996674197142922,1,0
2992.0,3.651283190200047,0.0,36763.487168098,0.999007803480924,1,0
2993.0,3.747811846843433,0.0,36762.52188153157,0.9989815728677056,1,0
2994.0,2.4516066966652943,0.0,36775.48393303335,0.99933380252808,1,0
2995.0,1.359862437083848,0.0,36786.40137562916,0.999630472163836,1,0
2996.0,1.933885337462016,0.0,36780.66114662538,0.9994744876800375,1,0
2997.0,2.0288245238716627,0.0,36779.71175476129,0.9994486889880784,1,0
2998.0,3.59661830244022,0.0,36764.0338169756,0.9990226580699892,1,0
2999.0,2.569955121780822,0.0,36774.30044878219,0.9993016426299508,1,0
3000.0,3.426262676708575,0.0,36765.737373232914,0.99906895035959,1,0
3001.0,2.118425636198481,0.0,36778.81574363801,0.9994243408597286,1,0
3002.0,1.8996202511470983,0.0,36781.00379748853,0.999483798844797,1,0
3003.0,1.83767723283745,0.0,36781.623227671626,0.9995006311867288,1,0
3004.0,3.22785469620203,0.0,36767.72145303798,0.9991228655716842,1,0
3005.0,2.6292286151947337,0.0,36773.70771384805,0.9992855357023928,1,0
3006.0,1.1179961190709946,0.0,36788.82003880929,0.999696196706774,1,0
3007.0,1.8415076650712765,0.0,36781.584923349285,0.9994995903084044,1,0
3008.0,2.390095268694949,0.0,36776.09904731305,0.9993505175900286,1,0
3009.0,1.6715065420007704,0.0,36783.28493457999,0.9995457862657606,1,0
3010.0,1.787328457466174,0.0,36782.12671542534,0.9995143129191668,1,0
3011.0,2.5118670671768086,0.0,36774.88132932823,0.9993174274273976,1,0
3012.0,3.3198687844792403,0.0,36766.80131215521,0.999097861743348,1,0
3013.0,1.14020465277963,0.0,36788.59795347221,0.999690161779136,1,0
3014.0,1.0683543002082845,0.0,36789.31645699792,0.9997096863314652,1,0
3015.0,2.0488027505357422,0.0,36779.51197249464,0.999443260122137,1,0
3016.0,0.8880210608376728,0.0,36791.119789391625,0.9997586899291202,1,0
3017.0,1.2108172444059164,0.0,36787.89182755594,0.9996709735748897,1,0
3018.0,1.4465595794149522,0.0,36785.53440420585,0.9996069131577676,1,0
3019.0,1.1430067444848646,0.0,36788.569932555154,0.9996894003411728,1,0
3020.0,0.2057601668461757,0.0,36797.942398331536,0.9999440869111832,1,0
3021.0,0.789501588969415,0.0,36792.10498411031,0.9997854615247368,1,0
3022.0,2.981360939187198,0.0,36770.18639060813,0.999189847570873,1,0
3023.0,1.2374205970149887,0.0,36787.62579402985,0.9996637444029852,1,0
3024.0,0.7952665636848906,0.0,36792.04733436315,0.9997838949555204,1,0
3025.0,2.492117588225483,0.0,36775.07882411774,0.9993227941336345,1,0
3026.0,2.4714138547305997,0.0,36775.28586145269,0.999328420148171,1,0
3027.0,2.1945573856492047,0.0,36778.05442614351,0.9994036528843344,1,0
3028.0,2.996861278027609,0.0,36770.03138721972,0.999185635522275,1,0
3029.0,1.0691466346070229,0.0,36789.30853365393,0.9997094710232046,1,0
3030.0,0.9259738847376866,0.0,36790.74026115262,0.999748376661756,1,0
3031.0,1.0761541026872692,0.0,36789.23845897313,0.999707566819922,1,0
3032.0,0.9847056421263004,0.0,36790.15294357874,0.9997324169450744,1,0
3033.0,1.0188140949976514,0.0,36789.81185905002,0.9997231483437506,1,0
3034.0,2.0716717627165053,0.0,36779.28328237284,0.9994370457166531,1,0
3035.0,2.372511349994056,0.0,36776.27488650006,0.999355295828806,1,0
3036.0,0.8336202589766799,0.0,36791.66379741024,0.9997734727557128,1,0
3037.0,1.9250098192837868,0.0,36780.74990180716,0.9994768995056292,1,0
3038.0,1.8100319055884029,0.0,36781.89968094412,0.999508143503916,1,0
3039.0,0.6124529821263422,0.0,36793.87547017874,0.9998335725592048,1,0
3040.0,2.350943689190899,0.0,36776.49056310809,0.9993611566061982,1,0
3041.0,3.5888112578168148,0.0,36764.11188742183,0.9990247795495064,1,0
3042.0,2.460515935104013,0.0,36775.39484064896,0.9993313815393738,1,0
3043.0,0.0,0.0,36800.0,1.0,1,0
3044.0,0.0,0.0,36800.0,1.0,1,0
3045.0,0.2790342866051105,0.0,36797.20965713395,0.9999241754655964,1,0
3046.0,1.4421245841549537,0.0,36785.57875415845,0.9996081183195232,1,0
3047.0,1.103521945995908,0.0,36788.96478054004,0.9997001299059792,1,0
3048.0,1.1819433089463018,0.0,36788.18056691054,0.9996788197530038,1,0
3049.0,0.2277711766419088,0.0,36797.72228823358,0.9999381056585211,1,0
3050.0,3.316645505582983,0.0,36766.83354494417,0.9990987376343524,1,0
3051.0,2.5345408225748542,0.0,36774.65459177425,0.999311266080822,1,0
3052.0,0.9318374323283932,0.0,36790.68162567672,0.9997467833064326,1,0
3053.0,0.243231876030677,0.0,36797.56768123969,0.9999339043815134,1,0
3054.0,2.7552563065851245,0.0,36772.44743693415,0.9992512890471236,1,0
3055.0,4.244979095232338,0.0,36757.55020904768,0.9988464730719478,1,0
3056.0,2.2139379449085936,0.0,36777.86062055091,0.999398386428014,1,0
3057.0,3.1541455068900177,0.0,36768.4585449311,0.9991428952426928,1,0
3058.0,1.694638785699226,0.0,36783.053612143005,0.999539500329973,1,0
3059.0,1.9305801967493608,0.0,36780.69419803251,0.9994753858161008,1,0
3060.0,1.4197877716178482,0.0,36785.80212228382,0.9996141881055386,1,0
3061.0,2.7344491910143915,0.0,36772.655508089854,0.9992569431546156,1,0
3062.0,0.7636584628635319,0.0,36792.363415371365,0.9997924841133524,1,0
3063.0,2.214627904788813,0.0,36777.85372095211,0.999398198938916,1,0
3064.0,0.7085166290471534,0.0,36792.914833709525,0.999807468307324,1,0
3065.0,2.543822413691487,0.0,36774.56177586308,0.9993087439093228,1,0
3066.0,1.7371553576595034,0.0,36782.628446423405,0.9995279469136796,1,0
3067.0,2.043296197175096,0.0,36779.567038028246,0.9994447564681588,1,0
3068.0,3.380677871552507,0.0,36766.19322128448,0.9990813375349042,1,0
3069.0,1.397335064645631,0.0,36786.026649353546,0.9996202893846072,1,0
3070.0,0.8703688494515518,0.0,36791.29631150549,0.9997634867256926,1,0
3071.0,0.615681378665613,0.0,36793.843186213344,0.9998326952775364,1,0
3072.0,2.057794788663614,0.0,36779.42205211336,0.9994408166335152,1,0
3073.0,2.2394798695363534,0.0,36777.60520130464,0.999391445687626,1,0
3074.0,0.9514793267135246,0.0,36790.48520673286,0.999741445835132,1,0
3075.0,2.111033154013512,0.0,36778.889668459866,0.9994263496864094,1,0
3076.0,0.6907203003015638,0.0,36793.092796996985,0.9998123042662224,1,0
3077.0,1.3176942079749097,0.0,36786.82305792025,0.999641930921746,1,0
3078.0,3.0736235006070274,0.0,36769.26376499393,0.9991647762226612,1,0
3079.0,2.514328291068523,0.0,36774.85671708932,0.9993167586165574,1,0
3080.0,1.43122829515778,0.0,36785.68771704842,0.9996110792676202,1,0
3081.0,1.5242192538462405,0.0,36784.75780746154,0.9995858099853678,1,0
3082.0,1.5027494772893988,0.0,36784.97250522711,0.99959164416378,1,0
3083.0,3.554268033367862,0.0,36764.45731966632,0.9990341662952804,1,0
3084.0,1.4523145917669351,0.0,36785.47685408233,0.9996053492957154,1,0
3085.0,0.0555369751514263,0.0,36799.44463024849,0.9999849084306656,1,0
3086.0,1.4452556440141962,0.0,36785.54744355986,0.9996072674880396,1,0
3087.0,3.118610727644864,0.0,36768.81389272355,0.9991525514327052,1,0
3088.0,1.1025126575286777,0.0,36788.97487342471,0.9997004041691496,1,0
3089.0,0.3342857663451468,0.0,36796.65714233655,0.9999091614765364,1,0
3090.0,1.6273228992172335,0.0,36783.72677100783,0.9995577926904302,1,0
3091.0,1.799821146069462,0.0,36782.0017885393,0.9995109181668288,1,0
3092.0,2.2165477566541085,0.0,36777.83452243346,0.9993976772400396,1,0
3093.0,1.6765132527721107,0.0,36783.23486747228,0.9995444257465294,1,0
3094.0,0.8319719424944196,0.0,36791.680280575056,0.9997739206678004,1,0
3095.0,1.2035067231076937,0.0,36787.964932768926,0.9996729601295904,1,0
3096.0,1.6534322612174035,0.0,36783.46567738782,0.999550697755104,1,0
3097.0,1.878091079029673,0.0,36781.219089209706,0.9994896491633072,1,0
3098.0,0.939900699934242,0.0,36790.600993000655,0.9997445922011048,1,0
3099.0,4.351908710345015,0.0,36756.48091289655,0.9988174161113192,1,0
3100.0,0.7999144574478123,0.0,36792.00085542552,0.9997826319409108,1,0
3101.0,1.4430908244662533,0.0,36785.56909175534,0.9996078557542212,1,0
3102.0,2.446073288914249,0.0,36775.53926711086,0.9993353061714908,1,0
3103.0,0.1175928478469359,0.0,36798.82407152153,0.9999680454217806,1,0
3104.0,0.0389151715803564,0.0,36799.6108482842,0.999989425225114,1,0
3105.0,3.2666852761585687,0.0,36767.333147238416,0.9991123137836526,1,0
3106.0,4.422714772843847,0.0,36755.77285227156,0.9987981753334664,1,0
3107.0,4.742607874645728,0.0,36752.57392125354,0.9987112478601504,1,0
3108.0,4.602413456658269,0.0,36753.975865433415,0.9987493441693862,1,0
3109.0,2.537509534360652,0.0,36774.62490465639,0.9993104593656628,1,0
3110.0,1.233692894655178,0.0,36787.66307105345,0.9996647573655828,1,0
3111.0,0.1830883014390565,0.0,36798.169116985606,0.999950247744174,1,0
3112.0,0.6478564489116252,0.0,36793.52143551088,0.9998239520519262,1,0
3113.0,2.474655428969072,0.0,36775.25344571031,0.9993275392856062,1,0
3114.0,1.0266416935155576,0.0,36789.733583064844,0.999721021278936,1,0
3115.0,2.24165251175873,0.0,36777.58347488241,0.9993908552957176,1,0
3116.0,0.6206850558960468,0.0,36793.79314944104,0.9998313355826368,1,0
3117.0,3.690391010648909,0.0,36763.09608989351,0.998997176355802,1,0
3118.0,1.3155417655411838,0.0,36786.84458234459,0.9996425158245812,1,0
3119.0,0.5297141693686171,0.0,36794.70285830632,0.9998560559322368,1,0
3120.0,0.4726256475905757,0.0,36795.27374352409,0.9998715691175024,1,0
3121.0,0.9523676429603256,0.0,36790.4763235704,0.9997412044448476,1,0
3122.0,2.545296692268039,0.0,36774.54703307732,0.9993083432901444,1,0
3123.0,2.0333774879413795,0.0,36779.666225120585,0.9994474517695812,1,0
3124.0,3.5753870780617945,0.0,36764.24612921938,0.9990284274244398,1,0
3125.0,3.1075569355080006,0.0,36768.92443064492,0.9991555551805684,1,0
3126.0,4.398377119604447,0.0,36756.01622880396,0.9988047888261944,1,0
3127.0,0.5255468647474117,0.0,36794.74453135253,0.9998571883519708,1,0
3128.0,2.097952129915484,0.0,36779.02047870085,0.999429904312523,1,0
3129.0,2.632766020190502,0.0,36773.6723397981,0.9992845744510352,1,0
3130.0,3.1718865107091005,0.0,36768.28113489291,0.9991380743177422,1,0
3131.0,1.8877364082031816,0.0,36781.12263591797,0.9994870281499448,1,0
3132.0,0.9047935698972652,0.0,36790.95206430103,0.9997541321820932,1,0
3133.0,1.079320534719045,0.0,36789.20679465281,0.9997067063764352,1,0
3134.0,1.3569563663509143,0.0,36786.43043633649,0.99963126185697,1,0
3135.0,2.655911138530428,0.0,36773.4408886147,0.9992782850167038,1,0
3136.0,3.7276056229820815,0.0,36762.72394377018,0.998987063689407,1,0
3137.0,1.8344071873934809,0.0,36781.65592812606,0.9995015197860344,1,0
3138.0,0.5691670335395429,0.0,36794.30832966461,0.999845335045234,1,0
3139.0,0.0650080745290324,0.0,36799.34991925471,0.9999823347623562,1,0
3140.0,3.303534928605586,0.0,36766.96465071394,0.9991023002911396,1,0
3141.0,6.256138500573343,0.0,36737.438614994266,0.9982999623639746,1,0
3142.0,2.906293212040964,0.0,36770.93706787959,0.9992102464097714,1,0
3143.0,2.630372499569148,0.0,36773.69627500431,0.9992852248642476,1,0
3144.0,1.1173227642852908,0.0,36788.82677235715,0.999696379683618,1,0
3145.0,3.534451935477591,0.0,36764.655480645226,0.9990395511044898,1,0
3146.0,3.247257192219422,0.0,36767.5274280778,0.9991175931542882,1,0
3147.0,2.2169735023139765,0.0,36777.83026497686,0.9993975615482842,1,0
3148.0,0.7594810389055056,0.0,36792.40518961095,0.999793619282906,1,0
3149.0,0.6328195936375778,0.0,36793.671804063626,0.9998280381539028,1,0
3150.0,1.3697270020056749,0.0,36786.30272997994,0.999627791575542,1,0
3151.0,0.0,0.0,36800.0,1.0,1,0
3152.0,0.0,0.0,36800.0,1.0,1,0
3153.0,0.0755119803980051,0.0,36799.24488019602,0.9999794804401092,1,0
3154.0,3.280189137490652,0.0,36767.198108625096,0.9991086442561168,1,0
3155.0,3.3907811723843224,0.0,36766.09218827616,0.9990785920727216,1,0
3156.0,1.2555738372452652,0.0,36787.44426162755,0.9996588114572704,1,0
3157.0,3.5692357013813307,0.0,36764.30764298618,0.9990300989941896,1,0
3158.0,1.4487500402797195,0.0,36785.5124995972,0.9996063179238368,1,0
3159.0,0.0,0.0,36800.0,1.0,1,0
3160.0,2.128287260338766,0.0,36778.71712739661,0.99942166107056,1,0
3161.0,1.8048659620985743,0.0,36781.95134037901,0.999509547292908,1,0
3162.0,3.454860107472541,0.0,36765.45139892528,0.9990611793186216,1,0
3163.0,3.626355948483706,0.0,36763.73644051516,0.999014577187912,1,0
3164.0,2.6472631326350893,0.0,36773.52736867365,0.9992806350183056,1,0
3165.0,5.871097901347639,0.0,36741.28902098652,0.9984045929615902,1,0
3166.0,3.912383156470696,0.0,36760.876168435294,0.998936852403133,1,0
3167.0,2.044130817561836,0.0,36779.55869182438,0.9994445296691408,1,0
3168.0,0.5483981978572956,0.0,36794.51601802143,0.9998509787505824,1,0
3169.0,1.1506920341253135,0.0,36788.49307965874,0.9996873119472484,1,0
3170.0,1.038861979873218,0.0,36789.61138020127,0.9997177005489476,1,0
3171.0,1.2959819574143694,0.0,36787.04018042586,0.9996478309898332,1,0
3172.0,1.973139066485146,0.0,36780.26860933515,0.9994638209058464,1,0
3173.0,2.1547313404303168,0.0,36778.452686595694,0.9994144751792308,1,0
3174.0,1.1692769929045426,0.0,36788.30723007096,0.9996822616867108,1,0
3175.0,1.0747814670012303,0.0,36789.252185329984,0.9997079398187496,1,0
3176.0,1.8177137377520007,0.0,36781.82286262248,0.999506056049524,1,0
3177.0,1.7915199871954428,0.0,36782.08480012805,0.9995131739165232,1,0
3178.0,1.3245337193902742,0.0,36786.754662806095,0.9996400723588612,1,0
3179.0,1.6874185640403994,0.0,36783.1258143596,0.9995414623467282,1,0
3180.0,0.6947226674801641,0.0,36793.0527733252,0.9998112166664456,1,0
3181.0,1.6577035805130436,0.0,36783.42296419487,0.9995495370705128,1,0
3182.0,0.3386473181449219,0.0,36796.61352681855,0.9999079762722431,1,0
3183.0,1.9215442772538156,0.0,36780.78455722746,0.9994778412290072,1,0
3184.0,1.9932982671243733,0.0,36780.06701732876,0.9994583428621944,1,0
3185.0,1.7120695001840431,0.0,36782.87930499816,0.9995347637227762,1,0
3186.0,2.2434193492285885,0.0,36777.56580650772,0.99939037517684,1,0
3187.0,0.8580437275204531,0.0,36791.4195627248,0.9997668359436086,1,0
3188.0,3.5972364394597207,0.0,36764.0276356054,0.9990224900979728,1,0
3189.0,1.095478225095576,0.0,36789.04521774904,0.9997023156997022,1,0
3190.0,0.8079110322141787,0.0,36791.92088967786,0.9997804589586374,1,0
3191.0,0.8905439944273894,0.0,36791.09456005573,0.9997580043493404,1,0
3192.0,2.3064959468838424,0.0,36776.93504053116,0.9993732347970424,1,0
3193.0,0.4561851461803599,0.0,36795.4381485382,0.9998760366450596,1,0
3194.0,1.305559683370575,0.0,36786.94440316629,0.9996452283469102,1,0
3195.0,1.8407931784049647,0.0,36781.59206821595,0.99949978446239,1,0
3196.0,3.1403516174668766,0.0,36768.59648382533,0.99914664358221,1,0
3197.0,3.091496907510645,0.0,36769.08503092489,0.9991599193186111,1,0
3198.0,1.0183250762083844,0.0,36789.81674923792,0.9997232812292912,1,0
3199.0,0.6184086466287226,0.0,36793.81591353371,0.9998319541721116,1,0
3200.0,1.7179923982730545,0.0,36782.82007601727,0.9995331542395998,1,0
3201.0,3.1932282631955786,0.0,36768.067717368045,0.9991322749284794,1,0
3202.0,2.787745872421965,0.0,36772.12254127578,0.9992424603607548,1,0
3203.0,0.6086503269525565,0.0,36793.91349673047,0.999834605889415,1,0
3204.0,3.0329453843751253,0.0,36769.67054615625,0.9991758300585938,1,0
3205.0,1.6772724158927304,0.0,36783.22727584107,0.999544219452203,1,0
3206.0,0.6352493506074097,0.0,36793.64750649393,0.9998273778938568,1,0
3207.0,3.1082061489073567,0.0,36768.91793851093,0.9991553787638838,1,0
3208.0,6.280838830946323,0.0,36737.19161169053,0.9982932503176776,1,0
3209.0,3.440437083100278,0.0,36765.595629168994,0.9990650986187228,1,0
3210.0,1.895156725673587,0.0,36781.048432743264,0.9994850117593278,1,0
3211.0,3.308684560914571,0.0,36766.91315439085,0.999100900934534,1,0
3212.0,5.987913267415934,0.0,36740.12086732584,0.9983728496555934,1,0
3213.0,2.31289007842679,0.0,36776.87109921573,0.9993714972612968,1,0
3214.0,2.822816714704913,0.0,36771.77183285295,0.9992329302405694,1,0
3215.0,4.487505764520847,0.0,36755.12494235479,0.998780569085728,1,0
3216.0,1.7743500005153692,0.0,36782.256499994844,0.999517839673773,1,0
3217.0,1.0372971033175418,0.0,36789.627028966825,0.999718125787142,1,0
3218.0,1.126765368128417,0.0,36788.73234631871,0.9996938137586608,1,0
3219.0,2.724166043191872,0.0,36772.758339568085,0.9992597374882632,1,0
3220.0,3.2526950035912705,0.0,36767.47304996409,0.9991161154881544,1,0
3221.0,2.5139987033817306,0.0,36774.86001296618,0.9993168481784288,1,0
3222.0,2.1020152782243717,0.0,36778.97984721776,0.9994288001961348,1,0
3223.0,3.277910422421428,0.0,36767.22089577578,0.999109263472168,1,0
3224.0,2.3651682991940106,0.0,36776.34831700806,0.9993572912230452,1,0
3225.0,1.7505562830601775,0.0,36782.4944371694,0.9995243053578642,1,0
3226.0,2.259468460145854,0.0,36777.405315398544,0.9993860140053952,1,0
3227.0,0.6200685813669224,0.0,36793.79931418633,0.9998315031028896,1,0
3228.0,1.2767759206772098,0.0,36787.23224079323,0.9996530500215552,1,0
3229.0,3.403343559606583,0.0,36765.966564403934,0.9990751783805416,1,0
3230.0,1.2882052114455291,0.0,36787.11794788555,0.9996499442360204,1,0
3231.0,1.9987563880536072,0.0,36780.01243611946,0.9994568596771592,1,0
3232.0,1.3240697034948423,0.0,36786.75930296505,0.9996401984501372,1,0
3233.0,0.7214810589503031,0.0,36792.7851894105,0.9998039453644156,1,0
3234.0,2.385236148571039,0.0,36776.14763851429,0.9993518380031056,1,0
3235.0,1.1658906571783518,0.0,36788.341093428215,0.9996831818866364,1,0
3236.0,1.466666281012749,0.0,36785.33333718987,0.9996014493801596,1,0
3237.0,1.9643544877581007,0.0,36780.35645512242,0.9994662080196308,1,0
3238.0,4.434734684167324,0.0,36755.65265315833,0.9987949090532154,1,0
3239.0,0.6190437435634522,0.0,36793.80956256436,0.9998317815914228,1,0
3240.0,1.6983295041477504,0.0,36783.01670495852,0.9995384974173512,1,0
3241.0,1.7516201447551794,0.0,36782.48379855245,0.9995240162650122,1,0
3242.0,2.3856601892712206,0.0,36776.14339810729,0.9993517227746548,1,0
3243.0,1.159729581200736,0.0,36788.40270418799,0.9996848560920648,1,0
3244.0,0.3656743277069836,0.0,36796.34325672293,0.9999006319761666,1,0
3245.0,2.2314626275333467,0.0,36777.68537372466,0.9993936242859964,1,0
3246.0,2.2905796204372564,0.0,36777.09420379563,0.9993775598857508,1,0
3247.0,2.6764920747514225,0.0,36773.23507925249,0.9992726923709916,1,0
3248.0,3.5817180480671595,0.0,36764.18281951933,0.9990267070521556,1,0
3249.0,4.9912506086507165,0.0,36750.087493913496,0.9986436818998232,1,0
3250.0,3.313585839064672,0.0,36766.86414160935,0.9990995690654716,1,0
3251.0,4.219223423408039,0.0,36757.80776576592,0.998853471895813,1,0
3252.0,1.0753949165014092,0.0,36789.24605083498,0.9997077731205158,1,0
3253.0,3.4541653234114165,0.0,36765.45834676589,0.9990613681186384,1,0
3254.0,2.387094005048766,0.0,36776.12905994951,0.999351333150802,1,0
3255.0,2.39843390827582,0.0,36776.01566091724,0.9993482516553598,1,0
3256.0,2.2023571293120767,0.0,36777.97642870688,0.999401533388774,1,0
3257.0,1.8670746884113212,0.0,36781.32925311589,0.9994926427477144,1,0
3258.0,0.8126473910792811,0.0,36791.873526089206,0.999779171904598,1,0
3259.0,0.7991815244031386,0.0,36792.00818475597,0.9997828311074992,1,0
3260.0,2.315582788864049,0.0,36776.84417211136,0.9993707655465044,1,0
3261.0,1.5109698360060977,0.0,36784.89030163994,0.9995894103706506,1,0
3262.0,1.7014624098869715,0.0,36782.98537590113,0.99953764608427,1,0
3263.0,1.2379742169787278,0.0,36787.62025783021,0.9996635939627776,1,0
3264.0,2.088139109673648,0.0,36779.11860890326,0.9994325708941104,1,0
3265.0,2.2296701756267794,0.0,36777.70329824373,0.9993941113653187,1,0
3266.0,0.7319019977712742,0.0,36792.68098002228,0.999801113587562,1,0
3267.0,1.2581056250014626,0.0,36787.41894374999,0.9996581234714672,1,0
3268.0,0.3672898783315759,0.0,36796.32710121668,0.9999001929678446,1,0
3269.0,2.9785532796108782,0.0,36770.21446720389,0.9991906105218448,1,0
3270.0,1.9964009358845944,0.0,36780.035990641154,0.9994574997456837,1,0
3271.0,0.7134730522275277,0.0,36792.86526947773,0.9998061214531992,1,0
3272.0,0.2878895093404026,0.0,36797.1211049066,0.9999217691550706,1,0
3273.0,0.0,0.0,36800.0,1.0,1,0
3274.0,0.6584397221881773,0.0,36793.41560277812,0.999821076162449,1,0
3275.0,2.3457463166332677,0.0,36776.54253683367,0.9993625689356974,1,0
3276.0,0.6274015154863264,0.0,36793.725984845136,0.9998295104577484,1,0
3277.0,3.117107612637028,0.0,36768.82892387363,0.9991529598878705,1,0
3278.0,0.4992983305623966,0.0,36795.00701669438,0.9998643211058256,1,0
3279.0,1.6380646334660014,0.0,36783.61935366534,0.999554873740906,1,0
3280.0,1.0546968969501904,0.0,36789.4530310305,0.9997133975823504,1,0
3281.0,3.0782725045883126,0.0,36769.21727495412,0.999163512906362,1,0
3282.0,0.6997038831868849,0.0,36793.00296116813,0.9998098630752208,1,0
3283.0,2.3033624605736804,0.0,36776.966375394266,0.9993740862878876,1,0
3284.0,0.0,0.0,36800.0,1.0,1,0
3285.0,1.9597162470431613,0.0,36780.40283752957,0.9994674684111295,1,0
3286.0,2.810699159089836,0.0,36771.893008409104,0.9992362230545953,1,0
3287.0,3.318897196702892,0.0,36766.81102803297,0.9990981257617656,1,0
3288.0,1.1481937110152105,0.0,36788.518062889845,0.999687990839398,1,0
3289.0,1.5164418368822226,0.0,36784.83558163118,0.9995879234138908,1,0
3290.0,2.5299475391948363,0.0,36774.70052460805,0.9993125142556536,1,0
3291.0,3.2095510372560057,0.0,36767.90448962744,0.99912783939205,1,0
3292.0,3.9677228591476714,0.0,36760.32277140852,0.998921814440449,1,0
3293.0,5.957848512929559,0.0,36740.4215148707,0.9983810194258342,1,0
3294.0,3.086257253171425,0.0,36769.13742746829,0.9991613431377252,1,0
3295.0,1.6248105325839788,0.0,36783.75189467416,0.9995584753987544,1,0
3296.0,1.91244195203808,0.0,36780.87558047962,0.999480314686946,1,0
3297.0,1.0072679602890275,0.0,36789.92732039711,0.9997262858803564,1,0
3298.0,2.801895168345709,0.0,36771.98104831654,0.9992386154433844,1,0
3299.0,3.0036851957875115,0.0,36769.96314804212,0.9991837811967968,1,0
3300.0,3.490556206974361,0.0,36765.09443793025,0.999051479291583,1,0
3301.0,2.6912887455387136,0.0,36773.08711254461,0.9992686715365384,1,0
3302.0,1.0304970426104774,0.0,36789.69502957389,0.9997199736297252,1,0
3303.0,0.5843558337915056,0.0,36794.15644166208,0.999841207653861,1,0
3304.0,0.7391570544709793,0.0,36792.60842945529,0.9997991421047634,1,0
3305.0,1.6995834970052783,0.0,36783.004165029946,0.9995381566584224,1,0
3306.0,2.2226650888142103,0.0,36777.773349111856,0.999396014921518,1,0
3307.0,1.081767478623533,0.0,36789.18232521376,0.9997060414460262,1,0
3308.0,0.6829799503348113,0.0,36793.17020049665,0.9998144076221916,1,0
3309.0,0.0,0.0,36800.0,1.0,1,0
3310.0,1.1896433268857436,0.0,36788.10356673114,0.9996767273568246,1,0
3311.0,0.9572772579990668,0.0,36790.42722742001,0.9997398703103264,1,0
3312.0,2.692600750080601,0.0,36773.0739924992,0.9992683150135652,1,0
3313.0,4.796308886905081,0.0,36752.03691113095,0.9986966551937758,1,0
3314.0,0.3817269262053742,0.0,36796.18273073794,0.9998962698570092,1,0
3315.0,0.604489316534,0.0,36793.95510683466,0.999835736598768,1,0
3316.0,0.8508702097828973,0.0,36791.49129790217,0.9997687852690806,1,0
3317.0,1.3867937066629563,0.0,36786.13206293337,0.999623153884059,1,0
3318.0,1.1639445920177425,0.0,36788.36055407982,0.9996837107086908,1,0
3319.0,0.0168093219940601,0.0,36799.83190678006,0.9999954322494582,1,0
3320.0,1.3841435877834556,0.0,36786.15856412217,0.9996238740250588,1,0
3321.0,0.792719846698219,0.0,36792.07280153302,0.9997845869981798,1,0
3322.0,0.8115746883968313,0.0,36791.88425311603,0.9997794633998922,1,0
3323.0,2.250664929156301,0.0,36777.49335070844,0.999388406269251,1,0
3324.0,1.9171787475788733,0.0,36780.82821252421,0.9994790275142448,1,0
3325.0,2.5107918151365998,0.0,36774.89208184864,0.999317719615452,1,0
3326.0,3.4310791506918576,0.0,36765.68920849308,0.999067641535138,1,0
3327.0,2.4204960263264184,0.0,36775.79503973674,0.9993422565145852,1,0
3328.0,1.4910448864980026,0.0,36785.08955113502,0.9995948247591038,1,0
3329.0,0.4615183548608002,0.0,36795.38481645139,0.9998745874035704,1,0
3330.0,2.889152587530589,0.0,36771.108474124696,0.999214904188171,1,0
3331.0,0.7684424635413052,0.0,36792.31557536458,0.999791184113168,1,0
3332.0,0.8888960238878099,0.0,36791.11103976112,0.9997584521674218,1,0
3333.0,1.357248915740456,0.0,36786.42751084259,0.999631182359853,1,0
3334.0,0.8612931672723789,0.0,36791.38706832728,0.999765952943676,1,0
3335.0,1.9142474533414315,0.0,36780.857525466585,0.999479824061592,1,0
3336.0,2.306019374743755,0.0,36776.939806252565,0.9993733643003414,1,0
3337.0,1.8812335070474544,0.0,36781.18766492952,0.99948879524265,1,0
3338.0,1.923562990853952,0.0,36780.76437009146,0.9994772926655288,1,0
3339.0,1.1463126174071476,0.0,36788.53687382593,0.9996885020061392,1,0
3340.0,0.6286383696733537,0.0,36793.71361630327,0.9998291743560672,1,0
3341.0,2.6358483025328496,0.0,36773.64151697467,0.9992837368743116,1,0
3342.0,2.371257032240919,0.0,36776.28742967759,0.9993556366760216,1,0
3343.0,0.5093311696227829,0.0,36794.906688303774,0.9998615947908636,1,0
3344.0,1.4733513739129194,0.0,36785.26648626087,0.999599632778828,1,0
3345.0,2.097786949082092,0.0,36779.022130509176,0.9994299491986188,1,0
3346.0,2.903884483387173,0.0,36770.96115516613,0.9992109009556014,1,0
3347.0,1.2735143318086557,0.0,36787.26485668191,0.999653936322878,1,0
3348.0,1.75761850625031,0.0,36782.42381493749,0.9995223862754754,1,0
3349.0,1.1455701968943686,0.0,36788.544298031054,0.9996887037508438,1,0
3350.0,2.3916928038061087,0.0,36776.08307196194,0.9993500834772266,1,0
3351.0,1.8996235147810692,0.0,36781.00376485219,0.99948379795794,1,0
3352.0,1.0819475617176977,0.0,36789.18052438282,0.9997059925104028,1,0
3353.0,1.4930765720546333,0.0,36785.06923427945,0.9995942726706372,1,0
3354.0,0.9666293000523184,0.0,36790.333706999474,0.9997373289945508,1,0
3355.0,1.406153138771515,0.0,36785.93846861229,0.999617893168812,1,0
3356.0,2.1872215205494285,0.0,36778.1277847945,0.9994056463259376,1,0
3357.0,1.655828704315354,0.0,36783.44171295685,0.9995500465477404,1,0
3358.0,3.0350384268494963,0.0,36769.64961573151,0.9991752612970518,1,0
3359.0,3.383597948073657,0.0,36766.16402051927,0.9990805440358496,1,0
3360.0,2.7021041029956905,0.0,36772.978958970045,0.9992657325807076,1,0
3361.0,2.970559021918234,0.0,36770.29440978082,0.9991927828744788,1,0
3362.0,0.731295919297736,0.0,36792.687040807024,0.9998012782827996,1,0
3363.0,1.0983279367278556,0.0,36789.01672063272,0.9997015413215414,1,0
3364.0,1.7256082760718527,0.0,36782.74391723928,0.9995310847075892,1,0
3365.0,0.6732671869340265,0.0,36793.26732813066,0.9998170469600725,1,0
3366.0,1.5897017340003003,0.0,36784.10298266,0.999568015833152,1,0
3367.0,2.5201480424207148,0.0,36774.798519575794,0.9993151771623856,1,0
3368.0,2.712842763203753,0.0,36772.87157236796,0.9992628144665208,1,0
3369.0,2.0497357163826564,0.0,36779.502642836174,0.9994430065988092,1,0
3370.0,4.428750492469135,0.0,36755.712495075306,0.9987965351922636,1,0
3371.0,4.64874563518606,0.0,36753.51254364814,0.998736753903482,1,0
3372.0,1.5727935302352307,0.0,36784.272064697645,0.9995726104537404,1,0
3373.0,1.1795092017514437,0.0,36788.20490798249,0.9996794811951762,1,0
3374.0,2.503777628778153,0.0,36774.96222371222,0.9993196256443536,1,0
3375.0,0.6092622091719022,0.0,36793.90737790828,0.9998344396170727,1,0
3376.0,1.592254035163478,0.0,36784.07745964837,0.9995673222730534,1,0
3377.0,2.542646287520256,0.0,36774.5735371248,0.999309063508826,1,0
3378.0,1.6484558209440363,0.0,36783.51544179056,0.9995520500486564,1,0
3379.0,1.7112778390728636,0.0,36782.88722160927,0.999534978848078,1,0
3380.0,3.576622140426025,0.0,36764.23377859574,0.9990280918096668,1,0
3381.0,2.931181408594512,0.0,36770.688185914056,0.999203483312882,1,0
3382.0,1.4960285721667788,0.0,36785.03971427833,0.9995934704966938,1,0
3383.0,1.009472418723817,0.0,36789.905275812765,0.9997256868427382,1,0
3384.0,1.275120836685346,0.0,36787.248791633145,0.9996534997726398,1,0
3385.0,1.6439713372092228,0.0,36783.56028662791,0.999553268658367,1,0
3386.0,1.402306479262279,0.0,36785.97693520738,0.9996189384567222,1,0
3387.0,6.468731278289852,0.0,36735.3126872171,0.9982421925874212,1,0
3388.0,2.4567029298777925,0.0,36775.43297070122,0.9993324176820984,1,0
3389.0,2.3497543341209166,0.0,36776.50245665879,0.9993614798005106,1,0
3390.0,2.6396248872993056,0.0,36773.60375112701,0.9992827106284512,1,0
3391.0,2.0428576414328745,0.0,36779.57142358567,0.999444875640915,1,0
3392.0,2.477714502294475,0.0,36775.22285497705,0.9993267080156808,1,0
3393.0,3.210870081704797,0.0,36767.89129918295,0.9991274809560584,1,0
3394.0,2.3006559570649188,0.0,36776.99344042935,0.9993748217507976,1,0
3395.0,3.3157718029146963,0.0,36766.84228197085,0.9990989750535556,1,0
3396.0,3.47667833793912,0.0,36765.23321662061,0.999055250451647,1,0
3397.0,2.252715762037951,0.0,36777.47284237962,0.999387848977707,1,0
3398.0,1.247787203964435,0.0,36787.52212796036,0.999660927390227,1,0
3399.0,0.7200620885118951,0.0,36792.79937911488,0.9998043309542088,1,0
3400.0,0.7146118485843544,0.0,36792.85388151416,0.9998058119976674,1,0
3401.0,2.102605869195486,0.0,36778.973941308046,0.9994286397094576,1,0
3402.0,2.9189401696767163,0.0,36770.81059830323,0.9992068097365008,1,0
3403.0,2.0918812801560307,0.0,36779.08118719844,0.9994315539999576,1,0
3404.0,1.9322069660465784,0.0,36780.67793033953,0.9994749437592264,1,0
3405.0,2.685936229465824,0.0,36773.14063770534,0.9992701260246016,1,0
3406.0,1.669149962807296,0.0,36783.30850037192,0.9995464266405414,1,0
3407.0,1.342058038943378,0.0,36786.57941961056,0.9996353103155045,1,0
3408.0,2.4820761104251687,0.0,36775.17923889575,0.99932552279608,1,0
3409.0,2.0882333346135056,0.0,36779.11766665387,0.9994325452895072,1,0
3410.0,0.9363136267115806,0.0,36790.636863732885,0.9997455669492632,1,0
3411.0,2.180937425328466,0.0,36778.19062574671,0.9994073539605084,1,0
3412.0,3.0915361090874285,0.0,36769.08463890912,0.9991599086660088,1,0
3413.0,1.9425104470151384,0.0,36780.57489552985,0.9994721439002676,1,0
3414.0,2.635167761061893,0.0,36773.64832238938,0.9992839218040592,1,0
3415.0,3.1771687832547286,0.0,36768.228312167455,0.999136638917594,1,0
3416.0,3.327173411502826,0.0,36766.72826588497,0.9990958767903524,1,0
3417.0,0.7343030325923792,0.0,36792.65696967408,0.9998004611324476,1,0
3418.0,0.9760700171350436,0.0,36790.23929982865,0.9997347635823004,1,0
3419.0,2.3268760727532936,0.0,36776.73123927247,0.9993676967193608,1,0
3420.0,5.1100154400287465,0.0,36748.89984559971,0.9986114088478184,1,0
3421.0,2.9955671596303546,0.0,36770.044328403696,0.999185987184883,1,0
3422.0,4.343337880020499,0.0,36756.5666211998,0.9988197451412988,1,0
3423.0,1.608784987292438,0.0,36783.91215012708,0.9995628301664968,1,0
3424.0,2.32826495157542,0.0,36776.71735048424,0.999367319306637,1,0
3425.0,1.0674274650946245,0.0,36789.32572534905,0.9997099381888328,1,0
3426.0,0.2746698412497608,0.0,36797.2533015875,0.9999253614561822,1,0
3427.0,0.0815070363842096,0.0,36799.18492963616,0.9999778513488088,1,0
3428.0,2.085863564041574,0.0,36779.14136435959,0.999433189248902,1,0
3429.0,2.934432824220039,0.0,36770.6556717578,0.9992025997760272,1,0
3430.0,2.144576172464894,0.0,36778.55423827535,0.9994172347357432,1,0
3431.0,1.7651590139448672,0.0,36782.34840986056,0.9995203372244716,1,0
3432.0,2.969677999359192,0.0,36770.3032200064,0.9991930222827828,1,0
3433.0,1.374424429796818,0.0,36786.255755702034,0.9996265151005987,1,0
3434.0,5.203338924735817,0.0,36747.96661075264,0.9985860492052347,1,0
3435.0,1.4691732422102175,0.0,36785.3082675779,0.999600768140704,1,0
3436.0,0.5283366523467521,0.0,36794.716633476535,0.9998564302575146,1,0
3437.0,2.6441888010213006,0.0,36773.55811198978,0.999281470434505,1,0
3438.0,1.8113281524911145,0.0,36781.886718475085,0.99950779126291,1,0
3439.0,3.152562133380343,0.0,36768.4743786662,0.9991433255072336,1,0
3440.0,1.5489865272384122,0.0,36784.510134727614,0.999579079748033,1,0
3441.0,1.7038222018654778,0.0,36782.96177798134,0.9995370048364496,1,0
3442.0,1.2934848113541193,0.0,36787.06515188646,0.999648509562132,1,0
3443.0,0.8040109401649715,0.0,36791.95989059835,0.9997815187662596,1,0
3444.0,3.2277405963359342,0.0,36767.72259403664,0.9991228965770826,1,0
3445.0,1.3086185256984209,0.0,36786.91381474301,0.9996443971397558,1,0
3446.0,0.0,0.0,36800.0,1.0,1,0
3447.0,0.1000877890342053,0.0,36798.99912210966,0.9999728022312406,1,0
3448.0,1.350077163261176,0.0,36786.499228367386,0.9996331312056356,1,0
3449.0,2.448091813363135,0.0,36775.51908186637,0.9993347576594122,1,0
3450.0,0.4478965832122412,0.0,36795.52103416788,0.9998782889719532,1,0
3451.0,2.1719014577702183,0.0,36778.2809854223,0.9994098093864756,1,0
3452.0,0.4926637432372445,0.0,36795.07336256763,0.999866123982816,1,0
3453.0,0.0,0.0,36800.0,1.0,1,0
3454.0,0.0,0.0,36800.0,1.0,1,0
3455.0,0.9074421218751922,0.0,36790.92557878125,0.9997534124668818,1,0
3456.0,2.552463226095369,0.0,36774.47536773905,0.9993063958624742,1,0
3457.0,4.205247394842445,0.0,36757.947526051576,0.9988572697296624,1,0
3458.0,4.728877265130905,0.0,36752.71122734869,0.9987149790040406,1,0
3459.0,1.1084977396958493,0.0,36788.91502260304,0.999698777788126,1,0
3460.0,0.5162239954556753,0.0,36794.83776004544,0.9998597217403652,1,0
3461.0,1.4473543160820554,0.0,36785.52645683918,0.9996066971967168,1,0
3462.0,3.9789979941133424,0.0,36760.21002005887,0.998918750545078,1,0
3463.0,0.5813232391183192,0.0,36794.186767608815,0.9998420317285004,1,0
3464.0,1.463930867975705,0.0,36785.360691320246,0.9996021926989196,1,0
3465.0,2.9638417410310467,0.0,36770.36158258969,0.999194608222546,1,0
3466.0,0.5953920049300905,0.0,36794.0460799507,0.9998382086943124,1,0
3467.0,0.9852657085689316,0.0,36790.14734291431,0.9997322647531062,1,0
3468.0,0.0,0.0,36800.0,1.0,1,0
3469.0,1.4612563720470462,0.0,36785.38743627953,0.9996029194641176,1,0
3470.0,2.392776055679405,0.0,36776.07223944321,0.9993497891153046,1,0
3471.0,3.4952068991005945,0.0,36765.047931008994,0.9990502155165488,1,0
3472.0,4.96999591851818,0.0,36750.30004081482,0.9986494576308376,1,0
3473.0,3.6023116645715163,0.0,36763.97688335429,0.9990211109607142,1,0
3474.0,1.1034503800719904,0.0,36788.96549619928,0.9997001493532413,1,0
3475.0,2.40112083149279,0.0,36775.98879168507,0.9993475215131812,1,0
3476.0,2.507482921450446,0.0,36774.92517078549,0.9993186187713448,1,0
3477.0,0.1124494333189431,0.0,36798.87550566681,0.999969443088772,1,0
3478.0,2.570394139763266,0.0,36774.29605860237,0.9993015233315862,1,0
3479.0,2.118411059988375,0.0,36778.81588940012,0.9994243448206552,1,0
3480.0,0.6223900180934834,0.0,36793.77609981906,0.999830872277692,1,0
3481.0,2.6323877759505194,0.0,36773.6761222405,0.999284677234796,1,0
3482.0,0.6612181361042531,0.0,36793.38781863896,0.9998203211586671,1,0
3483.0,1.5415298277962393,0.0,36784.58470172204,0.9995811060250552,1,0
3484.0,3.965860779178456,0.0,36760.34139220822,0.9989223204404408,1,0
3485.0,2.7529647439919245,0.0,36772.47035256008,0.99925191175435,1,0
3486.0,0.1440567946933697,0.0,36798.559432053065,0.9999608541318769,1,0
3487.0,2.915635376519276,0.0,36770.8436462348,0.9992077077781196,1,0
3488.0,2.1134464902729637,0.0,36778.86553509727,0.9994256938885128,1,0
3489.0,3.2466954481269568,0.0,36767.53304551873,0.9991177458021394,1,0
3490.0,1.7452831737514316,0.0,36782.547168262485,0.9995257382680024,1,0
3491.0,0.9926887544233978,0.0,36790.07311245576,0.9997302476210804,1,0
3492.0,1.0658145571760542,0.0,36789.34185442824,0.9997103764790284,1,0
3493.0,1.76981700110764,0.0,36782.30182998892,0.9995190714670904,1,0
3494.0,1.656410051945386,0.0,36783.435899480544,0.9995498885728408,1,0
3495.0,0.5137119893634008,0.0,36794.86288010637,0.9998604043507164,1,0
3496.0,0.0258937324224461,0.0,36799.74106267578,0.9999929636596678,1,0
3497.0,0.97510711870882,0.0,36790.24892881292,0.9997350252394812,1,0
3498.0,0.4882175505426858,0.0,36795.11782449458,0.9998673321873526,1,0
3499.0,2.998178949647354,0.0,36770.01821050353,0.9991852774593348,1,0
3500.0,2.2133740664403376,0.0,36777.8662593356,0.9993985396558588,1,0
3501.0,0.3094635187071617,0.0,36796.90536481293,0.9999159066525252,1,0
3502.0,0.0289509289113993,0.0,36799.71049071089,0.9999921328997524,1,0
3503.0,1.2661585238624866,0.0,36787.338414761376,0.9996559351837332,1,0
3504.0,3.35962499190282,0.0,36766.40375008097,0.9990870584261132,1,0
3505.0,2.406611195870937,0.0,36775.93388804129,0.9993460295663394,1,0
3506.0,2.833017802723589,0.0,36771.66982197276,0.9992301582057816,1,0
3507.0,1.5471328526123216,0.0,36784.52867147388,0.999579583463964,1,0
3508.0,0.5756349873558975,0.0,36794.24365012644,0.999843577449088,1,0
3509.0,0.0,0.0,36800.0,1.0,1,0
3510.0,3.831374613735079,0.0,36761.68625386265,0.9989588655940936,1,0
3511.0,1.300716320299216,0.0,36786.992836797006,0.9996465444781796,1,0
3512.0,1.271675514951767,0.0,36787.283244850485,0.9996544360013718,1,0
3513.0,0.7837612372077274,0.0,36792.16238762792,0.9997870214029326,1,0
3514.0,0.8252230467414847,0.0,36791.74776953259,0.9997757546068636,1,0
3515.0,0.9270401394796864,0.0,36790.729598605205,0.9997480869186196,1,0
3516.0,1.4152441097894553,0.0,36785.8475589021,0.9996154227962528,1,0
3517.0,3.6650417678442864,0.0,36763.34958232156,0.9990040647369988,1,0
3518.0,1.0032402200986326,0.0,36789.96759779901,0.9997273803749732,1,0
3519.0,0.0,0.0,36800.0,1.0,1,0
3520.0,0.7633488466526615,0.0,36792.36651153347,0.9997925682481922,1,0
3521.0,0.2377542013459788,0.0,36797.62245798654,0.9999353928800688,1,0
3522.0,1.3166360527507095,0.0,36786.83363947249,0.9996422184639264,1,0
3523.0,1.3861105826845233,0.0,36786.13889417316,0.9996233395155748,1,0
3524.0,1.3567623172270942,0.0,36786.43237682773,0.9996313145877102,1,0
3525.0,1.5821502323819914,0.0,36784.17849767618,0.9995700678716352,1,0
3526.0,1.3311775075189871,0.0,36786.68822492481,0.9996382669816524,1,0
3527.0,1.7948767543430222,0.0,36782.05123245657,0.9995122617515372,1,0
3528.0,1.6865491897274296,0.0,36783.134508102725,0.999541698589748,1,0
3529.0,1.561409367901888,0.0,36784.38590632098,0.9995757039761136,1,0
3530.0,2.11426880525687,0.0,36778.85731194743,0.999425470433354,1,0
3531.0,4.276697080549639,0.0,36757.2330291945,0.9988378540541984,1,0
3532.0,2.5516488809989823,0.0,36774.48351119001,0.9993066171519024,1,0
3533.0,1.0699806093170992,0.0,36789.30019390683,0.999709244399642,1,0
3534.0,1.5812107437554914,0.0,36784.18789256245,0.999570323167458,1,0
3535.0,0.9987589117104108,0.0,36790.0124108829,0.9997285981218178,1,0
3536.0,2.3824991757355747,0.0,36776.17500824264,0.999352581745724,1,0
3537.0,3.659836756059576,0.0,36763.4016324394,0.9990054791423753,1,0
3538.0,2.212501687583881,0.0,36777.87498312416,0.9993987767153304,1,0
3539.0,2.4445286932909767,0.0,36775.55471306709,0.9993357258985622,1,0
3540.0,1.741320927409561,0.0,36782.5867907259,0.9995268149653778,1,0
3541.0,1.6789081121946765,0.0,36783.21091887805,0.9995437749695124,1,0
3542.0,1.2265116335311177,0.0,36787.734883664685,0.999666708795236,1,0
3543.0,1.6477703564187325,0.0,36783.52229643581,0.9995522363161904,1,0
3544.0,2.3957448574424234,0.0,36776.04255142558,0.999348982375695,1,0
3545.0,2.308304519912326,0.0,36776.91695480088,0.9993727433369805,1,0
3546.0,2.718643138099651,0.0,36772.81356861901,0.9992612382776904,1,0
3547.0,1.0420941289576149,0.0,36789.57905871043,0.999716822247566,1,0
3548.0,0.3681993028762917,0.0,36796.31800697124,0.9998999458416098,1,0
3549.0,1.8307951238239184,0.0,36781.69204876176,0.9995025013250478,1,0
3550.0,2.0401259797295097,0.0,36779.5987402027,0.9994456179402909,1,0
3551.0,3.4680584529214684,0.0,36765.31941547079,0.9990575928117064,1,0
3552.0,1.6059406265821965,0.0,36783.94059373418,0.9995636030906028,1,0
3553.0,2.902602281918462,0.0,36770.973977180816,0.9992112493799136,1,0
3554.0,2.058293960724768,0.0,36779.41706039275,0.9994406809889332,1,0
3555.0,2.597987817056037,0.0,36774.02012182944,0.999294025049713,1,0
3556.0,2.1543617780034765,0.0,36778.45638221996,0.9994145756038032,1,0
3557.0,0.6322415630675096,0.0,36793.677584369325,0.9998281952274272,1,0
3558.0,2.7310160935080603,0.0,36772.68983906492,0.9992578760615468,1,0
3559.0,3.558918920599808,0.0,36764.410810794005,0.9990329024672284,1,0
3560.0,2.323574191213538,0.0,36776.76425808787,0.999368593969779,1,0
3561.0,1.671180175536847,0.0,36783.28819824464,0.9995458749523,1,0
3562.0,1.114616517479135,0.0,36788.85383482521,0.999697115076772,1,0
3563.0,4.119368976329952,0.0,36758.8063102367,0.9988806062564322,1,0
3564.0,1.2649698544041712,0.0,36787.35030145596,0.999656258191738,1,0
3565.0,3.0235444518466466,0.0,36769.76455548153,0.9991783846598242,1,0
3566.0,3.2148745567678816,0.0,36767.85125443232,0.999126392783487,1,0
3567.0,0.7640299379477256,0.0,36792.35970062053,0.999792383169036,1,0
3568.0,0.6172172740903079,0.0,36793.8278272591,0.9998322779146492,1,0
3569.0,0.914049963506386,0.0,36790.85950036494,0.9997516168577428,1,0
3570.0,1.798201957280071,0.0,36782.0179804272,0.9995113581637826,1,0
3571.0,3.3501270949068385,0.0,36766.49872905093,0.999089639376384,1,0
3572.0,1.9489125795512336,0.0,36780.51087420449,0.9994704041903394,1,0
3573.0,0.9534413195069646,0.0,36790.46558680493,0.9997409126849166,1,0
3574.0,5.696090225441367,0.0,36743.03909774558,0.9984521493952604,1,0
3575.0,1.6284202870979243,0.0,36783.71579712902,0.9995574944872015,1,0
3576.0,2.0350442727535665,0.0,36779.64955727247,0.9994469988389256,1,0
3577.0,2.887191756676202,0.0,36771.12808243324,0.9992154370226424,1,0
3578.0,2.849028126570829,0.0,36771.50971873429,0.9992258075743014,1,0
3579.0,3.1397412790220187,0.0,36768.60258720978,0.9991468094350484,1,0
3580.0,5.2878544650889125,0.0,36747.12145534911,0.998563083025791,1,0
3581.0,2.4019197158204406,0.0,36775.9808028418,0.9993473044250488,1,0
3582.0,1.6877822359974743,0.0,36783.12217764003,0.9995413635228269,1,0
3583.0,1.3223639534712677,0.0,36786.77636046529,0.9996406619691652,1,0
3584.0,1.919409202094812,0.0,36780.805907979055,0.9994784214124744,1,0
3585.0,2.181265309961873,0.0,36778.187346900384,0.9994072648614236,1,0
3586.0,2.9193184567511707,0.0,36770.80681543249,0.9992067069411,1,0
3587.0,1.392462675093611,0.0,36786.07537324906,0.9996216134035072,1,0
3588.0,1.355627824129897,0.0,36786.443721758704,0.999631622873878,1,0
3589.0,0.6807406716711739,0.0,36793.19259328329,0.9998150161218284,1,0
3590.0,4.745065210733173,0.0,36752.549347892666,0.998710580105779,1,0
3591.0,2.9887397881084325,0.0,36770.11260211891,0.9991878424488836,1,0
3592.0,0.0,0.0,36800.0,1.0,1,0
3593.0,0.0,0.0,36800.0,1.0,1,0
3594.0,1.040420269042443,0.0,36789.59579730958,0.9997172771008038,1,0
3595.0,2.153958610994323,0.0,36778.46041389005,0.9994146851600558,1,0
3596.0,1.6036898266188473,0.0,36783.96310173381,0.9995642147210274,1,0
3597.0,4.05102831148497,0.0,36759.48971688515,0.9988991770892705,1,0
3598.0,2.135833919045126,0.0,36778.641660809546,0.9994196103480856,1,0
3599.0,2.384341601804863,0.0,36776.15658398195,0.999352081086466,1,0
3600.0,1.6445074462380944,0.0,36783.55492553762,0.9995531229765656,1,0
3601.0,1.143566122961147,0.0,36788.56433877039,0.999689248336152,1,0
3602.0,3.627454883747305,0.0,36763.72545116253,0.9990142785641992,1,0
3603.0,0.4323192925512558,0.0,36795.67680707449,0.999882521931372,1,0
3604.0,1.7796361277332835,0.0,36782.20363872267,0.9995164032261596,1,0
3605.0,0.7222353556612688,0.0,36792.777646443385,0.9998037403924832,1,0
3606.0,2.7034802279422365,0.0,36772.96519772058,0.9992653586337114,1,0
3607.0,3.6184169660523366,0.0,36763.815830339474,0.9990167345200944,1,0
3608.0,0.9063257154462008,0.0,36790.93674284554,0.999753715838194,1,0
3609.0,0.0949138302348728,0.0,36799.05086169765,0.9999742081983056,1,0
3610.0,0.0,0.0,36800.0,1.0,1,0
3611.0,1.0848577037550058,0.0,36789.15142296245,0.9997052017109362,1,0
3612.0,3.3342157837550985,0.0,36766.65784216245,0.9990939631022404,1,0
3613.0,3.7810787329349296,0.0,36762.18921267065,0.9989725329530068,1,0
3614.0,1.568589184267239,0.0,36784.31410815733,0.9995737529390578,1,0
3615.0,2.163731965678835,0.0,36778.36268034321,0.9994120293571526,1,0
3616.0,1.7883367517160875,0.0,36782.11663248284,0.999514038926164,1,0
3617.0,1.86254968928597,0.0,36781.37450310714,0.9994938723670418,1,0
3618.0,0.4411648754844464,0.0,36795.58835124516,0.9998801182403576,1,0
3619.0,0.915858251150894,0.0,36790.84141748849,0.9997511254752308,1,0
3620.0,0.7635508280018257,0.0,36792.36449171999,0.999792513361956,1,0
3621.0,0.3233886256120968,0.0,36796.76611374388,0.9999121226560836,1,0
3622.0,0.2771138779817192,0.0,36797.22886122018,0.9999246973157658,1,0
3623.0,2.2472679736133614,0.0,36777.52732026386,0.9993893293549962,1,0
3624.0,3.878995441208645,0.0,36761.21004558791,0.9989459251518454,1,0
3625.0,2.363835654445211,0.0,36776.36164345554,0.9993576533547702,1,0
3626.0,0.9202950778658304,0.0,36790.79704922134,0.9997499198157972,1,0
3627.0,1.161738039306783,0.0,36788.382619606935,0.9996843103154058,1,0
3628.0,0.8144058321940975,0.0,36791.85594167806,0.9997786940673388,1,0
3629.0,1.4606475067898828,0.0,36785.3935249321,0.9996030849166332,1,0
3630.0,4.480842619771465,0.0,36755.19157380229,0.9987823797228882,1,0
3631.0,1.528055190455234,0.0,36784.71944809545,0.9995847676112892,1,0
3632.0,1.7300188717381388,0.0,36782.69981128262,0.999529886176158,1,0
3633.0,0.3435716349495124,0.0,36796.56428365051,0.9999066381426768,1,0
3634.0,1.9723019412408576,0.0,36780.2769805876,0.9994640483855324,1,0
3635.0,3.5116305819938134,0.0,36764.88369418006,0.9990457525592408,1,0
3636.0,2.53617829563882,0.0,36774.63821704361,0.9993108211153156,1,0
3637.0,3.298451379478138,0.0,36767.015486205215,0.9991036816903592,1,0
3638.0,2.656406296372552,0.0,36773.43593703627,0.9992781504629422,1,0
3639.0,3.446477615499134,0.0,36765.53522384501,0.9990634571697012,1,0
3640.0,1.425160843602498,0.0,36785.748391563975,0.9996127280316296,1,0
3641.0,2.052436074708112,0.0,36779.47563925292,0.9994422728057858,1,0
3642.0,1.7083624100237105,0.0,36782.91637589976,0.9995357710842326,1,0
3643.0,0.3223886578607562,0.0,36796.776113421394,0.999912394386451,1,0
3644.0,1.9712194720191287,0.0,36780.28780527981,0.9994643425347776,1,0
3645.0,1.5096214327436428,0.0,36784.90378567256,0.9995897767845804,1,0
3646.0,0.9524826695674165,0.0,36790.47517330432,0.9997411731876176,1,0
3647.0,1.3011294826978883,0.0,36786.98870517302,0.9996464322057884,1,0
3648.0,3.167297922744183,0.0,36768.32702077256,0.9991393212166456,1,0
3649.0,2.035197749074996,0.0,36779.64802250925,0.9994469571334036,1,0
3650.0,0.0,0.0,36800.0,1.0,1,0
3651.0,0.0,0.0,36800.0,1.0,1,0
3652.0,0.8943841773016175,0.0,36791.05615822699,0.9997569608213857,1,0
3653.0,2.395427199813639,0.0,36776.04572800186,0.9993490686957028,1,0
3654.0,1.0364331621435667,0.0,36789.63566837856,0.9997183605537652,1,0
3655.0,1.312241533872566,0.0,36786.87758466128,0.9996434126266652,1,0
3656.0,2.126753382214247,0.0,36778.732466177855,0.9994220778852678,1,0
3657.0,1.2477083734243024,0.0,36787.52291626576,0.9996609488115694,1,0
3658.0,0.0,0.0,36800.0,1.0,1,0
3659.0,1.0840136412698484,0.0,36789.1598635873,0.9997054310757418,1,0
3660.0,0.9189640281442736,0.0,36790.81035971856,0.9997502815140912,1,0
3661.0,0.880206400471252,0.0,36791.19793599529,0.9997608134781328,1,0
3662.0,1.123004137441967,0.0,36788.76995862558,0.9996948358322169,1,0
3663.0,3.003509127338475,0.0,36769.964908726615,0.999183829041484,1,0
3664.0,1.0529324474559871,0.0,36789.47067552544,0.9997138770523216,1,0
3665.0,0.9504221315064568,0.0,36790.49577868493,0.9997417331164384,1,0
3666.0,0.2719887276416557,0.0,36797.28011272359,0.9999260900196628,1,0
3667.0,1.5629476952626646,0.0,36784.37052304737,0.9995752859523742,1,0
3668.0,1.898483988087719,0.0,36781.015160119125,0.9994841076119328,1,0
3669.0,0.3877655257515471,0.0,36796.122344742485,0.9998946289332196,1,0
3670.0,1.5367587883752094,0.0,36784.63241211625,0.9995824025031588,1,0
3671.0,1.971798689613024,0.0,36780.28201310387,0.999464185138692,1,0
3672.0,3.321858084207633,0.0,36766.78141915792,0.9990973211727696,1,0
3673.0,1.9144347136530089,0.0,36780.85565286347,0.999479773175638,1,0
3674.0,1.326564328823224,0.0,36786.73435671176,0.9996395205628196,1,0
3675.0,1.425947700114648,0.0,36785.74052299885,0.9996125142119252,1,0
3676.0,2.085684457091247,0.0,36779.14315542909,0.9994332379192687,1,0
3677.0,1.28331259309698,0.0,36787.16687406903,0.9996512737518758,1,0
3678.0,0.2800843899422034,0.0,36797.19915610058,0.9999238901114288,1,0
3679.0,2.8133497018861817,0.0,36771.86650298114,0.9992355027984005,1,0
3680.0,2.1363996770705853,0.0,36778.636003229294,0.9994194566094916,1,0
3681.0,2.390838652399907,0.0,36776.091613476005,0.9993503155835872,1,0
3682.0,1.549544562133633,0.0,36784.50455437866,0.9995789281081158,1,0
3683.0,1.9195529233866184,0.0,36780.80447076613,0.9994783823577752,1,0
3684.0,3.092080542682652,0.0,36769.079194573176,0.9991597607220972,1,0
3685.0,1.715715388395438,0.0,36782.84284611605,0.999533772992284,1,0
3686.0,0.4294933442370165,0.0,36795.70506655763,0.9998832898521096,1,0
3687.0,1.2455273659011254,0.0,36787.54472634099,0.9996615414766572,1,0
3688.0,1.4926554470880546,0.0,36785.07344552912,0.9995943871067696,1,0
3689.0,0.3340037855359696,0.0,36796.65996214464,0.9999092381017564,1,0
3690.0,3.548621265817019,0.0,36764.51378734183,0.9990357007429844,1,0
3691.0,1.1235280177293134,0.0,36788.76471982271,0.9996946934734432,1,0
3692.0,0.5885706044487051,0.0,36794.11429395552,0.9998400623357476,1,0
3693.0,0.6029767128516141,0.0,36793.970232871485,0.9998361476323772,1,0
3694.0,1.4543497786094122,0.0,36785.45650221391,0.9996047962558128,1,0
3695.0,0.3582894227884026,0.0,36796.41710577212,0.9999026387438076,1,0
3696.0,0.5361138128932907,0.0,36794.63886187107,0.9998543168986704,1,0
3697.0,0.947019625062694,0.0,36790.52980374937,0.9997426577105808,1,0
3698.0,0.9829400700164116,0.0,36790.17059929983,0.999732896720104,1,0
3699.0,0.9541329910503008,0.0,36790.45867008949,0.9997407247306928,1,0
3700.0,2.582012639024469,0.0,36774.17987360976,0.9992983661307,1,0
3701.0,1.0112376942506671,0.0,36789.8876230575,0.9997252071483016,1,0
3702.0,2.050405636888172,0.0,36779.49594363112,0.9994428245551934,1,0
3703.0,1.7520808844660678,0.0,36782.47919115534,0.999523891064004,1,0
3704.0,1.6745022801042069,0.0,36783.25497719896,0.9995449722064934,1,0
3705.0,0.826574984164381,0.0,36791.73425015836,0.999775387232564,1,0
3706.0,1.757011099315605,0.0,36782.429889006846,0.9995225513317078,1,0
3707.0,1.9614834423578031,0.0,36780.38516557642,0.9994669881950116,1,0
3708.0,3.29901827539652,0.0,36767.00981724604,0.9991035276425552,1,0
3709.0,0.699765029390619,0.0,36793.00234970609,0.9998098464594046,1,0
3710.0,0.4848526899381795,0.0,36795.15147310062,0.9998682465516472,1,0
3711.0,0.931340336287576,0.0,36790.686596637126,0.9997469183868783,1,0
3712.0,3.9844278293062416,0.0,36760.155721706935,0.998917275046384,1,0
3713.0,2.2572406165472785,0.0,36777.42759383452,0.9993866193976771,1,0
3714.0,1.19963731519465,0.0,36788.00362684805,0.999674011599132,1,0
3715.0,1.949420577489036,0.0,36780.50579422511,0.9994702661474214,1,0
3716.0,2.827276796050228,0.0,36771.7272320395,0.9992317182619428,1,0
3717.0,0.3859485236775981,0.0,36796.140514763225,0.9998951226837832,1,0
3718.0,0.0,0.0,36800.0,1.0,1,0
3719.0,0.0,0.0,36800.0,1.0,1,0
3720.0,0.2302647659626018,0.0,36797.69735234037,0.9999374280527276,1,0
3721.0,0.794409064064439,0.0,36792.05590935936,0.9997841279717216,1,0
3722.0,0.9779381203875346,0.0,36790.22061879613,0.999734255945547,1,0
3723.0,0.0,0.0,36800.0,1.0,1,0
3724.0,0.0,0.0,36800.0,1.0,1,0
3725.0,1.410250684923085,0.0,36785.89749315077,0.999616779705184,1,0
3726.0,2.18021541301232,0.0,36778.19784586988,0.9994075501595076,1,0
3727.0,2.283643799356014,0.0,36777.16356200644,0.9993794446197404,1,0
3728.0,1.123307559224486,0.0,36788.76692440776,0.9996947533806456,1,0
3729.0,2.79570924248128,0.0,36772.04290757519,0.9992402964014996,1,0
3730.0,2.223703458237651,0.0,36777.76296541763,0.9993957327559138,1,0
3731.0,1.2516156088122443,0.0,36787.48384391188,0.9996598870628228,1,0
3732.0,2.0563926527902368,0.0,36779.4360734721,0.9994411976486984,1,0
3733.0,0.6977266408325704,0.0,36793.02273359167,0.9998104003693388,1,0
3734.0,2.05612548389081,0.0,36779.43874516109,0.9994412702489428,1,0
3735.0,0.948099908439417,0.0,36790.51900091561,0.9997423641553154,1,0
3736.0,1.5281710020462924,0.0,36784.71828997954,0.9995847361407484,1,0
3737.0,1.475181031619741,0.0,36785.2481896838,0.9995991355892336,1,0
3738.0,1.2241926973306363,0.0,36787.75807302669,0.9996673389409428,1,0
3739.0,0.7790777633281323,0.0,36792.20922236672,0.9997882940860522,1,0
3740.0,2.4614450836261312,0.0,36775.38554916374,0.9993311290533624,1,0
3741.0,1.7469266653511113,0.0,36782.53073334649,0.999525291667024,1,0
3742.0,2.410098221699627,0.0,36775.899017783006,0.999345082004973,1,0
3743.0,1.664437972507585,0.0,36783.35562027493,0.999547707072688,1,0
3744.0,1.729680315090263,0.0,36782.7031968491,0.9995299781752472,1,0
3745.0,1.2519597438995334,0.0,36787.48040256101,0.9996597935478534,1,0
3746.0,1.838302870339703,0.0,36781.6169712966,0.999500461176538,1,0
3747.0,2.7159761105067446,0.0,36772.84023889493,0.9992619630134492,1,0
3748.0,1.5510707252237808,0.0,36784.48929274776,0.9995785133898848,1,0
3749.0,2.333247843585468,0.0,36776.667521564144,0.9993659652598952,1,0
3750.0,0.5897476895706859,0.0,36794.102523104295,0.9998397424756602,1,0
3751.0,1.3037911061805971,0.0,36786.96208893819,0.9996457089385378,1,0
3752.0,1.7095086181629997,0.0,36782.90491381837,0.9995354596146296,1,0
3753.0,4.036141164577202,0.0,36759.638588354224,0.9989032225096256,1,0
3754.0,0.6971856289987954,0.0,36793.02814371001,0.9998105473834242,1,0
3755.0,0.0,0.0,36800.0,1.0,1,0
3756.0,0.0,0.0,36800.0,1.0,1,0
3757.0,0.9797988254049416,0.0,36790.20201174595,0.9997337503191832,1,0
3758.0,1.3220897614501157,0.0,36786.779102385495,0.9996407364778668,1,0
3759.0,1.6138600293324998,0.0,36783.86139970667,0.9995614510789856,1,0
3760.0,0.1468913336670994,0.0,36798.53108666333,0.999960083876721,1,0
3761.0,1.235393310501422,0.0,36787.64606689499,0.9996642952960596,1,0
3762.0,1.059090557897889,0.0,36789.40909442102,0.999712203652745,1,0
3763.0,1.2293713302469769,0.0,36787.70628669753,0.9996659317037372,1,0
3764.0,0.4634078312360543,0.0,36795.36592168764,0.9998740739589032,1,0
3765.0,1.5958473429591322,0.0,36784.04152657041,0.9995663458307176,1,0
3766.0,1.368193581432024,0.0,36786.31806418568,0.9996282082659153,1,0
3767.0,0.7539075635477275,0.0,36792.460924364525,0.9997951338142532,1,0
3768.0,1.5347683077375225,0.0,36784.65231692263,0.9995829433946366,1,0
3769.0,3.387286868157389,0.0,36766.127131318426,0.9990795416119136,1,0
3770.0,1.3332935852286028,0.0,36786.66706414771,0.9996376919605356,1,0
3771.0,2.292910812574519,0.0,36777.07089187425,0.9993769264096264,1,0
3772.0,3.86804773267113,0.0,36761.319522673286,0.9989489000726436,1,0
3773.0,1.6714127295249457,0.0,36783.28587270475,0.9995458117582812,1,0
3774.0,3.5849357046759,0.0,36764.15064295324,0.9990258326889468,1,0
3775.0,3.752168053527385,0.0,36762.47831946472,0.9989803891158892,1,0
3776.0,1.5011688080271597,0.0,36784.988311919726,0.9995920736934708,1,0
3777.0,0.3552042843593881,0.0,36796.44795715641,0.9999034770966416,1,0
3778.0,1.8108622079762424,0.0,36781.89137792024,0.9995079178782674,1,0
3779.0,1.146059357899503,0.0,36788.539406421005,0.9996885708266576,1,0
3780.0,2.657970838928577,0.0,36773.42029161072,0.9992777253155086,1,0
3781.0,1.0923613063928317,0.0,36789.07638693608,0.9997031626884804,1,0
3782.0,2.04500883278979,0.0,36779.5499116721,0.9994442910780464,1,0
3783.0,1.2750636088762803,0.0,36787.24936391124,0.9996535153236747,1,0
3784.0,0.9892812975945162,0.0,36790.107187024056,0.9997311735604364,1,0
3785.0,0.0,0.0,36800.0,1.0,1,0
3786.0,1.6621521202396252,0.0,36783.3784787976,0.9995483282281956,1,0
3787.0,4.76994270745945,0.0,36752.30057292541,0.9987038199164512,1,0
3788.0,2.582010264677137,0.0,36774.17989735323,0.9992983667759028,1,0
3789.0,0.2330692732898569,0.0,36797.669307267104,0.9999366659583452,1,0
3790.0,2.8192299604033906,0.0,36771.80770039596,0.9992339049020642,1,0
3791.0,0.9523469765840672,0.0,36790.47653023416,0.9997412100607108,1,0
3792.0,0.1184373023652369,0.0,36798.81562697635,0.9999678159504444,1,0
3793.0,0.8832138711750304,0.0,36791.16786128825,0.999759996230659,1,0
3794.0,0.0,0.0,36800.0,1.0,1,0
3795.0,1.771511146548164,0.0,36782.28488853452,0.9995186111014814,1,0
3796.0,1.6675615562958228,0.0,36783.324384437045,0.9995468582727458,1,0
3797.0,1.349349328672815,0.0,36786.50650671328,0.9996333289867738,1,0
3798.0,0.9097937541055215,0.0,36790.90206245895,0.9997527734363844,1,0
3799.0,2.77251025464102,0.0,36772.27489745359,0.9992466004742824,1,0
3800.0,1.3327333551860647,0.0,36786.67266644814,0.9996378441969604,1,0
3801.0,1.6821771093796087,0.0,36783.1782289062,0.99954288665506,1,0
3802.0,0.9336512562622374,0.0,36790.66348743738,0.999746290419494,1,0
3803.0,3.30126387564178,0.0,36766.987361243584,0.9991029174250974,1,0
3804.0,1.3069525816013083,0.0,36786.93047418399,0.9996448498419562,1,0
3805.0,2.138688042970898,0.0,36778.61311957029,0.999418834770932,1,0
3806.0,3.401948579020882,0.0,36765.98051420979,0.999075557451353,1,0
3807.0,3.676104188613863,0.0,36763.23895811386,0.9990010586443984,1,0
3808.0,1.7984875702591123,0.0,36782.01512429741,0.99951128055156,1,0
3809.0,0.7213270658544388,0.0,36792.78672934145,0.9998039872103656,1,0
3810.0,1.6662097347680174,0.0,36783.33790265232,0.999547225615552,1,0
3811.0,2.550218586223309,0.0,36774.497814137765,0.999307005818961,1,0
3812.0,1.8685452490080932,0.0,36781.31454750992,0.9994922431388564,1,0
3813.0,0.8478102490903439,0.0,36791.5218975091,0.9997696167801384,1,0
3814.0,1.7810632574332883,0.0,36782.189367425664,0.9995160154191756,1,0
3815.0,3.4301841208389305,0.0,36765.69815879161,0.999067884749772,1,0
3816.0,1.155506425636304,0.0,36788.44493574364,0.999686003688686,1,0
3817.0,0.3689707194566836,0.0,36796.31029280544,0.999899736217539,1,0
3818.0,1.6343244499580578,0.0,36783.65675550042,0.99955589009512,1,0
3819.0,0.0,0.0,36800.0,1.0,1,0
3820.0,2.4588177440509758,0.0,36775.41182255949,0.999331843004334,1,0
3821.0,3.389377035844064,0.0,36766.10622964156,0.9990789736315642,1,0
3822.0,1.4068431516438975,0.0,36785.93156848356,0.9996177056653142,1,0
3823.0,2.173139742870262,0.0,36778.2686025713,0.9994094728959592,1,0
3824.0,1.7964785868266515,0.0,36782.03521413173,0.999511826470971,1,0
3825.0,1.5344526311955633,0.0,36784.65547368804,0.9995830291763056,1,0
3826.0,0.5163472542326417,0.0,36794.83652745767,0.9998596882461324,1,0
3827.0,4.210800942031256,0.0,36757.89199057969,0.9988557606135784,1,0
3828.0,3.7140014213464383,0.0,36762.85998578653,0.9989907604833296,1,0
3829.0,2.6820783798971206,0.0,36773.17921620103,0.9992711743532888,1,0
3830.0,1.970138954675804,0.0,36780.29861045324,0.9994646361536206,1,0
3831.0,2.224525913216439,0.0,36777.75474086784,0.9993955092627128,1,0
3832.0,2.319468034057536,0.0,36776.80531965943,0.999369709773354,1,0
3833.0,2.928578495700549,0.0,36770.71421504299,0.9992041906261684,1,0
3834.0,3.327093266110751,0.0,36766.72906733889,0.9990958985689916,1,0
3835.0,1.6267526544233988,0.0,36783.73247345576,0.9995579476482545,1,0
3836.0,2.26019068705682,0.0,36777.39809312944,0.9993858177480824,1,0
3837.0,2.298587541391953,0.0,36777.01412458608,0.999375383820274,1,0
3838.0,1.9565304922080031,0.0,36780.43469507792,0.9994683341053784,1,0
3839.0,1.8595078617081529,0.0,36781.40492138292,0.9994946989506228,1,0
3840.0,2.3438468183412624,0.0,36776.56153181659,0.9993630851037116,1,0
3841.0,3.274773281117177,0.0,36767.25226718883,0.9991101159562182,1,0
3842.0,3.1993023430090943,0.0,36768.00697656991,0.9991306243633128,1,0
3843.0,1.4326610353632532,0.0,36785.67338964637,0.9996106899360426,1,0
3844.0,2.082063819254472,0.0,36779.17936180746,0.999434221788246,1,0
3845.0,0.0927206463288712,0.0,36799.07279353671,0.9999748041721932,1,0
3846.0,1.2614189925357095,0.0,36787.38581007464,0.9996572230998544,1,0
3847.0,0.7405430815088039,0.0,36792.59456918491,0.9997987654669812,1,0
3848.0,0.4231947058688092,0.0,36795.76805294131,0.9998850014386226,1,0
3849.0,1.6765432792449246,0.0,36783.23456720755,0.9995444175871616,1,0
3850.0,2.185171915878982,0.0,36778.14828084121,0.9994062032837284,1,0
3851.0,3.610927291382268,0.0,36763.890727086175,0.9990187697577764,1,0
3852.0,1.881508723070056,0.0,36781.1849127693,0.9994887204556876,1,0
3853.0,1.6103789284788943,0.0,36783.89621071521,0.9995623970303048,1,0
3854.0,3.5210205042931197,0.0,36764.78979495707,0.9990432009499204,1,0
3855.0,4.7356477768894365,0.0,36752.64352223111,0.9987131391910626,1,0
3856.0,0.7841758199606375,0.0,36792.1582418004,0.999786908744576,1,0
3857.0,0.6127723356380557,0.0,36793.87227664362,0.9998334857783592,1,0
3858.0,1.6351757061174794,0.0,36783.64824293883,0.9995556587755116,1,0
3859.0,1.7759638527218158,0.0,36782.24036147278,0.9995174011269776,1,0
3860.0,2.1347684289507924,0.0,36778.65231571049,0.9994198998834372,1,0
3861.0,0.4500932593564357,0.0,36795.49906740643,0.9998776920490878,1,0
3862.0,0.6742467799031147,0.0,36793.257532200965,0.9998167807663306,1,0
3863.0,1.3284420473737557,0.0,36786.715579526266,0.9996390103132138,1,0
3864.0,0.519817143099317,0.0,36794.801828569005,0.9998587453415492,1,0
3865.0,0.5551954972738713,0.0,36794.44804502726,0.9998491316583494,1,0
3866.0,1.3786465468260758,0.0,36786.21353453174,0.9996253677861884,1,0
3867.0,1.756997582108852,0.0,36782.43002417891,0.9995225550048616,1,0
3868.0,0.8237102633370341,0.0,36791.76289736663,0.9997761656893106,1,0
3869.0,2.4666775100672567,0.0,36775.333224899325,0.9993297071983512,1,0
3870.0,2.519188915068753,0.0,36774.80811084931,0.9993154377948184,1,0
3871.0,0.9952604536360924,0.0,36790.04739546364,0.9997295487897728,1,0
3872.0,0.6561854121537181,0.0,36793.43814587846,0.9998216887466974,1,0
3873.0,2.082266688993059,0.0,36779.17733311007,0.9994341666605996,1,0
3874.0,0.560629057753431,0.0,36794.39370942247,0.9998476551473496,1,0
3875.0,2.966088355462944,0.0,36770.33911644537,0.9991939977294938,1,0
3876.0,1.2708219499518236,0.0,36787.29178050048,0.9996546679483828,1,0
3877.0,0.7737063317122193,0.0,36792.26293668288,0.9997897537142086,1,0
3878.0,2.1818056442298257,0.0,36778.181943557705,0.9994071180314594,1,0
3879.0,1.7512990831851312,0.0,36782.48700916815,0.999524103510004,1,0
3880.0,1.2571552084236828,0.0,36787.428447915765,0.9996583817368414,1,0
3881.0,2.5541742122636606,0.0,36774.45825787736,0.9993059309205804,1,0
3882.0,1.8377251481874737,0.0,36781.62274851812,0.9995006181662534,1,0
3883.0,2.98700264675108,0.0,36770.12997353249,0.9991883144981654,1,0
3884.0,1.82158947178732,0.0,36781.78410528213,0.9995050028609272,1,0
3885.0,1.017144370907772,0.0,36789.82855629092,0.9997236020731228,1,0
3886.0,0.316724622492984,0.0,36796.832753775074,0.9999139335264966,1,0
3887.0,4.7551932557580585,0.0,36752.44806744242,0.998707827919631,1,0
3888.0,3.258653272963329,0.0,36767.413467270366,0.9991144963932164,1,0
3889.0,0.0,0.0,36800.0,1.0,1,0
3890.0,0.3848908959266737,0.0,36796.15109104073,0.9998954100826284,1,0
3891.0,1.0359693381260513,0.0,36789.64030661874,0.9997184865929004,1,0
3892.0,1.192688247462229,0.0,36788.073117525375,0.9996758999327549,1,0
3893.0,1.2098188674958692,0.0,36787.90181132504,0.9996712448729632,1,0
3894.0,1.188211951307494,0.0,36788.11788048693,0.9996771163175796,1,0
3895.0,2.579503175118589,0.0,36774.204968248814,0.9992990480502396,1,0
3896.0,1.7405638356135569,0.0,36782.59436164387,0.9995270206968442,1,0
3897.0,0.846544950983116,0.0,36791.53455049017,0.999769960611146,1,0
3898.0,1.5313071316413698,0.0,36784.68692868359,0.9995838839316192,1,0
3899.0,1.3063363996652697,0.0,36786.93663600335,0.9996450172826996,1,0
3900.0,0.960499925131444,0.0,36790.395000748686,0.999738994585562,1,0
3901.0,0.6275160438185594,0.0,36793.724839561815,0.9998294793359188,1,0
3902.0,1.2759236197066457,0.0,36787.24076380293,0.9996532816250796,1,0
3903.0,1.142593887959265,0.0,36788.57406112041,0.999689512530446,1,0
3904.0,0.0,0.0,36800.0,1.0,1,0
3905.0,0.0692154424632462,0.0,36799.30784557537,0.9999811914558524,1,0
3906.0,1.1640419863879288,0.0,36788.35958013612,0.9996836842428294,1,0
3907.0,3.271188220118347,0.0,36767.28811779882,0.9991110901575764,1,0
3908.0,0.5024023767828112,0.0,36794.97597623217,0.9998634776150046,1,0
3909.0,0.1193337045569933,0.0,36798.806662954434,0.9999675723628922,1,0
3910.0,1.4579414943914344,0.0,36785.42058505608,0.9996038202460892,1,0
3911.0,1.5622235140981502,0.0,36784.37776485902,0.9995754827407342,1,0
3912.0,1.738230913624193,0.0,36782.61769086376,0.9995276546430368,1,0
3913.0,1.3369356492539737,0.0,36786.63064350746,0.9996367022692244,1,0
3914.0,1.2418792426178695,0.0,36787.58120757382,0.999662532814506,1,0
3915.0,1.5639208769234756,0.0,36784.36079123076,0.999575021500836,1,0
3916.0,2.277718388705125,0.0,36777.22281611295,0.9993810547856778,1,0
3917.0,3.6889408491233553,0.0,36763.11059150877,0.998997570421434,1,0
3918.0,0.8478980159757157,0.0,36791.52101984024,0.9997695929304412,1,0
3919.0,3.058033781845552,0.0,36769.41966218154,0.999169012559281,1,0
3920.0,2.6622921006942306,0.0,36773.37707899306,0.999276551059594,1,0
3921.0,2.1116800288382365,0.0,36778.88319971162,0.999426173905207,1,0
3922.0,2.1556920068915133,0.0,36778.44307993109,0.999414214128562,1,0
3923.0,2.218368168769757,0.0,36777.8163183123,0.9993971825628344,1,0
3924.0,0.3129194569469291,0.0,36796.87080543053,0.9999149675388732,1,0
3925.0,1.4285170696739442,0.0,36785.71482930326,0.9996118160136755,1,0
3926.0,1.002627157619827,0.0,36789.9737284238,0.999727546968038,1,0
3927.0,1.5136861115311149,0.0,36784.86313888469,0.9995886722523014,1,0
3928.0,0.7499474640699191,0.0,36792.5005253593,0.9997962099282418,1,0
3929.0,0.0,0.0,36800.0,1.0,1,0
3930.0,0.8800816404122997,0.0,36791.19918359588,0.9997608473803228,1,0
3931.0,1.2139112688641944,0.0,36787.86088731136,0.9996701328073738,1,0
3932.0,0.909954909499902,0.0,36790.900450905,0.9997527296441576,1,0
3933.0,0.1509744288582624,0.0,36798.49025571142,0.9999589743399842,1,0
3934.0,1.2096289830633395,0.0,36787.90371016937,0.9996712964719936,1,0
3935.0,2.8094788759567564,0.0,36771.90521124043,0.9992365546532724,1,0
3936.0,4.204102424891062,0.0,36757.95897575109,0.9988575808628014,1,0
3937.0,1.6414801922810511,0.0,36783.58519807719,0.9995539455999236,1,0
3938.0,2.0951036865276365,0.0,36779.04896313472,0.9994306783460524,1,0
3939.0,2.2185602966355877,0.0,36777.814397033646,0.9993971303541752,1,0
3940.0,0.6926730883237724,0.0,36793.073269116765,0.9998117736173034,1,0
3941.0,1.2998334963963316,0.0,36787.001665036034,0.9996467843759792,1,0
3942.0,1.6965446996605351,0.0,36783.0345530034,0.9995389824185704,1,0
3943.0,0.5159087484789779,0.0,36794.84091251521,0.9998598074053048,1,0
3944.0,1.688872785708554,0.0,36783.11127214292,0.9995410671777968,1,0
3945.0,1.2360897736853076,0.0,36787.63910226314,0.9996641060397592,1,0
3946.0,1.4524033033899286,0.0,36785.4759669661,0.9996053251892962,1,0
3947.0,4.237715963225128,0.0,36757.62284036775,0.9988484467491237,1,0
3948.0,3.3076526839327016,0.0,36766.92347316067,0.9991011813358878,1,0
3949.0,2.589773136837266,0.0,36774.10226863163,0.9992962572997726,1,0
3950.0,0.0,0.0,36800.0,1.0,1,0
3951.0,0.4739875559321262,0.0,36795.26012444068,0.999871199033714,1,0
3952.0,0.9344671892636144,0.0,36790.655328107365,0.9997460686985696,1,0
3953.0,2.5135230050973405,0.0,36774.86476994903,0.999316977444267,1,0
3954.0,2.343047003582342,0.0,36776.569529964174,0.9993633024446786,1,0
3955.0,3.063179556133491,0.0,36769.368204438666,0.9991676142510508,1,0
3956.0,1.809984199354858,0.0,36781.90015800645,0.9995081564675666,1,0
3957.0,2.553323724843267,0.0,36774.46676275157,0.9993061620312924,1,0
3958.0,2.5158826367264737,0.0,36774.84117363273,0.99931633624002,1,0
3959.0,2.5243349727870736,0.0,36774.75665027213,0.9993140394095688,1,0
3960.0,2.653619362237805,0.0,36773.46380637762,0.9992789077820006,1,0
3961.0,1.6810304161303975,0.0,36783.18969583869,0.9995431982564862,1,0
3962.0,4.873957999295726,0.0,36751.26042000704,0.9986755548914956,1,0
3963.0,5.143864360212319,0.0,36748.56135639788,0.9986022107716814,1,0
3964.0,2.0551478328361554,0.0,36779.44852167164,0.9994415359149904,1,0
3965.0,1.4860706627528089,0.0,36785.13929337247,0.9995961764503388,1,0
3966.0,2.5290211936599007,0.0,36774.7097880634,0.9993127659799838,1,0
3967.0,2.29245582240992,0.0,36777.0754417759,0.9993770500482582,1,0
3968.0,4.997022101542825,0.0,36750.02977898457,0.9986421135593634,1,0
3969.0,2.518248640340971,0.0,36774.81751359659,0.9993156933042552,1,0
3970.0,2.614445620830793,0.0,36773.855543791695,0.9992895528204264,1,0
3971.0,1.9493428927985408,0.0,36780.506571072016,0.9994702872573916,1,0
3972.0,3.575871176707551,0.0,36764.24128823292,0.9990282958758946,1,0
3973.0,2.2452715519420963,0.0,36777.54728448058,0.9993898718608852,1,0
3974.0,1.1700250987405525,0.0,36788.29974901259,0.9996820583970814,1,0
3975.0,1.3465213184454117,0.0,36786.53478681554,0.9996340974678136,1,0
3976.0,2.336535085938067,0.0,36776.63464914062,0.9993650719875168,1,0
3977.0,1.8348218643409384,0.0,36781.65178135659,0.9995014071020812,1,0
3978.0,1.4256005683096191,0.0,36785.7439943169,0.99961260854122,1,0
3979.0,3.7339838889115526,0.0,36762.660161110885,0.9989853304649696,1,0
3980.0,2.536114299320161,0.0,36774.6388570068,0.9993108385056196,1,0
3981.0,3.181138784980704,0.0,36768.1886121502,0.999135560112777,1,0
3982.0,2.7715614651724536,0.0,36772.28438534828,0.9992468582975076,1,0
3983.0,1.441475974295372,0.0,36785.585240257045,0.9996082945722023,1,0
3984.0,0.7496919191048619,0.0,36792.50308080895,0.9997962793698084,1,0
3985.0,2.774937346344359,0.0,36772.25062653656,0.9992459409384936,1,0
3986.0,1.787818483747742,0.0,36782.12181516252,0.9995141797598512,1,0
3987.0,0.6976164127627271,0.0,36793.02383587237,0.9998104303226188,1,0
3988.0,0.7726162362969262,0.0,36792.27383763703,0.9997900499357888,1,0
3989.0,2.295941076034069,0.0,36777.04058923966,0.999376102968469,1,0
3990.0,2.6268905087367784,0.0,36773.73109491263,0.9992861710574084,1,0
3991.0,1.548215231825452,0.0,36784.51784768175,0.9995792893391778,1,0
3992.0,1.8618284639669584,0.0,36781.38171536033,0.9994940683521828,1,0
3993.0,0.9094663585310628,0.0,36790.90533641469,0.9997528624025732,1,0
3994.0,0.6684499474308723,0.0,36793.31550052569,0.999818355992546,1,0
3995.0,4.373737660512234,0.0,36756.26262339488,0.9988114843313824,1,0
3996.0,2.7373315900799757,0.0,36772.6266840992,0.999256159894,1,0
3997.0,2.318782024563916,0.0,36776.81217975436,0.9993698961889772,1,0
3998.0,2.5294305561201327,0.0,36774.7056944388,0.9993126547401848,1,0
3999.0,3.316982947266297,0.0,36766.83017052733,0.9990986459382428,1,0
4000.0,2.0818714723377525,0.0,36779.18128527662,0.99943427405643,1,0
4001.0,1.4417915075755443,0.0,36785.582084924245,0.9996082088294632,1,0
4002.0,2.496115501292934,0.0,36775.03884498707,0.999321707744214,1,0
4003.0,1.0702788172370674,0.0,36789.29721182763,0.9997091633648812,1,0
4004.0,0.0,0.0,36800.0,1.0,1,0
4005.0,2.478246385286184,0.0,36775.21753614714,0.9993265634822592,1,0
4006.0,2.9863747271056127,0.0,36770.13625272895,0.999188485128504,1,0
4007.0,4.073778624241186,0.0,36759.26221375759,0.9988929949390648,1,0
4008.0,2.72094676888446,0.0,36772.79053231116,0.999260612291064,1,0
4009.0,1.3625826720240184,0.0,36786.37417327976,0.9996297329695586,1,0
4010.0,1.3985893286053397,0.0,36786.01410671395,0.9996199485520094,1,0
4011.0,1.1619257829643177,0.0,36788.38074217035,0.9996842592981074,1,0
4012.0,2.848706894960742,0.0,36771.51293105039,0.9992258948654996,1,0
4013.0,1.7510431150872137,0.0,36782.48956884913,0.9995241730665524,1,0
4014.0,2.395439004594209,0.0,36776.04560995406,0.999349065487882,1,0
4015.0,2.7926117951419656,0.0,36772.07388204858,0.9992411380991462,1,0
4016.0,0.1204088946174124,0.0,36798.79591105383,0.99996728019168,1,0
4017.0,1.6695680597595128,0.0,36783.30431940241,0.9995463130272392,1,0
4018.0,1.5899512680803127,0.0,36784.1004873192,0.9995679480249784,1,0
4019.0,0.695381652026299,0.0,36793.04618347974,0.999811037594558,1,0
4020.0,1.430563013727351,0.0,36785.69436986273,0.9996112600506176,1,0
4021.0,1.5727760229037813,0.0,36784.27223977096,0.9995726152111674,1,0
4022.0,0.59581355829323,0.0,36794.04186441707,0.9998380941417684,1,0
4023.0,1.4900219032219866,0.0,36785.09978096778,0.9995951027436896,1,0
4024.0,2.406868362089881,0.0,36775.9313163791,0.9993459596842148,1,0
4025.0,3.248094994778512,0.0,36767.519050052215,0.9991173654905492,1,0
4026.0,1.9564919060635475,0.0,36780.435080939365,0.9994683445907436,1,0
4027.0,3.72027442010085,0.0,36762.79725579899,0.998989055864103,1,0
4028.0,1.294204521364918,0.0,36787.05795478635,0.9996483139887596,1,0
4029.0,1.5664316348593277,0.0,36784.33568365141,0.9995743392296578,1,0
4030.0,2.5303025118678306,0.0,36774.69697488132,0.999312417795688,1,0
4031.0,2.9240324791576318,0.0,36770.75967520842,0.9992054259567504,1,0
4032.0,3.4198251870734566,0.0,36765.80174812926,0.9990706996774256,1,0
4033.0,1.0988616340446242,0.0,36789.01138365956,0.9997013962950966,1,0
4034.0,1.7411530635940835,0.0,36782.58846936406,0.9995268605805452,1,0
4035.0,1.7933052995608705,0.0,36782.0669470044,0.9995126887772932,1,0
4036.0,1.386962481064984,0.0,36786.13037518935,0.9996231080214496,1,0
4037.0,1.161681727069208,0.0,36788.38318272931,0.9996843256176444,1,0
4038.0,1.7267835137354268,0.0,36782.732164862646,0.9995307653495284,1,0
4039.0,2.316167384005894,0.0,36776.83832615994,0.9993706066891288,1,0
4040.0,1.6805858421812443,0.0,36783.19414157819,0.9995433190646248,1,0
4041.0,1.8442431208650305,0.0,36781.55756879135,0.9994988469780258,1,0
4042.0,1.1607267081640202,0.0,36788.39273291836,0.999684585133651,1,0
4043.0,2.1099783078575456,0.0,36778.90021692142,0.9994266363293864,1,0
4044.0,1.6737780143853342,0.0,36783.262219856144,0.99954516901783,1,0
4045.0,3.794087147481605,0.0,36762.05912852519,0.9989689980577496,1,0
4046.0,0.8155936539405957,0.0,36791.844063460594,0.99977837128969,1,0
4047.0,2.35325954199152,0.0,36776.467404580086,0.999360527298372,1,0
4048.0,2.7494730521621022,0.0,36772.50526947838,0.9992528605836516,1,0
4049.0,0.5260250664646264,0.0,36794.73974933536,0.999857058405852,1,0
4050.0,0.0,0.0,36800.0,1.0,1,0
4051.0,0.8086822263439899,0.0,36791.91317773656,0.9997802493950152,1,0
4052.0,2.406872454384029,0.0,36775.93127545616,0.9993459585721784,1,0
4053.0,3.768719407446497,0.0,36762.31280592553,0.9989758914653676,1,0
4054.0,2.07095141565469,0.0,36779.290485843456,0.9994372414631374,1,0
4055.0,1.2538424181202572,0.0,36787.4615758188,0.9996592819515978,1,0
4056.0,4.441785461296149,0.0,36755.58214538704,0.9987929930811696,1,0
4057.0,3.8098002526508026,0.0,36761.90199747349,0.9989647281922144,1,0
4058.0,3.71428937270548,0.0,36762.85710627295,0.998990682235678,1,0
4059.0,2.5122354206259843,0.0,36774.87764579374,0.9993173273313516,1,0
4060.0,3.674854138248065,0.0,36763.25145861752,0.9990013983319976,1,0
4061.0,1.580845583066548,0.0,36784.191544169335,0.999570422395906,1,0
4062.0,0.0,0.0,36800.0,1.0,1,0
4063.0,1.2340776839359933,0.0,36787.65922316064,0.9996646528032784,1,0
4064.0,1.6708906102949186,0.0,36783.29109389705,0.9995459536385068,1,0
4065.0,1.1013220776740127,0.0,36788.98677922326,0.9997007276962844,1,0
4066.0,1.6916144382257698,0.0,36783.08385561774,0.9995403221635256,1,0
4067.0,2.821568822946574,0.0,36771.78431177053,0.9992332693415906,1,0
4068.0,0.5076243381085987,0.0,36794.92375661891,0.9998620586037748,1,0
4069.0,2.192187349123742,0.0,36778.078126508764,0.9994042969159992,1,0
4070.0,2.6925253441045243,0.0,36773.07474655895,0.9992683355043194,1,0
4071.0,1.592448832052014,0.0,36784.07551167948,0.9995672693391164,1,0
4072.0,1.6772002653237903,0.0,36783.22799734676,0.999544239058336,1,0
4073.0,1.5934166318584175,0.0,36784.065833681416,0.9995670063500384,1,0
4074.0,3.3657270573385176,0.0,36766.342729426615,0.999085400256158,1,0
4075.0,2.089329654482753,0.0,36779.10670345517,0.9994322473764992,1,0
4076.0,2.6535797232841105,0.0,36773.46420276716,0.9992789185534554,1,0
4077.0,1.64260627136764,0.0,36783.573937286325,0.999553639600172,1,0
4078.0,0.5151423170800626,0.0,36794.8485768292,0.9998600156747064,1,0
4079.0,2.2241672458658286,0.0,36777.75832754134,0.9993956067266668,1,0
4080.0,2.3867288111518974,0.0,36776.13271188848,0.999351432388274,1,0
4081.0,2.435597407201385,0.0,36775.644025927984,0.9993381528784778,1,0
4082.0,1.4344024979432106,0.0,36785.65597502057,0.9996102167125156,1,0
4083.0,0.5292311672665164,0.0,36794.70768832733,0.999856187182808,1,0
4084.0,2.174459926414329,0.0,36778.255400735856,0.9994091141504308,1,0
4085.0,3.98797128953629,0.0,36760.12028710464,0.9989163121495828,1,0
4086.0,0.8467713571226341,0.0,36791.53228642877,0.9997698990877384,1,0
4087.0,0.6046479225715302,0.0,36793.95352077429,0.9998356934993012,1,0
4088.0,0.3969388410941974,0.0,36796.030611589056,0.9998921361844852,1,0
4089.0,1.1894253813406976,0.0,36788.10574618659,0.9996767865811574,1,0
4090.0,1.453473900933659,0.0,36785.46526099066,0.9996050342660506,1,0
4091.0,0.7139463613402768,0.0,36792.86053638659,0.9998059928365922,1,0
4092.0,1.6497721258924685,0.0,36783.50227874108,0.9995516923570944,1,0
4093.0,0.9094768045474666,0.0,36790.90523195452,0.9997528595639816,1,0
4094.0,2.321103417580161,0.0,36776.7889658242,0.9993692653756576,1,0
4095.0,2.369653265282522,0.0,36776.30346734718,0.9993560724822602,1,0
4096.0,1.407478557340255,0.0,36785.9252144266,0.9996175330007228,1,0
4097.0,0.3894269777192676,0.0,36796.10573022281,0.9998941774517068,1,0
4098.0,1.6134634629588618,0.0,36783.86536537041,0.9995615588415871,1,0
4099.0,2.225076879424705,0.0,36777.74923120575,0.9993953595436346,1,0
4100.0,1.534486998889406,0.0,36784.6551300111,0.9995830198372582,1,0
4101.0,0.5475603076511106,0.0,36794.52439692349,0.9998512064381382,1,0
4102.0,0.9616895237986682,0.0,36790.38310476201,0.9997386713250548,1,0
4103.0,3.1226330990530187,0.0,36768.77366900947,0.9991514583969964,1,0
4104.0,1.9313563481764504,0.0,36780.68643651824,0.9994751749053868,1,0
4105.0,0.693956048428845,0.0,36793.06043951571,0.99981142498684,1,0
4106.0,0.545616928932759,0.0,36794.543830710674,0.9998517345301814,1,0
4107.0,0.6745884584488522,0.0,36793.25411541551,0.9998166879188998,1,0
4108.0,1.923422707358441,0.0,36780.76577292642,0.999477330786044,1,0
4109.0,1.1894672818207257,0.0,36788.1053271818,0.9996767751951574,1,0
4110.0,0.7042415071828145,0.0,36792.95758492817,0.999808630025222,1,0
4111.0,1.3276542952162345,0.0,36786.72345704784,0.9996392243763,1,0
4112.0,2.5994368812616813,0.0,36774.005631187385,0.999293631282266,1,0
4113.0,1.7922102051970796,0.0,36782.07789794803,0.9995129863572836,1,0
4114.0,1.8678286799886337,0.0,36781.32171320012,0.9994924378586988,1,0
4115.0,0.4647827630624306,0.0,36795.35217236938,0.9998737003361244,1,0
4116.0,1.019815071585981,0.0,36789.80184928414,0.9997228763392428,1,0
4117.0,0.9139313053747172,0.0,36790.86068694625,0.9997516491018004,1,0
4118.0,3.053798240753167,0.0,36769.46201759247,0.9991701635215344,1,0
4119.0,2.817341615867008,0.0,36771.82658384133,0.9992344180391666,1,0
4120.0,1.511407996192247,0.0,36784.88592003808,0.9995892913053824,1,0
4121.0,0.8341494357546253,0.0,36791.65850564245,0.9997733289576752,1,0
4122.0,1.7421206512663048,0.0,36782.57879348734,0.9995265976491124,1,0
4123.0,3.5351599912555685,0.0,36764.64840008745,0.9990393586980284,1,0
4124.0,2.530886799326254,0.0,36774.69113200674,0.9993122590219222,1,0
4125.0,1.52532567099297,0.0,36784.74674329008,0.9995855093285346,1,0
4126.0,1.1442255959618706,0.0,36788.55774404038,0.999689069131532,1,0
4127.0,2.091716145519058,0.0,36779.08283854481,0.9994315988735004,1,0
4128.0,1.384100553825192,0.0,36786.158994461744,0.9996238857190692,1,0
4129.0,2.074088198726713,0.0,36779.259118012735,0.9994363890764332,1,0
4130.0,0.8973019754557754,0.0,36791.02698024544,0.9997561679414524,1,0
4131.0,2.443731877187929,0.0,36775.56268122812,0.9993359424246772,1,0
4132.0,3.173446973123646,0.0,36768.26553026876,0.9991376502790424,1,0
4133.0,0.8507513861250118,0.0,36791.49248613875,0.9997688175581182,1,0
4134.0,1.8363110838918144,0.0,36781.63688916109,0.9995010024228556,1,0
4135.0,1.4813824544844465,0.0,36785.18617545516,0.999597450419977,1,0
4136.0,4.915250314230434,0.0,36750.84749685769,0.9986643341537416,1,0
4137.0,1.236333117131835,0.0,36787.63666882868,0.9996640399138228,1,0
4138.0,0.9819144270268224,0.0,36790.18085572973,0.9997331754274384,1,0
4139.0,0.8391438098196886,0.0,36791.608561901805,0.99977197179081,1,0
4140.0,0.162394872425466,0.0,36798.37605127574,0.99995587095858,1,0
4141.0,1.5643398441352474,0.0,36784.35660155865,0.9995749076510502,1,0
4142.0,1.4903059271709935,0.0,36785.09694072829,0.9995950255632688,1,0
4143.0,1.661879375134049,0.0,36783.38120624866,0.9995484023437136,1,0
4144.0,1.8230422078113409,0.0,36781.769577921885,0.9995046080957034,1,0
4145.0,3.3340991802670032,0.0,36766.659008197326,0.9990939947879708,1,0
4146.0,0.5145019381434395,0.0,36794.85498061856,0.9998601896907218,1,0
4147.0,3.049603001766627,0.0,36769.50396998233,0.9991713035321286,1,0
4148.0,1.6566424291795556,0.0,36783.4335757082,0.9995498254268532,1,0
4149.0,1.3779210027214503,0.0,36786.22078997279,0.9996255649449128,1,0
4150.0,2.2193416321906625,0.0,36777.806583678095,0.9993969180347309,1,0
4151.0,2.5019977750907856,0.0,36774.98002224909,0.999320109300247,1,0
4152.0,2.739351336472282,0.0,36772.60648663528,0.9992556110498716,1,0
4153.0,3.335490861921244,0.0,36766.64509138079,0.9990936166136084,1,0
4154.0,2.5290304949476194,0.0,36774.70969505052,0.9993127634524598,1,0
4155.0,0.8007981079326782,0.0,36791.99201892068,0.9997823918184966,1,0
4156.0,2.2377666557003977,0.0,36777.622333443,0.999391911234864,1,0
4157.0,1.4223137632288854,0.0,36785.77686236771,0.9996135016947748,1,0
4158.0,1.3896540011355685,0.0,36786.10345998865,0.9996223766301264,1,0
4159.0,1.71982662571736,0.0,36782.801733742825,0.9995326558082288,1,0
4160.0,3.870346218350278,0.0,36761.296537816495,0.998948275484144,1,0
4161.0,1.2850195906949011,0.0,36787.14980409305,0.9996508098938328,1,0
4162.0,0.5326754183124649,0.0,36794.67324581688,0.9998552512450238,1,0
4163.0,1.5923962084470986,0.0,36784.076037915525,0.9995672836390088,1,0
4164.0,0.4101774656492125,0.0,36795.89822534351,0.9998885387321604,1,0
4165.0,1.3655497747513436,0.0,36786.34450225248,0.9996289266916436,1,0
4166.0,0.6370404020217393,0.0,36793.629595979786,0.9998268911951028,1,0
4167.0,0.5292438813976332,0.0,36794.70756118602,0.999856183727881,1,0
4168.0,1.3520467428770644,0.0,36786.47953257123,0.9996325959937836,1,0
4169.0,1.1047985120858357,0.0,36788.95201487914,0.9996997830130202,1,0
4170.0,0.2844440126673362,0.0,36797.155559873325,0.9999227054313404,1,0
4171.0,3.3817204851720817,0.0,36766.18279514828,0.9990810542159858,1,0
4172.0,1.9785728456427023,0.0,36780.21427154358,0.9994623443354232,1,0
4173.0,1.4010103004065968,0.0,36785.98989699593,0.9996192906792372,1,0
4174.0,2.778759788336174,0.0,36772.21240211664,0.9992449022314304,1,0
4175.0,1.2496274657441973,0.0,36787.50372534256,0.9996604273190912,1,0
4176.0,1.9490560561916936,0.0,36780.50943943809,0.999470365202122,1,0
4177.0,1.716091318270628,0.0,36782.839086817294,0.9995336708374264,1,0
4178.0,2.741664564130588,0.0,36772.58335435869,0.9992549824553992,1,0
4179.0,2.2157792398438687,0.0,36777.84220760156,0.9993978860761294,1,0
4180.0,2.481560939445444,0.0,36775.18439060554,0.999325662788194,1,0
4181.0,1.4120364641275955,0.0,36785.87963535872,0.9996162944390956,1,0
4182.0,0.9463249169402844,0.0,36790.53675083059,0.9997428464899618,1,0
4183.0,0.840507743751914,0.0,36791.59492256248,0.9997716011565893,1,0
4184.0,2.539790767255909,0.0,36774.60209232744,0.9993098394654196,1,0
4185.0,2.7778392250602337,0.0,36772.221607749394,0.9992451523844944,1,0
4186.0,2.3680974122562475,0.0,36776.31902587744,0.9993564952684088,1,0
4187.0,0.1573512313470928,0.0,36798.42648768653,0.9999572415132209,1,0
4188.0,1.5539489007242082,0.0,36784.46051099276,0.9995777312769772,1,0
4189.0,0.7864045568512665,0.0,36792.13595443149,0.9997863031095514,1,0
4190.0,2.218451350684518,0.0,36777.81548649316,0.9993971599590532,1,0
4191.0,1.2941382339413394,0.0,36787.05861766059,0.9996483320016464,1,0
4192.0,0.3866883497394155,0.0,36796.133116502606,0.9998949216440924,1,0
4193.0,1.6747265798758235,0.0,36783.25273420124,0.9995449112554684,1,0
4194.0,2.8904698211445066,0.0,36771.09530178856,0.9992145462442542,1,0
4195.0,1.3106261945740698,0.0,36786.89373805426,0.9996438515775616,1,0
4196.0,1.3690208795469516,0.0,36786.30979120453,0.9996279834566448,1,0
4197.0,1.7458188359842095,0.0,36782.54181164016,0.999525592707613,1,0
4198.0,1.9556389556073557,0.0,36780.44361044392,0.9994685763707588,1,0
4199.0,2.429017166725316,0.0,36775.70982833275,0.999339940987303,1,0
4200.0,2.2054462252499434,0.0,36777.9455377475,0.99940069396053,1,0
4201.0,0.7884679867265731,0.0,36792.11532013273,0.9997857423949112,1,0
4202.0,1.3175238859612364,0.0,36786.82476114039,0.9996419772049018,1,0
4203.0,2.8295170038090878,0.0,36771.70482996191,0.9992311095098344,1,0
4204.0,1.4655292693305455,0.0,36785.34470730669,0.9996017583507254,1,0
4205.0,2.3106435616000454,0.0,36776.893564384,0.999372107727826,1,0
4206.0,0.8934637517504598,0.0,36791.06536248249,0.9997572109370242,1,0
4207.0,2.850312827412381,0.0,36771.496871725874,0.9992254584708118,1,0
4208.0,1.6283893238742166,0.0,36783.71610676126,0.9995575029011212,1,0
4209.0,0.991245178365716,0.0,36790.08754821634,0.9997306398971832,1,0
4210.0,2.205485367147048,0.0,36777.94514632853,0.9994006833241448,1,0
4211.0,2.228991029923236,0.0,36777.71008970077,0.9993942959157818,1,0
4212.0,1.8963122665782064,0.0,36781.03687733422,0.9994846977536472,1,0
4213.0,2.200587872636788,0.0,36777.99412127363,0.9994020141650444,1,0
4214.0,2.398890351033515,0.0,36776.01109648967,0.9993481276220018,1,0
4215.0,1.9691182131464304,0.0,36780.308817868536,0.9994649135290364,1,0
4216.0,1.8269590949557823,0.0,36781.73040905044,0.9995035437241968,1,0
4217.0,0.2950374871807071,0.0,36797.0496251282,0.999919826769788,1,0
4218.0,0.0,0.0,36800.0,1.0,1,0
4219.0,1.0512100873229429,0.0,36789.48789912677,0.9997143450849666,1,0
4220.0,2.308119817786064,0.0,36776.91880182214,0.9993727935277756,1,0
4221.0,3.2236972158862045,0.0,36767.76302784114,0.99912399532177,1,0
4222.0,2.139182877827807,0.0,36778.60817122172,0.999418700304938,1,0
4223.0,1.2923744092513516,0.0,36787.07625590749,0.999648811301834,1,0
4224.0,0.6677453717129538,0.0,36793.32254628287,0.9998185474533388,1,0
4225.0,3.02180835922627,0.0,36769.78191640774,0.9991788564241232,1,0
4226.0,2.455743523802994,0.0,36775.44256476197,0.999332678390271,1,0
4227.0,0.8648471914893889,0.0,36791.35152808511,0.9997649871762258,1,0
4228.0,2.1771472851814906,0.0,36778.22852714818,0.9994083838898964,1,0
4229.0,4.333168389413004,0.0,36756.66831610587,0.9988225085898332,1,0
4230.0,1.3999088363116243,0.0,36786.00091163688,0.9996195899901328,1,0
4231.0,1.568650622421046,0.0,36784.313493775786,0.9995737362439072,1,0
4232.0,1.976227028637368,0.0,36780.237729713626,0.9994629817856964,1,0
4233.0,1.5006828095074525,0.0,36784.99317190493,0.999592205758286,1,0
4234.0,1.4238821523240404,0.0,36785.76117847676,0.9996130755020858,1,0
4235.0,3.01905700876614,0.0,36769.80942991234,0.9991796040737048,1,0
4236.0,2.561177138003586,0.0,36774.388228619966,0.9993040279516296,1,0
4237.0,2.2629088277417395,0.0,36777.37091172258,0.9993850791228962,1,0
4238.0,1.722823436401086,0.0,36782.77176563599,0.9995318414574996,1,0
4239.0,0.8002171736061428,0.0,36791.997828263935,0.9997825496810852,1,0
4240.0,1.2622387175597396,0.0,36787.377612824406,0.9996570003484893,1,0
4241.0,4.126497803287748,0.0,36758.73502196712,0.9988786690751936,1,0
4242.0,2.8258530042994607,0.0,36771.74146995701,0.9992321051618752,1,0
4243.0,1.9916985514491896,0.0,36780.08301448551,0.999458777567541,1,0
4244.0,4.023079066149876,0.0,36759.7692093385,0.998906771992894,1,0
4245.0,3.9063833799045824,0.0,36760.93616620096,0.9989384827772,1,0
4246.0,1.1757761332000882,0.0,36788.242238668,0.9996804956159782,1,0
4247.0,2.45429511763723,0.0,36775.45704882363,0.999333071978903,1,0
4248.0,2.55255497377766,0.0,36774.47445026222,0.9993063709310386,1,0
4249.0,0.0,0.0,36800.0,1.0,1,0
4250.0,1.5240018680697176,0.0,36784.7599813193,0.9995858690575896,1,0
4251.0,2.911428196154702,0.0,36770.88571803845,0.9992088510336536,1,0
4252.0,4.29300327220426,0.0,36757.06996727796,0.9988334230238576,1,0
4253.0,0.2855807075275152,0.0,36797.14419292472,0.9999223965468674,1,0
4254.0,0.6360352413894361,0.0,36793.6396475861,0.9998271643365788,1,0
4255.0,1.0710110769659875,0.0,36789.28988923034,0.9997089643812592,1,0
4256.0,0.3198661861797518,0.0,36796.80133813821,0.999913079840712,1,0
4257.0,1.1471917321323415,0.0,36788.52808267868,0.9996882631162683,1,0
4258.0,1.0950324969126086,0.0,36789.04967503088,0.9997024368214912,1,0
4259.0,0.9181583007139124,0.0,36790.81841699286,0.9997505004617624,1,0
4260.0,3.317571905746263,0.0,36766.824280942536,0.9990984858951776,1,0
4261.0,3.2347378994845712,0.0,36767.65262100515,0.9991209951360096,1,0
4262.0,2.943394073833588,0.0,36770.56605926166,0.9992001646538496,1,0
4263.0,1.76024542538471,0.0,36782.39754574615,0.999521672438754,1,0
4264.0,1.4055293197206993,0.0,36785.9447068028,0.9996180626848584,1,0
4265.0,2.662157655109695,0.0,36773.3784234489,0.99927658759372,1,0
4266.0,2.5197756099441904,0.0,36774.80224390056,0.999315278366863,1,0
4267.0,0.4308510562068477,0.0,36795.69148943793,0.9998829209086394,1,0
4268.0,2.264314454572741,0.0,36777.35685545427,0.9993846971590836,1,0
4269.0,4.141540628163057,0.0,36758.58459371837,0.9988745813510428,1,0
4270.0,2.588405393407811,0.0,36774.115946065926,0.9992966289691828,1,0
4271.0,2.269058605774262,0.0,36777.30941394226,0.9993834079875614,1,0
4272.0,3.720877989755536,0.0,36762.791220102445,0.99898889185061,1,0
4273.0,1.993023770783111,0.0,36780.06976229217,0.9994584174535917,1,0
4274.0,2.1146730310920248,0.0,36778.85326968908,0.999425360589377,1,0
4275.0,2.253219427472686,0.0,36777.46780572528,0.9993877121121,1,0
4276.0,1.9469032441293168,0.0,36780.53096755871,0.9994709502053996,1,0
4277.0,0.3122887257804905,0.0,36796.87711274219,0.9999151389332118,1,0
4278.0,0.0,0.0,36800.0,1.0,1,0
4279.0,1.963703511305539,0.0,36780.36296488695,0.9994663849154062,1,0
4280.0,1.95586053587067,0.0,36780.4413946413,0.9994685161587308,1,0
4281.0,2.189333424659708,0.0,36778.1066657534,0.9994050724389512,1,0
4282.0,0.9025050072978048,0.0,36790.97494992703,0.999754754074104,1,0
4283.0,1.7733816654736074,0.0,36782.26618334527,0.9995181028082952,1,0
4284.0,3.9251679839571807,0.0,36760.74832016043,0.998933378265229,1,0
4285.0,2.1863987500482835,0.0,36778.13601249952,0.9994058699048782,1,0
4286.0,2.163129692200528,0.0,36778.368703078,0.999412193018424,1,0
4287.0,1.2122334850828338,0.0,36787.87766514917,0.9996705887268796,1,0
4288.0,0.7579879097838784,0.0,36792.42012090216,0.9997940250245152,1,0
4289.0,0.6121368580297712,0.0,36793.878631419706,0.999833658462492,1,0
4290.0,2.392791083402699,0.0,36776.07208916597,0.999349785031684,1,0
4291.0,0.0,0.0,36800.0,1.0,1,0
4292.0,2.0983589350462357,0.0,36779.016410649536,0.9994297937676504,1,0
4293.0,4.422574162863384,0.0,36755.77425837137,0.9987982135427004,1,0
4294.0,3.268026915992777,0.0,36767.31973084007,0.9991119492076106,1,0
4295.0,0.7857648995041018,0.0,36792.14235100496,0.9997864769294824,1,0
4296.0,0.4417499254514041,0.0,36795.58250074549,0.999879959259388,1,0
4297.0,1.270444514105293,0.0,36787.29555485895,0.9996547705124712,1,0
4298.0,2.010416749170872,0.0,36779.89583250829,0.9994536911007688,1,0
4299.0,1.35372287960854,0.0,36786.46277120392,0.9996321405218456,1,0
4300.0,2.432258439519501,0.0,36775.677415604805,0.9993390602066524,1,0
4301.0,3.3603059898150605,0.0,36766.39694010185,0.9990868733723328,1,0
4302.0,1.6035012916181586,0.0,36783.96498708382,0.9995642659533648,1,0
4303.0,2.018141466819543,0.0,36779.81858533181,0.9994515919927122,1,0
4304.0,2.8849938090479554,0.0,36771.15006190952,0.9992160342910196,1,0
4305.0,1.3891961456210993,0.0,36786.10803854379,0.9996225010473856,1,0
4306.0,1.005420624742328,0.0,36789.94579375257,0.9997267878737112,1,0
4307.0,3.5487486431557045,0.0,36764.51251356844,0.9990356661295772,1,0
4308.0,0.209955324465227,0.0,36797.90044675535,0.9999429469226996,1,0
4309.0,2.255876977257685,0.0,36777.44123022742,0.999386989951832,1,0
4310.0,2.247039050464082,0.0,36777.52960949536,0.999389391562374,1,0
4311.0,0.7105789163970258,0.0,36792.89421083603,0.999806907903153,1,0
4312.0,3.190401069374275,0.0,36768.09598930625,0.99913304318767,1,0
4313.0,2.543887053074286,0.0,36774.56112946926,0.9993087263442731,1,0
4314.0,2.559552279645686,0.0,36774.40447720354,0.9993044694892268,1,0
4315.0,0.8693482792305076,0.0,36791.3065172077,0.999763764054557,1,0
4316.0,2.82463150060903,0.0,36771.75368499391,0.9992324370922258,1,0
4317.0,1.5481752898149352,0.0,36784.51824710185,0.999579300192985,1,0
4318.0,1.50349815242771,0.0,36784.96501847572,0.9995914407194488,1,0
4319.0,1.8236281359768327,0.0,36781.76371864023,0.9995044488760932,1,0
4320.0,3.5125751257792217,0.0,36764.874248742206,0.999045495889734,1,0
4321.0,2.394493188397064,0.0,36776.05506811603,0.999349322503153,1,0
4322.0,0.0,0.0,36800.0,1.0,1,0
4323.0,0.9832676619153062,0.0,36790.16732338085,0.9997328077005664,1,0
4324.0,0.5828021135621384,0.0,36794.17197886438,0.9998416298604452,1,0
4325.0,2.7161031275127243,0.0,36772.83896872487,0.9992619284979584,1,0
4326.0,3.1302542272733263,0.0,36768.69745772726,0.9991493874382408,1,0
4327.0,6.818545114701919,0.0,36731.81454885298,0.9981471344797008,1,0
4328.0,2.467130577590978,0.0,36775.32869422409,0.9993295840821764,1,0
4329.0,0.8558401525042427,0.0,36791.44159847496,0.9997674347411674,1,0
4330.0,1.491133301976333,0.0,36785.08866698024,0.9995948007331584,1,0
4331.0,2.9062651862486746,0.0,36770.93734813752,0.999210254025476,1,0
4332.0,0.0782627643247906,0.0,36799.217372356754,0.999978732944477,1,0
4333.0,1.960368954702972,0.0,36780.39631045297,0.9994672910449176,1,0
4334.0,4.728771997753029,0.0,36752.71228002247,0.9987150076093062,1,0
4335.0,1.237675338875306,0.0,36787.62324661125,0.9996636751796536,1,0
4336.0,1.598425909121033,0.0,36784.01574090879,0.9995656451333912,1,0
4337.0,1.454717788777998,0.0,36785.45282211222,0.9996046962530494,1,0
4338.0,2.1764556659582013,0.0,36778.23544334042,0.9994085718299026,1,0
4339.0,1.053209626522403,0.0,36789.46790373477,0.9997138017319231,1,0
4340.0,1.6818489228353428,0.0,36783.18151077165,0.999542975836186,1,0
4341.0,2.7683903737970468,0.0,36772.31609626203,0.9992477200071204,1,0
4342.0,1.287923500280158,0.0,36787.1207649972,0.9996500207879674,1,0
4343.0,1.5607854637883063,0.0,36784.39214536212,0.9995758735152748,1,0
4344.0,1.0755656313431246,0.0,36789.24434368657,0.9997077267306134,1,0
4345.0,1.9531963267691024,0.0,36780.46803673231,0.9994692401285954,1,0
4346.0,1.7733138117018823,0.0,36782.26686188298,0.99951812124682,1,0
4347.0,2.4012351793826383,0.0,36775.98764820617,0.9993474904403852,1,0
4348.0,1.3264223557825972,0.0,36786.735776442176,0.9996395591424504,1,0
4349.0,0.0632399628439088,0.0,36799.36760037156,0.999982815227488,1,0
4350.0,1.0092456339398268,0.0,36789.9075436606,0.999725748469038,1,0
4351.0,1.3943207737092962,0.0,36786.056792262905,0.9996211084854052,1,0
4352.0,1.5397940464144997,0.0,36784.60205953586,0.9995815777047788,1,0
4353.0,0.0105577676540633,0.0,36799.89442232346,0.9999971310413984,1,0
4354.0,1.345881900761924,0.0,36786.54118099238,0.999634271222619,1,0
4355.0,0.6464485309261363,0.0,36793.53551469074,0.9998243346383352,1,0
4356.0,1.24177705627244,0.0,36787.58222943728,0.9996625605825348,1,0
4357.0,2.0757410913129206,0.0,36779.24258908687,0.9994359399208388,1,0
4358.0,2.209025841470975,0.0,36777.90974158529,0.9993997212387308,1,0
4359.0,2.1877124075172105,0.0,36778.122875924826,0.9994055129327398,1,0
4360.0,1.8314250047324092,0.0,36781.685749952674,0.9995023301617576,1,0
4361.0,3.037226971454402,0.0,36769.62773028546,0.999174666583844,1,0
4362.0,0.892118589533311,0.0,36791.078814104665,0.9997575764702354,1,0
4363.0,1.309182256499298,0.0,36786.908177435005,0.9996442439520382,1,0
4364.0,1.7484012269424056,0.0,36782.51598773058,0.9995248909709396,1,0
4365.0,4.807144583729496,0.0,36751.9285541627,0.998693710710943,1,0
4366.0,2.5550706301673927,0.0,36774.44929369833,0.9993056873287588,1,0
4367.0,1.3948156779288183,0.0,36786.05184322071,0.9996209740005628,1,0
4368.0,1.1790423463708066,0.0,36788.20957653629,0.9996796080580512,1,0
4369.0,1.3563301935382697,0.0,36786.436698064615,0.9996314320126254,1,0
4370.0,2.875857231880218,0.0,36771.2414276812,0.9992185170565544,1,0
4371.0,3.404189861721534,0.0,36765.95810138279,0.9990749484071408,1,0
4372.0,2.438308301959296,0.0,36775.616916980405,0.9993374162222936,1,0
4373.0,4.436313564612647,0.0,36755.63686435387,0.998794480009616,1,0
4374.0,3.813464325348832,0.0,36761.86535674651,0.9989637325202856,1,0
4375.0,1.9848988604471745,0.0,36780.15101139553,0.9994606253096612,1,0
4376.0,1.2922665887408584,0.0,36787.07733411259,0.9996488406008855,1,0
4377.0,0.8538963570672422,0.0,36791.461036429326,0.9997679629464492,1,0
4378.0,0.5103256326510746,0.0,36794.89674367349,0.9998613245563448,1,0
4379.0,1.6039349348384349,0.0,36783.960650651614,0.999564148115533,1,0
4380.0,2.311743274469336,0.0,36776.88256725531,0.9993718088928072,1,0
4381.0,0.7291513381896948,0.0,36792.7084866181,0.9998018610494048,1,0
4382.0,1.092716829110941,0.0,36789.072831708894,0.999703066079046,1,0
4383.0,3.7572501650165577,0.0,36762.42749834983,0.9989790081073324,1,0
4384.0,4.1276682397592594,0.0,36758.72331760241,0.9988783510218046,1,0
4385.0,3.7118559711316266,0.0,36762.881440288686,0.9989913434861056,1,0
4386.0,1.9258033132409764,0.0,36780.74196686759,0.9994766838822714,1,0
4387.0,3.8511453287119366,0.0,36761.48854671288,0.9989534931171976,1,0
4388.0,2.2421809616862447,0.0,36777.57819038314,0.999390711695194,1,0
4389.0,0.3208620366867762,0.0,36796.791379633134,0.9999128092291611,1,0
4390.0,1.2704498092580252,0.0,36787.29550190742,0.9996547690735712,1,0
4391.0,0.7333718478703304,0.0,36792.6662815213,0.9998007141717744,1,0
4392.0,2.24995757159104,0.0,36777.50042428409,0.9993885984859806,1,0
4393.0,2.908217139358385,0.0,36770.91782860641,0.9992097236034352,1,0
4394.0,2.518255852863149,0.0,36774.81744147137,0.9993156913443308,1,0
4395.0,0.420433203434186,0.0,36795.795667965656,0.9998857518468928,1,0
4396.0,1.0683210526985931,0.0,36789.31678947301,0.9997096953661144,1,0
4397.0,2.7582022254528056,0.0,36772.41797774547,0.999250488525692,1,0
4398.0,1.9045926144453915,0.0,36780.95407385554,0.999482447659118,1,0
4399.0,5.744032384605816,0.0,36742.55967615394,0.998439121634618,1,0
4400.0,3.76150001433507,0.0,36762.38499985665,0.9989778532569742,1,0
4401.0,3.389413999602766,0.0,36766.10586000397,0.9990789635870644,1,0
4402.0,1.0671642405141029,0.0,36789.32835759486,0.9997100097172515,1,0
4403.0,1.4747861165260474,0.0,36785.25213883474,0.999599242903118,1,0
4404.0,0.9082503216204714,0.0,36790.9174967838,0.9997531928473858,1,0
4405.0,1.6728686694850694,0.0,36783.27131330515,0.9995454161224224,1,0
4406.0,1.1976597735701944,0.0,36788.0234022643,0.9996745489745732,1,0
4407.0,0.5877261551331685,0.0,36794.12273844867,0.9998402918056704,1,0
4408.0,0.479263703572542,0.0,36795.20736296428,0.9998697652979422,1,0
4409.0,1.6536042107682078,0.0,36783.46395789232,0.9995506510296824,1,0
4410.0,1.7765550741769405,0.0,36782.23444925824,0.9995172404689736,1,0
4411.0,1.0514021134986251,0.0,36789.48597886501,0.9997142929039404,1,0
4412.0,0.4599629119857127,0.0,36795.40037088015,0.9998750100782648,1,0
4413.0,0.9720675790013048,0.0,36790.27932420999,0.9997358512013584,1,0
4414.0,2.207883028856486,0.0,36777.92116971144,0.9994000317856369,1,0
4415.0,1.8042848642789977,0.0,36781.95715135721,0.999509705199924,1,0
4416.0,1.1119612805105137,0.0,36788.88038719489,0.9996978366085568,1,0
4417.0,2.639207764807906,0.0,36773.60792235192,0.9992828239769544,1,0
4418.0,1.3178351341812231,0.0,36786.82164865819,0.9996418926265812,1,0
4419.0,3.729707330986457,0.0,36762.70292669014,0.9989864925731016,1,0
4420.0,2.434166286508116,0.0,36775.65833713492,0.9993385417699706,1,0
4421.0,2.7554507812128577,0.0,36772.44549218787,0.9992512362007574,1,0
4422.0,1.0643693648144108,0.0,36789.35630635185,0.9997107691943438,1,0
4423.0,2.294665826319033,0.0,36777.05334173681,0.9993764495037176,1,0
4424.0,1.5613764200998048,0.0,36784.386235799,0.9995757129293208,1,0
4425.0,1.7601928844578651,0.0,36782.39807115542,0.9995216867161798,1,0
4426.0,1.3859182517999216,0.0,36786.140817482,0.9996233917794024,1,0
4427.0,0.7121026801623884,0.0,36792.87897319838,0.9998064938369124,1,0
4428.0,1.4621408097691528,0.0,36785.37859190231,0.99960267912778,1,0
4429.0,1.0382635422083697,0.0,36789.61736457792,0.9997178631678784,1,0
4430.0,0.792565816917886,0.0,36792.07434183082,0.9997846288540984,1,0
4431.0,1.2309821168264534,0.0,36787.69017883173,0.9996654939899928,1,0
4432.0,4.0935568940385565,0.0,36759.06443105961,0.9988876204092284,1,0
4433.0,0.6847808789179908,0.0,36793.15219121082,0.9998139182394246,1,0
4434.0,0.0,0.0,36800.0,1.0,1,0
4435.0,0.96522256982189,0.0,36790.34777430178,0.9997377112582004,1,0
4436.0,1.349869429647697,0.0,36786.501305703525,0.9996331876549872,1,0
4437.0,0.6885517633054405,0.0,36793.11448236695,0.99981289354258,1,0
4438.0,1.5109277237124843,0.0,36784.89072276287,0.9995894218142084,1,0
4439.0,2.841836190963477,0.0,36771.58163809036,0.9992277619046296,1,0
4440.0,0.8483493893781997,0.0,36791.51650610621,0.9997694702746254,1,0
4441.0,1.74066882677198,0.0,36782.59331173228,0.999526992166638,1,0
4442.0,2.793952894040558,0.0,36772.0604710596,0.9992407736700976,1,0
4443.0,2.359449023225352,0.0,36776.40550976775,0.9993588453741236,1,0
4444.0,3.7308410455316334,0.0,36762.69158954469,0.998986184498497,1,0
4445.0,1.9494900006811804,0.0,36780.50509999319,0.9994702472824236,1,0
4446.0,0.2497701847914868,0.0,36797.50229815209,0.9999321276671764,1,0
4447.0,0.5697997830775421,0.0,36794.30200216922,0.9998451631024244,1,0
4448.0,3.907281743831845,0.0,36760.92718256168,0.9989382386565674,1,0
4449.0,2.534077163735674,0.0,36774.659228362645,0.999311392075072,1,0
4450.0,2.032689352763555,0.0,36779.673106472364,0.999447638762836,1,0
4451.0,1.3065832222391691,0.0,36786.93416777761,0.999644950211348,1,0
4452.0,1.242540889898919,0.0,36787.57459110101,0.9996623530190492,1,0
4453.0,0.4253430248418226,0.0,36795.74656975158,0.9998844176562928,1,0
4454.0,0.0,0.0,36800.0,1.0,1,0
4455.0,3.210358245036332,0.0,36767.89641754964,0.9991276200421096,1,0
4456.0,1.558355109681543,0.0,36784.41644890318,0.9995765339375864,1,0
4457.0,1.2400000992884088,0.0,36787.59999900712,0.9996630434512804,1,0
4458.0,1.6719997998325198,0.0,36783.28000200167,0.9995456522283064,1,0
4459.0,2.3324141519397017,0.0,36776.6758584806,0.999366191806538,1,0
4460.0,0.1539964626635992,0.0,36798.46003537336,0.9999581531351456,1,0
4461.0,2.293986551801936,0.0,36777.06013448198,0.9993766340891842,1,0
4462.0,2.2198905360883145,0.0,36777.80109463912,0.9993967688760628,1,0
4463.0,2.8931144281914385,0.0,36771.06885571808,0.9992138276010348,1,0
4464.0,2.0438602224430724,0.0,36779.56139777557,0.9994446032004232,1,0
4465.0,1.4094589853875732,0.0,36785.90541014612,0.9996169948409273,1,0
4466.0,2.001777605636562,0.0,36779.98222394363,0.9994560386941204,1,0
4467.0,2.172638587966503,0.0,36778.273614120335,0.9994096090793568,1,0
4468.0,2.849764672397214,0.0,36771.50235327602,0.9992256074259788,1,0
4469.0,3.701776588786743,0.0,36762.98223411213,0.9989940824486992,1,0
4470.0,1.7612308643856522,0.0,36782.38769135614,0.9995214046564168,1,0
4471.0,0.5504649149324905,0.0,36794.49535085067,0.9998504171426812,1,0
4472.0,2.28945249860044,0.0,36777.105475014,0.9993778661688586,1,0
4473.0,2.3285446115933155,0.0,36776.71455388407,0.9993672433120672,1,0
4474.0,0.8488966893582983,0.0,36791.51103310642,0.9997693215518048,1,0
4475.0,0.5207889748417074,0.0,36794.79211025158,0.9998584812568364,1,0
4476.0,0.8622436822315649,0.0,36791.37756317768,0.9997656946515674,1,0
4477.0,2.7894838972815705,0.0,36772.10516102718,0.9992419880713908,1,0
4478.0,2.716178698217845,0.0,36772.83821301782,0.9992619079624409,1,0
4479.0,2.5769615304570834,0.0,36774.23038469543,0.9992997387145498,1,0
4480.0,1.9763959682532004,0.0,36780.23604031747,0.999462935878192,1,0
4481.0,1.983905151953877,0.0,36780.16094848047,0.9994608953391432,1,0
4482.0,0.7027532737101865,0.0,36792.972467262894,0.9998090344364916,1,0
4483.0,2.3448187426502045,0.0,36776.551812573496,0.999362820993845,1,0
4484.0,1.9263326701429837,0.0,36780.73667329857,0.9994765400352872,1,0
4485.0,1.1471350091751449,0.0,36788.52864990825,0.9996882785301155,1,0
4486.0,0.6239577742016991,0.0,36793.76042225798,0.9998304462570105,1,0
4487.0,1.4044580663685338,0.0,36785.95541933632,0.9996183537863128,1,0
4488.0,3.757542007751909,0.0,36762.42457992248,0.9989789288022414,1,0
4489.0,3.6013708890850467,0.0,36763.98629110915,0.9990213666062268,1,0
4490.0,2.6276818096966963,0.0,36773.72318190304,0.9992859560299736,1,0
4491.0,1.4626249193661351,0.0,36785.373750806335,0.9996025475762592,1,0
4492.0,4.222617998661008,0.0,36757.77382001339,0.9988525494568856,1,0
4493.0,0.3223423938034102,0.0,36796.776576061966,0.9999124069582056,1,0
4494.0,0.7422425988015675,0.0,36792.57757401199,0.99979830364163,1,0
4495.0,3.3536670562371,0.0,36766.463329437625,0.9990886774303702,1,0
4496.0,2.580433574223207,0.0,36774.19566425777,0.999298795224396,1,0
4497.0,1.1641114053345518,0.0,36788.358885946654,0.9996836653789852,1,0
4498.0,1.1727004290487455,0.0,36788.27299570952,0.9996813314051498,1,0
4499.0,2.6623193041777995,0.0,36773.37680695822,0.999276543667343,1,0
4500.0,1.6121989989123904,0.0,36783.87801001088,0.9995619024459478,1,0
4501.0,2.2926845139045327,0.0,36777.07315486096,0.9993769879038304,1,0
4502.0,2.736517041201296,0.0,36772.63482958799,0.999256381238804,1,0
4503.0,4.471244645851584,0.0,36755.287553541486,0.9987849878679752,1,0
4504.0,0.7826151509598276,0.0,36792.173848490405,0.9997873328394132,1,0
4505.0,1.1097046200411569,0.0,36788.90295379959,0.9996984498315106,1,0
4506.0,0.3534375825356619,0.0,36796.46562417464,0.9999039571786588,1,0
4507.0,0.7369531980293687,0.0,36792.630468019706,0.9997997409787964,1,0
4508.0,3.2526140291683987,0.0,36767.47385970832,0.999116137492074,1,0
4509.0,0.8406810536480407,0.0,36791.59318946352,0.9997715540615087,1,0
4510.0,2.416899560315869,0.0,36775.83100439684,0.9993432338151316,1,0
4511.0,1.0568468574238068,0.0,36789.43153142576,0.9997128133539608,1,0
4512.0,1.7341208585366985,0.0,36782.65879141464,0.9995287715058324,1,0
4513.0,1.118708814130514,0.0,36788.812911858695,0.9996960030396383,1,0
4514.0,2.6686246735362147,0.0,36773.31375326464,0.9992748302517565,1,0
4515.0,2.37391410509008,0.0,36776.2608589491,0.999354914645356,1,0
4516.0,0.8266409185371231,0.0,36791.73359081463,0.9997753693156148,1,0
4517.0,0.4910351015114429,0.0,36795.08964898488,0.9998665665485024,1,0
4518.0,1.5113902058374151,0.0,36784.88609794163,0.999589296139718,1,0
4519.0,0.1347017971420427,0.0,36798.65298202858,0.9999633962507766,1,0
4520.0,1.7288608716226008,0.0,36782.711391283774,0.9995302008501026,1,0
4521.0,1.6071084928607888,0.0,36783.92891507139,0.9995632857356356,1,0
4522.0,3.4216664732384743,0.0,36765.78333526762,0.9990701993279244,1,0
4523.0,1.1883995877878988,0.0,36788.11600412212,0.9996770653294056,1,0
4524.0,4.042954293851835,0.0,36759.57045706148,0.9989013711158012,1,0
4525.0,1.0145424627562534,0.0,36789.85457537244,0.9997243091133816,1,0
4526.0,1.039310623908932,0.0,36789.60689376091,0.9997175786348071,1,0
4527.0,1.4748426744581593,0.0,36785.25157325542,0.9995992275341146,1,0
4528.0,1.36681763038996,0.0,36786.3318236961,0.9996285821656548,1,0
4529.0,0.6408618640289205,0.0,36793.591381359714,0.99982585275434,1,0
4530.0,1.2961131505644516,0.0,36787.038868494354,0.9996477953395204,1,0
4531.0,1.0679985238011795,0.0,36789.32001476199,0.9997097830098366,1,0
4532.0,0.3236191610003516,0.0,36796.76380839,0.9999120600105976,1,0
4533.0,2.902712834406884,0.0,36770.97287165593,0.9992112193384765,1,0
4534.0,0.9936977725328688,0.0,36790.06302227467,0.9997299734313768,1,0
4535.0,3.364095541412098,0.0,36766.35904458588,0.9990858436028772,1,0
4536.0,1.9347456808627608,0.0,36780.652543191376,0.99947425389107,1,0
4537.0,2.1000186945993846,0.0,36778.999813054,0.9994293427460328,1,0
4538.0,2.5275500269899567,0.0,36774.7244997301,0.9993131657535352,1,0
4539.0,2.92160887492264,0.0,36770.78391125077,0.999206084544858,1,0
4540.0,1.5516307532188875,0.0,36784.48369246781,0.9995783612083644,1,0
4541.0,0.4039356862722343,0.0,36795.96064313728,0.9998902348678608,1,0
4542.0,1.9185557171413168,0.0,36780.81444282859,0.9994786533377332,1,0
4543.0,2.525196912998581,0.0,36774.74803087002,0.9993138051866852,1,0
4544.0,1.5625092160571512,0.0,36784.37490783943,0.9995754051043324,1,0
4545.0,0.6339168630584027,0.0,36793.660831369416,0.9998277399828646,1,0
4546.0,1.4916604763420764,0.0,36785.08339523658,0.9995946574792548,1,0
4547.0,1.3687901175972002,0.0,36786.312098824026,0.9996280461636964,1,0
4548.0,0.5112231094844901,0.0,36794.88776890516,0.9998610806767706,1,0
4549.0,0.6644403129275815,0.0,36793.35559687072,0.9998194455671392,1,0
4550.0,2.6760656797587217,0.0,36773.23934320241,0.999272808239196,1,0
4551.0,1.3251302161697822,0.0,36786.7486978383,0.9996399102673452,1,0
4552.0,2.9058399022769663,0.0,36770.94160097723,0.9992103695917726,1,0
4553.0,1.370452481414759,0.0,36786.29547518585,0.999627594434398,1,0
4554.0,1.072192905349766,0.0,36789.2780709465,0.9997086432322418,1,0
4555.0,1.7863500854246013,0.0,36782.13649914575,0.9995145787811346,1,0
4556.0,1.2185787216158133,0.0,36787.81421278384,0.999668864477822,1,0
4557.0,0.3439099179549885,0.0,36796.56090082045,0.999906546217947,1,0
4558.0,2.251289624781748,0.0,36777.48710375218,0.9993882365150047,1,0
4559.0,3.006882195517392,0.0,36769.931178044826,0.9991829124468704,1,0
4560.0,1.4069953464331777,0.0,36785.93004653567,0.9996176643080344,1,0
4561.0,1.0602729512302176,0.0,36789.397270487694,0.9997118823502092,1,0
4562.0,0.941414787789654,0.0,36790.5858521221,0.9997441807641876,1,0
4563.0,0.2564000212896644,0.0,36797.43599978711,0.9999303260811714,1,0
4564.0,1.7466435938531504,0.0,36782.533564061465,0.9995253685886268,1,0
4565.0,0.0,0.0,36800.0,1.0,1,0
4566.0,0.5989998709719657,0.0,36794.01000129029,0.9998372282959316,1,0
4567.0,1.8740301100633587,0.0,36781.25969889937,0.9994907526874828,1,0
4568.0,2.3003982703112342,0.0,36776.996017296886,0.999374891774372,1,0
4569.0,1.2266412525486885,0.0,36787.73358747451,0.9996666735726768,1,0
4570.0,3.3972240846751447,0.0,36766.02775915325,0.9990768412813384,1,0
4571.0,2.6173457319537192,0.0,36773.82654268047,0.9992887647467518,1,0
4572.0,0.0859222177041374,0.0,36799.14077782296,0.999976651571276,1,0
4573.0,1.4575540298546912,0.0,36785.424459701455,0.9996039255353656,1,0
4574.0,3.434292738699696,0.0,36765.657072613,0.9990667682775272,1,0
4575.0,1.1584593028183008,0.0,36788.41540697182,0.999685201276408,1,0
4576.0,2.7249900664082816,0.0,36772.75009933591,0.9992595135689109,1,0
4577.0,2.611243821720564,0.0,36773.8875617828,0.9992904228745324,1,0
4578.0,3.202232669359546,0.0,36767.977673306406,0.9991298280789784,1,0
4579.0,4.055449579344895,0.0,36759.44550420655,0.9988979756577868,1,0
4580.0,3.9623173167619834,0.0,36760.37682683238,0.9989232833378364,1,0
4581.0,1.341248192945386,0.0,36786.58751807055,0.999635530382352,1,0
4582.0,0.9809418318527604,0.0,36790.19058168147,0.9997334397196052,1,0
4583.0,1.5102238563467836,0.0,36784.89776143653,0.9995896130825144,1,0
4584.0,1.0907765555821245,0.0,36789.09223444418,0.9997035933272874,1,0
4585.0,0.4233459518745803,0.0,36795.76654048126,0.9998849603391646,1,0
4586.0,1.9578530301987485,0.0,36780.42146969801,0.9994679747200548,1,0
4587.0,2.7563060030825,0.0,36772.43693996918,0.9992510038035104,1,0
4588.0,1.5962032928946428,0.0,36784.03796707105,0.9995662491051917,1,0
4589.0,1.5388270146104333,0.0,36784.611729853896,0.9995818404851602,1,0
4590.0,1.296996927908367,0.0,36787.03003072092,0.9996475551826336,1,0
4591.0,0.8678141323107411,0.0,36791.32185867689,0.9997641809423068,1,0
4592.0,2.6346476071448706,0.0,36773.65352392855,0.9992840631502324,1,0
4593.0,3.906416917364368,0.0,36760.93583082636,0.9989384736637597,1,0
4594.0,2.987038544263669,0.0,36770.129614557365,0.9991883047434068,1,0
4595.0,2.7974233959384947,0.0,36772.02576604061,0.9992398305989296,1,0
4596.0,2.6746962898723723,0.0,36773.25303710128,0.999273180356013,1,0
4597.0,1.335232479394108,0.0,36786.647675206055,0.9996371650871212,1,0
4598.0,0.6889077909845582,0.0,36793.11092209016,0.9998127967959282,1,0
4599.0,1.74099338058204,0.0,36782.59006619418,0.999526903972668,1,0
4600.0,5.354351031651277,0.0,36746.456489683485,0.9985450133066164,1,0
4601.0,4.121464451445718,0.0,36758.78535548554,0.9988800368338462,1,0
4602.0,2.793984448943774,0.0,36772.06015551056,0.9992407650953956,1,0
4603.0,1.0156620971829398,0.0,36789.84337902817,0.999724004864896,1,0
4604.0,2.340621339198151,0.0,36776.59378660802,0.9993639615926092,1,0
4605.0,2.229661757680333,0.0,36777.7033824232,0.9993941136528044,1,0
4606.0,1.060453598609456,0.0,36789.39546401391,0.9997118332612476,1,0
4607.0,2.058731148471452,0.0,36779.41268851529,0.9994405621879154,1,0
4608.0,2.7826220932529395,0.0,36772.17377906747,0.9992438526920508,1,0
4609.0,0.6814627183002813,0.0,36793.185372817,0.9998148199135052,1,0
4610.0,3.7296078940999,0.0,36762.703921059,0.9989865195939944,1,0
4611.0,1.7237159706692182,0.0,36782.7628402933,0.9995315989210136,1,0
4612.0,2.276114868126569,0.0,36777.23885131873,0.9993814905249656,1,0
4613.0,3.094799134666573,0.0,36769.052008653336,0.9991590219742754,1,0
4614.0,2.4731973965190264,0.0,36775.26802603481,0.9993279354900764,1,0
4615.0,1.3893824045853762,0.0,36786.10617595415,0.9996224504335366,1,0
4616.0,0.8215740850700968,0.0,36791.784259149295,0.9997767461725352,1,0
4617.0,1.7401766037073685,0.0,36782.598233962926,0.9995271259229056,1,0
4618.0,2.6599983341857296,0.0,36773.40001665814,0.9992771743657104,1,0
4619.0,1.9851140892624244,0.0,36780.14885910737,0.99946056682357,1,0
4620.0,0.0,0.0,36800.0,1.0,1,0
4621.0,1.9402466429228296,0.0,36780.59753357077,0.9994727590644232,1,0
4622.0,4.225604970099994,0.0,36757.743950299,0.998851737779864,1,0
4623.0,1.1835667914356236,0.0,36788.164332085646,0.999678378589284,1,0
4624.0,2.645614126990949,0.0,36773.54385873009,0.9992810831176656,1,0
4625.0,1.3258992583960207,0.0,36786.74100741604,0.9996397012884796,1,0
4626.0,1.2570698198787795,0.0,36787.42930180121,0.9996584049402504,1,0
4627.0,2.5406370955597595,0.0,36774.5936290444,0.9993096094849022,1,0
4628.0,2.6241229261204357,0.0,36773.7587707388,0.999286923117902,1,0
4629.0,1.282526983367461,0.0,36787.17473016633,0.9996514872327806,1,0
4630.0,0.8813267786890719,0.0,36791.18673221311,0.99976050902753,1,0
4631.0,0.119838517169228,0.0,36798.80161482831,0.9999674351855518,1,0
4632.0,0.2146303709332642,0.0,36797.853696290666,0.9999416765296376,1,0
4633.0,1.4271761807431176,0.0,36785.72823819257,0.9996121803856676,1,0
4634.0,1.793632099005663,0.0,36782.063679009945,0.9995125999730964,1,0
4635.0,4.062066315853372,0.0,36759.37933684146,0.9988961776315616,1,0
4636.0,1.5791520349057464,0.0,36784.208479650944,0.9995708825992105,1,0
4637.0,2.815496734718181,0.0,36771.84503265282,0.9992349193655656,1,0
4638.0,0.7899674242962647,0.0,36792.10032575704,0.99978533493905,1,0
4639.0,2.0743944076075422,0.0,36779.25605592392,0.999436305867498,1,0
4640.0,1.812370738037316,0.0,36781.87629261963,0.9995075079516204,1,0
4641.0,1.4561575495063153,0.0,36785.43842450494,0.9996043050137212,1,0
4642.0,0.5523324908672294,0.0,36794.476675091326,0.9998499096492208,1,0
4643.0,2.884223694938555,0.0,36771.15776305061,0.999216243561158,1,0
4644.0,2.42787704877901,0.0,36775.72122951221,0.9993402508019622,1,0
4645.0,4.174192858307833,0.0,36758.25807141692,0.9988657084624164,1,0
4646.0,1.978854930091984,0.0,36780.21145069908,0.9994622676820402,1,0
4647.0,0.8310699285075316,0.0,36791.68930071493,0.9997741657802968,1,0
4648.0,2.555443228900913,0.0,36774.445567711,0.9993055860791032,1,0
4649.0,2.069508546926045,0.0,36779.30491453074,0.999437633547031,1,0
4650.0,1.5545418955189234,0.0,36784.45458104481,0.9995775701370871,1,0
4651.0,0.469696112382735,0.0,36795.30303887617,0.9998723651868524,1,0
4652.0,1.290985658558384,0.0,36787.09014341442,0.9996491886797396,1,0
4653.0,1.2435503418255394,0.0,36787.56449658175,0.9996620787114604,1,0
4654.0,0.0,0.0,36800.0,1.0,1,0
4655.0,1.9443089423384663,0.0,36780.55691057662,0.9994716551787124,1,0
4656.0,3.961903621442616,0.0,36760.38096378557,0.9989233957550429,1,0
4657.0,1.6540550511426773,0.0,36783.459449488575,0.9995505285187112,1,0
4658.0,3.943467455854261,0.0,36760.56532544146,0.9989284055826484,1,0
4659.0,2.31879018525251,0.0,36776.81209814748,0.9993698939713987,1,0
4660.0,0.7961858416574614,0.0,36792.03814158343,0.9997836451517236,1,0
4661.0,1.903960679791453,0.0,36780.96039320208,0.9994826193804914,1,0
4662.0,3.766525469543012,0.0,36762.33474530457,0.998976487644146,1,0
4663.0,1.2017154180930447,0.0,36787.98284581907,0.9996734468972572,1,0
4664.0,0.7727907896369288,0.0,36792.27209210363,0.999790002502816,1,0
4665.0,0.7717679998722815,0.0,36792.28232000128,0.9997902804348172,1,0
4666.0,0.0,0.0,36800.0,1.0,1,0
4667.0,1.8093509878171967,0.0,36781.90649012183,0.9995083285359192,1,0
4668.0,1.2339179718619562,0.0,36787.66082028138,0.9996646962032985,1,0
4669.0,5.563322275836072,0.0,36744.36677724164,0.9984882276424358,1,0
4670.0,2.2455805634554054,0.0,36777.54419436544,0.9993897878903654,1,0
4671.0,2.7735009090529275,0.0,36772.26499090947,0.999246331274714,1,0
4672.0,2.9406962733028195,0.0,36770.59303726697,0.9992008977518196,1,0
4673.0,2.2204185647815398,0.0,36777.79581435218,0.999396625390005,1,0
4674.0,2.0843351800740493,0.0,36779.15664819926,0.999433604570632,1,0
4675.0,1.1320066369607955,0.0,36788.6799336304,0.999692389500826,1,0
4676.0,1.5839466944316882,0.0,36784.160533055685,0.9995695797026002,1,0
4677.0,1.9608661455422407,0.0,36780.39133854458,0.9994671559387114,1,0
4678.0,3.3426801252344376,0.0,36766.57319874765,0.9990916630094472,1,0
4679.0,0.1930238513859876,0.0,36798.06976148614,0.9999475478664712,1,0
4680.0,1.694885834011984,0.0,36783.05114165988,0.9995394331972794,1,0
4681.0,1.1149477206035954,0.0,36788.85052279396,0.9996970250759228,1,0
4682.0,1.0065261925719824,0.0,36789.93473807429,0.9997264874476708,1,0
4683.0,0.1468699136275972,0.0,36798.53130086373,0.9999600896973838,1,0
4684.0,0.410953021005298,0.0,36795.89046978995,0.9998883279834224,1,0
4685.0,3.30830385758145,0.0,36766.91696142418,0.9991010043865268,1,0
4686.0,3.2896135663995665,0.0,36767.10386433601,0.9991060832700002,1,0
4687.0,0.5367228942350266,0.0,36794.63277105765,0.9998541513874362,1,0
4688.0,0.4643816241587046,0.0,36795.35618375841,0.9998738093412612,1,0
4689.0,0.0,0.0,36800.0,1.0,1,0
4690.0,0.6245982791260758,0.0,36793.75401720874,0.9998302722067592,1,0
4691.0,2.246784096098964,0.0,36777.53215903901,0.9993894608434514,1,0
4692.0,0.1318733648759007,0.0,36798.68126635124,0.9999641648465012,1,0
4693.0,0.3316441529668736,0.0,36796.68355847033,0.999909879306259,1,0
4694.0,1.4335502340873063,0.0,36785.66449765913,0.9996104483059546,1,0
4695.0,1.1582576256405446,0.0,36788.4174237436,0.999685256079989,1,0
4696.0,1.0304761970692198,0.0,36789.69523802931,0.9997199792942748,1,0
4697.0,3.301702164040762,0.0,36766.98297835959,0.9991027983249888,1,0
4698.0,3.107944505022715,0.0,36768.92055494977,0.9991554498627656,1,0
4699.0,3.136979685177721,0.0,36768.63020314822,0.9991475598681582,1,0
4700.0,2.405958338480559,0.0,36775.9404166152,0.999346206973239,1,0
4701.0,1.121695184748205,0.0,36788.78304815252,0.9996951915258836,1,0
4702.0,2.1050616241427638,0.0,36778.949383758576,0.999427972384744,1,0
4703.0,0.8993936617389409,0.0,36791.00606338261,0.9997555995484404,1,0
4704.0,0.7506335071957437,0.0,36792.49366492804,0.9997960235034794,1,0
4705.0,2.1780986076191766,0.0,36778.21901392381,0.9994081253783644,1,0
4706.0,1.286108974974013,0.0,36787.13891025026,0.9996505138654962,1,0
4707.0,3.476344610221531,0.0,36765.23655389778,0.9990553411385268,1,0
4708.0,3.392439251263568,0.0,36766.07560748736,0.9990781415078088,1,0
4709.0,1.1041501810668706,0.0,36788.95849818933,0.9996999591899274,1,0
4710.0,1.6488446841749465,0.0,36783.51155315825,0.9995519443793004,1,0
4711.0,1.5220573843953389,0.0,36784.77942615605,0.9995863974498926,1,0
4712.0,1.072096221261745,0.0,36789.27903778738,0.999708669505092,1,0
4713.0,1.466746677784613,0.0,36785.33253322216,0.9996014275332108,1,0
4714.0,2.6891844130886966,0.0,36773.10815586912,0.9992692433660084,1,0
4715.0,2.6427876281823046,0.0,36773.57212371818,0.999281851187994,1,0
4716.0,2.9131878011585286,0.0,36770.86812198842,0.99920837288012,1,0
4717.0,2.8677440589426624,0.0,36771.322559410575,0.9992207217231136,1,0
4718.0,1.0897663858177111,0.0,36789.10233614182,0.9997038678299408,1,0
4719.0,1.349327645066296,0.0,36786.50672354933,0.999633334879058,1,0
4720.0,1.5874743971326095,0.0,36784.125256028674,0.9995686210877356,1,0
4721.0,1.687834456964083,0.0,36783.12165543036,0.9995413493323468,1,0
4722.0,3.05977004385295,0.0,36769.40229956147,0.999168540748953,1,0
4723.0,0.2692010796590693,0.0,36797.30798920341,0.9999268475327012,1,0
4724.0,0.7157584469159701,0.0,36792.84241553084,0.9998055004220336,1,0
4725.0,1.870881780831951,0.0,36781.29118219168,0.9994916082117304,1,0
4726.0,2.0491940251577034,0.0,36779.50805974842,0.9994431537975114,1,0
4727.0,1.3735286927885682,0.0,36786.26471307212,0.9996267585073944,1,0
4728.0,0.5187673403361259,0.0,36794.81232659664,0.9998590306140392,1,0
4729.0,3.208368406666523,0.0,36767.91631593333,0.999128160759058,1,0
4730.0,2.2836386369381216,0.0,36777.16361363062,0.9993794460225712,1,0
4731.0,0.0,0.0,36800.0,1.0,1,0
4732.0,2.1126544737071526,0.0,36778.87345526293,0.9994259091104056,1,0
4733.0,4.671447648698631,0.0,36753.28552351301,0.998730584878071,1,0
4734.0,2.1635246776104395,0.0,36778.3647532239,0.999412085685432,1,0
4735.0,2.705169230010142,0.0,36772.9483076999,0.9992648996657584,1,0
4736.0,4.402579531227275,0.0,36755.97420468773,0.9988036468665143,1,0
4737.0,2.0375526093712324,0.0,36779.62447390629,0.9994463172257144,1,0
4738.0,1.6260830413229996,0.0,36783.73916958677,0.999558129608336,1,0
4739.0,2.6340217189808754,0.0,36773.6597828102,0.999284233228538,1,0
4740.0,1.8582591461345144,0.0,36781.417408538655,0.9994950382755068,1,0
4741.0,3.0194314481368565,0.0,36769.80568551863,0.9991795023238758,1,0
4742.0,2.4332648753470494,0.0,36775.66735124653,0.9993387867186556,1,0
4743.0,2.926354491009988,0.0,36770.7364550899,0.999204794975269,1,0
4744.0,2.6326747665116272,0.0,36773.67325233488,0.9992845992482304,1,0
4745.0,3.1978896681621336,0.0,36768.02110331838,0.9991310082423472,1,0
4746.0,2.4551678901943887,0.0,36775.44832109805,0.9993328348124472,1,0
4747.0,1.6574108199738475,0.0,36783.42589180026,0.9995496166250072,1,0
4748.0,2.2195889387139687,0.0,36777.80411061286,0.9993968508318712,1,0
4749.0,0.6035564878302466,0.0,36793.9644351217,0.9998359900848288,1,0
4750.0,2.551941663125035,0.0,36774.48058336875,0.999306537591542,1,0
4751.0,3.3146672312495866,0.0,36766.8533276875,0.9990992752088996,1,0
4752.0,0.851801242770307,0.0,36791.4819875723,0.9997685322709864,1,0
4753.0,2.2216455187508477,0.0,36777.78354481249,0.9993962919786002,1,0
4754.0,2.7092611628704617,0.0,36772.9073883713,0.9992637877274808,1,0
4755.0,1.871685678398535,0.0,36781.28314321602,0.9994913897613048,1,0
4756.0,1.9206194363378015,0.0,36780.79380563663,0.9994780925444736,1,0
4757.0,2.018503229603084,0.0,36779.81496770397,0.999451493687608,1,0
4758.0,0.5839121629969668,0.0,36794.16087837003,0.9998413282165768,1,0
4759.0,2.6224278765776035,0.0,36773.77572123423,0.9992873837291908,1,0
4760.0,0.7356029888633202,0.0,36792.64397011137,0.9998001078834612,1,0
4761.0,1.9468111819214755,0.0,36780.53188818078,0.999470975222304,1,0
4762.0,2.299293359668809,0.0,36777.00706640331,0.9993751920218292,1,0
4763.0,2.471302017174821,0.0,36775.28697982825,0.9993284505388113,1,0
4764.0,2.405409641397455,0.0,36775.94590358603,0.9993463560757072,1,0
4765.0,1.2469169416235673,0.0,36787.53083058377,0.999661163874559,1,0
4766.0,0.9811949903505592,0.0,36790.18805009649,0.999733370926535,1,0
4767.0,0.5099180418046672,0.0,36794.90081958196,0.999861435314727,1,0
4768.0,0.5612719974960783,0.0,36794.38728002504,0.999847480435463,1,0
4769.0,1.832072842591515,0.0,36781.67927157409,0.9995021541188612,1,0
4770.0,0.858432916989841,0.0,36791.4156708301,0.9997667301856006,1,0
4771.0,1.345929568486099,0.0,36786.540704315135,0.999634258269433,1,0
4772.0,2.303537683277682,0.0,36776.96462316722,0.9993740386730224,1,0
4773.0,0.7650325412751044,0.0,36792.34967458725,0.9997921107224796,1,0
4774.0,2.055321372970866,0.0,36779.44678627029,0.9994414887573448,1,0
4775.0,1.8344855889263272,0.0,36781.65514411074,0.99950149848127,1,0
4776.0,0.9539090713451516,0.0,36790.46090928655,0.9997407855784388,1,0
4777.0,2.232685457147454,0.0,36777.673145428525,0.9993932919953404,1,0
4778.0,1.4594209766019048,0.0,36785.40579023399,0.99960341821288,1,0
4779.0,2.810892751549545,0.0,36771.891072484505,0.9992361704479484,1,0
4780.0,1.3029401144121948,0.0,36786.97059885588,0.999645940186301,1,0
4781.0,1.2077079429454898,0.0,36787.92292057055,0.999671818493765,1,0
4782.0,0.0,0.0,36800.0,1.0,1,0
4783.0,0.5053903504322079,0.0,36794.94609649568,0.9998626656656436,1,0
4784.0,2.494876887577448,0.0,36775.05123112423,0.999322044324028,1,0
4785.0,1.4902693857438862,0.0,36785.09730614256,0.9995950354930044,1,0
4786.0,2.3439811748667125,0.0,36776.56018825133,0.999363048593786,1,0
4787.0,1.285905381615521,0.0,36787.14094618385,0.9996505691897783,1,0
4788.0,1.465343227347148,0.0,36785.34656772653,0.999601808905612,1,0
4789.0,0.7666142972675516,0.0,36792.333857027326,0.9997916808974816,1,0
4790.0,2.957607834573537,0.0,36770.42392165426,0.9991963022188658,1,0
4791.0,3.4277194833484828,0.0,36765.72280516652,0.9990685544882204,1,0
4792.0,3.529175841675169,0.0,36764.70824158325,0.9990409848256318,1,0
4793.0,1.249203239448434,0.0,36787.50796760552,0.999660542597976,1,0
4794.0,1.186514623117546,0.0,36788.134853768825,0.999677577548066,1,0
4795.0,1.3026695943362938,0.0,36786.97330405664,0.9996460136971912,1,0
4796.0,1.5488209485401967,0.0,36784.5117905146,0.9995791247422444,1,0
4797.0,0.855838900200979,0.0,36791.441610998,0.9997674350814671,1,0
4798.0,3.2971834658301304,0.0,36767.0281653417,0.9991040262321114,1,0
4799.0,1.3398815138989448,0.0,36786.60118486101,0.9996359017625274,1,0
4800.0,0.6061561221285956,0.0,36793.93843877872,0.9998352836624652,1,0
4801.0,1.397957054348808,0.0,36786.02042945651,0.999620120365666,1,0
4802.0,1.0275460303946602,0.0,36789.72453969605,0.9997207755352188,1,0
4803.0,1.980542746548963,0.0,36780.194572534514,0.999461809036264,1,0
4804.0,1.3240080718906029,0.0,36786.759919281096,0.9996402151978558,1,0
4805.0,1.0420561600467408,0.0,36789.57943839953,0.9997168325652046,1,0
4806.0,1.638411151739092,0.0,36783.61588848261,0.9995547795783316,1,0
4807.0,0.0,0.0,36800.0,1.0,1,0
4808.0,1.015629971969247,0.0,36789.84370028031,0.9997240135945736,1,0
4809.0,2.632336732060139,0.0,36773.6766326794,0.9992846911054184,1,0
4810.0,4.203760251351923,0.0,36757.96239748648,0.9988576738447412,1,0
4811.0,1.1628893522884027,0.0,36788.37110647712,0.9996839974586174,1,0
4812.0,2.3328075830859234,0.0,36776.67192416914,0.9993660848959004,1,0
4813.0,3.819039591053297,0.0,36761.80960408947,0.9989622175024312,1,0
4814.0,5.829063913898608,0.0,36741.709360861016,0.9984160152407884,1,0
4815.0,4.712533339163201,0.0,36752.87466660837,0.9987194202882708,1,0
4816.0,3.0711068487489683,0.0,36769.28893151251,0.9991654600954486,1,0
4817.0,1.9133007266418645,0.0,36780.86699273358,0.999480081324282,1,0
4818.0,1.926080843149066,0.0,36780.73919156851,0.9994766084665356,1,0
4819.0,2.190668308817294,0.0,36778.09331691183,0.999404709698691,1,0
4820.0,0.2449437103996388,0.0,36797.550562896,0.9999334392091304,1,0
4821.0,2.4893644607545866,0.0,36775.10635539245,0.9993235422660992,1,0
4822.0,3.0651509095696383,0.0,36769.3484909043,0.999167078557182,1,0
4823.0,1.2895538041175314,0.0,36787.10446195882,0.99964957777062,1,0
4824.0,1.1412011297352365,0.0,36788.587988702646,0.9996898909973544,1,0
4825.0,1.6438089803596083,0.0,36783.5619101964,0.9995533127770762,1,0
4826.0,0.3874802261825607,0.0,36796.125197738176,0.9998947064602766,1,0
4827.0,0.0,0.0,36800.0,1.0,1,0
4828.0,0.0,0.0,36800.0,1.0,1,0
4829.0,0.8256974179530516,0.0,36791.74302582047,0.9997756257016432,1,0
4830.0,1.6781550458817946,0.0,36783.21844954118,0.9995439796070972,1,0
4831.0,1.500957136078796,0.0,36784.99042863921,0.999592131213022,1,0
4832.0,0.2957322449938147,0.0,36797.04267755006,0.9999196379769038,1,0
4833.0,0.7054415887341747,0.0,36792.94558411266,0.999808303916105,1,0
4834.0,0.7738934090448311,0.0,36792.26106590955,0.999789702877977,1,0
4835.0,2.437619321600323,0.0,36775.623806784,0.9993376034452172,1,0
4836.0,0.8526773152361784,0.0,36791.47322684764,0.9997682942078162,1,0
4837.0,0.9428724913968836,0.0,36790.57127508603,0.999743784649077,1,0
4838.0,0.0,0.0,36800.0,1.0,1,0
4839.0,0.9574908559761752,0.0,36790.42509144024,0.9997398122673976,1,0
4840.0,1.0459852654212227,0.0,36789.54014734579,0.9997157648735268,1,0
4841.0,0.3269569130034142,0.0,36796.73043086997,0.9999111530127708,1,0
4842.0,1.4452044096415193,0.0,36785.54795590359,0.9996072814104237,1,0
4843.0,2.989694056780536,0.0,36770.10305943219,0.9991875831367444,1,0
4844.0,4.59471100765586,0.0,36754.05288992344,0.9987514372261804,1,0
4845.0,2.5006081527326387,0.0,36774.99391847268,0.9993204869150184,1,0
4846.0,1.0300849509412728,0.0,36789.69915049059,0.9997200856111572,1,0
4847.0,0.5891778208688265,0.0,36794.10822179131,0.9998398973312856,1,0
4848.0,2.2810576990568734,0.0,36777.18942300943,0.9993801473643869,1,0
4849.0,1.2657997132591845,0.0,36787.34200286741,0.9996560326866144,1,0
4850.0,1.1360850175087762,0.0,36788.639149824914,0.9996912812452422,1,0
4851.0,2.059918387635662,0.0,36779.40081612364,0.9994402395685772,1,0
4852.0,2.505853418836523,0.0,36774.94146581164,0.9993190615709684,1,0
4853.0,3.639093058648541,0.0,36763.60906941351,0.9990111160166716,1,0
4854.0,5.174294544091936,0.0,36748.25705455908,0.998593941699975,1,0
4855.0,4.186715868252577,0.0,36758.13284131748,0.9988623054705836,1,0
4856.0,1.5273526592891358,0.0,36784.72647340711,0.9995849585164974,1,0
4857.0,2.127986181067172,0.0,36778.720138189325,0.9994217428855796,1,0
4858.0,0.6738151393683438,0.0,36793.26184860632,0.9998168980599542,1,0
4859.0,0.8853331562831954,0.0,36791.14666843717,0.9997594203379666,1,0
4860.0,1.6160998362011014,0.0,36783.83900163799,0.9995608424358148,1,0
4861.0,0.5028705844379147,0.0,36794.97129415562,0.9998633503846636,1,0
4862.0,0.0,0.0,36800.0,1.0,1,0
4863.0,0.0,0.0,36800.0,1.0,1,0
4864.0,0.0,0.0,36800.0,1.0,1,0
4865.0,1.5745629775483394,0.0,36784.25437022452,0.9995721296256662,1,0
4866.0,2.089118947777024,0.0,36779.10881052223,0.9994323046337562,1,0
4867.0,3.108012656669416,0.0,36768.9198734333,0.9991554313432964,1,0
4868.0,0.2398754566602292,0.0,36797.6012454334,0.9999348164519946,1,0
4869.0,1.6808310154328865,0.0,36783.19168984567,0.9995432524414584,1,0
4870.0,0.6750530149283804,0.0,36793.24946985072,0.999816561680726,1,0
4871.0,1.224562489341224,0.0,36787.75437510659,0.9996672384539834,1,0
4872.0,3.068282294886558,0.0,36769.31717705113,0.999166227637259,1,0
4873.0,1.3749390554075944,0.0,36786.25060944592,0.9996263752566829,1,0
4874.0,1.4946073144792535,0.0,36785.05392685521,0.999593856708022,1,0
4875.0,1.6130201577179832,0.0,36783.86979842282,0.999561679304968,1,0
4876.0,3.0844555026042144,0.0,36769.15544497396,0.9991618327438576,1,0
4877.0,1.805831279188169,0.0,36781.94168720812,0.9995092849784816,1,0
4878.0,1.785611274231087,0.0,36782.14388725769,0.999514779545046,1,0
4879.0,1.2187484749083524,0.0,36787.81251525092,0.9996688183492096,1,0
4880.0,0.8323609022518212,0.0,36791.67639097748,0.9997738149722142,1,0
4881.0,2.2948146903218003,0.0,36777.05185309678,0.999376409051543,1,0
4882.0,2.9058586603960066,0.0,36770.94141339604,0.9992103644944575,1,0
4883.0,3.116523432006943,0.0,36768.83476567993,0.9991531186326068,1,0
4884.0,1.736076715008494,0.0,36782.63923284991,0.9995282400230956,1,0
4885.0,1.8871609370871736,0.0,36781.12839062913,0.9994871845279656,1,0
4886.0,3.286038311610355,0.0,36767.1396168839,0.9991070548066276,1,0
4887.0,3.621946613310684,0.0,36763.78053386689,0.9990157753768176,1,0
4888.0,1.985706355766524,0.0,36780.14293644234,0.9994604058815852,1,0
4889.0,2.3605364769091466,0.0,36776.39463523091,0.9993585498704052,1,0
4890.0,2.2317302197279787,0.0,36777.68269780272,0.9993935515707262,1,0
4891.0,1.2969842032107408,0.0,36787.03015796789,0.999647558640432,1,0
4892.0,2.280962805793024,0.0,36777.19037194207,0.9993801731505996,1,0
4893.0,3.035279671668832,0.0,36769.64720328331,0.9991751957413944,1,0
4894.0,3.799162105331561,0.0,36762.00837894669,0.9989676189931164,1,0
4895.0,1.382927627022582,0.0,36786.170723729774,0.9996242044491788,1,0
4896.0,0.1332314345736449,0.0,36798.66768565426,0.9999637958058224,1,0
4897.0,2.1984662457771265,0.0,36778.01533754223,0.9994025906940824,1,0
4898.0,2.525341555250634,0.0,36774.74658444749,0.9993137658817254,1,0
4899.0,2.774667218894137,0.0,36772.25332781106,0.9992460143426918,1,0
4900.0,1.4013445809396217,0.0,36785.98655419061,0.999619199842136,1,0
4901.0,1.587406008187827,0.0,36784.12593991812,0.999568639671688,1,0
4902.0,0.8504526925062237,0.0,36791.49547307494,0.9997688987248624,1,0
4903.0,0.5479418886543499,0.0,36794.52058111346,0.9998511027476484,1,0
4904.0,1.538727340089281,0.0,36784.61272659911,0.999581867570628,1,0
4905.0,1.5733304599034454,0.0,36784.26669540096,0.9995724645489392,1,0
4906.0,2.8727525103940934,0.0,36771.27247489606,0.9992193607308713,1,0
4907.0,0.0235379844461931,0.0,36799.76462015554,0.9999936038085744,1,0
4908.0,1.381822101778198,0.0,36786.181778982216,0.9996245048636472,1,0
4909.0,1.621892226492491,0.0,36783.78107773508,0.999559268416714,1,0
4910.0,0.996975031472175,0.0,36790.03024968528,0.9997290828718828,1,0
4911.0,2.033993052864389,0.0,36779.66006947136,0.9994472844965042,1,0
4912.0,3.4966115392307984,0.0,36765.03388460769,0.9990498338208612,1,0
4913.0,3.543919125213506,0.0,36764.56080874786,0.9990369784985832,1,0
4914.0,2.1351667514145447,0.0,36778.64833248586,0.9994197916436374,1,0
4915.0,1.4481040597847823,0.0,36785.51895940215,0.9996064934620148,1,0
4916.0,2.7162318197215427,0.0,36772.83768180278,0.9992618935272496,1,0
4917.0,2.708244280425788,0.0,36772.91755719575,0.9992640640542322,1,0
4918.0,3.418061685338216,0.0,36765.81938314662,0.9990711788898538,1,0
4919.0,1.0012950146947333,0.0,36789.98704985305,0.999727908963398,1,0
4920.0,1.8666763146547964,0.0,36781.333236853454,0.9994927510014524,1,0
4921.0,1.045659903710657,0.0,36789.543400962895,0.9997158532870352,1,0
4922.0,1.2963412383178363,0.0,36787.03658761682,0.9996477333591528,1,0
4923.0,0.3339530013836338,0.0,36796.66046998616,0.999909251901798,1,0
4924.0,1.7391245573599008,0.0,36782.6087544264,0.9995274118050652,1,0
4925.0,0.4063719824434884,0.0,36795.93628017556,0.9998895728308576,1,0
4926.0,1.1833700287843385,0.0,36788.16629971216,0.9996784320573956,1,0
4927.0,2.8554841955228767,0.0,36771.44515804477,0.9992240532077384,1,0
4928.0,0.9998944481603758,0.0,36790.0010555184,0.9997282895521304,1,0
4929.0,1.8294568583623916,0.0,36781.705431416376,0.9995028649841406,1,0
4930.0,2.134138508338765,0.0,36778.65861491661,0.9994200710575166,1,0
4931.0,2.6617297273960503,0.0,36773.38270272604,0.999276703878425,1,0
4932.0,0.2100497405181158,0.0,36797.89950259482,0.9999429212661636,1,0
4933.0,0.0,0.0,36800.0,1.0,1,0
4934.0,1.366201988937064,0.0,36786.33798011063,0.999628749459528,1,0
4935.0,1.1885518140907152,0.0,36788.11448185909,0.9996770239635624,1,0
4936.0,0.4496102763523595,0.0,36795.50389723648,0.9998778232944696,1,0
4937.0,0.8575875984606682,0.0,36791.42412401539,0.9997669598917226,1,0
4938.0,0.1435984051986452,0.0,36798.56401594801,0.9999609786942394,1,0
4939.0,1.5166640209990874,0.0,36784.833359790005,0.999587863037772,1,0
4940.0,4.558155352809081,0.0,36754.41844647191,0.998761370828041,1,0
4941.0,2.927718154599461,0.0,36770.72281845401,0.9992044244145112,1,0
4942.0,3.384076022502086,0.0,36766.15923977498,0.99908041412432,1,0
4943.0,0.7415200552150054,0.0,36792.58479944785,0.999798499984996,1,0
4944.0,1.0590861462005705,0.0,36789.409138538,0.999712204851576,1,0
4945.0,1.4074675389583715,0.0,36785.92532461042,0.9996175359948484,1,0
4946.0,2.0668230755954937,0.0,36779.33176924405,0.9994383632946752,1,0
4947.0,2.483073060980132,0.0,36775.1692693902,0.9993252518856032,1,0
4948.0,1.5624127394330571,0.0,36784.37587260567,0.9995754313208064,1,0
4949.0,1.1289925899736772,0.0,36788.710074100265,0.9996932085353332,1,0
4950.0,3.102533964712165,0.0,36768.97466035288,0.9991569201182848,1,0
4951.0,3.5183929716386046,0.0,36764.81607028362,0.9990439149533592,1,0
4952.0,1.410761084067417,0.0,36785.89238915933,0.9996166410097644,1,0
4953.0,2.053720655077996,0.0,36779.46279344922,0.999441923735033,1,0
4954.0,0.1281578143043589,0.0,36798.71842185696,0.9999651745069826,1,0
4955.0,0.904154400124753,0.0,36790.95845599876,0.9997543058695314,1,0
4956.0,3.050869069485998,0.0,36769.49130930514,0.9991709594919876,1,0
4957.0,2.5404277794559675,0.0,36774.59572220544,0.9993096663642784,1,0
4958.0,1.664022267915243,0.0,36783.359777320846,0.9995478200358926,1,0
4959.0,1.476599454216739,0.0,36785.23400545783,0.9995987501483106,1,0
4960.0,0.5851204467517164,0.0,36794.148795532485,0.9998409998786,1,0
4961.0,2.108391227317042,0.0,36778.91608772683,0.9994270676012724,1,0
4962.0,0.8444422698858034,0.0,36791.55557730114,0.9997705319918788,1,0
4963.0,2.245428993942369,0.0,36777.54571006058,0.9993898290777332,1,0
4964.0,1.0097791074076667,0.0,36789.90220892592,0.999725603503422,1,0
4965.0,2.62314564242206,0.0,36773.76854357578,0.9992871886841244,1,0
4966.0,1.4955706631535577,0.0,36785.04429336847,0.999593594928491,1,0
4967.0,2.464533171654693,0.0,36775.35466828346,0.999330289899007,1,0
4968.0,3.9566070203518393,0.0,36760.43392979648,0.9989248350488176,1,0
4969.0,1.086990731248079,0.0,36789.13009268752,0.9997046220839,1,0
4970.0,2.0639806242088525,0.0,36779.36019375791,0.9994391356999432,1,0
4971.0,0.9845249676463936,0.0,36790.154750323534,0.9997324660414004,1,0
4972.0,1.9090645066253276,0.0,36780.90935493375,0.9994812324710258,1,0
4973.0,1.5608829467046237,0.0,36784.39117053295,0.999575847025352,1,0
4974.0,2.832389515710929,0.0,36771.67610484289,0.999230328935948,1,0
4975.0,1.1537878987610384,0.0,36788.46212101239,0.9996864706796844,1,0
4976.0,0.4952712058957331,0.0,36795.04728794104,0.9998654154331804,1,0
4977.0,1.0443240707181758,0.0,36789.55675929282,0.999716216285131,1,0
4978.0,1.7328643839391589,0.0,36782.67135616061,0.9995291129391468,1,0
4979.0,2.698833195567204,0.0,36773.01166804433,0.9992666214142482,1,0
4980.0,4.300639577004404,0.0,36756.99360422995,0.9988313479410312,1,0
4981.0,4.2415594063304525,0.0,36757.58440593669,0.9988474023352364,1,0
4982.0,1.2533137133686978,0.0,36787.46686286631,0.9996594256213672,1,0
4983.0,2.286806940505812,0.0,36777.131930594944,0.9993785850705148,1,0
4984.0,1.545046137210193,0.0,36784.5495386279,0.999580150506193,1,0
4985.0,1.9755631687239656,0.0,36780.24436831277,0.999463162182412,1,0
4986.0,2.248767839897482,0.0,36777.51232160103,0.9993889217826366,1,0
4987.0,1.7075956406242767,0.0,36782.92404359375,0.9995359794454824,1,0
4988.0,0.2374408910955026,0.0,36797.62559108905,0.999935478018724,1,0
4989.0,1.6236475360274198,0.0,36783.763524639726,0.9995587914304274,1,0
4990.0,2.088207742887789,0.0,36779.11792257112,0.9994325522437806,1,0
4991.0,1.066677775507742,0.0,36789.333222244924,0.9997101419088296,1,0
4992.0,1.1654452242264597,0.0,36788.34554775774,0.9996833029281994,1,0
4993.0,1.8388319500054424,0.0,36781.61168049995,0.99950031740489,1,0
4994.0,1.1247102388433632,0.0,36788.752897611565,0.9996943722177056,1,0
4995.0,2.246872550750595,0.0,36777.531274492496,0.9993894368068612,1,0
4996.0,2.052834572179563,0.0,36779.471654278204,0.9994421645184296,1,0
4997.0,2.138995010150211,0.0,36778.610049898496,0.9994187513559374,1,0
4998.0,2.3135662245485946,0.0,36776.86433775452,0.999371313525938,1,0
4999.0,2.938260469441957,0.0,36770.617395305584,0.9992015596550432,1,0
5000.0,1.3232721413060062,0.0,36786.767278586936,0.9996404151789928,1,0
5001.0,2.688708137120557,0.0,36773.1129186288,0.999269372788826,1,0
5002.0,5.338042288090946,0.0,36746.61957711909,0.99854944503041,1,0
5003.0,3.8604474462681537,0.0,36761.39552553732,0.9989509653678618,1,0
5004.0,0.4307635519317045,0.0,36795.69236448068,0.999882944686975,1,0
5005.0,1.8694753231829964,0.0,36781.30524676817,0.999491990401309,1,0
5006.0,3.0354196765201777,0.0,36769.6458032348,0.999175157696598,1,0
5007.0,0.6729053122980986,0.0,36793.27094687702,0.9998171452955712,1,0
5008.0,0.6869221642846242,0.0,36793.130778357154,0.9998133363684008,1,0
5009.0,1.7735022570577712,0.0,36782.26497742943,0.9995180700388432,1,0
5010.0,0.5424514301512318,0.0,36794.575485698486,0.9998525947200676,1,0
5011.0,0.0,0.0,36800.0,1.0,1,0
5012.0,0.0,0.0,36800.0,1.0,1,0
5013.0,0.0,0.0,36800.0,1.0,1,0
5014.0,1.155733590082491,0.0,36788.44266409917,0.9996859419592168,1,0
5015.0,2.538043379360716,0.0,36774.61956620639,0.9993103142990868,1,0
5016.0,3.055574392969902,0.0,36769.4442560703,0.9991696808714756,1,0
5017.0,2.0511252267224336,0.0,36779.48874773277,0.9994426290144774,1,0
5018.0,1.8669530791312356,0.0,36781.33046920869,0.9994926757937144,1,0
5019.0,4.714983711788591,0.0,36752.85016288211,0.9987187544261444,1,0
5020.0,2.0980842260469217,0.0,36779.01915773953,0.9994298684168352,1,0
5021.0,0.5456225820271356,0.0,36794.54377417973,0.9998517329940144,1,0
5022.0,2.1081120337021275,0.0,36778.918879662975,0.9994271434691026,1,0
5023.0,3.614320812100232,0.0,36763.856791879,0.9990178476054076,1,0
5024.0,1.2870549551289514,0.0,36787.12945044871,0.9996502568056714,1,0
5025.0,1.0034635536540009,0.0,36789.96536446346,0.9997273196865072,1,0
5026.0,1.878979415837421,0.0,36781.21020584163,0.9994894077674356,1,0
5027.0,2.150827318234405,0.0,36778.49172681766,0.9994155360548276,1,0
5028.0,4.627629383161548,0.0,36753.72370616839,0.9987424920154452,1,0
5029.0,2.702376194111821,0.0,36772.97623805888,0.9992656586429044,1,0
5030.0,0.6548230890675768,0.0,36793.45176910932,0.999822058943188,1,0
5031.0,0.132800304309967,0.0,36798.6719969569,0.9999639129607854,1,0
5032.0,2.616824534088664,0.0,36773.83175465911,0.9992889063766064,1,0
5033.0,1.7864732015641491,0.0,36782.13526798436,0.999514545325662,1,0
5034.0,2.281033774380376,0.0,36777.1896622562,0.9993801538656576,1,0
5035.0,1.6774521545066818,0.0,36783.22547845493,0.9995441706101884,1,0
5036.0,1.520115824374443,0.0,36784.79884175626,0.9995869250477244,1,0
5037.0,0.5337561812966669,0.0,36794.66243818704,0.9998549575594304,1,0
5038.0,3.6570412236778793,0.0,36763.429587763225,0.9990062387979136,1,0
5039.0,2.789537324048979,0.0,36772.10462675951,0.9992419735532476,1,0
5040.0,2.028207432844283,0.0,36779.71792567156,0.9994488566758576,1,0
5041.0,0.0042841202830459,0.0,36799.95715879717,0.9999988358368797,1,0
5042.0,0.7037876133608734,0.0,36792.96212386639,0.9998087533659344,1,0
5043.0,0.2971299953378548,0.0,36797.02870004662,0.9999192581534408,1,0
5044.0,1.385888490661273,0.0,36786.141115093385,0.999623399866668,1,0
5045.0,2.7031571620818795,0.0,36772.96842837918,0.9992654464233472,1,0
5046.0,0.9196556674769454,0.0,36790.80344332523,0.9997500935686204,1,0
5047.0,0.6934193906354267,0.0,36793.06580609365,0.9998115708177622,1,0
5048.0,1.6690335549974409,0.0,36783.309664450026,0.9995464582730984,1,0
5049.0,1.4706433258506877,0.0,36785.29356674149,0.9996003686614536,1,0
5050.0,2.172106220996284,0.0,36778.27893779003,0.9994097537442944,1,0
5051.0,0.0038666768095936,0.0,36799.96133323191,0.999998949272606,1,0
5052.0,0.4283431538724471,0.0,36795.71656846128,0.9998836024038392,1,0
5053.0,2.659336119018917,0.0,36773.40663880981,0.999277354315484,1,0
5054.0,3.259145117873232,0.0,36767.40854882127,0.9991143627397084,1,0
5055.0,2.9694331744258307,0.0,36770.30566825574,0.9991930888112974,1,0
5056.0,2.460058215467143,0.0,36775.39941784533,0.99933150591971,1,0
5057.0,2.900387036088432,0.0,36770.99612963911,0.9992118513488888,1,0
5058.0,1.4730814238346284,0.0,36785.26918576165,0.9995997061348276,1,0
5059.0,2.348369420010385,0.0,36776.51630579989,0.9993618561358668,1,0
5060.0,1.024021679393627,0.0,36789.759783206064,0.9997217332392953,1,0
5061.0,2.7542333236779086,0.0,36772.45766676322,0.9992515670316092,1,0
5062.0,3.171575924003264,0.0,36768.28424075997,0.9991381587163036,1,0
5063.0,1.547058099444257,0.0,36784.52941900556,0.9995796037773248,1,0
5064.0,2.8908728812557456,0.0,36771.09127118744,0.99921443671705,1,0
5065.0,2.075944206530949,0.0,36779.24055793469,0.999435884726486,1,0
5066.0,1.6903019798673995,0.0,36783.09698020133,0.9995406788098188,1,0
5067.0,1.6210340886200356,0.0,36783.7896591138,0.9995595016063532,1,0
5068.0,1.752554464863351,0.0,36782.47445535137,0.9995237623736783,1,0
5069.0,1.9488024227903225,0.0,36780.5119757721,0.9994704341242416,1,0
5070.0,1.962194635443666,0.0,36780.37805364556,0.9994667949360206,1,0
5071.0,1.311786482275238,0.0,36786.88213517725,0.9996435362819904,1,0
5072.0,0.9368674638999436,0.0,36790.631325361,0.9997454164500272,1,0
5073.0,2.3712789621567936,0.0,36776.28721037843,0.9993556307168052,1,0
5074.0,4.142350077686388,0.0,36758.576499223134,0.998874361391933,1,0
5075.0,1.3749115708724275,0.0,36786.25088429128,0.9996263827253064,1,0
5076.0,1.2405403837437916,0.0,36787.59459616256,0.9996628966348522,1,0
5077.0,1.5302992958968389,0.0,36784.69700704103,0.999584157800028,1,0
5078.0,1.7670189536675025,0.0,36782.32981046333,0.9995198318060688,1,0
5079.0,1.251055451034517,0.0,36787.48944548966,0.9996600392796102,1,0
5080.0,1.7371706655439991,0.0,36782.62829334456,0.9995279427539284,1,0
5081.0,1.3712182493436558,0.0,36786.28781750656,0.999627386345287,1,0
5082.0,2.309416920876174,0.0,36776.90583079124,0.9993724410541096,1,0
5083.0,2.523393337689413,0.0,36774.76606662311,0.9993142952886714,1,0
5084.0,2.9125438660112195,0.0,36770.874561339886,0.9992085478624968,1,0
5085.0,2.751956433739906,0.0,36772.4804356626,0.999252185751701,1,0
5086.0,3.872164071853149,0.0,36761.27835928147,0.9989477815022136,1,0
5087.0,1.3514265243939008,0.0,36786.48573475606,0.9996327645314148,1,0
5088.0,3.1769929473530283,0.0,36768.23007052647,0.999136686699089,1,0
5089.0,1.2445002736913011,0.0,36787.55499726308,0.9996618205778012,1,0
5090.0,0.0,0.0,36800.0,1.0,1,0
5091.0,0.0,0.0,36800.0,1.0,1,0
5092.0,1.646537555339819,0.0,36783.534624446605,0.999552571316484,1,0
5093.0,3.201819201645776,0.0,36767.98180798354,0.9991299404343352,1,0
5094.0,1.7815065535887695,0.0,36782.18493446411,0.999515894958264,1,0
5095.0,0.9053001251540992,0.0,36790.94699874846,0.9997539945312084,1,0
5096.0,1.3309568793447395,0.0,36786.69043120655,0.9996383269349608,1,0
5097.0,4.72431158177551,0.0,36752.75688418224,0.9987162196788651,1,0
5098.0,4.15954966568188,0.0,36758.40450334318,0.9988696875908474,1,0
5099.0,2.4987078613767157,0.0,36775.01292138623,0.9993210032985388,1,0
5100.0,1.127230131183751,0.0,36788.72769868816,0.9996936874643524,1,0
5101.0,3.0756788474536734,0.0,36769.24321152546,0.9991642177044964,1,0
5102.0,2.0643033818168988,0.0,36779.35696618183,0.9994390479940716,1,0
5103.0,1.3939193100204648,0.0,36786.0608068998,0.9996212175787988,1,0
5104.0,0.4853427920215836,0.0,36795.146572079786,0.9998681133717332,1,0
5105.0,1.7479558978948262,0.0,36782.52044102105,0.9995250119842676,1,0
5106.0,0.9678697502176874,0.0,36790.32130249783,0.9997369919157018,1,0
5107.0,1.7843134877339253,0.0,36782.15686512266,0.9995151322044202,1,0
5108.0,3.623511650761429,0.0,36763.76488349239,0.9990153500949018,1,0
5109.0,2.298358718066993,0.0,36777.01641281933,0.9993754460005252,1,0
5110.0,2.546239686703302,0.0,36774.537603132965,0.9993080870416566,1,0
5111.0,1.6492866894786855,0.0,36783.50713310522,0.9995518242691634,1,0
5112.0,1.5302592591651774,0.0,36784.69740740835,0.9995841686795748,1,0
5113.0,3.0501255721592315,0.0,36769.4987442784,0.9991711615293044,1,0
5114.0,1.53991415353903,0.0,36784.60085846461,0.9995815450669732,1,0
5115.0,3.5257666818588405,0.0,36764.74233318141,0.9990419112277558,1,0
5116.0,3.597123639138772,0.0,36764.02876360861,0.999022520750234,1,0
5117.0,2.926889376480176,0.0,36770.7311062352,0.9992046496259565,1,0
5118.0,1.6241354973008129,0.0,36783.75864502699,0.9995586588322553,1,0
5119.0,3.2706147529097507,0.0,36767.2938524709,0.9991112459910572,1,0
5120.0,0.5692600113889057,0.0,36794.30739988611,0.9998453097795138,1,0
5121.0,0.99432607363633,0.0,36790.05673926364,0.9997298026973814,1,0
5122.0,1.45669771320172,0.0,36785.43302286798,0.9996041582301082,1,0
5123.0,0.0,0.0,36800.0,1.0,1,0
5124.0,0.5722394222557341,0.0,36794.277605777446,0.9998445001569958,1,0
5125.0,2.9021162179988096,0.0,36770.97883782001,0.9992113814625004,1,0
5126.0,2.2651063805597005,0.0,36777.3489361944,0.9993844819618044,1,0
5127.0,4.193390261113564,0.0,36758.06609738887,0.9988604917768714,1,0
5128.0,1.081736586930674,0.0,36789.182634130695,0.999706049840508,1,0
5129.0,0.6968677432005279,0.0,36793.03132256799,0.9998106337654346,1,0
5130.0,1.1685718842954884,0.0,36788.31428115704,0.999682453292311,1,0
5131.0,2.9296460564464724,0.0,36770.70353943553,0.9992039005281396,1,0
5132.0,3.879539152044345,0.0,36761.20460847956,0.998945777404336,1,0
5133.0,2.0323824147726555,0.0,36779.67617585228,0.9994477221698987,1,0
5134.0,1.5155376950606296,0.0,36784.844623049394,0.9995881691046032,1,0
5135.0,2.313270703579292,0.0,36776.867292964205,0.9993713938305492,1,0
5136.0,1.492437151181548,0.0,36785.075628488186,0.9995944464263096,1,0
5137.0,1.993847994373937,0.0,36780.06152005626,0.9994581934797896,1,0
5138.0,0.8271397388180048,0.0,36791.72860261182,0.9997752337666256,1,0
5139.0,0.1744537722897803,0.0,36798.2554622771,0.9999525940836168,1,0
5140.0,1.390351893089246,0.0,36786.09648106911,0.9996221869855736,1,0
5141.0,2.509902750652145,0.0,36774.90097249348,0.999317961209062,1,0
5142.0,0.1050226835723151,0.0,36798.94977316428,0.99997146122729,1,0
5143.0,0.1228429459360995,0.0,36798.77157054064,0.9999666187646912,1,0
5144.0,0.9251435791702534,0.0,36790.7485642083,0.999748602288269,1,0
5145.0,1.5695369836803366,0.0,36784.3046301632,0.9995734953848696,1,0
5146.0,0.386960956274379,0.0,36796.13039043725,0.9998948475662296,1,0
5147.0,0.5046007732680664,0.0,36794.95399226732,0.9998628802246554,1,0
5148.0,2.6458070716262228,0.0,36773.54192928374,0.999281030687058,1,0
5149.0,2.2876218617266204,0.0,36777.12378138273,0.9993783636245308,1,0
5150.0,0.6434253363504467,0.0,36793.565746636494,0.9998251561586003,1,0
5151.0,2.530439700472016,0.0,36774.69560299528,0.999312380516176,1,0
5152.0,1.839090274190312,0.0,36781.6090972581,0.9995002472081006,1,0
5153.0,3.206694886616788,0.0,36767.93305113384,0.9991286155199413,1,0
5154.0,0.675046250295054,0.0,36793.249537497046,0.9998165635189414,1,0
5155.0,2.841594696054017,0.0,36771.58405303946,0.9992278275282462,1,0
5156.0,2.05870705401594,0.0,36779.41292945984,0.9994405687353216,1,0
5157.0,4.321225754721127,0.0,36756.78774245279,0.9988257538709996,1,0
5158.0,1.3080572918361213,0.0,36786.91942708164,0.9996445496489575,1,0
5159.0,2.212183431709491,0.0,36777.87816568291,0.9993988631979052,1,0
5160.0,1.7174611451300734,0.0,36782.8253885487,0.9995332986018668,1,0
5161.0,1.2873783341028684,0.0,36787.12621665897,0.9996501689309504,1,0
5162.0,1.3860062018102326,0.0,36786.1399379819,0.9996233678799428,1,0
5163.0,1.880443833982099,0.0,36781.19556166018,0.9994890098277222,1,0
5164.0,1.5536274463074733,0.0,36784.46372553692,0.9995778186287207,1,0
5165.0,2.499311146072614,0.0,36775.00688853928,0.9993208393624804,1,0
5166.0,0.654926186600278,0.0,36793.45073813399,0.9998220309275542,1,0
5167.0,1.4913452634300484,0.0,36785.0865473657,0.9995947431349376,1,0
5168.0,0.5114318746755089,0.0,36794.88568125325,0.9998610239470992,1,0
5169.0,0.9791940656004954,0.0,36790.208059344,0.9997339146560869,1,0
5170.0,2.013909477755078,0.0,36779.86090522245,0.9994527419897404,1,0
5171.0,2.0931808825544067,0.0,36779.06819117445,0.999431200847132,1,0
5172.0,1.9246858468541177,0.0,36780.75314153146,0.9994769875416156,1,0
5173.0,0.0,0.0,36800.0,1.0,1,0
5174.0,0.9393642961285876,0.0,36790.60635703871,0.9997447379630084,1,0
5175.0,0.0853976931157376,0.0,36799.14602306884,0.9999767941051316,1,0
5176.0,3.200566243051071,0.0,36767.994337569486,0.9991302809122142,1,0
5177.0,1.7823935824299042,0.0,36782.1760641757,0.999515653917818,1,0
5178.0,1.8610592988243295,0.0,36781.38940701175,0.9994942773644498,1,0
5179.0,3.0182022046992643,0.0,36769.81797795301,0.9991798363574186,1,0
5180.0,2.400541745474584,0.0,36775.99458254525,0.9993476788735124,1,0
5181.0,2.0857978601979994,0.0,36779.14202139802,0.9994332071032068,1,0
5182.0,1.107868708982096,0.0,36788.92131291018,0.9996989487203852,1,0
5183.0,1.3022769385825086,0.0,36786.977230614175,0.9996461203971244,1,0
5184.0,2.715086631630584,0.0,36772.849133683696,0.9992622047196656,1,0
5185.0,1.9308181582337056,0.0,36780.69181841766,0.9994753211526538,1,0
5186.0,1.859248435333939,0.0,36781.40751564666,0.99949476944692,1,0
5187.0,2.262073795901415,0.0,36777.37926204099,0.9993853060337224,1,0
5188.0,1.601064041893551,0.0,36783.98935958106,0.9995649282494854,1,0
5189.0,3.201716329846022,0.0,36767.98283670154,0.9991299683886288,1,0
5190.0,2.582120861901785,0.0,36774.17879138098,0.9992983367223092,1,0
5191.0,1.112578065226444,0.0,36788.87421934774,0.9996976690040146,1,0
5192.0,0.6656028995757879,0.0,36793.34397100424,0.9998191296468544,1,0
5193.0,0.9203260110589326,0.0,36790.79673988941,0.9997499114100384,1,0
5194.0,0.4174196594722161,0.0,36795.82580340528,0.9998865707447088,1,0
5195.0,1.2736830898948028,0.0,36787.263169101054,0.9996538904647024,1,0
5196.0,3.205991926376555,0.0,36767.94008073623,0.9991288065417454,1,0
5197.0,1.490441907370041,0.0,36785.095580926296,0.9995949886121276,1,0
5198.0,1.1942364326305324,0.0,36788.05763567369,0.9996754792302632,1,0
5199.0,2.6288227233399084,0.0,36773.711772766605,0.9992856459990924,1,0
5200.0,2.2227699206750917,0.0,36777.77230079325,0.9993959864345991,1,0
5201.0,0.7294663144239166,0.0,36792.70533685576,0.999801775458037,1,0
5202.0,0.4934967238095851,0.0,36795.06503276191,0.9998658976293996,1,0
5203.0,2.076801136999165,0.0,36779.23198863001,0.999435651864946,1,0
5204.0,2.733069447876005,0.0,36772.66930552124,0.9992573180848162,1,0
5205.0,0.9767338439251034,0.0,36790.232661560745,0.9997345831945856,1,0
5206.0,1.370360714954586,0.0,36786.29639285045,0.9996276193709362,1,0
5207.0,1.6095916894018956,0.0,36783.90408310598,0.9995626109539668,1,0
5208.0,0.0245288820769928,0.0,36799.75471117923,0.9999933345429138,1,0
5209.0,1.533632072342698,0.0,36784.66367927657,0.9995832521542548,1,0
5210.0,2.223893681959453,0.0,36777.761063180405,0.9993956810646848,1,0
5211.0,0.4246988513459655,0.0,36795.75301148654,0.9998845927034384,1,0
5212.0,2.80078623780264,0.0,36771.99213762197,0.9992389167832058,1,0
5213.0,1.9704881043389832,0.0,36780.29511895661,0.9994645412759948,1,0
5214.0,1.0602677118968131,0.0,36789.39732288104,0.9997118837739412,1,0
5215.0,0.2536168182323308,0.0,36797.46383181767,0.9999310823863498,1,0
5216.0,2.2825510748825764,0.0,36777.17448925118,0.9993797415557384,1,0
5217.0,2.0167780331203176,0.0,36779.8322196688,0.999451962491,1,0
5218.0,2.341129832407205,0.0,36776.58870167593,0.9993638234151068,1,0
5219.0,1.2573283576557517,0.0,36787.42671642344,0.9996583346854196,1,0
5220.0,3.150478180672508,0.0,36768.49521819328,0.9991438917987304,1,0
5221.0,1.6765522133109698,0.0,36783.23447786689,0.9995444151594264,1,0
5222.0,1.0389376111361344,0.0,36789.61062388864,0.999717679996974,1,0
5223.0,0.7599040403447361,0.0,36792.40095959656,0.9997935043368628,1,0
5224.0,1.5147533613235282,0.0,36784.852466386765,0.9995883822387708,1,0
5225.0,0.7298235516245768,0.0,36792.70176448376,0.9998016783827108,1,0
5226.0,0.394793703335381,0.0,36796.05206296664,0.9998927191023544,1,0
5227.0,1.8181324941369892,0.0,36781.81867505863,0.999505942257028,1,0
5228.0,2.990233679048288,0.0,36770.09766320952,0.9991874365002588,1,0
5229.0,2.6590698790723764,0.0,36773.40930120928,0.9992774266632956,1,0
5230.0,2.903622465308217,0.0,36770.963775346914,0.9992109721561662,1,0
5231.0,1.7397333760700349,0.0,36782.6026662393,0.9995272463651984,1,0
5232.0,2.662224433405754,0.0,36773.37775566594,0.999276569447444,1,0
5233.0,1.966380343255878,0.0,36780.33619656744,0.9994656575154196,1,0
5234.0,0.8959229568854425,0.0,36791.04077043114,0.9997565426747592,1,0
5235.0,1.1602543363551376,0.0,36788.39745663645,0.9996847134955557,1,0
5236.0,1.3621990570982234,0.0,36786.37800942902,0.9996298372127452,1,0
5237.0,1.9698128158706825,0.0,36780.30187184129,0.999464724778296,1,0
5238.0,1.5192125677203876,0.0,36784.8078743228,0.999587170497902,1,0
5239.0,0.3094061730344037,0.0,36796.90593826966,0.9999159222355886,1,0
5240.0,2.4967759517012382,0.0,36775.032240482986,0.9993215282739942,1,0
5241.0,2.192409037273137,0.0,36778.07590962727,0.999404236674654,1,0
5242.0,0.9013089455283988,0.0,36790.98691054472,0.999755079090889,1,0
5243.0,1.7633502147991749,0.0,36782.36649785201,0.9995208287459786,1,0
5244.0,2.0546635979335406,0.0,36779.453364020665,0.9994416675005616,1,0
5245.0,0.6740756286471878,0.0,36793.25924371353,0.9998168272748242,1,0
5246.0,0.6235310796682825,0.0,36793.76468920332,0.9998305622066118,1,0
5247.0,0.0,0.0,36800.0,1.0,1,0
5248.0,0.0,0.0,36800.0,1.0,1,0
5249.0,0.0,0.0,36800.0,1.0,1,0
5250.0,1.0923185881483732,0.0,36789.07681411852,0.9997031742966987,1,0
5251.0,0.9109147466733702,0.0,36790.89085253327,0.9997524688188388,1,0
5252.0,0.0,0.0,36800.0,1.0,1,0
5253.0,0.9503490585393592,0.0,36790.4965094146,0.9997417529732228,1,0
5254.0,0.3898179555217211,0.0,36796.10182044478,0.9998940712077388,1,0
5255.0,0.6636184144808794,0.0,36793.36381585519,0.9998196689091084,1,0
5256.0,0.8870164173722515,0.0,36791.12983582628,0.999758962930062,1,0
5257.0,0.1143750916871795,0.0,36798.856249083125,0.9999689198120414,1,0
5258.0,0.6779709047013966,0.0,36793.22029095299,0.9998157687758964,1,0
5259.0,1.1192267036976773,0.0,36788.80773296303,0.9996958623087778,1,0
5260.0,0.5443242254887082,0.0,36794.55675774512,0.9998520858082912,1,0
5261.0,2.203077806770125,0.0,36777.9692219323,0.999401337552508,1,0
5262.0,3.831255095704364,0.0,36761.68744904296,0.9989588980718194,1,0
5263.0,1.3476538585955495,0.0,36786.52346141404,0.999633789712338,1,0
5264.0,2.1459143029314878,0.0,36778.540856970685,0.999416871113334,1,0
5265.0,3.02643119943059,0.0,36769.73568800569,0.999177600217546,1,0
5266.0,4.374903240335698,0.0,36756.25096759664,0.9988111675977348,1,0
5267.0,1.9926644336119352,0.0,36780.07335566388,0.999458515099562,1,0
5268.0,1.0037155392919883,0.0,36789.96284460708,0.9997272512121488,1,0
5269.0,1.7806900913874415,0.0,36782.19309908613,0.9995161168229928,1,0
5270.0,3.0911407605963177,0.0,36769.08859239404,0.999160016097664,1,0
5271.0,1.013324528722478,0.0,36789.86675471278,0.9997246400737168,1,0
5272.0,2.0380502858643013,0.0,36779.61949714136,0.9994461819875368,1,0
5273.0,1.7397541396903762,0.0,36782.6024586031,0.9995272407229104,1,0
5274.0,1.7287212357714452,0.0,36782.71278764229,0.9995302387946274,1,0
5275.0,0.8782336620879505,0.0,36791.21766337912,0.9997613495483456,1,0
5276.0,2.908497947877549,0.0,36770.91502052122,0.9992096472967724,1,0
5277.0,4.63684666919562,0.0,36753.63153330804,0.9987399873181532,1,0
5278.0,3.8099113624984966,0.0,36761.90088637501,0.998964697999321,1,0
5279.0,1.4146984041399264,0.0,36785.8530159586,0.9996155710858315,1,0
5280.0,3.054628039743875,0.0,36769.45371960256,0.9991699380326784,1,0
5281.0,1.0725060543963991,0.0,36789.27493945604,0.9997085581373923,1,0
5282.0,1.3904811856546075,0.0,36786.09518814345,0.9996221518517242,1,0
5283.0,1.2563945364490792,0.0,36787.43605463551,0.9996585884411824,1,0
5284.0,0.8454738232403542,0.0,36791.5452617676,0.9997702516784672,1,0
5285.0,0.1555685401817754,0.0,36798.44431459818,0.999957725940168,1,0
5286.0,1.4647619404886427,0.0,36785.35238059511,0.9996019668639976,1,0
5287.0,2.851790352048738,0.0,36771.48209647952,0.999225056969552,1,0
5288.0,3.2243541162488327,0.0,36767.75645883751,0.9991238168162366,1,0
5289.0,1.6521243815350315,0.0,36783.478756184646,0.9995510531571916,1,0
5290.0,1.0429849208840096,0.0,36789.57015079116,0.9997165801845423,1,0
5291.0,1.5895260001589122,0.0,36784.10473999841,0.9995680635869132,1,0
5292.0,1.1937212684497354,0.0,36788.0627873155,0.99967561922053,1,0
5293.0,0.9803846233971854,0.0,36790.196153766025,0.9997335911349464,1,0
5294.0,2.421008306046133,0.0,36775.78991693954,0.9993421173081396,1,0
5295.0,2.137461065985917,0.0,36778.625389340144,0.9994191681885908,1,0
5296.0,2.0554620050561425,0.0,36779.44537994944,0.9994414505421044,1,0
5297.0,2.586818142847733,0.0,36774.13181857152,0.9992970602872696,1,0
5298.0,1.2016723496426494,0.0,36787.983276503575,0.9996734586006406,1,0
5299.0,0.6332976820449403,0.0,36793.66702317955,0.9998279082385748,1,0
5300.0,1.2775395236503757,0.0,36787.2246047635,0.9996528425207472,1,0
5301.0,5.331835019619575,0.0,36746.6816498038,0.9985511317881468,1,0
5302.0,0.4003546712701791,0.0,36795.9964532873,0.9998912079697636,1,0
5303.0,1.0716188450433035,0.0,36789.28381154957,0.9997087992268904,1,0
5304.0,2.179889234285838,0.0,36778.20110765714,0.999407638795031,1,0
5305.0,2.7395572365785483,0.0,36772.604427634215,0.999255555098756,1,0
5306.0,0.5270870457625279,0.0,36794.72912954238,0.9998567698245212,1,0
5307.0,1.362110379918704,0.0,36786.37889620081,0.9996298613098048,1,0
5308.0,2.1322472425263186,0.0,36778.677527574735,0.999420584988444,1,0
5309.0,1.7314129911419514,0.0,36782.68587008858,0.9995295073393636,1,0
5310.0,4.8150538735471855,0.0,36751.84946126453,0.9986915614474056,1,0
5311.0,1.7214251328041428,0.0,36782.78574867196,0.9995322214313032,1,0
5312.0,3.929219592242589,0.0,36760.70780407757,0.9989322772847168,1,0
5313.0,1.9513732407040152,0.0,36780.48626759296,0.9994697355324176,1,0
5314.0,3.208076148620421,0.0,36767.919238513794,0.9991282401770052,1,0
5315.0,1.6375606047058682,0.0,36783.62439395294,0.9995550107052428,1,0
5316.0,0.8628292810726634,0.0,36791.37170718928,0.9997655355214476,1,0
5317.0,2.3190204102156717,0.0,36776.80979589785,0.9993698314102676,1,0
5318.0,2.7314536830672296,0.0,36772.68546316933,0.9992577571513404,1,0
5319.0,0.1272864073325763,0.0,36798.727135926674,0.9999654113023552,1,0
5320.0,0.7687287174849189,0.0,36792.31271282515,0.9997911063267704,1,0
5321.0,0.2325773955508339,0.0,36797.67422604449,0.999936799620774,1,0
5322.0,0.9638632332071212,0.0,36790.36136766793,0.9997380806431504,1,0
5323.0,1.1421938068797317,0.0,36788.5780619312,0.9996896212481304,1,0
5324.0,1.152863008544955,0.0,36788.47136991455,0.9996867220085476,1,0
5325.0,2.1546835702338285,0.0,36778.45316429767,0.9994144881602628,1,0
5326.0,2.5862771743732083,0.0,36774.137228256266,0.9992972072895724,1,0
5327.0,2.4157341138216,0.0,36775.84265886179,0.9993435505125484,1,0
5328.0,1.6771031158568803,0.0,36783.22896884143,0.9995442654576476,1,0
5329.0,1.4180634755994106,0.0,36785.81936524401,0.9996146566642394,1,0
5330.0,1.5114233912436248,0.0,36784.885766087566,0.9995892871219448,1,0
5331.0,0.2177872913607643,0.0,36797.8221270864,0.999940818670826,1,0
5332.0,2.1569630029816835,0.0,36778.430369970185,0.9994138687491898,1,0
5333.0,3.2500012133068594,0.0,36767.49998786693,0.999116847496384,1,0
5334.0,1.5664469465054935,0.0,36784.33553053495,0.9995743350688844,1,0
5335.0,1.5191631495972615,0.0,36784.808368504026,0.9995871839267398,1,0
5336.0,0.4161259740685636,0.0,36795.838740259314,0.9998869222896551,1,0
5337.0,3.345931161342378,0.0,36766.54068838658,0.9990907795757222,1,0
5338.0,0.6301133423630745,0.0,36793.69886657637,0.9998287735482708,1,0
5339.0,1.7382953451333378,0.0,36782.617046548665,0.9995276371344746,1,0
5340.0,2.438974006982789,0.0,36775.610259930174,0.9993372353241896,1,0
5341.0,1.7460185634681693,0.0,36782.53981436532,0.99952553843384,1,0
5342.0,0.0,0.0,36800.0,1.0,1,0
5343.0,4.186627004177353,0.0,36758.13372995822,0.99886232961843,1,0
5344.0,2.39732818766879,0.0,36776.026718123314,0.9993485521229162,1,0
5345.0,1.2856956342702688,0.0,36787.1430436573,0.9996506261863396,1,0
5346.0,2.261464344365777,0.0,36777.38535655634,0.9993854716455528,1,0
5347.0,0.8849411411683832,0.0,36791.15058858832,0.999759526863813,1,0
5348.0,0.4792266110016498,0.0,36795.20773388998,0.9998697753774451,1,0
5349.0,2.314895785278168,0.0,36776.85104214722,0.9993709522322614,1,0
5350.0,0.2688182999954733,0.0,36797.311817000045,0.9999269515489144,1,0
5351.0,4.191592293264876,0.0,36758.08407706735,0.9988609803550912,1,0
5352.0,1.6903552609928738,0.0,36783.09644739007,0.999540664331252,1,0
5353.0,0.0660335875036253,0.0,36799.33966412496,0.9999820560903524,1,0
5354.0,0.9163344241478626,0.0,36790.836655758525,0.9997509960803947,1,0
5355.0,0.5404143927898986,0.0,36794.595856072105,0.9998531482628288,1,0
5356.0,1.7690414112239523,0.0,36782.30958588776,0.999519282225211,1,0
5357.0,1.779961822167934,0.0,36782.20038177832,0.9995163147222368,1,0
5358.0,0.9785650304129376,0.0,36790.214349695874,0.9997340855895618,1,0
5359.0,3.7014954827764086,0.0,36762.98504517224,0.998994158836202,1,0
5360.0,0.9767684136522804,0.0,36790.23231586348,0.999734573800638,1,0
5361.0,1.2122993621787828,0.0,36787.87700637821,0.9996705708254948,1,0
5362.0,1.1339230116655017,0.0,36788.66076988335,0.99969186874683,1,0
5363.0,1.0644755798557526,0.0,36789.35524420144,0.9997107403315608,1,0
5364.0,2.069053007901857,0.0,36779.30946992098,0.9994377573348092,1,0
5365.0,1.2048470286872544,0.0,36787.95152971313,0.9996725959161176,1,0
5366.0,2.5948090905012577,0.0,36774.05190909499,0.999294888834103,1,0
5367.0,2.4098484843862025,0.0,36775.90151515614,0.9993451498683734,1,0
5368.0,0.8683250342328392,0.0,36791.31674965767,0.9997640421102628,1,0
5369.0,2.0195675738186765,0.0,36779.804324261815,0.9994512044636364,1,0
5370.0,0.7950258421024046,0.0,36792.04974157897,0.999783960368994,1,0
5371.0,3.1126339351048955,0.0,36768.87366064896,0.9991541755611127,1,0
5372.0,1.2992977493840954,0.0,36787.00702250616,0.9996469299594064,1,0
5373.0,1.2759436240803552,0.0,36787.2405637592,0.9996532761891086,1,0
5374.0,2.585474740432801,0.0,36774.14525259567,0.9992974253422736,1,0
5375.0,2.947189718030131,0.0,36770.5281028197,0.9991991332287962,1,0
5376.0,2.461910571510998,0.0,36775.38089428489,0.9993310025620894,1,0
5377.0,1.80364953557546,0.0,36781.96350464424,0.9995098778435936,1,0
5378.0,1.1496094992689905,0.0,36788.50390500731,0.999687606114329,1,0
5379.0,5.123135963599452,0.0,36748.768640364,0.9986078434881522,1,0
5380.0,1.5616200669701357,0.0,36784.3837993303,0.999575646720932,1,0
5381.0,2.3826647534870062,0.0,36776.17335246513,0.9993525367517698,1,0
5382.0,0.333457979085324,0.0,36796.665420209145,0.9999093864187268,1,0
5383.0,0.894860635965415,0.0,36791.05139364034,0.9997568313489223,1,0
5384.0,1.8577909917403304,0.0,36781.4220900826,0.999495165491375,1,0
5385.0,0.3458511959206589,0.0,36796.54148804079,0.9999060186967608,1,0
5386.0,2.367557516300621,0.0,36776.324424837,0.9993566419792662,1,0
5387.0,2.025518280524921,0.0,36779.74481719475,0.9994495874237704,1,0
5388.0,1.520333060698249,0.0,36784.79666939302,0.9995868660161148,1,0
5389.0,0.2889468602697889,0.0,36797.1105313973,0.9999214818314484,1,0
5390.0,1.3559014340426074,0.0,36786.44098565957,0.999631548523358,1,0
5391.0,2.227504336320635,0.0,36777.7249566368,0.9993946999086086,1,0
5392.0,1.821974575494096,0.0,36781.78025424506,0.999504898213181,1,0
5393.0,2.200281579147486,0.0,36777.99718420852,0.9994020973969708,1,0
5394.0,2.777641996182865,0.0,36772.223580038175,0.9992452059792982,1,0
5395.0,3.426691578711143,0.0,36765.73308421289,0.9990688338101328,1,0
5396.0,1.4819210537352774,0.0,36785.18078946265,0.999597304061485,1,0
5397.0,2.444211659832036,0.0,36775.55788340168,0.9993358120489586,1,0
5398.0,0.2105731739320617,0.0,36797.89426826068,0.9999427790288228,1,0
5399.0,1.792472706281842,0.0,36782.07527293718,0.9995129150254668,1,0
5400.0,0.0,0.0,36800.0,1.0,1,0
5401.0,1.3440573564930671,0.0,36786.559426435066,0.999634767022692,1,0
5402.0,1.7021039133387603,0.0,36782.97896086661,0.9995374717626796,1,0
5403.0,1.790475217691892,0.0,36782.09524782308,0.9995134578212794,1,0
5404.0,3.4715478004554825,0.0,36765.28452199545,0.9990566446194415,1,0
5405.0,0.7050302669213124,0.0,36792.94969733078,0.9998084156883364,1,0
5406.0,1.4733148778650502,0.0,36785.26685122135,0.9995996426962324,1,0
5407.0,1.492065718606682,0.0,36785.07934281393,0.9995945473590742,1,0
5408.0,0.7478362644305889,0.0,36792.52163735569,0.999796783623796,1,0
5409.0,2.0628090083937423,0.0,36779.37190991607,0.9994394540738062,1,0
5410.0,5.024493983132743,0.0,36749.755060168674,0.9986346483741488,1,0
5411.0,1.4622862786054611,0.0,36785.377137213945,0.9996026395982052,1,0
5412.0,0.9871048066270304,0.0,36790.12895193373,0.9997317649981992,1,0
5413.0,2.5499835931968846,0.0,36774.50016406803,0.9993070696757616,1,0
5414.0,1.5968241371347176,0.0,36784.031758628655,0.9995660803975178,1,0
5415.0,2.7311573650558785,0.0,36772.68842634944,0.9992578376725392,1,0
5416.0,1.9676345081807085,0.0,36780.32365491819,0.9994653167097334,1,0
5417.0,2.939503106389566,0.0,36770.6049689361,0.9992012219819592,1,0
5418.0,0.0,0.0,36800.0,1.0,1,0
5419.0,0.0046441585700449,0.0,36799.9535584143,0.9999987380003886,1,0
5420.0,0.996650953061362,0.0,36790.03349046939,0.999729170936668,1,0
5421.0,0.9819189096333504,0.0,36790.18081090367,0.9997331742093388,1,0
5422.0,2.9715406819113923,0.0,36770.28459318088,0.9991925161190458,1,0
5423.0,1.0524720365447138,0.0,36789.47527963456,0.9997140021639824,1,0
5424.0,0.4545403149095364,0.0,36795.454596850905,0.999876483610079,1,0
5425.0,2.7856367037638847,0.0,36772.14363296236,0.999243033504412,1,0
5426.0,1.0555493610327176,0.0,36789.44450638967,0.999713165934502,1,0
5427.0,0.7593911622980158,0.0,36792.40608837702,0.9997936437058972,1,0
5428.0,1.7698834868124322,0.0,36782.301165131874,0.9995190534003228,1,0
5429.0,3.29261981543641,0.0,36767.07380184563,0.9991052663545008,1,0
5430.0,1.900271993627939,0.0,36780.99728006372,0.999483621740862,1,0
5431.0,1.8675714147711917,0.0,36781.324285852286,0.9994925077677252,1,0
5432.0,3.552242854301767,0.0,36764.47757145698,0.9990347166156788,1,0
5433.0,3.073410676160165,0.0,36769.2658932384,0.9991648340553914,1,0
5434.0,2.1485317817368923,0.0,36778.51468218264,0.9994161598419194,1,0
5435.0,2.7856086580923147,0.0,36772.14391341907,0.9992430411255184,1,0
5436.0,2.5960689733865365,0.0,36774.03931026613,0.9992945464746232,1,0
5437.0,4.1385902033716775,0.0,36758.61409796628,0.9988753830969098,1,0
5438.0,1.3800323046971243,0.0,36786.19967695303,0.9996249912215498,1,0
5439.0,1.607567012923937,0.0,36783.92432987076,0.9995631611377924,1,0
5440.0,2.672510452881397,0.0,36773.27489547119,0.999273774333456,1,0
5441.0,2.749432675209391,0.0,36772.50567324791,0.9992528715556496,1,0
5442.0,0.6985036852147459,0.0,36793.014963147856,0.9998101892159744,1,0
5443.0,1.1119912468293478,0.0,36788.88008753171,0.9996978284655356,1,0
5444.0,2.897262110285737,0.0,36771.02737889714,0.9992127005135092,1,0
5445.0,2.8998552621160343,0.0,36771.00144737884,0.9992119958526858,1,0
5446.0,4.168412978709057,0.0,36758.31587021291,0.9988672790818725,1,0
5447.0,4.126876210156297,0.0,36758.73123789844,0.99887856624724,1,0
5448.0,3.1558438102683795,0.0,36768.441561897314,0.9991424337472096,1,0
5449.0,1.9140365737275715,0.0,36780.85963426273,0.999479881365835,1,0
5450.0,1.4664720833425235,0.0,36785.335279166575,0.9996015021512656,1,0
5451.0,0.9164539486491776,0.0,36790.83546051351,0.9997509636009106,1,0
5452.0,0.7776270752947312,0.0,36792.22372924705,0.9997886882947568,1,0
5453.0,0.8679033552316469,0.0,36791.32096644768,0.9997641566969478,1,0
5454.0,0.5076536321657841,0.0,36794.92346367834,0.9998620506434333,1,0
5455.0,0.2381223246320587,0.0,36797.61877675368,0.9999352928465672,1,0
5456.0,1.6802037315937923,0.0,36783.19796268406,0.9995434228990234,1,0
5457.0,1.2726317917731649,0.0,36787.27368208227,0.99965417614354,1,0
5458.0,0.814106249600627,0.0,36791.858937504,0.999778775475652,1,0
5459.0,1.8085050555091584,0.0,36781.91494944491,0.999508558408829,1,0
5460.0,3.0360489179674914,0.0,36769.63951082033,0.9991749867070742,1,0
5461.0,2.8926343595703656,0.0,36771.073656404296,0.9992139580544646,1,0
5462.0,0.2736686671487405,0.0,36797.26331332851,0.9999256335143616,1,0
5463.0,0.8804752718988311,0.0,36791.19524728101,0.9997607404152448,1,0
5464.0,2.151127347993679,0.0,36778.48872652007,0.9994154545250018,1,0
5465.0,0.9744143864409124,0.0,36790.25585613559,0.9997352134819454,1,0
5466.0,0.8916567298165319,0.0,36791.08343270184,0.9997577019755934,1,0
5467.0,2.1117841763325487,0.0,36778.88215823667,0.9994261456042576,1,0
5468.0,0.0,0.0,36800.0,1.0,1,0
5469.0,0.3143007676890192,0.0,36796.85699232311,0.9999145921826932,1,0
5470.0,2.300904490683024,0.0,36776.99095509317,0.9993747542144884,1,0
5471.0,1.117888823591784,0.0,36788.82111176408,0.9996962258631544,1,0
5472.0,0.4747491384796376,0.0,36795.2525086152,0.9998709920819348,1,0
5473.0,2.8121761622460326,0.0,36771.87823837754,0.999235821695042,1,0
5474.0,1.5932571087505494,0.0,36784.067428912495,0.9995670496987092,1,0
5475.0,0.6606114292280836,0.0,36793.39388570772,0.9998204860246662,1,0
5476.0,0.7392252132904105,0.0,36792.60774786709,0.9997991235833448,1,0
5477.0,0.407533969857468,0.0,36795.92466030143,0.9998892570734084,1,0
5478.0,1.5952504547785793,0.0,36784.04749545221,0.9995665080285928,1,0
5479.0,0.8005071939887785,0.0,36791.994928060114,0.9997824708711988,1,0
5480.0,1.202213516730808,0.0,36787.97786483269,0.9996733115443666,1,0
5481.0,0.0,0.0,36800.0,1.0,1,0
5482.0,0.9681119155811756,0.0,36790.31888084419,0.9997369261098964,1,0
5483.0,2.5606567902368624,0.0,36774.39343209763,0.9993041693504792,1,0
5484.0,1.6231815443516098,0.0,36783.76818455648,0.9995589180586,1,0
5485.0,2.174002213487256,0.0,36778.25997786513,0.9994092385289436,1,0
5486.0,3.972816951345522,0.0,36760.27183048654,0.9989204301762648,1,0
5487.0,1.7238309187750929,0.0,36782.76169081225,0.9995315676851156,1,0
5488.0,0.2749990609208907,0.0,36797.25000939079,0.9999252719943148,1,0
5489.0,1.4685071526628235,0.0,36785.31492847337,0.9996009491432982,1,0
5490.0,2.6468898566226926,0.0,36773.53110143377,0.9992807364520048,1,0
5491.0,0.6175680875448961,0.0,36793.82431912455,0.9998321825849062,1,0
5492.0,1.2523238722233143,0.0,36787.476761277765,0.9996596945999392,1,0
5493.0,3.14704398185404,0.0,36768.52956018146,0.999144825004931,1,0
5494.0,1.6082826017000116,0.0,36783.917173983,0.9995629666843208,1,0
5495.0,1.952948408317752,0.0,36780.47051591682,0.9994693074977398,1,0
5496.0,2.5847971572356983,0.0,36774.15202842764,0.9992976094681424,1,0
5497.0,1.6883002565791685,0.0,36783.116997434205,0.9995412227563644,1,0
5498.0,0.783990537781392,0.0,36792.16009462219,0.9997869590929942,1,0
5499.0,0.0,0.0,36800.0,1.0,1,0
5500.0,0.2774060304727754,0.0,36797.22593969527,0.999924617926502,1,0
5501.0,1.981948055583416,0.0,36780.18051944417,0.9994614271588088,1,0
5502.0,1.1305538315646118,0.0,36788.694461684354,0.9996927842849008,1,0
5503.0,0.6145461837095354,0.0,36793.85453816291,0.9998330037544269,1,0
5504.0,0.4566589965979801,0.0,36795.43341003402,0.9998759078813592,1,0
5505.0,0.5451338196498909,0.0,36794.5486618035,0.9998518658098776,1,0
5506.0,1.591938227198625,0.0,36784.08061772802,0.9995674080904352,1,0
5507.0,3.48016562612338,0.0,36765.19834373877,0.9990543028189882,1,0
5508.0,1.2468183757118825,0.0,36787.53181624288,0.999661190658774,1,0
5509.0,0.9891243193542324,0.0,36790.10875680645,0.9997312162175668,1,0
5510.0,2.0192932770096377,0.0,36779.80706722991,0.9994512790008128,1,0
5511.0,0.8890483330042116,0.0,36791.10951666996,0.999758410779075,1,0
5512.0,2.379582275100802,0.0,36776.20417724899,0.999353374381766,1,0
5513.0,1.06471321774643,0.0,36789.35286782253,0.9997106757560472,1,0
5514.0,0.3581499329429789,0.0,36796.41850067057,0.9999026766486568,1,0
5515.0,1.5468814225068854,0.0,36784.53118577493,0.9995796517873624,1,0
5516.0,2.0754277746091248,0.0,36779.24572225391,0.9994360250612476,1,0
5517.0,2.4094336969519645,0.0,36775.90566303048,0.99934526258235,1,0
5518.0,3.906806159596272,0.0,36760.93193840404,0.998938367891414,1,0
5519.0,3.180834115543803,0.0,36768.19165884456,0.9991356429033847,1,0
5520.0,2.2546803690320303,0.0,36777.45319630968,0.9993873151171108,1,0
5521.0,1.603903684913348,0.0,36783.96096315087,0.9995641566073604,1,0
5522.0,1.7319729992377688,0.0,36782.68027000762,0.9995293551632506,1,0
5523.0,2.160416458111285,0.0,36778.39583541889,0.999412930310296,1,0
5524.0,0.1622911253598431,0.0,36798.377088746405,0.9999558991507176,1,0
5525.0,2.979909431559463,0.0,36770.2009056844,0.9991902420022936,1,0
5526.0,2.1125959747541856,0.0,36778.874040252456,0.9994259250068602,1,0
5527.0,2.3451622390530247,0.0,36776.54837760947,0.9993627276524312,1,0
5528.0,2.5956649478794134,0.0,36774.043350521206,0.9992946562641633,1,0
5529.0,1.9831759506569144,0.0,36780.16824049343,0.9994610934916692,1,0
5530.0,2.055247242841688,0.0,36779.44752757158,0.9994415089014016,1,0
5531.0,0.9490983274854444,0.0,36790.50901672515,0.999742092845792,1,0
5532.0,0.1654608891394673,0.0,36798.3453911086,0.9999550378018642,1,0
5533.0,0.9836321265793232,0.0,36790.16367873421,0.9997327086612556,1,0
5534.0,2.0596333867415524,0.0,36779.40366613258,0.9994403170144724,1,0
5535.0,2.476322006124974,0.0,36775.23677993875,0.9993270864113792,1,0
5536.0,3.0496871538316555,0.0,36769.503128461685,0.9991712806647196,1,0
5537.0,1.2806092074697517,0.0,36787.193907925306,0.9996520083675356,1,0
5538.0,0.7218832124071923,0.0,36792.78116787593,0.9998038360835853,1,0
5539.0,2.2836651358065865,0.0,36777.16334864193,0.9993794388217916,1,0
5540.0,1.012661542972637,0.0,36789.87338457027,0.999724820232888,1,0
5541.0,1.886647516431367,0.0,36781.133524835685,0.999487324044448,1,0
5542.0,0.9978524563875908,0.0,36790.02147543612,0.999728844441199,1,0
5543.0,1.8069310942437369,0.0,36781.93068905756,0.9995089861156946,1,0
5544.0,1.1148967877716132,0.0,36788.851032122286,0.9996970389163664,1,0
5545.0,3.582014793952112,0.0,36764.17985206048,0.999026626414687,1,0
5546.0,2.618127230087339,0.0,36773.81872769912,0.9992885523831284,1,0
5547.0,1.0840120627126453,0.0,36789.15987937288,0.9997054315046976,1,0
5548.0,0.9184006268324084,0.0,36790.81599373168,0.9997504346122738,1,0
5549.0,0.0,0.0,36800.0,1.0,1,0
5550.0,1.1753262214560891,0.0,36788.24673778544,0.9996806178746044,1,0
5551.0,2.5410508315453626,0.0,36774.58949168454,0.9993094970566452,1,0
5552.0,1.498714599237246,0.0,36785.012854007626,0.9995927405980332,1,0
5553.0,1.1143646690616151,0.0,36788.85635330938,0.999697183513842,1,0
5554.0,1.032739199866228,0.0,36789.67260800134,0.9997193643478623,1,0
5555.0,0.6486962577919257,0.0,36793.51303742208,0.9998237238429912,1,0
5556.0,0.2808227762579918,0.0,36797.19177223742,0.9999236894629734,1,0
5557.0,3.454324118009936,0.0,36765.4567588199,0.999061324967932,1,0
5558.0,1.2774428141356111,0.0,36787.225571858646,0.9996528688005066,1,0
5559.0,1.90097784036152,0.0,36780.99022159638,0.9994834299346844,1,0
5560.0,1.3023386493832732,0.0,36786.976613506165,0.999646103627885,1,0
5561.0,2.4798627733989638,0.0,36775.20137226601,0.999326124246359,1,0
5562.0,3.3105147675096305,0.0,36766.894852324906,0.9991004035957854,1,0
5563.0,2.015525389019785,0.0,36779.84474610981,0.9994523028834186,1,0
5564.0,1.2165709958635489,0.0,36787.83429004136,0.9996694100554718,1,0
5565.0,2.85303539308552,0.0,36771.46964606915,0.9992247186431834,1,0
5566.0,2.8061899588756205,0.0,36771.93810041125,0.9992374483807404,1,0
5567.0,2.053258163613464,0.0,36779.46741836386,0.9994420494120616,1,0
5568.0,3.5106154184613843,0.0,36764.893845815386,0.9990460284188964,1,0
5569.0,4.583177161784079,0.0,36754.16822838216,0.9987545714234282,1,0
5570.0,1.1586761826347356,0.0,36788.413238173656,0.9996851423416756,1,0
5571.0,3.486553867116527,0.0,36765.13446132884,0.9990525668839358,1,0
5572.0,2.564460029080692,0.0,36774.3553997092,0.9993031358616628,1,0
5573.0,2.618012860429189,0.0,36773.81987139571,0.99928858346184,1,0
5574.0,1.7172786771316169,0.0,36782.82721322868,0.999533348185562,1,0
5575.0,0.9315479286997288,0.0,36790.684520713,0.9997468619758968,1,0
5576.0,1.5418163299245862,0.0,36784.58183670075,0.999581028171216,1,0
5577.0,0.0,0.0,36800.0,1.0,1,0
5578.0,1.3736515348773537,0.0,36786.26348465122,0.999626725126392,1,0
5579.0,0.6283811325447459,0.0,36793.71618867455,0.9998292442574608,1,0
5580.0,1.784215046690406,0.0,36782.1578495331,0.9995151589547038,1,0
5581.0,3.396918865806583,0.0,36766.03081134193,0.9990769242212482,1,0
5582.0,1.8836286580672092,0.0,36781.16371341933,0.9994881443863948,1,0
5583.0,2.6692798725143803,0.0,36773.30720127486,0.999274652208556,1,0
5584.0,1.283192904725183,0.0,36787.16807095275,0.99965130627589,1,0
5585.0,0.6897186660098669,0.0,36793.1028133399,0.999812576449454,1,0
5586.0,1.3131453705454987,0.0,36786.86854629454,0.9996431670188736,1,0
5587.0,1.0824512158396828,0.0,36789.1754878416,0.9997058556478696,1,0
5588.0,1.0285253735655715,0.0,36789.71474626435,0.9997205094093572,1,0
5589.0,1.4246210984883874,0.0,36785.75378901512,0.9996128747014976,1,0
5590.0,0.4703665737961273,0.0,36795.29633426204,0.9998721829962508,1,0
5591.0,0.4350586235041191,0.0,36795.64941376496,0.9998817775479608,1,0
5592.0,2.866553430753811,0.0,36771.33446569246,0.999221045263382,1,0
5593.0,2.7075684208921302,0.0,36772.92431579108,0.9992642477117142,1,0
5594.0,0.8974118784990424,0.0,36791.02588121501,0.9997561380764948,1,0
5595.0,2.8081016973728765,0.0,36771.91898302627,0.9992369288865834,1,0
5596.0,0.3009222439077348,0.0,36796.990777560924,0.999918227651112,1,0
5597.0,0.0,0.0,36800.0,1.0,1,0
5598.0,0.5566455602393034,0.0,36794.43354439761,0.9998487376195002,1,0
5599.0,0.6587509464989125,0.0,36793.41249053501,0.9998209915906252,1,0
5600.0,0.7873100066653933,0.0,36792.12689993335,0.9997860570634062,1,0
5601.0,1.7915780591429211,0.0,36782.08421940857,0.9995131581361024,1,0
5602.0,2.006332998316793,0.0,36779.93667001683,0.9994548008156748,1,0
5603.0,2.117210641757083,0.0,36778.82789358243,0.9994246710212616,1,0
5604.0,0.9917308271806178,0.0,36790.0826917282,0.9997305079273966,1,0
5605.0,3.201175363214133,0.0,36767.98824636786,0.999130115390431,1,0
5606.0,2.287036486017314,0.0,36777.12963513983,0.9993785226940172,1,0
5607.0,1.3591101623396753,0.0,36786.408898376605,0.9996306765863208,1,0
5608.0,1.9119375814552768,0.0,36780.88062418545,0.9994804517441698,1,0
5609.0,1.3210643449165218,0.0,36786.78935655084,0.999641015123664,1,0
5610.0,0.8448837400937919,0.0,36791.55116259906,0.9997704120271484,1,0
5611.0,1.3893861254828153,0.0,36786.10613874517,0.9996224494224232,1,0
5612.0,4.15862160605684,0.0,36758.41378393943,0.9988699397809628,1,0
5613.0,3.6962654074650345,0.0,36763.03734592535,0.9989955800523193,1,0
5614.0,2.272388588978174,0.0,36777.27611411022,0.9993825031008212,1,0
5615.0,2.507726985222689,0.0,36774.92273014777,0.9993185524496676,1,0
5616.0,0.1904451470109052,0.0,36798.09554852989,0.9999482486013558,1,0
5617.0,1.711156209751607,0.0,36782.88843790248,0.999535011899524,1,0
5618.0,3.0284865850280767,0.0,36769.71513414972,0.9991770416888512,1,0
5619.0,2.866407722078293,0.0,36771.33592277922,0.9992210848581308,1,0
5620.0,0.4048303004501576,0.0,36795.9516969955,0.999889991766182,1,0
5621.0,0.6176447680982164,0.0,36793.823552319016,0.9998321617477992,1,0
5622.0,2.5848581953960093,0.0,36774.15141804604,0.9992975928816856,1,0
5623.0,2.095167270006641,0.0,36779.04832729993,0.999430661067933,1,0
5624.0,3.347824675620359,0.0,36766.5217532438,0.9990902650337988,1,0
5625.0,1.3605238727086544,0.0,36786.39476127291,0.9996302924258944,1,0
5626.0,0.6821689115340632,0.0,36793.17831088466,0.99981462801317,1,0
5627.0,1.620593383971027,0.0,36783.79406616029,0.9995596213630514,1,0
5628.0,1.2250462218198663,0.0,36787.7495377818,0.99966710700494,1,0
5629.0,1.4874114107506102,0.0,36785.12588589249,0.9995958121166438,1,0
5630.0,0.9335163869172902,0.0,36790.664836130825,0.9997463270687724,1,0
5631.0,0.0686401765078699,0.0,36799.31359823492,0.9999813477781228,1,0
5632.0,1.2182641263407277,0.0,36787.81735873659,0.999668949965668,1,0
5633.0,0.7834131820427501,0.0,36792.16586817957,0.9997871159831406,1,0
5634.0,0.7487221111250619,0.0,36792.51277888875,0.9997965429045856,1,0
5635.0,1.9394279886500956,0.0,36780.6057201135,0.9994729815248232,1,0
5636.0,3.3833182385742475,0.0,36766.166817614256,0.9990806200438656,1,0
5637.0,1.9398646520276088,0.0,36780.60135347973,0.9994728628662968,1,0
5638.0,2.092292918955536,0.0,36779.07707081045,0.9994314421415882,1,0
5639.0,1.3467158640805792,0.0,36786.53284135919,0.999634044602152,1,0
5640.0,0.5654982155856487,0.0,36794.34501784414,0.9998463320066344,1,0
5641.0,1.5548277326952302,0.0,36784.451722673046,0.9995774924639416,1,0
5642.0,0.953241653137411,0.0,36790.46758346863,0.9997409669420824,1,0
5643.0,0.4951054560096963,0.0,36795.04894543991,0.9998654604739106,1,0
5644.0,0.7034661811867409,0.0,36792.965338188136,0.999808840711634,1,0
5645.0,2.133810027970867,0.0,36778.66189972029,0.999420160318486,1,0
5646.0,0.1823350620052224,0.0,36798.17664937995,0.999950452428803,1,0
5647.0,2.918256847477096,0.0,36770.817431525225,0.9992069954218812,1,0
5648.0,2.743983654917429,0.0,36772.56016345083,0.9992543522676856,1,0
5649.0,3.26122378880882,0.0,36767.38776211191,0.9991137978834758,1,0
5650.0,0.0764572761299859,0.0,36799.2354272387,0.9999792235662692,1,0
5651.0,3.027489544464516,0.0,36769.72510455536,0.9991773126237868,1,0
5652.0,4.627820068095389,0.0,36753.72179931904,0.998742440198887,1,0
5653.0,3.204941171857172,0.0,36767.95058828143,0.9991290920728648,1,0
5654.0,1.5571250802413488,0.0,36784.42874919759,0.999576868184717,1,0
5655.0,1.1946413123623645,0.0,36788.053586876376,0.9996753692085972,1,0
5656.0,0.8610777563208103,0.0,36791.38922243679,0.9997660114792606,1,0
5657.0,0.6058277542442738,0.0,36793.94172245756,0.9998353728928684,1,0
5658.0,2.33935718315297,0.0,36776.60642816847,0.9993643051132736,1,0
5659.0,0.6051658692822457,0.0,36793.94834130718,0.9998355527529124,1,0
5660.0,1.2436859825065767,0.0,36787.56314017493,0.9996620418525798,1,0
5661.0,1.1953821673232596,0.0,36788.04617832677,0.9996751678893144,1,0
5662.0,1.6144014022738702,0.0,36783.85598597727,0.9995613039667736,1,0
5663.0,1.306755071365842,0.0,36786.93244928634,0.9996449035132156,1,0
5664.0,1.6477913704420644,0.0,36783.522086295576,0.999552230605858,1,0
5665.0,1.4387985638977625,0.0,36785.612014361024,0.9996090221293756,1,0
5666.0,2.5185834907470053,0.0,36774.81416509253,0.9993156023122972,1,0
5667.0,1.6191850643472208,0.0,36783.808149356526,0.9995600040586012,1,0
5668.0,0.7741445157253111,0.0,36792.258554842745,0.999789634642466,1,0
5669.0,0.9679606939025688,0.0,36790.320393060974,0.999736967202744,1,0
5670.0,0.9135060855887788,0.0,36790.864939144114,0.9997517646506552,1,0
5671.0,3.2932263552647782,0.0,36767.06773644735,0.9991051015338954,1,0
5672.0,3.058329037711701,0.0,36769.416709622885,0.9991689323267088,1,0
5673.0,1.482689097590992,0.0,36785.173109024094,0.9995970953539156,1,0
5674.0,1.1415257644730443,0.0,36788.58474235527,0.9996898027813932,1,0
5675.0,0.8193207964168323,0.0,36791.80679203583,0.9997773584792344,1,0
5676.0,0.0,0.0,36800.0,1.0,1,0
5677.0,0.4861556952610044,0.0,36795.13844304739,0.999867892474114,1,0
5678.0,1.7010856943315955,0.0,36782.989143056686,0.9995377484526272,1,0
5679.0,0.8168403963509263,0.0,36791.83159603649,0.9997780325009916,1,0
5680.0,1.1242327888276122,0.0,36788.75767211172,0.9996945019595576,1,0
5681.0,2.285029644936003,0.0,36777.14970355064,0.9993790680312674,1,0
5682.0,0.5968777287735065,0.0,36794.03122271226,0.9998378049650072,1,0
5683.0,0.0,0.0,36800.0,1.0,1,0
5684.0,0.310522927020429,0.0,36796.89477072979,0.9999156187698311,1,0
5685.0,0.8945433376020446,0.0,36791.05456662398,0.9997569175713036,1,0
5686.0,1.8336332598000809,0.0,36781.663667402,0.9995017300924456,1,0
5687.0,3.1074561172672475,0.0,36768.925438827326,0.9991555825768296,1,0
5688.0,3.218256555505832,0.0,36767.81743444494,0.9991254737620908,1,0
5689.0,2.413725561729734,0.0,36775.8627443827,0.9993440963147472,1,0
5690.0,0.4948700026207007,0.0,36795.05129997379,0.9998655244558096,1,0
5691.0,1.260029871145889,0.0,36787.39970128854,0.9996576005784928,1,0
5692.0,0.697864331474193,0.0,36793.02135668526,0.999810362953404,1,0
5693.0,0.7909971477247382,0.0,36792.090028522754,0.999785055122901,1,0
5694.0,1.6300680162366916,0.0,36783.69931983763,0.9995570467347182,1,0
5695.0,2.2856656933099657,0.0,36777.1433430669,0.9993788951920352,1,0
5696.0,2.489946820775913,0.0,36775.10053179224,0.9993233840160934,1,0
5697.0,2.6434850990781342,0.0,36773.56514900922,0.9992816616578593,1,0
5698.0,2.2121067530852088,0.0,36777.878932469146,0.9993988840344876,1,0
5699.0,1.7417964260002918,0.0,36782.58203573999,0.9995266857538042,1,0
5700.0,1.3901894475775407,0.0,36786.09810552422,0.9996222311283756,1,0
5701.0,1.0790567404610556,0.0,36789.20943259539,0.9997067780596572,1,0
5702.0,3.071275146266089,0.0,36769.28724853734,0.9991654143624276,1,0
5703.0,2.8372360504436074,0.0,36771.62763949557,0.9992290119428142,1,0
5704.0,2.6561010569666905,0.0,36773.43898943033,0.9992782334084328,1,0
5705.0,1.275579353105968,0.0,36787.24420646894,0.9996533751757865,1,0
5706.0,2.816735905515088,0.0,36771.83264094485,0.9992345826343708,1,0
5707.0,2.6492807500326307,0.0,36773.50719249968,0.9992800867527084,1,0
5708.0,2.0490653583501626,0.0,36779.5093464165,0.999443188761318,1,0
5709.0,3.856707031892256,0.0,36761.43292968108,0.9989519817848118,1,0
5710.0,3.4175758729898007,0.0,36765.8242412701,0.9990713109040787,1,0
5711.0,2.611348371976419,0.0,36773.88651628024,0.9992903944641368,1,0
5712.0,1.9088789682145944,0.0,36780.911210317856,0.999481282889072,1,0
5713.0,0.4385984442324115,0.0,36795.61401555767,0.9998808156401542,1,0
5714.0,1.1258344745829163,0.0,36788.74165525417,0.9996940667188632,1,0
5715.0,3.36751702960737,0.0,36766.32482970392,0.99908491385065,1,0
5716.0,2.4342763848799223,0.0,36775.6572361512,0.9993385118519348,1,0
5717.0,1.1149278510065417,0.0,36788.85072148994,0.99969703047527,1,0
5718.0,1.6764314947340608,0.0,36783.235685052656,0.9995444479633874,1,0
5719.0,1.086370756414908,0.0,36789.136292435855,0.999704790555322,1,0
5720.0,0.8665781601011986,0.0,36791.33421839899,0.9997645168043204,1,0
5721.0,2.348241979202612,0.0,36776.517580207976,0.999361890766521,1,0
5722.0,2.900111952531006,0.0,36770.99888047469,0.9992119260998557,1,0
5723.0,1.1055912763640665,0.0,36788.94408723636,0.9996995675879446,1,0
5724.0,1.3805389062508766,0.0,36786.19461093749,0.999624853558084,1,0
5725.0,1.7116953067397844,0.0,36782.883046932606,0.9995348654057772,1,0
5726.0,2.353321875168149,0.0,36776.46678124832,0.9993605103600086,1,0
5727.0,1.6479583756463398,0.0,36783.52041624354,0.9995521852240092,1,0
5728.0,3.615765286025635,0.0,36763.84234713974,0.999017455085319,1,0
5729.0,1.4494879193143788,0.0,36785.50512080685,0.9996061174132296,1,0
5730.0,1.6681468532042345,0.0,36783.31853146796,0.9995466992246728,1,0
5731.0,2.6505971694832624,0.0,36773.49402830517,0.9992797290300318,1,0
5732.0,2.409941279480336,0.0,36775.90058720519,0.9993451246523152,1,0
5733.0,1.459055999780503,0.0,36785.40944000219,0.999603517391364,1,0
5734.0,1.6880364208991523,0.0,36783.11963579101,0.9995412944508426,1,0
5735.0,0.9094315295851628,0.0,36790.90568470415,0.9997528718669606,1,0
5736.0,2.3112108701634497,0.0,36776.88789129837,0.9993719535678904,1,0
5737.0,1.0258296505162434,0.0,36789.74170349484,0.9997212419427944,1,0
5738.0,1.8142227807475135,0.0,36781.857772192525,0.9995070046791448,1,0
5739.0,1.7254252339498637,0.0,36782.745747660505,0.9995311344472964,1,0
5740.0,0.9845739922875508,0.0,36790.15426007712,0.999732452719487,1,0
5741.0,1.7653261996356375,0.0,36782.346738003645,0.9995202917935774,1,0
5742.0,1.2133266762130006,0.0,36787.86673323787,0.9996702916640724,1,0
5743.0,1.3940297489480145,0.0,36786.05970251052,0.9996211875682208,1,0
5744.0,2.470780162846495,0.0,36775.292198371535,0.9993285923470526,1,0
5745.0,1.412920107312857,0.0,36785.87079892687,0.9996160543186652,1,0
5746.0,1.5223671906351228,0.0,36784.77632809365,0.9995863132634144,1,0
5747.0,1.1042965592141627,0.0,36788.95703440786,0.9996999194132572,1,0
5748.0,0.7894597065333073,0.0,36792.10540293467,0.9997854729058334,1,0
5749.0,1.815864765324477,0.0,36781.84135234675,0.9995065584876835,1,0
5750.0,4.211894596085585,0.0,36757.88105403914,0.9988554634249768,1,0
5751.0,2.574165425206047,0.0,36774.25834574794,0.9993004985257592,1,0
5752.0,0.5465456305719272,0.0,36794.53454369428,0.9998514821656056,1,0
5753.0,0.926622701769702,0.0,36790.73377298231,0.99974820035278,1,0
5754.0,2.4938931450842574,0.0,36775.06106854916,0.9993223116453576,1,0
5755.0,2.0406520922979325,0.0,36779.59347907702,0.999445474974919,1,0
5756.0,0.0,0.0,36800.0,1.0,1,0
5757.0,0.8659370831119304,0.0,36791.34062916888,0.999764691010024,1,0
5758.0,1.7156060353054272,0.0,36782.84393964695,0.9995338027077976,1,0
5759.0,3.926703123547668,0.0,36760.732968764525,0.9989329611077316,1,0
5760.0,2.3525426430305743,0.0,36776.47457356969,0.999360722107872,1,0
5761.0,3.2438500474099783,0.0,36767.5614995259,0.999118519008856,1,0
5762.0,2.2269421121618507,0.0,36777.73057887839,0.9993948526869126,1,0
5763.0,1.6899592198069513,0.0,36783.10040780193,0.9995407719511394,1,0
5764.0,1.1688118452893832,0.0,36788.31188154711,0.9996823880855192,1,0
5765.0,2.32815260481766,0.0,36776.71847395183,0.9993673498356476,1,0
5766.0,0.8620063159332858,0.0,36791.37993684067,0.999765759153279,1,0
5767.0,1.0147789667653342,0.0,36789.85221033235,0.9997242448459878,1,0
5768.0,2.594951103837957,0.0,36774.05048896162,0.9992948502435224,1,0
5769.0,1.461650534063665,0.0,36785.38349465936,0.999602812354874,1,0
5770.0,3.827268951313272,0.0,36761.72731048687,0.99895998126323,1,0
5771.0,1.5726961978607503,0.0,36784.27303802139,0.9995726369027552,1,0
5772.0,0.6343774942815799,0.0,36793.65622505719,0.9998276148113366,1,0
5773.0,2.965459671472672,0.0,36770.34540328528,0.9991941685675346,1,0
5774.0,2.7663726478494937,0.0,36772.33627352151,0.9992482683022148,1,0
5775.0,3.9659875700808698,0.0,36760.34012429919,0.998922285986391,1,0
5776.0,3.42690723024225,0.0,36765.73092769758,0.9990687752091734,1,0
5777.0,0.8851772146354051,0.0,36791.14822785364,0.9997594627134142,1,0
5778.0,2.4486745281674303,0.0,36775.51325471832,0.999334599312998,1,0
5779.0,1.3475341875682716,0.0,36786.52465812432,0.9996338222316392,1,0
5780.0,1.1570998033366775,0.0,36788.42900196664,0.9996855707056151,1,0
5781.0,1.865752973949384,0.0,36781.3424702605,0.9994930019092528,1,0
5782.0,3.105658260088603,0.0,36768.94341739912,0.999156071124976,1,0
5783.0,0.6594576905936265,0.0,36793.40542309407,0.9998207995405995,1,0
5784.0,0.0,0.0,36800.0,1.0,1,0
5785.0,0.524627109633002,0.0,36794.75372890367,0.9998574382854258,1,0
5786.0,1.8145022559401696,0.0,36781.8549774406,0.9995069287347988,1,0
5787.0,1.284890488934252,0.0,36787.15109511066,0.9996508449758332,1,0
5788.0,1.609147117283101,0.0,36783.90852882717,0.9995627317616078,1,0
5789.0,1.4308149410380793,0.0,36785.69185058962,0.9996111915921092,1,0
5790.0,0.8806961023192343,0.0,36791.19303897681,0.9997606804069784,1,0
5791.0,0.5972353748684327,0.0,36794.027646251314,0.9998377077785684,1,0
5792.0,1.65977779237528,0.0,36783.40222207625,0.999548973425985,1,0
5793.0,2.34353517990985,0.0,36776.5646482009,0.999363169788068,1,0
5794.0,2.728313405417793,0.0,36772.71686594583,0.9992586104876584,1,0
5795.0,1.6888877813516956,0.0,36783.111122186485,0.9995410631028936,1,0
5796.0,1.1612850626124782,0.0,36788.38714937388,0.9996844334068988,1,0
5797.0,1.2675367370620734,0.0,36787.32463262938,0.9996555606692766,1,0
5798.0,1.1754517427198152,0.0,36788.245482572805,0.9996805837655652,1,0
5799.0,3.2766441042813312,0.0,36767.23355895719,0.9991096075803584,1,0
5800.0,1.319287652047933,0.0,36786.80712347952,0.9996414979206392,1,0
5801.0,1.196186167565429,0.0,36788.03813832434,0.9996749494109876,1,0
5802.0,2.9941971256339457,0.0,36770.05802874366,0.99918635947673,1,0
5803.0,4.299416682106312,0.0,36757.00583317893,0.9988316802494276,1,0
5804.0,4.014134543906039,0.0,36759.85865456094,0.9989092025695908,1,0
5805.0,0.9928525048499068,0.0,36790.0714749515,0.999730203123682,1,0
5806.0,2.3026318819556764,0.0,36776.97368118045,0.999374284814686,1,0
5807.0,0.4965708084782818,0.0,36795.03429191522,0.9998650622803048,1,0
5808.0,0.37298120286232,0.0,36796.27018797138,0.9998986464122656,1,0
5809.0,1.4482527348518488,0.0,36785.51747265148,0.9996064530611816,1,0
5810.0,0.8462060212914366,0.0,36791.537939787086,0.9997700527116056,1,0
5811.0,3.4779147948083846,0.0,36765.22085205192,0.9990549144579326,1,0
5812.0,2.0794186066714246,0.0,36779.20581393329,0.9994349405960132,1,0
5813.0,2.845464205022836,0.0,36771.54535794977,0.9992267760312438,1,0
5814.0,3.089734474661782,0.0,36769.10265525338,0.999160398240581,1,0
5815.0,1.788419071662247,0.0,36782.11580928338,0.9995140165566136,1,0
5816.0,2.3507716513131527,0.0,36776.49228348687,0.9993612033556216,1,0
5817.0,1.1277936186070292,0.0,36788.722063813926,0.9996935343427698,1,0
5818.0,3.802280524261733,0.0,36761.97719475738,0.998966771596668,1,0
5819.0,1.9910864968569515,0.0,36780.08913503144,0.9994589438867236,1,0
5820.0,2.0621095240448994,0.0,36779.37890475955,0.9994396441510748,1,0
5821.0,0.85542833836098,0.0,36791.44571661639,0.9997675466471846,1,0
5822.0,1.5945516683023016,0.0,36784.05448331698,0.9995666979162222,1,0
5823.0,3.1950969330655425,0.0,36768.04903066935,0.999131767137754,1,0
5824.0,0.9572756389688948,0.0,36790.42724361031,0.9997398707502804,1,0
5825.0,1.7233929950170932,0.0,36782.76607004983,0.9995316866861368,1,0
5826.0,2.0275615136461056,0.0,36779.72438486354,0.9994490321973788,1,0
5827.0,0.9592005801787308,0.0,36790.40799419821,0.9997393476684296,1,0
5828.0,1.3992943178054702,0.0,36786.007056821945,0.9996197569788572,1,0
5829.0,2.005551527950047,0.0,36779.9444847205,0.9994550131717528,1,0
5830.0,1.4330358265460743,0.0,36785.66964173454,0.9996105880906124,1,0
5831.0,4.942221734826489,0.0,36750.57778265174,0.9986570049633624,1,0
5832.0,3.724203818362184,0.0,36762.75796181638,0.9989879880928364,1,0
5833.0,2.707849019042442,0.0,36772.92150980957,0.9992641714622168,1,0
5834.0,0.2738682873477955,0.0,36797.261317126526,0.9999255792697426,1,0
5835.0,1.7565119320834128,0.0,36782.43488067917,0.9995226869749774,1,0
5836.0,1.064303797017601,0.0,36789.35696202982,0.99971078701168,1,0
5837.0,1.7339271715318318,0.0,36782.66072828468,0.9995288241381708,1,0
5838.0,2.265969204730027,0.0,36777.3403079527,0.9993842474987146,1,0
5839.0,2.371000885645117,0.0,36776.28999114355,0.9993557062810748,1,0
5840.0,0.8226114054768914,0.0,36791.77388594523,0.99977646429199,1,0
5841.0,0.6998783030576305,0.0,36793.001216969424,0.9998098156785168,1,0
5842.0,1.2055826867599535,0.0,36787.9441731324,0.9996723960090328,1,0
5843.0,0.0969906322125098,0.0,36799.03009367787,0.9999736438499424,1,0
5844.0,1.7663521817066794,0.0,36782.33647818293,0.9995200129941012,1,0
5845.0,2.1383072420321696,0.0,36778.61692757968,0.9994189382494478,1,0
5846.0,2.1642815160212194,0.0,36778.35718483978,0.9994118800228202,1,0
5847.0,2.769455141066828,0.0,36772.30544858933,0.9992474306681884,1,0
5848.0,1.1758863469822245,0.0,36788.24113653018,0.999680465666581,1,0
5849.0,0.933111538819503,0.0,36790.668884611805,0.9997464370818424,1,0
5850.0,0.0690391090456614,0.0,36799.30960890954,0.999981239372542,1,0
5851.0,1.8343351933863232,0.0,36781.656648066135,0.9995015393496232,1,0
5852.0,2.769299922796563,0.0,36772.30700077204,0.9992474728470664,1,0
5853.0,2.942868361778892,0.0,36770.57131638221,0.999200307510386,1,0
5854.0,1.4386016619873772,0.0,36785.61398338013,0.9996090756353296,1,0
5855.0,1.6166120641455564,0.0,36783.83387935854,0.9995607032434388,1,0
5856.0,1.081525668952963,0.0,36789.18474331047,0.9997061071551758,1,0
5857.0,0.6029123877779057,0.0,36793.97087612222,0.9998361651120168,1,0
5858.0,2.48523740723158,0.0,36775.14762592768,0.9993246637480347,1,0
5859.0,2.7319149919167103,0.0,36772.68085008083,0.9992576317956748,1,0
5860.0,2.5645109825136387,0.0,36774.35489017487,0.9993031220156212,1,0
5861.0,2.864379731993722,0.0,36771.35620268007,0.9992216359423932,1,0
5862.0,2.2820358357239456,0.0,36777.17964164276,0.9993798815663794,1,0
5863.0,3.5999120311180377,0.0,36764.00087968882,0.9990217630350224,1,0
5864.0,2.227196754358374,0.0,36777.72803245642,0.9993947834906636,1,0
5865.0,0.0,0.0,36800.0,1.0,1,0
5866.0,0.7001502606626673,0.0,36792.998497393375,0.999809741776994,1,0
5867.0,1.3023828219029383,0.0,36786.976171780974,0.999646091624483,1,0
5868.0,2.0709054638027737,0.0,36779.29094536197,0.9994372539500536,1,0
5869.0,2.59873672230151,0.0,36774.01263277698,0.9992938215428528,1,0
5870.0,1.3400805069632042,0.0,36786.59919493037,0.9996358476883254,1,0
5871.0,1.0104838339611888,0.0,36789.89516166039,0.999725412001641,1,0
5872.0,3.0659910261101686,0.0,36769.3400897389,0.999166850264644,1,0
5873.0,2.526891313503256,0.0,36774.731086864966,0.9993133447517654,1,0
5874.0,3.701223562670748,0.0,36762.98776437329,0.9989942327275352,1,0
5875.0,0.7118691527066403,0.0,36792.88130847293,0.9998065572954602,1,0
5876.0,1.806742032992588,0.0,36781.93257967007,0.9995090374910346,1,0
5877.0,1.1633974185342597,0.0,36788.366025814656,0.9996838593971372,1,0
5878.0,2.104423204212253,0.0,36778.95576795788,0.9994281458684208,1,0
5879.0,1.7999884538739934,0.0,36782.00011546126,0.9995108727027516,1,0
5880.0,0.1309465700014698,0.0,36798.69053429998,0.9999644166929342,1,0
5881.0,0.0,0.0,36800.0,1.0,1,0
5882.0,2.1029468646847818,0.0,36778.97053135315,0.99942854704764,1,0
5883.0,0.9014488834109216,0.0,36790.98551116589,0.9997550410642904,1,0
5884.0,1.0821958719079705,0.0,36789.17804128092,0.9997059250348076,1,0
5885.0,4.121336116301791,0.0,36758.78663883698,0.9988800717075268,1,0
5886.0,0.8046236282580139,0.0,36791.95376371742,0.99978135227493,1,0
5887.0,0.7618142932651608,0.0,36792.38185706735,0.9997929852463951,1,0
5888.0,1.1184223335703791,0.0,36788.8157766643,0.9996960808876167,1,0
5889.0,1.1245978781844317,0.0,36788.75402121816,0.9996944027504934,1,0
5890.0,0.419979694095673,0.0,36795.80020305904,0.9998858750831262,1,0
5891.0,2.318605384155489,0.0,36776.81394615844,0.999369944189088,1,0
5892.0,3.2861865549311915,0.0,36767.13813445069,0.9991070145231166,1,0
5893.0,1.9859610919183976,0.0,36780.140389080814,0.9994603366598048,1,0
5894.0,1.7170842016366803,0.0,36782.82915798364,0.999533401032164,1,0
5895.0,4.290517725290556,0.0,36757.09482274709,0.9988340984442146,1,0
5896.0,1.999442348183948,0.0,36780.00557651816,0.99945667327495,1,0
5897.0,3.848968475995207,0.0,36761.51031524005,0.9989540846532622,1,0
5898.0,3.977407000122184,0.0,36760.22592999878,0.9989191828804016,1,0
5899.0,2.818218277005144,0.0,36771.81781722995,0.9992341798160314,1,0
5900.0,2.378459047371507,0.0,36776.21540952628,0.9993536796066924,1,0
5901.0,1.0868256170397217,0.0,36789.1317438296,0.9997046669518914,1,0
5902.0,1.9176478515628328,0.0,36780.82352148437,0.9994789000403362,1,0
5903.0,1.0005878148558622,0.0,36789.99412185144,0.9997281011372676,1,0
5904.0,1.090030836540791,0.0,36789.09969163459,0.9997037959683313,1,0
5905.0,1.0366232997057525,0.0,36789.63376700295,0.9997183088859496,1,0
5906.0,3.6660223040071287,0.0,36763.339776959925,0.9990037982869544,1,0
5907.0,1.8671995934482768,0.0,36781.32800406552,0.999492608806128,1,0
5908.0,1.4225443536397506,0.0,36785.7745564636,0.999613439034337,1,0
5909.0,2.985703640945758,0.0,36770.142963590544,0.9991886674888736,1,0
5910.0,1.310684165033308,0.0,36786.89315834967,0.9996438358247192,1,0
5911.0,0.7040291422645168,0.0,36792.95970857736,0.9998086877330804,1,0
5912.0,2.150202807199093,0.0,36778.49797192801,0.9994157057589133,1,0
5913.0,1.8159939340921485,0.0,36781.84006065908,0.999506523387475,1,0
5914.0,1.315912486698835,0.0,36786.84087513301,0.9996424150851362,1,0
5915.0,2.409074028014402,0.0,36775.909259719854,0.9993453603184744,1,0
5916.0,3.7715070426147577,0.0,36762.284929573856,0.9989751339558112,1,0
5917.0,3.2851784697795665,0.0,36767.14821530221,0.9991072884592992,1,0
5918.0,0.2128737247794561,0.0,36797.8712627522,0.999942153879136,1,0
5919.0,0.0,0.0,36800.0,1.0,1,0
5920.0,0.0,0.0,36800.0,1.0,1,0
5921.0,0.8192199120321675,0.0,36791.80780087968,0.9997773858934697,1,0
5922.0,2.76506453867205,0.0,36772.34935461328,0.9992486237666652,1,0
5923.0,3.682537755713384,0.0,36763.174622442864,0.9989993103924693,1,0
5924.0,1.0460220669529008,0.0,36789.53977933047,0.9997157548731108,1,0
5925.0,2.294141857809336,0.0,36777.05858142191,0.9993765918864648,1,0
5926.0,1.8072985089902431,0.0,36781.9270149101,0.999508886274731,1,0
5927.0,2.0251911585310154,0.0,36779.74808841469,0.9994496763156168,1,0
5928.0,1.5857848366340477,0.0,36784.142151633656,0.9995690802074364,1,0
5929.0,0.7837651518821076,0.0,36792.16234848118,0.9997870203391624,1,0
5930.0,1.2197728302098767,0.0,36787.8022716979,0.9996685399917908,1,0
5931.0,0.904053986537292,0.0,36790.95946013463,0.9997543331558322,1,0
5932.0,1.7975970412690003,0.0,36782.02402958731,0.9995115225431334,1,0
5933.0,1.5051265055572003,0.0,36784.94873494442,0.9995909982321854,1,0
5934.0,3.275841202948868,0.0,36767.24158797051,0.999109825760068,1,0
5935.0,1.176916802030064,0.0,36788.2308319797,0.9996801856516224,1,0
5936.0,0.7671956427966506,0.0,36792.32804357204,0.9997915229231532,1,0
5937.0,1.2926892296427468,0.0,36787.07310770357,0.9996487257528144,1,0
5938.0,1.4101200448594682,0.0,36785.8987995514,0.9996168152052012,1,0
5939.0,2.89394523901774,0.0,36771.06054760982,0.9992136018372234,1,0
5940.0,0.97465452436154,0.0,36790.25345475639,0.9997351482270757,1,0
5941.0,2.767826665368375,0.0,36772.32173334632,0.9992478731887586,1,0
5942.0,0.5602447239471076,0.0,36794.39755276053,0.999847759585884,1,0
5943.0,1.7059528204490562,0.0,36782.94047179551,0.9995364258640084,1,0
5944.0,0.0,0.0,36800.0,1.0,1,0
5945.0,0.1426344525807508,0.0,36798.57365547419,0.9999612406378856,1,0
5946.0,0.8589834523763784,0.0,36791.41016547624,0.9997665805835934,1,0
5947.0,1.7038360287033356,0.0,36782.961639712965,0.9995370010791568,1,0
5948.0,2.4826477012238684,0.0,36775.17352298776,0.9993253674724936,1,0
5949.0,1.1831948426597592,0.0,36788.16805157341,0.9996784796623208,1,0
5950.0,3.928431018417541,0.0,36760.71568981583,0.9989324915710824,1,0
5951.0,3.430003576703712,0.0,36765.69996423296,0.9990679338106784,1,0
5952.0,1.690408936613494,0.0,36783.09591063386,0.9995406497454854,1,0
5953.0,0.6348655300953396,0.0,36793.65134469904,0.9998274821929088,1,0
5954.0,1.3733589149733234,0.0,36786.266410850265,0.9996268046426704,1,0
5955.0,0.5974569483487358,0.0,36794.025430516514,0.9998376475683836,1,0
5956.0,0.1033911397553311,0.0,36798.96608860245,0.9999719045815884,1,0
5957.0,3.1915103119818014,0.0,36768.08489688018,0.9991327417630484,1,0
5958.0,1.2337749672096834,0.0,36787.66225032791,0.9996647350632584,1,0
5959.0,2.2822407740259223,0.0,36777.177592259744,0.9993798258766234,1,0
5960.0,1.1635551865419984,0.0,36788.36444813458,0.9996838165253964,1,0
5961.0,1.6427106971968897,0.0,36783.57289302803,0.9995536112235878,1,0
5962.0,2.7014009421027367,0.0,36772.98599057897,0.9992659236570371,1,0
5963.0,5.787662020930839,0.0,36742.12337979069,0.9984272657551818,1,0
5964.0,2.9196556993247214,0.0,36770.80344300675,0.9992066152990964,1,0
5965.0,1.252619066231091,0.0,36787.47380933769,0.9996596143841764,1,0
5966.0,1.268703999430727,0.0,36787.31296000569,0.9996552434784156,1,0
5967.0,2.247837000112668,0.0,36777.52162999888,0.9993891747282304,1,0
5968.0,0.9718386076656316,0.0,36790.28161392335,0.99973591342183,1,0
5969.0,4.105011263546658,0.0,36758.949887364535,0.9988845078088188,1,0
5970.0,1.920057581146466,0.0,36780.79942418853,0.9994782452225144,1,0
5971.0,1.5257950526947752,0.0,36784.742049473054,0.9995853817791592,1,0
5972.0,1.7310614011557846,0.0,36782.68938598845,0.9995296028801208,1,0
5973.0,1.5878075001155594,0.0,36784.12192499884,0.9995685305706208,1,0
5974.0,2.749262885614371,0.0,36772.50737114386,0.9992529176941266,1,0
5975.0,3.056298245547623,0.0,36769.43701754452,0.9991694841724056,1,0
5976.0,0.9901654170234906,0.0,36790.09834582976,0.9997309333105914,1,0
5977.0,3.513149485991562,0.0,36764.86850514008,0.9990453398135892,1,0
5978.0,0.3968016727903887,0.0,36796.0319832721,0.999892173458481,1,0
5979.0,0.7251547953455884,0.0,36792.748452046544,0.9998029470664822,1,0
5980.0,0.0,0.0,36800.0,1.0,1,0
5981.0,0.9895316435986388,0.0,36790.104683564015,0.9997311055316308,1,0
5982.0,2.16009758110431,0.0,36778.39902418896,0.9994130169616564,1,0
5983.0,2.578645993939972,0.0,36774.2135400606,0.9992992809799076,1,0
5984.0,1.281539131460704,0.0,36787.18460868539,0.9996517556707988,1,0
5985.0,0.6928137535587666,0.0,36793.071862464414,0.9998117353930548,1,0
5986.0,2.2349373057522826,0.0,36777.65062694248,0.9993926800799586,1,0
5987.0,3.5636673720609906,0.0,36764.36332627939,0.9990316121271572,1,0
5988.0,2.4629776680940267,0.0,36775.370223319056,0.9993307125901918,1,0
5989.0,2.1248544303007293,0.0,36778.75145569699,0.9994225939048096,1,0
5990.0,1.2185131731775982,0.0,36787.81486826822,0.9996688822898974,1,0
5991.0,2.5132361985333773,0.0,36774.86763801466,0.9993170553808332,1,0
5992.0,4.672513022643216,0.0,36753.274869773566,0.9987302953742816,1,0
5993.0,3.1259534812243146,0.0,36768.74046518776,0.9991505561192324,1,0
5994.0,2.0387625557750653,0.0,36779.61237444225,0.9994459884359308,1,0
5995.0,0.5795183471009295,0.0,36794.20481652899,0.9998425221882876,1,0
5996.0,1.3029455314972438,0.0,36786.97054468503,0.9996459387142672,1,0
5997.0,0.7717909042312385,0.0,36792.28209095768,0.9997902742108068,1,0
5998.0,1.7636973712633337,0.0,36782.36302628736,0.9995207344099828,1,0
5999.0,1.5681474340626664,0.0,36784.31852565937,0.9995738729798742,1,0
6000.0,3.3163220200513024,0.0,36766.83677979949,0.9990988255380296,1,0
6001.0,2.722626823403516,0.0,36772.77373176596,0.99926015575451,1,0
6002.0,1.5851004646783622,0.0,36784.148995353215,0.9995692661780764,1,0
6003.0,0.7977739397174446,0.0,36792.022260602826,0.9997832136033376,1,0
6004.0,0.6651529463952102,0.0,36793.348470536046,0.9998192519167404,1,0
6005.0,1.0686600994249602,0.0,36789.31339900576,0.999709603233852,1,0
6006.0,0.2682773176275077,0.0,36797.317226823725,0.9999270985549924,1,0
6007.0,0.0306027513433946,0.0,36799.693972486566,0.9999916840349612,1,0
6008.0,3.344743217963696,0.0,36766.55256782036,0.999091102386423,1,0
6009.0,2.065372290275264,0.0,36779.34627709725,0.9994387575298164,1,0
6010.0,1.5695317642084774,0.0,36784.30468235791,0.9995734968032042,1,0
6011.0,1.8733999678825055,0.0,36781.26600032118,0.9994909239217712,1,0
6012.0,1.6503036518497538,0.0,36783.49696348151,0.9995515479206932,1,0
6013.0,1.3017694758345897,0.0,36786.98230524165,0.9996462582946102,1,0
6014.0,1.467449885009955,0.0,36785.3255011499,0.9996012364442908,1,0
6015.0,2.8154180864021328,0.0,36771.84581913598,0.9992349407373908,1,0
6016.0,4.267888624039188,0.0,36757.32111375961,0.9988402476565112,1,0
6017.0,3.0467161951337403,0.0,36769.53283804866,0.9991720879904528,1,0
6018.0,1.6210417355632671,0.0,36783.78958264437,0.9995594995283796,1,0
6019.0,0.9843642026253292,0.0,36790.15635797375,0.9997325097275476,1,0
6020.0,1.0966408213753311,0.0,36789.03359178625,0.9997019997768002,1,0
6021.0,3.0409766326265526,0.0,36769.59023367373,0.9991736476541776,1,0
6022.0,2.2854553746064994,0.0,36777.14544625393,0.9993789523438568,1,0
6023.0,2.297345186662824,0.0,36777.02654813337,0.9993757214166676,1,0
6024.0,0.5330406751727423,0.0,36794.66959324827,0.999855151990442,1,0
6025.0,1.5758864401905155,0.0,36784.241135598095,0.9995717699890788,1,0
6026.0,2.6684563829840044,0.0,36773.31543617016,0.9992748759828848,1,0
6027.0,0.519183275465366,0.0,36794.80816724535,0.9998589175881888,1,0
6028.0,0.2739662924186632,0.0,36797.260337075815,0.9999255526379298,1,0
6029.0,1.111831561186591,0.0,36788.881684388136,0.9996978718583732,1,0
6030.0,0.6271574698475888,0.0,36793.72842530152,0.999829576774498,1,0
6031.0,0.9908451480341682,0.0,36790.09154851966,0.9997307486010776,1,0
6032.0,0.8157352038097088,0.0,36791.8426479619,0.9997783328250516,1,0
6033.0,1.2353259171995887,0.0,36787.646740828,0.9996643136094564,1,0
6034.0,3.466911970277579,0.0,36765.33088029722,0.9990579043559028,1,0
6035.0,2.3303474857339097,0.0,36776.69652514266,0.9993667534006158,1,0
6036.0,0.9236825931893692,0.0,36790.76317406811,0.9997489992953292,1,0
6037.0,1.5974318669932472,0.0,36784.02568133007,0.9995659152535344,1,0
6038.0,1.6229867063193524,0.0,36783.77013293681,0.9995589710037176,1,0
6039.0,1.5261282396659226,0.0,36784.73871760334,0.9995852912392212,1,0
6040.0,0.6977490511371798,0.0,36793.02250948863,0.9998103942795824,1,0
6041.0,1.3618414282609592,0.0,36786.38158571739,0.9996299343944944,1,0
6042.0,2.071032573845514,0.0,36779.28967426154,0.999437219409281,1,0
6043.0,0.3769559793163353,0.0,36796.23044020684,0.9998975663099684,1,0
6044.0,1.2986075362914562,0.0,36787.01392463708,0.999647117517312,1,0
6045.0,2.288834443218548,0.0,36777.111655567816,0.9993780341186906,1,0
6046.0,2.122933042352088,0.0,36778.77066957648,0.9994231160211,1,0
6047.0,0.5359348670708641,0.0,36794.64065132929,0.9998543655252524,1,0
6048.0,1.407282132002365,0.0,36785.92717867998,0.9996175863771734,1,0
6049.0,2.739517707266714,0.0,36772.60482292733,0.9992555658404164,1,0
6050.0,2.4478660131944707,0.0,36775.52133986806,0.9993348190181536,1,0
6051.0,2.665738504440924,0.0,36773.34261495559,0.9992756145368368,1,0
6052.0,0.5163579753580052,0.0,36794.83642024642,0.9998596853327832,1,0
6053.0,0.842747155559664,0.0,36791.572528444405,0.9997709926207718,1,0
6054.0,1.825382881124824,0.0,36781.74617118875,0.9995039720431728,1,0
6055.0,0.3354158778911369,0.0,36796.64584122109,0.999908854381008,1,0
6056.0,1.4018920161106507,0.0,36785.98107983889,0.9996190510825786,1,0
6057.0,2.5965842911145955,0.0,36774.034157088856,0.999294406442632,1,0
6058.0,2.0287147128383367,0.0,36779.71285287161,0.999448718828033,1,0
6059.0,0.9822715049194812,0.0,36790.177284950805,0.9997330783954024,1,0
6060.0,1.4033427198273785,0.0,36785.96657280173,0.9996186568696122,1,0
6061.0,2.652353610525097,0.0,36773.47646389475,0.9992792517362704,1,0
6062.0,3.0656203131457005,0.0,36769.34379686855,0.9991669510018628,1,0
6063.0,3.604570598075042,0.0,36763.95429401925,0.9990204971200882,1,0
6064.0,2.376217787683345,0.0,36776.23782212316,0.9993542886446511,1,0
6065.0,2.202259130494894,0.0,36777.97740869505,0.9994015600188872,1,0
6066.0,1.1476441005434026,0.0,36788.523558994566,0.9996881401900696,1,0
6067.0,2.031027897534841,0.0,36779.68972102465,0.9994480902452352,1,0
6068.0,1.7362129279981673,0.0,36782.63787072002,0.9995282030086962,1,0
6069.0,1.4464465769278831,0.0,36785.53553423072,0.9996069438649652,1,0
6070.0,2.4324328185248305,0.0,36775.67567181475,0.9993390128210532,1,0
6071.0,2.430843661837571,0.0,36775.69156338162,0.9993394446571092,1,0
6072.0,0.5216849756116062,0.0,36794.783150243886,0.9998582377783664,1,0
6073.0,0.9875079877338068,0.0,36790.12492012266,0.9997316554381158,1,0
6074.0,0.7797218511841493,0.0,36792.20278148816,0.9997881190621782,1,0
6075.0,1.2224660338870308,0.0,36787.77533966113,0.9996678081429656,1,0
6076.0,0.3132931795298646,0.0,36796.8670682047,0.9999148659838234,1,0
6077.0,1.6901839811171158,0.0,36783.09816018883,0.9995407108746964,1,0
6078.0,0.9103386178576328,0.0,36790.896613821424,0.9997526253755822,1,0
6079.0,0.8699662271856141,0.0,36791.30033772814,0.9997635961339169,1,0
6080.0,0.522209912879589,0.0,36794.7779008712,0.9998580951323696,1,0
6081.0,0.8398141821171521,0.0,36791.60185817883,0.9997717896244248,1,0
6082.0,1.1896667838973372,0.0,36788.10333216103,0.9996767209826368,1,0
6083.0,0.6757978809828273,0.0,36793.24202119017,0.999816359271472,1,0
6084.0,1.234353307829224,0.0,36787.6564669217,0.9996645779054812,1,0
6085.0,0.768819249088665,0.0,36792.31180750911,0.9997910817257912,1,0
6086.0,0.2353735967608372,0.0,36797.64626403239,0.9999360397834888,1,0
6087.0,2.767618152382056,0.0,36772.32381847618,0.9992479298498962,1,0
6088.0,1.3568306253282572,0.0,36786.43169374672,0.999631296025726,1,0
6089.0,2.1609369288171365,0.0,36778.39063071183,0.9994127888780387,1,0
6090.0,0.6752592573948277,0.0,36793.24740742605,0.9998165056365776,1,0
6091.0,1.38665039638272,0.0,36786.13349603617,0.99962319282707,1,0
6092.0,0.5579809710179688,0.0,36794.42019028982,0.9998483747361364,1,0
6093.0,1.932375054955628,0.0,36780.67624945045,0.9994748980828924,1,0
6094.0,6.122826339860694,0.0,36738.7717366014,0.9983361884946031,1,0
6095.0,4.055316939104159,0.0,36759.44683060896,0.9988980117013304,1,0
6096.0,1.0119259855964629,0.0,36789.88074014404,0.9997250201126096,1,0
6097.0,2.0811110915419704,0.0,36779.18888908458,0.9994344806816462,1,0
6098.0,2.766855331021361,0.0,36772.33144668979,0.9992481371383094,1,0
6099.0,2.0359106193163825,0.0,36779.640893806834,0.999446763418664,1,0
6100.0,2.118943943418344,0.0,36778.81056056582,0.9994242000153756,1,0
6101.0,3.2121041592063198,0.0,36767.878958407935,0.9991271456089112,1,0
6102.0,1.101717628458573,0.0,36788.98282371541,0.999700620209658,1,0
6103.0,1.305579833208867,0.0,36786.94420166791,0.9996452228714106,1,0
6104.0,2.2010923168036243,0.0,36777.98907683196,0.999401877087825,1,0
6105.0,1.737253788689486,0.0,36782.6274621131,0.9995279201661168,1,0
6106.0,0.2346823373682127,0.0,36797.65317662632,0.9999362276257152,1,0
6107.0,0.3680548773236296,0.0,36796.319451226766,0.999899985087684,1,0
6108.0,1.4192680314008612,0.0,36785.80731968599,0.9996143293392932,1,0
6109.0,1.2159260227754205,0.0,36787.84073977225,0.999669585319898,1,0
6110.0,1.4397650574155705,0.0,36785.60234942584,0.9996087594952674,1,0
6111.0,0.9277691561419488,0.0,36790.72230843858,0.9997478888162656,1,0
6112.0,2.746812061296623,0.0,36772.53187938703,0.9992535836789954,1,0
6113.0,5.296025454935261,0.0,36747.039745450646,0.9985608626481154,1,0
6114.0,2.650188182962665,0.0,36773.49811817038,0.9992798401676732,1,0
6115.0,1.070943332581919,0.0,36789.29056667418,0.9997089827900592,1,0
6116.0,1.0250614194410446,0.0,36789.74938580559,0.9997214507012387,1,0
6117.0,1.813866792032968,0.0,36781.86133207967,0.9995071014152084,1,0
6118.0,1.2054665895057042,0.0,36787.94533410495,0.9996724275571996,1,0
6119.0,1.2564346581493735,0.0,36787.435653418506,0.9996585775385464,1,0
6120.0,3.495617658876654,0.0,36765.04382341124,0.9990501038970444,1,0
6121.0,4.111317534896443,0.0,36758.88682465104,0.998882794148126,1,0
6122.0,0.5226821198011748,0.0,36794.77317880199,0.9998579668152714,1,0
6123.0,1.4023589243579409,0.0,36785.97641075642,0.9996189242053376,1,0
6124.0,1.8195038283729448,0.0,36781.80496171627,0.9995055696118552,1,0
6125.0,2.0903784739984985,0.0,36779.09621526001,0.999431962371196,1,0
6126.0,0.3952279394688958,0.0,36796.04772060531,0.9998926011034052,1,0
6127.0,3.0814824117314856,0.0,36769.18517588268,0.999162640648986,1,0
6128.0,0.7033865430603328,0.0,36792.9661345694,0.9998088623524292,1,0
6129.0,2.1860878289262478,0.0,36778.13912171074,0.9994059543943136,1,0
6130.0,1.81907631114791,0.0,36781.80923688852,0.999505685785014,1,0
6131.0,0.3324997972977144,0.0,36796.67500202703,0.9999096467942128,1,0
6132.0,1.6823323339240233,0.0,36783.17667666076,0.9995428444744772,1,0
6133.0,2.86699696100186,0.0,36771.33003038998,0.9992209247388582,1,0
6134.0,3.283564225351256,0.0,36767.164357746486,0.9991077271126764,1,0
6135.0,1.8466834342398213,0.0,36781.5331656576,0.9994981838493914,1,0
6136.0,1.853882696992514,0.0,36781.46117303008,0.9994962275279912,1,0
6137.0,0.8081458903016028,0.0,36791.91854109698,0.9997803951385048,1,0
6138.0,3.020415729997694,0.0,36769.79584270003,0.999179234855979,1,0
6139.0,1.5178257994075466,0.0,36784.82174200592,0.9995875473371174,1,0
6140.0,1.89703977049885,0.0,36781.02960229501,0.9994845000623644,1,0
6141.0,0.9174520563647092,0.0,36790.82547943635,0.999750692375988,1,0
6142.0,1.124983881690241,0.0,36788.750161183096,0.9996942978582364,1,0
6143.0,2.5619308406057826,0.0,36774.38069159394,0.9993038231411396,1,0
6144.0,3.03510695742807,0.0,36769.64893042572,0.999175242674612,1,0
6145.0,1.40385982900807,0.0,36785.96140170992,0.9996185163508132,1,0
6146.0,4.235803450573258,0.0,36757.641965494266,0.9988489664536484,1,0
6147.0,1.7981600442353738,0.0,36782.018399557644,0.9995113695531967,1,0
6148.0,0.8629782139933013,0.0,36791.37021786007,0.9997654950505452,1,0
6149.0,0.5535550340173359,0.0,36794.46444965983,0.9998495774364085,1,0
6150.0,2.859072353267038,0.0,36771.409276467326,0.999223078164873,1,0
6151.0,1.2943616125621702,0.0,36787.05638387438,0.999648271300934,1,0
6152.0,1.4678833004618357,0.0,36785.32116699538,0.9996011186683528,1,0
6153.0,1.8371343956923736,0.0,36781.628656043074,0.9995007786968226,1,0
6154.0,2.417834315469918,0.0,36775.8216568453,0.9993429798055788,1,0
6155.0,0.6778598745613635,0.0,36793.22140125439,0.99981579894713,1,0
6156.0,2.57643883244873,0.0,36774.23561167551,0.999299880752052,1,0
6157.0,0.4985375396045128,0.0,36795.01462460395,0.9998645278424988,1,0
6158.0,2.196347646372488,0.0,36778.03652353628,0.9994031664004424,1,0
6159.0,1.7724069502210114,0.0,36782.27593049779,0.9995183676765704,1,0
6160.0,1.4815989362487016,0.0,36785.18401063752,0.9995973915934108,1,0
6161.0,3.9995990539819104,0.0,36760.00400946018,0.9989131524309832,1,0
6162.0,3.5413047222327805,0.0,36764.58695277768,0.999037688934176,1,0
6163.0,2.2167641816549803,0.0,36777.83235818345,0.999397618428898,1,0
6164.0,2.1867706104940225,0.0,36778.13229389506,0.999405768855844,1,0
6165.0,1.5910102225507217,0.0,36784.089897774495,0.9995676602656112,1,0
6166.0,2.45241034467017,0.0,36775.4758965533,0.99933358414547,1,0
6167.0,2.589701484360376,0.0,36774.1029851564,0.9992962767705542,1,0
6168.0,1.2906873215779342,0.0,36787.093126784224,0.9996492697495714,1,0
6169.0,1.3209929887098042,0.0,36786.7900701129,0.9996410345139376,1,0
6170.0,0.2361520579606804,0.0,36797.63847942039,0.9999358282451192,1,0
6171.0,0.6154830239083822,0.0,36793.84516976091,0.9998327491782856,1,0
6172.0,2.080866554155364,0.0,36779.19133445845,0.999434547132023,1,0
6173.0,2.1252006133872783,0.0,36778.74799386613,0.9994224998333188,1,0
6174.0,1.238981248503478,0.0,36787.61018751496,0.9996633203129066,1,0
6175.0,3.050957334887244,0.0,36769.49042665113,0.999170935506824,1,0
6176.0,1.8139830781183264,0.0,36781.86016921882,0.9995070698157288,1,0
6177.0,2.0940991134939395,0.0,36779.05900886506,0.999430951327855,1,0
6178.0,0.1423528954746871,0.0,36798.57647104525,0.9999613171479688,1,0
6179.0,2.0712008878626875,0.0,36779.287991121375,0.9994371736717764,1,0
6180.0,1.0668018862006647,0.0,36789.33198113799,0.9997101081830976,1,0
6181.0,2.056091655292221,0.0,36779.43908344708,0.9994412794414966,1,0
6182.0,2.2843222352876182,0.0,36777.15677764712,0.99937926026215,1,0
6183.0,1.881431264641833,0.0,36781.18568735358,0.9994887415041732,1,0
6184.0,3.024154223201549,0.0,36769.75845776798,0.9991782189610864,1,0
6185.0,3.39021887090712,0.0,36766.09781129093,0.999078744872036,1,0
6186.0,3.7904118561400537,0.0,36762.0958814386,0.9989699967782228,1,0
6187.0,2.0223191177756235,0.0,36779.77680882224,0.999450456761474,1,0
6188.0,1.8801852298665835,0.0,36781.19814770133,0.9994890801005796,1,0
6189.0,0.4293583048220171,0.0,36795.70641695178,0.9998833265476028,1,0
6190.0,0.2757659384933504,0.0,36797.24234061506,0.9999250636036702,1,0
6191.0,1.7027847407052832,0.0,36782.97215259295,0.9995372867552432,1,0
6192.0,4.306423756506774,0.0,36756.935762434936,0.9988297761531232,1,0
6193.0,2.234374700695298,0.0,36777.656252993045,0.9993928329617676,1,0
6194.0,0.591620445308763,0.0,36794.08379554691,0.9998392335746444,1,0
6195.0,2.452410903767486,0.0,36775.47589096233,0.9993335839935414,1,0
6196.0,2.4651858886209084,0.0,36775.34814111379,0.999330112530266,1,0
6197.0,2.7610594672178195,0.0,36772.38940532782,0.9992497121012994,1,0
6198.0,0.2358387185013271,0.0,36797.64161281499,0.9999359133917116,1,0
6199.0,1.224361560347461,0.0,36787.756384396525,0.9996672930542534,1,0
6200.0,2.677820484235781,0.0,36773.221795157646,0.9992723313901534,1,0
6201.0,2.964763984135061,0.0,36770.35236015865,0.9991943576130068,1,0
6202.0,1.795525361412729,0.0,36782.04474638587,0.999512085499616,1,0
6203.0,3.130041976120083,0.0,36768.6995802388,0.9991494451151848,1,0
6204.0,1.2747832118748192,0.0,36787.25216788125,0.9996535915185122,1,0
6205.0,2.638164349030376,0.0,36773.618356509694,0.9992831075138504,1,0
6206.0,2.625059107616835,0.0,36773.74940892383,0.9992866687207564,1,0
6207.0,2.5130696116393665,0.0,36774.869303883606,0.999317100649011,1,0
6208.0,0.185640434691777,0.0,36798.14359565309,0.9999495542297032,1,0
6209.0,1.1173396341700936,0.0,36788.8266036583,0.9996963750994105,1,0
6210.0,0.8843928903261258,0.0,36791.15607109674,0.99975967584502,1,0
6211.0,1.4720185918795323,0.0,36785.27981408121,0.9995999949478588,1,0
6212.0,2.2402271600867607,0.0,36777.59772839913,0.9993912426195416,1,0
6213.0,2.29576458451902,0.0,36777.04235415481,0.9993761509281198,1,0
6214.0,0.2213760835074936,0.0,36797.786239164925,0.9999398434555686,1,0
6215.0,1.7810327167035211,0.0,36782.18967283297,0.9995160237182872,1,0
6216.0,0.780312893174596,0.0,36792.196871068256,0.9997879584529418,1,0
6217.0,0.2211306183262422,0.0,36797.788693816736,0.9999399101580636,1,0
6218.0,2.135068685635815,0.0,36778.64931314365,0.9994198182919468,1,0
6219.0,2.72355970231456,0.0,36772.764402976856,0.999259902254806,1,0
6220.0,4.828068683679703,0.0,36751.7193131632,0.9986880248142174,1,0
6221.0,2.5521466688560395,0.0,36774.47853331144,0.999306481883463,1,0
6222.0,1.5995406384063244,0.0,36784.00459361594,0.9995653422178244,1,0
6223.0,2.0954544652258846,0.0,36779.04545534774,0.9994305830257538,1,0
6224.0,0.8983627118950608,0.0,36791.01637288105,0.9997558796978546,1,0
6225.0,0.371565175755677,0.0,36796.28434824244,0.9998990312022404,1,0
6226.0,1.8211719492774137,0.0,36781.78828050723,0.9995051163181312,1,0
6227.0,1.7291795844603255,0.0,36782.7082041554,0.9995301142433533,1,0
6228.0,3.792922554702273,0.0,36762.07077445298,0.9989693145231788,1,0
6229.0,3.724087138853065,0.0,36762.75912861147,0.9989880197992248,1,0
6230.0,1.454626269448454,0.0,36785.45373730552,0.9996047211224324,1,0
6231.0,2.0177352945756866,0.0,36779.82264705424,0.9994517023656044,1,0
6232.0,0.4065281003495329,0.0,36795.934718996505,0.9998895304075136,1,0
6233.0,2.6022990598266915,0.0,36773.97700940173,0.9992928535163512,1,0
6234.0,1.8617311972202517,0.0,36781.3826880278,0.9994940947833642,1,0
6235.0,1.8527477370025736,0.0,36781.47252262998,0.999496535941032,1,0
6236.0,1.4979968686757277,0.0,36785.020031313245,0.999592935633512,1,0
6237.0,1.788673345487041,0.0,36782.11326654513,0.9995139474604656,1,0
6238.0,0.3042087830426681,0.0,36796.95791216957,0.9999173345698252,1,0
6239.0,0.8940477188816658,0.0,36791.05952281119,0.999757052250304,1,0
6240.0,3.3167144461267526,0.0,36766.832855538734,0.999098718900509,1,0
6241.0,1.336308397430912,0.0,36786.63691602569,0.9996368727180892,1,0
6242.0,0.4632417959792292,0.0,36795.367582040206,0.9998741190771796,1,0
6243.0,1.416339712498484,0.0,36785.83660287502,0.9996151250781254,1,0
6244.0,1.4374139661385923,0.0,36785.625860338616,0.9996093983787668,1,0
6245.0,0.9432938912786994,0.0,36790.56706108721,0.9997436701382394,1,0
6246.0,1.6450613606803015,0.0,36783.5493863932,0.9995529724563368,1,0
6247.0,1.001977713508495,0.0,36789.98022286491,0.999727723447416,1,0
6248.0,2.4501731075197317,0.0,36775.4982689248,0.9993341920903478,1,0
6249.0,0.7364982024200799,0.0,36792.6350179758,0.9997998646189076,1,0
6250.0,0.3845058376109591,0.0,36796.15494162389,0.9998955147180404,1,0
6251.0,0.6597100239969222,0.0,36793.40289976003,0.99982073097174,1,0
6252.0,3.448192668219235,0.0,36765.518073317806,0.9990629911227664,1,0
6253.0,2.5063221215805243,0.0,36774.93677878419,0.9993189342060922,1,0
6254.0,4.30406888014204,0.0,36756.95931119858,0.9988304160651787,1,0
6255.0,1.0991116256363966,0.0,36789.008883743634,0.9997013283625988,1,0
6256.0,1.816120848272476,0.0,36781.83879151728,0.999506488899926,1,0
6257.0,4.108548348590375,0.0,36758.914516514094,0.9988835466444048,1,0
6258.0,2.022963065870499,0.0,36779.77036934129,0.9994502817755786,1,0
6259.0,0.8056409590699332,0.0,36791.9435904093,0.9997810758263396,1,0
6260.0,2.9413073383357187,0.0,36770.58692661664,0.9992007317015392,1,0
6261.0,1.2968830575928223,0.0,36787.03116942407,0.9996475861256542,1,0
6262.0,2.282487506673533,0.0,36777.17512493327,0.9993797588297084,1,0
6263.0,2.5814428537587446,0.0,36774.18557146241,0.9992985209636523,1,0
6264.0,2.6193139027973302,0.0,36773.80686097203,0.9992882299177182,1,0
6265.0,1.977562595716336,0.0,36780.22437404284,0.9994626188598598,1,0
6266.0,1.1323078096329482,0.0,36788.67692190367,0.9996923076604258,1,0
6267.0,2.955644203843804,0.0,36770.44355796156,0.9991968358141728,1,0
6268.0,1.500840418613734,0.0,36784.99159581386,0.9995921629297244,1,0
6269.0,0.0,0.0,36800.0,1.0,1,0
6270.0,0.0,0.0,36800.0,1.0,1,0
6271.0,2.182471304412502,0.0,36778.17528695588,0.99940693714554,1,0
6272.0,4.374449637783982,0.0,36756.25550362216,0.998811290859298,1,0
6273.0,2.6455385882318296,0.0,36773.54461411768,0.9992811036445022,1,0
6274.0,1.9505267089807603,0.0,36780.49473291019,0.9994699655682118,1,0
6275.0,0.8636751886706406,0.0,36791.363248113295,0.9997653056552526,1,0
6276.0,1.0684182338309256,0.0,36789.31581766169,0.999709668958198,1,0
6277.0,1.641744664126236,0.0,36783.582553358734,0.9995538737325744,1,0
6278.0,1.1268651690725164,0.0,36788.73134830927,0.9996937866388388,1,0
6279.0,3.090276201958659,0.0,36769.097237980415,0.9991602510320764,1,0
6280.0,3.4198320687401065,0.0,36765.8016793126,0.9990706978074076,1,0
6281.0,1.83392884969453,0.0,36781.66071150306,0.9995016497691048,1,0
6282.0,1.8747744991414947,0.0,36781.252255008585,0.999490550407842,1,0
6283.0,1.446980888552389,0.0,36785.53019111448,0.9996067986715892,1,0
6284.0,2.6253187113625245,0.0,36773.74681288638,0.9992865981762602,1,0
6285.0,1.1217405528386737,0.0,36788.78259447162,0.9996951791975984,1,0
6286.0,0.7801899206997405,0.0,36792.198100793,0.9997879918693752,1,0
6287.0,3.040334088884265,0.0,36769.59665911116,0.9991738222584554,1,0
6288.0,2.885965677864988,0.0,36771.14034322135,0.9992157701962324,1,0
6289.0,2.5547002737521325,0.0,36774.45299726248,0.9993057879690892,1,0
6290.0,1.0311472908106225,0.0,36789.68852709189,0.999719796931845,1,0
6291.0,2.1921810933326924,0.0,36778.07818906667,0.9994042986159422,1,0
6292.0,2.4310313173791656,0.0,36775.68968682621,0.9993393936637558,1,0
6293.0,2.854910943967297,0.0,36771.45089056033,0.9992242089826175,1,0
6294.0,3.0878271896826845,0.0,36769.12172810317,0.9991609165245428,1,0
6295.0,4.078137493037502,0.0,36759.218625069625,0.9988918104638485,1,0
6296.0,3.412869507629693,0.0,36765.871304923705,0.9990725898077094,1,0
6297.0,2.059983656959957,0.0,36779.4001634304,0.9994402218323478,1,0
6298.0,1.626210092897054,0.0,36783.73789907103,0.9995580950834518,1,0
6299.0,0.7928704258465586,0.0,36792.07129574154,0.9997845460799332,1,0
6300.0,0.0,0.0,36800.0,1.0,1,0
6301.0,0.7159544619808003,0.0,36792.8404553802,0.9998054471570704,1,0
6302.0,1.099226374641148,0.0,36789.00773625359,0.999701297180804,1,0
6303.0,1.4510975969005813,0.0,36785.48902403099,0.9996056800008422,1,0
6304.0,2.5765428231443366,0.0,36774.23457176855,0.9992998524937108,1,0
6305.0,0.695111012892994,0.0,36793.04888987107,0.9998111111378007,1,0
6306.0,2.1318907940703866,0.0,36778.6810920593,0.9994206818494374,1,0
6307.0,4.77609600908545,0.0,36752.239039909146,0.998702147823618,1,0
6308.0,1.8569374521712236,0.0,36781.430625478286,0.9994953974314752,1,0
6309.0,0.7228723733987863,0.0,36792.77127626601,0.9998035672898372,1,0
6310.0,0.0,0.0,36800.0,1.0,1,0
6311.0,0.0,0.0,36800.0,1.0,1,0
6312.0,1.046109912639622,0.0,36789.5389008736,0.999715731002,1,0
6313.0,1.3953775738582408,0.0,36786.046224261416,0.9996208213114516,1,0
6314.0,2.0779442338998706,0.0,36779.220557661,0.999435341240788,1,0
6315.0,1.4271368553918364,0.0,36785.72863144608,0.9996121910719044,1,0
6316.0,1.394878124114257,0.0,36786.05121875886,0.9996209570314908,1,0
6317.0,1.5191319230789304,0.0,36784.80868076921,0.9995871924122068,1,0
6318.0,0.6020105332099774,0.0,36793.9798946679,0.999836410181193,1,0
6319.0,0.552237900156797,0.0,36794.477620998434,0.9998499353532184,1,0
6320.0,0.3211003033247834,0.0,36796.78899696675,0.9999127444827922,1,0
6321.0,2.416917320824723,0.0,36775.83082679175,0.9993432289889064,1,0
6322.0,0.2654905133085776,0.0,36797.34509486691,0.9999278558387747,1,0
6323.0,1.75701865364681,0.0,36782.42981346353,0.9995225492789004,1,0
6324.0,3.9554188038409848,0.0,36760.44581196159,0.9989251579337388,1,0
6325.0,1.2977022363038486,0.0,36787.02297763696,0.9996473635227434,1,0
6326.0,0.2883241553654443,0.0,36797.11675844635,0.9999216510447376,1,0
6327.0,1.7383773324536378,0.0,36782.61622667546,0.9995276148553116,1,0
6328.0,1.6603326794902389,0.0,36783.3966732051,0.9995488226414428,1,0
6329.0,3.092456236299768,0.0,36769.075437637,0.9991596586314404,1,0
6330.0,4.431723867246546,0.0,36755.68276132754,0.9987957272099874,1,0
6331.0,3.1226580970587747,0.0,36768.77341902941,0.9991514516040602,1,0
6332.0,3.817945893136312,0.0,36761.82054106864,0.998962514702952,1,0
6333.0,1.9801649033070132,0.0,36780.19835096693,0.999461911711058,1,0
6334.0,1.256693782073853,0.0,36787.43306217926,0.9996585071244364,1,0
6335.0,1.9039603623632504,0.0,36780.960396376366,0.9994826194667492,1,0
6336.0,2.098293965450466,0.0,36779.0170603455,0.999429811422432,1,0
6337.0,2.316389733440701,0.0,36776.83610266559,0.9993705462680867,1,0
6338.0,2.0940646485296384,0.0,36779.05935351471,0.9994309606933344,1,0
6339.0,3.7701680248082994,0.0,36762.29831975192,0.9989754978193456,1,0
6340.0,1.2236409233428276,0.0,36787.76359076657,0.9996674888795264,1,0
6341.0,2.4588037465237,0.0,36775.41196253477,0.99933184680801,1,0
6342.0,1.3240734746877934,0.0,36786.75926525312,0.9996401974253566,1,0
6343.0,2.345151291488037,0.0,36776.54848708512,0.9993627306273132,1,0
6344.0,1.6569146882502537,0.0,36783.4308531175,0.9995497514434104,1,0
6345.0,1.7475775051134406,0.0,36782.52422494887,0.9995251148083932,1,0
6346.0,3.0621203140517537,0.0,36769.37879685949,0.999167902088573,1,0
6347.0,2.5047670428020865,0.0,36774.95232957198,0.9993193567818472,1,0
6348.0,2.133456968993414,0.0,36778.66543031007,0.9994202562584256,1,0
6349.0,0.043173903060051,0.0,36799.5682609694,0.9999882679611248,1,0
6350.0,0.6007136212947444,0.0,36793.992863787054,0.9998367626029092,1,0
6351.0,2.7222979044972817,0.0,36772.77702095503,0.9992602451346476,1,0
6352.0,2.135182460472606,0.0,36778.64817539528,0.9994197873748716,1,0
6353.0,0.5483685755334591,0.0,36794.51631424467,0.9998509868001269,1,0
6354.0,1.2326425028122685,0.0,36787.67357497188,0.9996650427981488,1,0
6355.0,2.360512445139648,0.0,36776.394875548605,0.9993585564007772,1,0
6356.0,3.416422045037507,0.0,36765.83577954963,0.9990716244442832,1,0
6357.0,0.7659464197513444,0.0,36792.34053580249,0.9997918623859372,1,0
6358.0,1.7094799704073012,0.0,36782.90520029593,0.9995354673993458,1,0
6359.0,0.5307743980201849,0.0,36794.6922560198,0.999855767826625,1,0
6360.0,2.1661111646462814,0.0,36778.33888835354,0.999411382835694,1,0
6361.0,3.520737291300975,0.0,36764.792627086994,0.9990432779099726,1,0
6362.0,3.700467559300705,0.0,36762.99532440699,0.9989944381632334,1,0
6363.0,2.708543361003649,0.0,36772.91456638996,0.999263982782336,1,0
6364.0,2.7307566542322093,0.0,36772.69243345768,0.99925794656135,1,0
6365.0,0.2537844202315682,0.0,36797.462155797686,0.9999310368423284,1,0
6366.0,0.9420978570360604,0.0,36790.57902142964,0.9997439951475446,1,0
6367.0,0.7115366068601361,0.0,36792.8846339314,0.9998066476611792,1,0
6368.0,1.2919066122613003,0.0,36787.08093387738,0.9996489384205812,1,0
6369.0,1.6687549000889703,0.0,36783.31245099911,0.9995465339945412,1,0
6370.0,2.2697537535914307,0.0,36777.30246246408,0.999383219088698,1,0
6371.0,1.6563920626622348,0.0,36783.43607937338,0.9995498934612332,1,0
6372.0,2.05924864714234,0.0,36779.407513528575,0.9994404215632764,1,0
6373.0,2.359524059997966,0.0,36776.40475940002,0.9993588249836962,1,0
6374.0,0.8967182655087527,0.0,36791.03281734491,0.9997563265582856,1,0
6375.0,2.263644526072312,0.0,36777.36355473928,0.9993848792048716,1,0
6376.0,1.2695011155219618,0.0,36787.30498884478,0.999655026870782,1,0
6377.0,0.5761598521612541,0.0,36794.23840147839,0.9998434348227824,1,0
6378.0,0.4096996690868764,0.0,36795.90300330913,0.9998886685681828,1,0
6379.0,0.5911485212909611,0.0,36794.08851478709,0.9998393618148664,1,0
6380.0,1.3590409026783163,0.0,36786.40959097321,0.9996306954068808,1,0
6381.0,1.8539555158549772,0.0,36781.46044484145,0.9994962077402568,1,0
6382.0,1.794930032895536,0.0,36782.05069967105,0.9995122472736696,1,0
6383.0,0.9699837137968644,0.0,36790.30016286203,0.999736417469077,1,0
6384.0,3.088430884727132,0.0,36769.11569115273,0.9991607524769764,1,0
6385.0,1.494282417523209,0.0,36785.05717582477,0.9995939449952382,1,0
6386.0,1.667154957686762,0.0,36783.328450423134,0.9995469687614982,1,0
6387.0,1.3686712843464193,0.0,36786.31328715653,0.9996280784553404,1,0
6388.0,2.5744900767349463,0.0,36774.25509923265,0.9993004103052352,1,0
6389.0,0.8537885775622271,0.0,36791.46211422438,0.999767992234358,1,0
6390.0,2.6574857735631667,0.0,36773.42514226437,0.9992778571267492,1,0
6391.0,4.015949435462062,0.0,36759.84050564538,0.9989087093925374,1,0
6392.0,2.1933414237646502,0.0,36778.06658576235,0.9994039833087596,1,0
6393.0,1.4252208752213846,0.0,36785.74779124778,0.9996127117186898,1,0
6394.0,1.4246773460263285,0.0,36785.75322653974,0.9996128594168407,1,0
6395.0,1.2231363661712749,0.0,36787.76863633829,0.9996676259874536,1,0
6396.0,0.9917306718352848,0.0,36790.08269328165,0.99973050796961,1,0
6397.0,2.161658055037151,0.0,36778.38341944963,0.9994125929198268,1,0
6398.0,1.9260082533328384,0.0,36780.73991746667,0.9994766281920292,1,0
6399.0,0.0082318953500362,0.0,36799.9176810465,0.9999977630719158,1,0
6400.0,1.221574228477948,0.0,36787.78425771522,0.9996680504813918,1,0
6401.0,2.7178440560992385,0.0,36772.821559439006,0.999261455419538,1,0
6402.0,2.175054366551194,0.0,36778.24945633449,0.999408952617785,1,0
6403.0,1.2073945097736214,0.0,36787.926054902266,0.9996719036658224,1,0
6404.0,1.9450078303725604,0.0,36780.54992169628,0.9994714652634858,1,0
6405.0,2.978713625236196,0.0,36770.21286374764,0.999190566949664,1,0
6406.0,3.991437789766678,0.0,36760.085622102335,0.9989153701658244,1,0
6407.0,2.5779361255345066,0.0,36774.22063874466,0.9992994738789308,1,0
6408.0,3.4405931083210817,0.0,36765.59406891679,0.999065056220565,1,0
6409.0,1.411707844787088,0.0,36785.882921552125,0.9996163837378296,1,0
6410.0,1.3683552304582918,0.0,36786.31644769542,0.9996281643395494,1,0
6411.0,0.1717296991246257,0.0,36798.28270300875,0.99995333432089,1,0
6412.0,1.238290191622582,0.0,36787.61709808378,0.9996635081001026,1,0
6413.0,1.4546115403045403,0.0,36785.45388459695,0.9996047251249172,1,0
6414.0,0.5498227162661351,0.0,36794.501772837335,0.9998505916531883,1,0
6415.0,1.4039822232753068,0.0,36785.96017776725,0.9996184830915014,1,0
6416.0,4.3896016528087785,0.0,36756.10398347191,0.9988071734639108,1,0
6417.0,2.033212767096302,0.0,36779.66787232904,0.9994474965306804,1,0
6418.0,3.025952193198464,0.0,36769.740478068015,0.9991777303822832,1,0
6419.0,1.7552856195361528,0.0,36782.44714380464,0.9995230202120826,1,0
6420.0,0.5294032577785401,0.0,36794.70596742221,0.9998561404190818,1,0
6421.0,2.239114759822769,0.0,36777.60885240177,0.999391544902222,1,0
6422.0,0.2358619135438857,0.0,36797.64138086456,0.9999359070887108,1,0
6423.0,0.1847274460251355,0.0,36798.15272553975,0.9999498023244496,1,0
6424.0,1.5662725207512267,0.0,36784.33727479249,0.9995743824671872,1,0
6425.0,0.2520921035511492,0.0,36797.47907896449,0.9999314967109916,1,0
6426.0,0.0,0.0,36800.0,1.0,1,0
6427.0,0.5041017939420271,0.0,36794.958982060576,0.9998630158168634,1,0
6428.0,1.83320259136508,0.0,36781.66797408635,0.9995018471219116,1,0
6429.0,1.4770104566468945,0.0,36785.22989543353,0.9995986384628676,1,0
6430.0,1.6273937331970956,0.0,36783.72606266803,0.999557773442066,1,0
6431.0,3.9157607200604616,0.0,36760.84239279939,0.99893593458694,1,0
6432.0,1.7765077310823472,0.0,36782.234922689175,0.9995172533339448,1,0
6433.0,1.940301267881296,0.0,36780.59698732119,0.9994727442206844,1,0
6434.0,1.8680963015649468,0.0,36781.31903698435,0.9994923651354444,1,0
6435.0,1.0811134880286772,0.0,36789.18886511972,0.9997062191608618,1,0
6436.0,0.3313088699469517,0.0,36796.68691130053,0.9999099704157752,1,0
6437.0,3.06098793813726,0.0,36769.39012061863,0.9991682097994192,1,0
6438.0,1.836966255351399,0.0,36781.63033744648,0.9995008243871328,1,0
6439.0,3.8566580821006937,0.0,36761.433419179,0.9989519950863858,1,0
6440.0,2.3944833524710702,0.0,36776.055166475286,0.9993493251759588,1,0
6441.0,1.9364894157351955,0.0,36780.63510584265,0.999473780050072,1,0
6442.0,0.6631430401293983,0.0,36793.36856959871,0.9998197980869216,1,0
6443.0,1.8937357074037209,0.0,36781.062642925965,0.9994853979055968,1,0
6444.0,1.052238801187741,0.0,36789.47761198812,0.9997140655431556,1,0
6445.0,2.795953178227137,0.0,36772.04046821773,0.9992402301146124,1,0
6446.0,3.009051071199792,0.0,36769.909489288,0.9991823230784784,1,0
6447.0,3.835460120416428,0.0,36761.64539879584,0.9989577554020608,1,0
6448.0,0.4773026456314255,0.0,36795.226973543686,0.999870298194122,1,0
6449.0,1.195680660983271,0.0,36788.04319339017,0.9996750867769068,1,0
6450.0,1.6955415296833962,0.0,36783.044584703166,0.9995392550191078,1,0
6451.0,1.731637502630292,0.0,36782.683624973695,0.999529446330807,1,0
6452.0,2.254561272382489,0.0,36777.45438727617,0.9993873474803308,1,0
6453.0,0.1539115005289204,0.0,36798.46088499471,0.9999581762226823,1,0
6454.0,1.8406090627686356,0.0,36781.59390937232,0.9994998344938129,1,0
6455.0,0.0369024989668105,0.0,36799.63097501033,0.99998997214702,1,0
6456.0,0.0,0.0,36800.0,1.0,1,0
6457.0,2.2997118966304697,0.0,36777.002881033695,0.9993750782889592,1,0
6458.0,2.019425028333899,0.0,36779.80574971666,0.9994512431988224,1,0
6459.0,0.8988716552048572,0.0,36791.01128344795,0.999755741398042,1,0
6460.0,1.3923945087371976,0.0,36786.07605491263,0.9996216319269736,1,0
6461.0,0.9556693393096792,0.0,36790.4433066069,0.9997403072447528,1,0
6462.0,1.537565575787994,0.0,36784.62434424212,0.9995821832674489,1,0
6463.0,1.9156330451069152,0.0,36780.84366954893,0.9994794475420904,1,0
6464.0,2.5470183831657778,0.0,36774.529816168346,0.9993078754393572,1,0
6465.0,0.4526011737798399,0.0,36795.4739882622,0.9998770105506032,1,0
6466.0,2.667546368155854,0.0,36773.32453631844,0.9992751232695228,1,0
6467.0,3.4177347709673995,0.0,36765.82265229033,0.9990712677252808,1,0
6468.0,1.1254815585152755,0.0,36788.745184414845,0.9996941626199686,1,0
6469.0,1.958946325488796,0.0,36780.41053674511,0.9994676776289432,1,0
6470.0,0.8432298491461552,0.0,36791.56770150854,0.9997708614540364,1,0
6471.0,0.3384125354814387,0.0,36796.615874645184,0.99990804007188,1,0
6472.0,3.286846065887403,0.0,36767.13153934113,0.9991068353081828,1,0
6473.0,2.0706528099381103,0.0,36779.293471900615,0.9994373226059948,1,0
6474.0,0.3108703115476601,0.0,36796.891296884525,0.9999155243718622,1,0
6475.0,0.8321075037765695,0.0,36791.67892496224,0.9997738838304956,1,0
6476.0,3.473317425295136,0.0,36765.26682574705,0.9990561637431264,1,0
6477.0,2.554956568763373,0.0,36774.45043431237,0.9993057183237056,1,0
6478.0,2.75396525020642,0.0,36772.46034749794,0.9992516398776612,1,0
6479.0,1.4020906328914862,0.0,36785.979093671085,0.9996189971106272,1,0
6480.0,0.0,0.0,36800.0,1.0,1,0
6481.0,2.1293242007395747,0.0,36778.70675799261,0.9994213792932772,1,0
6482.0,3.3981793638722597,0.0,36766.01820636128,0.9990765816945998,1,0
6483.0,1.8834130604300297,0.0,36781.1658693957,0.9994882029727092,1,0
6484.0,1.607515157369562,0.0,36783.92484842631,0.9995631752289758,1,0
6485.0,1.7458789262727803,0.0,36782.54121073727,0.99952557637873,1,0
6486.0,1.221428530011508,0.0,36787.78571469989,0.9996680900733664,1,0
6487.0,3.2910308218361024,0.0,36767.08969178164,0.9991056981462404,1,0
6488.0,1.787620798846547,0.0,36782.12379201154,0.9995142334785744,1,0
6489.0,1.365152979470622,0.0,36786.348470205296,0.9996290345164482,1,0
6490.0,0.8679899568751352,0.0,36791.32010043125,0.9997641331638928,1,0
6491.0,2.0964372018006543,0.0,36779.035627982,0.9994303159777717,1,0
6492.0,3.539890188015306,0.0,36764.60109811985,0.9990380733184742,1,0
6493.0,2.1032502084663065,0.0,36778.967497915335,0.9994284646172644,1,0
6494.0,0.0,0.0,36800.0,1.0,1,0
6495.0,0.9825133255444598,0.0,36790.17486674456,0.999733012683276,1,0
6496.0,0.0183869156981018,0.0,36799.81613084302,0.9999950035555168,1,0
6497.0,0.0,0.0,36800.0,1.0,1,0
6498.0,0.7447278737217857,0.0,36792.55272126278,0.999797628295184,1,0
6499.0,3.4390566108158964,0.0,36765.60943389184,0.9990654737470608,1,0
6500.0,2.031969288752407,0.0,36779.68030711248,0.999447834432404,1,0
6501.0,2.397916298632481,0.0,36776.02083701368,0.9993483923101544,1,0
6502.0,3.2737797337140364,0.0,36767.26220266286,0.9991103859419256,1,0
6503.0,1.969648005736417,0.0,36780.30351994264,0.9994647695636586,1,0
6504.0,1.321222939164727,0.0,36786.78777060835,0.9996409720274008,1,0
6505.0,2.742440286265264,0.0,36772.575597137344,0.9992547716613408,1,0
6506.0,2.7070388254214777,0.0,36772.929611745785,0.9992643916235268,1,0
6507.0,2.697540530504739,0.0,36773.02459469495,0.999266972681928,1,0
6508.0,0.709354371982954,0.0,36792.90645628017,0.9998072406597872,1,0
6509.0,0.0,0.0,36800.0,1.0,1,0
6510.0,1.0702047368986314,0.0,36789.297952631016,0.999709183495408,1,0
6511.0,0.9334197953612602,0.0,36790.66580204639,0.999746353316478,1,0
6512.0,1.730940429803013,0.0,36782.69059570197,0.9995296357527708,1,0
6513.0,1.273222105334753,0.0,36787.267778946654,0.999654015732246,1,0
6514.0,0.6151893056812696,0.0,36793.84810694319,0.9998328289930214,1,0
6515.0,1.0945458133583088,0.0,36789.05454186642,0.999702569072457,1,0
6516.0,3.276974751254784,0.0,36767.230252487454,0.9991095177306374,1,0
6517.0,3.590837428509076,0.0,36764.09162571491,0.9990242289596444,1,0
6518.0,2.1862201640014973,0.0,36778.13779835998,0.9994059184336952,1,0
6519.0,1.255041422242357,0.0,36787.44958577758,0.9996589561352602,1,0
6520.0,0.0388759244115135,0.0,36799.61124075588,0.9999894358901056,1,0
6521.0,1.3490025426517605,0.0,36786.50997457349,0.9996334232221056,1,0
6522.0,2.1874407296754725,0.0,36778.12559270325,0.9994055867582404,1,0
6523.0,0.8381768436192942,0.0,36791.61823156381,0.9997722345533644,1,0
6524.0,1.9605546621369283,0.0,36780.39445337863,0.9994672405809408,1,0
6525.0,1.4303686202447352,0.0,36785.696313797554,0.9996113128749337,1,0
6526.0,3.0465944322713767,0.0,36769.534055677286,0.9991721210781872,1,0
6527.0,2.8965953316974264,0.0,36771.034046683024,0.999212881703343,1,0
6528.0,0.6017331041130092,0.0,36793.98266895887,0.9998364855695344,1,0
6529.0,0.6712119555786558,0.0,36793.287880444215,0.9998176054468536,1,0
6530.0,0.1386252741558564,0.0,36798.61374725844,0.9999623300885444,1,0
6531.0,1.1232522387972494,0.0,36788.767477612026,0.9996947684133702,1,0
6532.0,0.7413083639321485,0.0,36792.58691636068,0.999798557509801,1,0
6533.0,0.3870858911186587,0.0,36796.129141088815,0.999894813616544,1,0
6534.0,1.6157326681886843,0.0,36783.84267331811,0.9995609422097312,1,0
6535.0,0.0,0.0,36800.0,1.0,1,0
6536.0,0.9122543270004826,0.0,36790.87745673,0.9997521048024456,1,0
6537.0,0.0884498328778136,0.0,36799.11550167122,0.9999759647193268,1,0
6538.0,2.3553186076860584,0.0,36776.44681392314,0.9993599677696504,1,0
6539.0,4.744145959976777,0.0,36752.55854040024,0.9987108299021804,1,0
6540.0,2.212286943878098,0.0,36777.87713056122,0.9993988350695984,1,0
6541.0,3.130177876460948,0.0,36768.69822123539,0.9991494081857444,1,0
6542.0,1.5787482923697098,0.0,36784.2125170763,0.999570992311856,1,0
6543.0,1.4623745109811352,0.0,36785.37625489019,0.999602615622016,1,0
6544.0,0.9162117803425645,0.0,36790.837882196574,0.9997510294075156,1,0
6545.0,2.629391006638798,0.0,36773.706089933614,0.999285491574283,1,0
6546.0,2.7861730102940783,0.0,36772.138269897056,0.9992428877689418,1,0
6547.0,4.476079541062063,0.0,36755.23920458938,0.9987836740377548,1,0
6548.0,3.937115714750689,0.0,36760.62884285249,0.9989301315992524,1,0
6549.0,2.4681148069767005,0.0,36775.31885193024,0.999329316628539,1,0
6550.0,2.855905688336861,0.0,36771.44094311663,0.9992239386716476,1,0
6551.0,0.8003303929926915,0.0,36791.99669607007,0.9997825189149476,1,0
6552.0,0.7034007414804364,0.0,36792.9659925852,0.9998088584941628,1,0
6553.0,1.1748321531731565,0.0,36788.25167846827,0.99968075213229,1,0
6554.0,2.6845695945048647,0.0,36773.15430405495,0.9992704973927976,1,0
6555.0,1.262744777616717,0.0,36787.37255222383,0.9996568628321694,1,0
6556.0,1.8068238443038356,0.0,36781.93176155696,0.9995090152597,1,0
6557.0,0.2934504890599783,0.0,36797.06549510941,0.9999202580192772,1,0
6558.0,1.870062910683373,0.0,36781.29937089317,0.9994918307307926,1,0
6559.0,3.5589982209876325,0.0,36764.41001779013,0.99903288091821,1,0
6560.0,2.375960200307418,0.0,36776.24039799693,0.9993543586412208,1,0
6561.0,0.7912595603293084,0.0,36792.08740439671,0.9997849838151278,1,0
6562.0,0.4377014389210671,0.0,36795.62298561079,0.9998810593915975,1,0
6563.0,1.421635058701213,0.0,36785.78364941299,0.999613686125353,1,0
6564.0,1.0253034400593606,0.0,36789.74696559941,0.9997213849347664,1,0
6565.0,3.0024181487397072,0.0,36769.975818512605,0.99918412550306,1,0
6566.0,1.3308884538655548,0.0,36786.69111546135,0.999638345528841,1,0
6567.0,5.499519049141782,0.0,36745.00480950858,0.9985055654757766,1,0
6568.0,3.990314682395365,0.0,36760.096853176045,0.9989156753580448,1,0
6569.0,2.181752489072096,0.0,36778.18247510928,0.9994071324757956,1,0
6570.0,1.3503222396730052,0.0,36786.49677760327,0.9996330646087844,1,0
6571.0,0.0,0.0,36800.0,1.0,1,0
6572.0,0.4341273753843779,0.0,36795.65872624616,0.9998820306045152,1,0
6573.0,1.6650574854566005,0.0,36783.34942514543,0.999547538726778,1,0
6574.0,2.9907964773146887,0.0,36770.09203522685,0.999187283565947,1,0
6575.0,3.23650397613892,0.0,36767.63496023861,0.9991205152238752,1,0
6576.0,2.057216494429668,0.0,36779.4278350557,0.9994409737786876,1,0
6577.0,5.879273041762644,0.0,36741.20726958237,0.9984023714560428,1,0
6578.0,3.675072599538908,0.0,36763.249274004615,0.9990013389675167,1,0
6579.0,1.709478384729664,0.0,36782.90521615271,0.9995354678302366,1,0
6580.0,2.126050400143868,0.0,36778.73949599856,0.9994222689130045,1,0
6581.0,1.7419081556590754,0.0,36782.58091844341,0.999526655392484,1,0
6582.0,2.1171574917179896,0.0,36778.82842508282,0.9994246854642072,1,0
6583.0,1.9963288143680984,0.0,36780.03671185632,0.9994575193439216,1,0
6584.0,3.1868075362017407,0.0,36768.13192463799,0.9991340196912496,1,0
6585.0,2.231348929307387,0.0,36777.68651070693,0.9993936551822534,1,0
6586.0,0.336643050519342,0.0,36796.63356949481,0.999908520910185,1,0
6587.0,1.6654094527293637,0.0,36783.34590547271,0.9995474430834974,1,0
6588.0,0.0,0.0,36800.0,1.0,1,0
6589.0,0.8423273760299708,0.0,36791.5767262397,0.9997711066912962,1,0
6590.0,2.6782317402830813,0.0,36773.21768259717,0.9992722196357926,1,0
6591.0,2.488612369610564,0.0,36775.11387630389,0.9993237466386928,1,0
6592.0,2.9341388479333546,0.0,36770.65861152067,0.9992026796608876,1,0
6593.0,4.559425597261907,0.0,36754.40574402738,0.998761025652918,1,0
6594.0,1.371031771031994,0.0,36786.28968228968,0.9996274370187412,1,0
6595.0,1.540532229962082,0.0,36784.59467770038,0.9995813771114233,1,0
6596.0,2.6114068081506048,0.0,36773.88593191849,0.9992903785847416,1,0
6597.0,0.6588162805473985,0.0,36793.41183719452,0.9998209738368076,1,0
6598.0,3.636310895453789,0.0,36763.63689104546,0.9990118720392788,1,0
6599.0,0.7122301457120557,0.0,36792.87769854288,0.9998064591995348,1,0
6600.0,0.0,0.0,36800.0,1.0,1,0
6601.0,0.0,0.0,36800.0,1.0,1,0
6602.0,1.425128053318076,0.0,36785.74871946682,0.9996127369420332,1,0
6603.0,0.5772416569307097,0.0,36794.22758343069,0.9998431408540948,1,0
6604.0,1.626677931642007,0.0,36783.73322068358,0.999557967953358,1,0
6605.0,1.828832217451236,0.0,36781.711677825486,0.9995030347235186,1,0
6606.0,1.320500560887922,0.0,36786.79499439112,0.9996411683258456,1,0
6607.0,1.5094099128173184,0.0,36784.90590087183,0.9995898342628212,1,0
6608.0,0.7976301305170637,0.0,36792.02369869483,0.9997832526819248,1,0
6609.0,1.086911503902229,0.0,36789.13088496098,0.99970464361307,1,0
6610.0,2.0814217439692584,0.0,36779.18578256031,0.9994343962652258,1,0
6611.0,1.765058477142702,0.0,36782.34941522857,0.9995203645442546,1,0
6612.0,0.6646347983287342,0.0,36793.35365201671,0.9998193927178454,1,0
6613.0,1.8661074145356904,0.0,36781.338925854645,0.9994929055938764,1,0
6614.0,2.8544525281677124,0.0,36771.45547471832,0.9992243335521284,1,0
6615.0,3.848967977078246,0.0,36761.510320229216,0.9989540847888374,1,0
6616.0,1.8038224431784329,0.0,36781.96177556821,0.9995098308578318,1,0
6617.0,1.372488025169332,0.0,36786.27511974831,0.9996270412975083,1,0
6618.0,2.385211898991656,0.0,36776.14788101008,0.9993518445926652,1,0
6619.0,1.4441744007272064,0.0,36785.55825599273,0.9996075613041502,1,0
6620.0,2.0127986667957884,0.0,36779.872013332046,0.9994530438405448,1,0
6621.0,1.294924955605893,0.0,36787.050750443945,0.9996481182185856,1,0
6622.0,0.4814435535608936,0.0,36795.1855644644,0.999869172947402,1,0
6623.0,1.3776620700855349,0.0,36786.22337929915,0.999625635307042,1,0
6624.0,3.644160278739946,0.0,36763.55839721261,0.9990097390546904,1,0
6625.0,0.9857145658279478,0.0,36790.14285434172,0.9997321427810252,1,0
6626.0,1.4860972839005626,0.0,36785.13902716099,0.9995961692163312,1,0
6627.0,1.0294251103759962,0.0,36789.70574889624,0.9997202649156588,1,0
6628.0,4.17527014551888,0.0,36758.24729854481,0.9988654157213264,1,0
6629.0,1.9901742045540232,0.0,36780.09825795446,0.9994591917922409,1,0
6630.0,1.786566839759871,0.0,36782.1343316024,0.9995145198805,1,0
6631.0,1.3190778111702457,0.0,36786.809221888296,0.9996415549426168,1,0
6632.0,2.150505122931463,0.0,36778.49494877068,0.999415623607899,1,0
6633.0,2.256889452840369,0.0,36777.4311054716,0.9993867148225976,1,0
6634.0,3.0531020385578813,0.0,36769.46897961442,0.9991703527069136,1,0
6635.0,1.593257662662836,0.0,36784.06742337337,0.9995670495481896,1,0
6636.0,1.0427774655508983,0.0,36789.57222534449,0.9997166365582744,1,0
6637.0,0.150448578509895,0.0,36798.4955142149,0.9999591172341004,1,0
6638.0,1.2377590614596556,0.0,36787.6224093854,0.9996636524289512,1,0
6639.0,1.0366232705200673,0.0,36789.6337672948,0.9997183088938804,1,0
6640.0,2.722449476267684,0.0,36772.775505237325,0.9992602039466664,1,0
6641.0,2.545936056219034,0.0,36774.54063943781,0.9993081695499404,1,0
6642.0,1.4719182032013125,0.0,36785.28081796799,0.9996000222273907,1,0
6643.0,0.8759997338565881,0.0,36791.24000266144,0.9997619565940608,1,0
6644.0,3.109204914766451,0.0,36768.907950852335,0.9991551073601178,1,0
6645.0,1.02200829600406,0.0,36789.77991703996,0.9997222803543468,1,0
6646.0,1.017457022850067,0.0,36789.8254297715,0.999723517113356,1,0
6647.0,0.98560792686294,0.0,36790.14392073137,0.9997321717590044,1,0
6648.0,1.904847887727556,0.0,36780.951521122726,0.9994823782913784,1,0
6649.0,1.6756764592682885,0.0,36783.24323540732,0.9995446531360684,1,0
6650.0,1.6798860829130715,0.0,36783.20113917087,0.9995435092165996,1,0
6651.0,0.7482123475319895,0.0,36792.51787652468,0.9997966814273012,1,0
6652.0,0.795785274462105,0.0,36792.04214725538,0.9997837540015048,1,0
6653.0,2.162941483516988,0.0,36778.37058516483,0.9994122441620876,1,0
6654.0,1.7289166478285551,0.0,36782.71083352171,0.9995301856935248,1,0
6655.0,3.186961513230017,0.0,36768.1303848677,0.9991339778496656,1,0
6656.0,1.1391670316616,0.0,36788.60832968338,0.9996904437413964,1,0
6657.0,0.5501686700081336,0.0,36794.49831329992,0.9998504976440196,1,0
6658.0,1.7370865976099594,0.0,36782.6291340239,0.9995279655984756,1,0
6659.0,0.9751211231796332,0.0,36790.24878876821,0.9997350214339188,1,0
6660.0,2.3480317393286896,0.0,36776.51968260671,0.9993619478969216,1,0
6661.0,2.036292045238952,0.0,36779.63707954761,0.9994466597703155,1,0
6662.0,0.6915732484430919,0.0,36793.08426751557,0.9998120724868362,1,0
6663.0,1.788704369885636,0.0,36782.11295630114,0.9995139390299224,1,0
6664.0,1.3339242665178972,0.0,36786.66075733482,0.9996375205797506,1,0
6665.0,3.472026795177044,0.0,36765.27973204823,0.9990565144578324,1,0
6666.0,1.0897129458435302,0.0,36789.10287054157,0.999703882351673,1,0
6667.0,0.786822278980253,0.0,36792.1317772102,0.9997861895981032,1,0
6668.0,1.850233730590844,0.0,36781.49766269409,0.9994972190949482,1,0
6669.0,0.3661972323616282,0.0,36796.33802767639,0.9999004898825103,1,0
6670.0,0.2847158149979805,0.0,36797.15284185002,0.9999226315720116,1,0
6671.0,1.6372905353409806,0.0,36783.62709464659,0.9995550840936572,1,0
6672.0,3.1290227277422678,0.0,36768.70977272258,0.9991497220848526,1,0
6673.0,3.873588869928426,0.0,36761.26411130071,0.9989473943288236,1,0
6674.0,4.089239022743641,0.0,36759.10760977256,0.9988887937438196,1,0
6675.0,5.185687606259307,0.0,36748.14312393741,0.9985908457591688,1,0
6676.0,1.447395151274577,0.0,36785.526048487256,0.9996066861001972,1,0
6677.0,2.919812779427957,0.0,36770.80187220572,0.9992065726142858,1,0
6678.0,1.397953204177611,0.0,36786.020467958224,0.9996201214119084,1,0
6679.0,4.806348003723542,0.0,36751.936519962765,0.9986939271729012,1,0
6680.0,5.898540581368252,0.0,36741.01459418632,0.9983971357115846,1,0
6681.0,2.996420340340592,0.0,36770.0357965966,0.9991857553422988,1,0
6682.0,1.827516809887129,0.0,36781.72483190113,0.9995033921712264,1,0
6683.0,0.7159270162565008,0.0,36792.84072983744,0.9998054546151476,1,0
6684.0,2.974399345085658,0.0,36770.25600654914,0.9991917393084006,1,0
6685.0,1.4306163129576817,0.0,36785.69383687042,0.999611245567131,1,0
6686.0,2.8877049484899544,0.0,36771.1229505151,0.999215297568345,1,0
6687.0,1.5121112122951672,0.0,36784.87888787705,0.9995891002140502,1,0
6688.0,0.7765818368425244,0.0,36792.234181631575,0.999788972326945,1,0
6689.0,1.5135311312669728,0.0,36784.86468868733,0.9995887143665037,1,0
6690.0,1.8690343209000275,0.0,36781.309656791,0.9994921102388856,1,0
6691.0,0.9039296837099756,0.0,36790.9607031629,0.9997543669337744,1,0
6692.0,2.1783126937953057,0.0,36778.21687306205,0.999408067202773,1,0
6693.0,2.6837713961103877,0.0,36773.162286038896,0.9992707142945352,1,0
6694.0,3.5967162762626685,0.0,36764.03283723738,0.9990226314466678,1,0
6695.0,2.6875990361822915,0.0,36773.12400963818,0.9992696741749506,1,0
6696.0,2.2178933486420647,0.0,36777.82106651358,0.9993973115900427,1,0
6697.0,1.672744600143233,0.0,36783.27255399857,0.9995454498369176,1,0
6698.0,0.988701106100052,0.0,36790.112988939,0.9997313312211684,1,0
6699.0,0.0,0.0,36800.0,1.0,1,0
6700.0,1.7222613736030326,0.0,36782.77738626397,0.9995319941919558,1,0
6701.0,4.390739772606139,0.0,36756.09260227394,0.9988068641922264,1,0
6702.0,2.8406042356400576,0.0,36771.5939576436,0.9992280966750978,1,0
6703.0,1.3179982177616694,0.0,36786.82001782239,0.9996418483103908,1,0
6704.0,1.4419599885522985,0.0,36785.58040011448,0.9996081630465892,1,0
6705.0,1.2574404057904758,0.0,36787.4255959421,0.9996583042375572,1,0
6706.0,1.0442897271368563,0.0,36789.55710272864,0.999716225617626,1,0
6707.0,1.2194633114804674,0.0,36787.80536688519,0.9996686241001412,1,0
6708.0,1.533355720864165,0.0,36784.66644279136,0.9995833272497652,1,0
6709.0,1.077386784311784,0.0,36789.22613215688,0.9997072318520892,1,0
6710.0,3.8373922593937095,0.0,36761.62607740607,0.9989572303642952,1,0
6711.0,3.910371622589992,0.0,36760.8962837741,0.9989373990156004,1,0
6712.0,1.025335816038023,0.0,36789.74664183962,0.9997213761369462,1,0
6713.0,1.6630336292664651,0.0,36783.36966370734,0.9995480886876994,1,0
6714.0,2.3584109157882267,0.0,36776.41589084212,0.9993591274685356,1,0
6715.0,2.8768817331110768,0.0,36771.23118266889,0.9992182386594808,1,0
6716.0,1.5620809465162893,0.0,36784.37919053483,0.9995755214819247,1,0
6717.0,1.9023097266272089,0.0,36780.97690273373,0.9994830680090688,1,0
6718.0,1.2027977266516243,0.0,36787.97202273349,0.9996731527916708,1,0
6719.0,2.501114818106544,0.0,36774.98885181893,0.99932034923421,1,0
6720.0,2.1000602144886216,0.0,36778.99939785512,0.999429331463454,1,0
6721.0,1.2038966169584455,0.0,36787.96103383042,0.9996728541801744,1,0
6722.0,3.532682295534869,0.0,36764.67317704465,0.999040031984909,1,0
6723.0,1.9145436455564775,0.0,36780.85456354443,0.9994797435745768,1,0
6724.0,2.5117197309928088,0.0,36774.88280269008,0.9993174674644042,1,0
6725.0,3.288864776016453,0.0,36767.11135223984,0.9991062867456476,1,0
6726.0,1.253390201412003,0.0,36787.46609798588,0.9996594048365728,1,0
6727.0,2.799202110331862,0.0,36772.00797889668,0.9992393472526272,1,0
6728.0,2.036761527071576,0.0,36779.63238472928,0.9994465321937304,1,0
6729.0,2.943468960960672,0.0,36770.56531039039,0.9992001443040868,1,0
6730.0,1.7917018687576274,0.0,36782.08298131242,0.9995131244921852,1,0
6731.0,2.274352705741876,0.0,36777.25647294258,0.9993819693734396,1,0
6732.0,2.079105886675279,0.0,36779.20894113325,0.9994350255742732,1,0
6733.0,1.4425474631652833,0.0,36785.57452536835,0.9996080034067486,1,0
6734.0,1.8754488795466384,0.0,36781.245511204535,0.9994903671522972,1,0
6735.0,0.7483337047870009,0.0,36792.516662952126,0.999796648449786,1,0
6736.0,0.6228574663427935,0.0,36793.77142533657,0.9998307452537112,1,0
6737.0,0.9783589061989916,0.0,36790.21641093801,0.9997341416015764,1,0
6738.0,2.025831261193161,0.0,36779.74168738807,0.999449502374676,1,0
6739.0,0.4883983833387901,0.0,36795.11601616661,0.9998672830480058,1,0
6740.0,1.5265460243526832,0.0,36784.73453975647,0.9995851777107736,1,0
6741.0,3.021278825372974,0.0,36769.78721174627,0.999179000319192,1,0
6742.0,2.6005189003190026,0.0,36773.99481099681,0.999293337255348,1,0
6743.0,2.160298816136674,0.0,36778.39701183864,0.9994129622782236,1,0
6744.0,1.38925080629906,0.0,36786.10749193701,0.9996224861939405,1,0
6745.0,2.0732945141871824,0.0,36779.26705485813,0.9994366047515796,1,0
6746.0,0.7589079029867207,0.0,36792.410920970135,0.9997937750263624,1,0
6747.0,0.654363953703978,0.0,36793.45636046296,0.9998221837082326,1,0
6748.0,1.5704397887129744,0.0,36784.29560211287,0.9995732500574148,1,0
6749.0,1.9148301126951992,0.0,36780.85169887305,0.9994796657302458,1,0
6750.0,1.9949445468382687,0.0,36780.05055453162,0.9994578955035766,1,0
6751.0,3.7293705357606086,0.0,36762.7062946424,0.9989865840935436,1,0
6752.0,1.5708113498812963,0.0,36784.29188650119,0.9995731490897062,1,0
6753.0,1.5813145844276733,0.0,36784.18685415572,0.9995702949498836,1,0
6754.0,0.2730801955831339,0.0,36797.26919804417,0.9999257934251132,1,0
6755.0,3.019964633947893,0.0,36769.800353660525,0.9991793574364272,1,0
6756.0,2.906507779038293,0.0,36770.93492220962,0.9992101881035224,1,0
6757.0,1.0123420119161892,0.0,36789.87657988084,0.9997249070619793,1,0
6758.0,1.5516566465903452,0.0,36784.4834335341,0.9995783541721224,1,0
6759.0,0.9716493081368752,0.0,36790.28350691863,0.9997359648619194,1,0
6760.0,2.6784865651388827,0.0,36773.21513434861,0.999272150389908,1,0
6761.0,1.6077705644693197,0.0,36783.9222943553,0.9995631058248724,1,0
6762.0,0.065841622958942,0.0,36799.34158377041,0.9999821082546306,1,0
6763.0,1.7820510818264663,0.0,36782.17948918173,0.999515746988634,1,0
6764.0,2.423792405571476,0.0,36775.76207594429,0.9993413607593556,1,0
6765.0,1.117773378489801,0.0,36788.8222662151,0.999696257234106,1,0
6766.0,1.4812727048338274,0.0,36785.18727295166,0.9995974802432516,1,0
6767.0,1.7613443259197084,0.0,36782.38655674081,0.9995213738244784,1,0
6768.0,0.8178865095796937,0.0,36791.8211349042,0.9997777482310924,1,0
6769.0,1.8506844158737292,0.0,36781.49315584127,0.9994970966261212,1,0
6770.0,1.5795566883734864,0.0,36784.20443311626,0.9995707726390288,1,0
6771.0,3.577726679843181,0.0,36764.22273320157,0.999027791663086,1,0
6772.0,2.1153502704310085,0.0,36778.846497295686,0.999425176556948,1,0
6773.0,1.2044070590163756,0.0,36787.95592940984,0.9996727154730932,1,0
6774.0,0.6014332097893202,0.0,36793.9856679021,0.9998365670625572,1,0
6775.0,1.1279065274029565,0.0,36788.72093472597,0.9996935036610318,1,0
6776.0,2.140892991685177,0.0,36778.591070083145,0.9994182356000856,1,0
6777.0,1.4130406341873822,0.0,36785.86959365813,0.999616021566797,1,0
6778.0,0.9780334536635564,0.0,36790.219665463366,0.9997342300397654,1,0
6779.0,0.9122500292069162,0.0,36790.87749970793,0.9997521059703242,1,0
6780.0,3.280048234157221,0.0,36767.19951765843,0.999108682545066,1,0
6781.0,2.462634224330941,0.0,36775.37365775669,0.9993308059173012,1,0
6782.0,4.627032739305832,0.0,36753.72967260694,0.9987426541469278,1,0
6783.0,1.1821625102529651,0.0,36788.17837489747,0.9996787601874312,1,0
6784.0,2.730287354845132,0.0,36772.697126451545,0.9992580740883572,1,0
6785.0,2.1401285953670595,0.0,36778.598714046326,0.9994184433164762,1,0
6786.0,0.7921953260165537,0.0,36792.07804673984,0.999784729530974,1,0
6787.0,2.1910879168517567,0.0,36778.089120831486,0.9994045956747688,1,0
6788.0,0.7105394298087049,0.0,36792.89460570191,0.999806918633204,1,0
6789.0,1.5579001685155165,0.0,36784.42099831485,0.9995766575629036,1,0
6790.0,1.4456784945314212,0.0,36785.54321505469,0.9996071525830076,1,0
6791.0,0.122608549688266,0.0,36798.77391450312,0.9999666824593236,1,0
6792.0,1.4834045376674112,0.0,36785.16595462333,0.9995969009408512,1,0
6793.0,2.688794217978284,0.0,36773.11205782022,0.9992693493972884,1,0
6794.0,2.1638822866170813,0.0,36778.36117713383,0.9994119885090716,1,0
6795.0,1.8276645110963727,0.0,36781.72335488904,0.9995033520350282,1,0
6796.0,3.2339375815736275,0.0,36767.66062418427,0.9991212126137028,1,0
6797.0,2.483638002747284,0.0,36775.163619972525,0.9993250983688188,1,0
6798.0,0.0161234749039067,0.0,36799.83876525096,0.99999561862095,1,0
6799.0,0.9823872362458131,0.0,36790.17612763754,0.9997330469466724,1,0
6800.0,0.7371736429340672,0.0,36792.62826357066,0.9997996810752896,1,0
6801.0,0.2827883489189844,0.0,36797.17211651081,0.9999231553399676,1,0
6802.0,0.7840064126885409,0.0,36792.15993587312,0.9997869547791608,1,0
6803.0,1.614233435699134,0.0,36783.85766564301,0.9995613496098644,1,0
6804.0,1.9214308355367395,0.0,36780.78569164463,0.9994778720555608,1,0
6805.0,3.587163625706125,0.0,36764.12836374294,0.9990252272756232,1,0
6806.0,5.588281305414057,0.0,36744.11718694586,0.998481445297442,1,0
6807.0,2.9629727641367936,0.0,36770.37027235863,0.9991948443575716,1,0
6808.0,2.2634753418151377,0.0,36777.365246581845,0.9993849251788544,1,0
6809.0,2.6953606664856125,0.0,36773.04639333514,0.999267565036281,1,0
6810.0,2.8204930418214644,0.0,36771.795069581785,0.999233561673418,1,0
6811.0,3.461614614878272,0.0,36765.38385385122,0.9990593438546528,1,0
6812.0,0.964339056123208,0.0,36790.35660943877,0.9997379513434448,1,0
6813.0,1.1338429894676665,0.0,36788.66157010532,0.9996918904919924,1,0
6814.0,0.2483845558499524,0.0,36797.5161544415,0.99993250419678,1,0
6815.0,3.2979245953201826,0.0,36767.0207540468,0.999103824838228,1,0
6816.0,4.920090918221831,0.0,36750.79909081778,0.9986630187722224,1,0
6817.0,4.895846836121564,0.0,36751.04153163878,0.9986696068380104,1,0
6818.0,2.6420743593325824,0.0,36773.57925640667,0.9992820450110508,1,0
6819.0,1.2699082138678932,0.0,36787.30091786132,0.9996549162462316,1,0
6820.0,0.5561196529724839,0.0,36794.43880347027,0.9998488805290836,1,0
6821.0,0.4455125803160626,0.0,36795.54487419684,0.9998789367988272,1,0
6822.0,1.3166461788587185,0.0,36786.83353821142,0.9996422157122667,1,0
6823.0,1.6739264853895293,0.0,36783.260735146105,0.9995451286724484,1,0
6824.0,2.2668144403196493,0.0,36777.3318555968,0.9993840178151304,1,0
6825.0,1.6040224277603556,0.0,36783.9597757224,0.9995641243402824,1,0
6826.0,2.3003370570258994,0.0,36776.99662942974,0.9993749084084168,1,0
6827.0,0.973232409675802,0.0,36790.26767590324,0.9997355346712836,1,0
6828.0,5.344756509149192,0.0,36746.55243490851,0.9985476205138182,1,0
6829.0,3.280331328540342,0.0,36767.1966867146,0.9991086056172443,1,0
6830.0,3.1103726159190046,0.0,36768.89627384081,0.999154790050022,1,0
6831.0,1.4857361628810395,0.0,36785.14263837119,0.9995962673470432,1,0
6832.0,2.126670353109148,0.0,36778.73329646891,0.9994221004475248,1,0
6833.0,1.1875508262673975,0.0,36788.124491737326,0.999677295971123,1,0
6834.0,2.1960947667812434,0.0,36778.03905233218,0.9994032351177224,1,0
6835.0,0.3851095271975282,0.0,36796.14890472803,0.9998953506719572,1,0
6836.0,1.319878511702882,0.0,36786.80121488297,0.9996413373609504,1,0
6837.0,3.0478188889965168,0.0,36769.52181111003,0.9991717883453812,1,0
6838.0,2.1814482119525564,0.0,36778.18551788048,0.9994072151597956,1,0
6839.0,0.9495585073118492,0.0,36790.50441492688,0.999741967796926,1,0
6840.0,2.3568351099802385,0.0,36776.431648900194,0.9993595556766356,1,0
6841.0,2.6678591731888446,0.0,36773.32140826811,0.9992750382681552,1,0
6842.0,1.131229882745174,0.0,36788.68770117255,0.9996926005753408,1,0
6843.0,1.428453611219993,0.0,36785.7154638878,0.9996118332578208,1,0
6844.0,2.2762609276460357,0.0,36777.23739072354,0.9993814508348788,1,0
6845.0,0.5683533795345284,0.0,36794.316466204655,0.9998455561468657,1,0
6846.0,1.836759128153972,0.0,36781.63240871846,0.9995008806716972,1,0
6847.0,0.6494537001881326,0.0,36793.50546299812,0.9998235180162532,1,0
6848.0,0.4003660821499579,0.0,36795.9963391785,0.999891204868981,1,0
6849.0,1.0920918062984128,0.0,36789.079081937016,0.9997032359222016,1,0
6850.0,2.586151794261241,0.0,36774.13848205739,0.9992972413602552,1,0
6851.0,3.698857070220584,0.0,36763.0114292978,0.9989948757961358,1,0
6852.0,0.672270316092181,0.0,36793.27729683908,0.999817317848888,1,0
6853.0,1.7256370565783072,0.0,36782.74362943422,0.9995310768867994,1,0
6854.0,2.028668283416664,0.0,36779.71331716584,0.9994487314447238,1,0
6855.0,2.0278303268860327,0.0,36779.72169673114,0.9994489591503029,1,0
6856.0,4.280518657367793,0.0,36757.19481342632,0.998836815582237,1,0
6857.0,1.6106433295399256,0.0,36783.8935667046,0.9995623251821902,1,0
6858.0,4.011543596585398,0.0,36759.88456403415,0.9989099066313628,1,0
6859.0,2.301742920569268,0.0,36776.98257079431,0.99937452638028,1,0
6860.0,0.8129981504043826,0.0,36791.87001849596,0.999779076589564,1,0
6861.0,1.4099087269241863,0.0,36785.90091273076,0.9996168726285533,1,0
6862.0,3.447446422133908,0.0,36765.52553577866,0.9990631939070288,1,0
6863.0,2.104005460982989,0.0,36778.95994539017,0.9994282593856024,1,0
6864.0,0.6534699372632531,0.0,36793.465300627366,0.9998224266474828,1,0
6865.0,3.2561435893076123,0.0,36767.43856410693,0.9991151783724708,1,0
6866.0,2.88549017261812,0.0,36771.14509827382,0.9992158994096146,1,0
6867.0,0.4468237953506104,0.0,36795.53176204649,0.9998785804903938,1,0
6868.0,0.4836931550062218,0.0,36795.16306844994,0.9998685616426614,1,0
6869.0,2.67086226428637,0.0,36773.291377357134,0.9992742222107917,1,0
6870.0,1.7416514309979902,0.0,36782.58348569002,0.99952672515462,1,0
6871.0,0.3300031532489811,0.0,36796.69996846751,0.9999103252300954,1,0
6872.0,1.6616874489336624,0.0,36783.38312551066,0.9995484544975723,1,0
6873.0,1.5659628255343705,0.0,36784.340371744656,0.999574466623496,1,0
6874.0,3.610045732651088,0.0,36763.89954267349,0.9990190093117796,1,0
6875.0,1.9578199607167333,0.0,36780.42180039283,0.999467983706327,1,0
6876.0,0.6494605900988972,0.0,36793.50539409901,0.9998235161439948,1,0
6877.0,2.243103936956686,0.0,36777.56896063044,0.9993904608866968,1,0
6878.0,0.1664262308404431,0.0,36798.3357376916,0.9999547754807498,1,0
6879.0,1.421276474618935,0.0,36785.78723525381,0.9996137835666796,1,0
6880.0,1.41201228938462,0.0,36785.87987710616,0.9996163010083194,1,0
6881.0,2.701258514541223,0.0,36772.987414854586,0.999265962360179,1,0
6882.0,0.9600038105209024,0.0,36790.39996189479,0.999739129399315,1,0
6883.0,2.096698600812488,0.0,36779.03301399187,0.9994302449454312,1,0
6884.0,2.588702729385659,0.0,36774.11297270614,0.9992965481713626,1,0
6885.0,2.5928666264135245,0.0,36774.07133373586,0.9992954166776048,1,0
6886.0,0.6258448213102383,0.0,36793.741551786894,0.99982993347247,1,0
6887.0,0.5681446172884534,0.0,36794.31855382712,0.9998456128757368,1,0
6888.0,0.0,0.0,36800.0,1.0,1,0
6889.0,0.7509802513768591,0.0,36792.49019748623,0.9997959292795172,1,0
6890.0,2.533444750424678,0.0,36774.66555249575,0.999311563926515,1,0
6891.0,7.389743673780686,0.0,36726.10256326219,0.9979919174799508,1,0
6892.0,2.956898833230298,0.0,36770.43101166769,0.9991964948822742,1,0
6893.0,0.3913641888539132,0.0,36796.08635811146,0.9998936510356377,1,0
6894.0,0.1883378027032449,0.0,36798.11662197296,0.9999488212492652,1,0
6895.0,0.8132003496057223,0.0,36791.86799650394,0.9997790216441288,1,0
6896.0,0.0,0.0,36800.0,1.0,1,0
6897.0,0.741611037507937,0.0,36792.58388962492,0.9997984752615467,1,0
6898.0,2.290389018359747,0.0,36777.0961098164,0.9993776116797936,1,0
6899.0,1.747444501960672,0.0,36782.52555498039,0.9995251509505542,1,0
6900.0,2.301839456969901,0.0,36776.9816054303,0.9993745001475626,1,0
6901.0,2.57898820216451,0.0,36774.21011797836,0.9992991879885424,1,0
6902.0,2.611517018818631,0.0,36773.88482981181,0.9992903486361904,1,0
6903.0,2.911586822411664,0.0,36770.884131775885,0.9992088079286924,1,0
6904.0,2.2262133928106778,0.0,36777.7378660719,0.9993950507084756,1,0
6905.0,2.930219823419975,0.0,36770.6978017658,0.999203744613201,1,0
6906.0,4.77279816963437,0.0,36752.27201830366,0.9987030439756428,1,0
6907.0,2.469359064564742,0.0,36775.30640935435,0.999328978515064,1,0
6908.0,1.470314379597767,0.0,36785.29685620402,0.9996004580490222,1,0
6909.0,0.9928812298012416,0.0,36790.07118770199,0.9997301953179888,1,0
6910.0,1.6138121465583026,0.0,36783.861878534415,0.9995614640906092,1,0
6911.0,2.374022110358055,0.0,36776.25977889642,0.9993548852960984,1,0
6912.0,1.2620881160537465,0.0,36787.37911883946,0.9996570412728114,1,0
6913.0,1.245458537155173,0.0,36787.54541462845,0.9996615601801208,1,0
6914.0,1.5157284423821693,0.0,36784.842715576175,0.9995881172710918,1,0
6915.0,0.0,0.0,36800.0,1.0,1,0
6916.0,0.0,0.0,36800.0,1.0,1,0
6917.0,0.7358073382210932,0.0,36792.64192661779,0.9998000523537444,1,0
6918.0,1.8869416626539528,0.0,36781.13058337346,0.9994872441134092,1,0
6919.0,1.15565973921548,0.0,36788.443402607845,0.9996859620273872,1,0
6920.0,1.4818415389572692,0.0,36785.18158461043,0.9995973256687616,1,0
6921.0,1.74894787845642,0.0,36782.51052121544,0.9995247424243324,1,0
6922.0,0.5827801043506042,0.0,36794.1721989565,0.9998416358412092,1,0
6923.0,2.4145986545900087,0.0,36775.854013454096,0.9993438590612528,1,0
6924.0,3.101587812199796,0.0,36768.984121878006,0.9991571772249458,1,0
6925.0,1.880277311715872,0.0,36781.19722688284,0.999489055078338,1,0
6926.0,1.23115344946018,0.0,36787.6884655054,0.999665447432212,1,0
6927.0,1.2829838284633297,0.0,36787.17016171537,0.9996513630900916,1,0
6928.0,1.3334374655996726,0.0,36786.665625344,0.9996376528626087,1,0
6929.0,1.182142357812154,0.0,36788.17857642188,0.999678765663638,1,0
6930.0,2.689854532831305,0.0,36773.10145467169,0.9992690612682524,1,0
6931.0,1.2928328432954004,0.0,36787.07167156704,0.9996486867273652,1,0
6932.0,0.0331967947186058,0.0,36799.66803205281,0.99999097913187,1,0
6933.0,0.7865433671458959,0.0,36792.13456632854,0.9997862653893624,1,0
6934.0,1.11717494039749,0.0,36788.82825059602,0.9996964198531528,1,0
6935.0,2.565268480615486,0.0,36774.347315193845,0.9993029161737458,1,0
6936.0,1.0796889920402464,0.0,36789.2031100796,0.9997066062521632,1,0
6937.0,2.739127354098855,0.0,36772.60872645901,0.999255671914647,1,0
6938.0,2.166328911958772,0.0,36778.33671088041,0.9994113236652284,1,0
6939.0,1.8060354752196872,0.0,36781.9396452478,0.9995092294904294,1,0
6940.0,2.88096198614312,0.0,36771.19038013857,0.9992171298950698,1,0
6941.0,3.3021877562377995,0.0,36766.97812243762,0.9991026663705876,1,0
6942.0,3.498730110844008,0.0,36765.01269889156,0.9990492581220533,1,0
6943.0,3.2912513476767344,0.0,36767.08748652323,0.99910563822074,1,0
6944.0,2.853266094149149,0.0,36771.46733905851,0.9992246559526768,1,0
6945.0,1.2113315428514395,0.0,36787.88668457149,0.9996708338198774,1,0
6946.0,1.283273342855864,0.0,36787.16726657144,0.9996512844177022,1,0
6947.0,1.351770720888453,0.0,36786.48229279112,0.9996326709997586,1,0
6948.0,0.9933021895094498,0.0,36790.06697810491,0.9997300809267636,1,0
6949.0,1.002845525945304,0.0,36789.97154474055,0.9997274876288192,1,0
6950.0,2.007845615840779,0.0,36779.92154384159,0.999454389778304,1,0
6951.0,0.4675058296716088,0.0,36795.324941703286,0.999872960372372,1,0
6952.0,1.4396201731706242,0.0,36785.60379826829,0.9996087988659862,1,0
6953.0,2.202571540748977,0.0,36777.97428459251,0.9994014751247964,1,0
6954.0,4.8901448357828485,0.0,36751.09855164217,0.9986711562946242,1,0
6955.0,0.1271319064580893,0.0,36798.72868093542,0.9999654532862886,1,0
6956.0,0.8844989005156094,0.0,36791.15501099485,0.9997596470379032,1,0
6957.0,1.5909276273869182,0.0,36784.09072372613,0.9995676827099492,1,0
6958.0,1.1498677718172985,0.0,36788.50132228182,0.9996875359315712,1,0
6959.0,2.203918387838712,0.0,36777.96081612162,0.9994011091337396,1,0
6960.0,1.1395548239397613,0.0,36788.604451760606,0.99969033836306,1,0
6961.0,2.424722829982784,0.0,36775.75277170017,0.9993411079266352,1,0
6962.0,4.148202866155771,0.0,36758.51797133844,0.9988727709602836,1,0
6963.0,2.500803312392236,0.0,36774.99196687608,0.999320433882502,1,0
6964.0,1.8094213521571876,0.0,36781.905786478426,0.9995083094151748,1,0
6965.0,2.498514057618195,0.0,36775.01485942382,0.9993210559626038,1,0
6966.0,1.7759510458936347,0.0,36782.240489541065,0.9995174046070942,1,0
6967.0,2.908917557591849,0.0,36770.91082442408,0.9992095332723934,1,0
6968.0,1.6009679122507805,0.0,36783.99032087749,0.999564954371671,1,0
6969.0,3.233280767442011,0.0,36767.66719232558,0.9991213910958038,1,0
6970.0,4.829926561463253,0.0,36751.70073438537,0.998687519956124,1,0
6971.0,2.13640820749788,0.0,36778.63591792502,0.9994194542914407,1,0
6972.0,0.2554706788669136,0.0,36797.445293211335,0.9999305786198732,1,0
6973.0,2.188984981114117,0.0,36778.11015018886,0.9994051671246974,1,0
6974.0,2.077240036962394,0.0,36779.22759963038,0.9994355325986516,1,0
6975.0,1.706038946234912,0.0,36782.93961053765,0.9995364024602622,1,0
6976.0,0.5247595111068222,0.0,36794.75240488893,0.9998574023067645,1,0
6977.0,0.7493377458076793,0.0,36792.50662254192,0.9997963756125522,1,0
6978.0,3.206752889223935,0.0,36767.93247110776,0.9991285997583632,1,0
6979.0,3.909678032589,0.0,36760.90321967411,0.9989375874911444,1,0
6980.0,1.1045227278746097,0.0,36788.954772721256,0.999699857954382,1,0
6981.0,2.48282257388928,0.0,36775.17177426111,0.9993253199527474,1,0
6982.0,1.2640584939463224,0.0,36787.359415060535,0.9996565058440364,1,0
6983.0,3.6054364743322367,0.0,36763.94563525668,0.9990202618276272,1,0
6984.0,2.3255818655870826,0.0,36776.744181344126,0.9993680484060904,1,0
6985.0,1.1798028674957095,0.0,36788.20197132504,0.9996794013947022,1,0
6986.0,3.023374288141895,0.0,36769.76625711858,0.9991784308999614,1,0
6987.0,3.4070903293859374,0.0,36765.92909670614,0.99907416023658,1,0
6988.0,0.4827807820611269,0.0,36795.17219217939,0.999868809570092,1,0
6989.0,1.393417187873638,0.0,36786.06582812127,0.9996213540250344,1,0
6990.0,2.4884517337632133,0.0,36775.11548266237,0.9993237902897384,1,0
6991.0,2.8118522212234893,0.0,36771.88147778776,0.9992359097224937,1,0
6992.0,0.3546407700114287,0.0,36796.45359229989,0.9999036302255404,1,0
6993.0,2.6533752582581656,0.0,36773.46624741742,0.9992789741146038,1,0
6994.0,2.2093318443776297,0.0,36777.90668155623,0.999399638085767,1,0
6995.0,2.5057645034148663,0.0,36774.94235496585,0.9993190857327676,1,0
6996.0,0.9354672752606348,0.0,36790.6453272474,0.9997457969360706,1,0
6997.0,0.9608851436769328,0.0,36790.39114856323,0.9997388899066094,1,0
6998.0,1.4834682652845004,0.0,36785.16531734716,0.999596883623564,1,0
6999.0,0.7628867016737786,0.0,36792.37113298326,0.9997926938310668,1,0
7000.0,2.2839961437130114,0.0,36777.16003856287,0.999379348873991,1,0
7001.0,0.9597320162856704,0.0,36790.40267983714,0.999739203256444,1,0
7002.0,0.4602228415806166,0.0,36795.39777158419,0.9998749394452224,1,0
7003.0,1.1266539629523322,0.0,36788.73346037048,0.9996938440318064,1,0
7004.0,0.4508895485423636,0.0,36795.49110451458,0.999877475666157,1,0
7005.0,1.1391201368169277,0.0,36788.60879863183,0.9996904564845606,1,0
7006.0,2.1390186799662843,0.0,36778.60981320034,0.9994187449239222,1,0
7007.0,2.134432847966309,0.0,36778.65567152033,0.999419991073922,1,0
7008.0,3.124448172368829,0.0,36768.75551827631,0.999150965170552,1,0
7009.0,0.9201542262408112,0.0,36790.79845773759,0.9997499580906952,1,0
7010.0,0.5203914789253758,0.0,36794.79608521075,0.9998585892720312,1,0
7011.0,0.8946154659570311,0.0,36791.05384534043,0.9997568979712074,1,0
7012.0,2.7408031693657904,0.0,36772.59196830634,0.9992552165300636,1,0
7013.0,3.422317795545496,0.0,36765.77682204454,0.9990700223381668,1,0
7014.0,5.0363113189250726,0.0,36749.63688681075,0.9986314371415964,1,0
7015.0,2.582948544871215,0.0,36774.17051455129,0.999298111808459,1,0
7016.0,1.7471549108713589,0.0,36782.52845089129,0.999525229643785,1,0
7017.0,3.2072506912518293,0.0,36767.92749308748,0.9991284644860728,1,0
7018.0,1.5437091676740238,0.0,36784.56290832326,0.9995805138131322,1,0
7019.0,1.6900601620145608,0.0,36783.099398379854,0.9995407445211916,1,0
7020.0,2.638685302655176,0.0,36773.61314697345,0.9992829659503654,1,0
7021.0,1.4344093209756466,0.0,36785.65590679024,0.9996102148584304,1,0
7022.0,0.850101767849992,0.0,36791.4989823215,0.9997689940848232,1,0
7023.0,3.707565543065357,0.0,36762.92434456934,0.9989925093632972,1,0
7024.0,1.6986728311676416,0.0,36783.01327168832,0.9995384041219652,1,0
7025.0,1.3086156243662117,0.0,36786.91384375634,0.9996443979281614,1,0
7026.0,1.019132206472932,0.0,36789.80867793528,0.999723061900415,1,0
7027.0,1.4850245407887996,0.0,36785.14975459212,0.999596460722612,1,0
7028.0,2.188938306901946,0.0,36778.11061693098,0.999405179807907,1,0
7029.0,3.510234665488497,0.0,36764.89765334511,0.999046131884378,1,0
7030.0,3.4507545354199465,0.0,36765.4924546458,0.9990622949632012,1,0
7031.0,1.5959358039963265,0.0,36784.04064196003,0.9995663217923922,1,0
7032.0,1.91772045005564,0.0,36780.82279549944,0.9994788803124848,1,0
7033.0,0.403271830765334,0.0,36795.96728169235,0.9998904152633792,1,0
7034.0,1.0027869090390595,0.0,36789.972130909606,0.9997275035573262,1,0
7035.0,3.753380926293176,0.0,36762.46619073707,0.9989800595308986,1,0
7036.0,3.25049359143577,0.0,36767.49506408564,0.9991167136979794,1,0
7037.0,1.4162114253922482,0.0,36785.83788574608,0.999615159938752,1,0
7038.0,0.7955788937988473,0.0,36792.04421106201,0.9997838100832068,1,0
7039.0,1.659966589171745,0.0,36783.400334108286,0.9995489221225078,1,0
7040.0,3.2468749346780896,0.0,36767.53125065322,0.9991176970286202,1,0
7041.0,1.9943535787670044,0.0,36780.05646421233,0.9994580560927264,1,0
7042.0,3.7808354235476154,0.0,36762.19164576453,0.9989725990696884,1,0
7043.0,1.9716167017768385,0.0,36780.28383298223,0.9994642345919084,1,0
7044.0,3.710922127730555,0.0,36762.89077872269,0.9989915972478992,1,0
7045.0,1.457464064155829,0.0,36785.42535935844,0.9996039499825664,1,0
7046.0,0.8332748915308912,0.0,36791.66725108469,0.9997735666055624,1,0
7047.0,1.170597959816405,0.0,36788.29402040184,0.9996819027283108,1,0
7048.0,0.5782841363434272,0.0,36794.217158636566,0.9998428575716458,1,0
7049.0,2.425602763817551,0.0,36775.74397236182,0.99934086881418,1,0
7050.0,0.0581131466788065,0.0,36799.41886853321,0.9999842083840548,1,0
7051.0,3.041839238690045,0.0,36769.5816076131,0.999173413250356,1,0
7052.0,1.0895663662286097,0.0,36789.10433633771,0.99970392218309,1,0
7053.0,2.568101870338978,0.0,36774.31898129661,0.999302146230886,1,0
7054.0,0.253009853072399,0.0,36797.46990146928,0.9999312473225346,1,0
7055.0,0.8413797089233412,0.0,36791.58620291077,0.9997713642095316,1,0
7056.0,0.4942312615285118,0.0,36795.05768738472,0.9998656980267586,1,0
7057.0,1.1262871654707851,0.0,36788.737128345296,0.9996939437050352,1,0
7058.0,1.4628446697497566,0.0,36785.3715533025,0.9996024878614812,1,0
7059.0,1.8742388225282407,0.0,36781.25761177472,0.999490695972139,1,0
7060.0,2.09077660683306,0.0,36779.09223393167,0.9994318541829258,1,0
7061.0,2.265500891013289,0.0,36777.34499108986,0.9993843747578768,1,0
7062.0,1.6790708119015108,0.0,36783.20929188099,0.9995437307576356,1,0
7063.0,0.1852975987330865,0.0,36798.147024012665,0.9999496473916484,1,0
7064.0,1.3288815071437057,0.0,36786.711184928565,0.999638890894798,1,0
7065.0,2.2295625315773577,0.0,36777.70437468423,0.9993941406164192,1,0
7066.0,1.4472808653999891,0.0,36785.527191346,0.9996067171561414,1,0
7067.0,2.473931166267903,0.0,36775.26068833732,0.9993277360961228,1,0
7068.0,2.810991568186182,0.0,36771.89008431814,0.9992361435956016,1,0
7069.0,2.501066126686055,0.0,36774.98933873314,0.9993203624655744,1,0
7070.0,1.595626984514638,0.0,36784.04373015485,0.9995664057107296,1,0
7071.0,2.552740252644071,0.0,36774.47259747356,0.9993063205835208,1,0
7072.0,2.9368987418065444,0.0,36770.63101258194,0.9992019296897264,1,0
7073.0,1.1813318625263491,0.0,36788.18668137473,0.999678985906922,1,0
7074.0,2.779609834564326,0.0,36772.20390165436,0.9992446712406076,1,0
7075.0,2.1994812705816003,0.0,36778.00518729418,0.9994023148721246,1,0
7076.0,0.3286971432298742,0.0,36796.7130285677,0.9999106801241222,1,0
7077.0,0.6724173113543657,0.0,36793.275826886456,0.9998172779045232,1,0
7078.0,0.8739040723239668,0.0,36791.26095927676,0.9997625260673032,1,0
7079.0,0.127424712456559,0.0,36798.72575287544,0.9999653737194412,1,0
7080.0,0.7933252525472199,0.0,36792.06674747453,0.9997844224857207,1,0
7081.0,0.5294372486459906,0.0,36794.70562751354,0.9998561311824332,1,0
7082.0,3.45942619915877,0.0,36765.40573800841,0.9990599385328373,1,0
7083.0,3.102714417718744,0.0,36768.97285582281,0.9991568710821416,1,0
7084.0,1.2320682818099158,0.0,36787.6793171819,0.9996651988364648,1,0
7085.0,2.02973843469772,0.0,36779.70261565302,0.9994484406427452,1,0
7086.0,0.8696708728502927,0.0,36791.3032912715,0.9997636763932471,1,0
7087.0,0.5757447136656992,0.0,36794.24255286335,0.999843547632156,1,0
7088.0,1.8541717344314748,0.0,36781.45828265569,0.9994961489852088,1,0
7089.0,2.239690656475432,0.0,36777.603093435246,0.9993913884085665,1,0
7090.0,2.6426352082726225,0.0,36773.57364791728,0.9992818926064476,1,0
7091.0,0.736990172894366,0.0,36792.63009827105,0.9997997309312786,1,0
7092.0,3.214109188380462,0.0,36767.85890811619,0.9991266007640268,1,0
7093.0,4.783864400106722,0.0,36752.161355998935,0.9987000368477972,1,0
7094.0,1.4641201595077291,0.0,36785.35879840492,0.9996021412610032,1,0
7095.0,1.354627957246521,0.0,36786.45372042753,0.9996318945768352,1,0
7096.0,3.4901591456982715,0.0,36765.09840854302,0.9990515871886688,1,0
7097.0,4.503264096552812,0.0,36754.96735903448,0.9987762869302846,1,0
7098.0,2.0224747291413223,0.0,36779.77525270858,0.9994504144757768,1,0
7099.0,2.4546383521801545,0.0,36775.4536164782,0.9993329787086468,1,0
7100.0,1.6920019672961644,0.0,36783.07998032704,0.9995402168567128,1,0
7101.0,2.8843022767778166,0.0,36771.15697723223,0.9992162222073976,1,0
7102.0,1.848862270660902,0.0,36781.51137729339,0.9994975917742768,1,0
7103.0,0.3131845944008091,0.0,36796.86815405599,0.999914895490652,1,0
7104.0,0.9810190876733031,0.0,36790.18980912327,0.9997334187261756,1,0
7105.0,0.2850230087160526,0.0,36797.14976991284,0.9999225480954576,1,0
7106.0,2.112043500756954,0.0,36778.87956499243,0.9994260751356638,1,0
7107.0,1.5929231921818428,0.0,36784.07076807818,0.999567140436907,1,0
7108.0,2.2200264237280862,0.0,36777.79973576272,0.9993967319500738,1,0
7109.0,1.6516817352357975,0.0,36783.48318264765,0.999551173441512,1,0
7110.0,2.151038572456855,0.0,36778.48961427543,0.9994154786487888,1,0
7111.0,0.7648946653362145,0.0,36792.35105334664,0.9997921481887674,1,0
7112.0,0.5430584764062587,0.0,36794.569415235936,0.999852429761846,1,0
7113.0,1.111823424418617,0.0,36788.88176575581,0.9996978740694512,1,0
7114.0,2.513503646488971,0.0,36774.86496353511,0.9993169827047584,1,0
7115.0,0.1630563994585827,0.0,36798.36943600541,0.9999556911957992,1,0
7116.0,2.2483789335365145,0.0,36777.51621066463,0.9993890274637128,1,0
7117.0,3.380781387062598,0.0,36766.192186129374,0.9990813094056896,1,0
7118.0,1.6101251304635298,0.0,36783.89874869536,0.9995624659971566,1,0
7119.0,1.4678992729404854,0.0,36785.3210072706,0.9996011143280054,1,0
7120.0,1.7665744294308752,0.0,36782.33425570569,0.999519952600698,1,0
7121.0,4.681520376523622,0.0,36753.18479623477,0.9987278477237708,1,0
7122.0,5.344940295101878,0.0,36746.55059704898,0.9985475705719832,1,0
7123.0,0.4422210489601639,0.0,36795.5777895104,0.9998798312366955,1,0
7124.0,1.188897937206093,0.0,36788.11102062794,0.999676929908368,1,0
7125.0,1.7482559313766617,0.0,36782.51744068624,0.9995249304534304,1,0
7126.0,1.628505151476929,0.0,36783.71494848523,0.999557471426229,1,0
7127.0,0.9801162477051548,0.0,36790.19883752295,0.9997336640631236,1,0
7128.0,0.6163958609467954,0.0,36793.83604139053,0.9998325011247428,1,0
7129.0,0.8485394092967908,0.0,36791.51460590703,0.999769418638778,1,0
7130.0,1.846801136587601,0.0,36781.53198863413,0.9994981518650576,1,0
7131.0,3.503925632035134,0.0,36764.96074367965,0.9990478462956428,1,0
7132.0,1.658572052711861,0.0,36783.41427947288,0.9995493010726328,1,0
7133.0,0.2882584936105559,0.0,36797.1174150639,0.999921668887606,1,0
7134.0,3.335227648842192,0.0,36766.64772351157,0.9990936881389014,1,0
7135.0,3.2158057711885704,0.0,36767.84194228811,0.99912613973609,1,0
7136.0,2.2491629493997607,0.0,36777.508370506,0.999388814415924,1,0
7137.0,1.3001045783939844,0.0,36786.99895421606,0.999646710712393,1,0
7138.0,1.3729299979577263,0.0,36786.270700020425,0.9996269211962072,1,0
7139.0,2.822534243506197,0.0,36771.774657564936,0.9992330069990472,1,0
7140.0,2.9033382229681592,0.0,36770.96661777032,0.9992110493959324,1,0
7141.0,2.5365785484045773,0.0,36774.63421451596,0.9993107123509772,1,0
7142.0,1.0652032984189646,0.0,36789.34796701581,0.9997105425819516,1,0
7143.0,4.631836432248747,0.0,36753.68163567751,0.9987413487955844,1,0
7144.0,0.7233854826172319,0.0,36792.766145173824,0.9998034278579844,1,0
7145.0,0.588502967903878,0.0,36794.11497032096,0.9998400807152434,1,0
7146.0,1.4821557257810127,0.0,36785.17844274219,0.9995972402919072,1,0
7147.0,1.5221775872860237,0.0,36784.77822412714,0.9995863647860636,1,0
7148.0,1.0254912805048662,0.0,36789.74508719496,0.9997213338911672,1,0
7149.0,1.8551152234194888,0.0,36781.4488477658,0.9994958926023316,1,0
7150.0,1.648533252823654,0.0,36783.51466747176,0.9995520290073848,1,0
7151.0,1.145088387247597,0.0,36788.54911612753,0.9996888346773783,1,0
7152.0,2.5556517370905567,0.0,36774.443482629096,0.9993055294192688,1,0
7153.0,0.8328743784541075,0.0,36791.67125621546,0.9997736754406374,1,0
7154.0,1.3459069683822236,0.0,36786.54093031618,0.9996342644107656,1,0
7155.0,1.1564797092360095,0.0,36788.43520290764,0.9996857392094468,1,0
7156.0,0.4527421934499216,0.0,36795.4725780655,0.9998769722300408,1,0
7157.0,0.0,0.0,36800.0,1.0,1,0
7158.0,1.4775305446737548,0.0,36785.22469455326,0.9995984971345996,1,0
7159.0,3.1100201008694057,0.0,36768.8997989913,0.999154885842155,1,0
7160.0,1.6526083375783855,0.0,36783.47391662421,0.9995509216473972,1,0
7161.0,2.233663088868525,0.0,36777.66336911132,0.9993930263345466,1,0
7162.0,1.9846311229321143,0.0,36780.15368877068,0.9994606980644204,1,0
7163.0,1.099457361379791,0.0,36789.00542638621,0.9997012344126686,1,0
7164.0,0.458122476535209,0.0,36795.41877523465,0.9998755101965936,1,0
7165.0,2.2140075787710884,0.0,36777.85992421229,0.9993983675057688,1,0
7166.0,3.185083002264946,0.0,36768.14916997735,0.9991344883146018,1,0
7167.0,2.1378588708348616,0.0,36778.62141129165,0.999419060089447,1,0
7168.0,2.231906609127691,0.0,36777.68093390872,0.9993935036388238,1,0
7169.0,0.731132152714963,0.0,36792.68867847285,0.9998013227845884,1,0
7170.0,0.5152075140149464,0.0,36794.84792485985,0.9998599979581482,1,0
7171.0,0.0,0.0,36800.0,1.0,1,0
7172.0,0.0,0.0,36800.0,1.0,1,0
7173.0,1.3035554916377805,0.0,36786.96444508362,0.9996457729642289,1,0
7174.0,1.3011828488142785,0.0,36786.98817151185,0.9996464177041264,1,0
7175.0,2.5567340661164053,0.0,36774.43265933884,0.9993052353081208,1,0
7176.0,0.8453617546238092,0.0,36791.54638245376,0.9997702821318956,1,0
7177.0,0.0,0.0,36800.0,1.0,1,0
7178.0,2.623490435947133,0.0,36773.76509564053,0.9992870949902316,1,0
7179.0,2.4727406370111567,0.0,36775.27259362989,0.999328059609508,1,0
7180.0,3.7226137850420855,0.0,36762.77386214958,0.9989884201671082,1,0
7181.0,1.470739314241655,0.0,36785.29260685758,0.9996003425776516,1,0
7182.0,3.725252575613922,0.0,36762.74747424386,0.9989877031044528,1,0
7183.0,2.915847117624253,0.0,36770.84152882376,0.999207650239776,1,0
7184.0,0.0927968636524383,0.0,36799.072031363474,0.999974783460964,1,0
7185.0,0.3082506184045996,0.0,36796.91749381596,0.9999162362449988,1,0
7186.0,0.7376302779202888,0.0,36792.6236972208,0.9997995569896956,1,0
7187.0,1.5164500413657152,0.0,36784.83549958634,0.9995879211844114,1,0
7188.0,0.4418479505466166,0.0,36795.58152049453,0.999879932622134,1,0
7189.0,1.284745744115753,0.0,36787.15254255884,0.999650884308664,1,0
7190.0,0.7178381846179036,0.0,36792.82161815382,0.9998049352759192,1,0
7191.0,1.3589762040501228,0.0,36786.4102379595,0.99963071298803,1,0
7192.0,2.423686672472286,0.0,36775.76313327528,0.999341389491176,1,0
7193.0,1.877374736303864,0.0,36781.22625263696,0.9994898438216564,1,0
7194.0,2.0055307881548288,0.0,36779.94469211845,0.9994550188075666,1,0
7195.0,2.8638765809946563,0.0,36771.36123419005,0.999221772668208,1,0
7196.0,1.8399907161392548,0.0,36781.600092838606,0.999500002522788,1,0
7197.0,2.7376149041738245,0.0,36772.62385095826,0.9992560829064744,1,0
7198.0,4.07126433994199,0.0,36759.28735660058,0.998893678168494,1,0
7199.0,3.5067098933468515,0.0,36764.93290106653,0.9990470897028948,1,0
7200.0,3.4262755109102727,0.0,36765.7372448909,0.9990689468720354,1,0
7201.0,1.2743709412488895,0.0,36787.25629058751,0.9996537035485736,1,0
7202.0,3.5121789477198035,0.0,36764.8782105228,0.9990456035468152,1,0
7203.0,2.314113360128431,0.0,36776.85886639872,0.9993711648477912,1,0
7204.0,2.9114382216057493,0.0,36770.88561778394,0.9992088483093462,1,0
7205.0,4.536492537255981,0.0,36754.63507462744,0.9987672574627022,1,0
7206.0,3.1449949630296032,0.0,36768.5500503697,0.9991453818035244,1,0
7207.0,1.8647899904353835,0.0,36781.352100095646,0.9994932635895556,1,0
7208.0,1.0472604123879137,0.0,36789.527395876125,0.999715418366199,1,0
7209.0,1.341685628911364,0.0,36786.583143710886,0.9996354115138828,1,0
7210.0,1.4560239816946705,0.0,36785.43976018306,0.9996043413093222,1,0
7211.0,1.5553266022643584,0.0,36784.44673397736,0.9995773569015586,1,0
7212.0,0.0,0.0,36800.0,1.0,1,0
7213.0,0.6734387331061953,0.0,36793.26561266894,0.9998170003442648,1,0
7214.0,1.2538399616578315,0.0,36787.46160038342,0.9996592826191149,1,0
7215.0,0.075110378455065,0.0,36799.248896215446,0.999979589571072,1,0
7216.0,0.0,0.0,36800.0,1.0,1,0
7217.0,0.0,0.0,36800.0,1.0,1,0
7218.0,0.0,0.0,36800.0,1.0,1,0
7219.0,0.0,0.0,36800.0,1.0,1,0
7220.0,1.6473531915107742,0.0,36783.52646808489,0.99955234967622,1,0
7221.0,1.358188634727412,0.0,36786.418113652726,0.9996309270014327,1,0
7222.0,2.078121061501406,0.0,36779.21878938498,0.9994352931898094,1,0
7223.0,5.542415987188178,0.0,36744.57584012812,0.9984939086991336,1,0
7224.0,2.564925278162264,0.0,36774.35074721838,0.999303009435282,1,0
7225.0,3.97724298718822,0.0,36760.22757012812,0.9989192274491336,1,0
7226.0,0.9911464834030994,0.0,36790.08853516597,0.9997306667164664,1,0
7227.0,1.451144227898112,0.0,36785.48855772102,0.9996056673293756,1,0
7228.0,1.4940150999100297,0.0,36785.0598490009,0.999594017635894,1,0
7229.0,1.1378556958970876,0.0,36788.62144304103,0.9996908000826368,1,0
7230.0,2.9560459095919214,0.0,36770.43954090408,0.999196726655002,1,0
7231.0,2.6163325842317136,0.0,36773.83667415768,0.9992890400586328,1,0
7232.0,2.2280430097034696,0.0,36777.71956990297,0.999394553529972,1,0
7233.0,1.866005585268795,0.0,36781.33994414732,0.9994929332648728,1,0
7234.0,2.140045780438413,0.0,36778.59954219562,0.9994184658205332,1,0
7235.0,2.0890778981765834,0.0,36779.10922101823,0.999432315788539,1,0
7236.0,0.9159021892928648,0.0,36790.84097810707,0.9997511135355184,1,0
7237.0,0.0,0.0,36800.0,1.0,1,0
7238.0,1.0669334020349197,0.0,36789.33066597965,0.9997100724450992,1,0
7239.0,3.1862293211706856,0.0,36768.13770678829,0.9991341768148992,1,0
7240.0,3.134232214652912,0.0,36768.65767785347,0.9991483064634096,1,0
7241.0,2.878180582112691,0.0,36771.21819417887,0.9992178857113824,1,0
7242.0,2.117755019768083,0.0,36778.82244980232,0.9994245230924544,1,0
7243.0,2.375894223814612,0.0,36776.24105776186,0.9993543765696156,1,0
7244.0,0.2679017876043872,0.0,36797.32098212396,0.9999272006011946,1,0
7245.0,0.0,0.0,36800.0,1.0,1,0
7246.0,3.033169552370964,0.0,36769.66830447629,0.9991757691433776,1,0
7247.0,4.701943801766902,0.0,36752.98056198233,0.9987222978799548,1,0
7248.0,1.277103044093565,0.0,36787.228969559066,0.9996529611293224,1,0
7249.0,0.1032677280545613,0.0,36798.96732271946,0.9999719381173766,1,0
7250.0,0.8975519156138034,0.0,36791.02448084386,0.9997561000229308,1,0
7251.0,1.836762750714115,0.0,36781.63237249286,0.999500879687306,1,0
7252.0,2.8020697792862848,0.0,36771.97930220714,0.9992385679947592,1,0
7253.0,2.06964720072574,0.0,36779.30352799274,0.999437595869368,1,0
7254.0,0.3008748687561819,0.0,36796.99125131244,0.9999182405247944,1,0
7255.0,0.9502675075018489,0.0,36790.49732492498,0.999741775133831,1,0
7256.0,2.621241202166857,0.0,36773.78758797833,0.9992877061950634,1,0
7257.0,1.2043538719199205,0.0,36787.9564612808,0.9996727299261088,1,0
7258.0,1.6961140045841605,0.0,36783.03885995416,0.9995390994552762,1,0
7259.0,2.833013767846751,0.0,36771.669862321534,0.9992301593022156,1,0
7260.0,1.5787563787680483,0.0,36784.21243621232,0.9995709901144652,1,0
7261.0,2.9235169902731286,0.0,36770.76483009727,0.9992055660352518,1,0
7262.0,2.740634574530304,0.0,36772.5936542547,0.9992552623438776,1,0
7263.0,0.602968149309163,0.0,36793.97031850691,0.9998361499594268,1,0
7264.0,2.3505416702446382,0.0,36776.49458329755,0.9993612658504768,1,0
7265.0,2.5211977185172145,0.0,36774.78802281483,0.999314891924316,1,0
7266.0,1.008779830257481,0.0,36789.91220169743,0.9997258750461258,1,0
7267.0,0.0538033857183108,0.0,36799.461966142815,0.9999853795147504,1,0
7268.0,4.432770861593781,0.0,36755.672291384064,0.998795442700654,1,0
7269.0,4.644385191785659,0.0,36753.55614808214,0.99873793880658,1,0
7270.0,1.8839832311559803,0.0,36781.16016768844,0.999488048035012,1,0
7271.0,0.0,0.0,36800.0,1.0,1,0
7272.0,1.5880816306025736,0.0,36784.119183693976,0.9995684560786406,1,0
7273.0,2.002233876052742,0.0,36779.97766123947,0.9994559147075944,1,0
7274.0,1.450680289700358,0.0,36785.493197103,0.999605793399538,1,0
7275.0,2.1944864043280177,0.0,36778.05513595672,0.999403672172737,1,0
7276.0,2.254834163277337,0.0,36777.45165836722,0.9993872733251964,1,0
7277.0,0.876278168171666,0.0,36791.23721831828,0.999761880932562,1,0
7278.0,2.915638429902174,0.0,36770.84361570098,0.999207706948396,1,0
7279.0,4.078508485262319,0.0,36759.21491514738,0.998891709650744,1,0
7280.0,2.086831238035302,0.0,36779.13168761965,0.9994329262940124,1,0
7281.0,1.1849299535788305,0.0,36788.15070046421,0.9996780081647884,1,0
7282.0,3.402466526520584,0.0,36765.9753347348,0.99907541670475,1,0
7283.0,1.056494498210668,0.0,36789.43505501789,0.9997129091037472,1,0
7284.0,1.912783884877172,0.0,36780.87216115123,0.9994802217704138,1,0
7285.0,3.6158962362560487,0.0,36763.84103763744,0.9990174195010172,1,0
7286.0,1.7188755677570953,0.0,36782.81124432243,0.999532914247892,1,0
7287.0,0.7651913831687125,0.0,36792.34808616831,0.9997920675589216,1,0
7288.0,2.038441644305749,0.0,36779.615583556944,0.9994460756401344,1,0
7289.0,1.836848207376533,0.0,36781.63151792623,0.9995008564653868,1,0
7290.0,1.5218624033277592,0.0,36784.78137596672,0.9995864504338784,1,0
7291.0,1.3830314016249758,0.0,36786.16968598376,0.9996241762495586,1,0
7292.0,1.1939623164516888,0.0,36788.060376835485,0.9996755537183556,1,0
7293.0,2.0901525908784606,0.0,36779.09847409122,0.9994320237524787,1,0
7294.0,1.8946185041668289,0.0,36781.05381495833,0.999485158015172,1,0
7295.0,0.5617890553303369,0.0,36794.3821094467,0.9998473399306168,1,0
7296.0,0.5040939155887827,0.0,36794.959060844114,0.9998630179577204,1,0
7297.0,2.582874458821607,0.0,36774.17125541178,0.9992981319405376,1,0
7298.0,1.357215059740156,0.0,36786.4278494026,0.9996311915598532,1,0
7299.0,1.032717758655053,0.0,36789.67282241345,0.9997193701742784,1,0
7300.0,0.9696720592401108,0.0,36790.3032794076,0.9997365021578152,1,0
7301.0,0.6537040637240352,0.0,36793.46295936276,0.999822363026162,1,0
7302.0,0.4810801636585893,0.0,36795.18919836341,0.999869271694658,1,0
7303.0,1.735243534827532,0.0,36782.64756465172,0.9995284664307532,1,0
7304.0,1.2510072641061925,0.0,36787.48992735894,0.9996600523738842,1,0
7305.0,0.8856954995872002,0.0,36791.14304500413,0.9997593218751122,1,0
7306.0,1.3960530903759718,0.0,36786.03946909624,0.9996206377471804,1,0
7307.0,2.679630830763017,0.0,36773.20369169237,0.9992718394481622,1,0
7308.0,2.2781457222163226,0.0,36777.21854277784,0.9993809386624412,1,0
7309.0,2.0563512237222312,0.0,36779.43648776278,0.9994412089065972,1,0
7310.0,2.884059625698683,0.0,36771.15940374301,0.9992162881451904,1,0
7311.0,1.2348408911930164,0.0,36787.65159108807,0.999664445410002,1,0
7312.0,1.5917051253200043,0.0,36784.0829487468,0.9995674714333368,1,0
7313.0,2.519282430176645,0.0,36774.80717569823,0.9993154123831042,1,0
7314.0,2.60207856499801,0.0,36773.97921435002,0.9992929134334244,1,0
7315.0,2.275917578425833,0.0,36777.24082421574,0.9993815441362972,1,0
7316.0,2.014646539857494,0.0,36779.85353460143,0.9994525417011256,1,0
7317.0,1.852723864305517,0.0,36781.47276135694,0.9994965424281778,1,0
7318.0,2.831082716801575,0.0,36771.68917283198,0.9992306840443472,1,0
7319.0,3.802891094313054,0.0,36761.97108905687,0.9989666056808932,1,0
7320.0,0.8609758881220841,0.0,36791.39024111878,0.9997660391608364,1,0
7321.0,1.1347204234607489,0.0,36788.65279576539,0.999691652058842,1,0
7322.0,2.0575440878164954,0.0,36779.42455912184,0.9994408847587456,1,0
7323.0,2.789205331465382,0.0,36772.10794668535,0.9992420637686236,1,0
7324.0,4.675292441625061,0.0,36753.24707558375,0.9987295400973843,1,0
7325.0,2.527955526769801,0.0,36774.7204447323,0.9993130555633778,1,0
7326.0,0.8686849930909375,0.0,36791.31315006909,0.999763944295356,1,0
7327.0,2.599559136100652,0.0,36774.004408639,0.9992935980608424,1,0
7328.0,5.188074320989472,0.0,36748.1192567901,0.9985901971953832,1,0
7329.0,2.789572199981194,0.0,36772.10427800019,0.999241964076092,1,0
7330.0,2.545830706619199,0.0,36774.54169293381,0.9993081981775492,1,0
7331.0,1.0301966117531265,0.0,36789.69803388247,0.9997200552685452,1,0
7332.0,0.0,0.0,36800.0,1.0,1,0
7333.0,2.1651340744028857,0.0,36778.34865925597,0.999411648349347,1,0
7334.0,1.7360356180442975,0.0,36782.63964381956,0.9995282511907488,1,0
7335.0,4.847743338238615,0.0,36751.52256661761,0.998682678440696,1,0
7336.0,1.366195511793194,0.0,36786.33804488207,0.9996287512196216,1,0
7337.0,2.8915223429685284,0.0,36771.08477657032,0.999214260232889,1,0
7338.0,0.1114880002050995,0.0,36798.88511999795,0.9999697043477704,1,0
7339.0,1.4547995131551943,0.0,36785.45200486845,0.9996046740453384,1,0
7340.0,0.4501855118405728,0.0,36795.4981448816,0.9998776669804782,1,0
7341.0,0.0,0.0,36800.0,1.0,1,0
7342.0,0.2670691848870774,0.0,36797.32930815113,0.9999274268519328,1,0
7343.0,1.9396196218749535,0.0,36780.60380378125,0.9994729294505776,1,0
7344.0,4.30201155681425,0.0,36756.97988443186,0.998830975120431,1,0
7345.0,3.2492393258617085,0.0,36767.50760674138,0.9991170545310158,1,0
7346.0,0.7975193856518672,0.0,36792.02480614348,0.999783282775638,1,0
7347.0,0.53727229785909,0.0,36794.62727702141,0.9998540020929731,1,0
7348.0,3.420140594704208,0.0,36765.79859405296,0.9990706139688303,1,0
7349.0,2.508063551894338,0.0,36774.91936448106,0.9993184609913331,1,0
7350.0,2.6196153354212584,0.0,36773.80384664579,0.999288148006679,1,0
7351.0,1.053135488328735,0.0,36789.46864511672,0.9997138218781716,1,0
7352.0,1.343196335779794,0.0,36786.5680366422,0.999635000995712,1,0
7353.0,3.854249560158678,0.0,36761.457504398415,0.998952649576044,1,0
7354.0,2.630586487457549,0.0,36773.69413512542,0.9992851667153648,1,0
7355.0,2.4933336540589157,0.0,36775.06666345941,0.9993224636809622,1,0
7356.0,1.44663494595261,0.0,36785.53365054047,0.9996068926777302,1,0
7357.0,0.9923855089573408,0.0,36790.076144910425,0.9997303300247398,1,0
7358.0,3.983278383974721,0.0,36760.167216160255,0.9989175873956592,1,0
7359.0,1.8502722027897107,0.0,36781.4972779721,0.999497208640546,1,0
7360.0,0.8249514880417337,0.0,36791.750485119584,0.9997758283999888,1,0
7361.0,3.430918731496604,0.0,36765.69081268503,0.9990676851273108,1,0
7362.0,3.52633174309085,0.0,36764.73668256909,0.999041757678508,1,0
7363.0,2.276368340571935,0.0,36777.23631659428,0.9993814216465836,1,0
7364.0,2.4423875132661124,0.0,36775.57612486734,0.9993363077409604,1,0
7365.0,2.8403302705401074,0.0,36771.5966972946,0.9992281711221358,1,0
7366.0,1.5103029543215598,0.0,36784.89697045679,0.9995895915884996,1,0
7367.0,3.2548418522937936,0.0,36767.45158147706,0.999115532105355,1,0
7368.0,3.266528460520931,0.0,36767.33471539479,0.9991123563965976,1,0
7369.0,2.6606500357474943,0.0,36773.39349964252,0.9992769972728948,1,0
7370.0,1.4189250511844875,0.0,36785.81074948816,0.999614422540439,1,0
7371.0,3.059970386088935,0.0,36769.40029613911,0.999168486308128,1,0
7372.0,3.1139708910477566,0.0,36768.86029108952,0.9991538122578674,1,0
7373.0,2.5437556832612245,0.0,36774.562443167386,0.999308762042592,1,0
7374.0,2.7174181147611307,0.0,36772.82581885239,0.9992615711644672,1,0
7375.0,2.4485792881141606,0.0,36775.51420711886,0.9993346251934472,1,0
7376.0,0.4959854068956701,0.0,36795.040145931045,0.999865221356822,1,0
7377.0,0.6077140109046013,0.0,36793.92285989096,0.9998348603231236,1,0
7378.0,0.9527103944701594,0.0,36790.4728960553,0.9997411113058504,1,0
7379.0,1.841883071325356,0.0,36781.58116928674,0.9994994882958352,1,0
7380.0,1.6629482952457693,0.0,36783.37051704754,0.999548111876292,1,0
7381.0,5.167111929213206,0.0,36748.32888070786,0.9985958934974964,1,0
7382.0,4.815178172484593,0.0,36751.848218275154,0.9986915276705204,1,0
7383.0,2.0872762792087087,0.0,36779.12723720791,0.9994328053589108,1,0
7384.0,0.8919446397103457,0.0,36791.08055360289,0.9997576237392092,1,0
7385.0,0.6000730765999833,0.0,36793.999269234,0.9998369366639674,1,0
7386.0,3.175775438886376,0.0,36768.24224561114,0.9991370175437808,1,0
7387.0,3.3261146780769195,0.0,36766.73885321923,0.9990961644896528,1,0
7388.0,2.475912583765421,0.0,36775.24087416234,0.999327197667455,1,0
7389.0,0.7836590016468108,0.0,36792.163409983536,0.9997870491843353,1,0
7390.0,3.2866268034522363,0.0,36767.13373196548,0.9991068948903662,1,0
7391.0,1.6401936495594782,0.0,36783.5980635044,0.999554295203924,1,0
7392.0,0.7323465345834848,0.0,36792.676534654165,0.9998009927895154,1,0
7393.0,1.0538600139088885,0.0,36789.46139986091,0.9997136249962204,1,0
7394.0,2.191802852424189,0.0,36778.08197147576,0.9994044013987978,1,0
7395.0,2.080751044226417,0.0,36779.19248955774,0.9994345785205908,1,0
7396.0,4.196729448602127,0.0,36758.03270551398,0.9988595843889668,1,0
7397.0,3.772224121178624,0.0,36762.277758788216,0.998974939097506,1,0
7398.0,1.724334791569163,0.0,36782.75665208431,0.9995314307631606,1,0
7399.0,1.9679782470775533,0.0,36780.32021752922,0.9994652233024246,1,0
7400.0,3.052444899133661,0.0,36769.47555100866,0.9991705312774092,1,0
7401.0,3.19463199441816,0.0,36768.05368005582,0.9991318934797776,1,0
7402.0,2.1676356747875616,0.0,36778.32364325212,0.9994109685666338,1,0
7403.0,2.566249029418032,0.0,36774.337509705816,0.9993026497202668,1,0
7404.0,1.581453137509925,0.0,36784.1854686249,0.9995702572995896,1,0
7405.0,1.150260930327022,0.0,36788.49739069673,0.9996874290950196,1,0
7406.0,1.845350957242772,0.0,36781.54649042757,0.999498545935532,1,0
7407.0,2.480053002973364,0.0,36775.19946997026,0.9993260725535398,1,0
7408.0,2.252491907820513,0.0,36777.4750809218,0.9993879098076576,1,0
7409.0,1.7037873483641306,0.0,36782.96212651636,0.9995370143075096,1,0
7410.0,0.7831257753387035,0.0,36792.16874224661,0.9997871940827884,1,0
7411.0,3.182399977727073,0.0,36768.17600022273,0.9991352173973568,1,0
7412.0,0.7856511010695613,0.0,36792.143488989306,0.9997865078529704,1,0
7413.0,1.0573195979486627,0.0,36789.42680402051,0.9997126848918618,1,0
7414.0,1.2762310385824094,0.0,36787.23768961418,0.999653198087342,1,0
7415.0,1.7020986814886785,0.0,36782.97901318511,0.999537473184378,1,0
7416.0,1.301059755888673,0.0,36786.98940244111,0.9996464511532912,1,0
7417.0,1.4915152675985155,0.0,36785.08484732402,0.9995946969381528,1,0
7418.0,0.8921642977174997,0.0,36791.07835702282,0.9997575640495332,1,0
7419.0,1.5173718281403126,0.0,36784.8262817186,0.9995876706988748,1,0
7420.0,4.056723396228335,0.0,36759.43276603772,0.9988976295118944,1,0
7421.0,2.130782505462776,0.0,36778.692174945376,0.99942098301482,1,0
7422.0,0.9273249069719895,0.0,36790.72675093028,0.9997480095361488,1,0
7423.0,1.0286992554692915,0.0,36789.71300744531,0.99972046215884,1,0
7424.0,3.4691691802254354,0.0,36765.30830819775,0.9990572909836344,1,0
7425.0,3.460154798581243,0.0,36765.39845201419,0.9990597405438638,1,0
7426.0,1.1397714294644177,0.0,36788.60228570536,0.9996902795028628,1,0
7427.0,5.34708248698098,0.0,36746.52917513019,0.9985469884546248,1,0
7428.0,2.56659567990846,0.0,36774.33404320091,0.999302555521764,1,0
7429.0,2.388048048780547,0.0,36776.1195195122,0.999351073899788,1,0
7430.0,1.7868012244789495,0.0,36782.13198775521,0.9995144561890004,1,0
7431.0,1.7152786564065536,0.0,36782.84721343593,0.9995338916694548,1,0
7432.0,2.562186877675231,0.0,36774.378131223246,0.9993037535658492,1,0
7433.0,1.4439485197026445,0.0,36785.56051480297,0.9996076226848634,1,0
7434.0,1.930354577599246,0.0,36780.69645422401,0.9994754471256524,1,0
7435.0,0.203451330493408,0.0,36797.965486695066,0.999944714312366,1,0
7436.0,0.2483062727897049,0.0,36797.5169372721,0.9999325254693504,1,0
7437.0,0.7530412154928854,0.0,36792.46958784507,0.9997953692349204,1,0
7438.0,1.926833426088706,0.0,36780.73166573911,0.999476403960302,1,0
7439.0,1.8006492375134258,0.0,36781.99350762487,0.99951069314198,1,0
7440.0,0.2784018892007225,0.0,36797.21598110799,0.9999243473127172,1,0
7441.0,3.090139416530292,0.0,36769.0986058347,0.9991602882020298,1,0
7442.0,3.573091632898468,0.0,36764.26908367102,0.9990290511867124,1,0
7443.0,3.207473501242021,0.0,36767.92526498758,0.9991284039398798,1,0
7444.0,1.1467015023436034,0.0,36788.53298497656,0.9996883963308848,1,0
7445.0,0.0932388293049371,0.0,36799.06761170695,0.999974663361602,1,0
7446.0,2.9385169228689847,0.0,36770.61483077131,0.9992014899666116,1,0
7447.0,1.4849371145473924,0.0,36785.15062885453,0.9995964844797426,1,0
7448.0,4.145397520028382,0.0,36758.54602479972,0.998873533282601,1,0
7449.0,3.3704462279038125,0.0,36766.29553772096,0.999084117872852,1,0
7450.0,1.2467738721907151,0.0,36787.532261278095,0.999661202752122,1,0
7451.0,1.2053431532940522,0.0,36787.94656846706,0.9996724610996484,1,0
7452.0,1.4355625601965585,0.0,36785.644374398034,0.9996099014782076,1,0
7453.0,2.09742445567008,0.0,36779.0257554433,0.9994300477022636,1,0
7454.0,1.379203540062008,0.0,36786.20796459938,0.999625216429331,1,0
7455.0,0.9817329962706935,0.0,36790.18267003729,0.9997332247292742,1,0
7456.0,2.596231796222128,0.0,36774.03768203778,0.9992945022292876,1,0
7457.0,0.6910714194636967,0.0,36793.08928580536,0.9998122088534066,1,0
7458.0,2.2284031521612637,0.0,36777.715968478384,0.9993944556651736,1,0
7459.0,3.2963554911812025,0.0,36767.03644508819,0.9991042512252224,1,0
7460.0,0.848512945522998,0.0,36791.51487054477,0.9997694258300208,1,0
7461.0,0.794014753006195,0.0,36792.05985246994,0.9997842351214656,1,0
7462.0,2.8833818386983694,0.0,36771.16618161301,0.9992164723264406,1,0
7463.0,1.3288531165489983,0.0,36786.71146883451,0.9996388986096334,1,0
7464.0,0.2624018431006334,0.0,36797.37598156899,0.9999286951513312,1,0
7465.0,2.9890203553432,0.0,36770.109796446566,0.9991877662077872,1,0
7466.0,1.8389829217767328,0.0,36781.61017078223,0.999500276379952,1,0
7467.0,1.9208492000079789,0.0,36780.79150799992,0.9994780301086936,1,0
7468.0,0.0,0.0,36800.0,1.0,1,0
7469.0,0.2475244022498373,0.0,36797.5247559775,0.9999327379341711,1,0
7470.0,3.5127315823692697,0.0,36764.87268417631,0.999045453374356,1,0
7471.0,3.268531836024522,0.0,36767.31468163976,0.9991118120010803,1,0
7472.0,1.9828808535357891,0.0,36780.17119146464,0.9994611736811044,1,0
7473.0,0.7825193726930593,0.0,36792.17480627307,0.999787358866116,1,0
7474.0,1.8091476137797144,0.0,36781.90852386221,0.9995083838006036,1,0
7475.0,0.7006155229364595,0.0,36792.99384477064,0.9998096153470282,1,0
7476.0,2.100743677052378,0.0,36778.99256322948,0.9994291457399316,1,0
7477.0,1.2845673884767166,0.0,36787.15432611523,0.9996509327748704,1,0
7478.0,3.4298753984912764,0.0,36765.70124601509,0.9990679686417144,1,0
7479.0,3.046020720998058,0.0,36769.53979279002,0.9991722769779896,1,0
7480.0,1.3138739033674938,0.0,36786.861260966325,0.999642969047998,1,0
7481.0,2.0487147509375063,0.0,36779.51285249063,0.9994432840350712,1,0
7482.0,0.5102493891172344,0.0,36794.89750610883,0.9998613452746964,1,0
7483.0,1.2701365172042642,0.0,36787.29863482796,0.9996548542072816,1,0
7484.0,1.1563400239683688,0.0,36788.43659976032,0.9996857771674,1,0
7485.0,2.492892210917489,0.0,36775.071077890825,0.9993225836383376,1,0
7486.0,1.6796173275206456,0.0,36783.20382672479,0.9995435822479564,1,0
7487.0,4.153082036177693,0.0,36758.46917963823,0.9988714450988648,1,0
7488.0,3.788872094604813,0.0,36762.11127905395,0.9989704151916834,1,0
7489.0,2.1764730852346474,0.0,36778.235269147655,0.9994085670964036,1,0
7490.0,2.518245835443849,0.0,36774.81754164556,0.9993156940664556,1,0
7491.0,1.784931613033223,0.0,36782.15068386967,0.9995149642355888,1,0
7492.0,3.70960134716006,0.0,36762.9039865284,0.998991956155663,1,0
7493.0,1.3311850007930843,0.0,36786.68814999207,0.9996382649454368,1,0
7494.0,2.677225284161068,0.0,36773.22774715839,0.999272493129304,1,0
7495.0,2.2057082777037067,0.0,36777.942917222965,0.999400622750624,1,0
7496.0,1.928264934575964,0.0,36780.71735065424,0.9994760149634304,1,0
7497.0,4.053285565765691,0.0,36759.46714434234,0.998898563704955,1,0
7498.0,0.8573813475877614,0.0,36791.42618652412,0.9997670159381554,1,0
7499.0,2.053200413657578,0.0,36779.46799586342,0.9994420651049843,1,0
7500.0,2.5325612462329445,0.0,36774.67438753767,0.999311804009176,1,0
7501.0,1.1664568948217493,0.0,36788.33543105178,0.9996830280177116,1,0
7502.0,3.272066028266636,0.0,36767.27933971734,0.9991108516227536,1,0
7503.0,2.5625204520420084,0.0,36774.37479547958,0.9993036629206408,1,0
7504.0,2.5124574015499093,0.0,36774.8754259845,0.9993172670104484,1,0
7505.0,3.240180954252537,0.0,36767.59819045747,0.99911951604504,1,0
7506.0,2.4529862842373404,0.0,36775.47013715762,0.9993334276401528,1,0
7507.0,2.299207807399398,0.0,36777.00792192601,0.9993752152697284,1,0
7508.0,1.207927286199265,0.0,36787.92072713801,0.9996717588896198,1,0
7509.0,0.6328854797693566,0.0,36793.67114520231,0.9998280202500628,1,0
7510.0,1.6811967500671017,0.0,36783.188032499325,0.9995431530570468,1,0
7511.0,0.6891268161853077,0.0,36793.10873183815,0.9998127372782104,1,0
7512.0,2.137475945816732,0.0,36778.62524054184,0.9994191641451584,1,0
7513.0,3.238209462630948,0.0,36767.61790537369,0.999120051776459,1,0
7514.0,4.648722988119516,0.0,36753.5127701188,0.9987367600575762,1,0
7515.0,3.612571206346729,0.0,36763.87428793653,0.9990183230417536,1,0
7516.0,3.100527641352528,0.0,36768.99472358648,0.9991574653148498,1,0
7517.0,4.093054812212358,0.0,36759.06945187788,0.9988877568445076,1,0
7518.0,0.5640813679574421,0.0,36794.35918632043,0.9998467170195768,1,0
7519.0,1.5749768250479974,0.0,36784.25023174952,0.9995720171671066,1,0
7520.0,0.1565922407526159,0.0,36798.43407759247,0.999957447760665,1,0
7521.0,1.363673159317841,0.0,36786.36326840682,0.9996294366414896,1,0
7522.0,2.702857941600996,0.0,36772.97142058399,0.9992655277332606,1,0
7523.0,1.848695236900312,0.0,36781.513047631,0.9994976371638858,1,0
7524.0,0.9755520212356714,0.0,36790.244479787645,0.9997349043420556,1,0
7525.0,0.9865579068873558,0.0,36790.13442093113,0.9997319136122588,1,0
7526.0,2.4274600334611023,0.0,36775.72539966539,0.999340364121342,1,0
7527.0,2.00974055446477,0.0,36779.90259445535,0.99945387484933,1,0
7528.0,4.4712374777800505,0.0,36755.2876252222,0.9987849898158204,1,0
7529.0,2.10303611537438,0.0,36778.969638846254,0.9994285227947352,1,0
7530.0,2.34361957492456,0.0,36776.56380425076,0.99936314685464,1,0
7531.0,2.199978199250836,0.0,36778.000218007495,0.9994021798371602,1,0
7532.0,1.555258501384742,0.0,36784.44741498615,0.9995773754072323,1,0
7533.0,4.697449708549357,0.0,36753.025502914505,0.9987235191009376,1,0
7534.0,2.877289695856234,0.0,36771.22710304144,0.9992181278000392,1,0
7535.0,2.567769226868222,0.0,36774.32230773132,0.9993022366231336,1,0
7536.0,1.94292478114221,0.0,36780.57075218858,0.9994720313094724,1,0
7537.0,2.5441036913034623,0.0,36774.558963086965,0.9993086674751892,1,0
7538.0,3.1789471788533774,0.0,36768.21052821146,0.9991361556579202,1,0
7539.0,1.3796082816988928,0.0,36786.20391718301,0.9996251064451904,1,0
7540.0,0.7911832208401393,0.0,36792.0881677916,0.9997850045595542,1,0
7541.0,0.822554052923806,0.0,36791.77445947076,0.9997764798769228,1,0
7542.0,0.6178753003277961,0.0,36793.821246996726,0.999832099103172,1,0
7543.0,2.239597012855484,0.0,36777.60402987144,0.9993914138552022,1,0
7544.0,2.038136108697472,0.0,36779.61863891302,0.9994461586661147,1,0
7545.0,1.8390247112183715,0.0,36781.609752887816,0.9995002650241256,1,0
7546.0,4.320790381168081,0.0,36756.79209618832,0.9988258721790304,1,0
7547.0,3.573241401586529,0.0,36764.26758598413,0.9990290104886992,1,0
7548.0,2.119008816164751,0.0,36778.809911838354,0.9994241823869118,1,0
7549.0,0.723875009168296,0.0,36792.76124990832,0.9998032948344652,1,0
7550.0,2.712861895912283,0.0,36772.87138104088,0.9992628092674152,1,0
7551.0,1.6757067815260598,0.0,36783.24293218474,0.9995446448963244,1,0
7552.0,1.3504120554716792,0.0,36786.49587944528,0.9996330402023176,1,0
7553.0,0.0184684516952984,0.0,36799.81531548305,0.999994981398996,1,0
7554.0,1.6205659364231906,0.0,36783.794340635766,0.999559628821624,1,0
7555.0,1.3647426821244153,0.0,36786.35257317875,0.9996291460102922,1,0
7556.0,0.0,0.0,36800.0,1.0,1,0
7557.0,0.2754452794033568,0.0,36797.24554720597,0.9999251507392926,1,0
7558.0,3.811663205999139,0.0,36761.88336794001,0.9989642219548917,1,0
7559.0,2.281685786764683,0.0,36777.18314213235,0.9993799766883792,1,0
7560.0,4.066563612886057,0.0,36759.33436387114,0.9988949555399764,1,0
7561.0,4.888980057517983,0.0,36751.11019942482,0.998671472810457,1,0
7562.0,2.375336187080393,0.0,36776.2466381292,0.9993545282100323,1,0
7563.0,1.331125427110237,0.0,36786.6887457289,0.9996382811339376,1,0
7564.0,1.225829927216182,0.0,36787.74170072784,0.9996668940415174,1,0
7565.0,3.747863344997313,0.0,36762.52136655003,0.998981558873642,1,0
7566.0,4.096194208491397,0.0,36759.03805791509,0.9988869037476926,1,0
7567.0,3.241831519438165,0.0,36767.58168480562,0.9991190675218918,1,0
7568.0,3.673782562065753,0.0,36763.26217437934,0.9990016895211776,1,0
7569.0,1.3391384155829655,0.0,36786.60861584417,0.9996361036914176,1,0
7570.0,1.2276846406839468,0.0,36787.72315359317,0.9996663900432924,1,0
7571.0,1.4767437485925257,0.0,36785.23256251407,0.9995987109378824,1,0
7572.0,0.903017133549838,0.0,36790.9698286645,0.9997546149093616,1,0
7573.0,1.9710520259041004,0.0,36780.28947974096,0.9994643880364392,1,0
7574.0,0.6127866059678126,0.0,36793.87213394032,0.9998334819005522,1,0
7575.0,2.755885981110623,0.0,36772.441140188894,0.9992511179399156,1,0
7576.0,0.7646552609730861,0.0,36792.35344739027,0.9997922132443008,1,0
7577.0,0.930880460959088,0.0,36790.691195390405,0.999747043353,1,0
7578.0,0.4258723278962861,0.0,36795.74127672103,0.9998842738239412,1,0
7579.0,0.6460474736968536,0.0,36793.53952526303,0.999824443621278,1,0
7580.0,0.8464639415424244,0.0,36791.535360584574,0.9997699826245808,1,0
7581.0,2.1499193907056906,0.0,36778.50080609294,0.9994157827742648,1,0
7582.0,0.1771758495524409,0.0,36798.22824150448,0.9999518543887086,1,0
7583.0,2.419585591914256,0.0,36775.80414408086,0.9993425039152408,1,0
7584.0,2.8646586771492366,0.0,36771.353413228506,0.999221560142079,1,0
7585.0,1.9628976646463343,0.0,36780.37102335354,0.9994666038954766,1,0
7586.0,2.308797530551601,0.0,36776.91202469448,0.9993726093666978,1,0
7587.0,3.4046792848266705,0.0,36765.95320715173,0.9990748154117318,1,0
7588.0,1.7139904633850165,0.0,36782.86009536615,0.9995342417219064,1,0
7589.0,1.3788102126973172,0.0,36786.21189787303,0.9996253233117672,1,0
7590.0,2.211554033435277,0.0,36777.88445966565,0.9993990342300448,1,0
7591.0,1.6551054232349998,0.0,36783.44894576765,0.9995502430915124,1,0
7592.0,0.9435505889641718,0.0,36790.56449411036,0.9997436003834336,1,0
7593.0,1.3345423702585322,0.0,36786.65457629741,0.9996373526167776,1,0
7594.0,2.965434248079873,0.0,36770.3456575192,0.9991941754760651,1,0
7595.0,2.5864559552037463,0.0,36774.13544044797,0.9992971587078252,1,0
7596.0,2.1786357093105835,0.0,36778.21364290689,0.9994079794268176,1,0
7597.0,2.498052946783901,0.0,36775.01947053216,0.9993211812644608,1,0
7598.0,1.9679283123459756,0.0,36780.32071687654,0.999465236871645,1,0
7599.0,0.7626017359016259,0.0,36792.37398264099,0.9997927712674182,1,0
7600.0,1.4593507768831842,0.0,36785.406492231166,0.9996034372888905,1,0
7601.0,2.185892241191141,0.0,36778.14107758809,0.9994060075431546,1,0
7602.0,1.08373980315082,0.0,36789.16260196849,0.9997055054882742,1,0
7603.0,1.2829380129505807,0.0,36787.17061987049,0.9996513755399592,1,0
7604.0,0.7191046585030563,0.0,36792.80895341497,0.9998045911254068,1,0
7605.0,0.3569677181458246,0.0,36796.43032281855,0.999902997902678,1,0
7606.0,1.6447905536406324,0.0,36783.5520944636,0.9995530460452065,1,0
7607.0,1.169066053636925,0.0,36788.30933946363,0.999682319007164,1,0
7608.0,1.0959642965153762,0.0,36789.04035703484,0.9997021836150772,1,0
7609.0,2.119471543751388,0.0,36778.80528456248,0.9994240566457196,1,0
7610.0,1.252228212844784,0.0,36787.47771787155,0.9996597205943356,1,0
7611.0,1.4160736380645176,0.0,36785.83926361935,0.9996151973809608,1,0
7612.0,5.089331949021471,0.0,36749.10668050979,0.998617029361679,1,0
7613.0,1.877970406851091,0.0,36781.22029593149,0.99948968195466,1,0
7614.0,0.0,0.0,36800.0,1.0,1,0
7615.0,1.3128706147836056,0.0,36786.87129385216,0.9996432416807652,1,0
7616.0,1.8409261582655745,0.0,36781.59073841735,0.9994997483265584,1,0
7617.0,3.096711442030937,0.0,36769.03288557969,0.999158502325535,1,0
7618.0,1.5392763234158338,0.0,36784.60723676584,0.999581718390376,1,0
7619.0,1.9174402584740164,0.0,36780.825597415256,0.9994789564515016,1,0
7620.0,3.041440424418397,0.0,36769.585595755816,0.9991735216237994,1,0
7621.0,1.9569694620695373,0.0,36780.430305379305,0.99946821482009,1,0
7622.0,0.6349013999570161,0.0,36793.65098600043,0.9998274724456638,1,0
7623.0,1.357826723055041,0.0,36786.42173276945,0.999631025346996,1,0
7624.0,0.9773872836130976,0.0,36790.22612716387,0.999734405629453,1,0
7625.0,1.496173545374404,0.0,36785.03826454625,0.9995934311018004,1,0
7626.0,0.857964791563063,0.0,36791.42035208437,0.999766857393597,1,0
7627.0,0.0,0.0,36800.0,1.0,1,0
7628.0,1.880128473850164,0.0,36781.1987152615,0.9994890955234104,1,0
7629.0,2.2558883065612463,0.0,36777.44111693439,0.999386986873217,1,0
7630.0,2.2450326239513743,0.0,36777.54967376048,0.9993899367869696,1,0
7631.0,2.236499811433532,0.0,36777.63500188566,0.9993922554860234,1,0
7632.0,0.7926788184704492,0.0,36792.073211815296,0.9997845981471548,1,0
7633.0,1.6049385541718948,0.0,36783.950614458285,0.9995638753928882,1,0
7634.0,0.8986453675152006,0.0,36791.01354632485,0.999755802889262,1,0
7635.0,0.1021991237466863,0.0,36798.97800876253,0.999972228498982,1,0
7636.0,0.7106610653154348,0.0,36792.89338934685,0.9998068855800776,1,0
7637.0,1.2924328593717291,0.0,36787.07567140628,0.9996487954186488,1,0
7638.0,0.574029414719007,0.0,36794.25970585281,0.9998440137460004,1,0
7639.0,1.4844972198570758,0.0,36785.15502780143,0.9995966040163432,1,0
7640.0,0.9457098495886384,0.0,36790.54290150412,0.9997430136278292,1,0
7641.0,0.8828682861103516,0.0,36791.1713171389,0.999760090139644,1,0
7642.0,1.119669709621121,0.0,36788.80330290379,0.9996957419267336,1,0
7643.0,2.7101048524828,0.0,36772.89895147517,0.9992635584639992,1,0
7644.0,2.074750662386577,0.0,36779.25249337613,0.999436209059134,1,0
7645.0,1.514189788587828,0.0,36784.85810211412,0.999588535383536,1,0
7646.0,2.652077150587502,0.0,36773.47922849412,0.9992793268612532,1,0
7647.0,0.9516779236682852,0.0,36790.48322076332,0.9997413918685684,1,0
7648.0,1.5362391258240675,0.0,36784.63760874176,0.9995825437158088,1,0
7649.0,2.0297830264507866,0.0,36779.70216973549,0.999448428525421,1,0
7650.0,2.370667554881948,0.0,36776.29332445118,0.9993557968600864,1,0
7651.0,0.7425267134640308,0.0,36792.57473286536,0.9997982264365588,1,0
7652.0,0.4413946457634665,0.0,36795.58605354236,0.9998800558027816,1,0
7653.0,1.9760340454140533,0.0,36780.239659545856,0.9994630342267896,1,0
7654.0,1.6766913755645874,0.0,36783.23308624436,0.9995443773435966,1,0
7655.0,1.679823914293593,0.0,36783.20176085706,0.9995435261102462,1,0
7656.0,0.6760871374635826,0.0,36793.23912862536,0.9998162806691676,1,0
7657.0,0.9632172640413046,0.0,36790.36782735959,0.9997382561782496,1,0
7658.0,0.0378171499523887,0.0,36799.62182850047,0.9999897236005564,1,0
7659.0,1.7938627574731072,0.0,36782.06137242527,0.9995125372941648,1,0
7660.0,4.422024651161337,0.0,36755.77975348839,0.9987983628665322,1,0
7661.0,1.757756329257063,0.0,36782.42243670743,0.9995223488235714,1,0
7662.0,0.7822863766559749,0.0,36792.17713623344,0.9997874221802564,1,0
7663.0,2.7812509517989383,0.0,36772.187490482014,0.9992442252848374,1,0
7664.0,2.10388057990167,0.0,36778.96119420098,0.9994282933206788,1,0
7665.0,2.756793473664402,0.0,36772.43206526336,0.999250871338678,1,0
7666.0,2.7289649709446167,0.0,36772.71035029055,0.9992584334318084,1,0
7667.0,0.9028867501920104,0.0,36790.97113249808,0.9997546503396216,1,0
7668.0,0.2867050045615542,0.0,36797.13294995439,0.9999220910313692,1,0
7669.0,1.04929930675371,0.0,36789.50700693247,0.999714864318817,1,0
7670.0,1.2624740831570307,0.0,36787.37525916843,0.9996569363904464,1,0
7671.0,1.5995900031821293,0.0,36784.00409996818,0.9995653288034833,1,0
7672.0,2.6683521749255306,0.0,36773.316478250745,0.999274904300292,1,0
7673.0,1.3890625327840098,0.0,36786.10937467216,0.9996225373552218,1,0
7674.0,1.7944634848163332,0.0,36782.05536515184,0.9995123740530388,1,0
7675.0,1.6022980487250609,0.0,36783.97701951275,0.999564592921542,1,0
7676.0,2.169930720463526,0.0,36778.30069279537,0.9994103449129176,1,0
7677.0,1.2002850828121154,0.0,36787.99714917188,0.9996738355753227,1,0
7678.0,0.6450580195114526,0.0,36793.54941980488,0.999824712494698,1,0
7679.0,0.7195110540114911,0.0,36792.80488945988,0.9998044806918448,1,0
7680.0,2.3615106549350457,0.0,36776.38489345065,0.9993582851481156,1,0
7681.0,3.839281473065057,0.0,36761.60718526935,0.998956716991015,1,0
7682.0,2.4574389372892256,0.0,36775.42561062711,0.9993322176800844,1,0
7683.0,1.9500627195666311,0.0,36780.499372804334,0.9994700916522916,1,0
7684.0,1.1323176051600967,0.0,36788.6768239484,0.9996923049985978,1,0
7685.0,2.6840786934044445,0.0,36773.15921306596,0.9992706307898358,1,0
7686.0,0.2321522158808875,0.0,36797.67847784119,0.999936915158728,1,0
7687.0,1.8109860911763465,0.0,36781.89013908824,0.9995078842143544,1,0
7688.0,3.697065529822794,0.0,36763.029344701776,0.9989953626277656,1,0
7689.0,2.4418888316995435,0.0,36775.581111683,0.9993364432522556,1,0
7690.0,3.0645626761515814,0.0,36769.354373238486,0.9991672384032196,1,0
7691.0,1.484874320470226,0.0,36785.151256795296,0.9995965015433504,1,0
7692.0,0.8365971098019145,0.0,36791.63402890198,0.999772663828858,1,0
7693.0,3.097555786315752,0.0,36769.02444213684,0.9991582728841532,1,0
7694.0,2.506769038921448,0.0,36774.932309610784,0.9993188127611626,1,0
7695.0,0.7969335788438912,0.0,36792.03066421156,0.9997834419622706,1,0
7696.0,6.070842594253008,0.0,36739.29157405747,0.9983503145124312,1,0
7697.0,4.775397569271263,0.0,36752.246024307286,0.998702337617046,1,0
7698.0,3.3484884794497702,0.0,36766.515115205504,0.9990900846523236,1,0
7699.0,0.1334203081414671,0.0,36798.66579691858,0.9999637444814832,1,0
7700.0,1.1177870867513775,0.0,36788.82212913249,0.999696253509035,1,0
7701.0,2.1006483902265245,0.0,36778.99351609773,0.9994291716330904,1,0
7702.0,3.693790397401244,0.0,36763.062096025984,0.9989962526094016,1,0
7703.0,3.083757899074044,0.0,36769.162421009256,0.999162022310034,1,0
7704.0,0.0,0.0,36800.0,1.0,1,0
7705.0,0.2391061141397585,0.0,36797.60893885861,0.999935025512462,1,0
7706.0,2.9528212753020853,0.0,36770.47178724698,0.99919760291432,1,0
7707.0,1.9527841749804795,0.0,36780.4721582502,0.999469352126364,1,0
7708.0,1.0587056644981203,0.0,36789.41294335502,0.9997123082433428,1,0
7709.0,1.0462769727291743,0.0,36789.53723027271,0.9997156856052364,1,0
7710.0,1.832649132366896,0.0,36781.67350867633,0.9995019975183784,1,0
7711.0,3.2308715286253573,0.0,36767.69128471374,0.9991220457802648,1,0
7712.0,1.521397296141913,0.0,36784.78602703858,0.9995865768217004,1,0
7713.0,2.213856861470049,0.0,36777.8614313853,0.9993984084615573,1,0
7714.0,2.5473048962148823,0.0,36774.52695103785,0.9993077975825504,1,0
7715.0,2.537114533984095,0.0,36774.62885466016,0.9993105667027216,1,0
7716.0,4.4172163739222015,0.0,36755.82783626078,0.9987996694636082,1,0
7717.0,2.178556964903692,0.0,36778.21443035096,0.9994080008247544,1,0
7718.0,1.0876825522809668,0.0,36789.1231744772,0.9997044340890542,1,0
7719.0,2.2414633704947846,0.0,36777.585366295054,0.9993909066928004,1,0
7720.0,2.565327714196428,0.0,36774.346722858034,0.999302900077664,1,0
7721.0,0.4262906693911645,0.0,36795.73709330609,0.9998841601441872,1,0
7722.0,1.958667063655412,0.0,36780.41332936344,0.999467753515311,1,0
7723.0,2.563420973772736,0.0,36774.36579026227,0.9993034182136488,1,0
7724.0,0.4859531791689733,0.0,36795.14046820831,0.9998679475056604,1,0
7725.0,0.0,0.0,36800.0,1.0,1,0
7726.0,1.4267050866737918,0.0,36785.732949133264,0.9996123084003604,1,0
7727.0,2.375652476045616,0.0,36776.24347523954,0.999354442261944,1,0
7728.0,1.0580160543313468,0.0,36789.419839456685,0.99971249563741,1,0
7729.0,0.1472019423545134,0.0,36798.52798057646,0.9999599994721864,1,0
7730.0,1.3215758029882636,0.0,36786.78424197012,0.9996408761404924,1,0
7731.0,0.6829188513329427,0.0,36793.17081148667,0.9998144242251812,1,0
7732.0,0.0,0.0,36800.0,1.0,1,0
7733.0,0.5019364590007172,0.0,36794.98063540999,0.9998636042230976,1,0
7734.0,2.171635623782094,0.0,36778.28364376218,0.9994098816239724,1,0
7735.0,3.7713047321831255,0.0,36762.28695267817,0.998975188931472,1,0
7736.0,0.5646542599142776,0.0,36794.35345740086,0.9998465613424148,1,0
7737.0,1.6950731156857728,0.0,36783.04926884314,0.99953938230552,1,0
7738.0,3.022100962849436,0.0,36769.7789903715,0.9991787769122692,1,0
7739.0,1.3497009146594792,0.0,36786.502990853405,0.9996332334471034,1,0
7740.0,2.399476392397446,0.0,36776.00523607602,0.9993479683716312,1,0
7741.0,1.96710633591556,0.0,36780.32893664084,0.9994654602348056,1,0
7742.0,1.3633384049871893,0.0,36786.36661595013,0.9996295276073404,1,0
7743.0,3.9180631634972087,0.0,36760.81936836503,0.9989353089229628,1,0
7744.0,0.6129304623163989,0.0,36793.870695376834,0.9998334428091532,1,0
7745.0,1.6908097098539656,0.0,36783.09190290146,0.9995405408397136,1,0
7746.0,2.008796787318716,0.0,36779.91203212681,0.9994541313077938,1,0
7747.0,1.5903433634794055,0.0,36784.0965663652,0.9995678414773153,1,0
7748.0,1.1455434951967618,0.0,36788.54456504803,0.99968871100674,1,0
7749.0,1.979459946885072,0.0,36780.20540053115,0.999462103275303,1,0
7750.0,3.1718223642174053,0.0,36768.28177635783,0.999138091748854,1,0
7751.0,2.128423461282182,0.0,36778.715765387176,0.999421624059434,1,0
7752.0,3.200260752741997,0.0,36767.99739247258,0.9991303639258852,1,0
7753.0,5.033746143955796,0.0,36749.66253856044,0.998632134200012,1,0
7754.0,4.591388160527458,0.0,36754.08611839473,0.9987523401737698,1,0
7755.0,2.931672755920772,0.0,36770.6832724408,0.9992033497945868,1,0
7756.0,3.1559404175286545,0.0,36768.44059582472,0.9991424074952368,1,0
7757.0,3.331743622706199,0.0,36766.68256377293,0.999094634885134,1,0
7758.0,1.6351049447184778,0.0,36783.648950552815,0.9995556780041526,1,0
7759.0,1.7288135269500344,0.0,36782.7118647305,0.9995302137155028,1,0
7760.0,1.8258429065681407,0.0,36781.74157093432,0.9995038470362586,1,0
7761.0,2.0623976070965,0.0,36779.37602392904,0.9994395658676368,1,0
7762.0,2.979208004701832,0.0,36770.20791995298,0.999190432607418,1,0
7763.0,3.217020354433771,0.0,36767.82979645566,0.9991258096862952,1,0
7764.0,4.625035340730392,0.0,36753.749646592696,0.9987431969182796,1,0
7765.0,2.2992318633769173,0.0,36777.00768136623,0.999375208732778,1,0
7766.0,0.6348018705166396,0.0,36793.65198129483,0.9998274994917072,1,0
7767.0,2.118582359975335,0.0,36778.81417640025,0.999424298271746,1,0
7768.0,0.8460140981142104,0.0,36791.539859018856,0.9997701048646428,1,0
7769.0,1.832815623953138,0.0,36781.67184376047,0.9995019522760998,1,0
7770.0,1.0230951107369035,0.0,36789.76904889263,0.9997219850242562,1,0
7771.0,0.2786692915797175,0.0,36797.2133070842,0.9999242746490272,1,0
7772.0,2.340231691651752,0.0,36776.59768308349,0.9993640674750948,1,0
7773.0,0.3855431035926813,0.0,36796.14456896408,0.9998952328522848,1,0
7774.0,0.4024319438885868,0.0,36795.97568056111,0.9998906434935084,1,0
7775.0,4.937634487498144,0.0,36750.62365512502,0.9986582514979624,1,0
7776.0,2.97417040619348,0.0,36770.25829593807,0.9991918015200562,1,0
7777.0,1.647445800690548,0.0,36783.52554199309,0.9995523245106818,1,0
7778.0,0.8461697274724429,0.0,36791.53830272528,0.9997700625740564,1,0
7779.0,1.824831438269939,0.0,36781.7516856173,0.9995041218917744,1,0
7780.0,2.195512726153538,0.0,36778.04487273847,0.9994033932809364,1,0
7781.0,1.194793117118934,0.0,36788.05206882881,0.9996753279573046,1,0
7782.0,0.6603395868078223,0.0,36793.39660413192,0.9998205598948892,1,0
7783.0,3.1878686313730213,0.0,36768.12131368627,0.9991337313501704,1,0
7784.0,3.0370360210927174,0.0,36769.62963978907,0.999174718472529,1,0
7785.0,1.4470850448533383,0.0,36785.52914955147,0.9996067703682464,1,0
7786.0,0.6790751464859568,0.0,36793.20924853514,0.999815468710194,1,0
7787.0,1.2585304919311966,0.0,36787.41469508069,0.999658008018497,1,0
7788.0,2.0376733811099257,0.0,36779.6232661889,0.9994462844073072,1,0
7789.0,1.8298379853495133,0.0,36781.7016201465,0.9995027614170244,1,0
7790.0,1.8672984491504396,0.0,36781.3270155085,0.9994925819431656,1,0
7791.0,1.9134020932951896,0.0,36780.86597906705,0.999480053778996,1,0
7792.0,2.615025590658661,0.0,36773.849744093415,0.9992893952199298,1,0
7793.0,0.9820740370623752,0.0,36790.179259629374,0.999733132055146,1,0
7794.0,1.2578319675412786,0.0,36787.42168032459,0.9996581978349072,1,0
7795.0,0.9013409005710856,0.0,36790.98659099429,0.9997550704074536,1,0
7796.0,1.5873434791765249,0.0,36784.12656520824,0.9995686566632672,1,0
7797.0,2.7755529805608603,0.0,36772.24447019439,0.9992457736465866,1,0
7798.0,1.317796036971231,0.0,36786.822039630286,0.999641903250823,1,0
7799.0,1.5361418217862592,0.0,36784.638581782136,0.9995825701571232,1,0
7800.0,1.2295045891278278,0.0,36787.70495410872,0.9996658954920848,1,0
7801.0,1.3802553909699782,0.0,36786.1974460903,0.99962493060028,1,0
7802.0,0.5438219292464055,0.0,36794.56178070753,0.9998522223018352,1,0
7803.0,0.8175404067969794,0.0,36791.824595932034,0.9997778422807618,1,0
7804.0,4.346645898328461,0.0,36756.53354101672,0.9988188462232804,1,0
7805.0,2.3222083822711284,0.0,36776.77791617729,0.9993689651135134,1,0
7806.0,4.612752183248631,0.0,36753.87247816751,0.9987465347328128,1,0
7807.0,2.6912401137951747,0.0,36773.08759886205,0.999268684751686,1,0
7808.0,1.5621596021219375,0.0,36784.37840397878,0.999575500108119,1,0
7809.0,4.183130699354479,0.0,36758.16869300645,0.9988632797012624,1,0
7810.0,3.83652277319834,0.0,36761.634772268015,0.9989574666377178,1,0
7811.0,1.4868826432639253,0.0,36785.13117356736,0.9995959558034608,1,0
7812.0,0.1805687756150291,0.0,36798.19431224385,0.9999509323979308,1,0
7813.0,1.2691233300483873,0.0,36787.30876669951,0.999655129529878,1,0
7814.0,1.1544782075197872,0.0,36788.4552179248,0.9996862830957826,1,0
7815.0,4.291795794945756,0.0,36757.08204205054,0.9988337511426776,1,0
7816.0,2.620447158275056,0.0,36773.79552841725,0.99928792196786,1,0
7817.0,0.6779539486669819,0.0,36793.22046051333,0.9998157733835144,1,0
7818.0,3.522630677788584,0.0,36764.77369322212,0.9990427634027748,1,0
7819.0,3.4416031319042304,0.0,36765.58396868096,0.9990647817576348,1,0
7820.0,2.9810243476249525,0.0,36770.18975652375,0.9991899390359716,1,0
7821.0,1.3148187705392047,0.0,36786.85181229461,0.9996427122906144,1,0
7822.0,1.7600301131506058,0.0,36782.399698868496,0.9995217309475136,1,0
7823.0,2.492373524629329,0.0,36775.076264753705,0.9993227245856984,1,0
7824.0,1.7826444467191322,0.0,36782.173555532805,0.999515585748174,1,0
7825.0,1.7333019589796097,0.0,36782.666980410206,0.999528994032886,1,0
7826.0,0.763870008210688,0.0,36792.361299917895,0.9997924266282036,1,0
7827.0,3.896214086701548,0.0,36761.037859132986,0.998941246172092,1,0
7828.0,2.4735944269541505,0.0,36775.264055730455,0.9993278276013712,1,0
7829.0,1.226277830332947,0.0,36787.73722169667,0.9996667723287138,1,0
7830.0,0.6524207634038248,0.0,36793.47579236596,0.9998227117490752,1,0
7831.0,1.7561092712503523,0.0,36782.4389072875,0.999522796393682,1,0
7832.0,1.6310802245943703,0.0,36783.68919775406,0.9995567716780994,1,0
7833.0,2.986737247326346,0.0,36770.132627526735,0.9991883866175744,1,0
7834.0,3.0070412692102764,0.0,36769.929587307895,0.9991828692203232,1,0
7835.0,1.9458820077179555,0.0,36780.54117992282,0.999471227715294,1,0
7836.0,1.1779814350102242,0.0,36788.2201856499,0.999679896349182,1,0
7837.0,2.227801165961864,0.0,36777.72198834038,0.99939461924838,1,0
7838.0,0.2869372810828281,0.0,36797.13062718917,0.9999220279127492,1,0
7839.0,0.0246374857297269,0.0,36799.7536251427,0.9999933050310515,1,0
7840.0,1.8237361038545716,0.0,36781.76263896145,0.999504419536996,1,0
7841.0,1.240023049451338,0.0,36787.59976950548,0.9996630372148227,1,0
7842.0,2.356515417852279,0.0,36776.43484582148,0.9993596425494968,1,0
7843.0,1.988808702722963,0.0,36780.11191297277,0.999459562852521,1,0
7844.0,4.177050911564948,0.0,36758.22949088435,0.9988649318175096,1,0
7845.0,0.7092704136348402,0.0,36792.90729586365,0.9998072634745558,1,0
7846.0,0.6987337678974654,0.0,36793.01266232102,0.999810126693506,1,0
7847.0,0.732301320696024,0.0,36792.67698679304,0.999801005075898,1,0
7848.0,1.509088641467315,0.0,36784.90911358532,0.9995899215648184,1,0
7849.0,1.3232141023627264,0.0,36786.767858976375,0.999640430950445,1,0
7850.0,2.186095524565644,0.0,36778.139044754345,0.9994059523031072,1,0
7851.0,2.3013849147682777,0.0,36776.98615085232,0.9993746236644652,1,0
7852.0,2.916158243913742,0.0,36770.83841756087,0.9992075656945888,1,0
7853.0,0.0475239658899226,0.0,36799.5247603411,0.999987085878834,1,0
7854.0,0.1330060463951667,0.0,36798.66993953605,0.99996385705261,1,0
7855.0,2.746529681082393,0.0,36772.53470318917,0.9992536604127492,1,0
7856.0,0.123091557801672,0.0,36798.76908442198,0.9999665512071192,1,0
7857.0,1.773004197643786,0.0,36782.26995802357,0.999518205381075,1,0
7858.0,3.1416653118076283,0.0,36768.583346881926,0.9991462866000524,1,0
7859.0,2.7153697492212814,0.0,36772.84630250779,0.9992621277855376,1,0
7860.0,1.3821724926356185,0.0,36786.178275073646,0.9996244096487404,1,0
7861.0,0.0,0.0,36800.0,1.0,1,0
7862.0,0.9761788427140344,0.0,36790.23821157286,0.999734734010132,1,0
7863.0,1.6966627018837244,0.0,36783.03337298116,0.999538950352749,1,0
7864.0,2.1607401919891345,0.0,36778.39259808011,0.9994128423391332,1,0
7865.0,2.6474302371934755,0.0,36773.52569762807,0.9992805896094584,1,0
7866.0,3.4675402150933223,0.0,36765.32459784907,0.9990577336372028,1,0
7867.0,1.0713844703559516,0.0,36789.28615529644,0.999708862915664,1,0
7868.0,0.7281764955778272,0.0,36792.71823504422,0.9998021259522888,1,0
7869.0,2.565292614374812,0.0,36774.347073856254,0.999302909615659,1,0
7870.0,2.78507813019678,0.0,36772.14921869803,0.9992431852907074,1,0
7871.0,1.5413943458797803,0.0,36784.5860565412,0.9995811428407936,1,0
7872.0,3.1793081929736218,0.0,36768.20691807027,0.9991360575562572,1,0
7873.0,1.5441240100672076,0.0,36784.55875989933,0.999580401084221,1,0
7874.0,0.6761004536656401,0.0,36793.23899546334,0.9998162770506344,1,0
7875.0,0.952339864894384,0.0,36790.47660135105,0.9997412119932352,1,0
7876.0,2.2772761597962017,0.0,36777.22723840204,0.9993811749565772,1,0
7877.0,2.83257888126991,0.0,36771.6742111873,0.9992302774779158,1,0
7878.0,2.802438047443502,0.0,36771.97561952556,0.9992384679218904,1,0
7879.0,2.1030924621818485,0.0,36778.96907537818,0.9994285074831027,1,0
7880.0,0.8293993697534461,0.0,36791.70600630247,0.9997746197364802,1,0
7881.0,1.5168397068473496,0.0,36784.831602931525,0.9995878152970524,1,0
7882.0,2.6849994137710382,0.0,36773.15000586229,0.999270380594084,1,0
7883.0,2.554980826758765,0.0,36774.45019173241,0.9993057117318588,1,0
7884.0,1.475427267190753,0.0,36785.24572732809,0.9995990686773936,1,0
7885.0,0.0,0.0,36800.0,1.0,1,0
7886.0,0.7779234153085781,0.0,36792.22076584691,0.9997886077675792,1,0
7887.0,0.3409270095908141,0.0,36796.59072990409,0.999907356790872,1,0
7888.0,0.9868862135608653,0.0,36790.13113786439,0.9997318243984888,1,0
7889.0,1.94113647584436,0.0,36780.58863524156,0.9994725172619988,1,0
7890.0,3.848429369399128,0.0,36761.51570630601,0.99895423114962,1,0
7891.0,3.125789712792539,0.0,36768.74210287207,0.9991506006215236,1,0
7892.0,0.9958734870415356,0.0,36790.04126512959,0.9997293822046084,1,0
7893.0,1.08307747546678,0.0,36789.169225245336,0.9997056854686232,1,0
7894.0,4.20452949180617,0.0,36757.95470508194,0.9988574648120092,1,0
7895.0,2.8693970895528764,0.0,36771.30602910447,0.9992202725300128,1,0
7896.0,0.9316991634741498,0.0,36790.68300836526,0.9997468208794908,1,0
7897.0,1.6245469799541752,0.0,36783.75453020046,0.9995585470163167,1,0
7898.0,1.3007253670302816,0.0,36786.9927463297,0.9996465420198288,1,0
7899.0,0.9989962470499448,0.0,36790.0100375295,0.999728533628519,1,0
7900.0,3.669968420331315,0.0,36763.30031579669,0.999002725972736,1,0
7901.0,0.8225872868069928,0.0,36791.77412713193,0.9997764708459764,1,0
7902.0,1.028280150444516,0.0,36789.71719849556,0.9997205760460748,1,0
7903.0,0.5172584665406248,0.0,36794.82741533459,0.9998594406340922,1,0
7904.0,1.4844170408196078,0.0,36785.15582959181,0.9995966258041252,1,0
7905.0,1.4802670877452329,0.0,36785.197329122544,0.9995977535087648,1,0
7906.0,4.396452076150126,0.0,36756.0354792385,0.9988053119358288,1,0
7907.0,1.622114923483423,0.0,36783.77885076517,0.9995592079012272,1,0
7908.0,0.6494346136860258,0.0,36793.50565386314,0.9998235232028028,1,0
7909.0,0.4794497526299892,0.0,36795.2055024737,0.9998697147411332,1,0
7910.0,2.9225714215972403,0.0,36770.77428578403,0.9992058229832615,1,0
7911.0,3.0444528854914097,0.0,36769.55547114508,0.9991727030202469,1,0
7912.0,2.999645542437065,0.0,36770.00354457563,0.9991848789286856,1,0
7913.0,0.920867534797253,0.0,36790.791324652026,0.9997497642568484,1,0
7914.0,0.0,0.0,36800.0,1.0,1,0
7915.0,0.1200183809523878,0.0,36798.79981619048,0.9999673863095238,1,0
7916.0,1.8821506387375848,0.0,36781.17849361262,0.999488546022082,1,0
7917.0,1.1652532579828403,0.0,36788.34746742017,0.9996833550929396,1,0
7918.0,0.9471260178825104,0.0,36790.52873982117,0.9997426287994884,1,0
7919.0,0.8919275912603553,0.0,36791.0807240874,0.9997576283719402,1,0
7920.0,1.0677035878579773,0.0,36789.32296412142,0.9997098631554734,1,0
7921.0,1.6553302264319427,0.0,36783.44669773568,0.999550182003687,1,0
7922.0,0.9514102465473117,0.0,36790.48589753453,0.9997414646069164,1,0
7923.0,2.6530348312944625,0.0,36773.46965168705,0.9992790666219308,1,0
7924.0,2.2652340416170773,0.0,36777.34765958383,0.9993844472712996,1,0
7925.0,2.280319121951834,0.0,36777.196808780485,0.9993803480646872,1,0
7926.0,3.051080866384837,0.0,36769.48919133615,0.9991709019384823,1,0
7927.0,1.0942784786057018,0.0,36789.05721521394,0.9997026417177702,1,0
7928.0,0.0,0.0,36800.0,1.0,1,0
7929.0,0.561441416717571,0.0,36794.38558583282,0.9998474343976312,1,0
7930.0,2.07229245227154,0.0,36779.27707547729,0.9994368770510133,1,0
7931.0,2.5291443653450187,0.0,36774.70855634655,0.9993127325094172,1,0
7932.0,1.3007254585236296,0.0,36786.99274541476,0.9996465419949664,1,0
7933.0,0.779325393248655,0.0,36792.20674606752,0.999788226795313,1,0
7934.0,0.7685619024941843,0.0,36792.31438097506,0.999791151656931,1,0
7935.0,1.5054570204392803,0.0,36784.94542979561,0.999590908418359,1,0
7936.0,1.300391899349961,0.0,36786.9960810065,0.9996466326360464,1,0
7937.0,1.2071394794938897,0.0,36787.92860520506,0.9996719729675289,1,0
7938.0,2.105283246347426,0.0,36778.94716753653,0.9994279121613188,1,0
7939.0,0.8928738039321615,0.0,36791.07126196068,0.9997573712489316,1,0
7940.0,0.7344795264434651,0.0,36792.655204735565,0.999800413172162,1,0
7941.0,1.8516747081139329,0.0,36781.48325291886,0.9994968275249688,1,0
7942.0,2.7185863915246955,0.0,36772.81413608475,0.9992612536979552,1,0
7943.0,2.014463920263552,0.0,36779.855360797366,0.9994525913260154,1,0
7944.0,2.021655183549228,0.0,36779.78344816451,0.9994506371783834,1,0
7945.0,0.6729913999288328,0.0,36793.27008600071,0.9998171219021932,1,0
7946.0,1.0458035188648864,0.0,36789.54196481135,0.999715814261178,1,0
7947.0,2.189654284050448,0.0,36778.10345715949,0.9994049852488992,1,0
7948.0,1.7483718323474022,0.0,36782.51628167652,0.9995248989586012,1,0
7949.0,0.1720189522811779,0.0,36798.27981047719,0.9999532557194888,1,0
7950.0,2.264656747225672,0.0,36777.35343252774,0.9993846041447756,1,0
7951.0,1.7088630213347642,0.0,36782.911369786656,0.9995356350485504,1,0
7952.0,0.8859982603244134,0.0,36791.14001739676,0.9997592396031728,1,0
7953.0,0.0180420637589122,0.0,36799.81957936241,0.9999950972652828,1,0
7954.0,2.835686357245322,0.0,36771.64313642755,0.9992294330550964,1,0
7955.0,2.6410812503891066,0.0,36773.58918749611,0.9992823148776117,1,0
7956.0,3.4153673540558884,0.0,36765.84632645944,0.9990719110450934,1,0
7957.0,4.376276775884435,0.0,36756.237232241154,0.9988107943543792,1,0
7958.0,3.716968274955434,0.0,36762.830317250446,0.99898995427311,1,0
7959.0,1.02016563347388,0.0,36789.79834366526,0.9997227810778604,1,0
7960.0,2.480314615258066,0.0,36775.19685384742,0.999326001463245,1,0
7961.0,4.965750506953555,0.0,36750.34249493046,0.9986506112752844,1,0
7962.0,1.2952100009342755,0.0,36787.047899990655,0.9996480407606156,1,0
7963.0,1.6606560411873943,0.0,36783.39343958812,0.9995487347714164,1,0
7964.0,3.113728137115686,0.0,36768.86271862884,0.99915387822361,1,0
7965.0,0.5055481466097262,0.0,36794.9445185339,0.9998626227862472,1,0
7966.0,0.8584955458345576,0.0,36791.41504454165,0.9997667131668928,1,0
7967.0,4.569650800463933,0.0,36754.30349199536,0.9987582470650914,1,0
7968.0,1.2660066513117272,0.0,36787.33993348688,0.9996559764534478,1,0
7969.0,1.3159236212177348,0.0,36786.84076378783,0.9996424120594518,1,0
7970.0,1.515375334921373,0.0,36784.846246650784,0.999588213224206,1,0
7971.0,0.9480734432772806,0.0,36790.51926556723,0.9997423713469356,1,0
7972.0,4.284662706463678,0.0,36757.15337293536,0.9988356894819392,1,0
7973.0,3.621410847847983,0.0,36763.78589152152,0.9990159209652586,1,0
7974.0,1.0299940016157052,0.0,36789.70005998384,0.999720110325648,1,0
7975.0,2.640667744345592,0.0,36773.59332255655,0.9992824272433845,1,0
7976.0,1.103811453683193,0.0,36788.96188546317,0.9997000512354124,1,0
7977.0,0.8831931281329162,0.0,36791.168068718674,0.9997600018673553,1,0
7978.0,2.105294639942258,0.0,36778.947053600576,0.999427909065233,1,0
7979.0,3.805237851131096,0.0,36761.94762148869,0.998965967975236,1,0
7980.0,0.7520112129959671,0.0,36792.47988787004,0.9997956491269032,1,0
7981.0,0.6756132220061772,0.0,36793.24386777994,0.9998164094505416,1,0
7982.0,2.265748353453091,0.0,36777.34251646547,0.9993843075126486,1,0
7983.0,4.6466644208867365,0.0,36753.533355791136,0.998737319450846,1,0
7984.0,1.1432841437108436,0.0,36788.56715856289,0.999689324960948,1,0
7985.0,3.5583296078775675,0.0,36764.416703921226,0.9990330626065552,1,0
7986.0,1.8026442735936143,0.0,36781.973557264064,0.9995101510126104,1,0
7987.0,2.2758388746897253,0.0,36777.24161125311,0.9993815655231822,1,0
7988.0,2.0621996949848835,0.0,36779.37800305015,0.999439619648102,1,0
7989.0,1.5822620760991413,0.0,36784.17737923901,0.9995700374793208,1,0
7990.0,0.7322873626262663,0.0,36792.67712637374,0.9998010088688516,1,0
7991.0,1.1459837447564496,0.0,36788.54016255244,0.9996885913737076,1,0
7992.0,3.698226071285717,0.0,36763.01773928714,0.9989950472632376,1,0
7993.0,2.846129709505476,0.0,36771.53870290495,0.9992265951876343,1,0
7994.0,1.9554417134204412,0.0,36780.4455828658,0.9994686299691792,1,0
7995.0,0.0,0.0,36800.0,1.0,1,0
7996.0,0.0,0.0,36800.0,1.0,1,0
7997.0,0.0,0.0,36800.0,1.0,1,0
7998.0,0.8280837646952932,0.0,36791.719162353045,0.9997749772378544,1,0
7999.0,1.782459030910104,0.0,36782.1754096909,0.9995156361329048,1,0
8000.0,2.3440756037507526,0.0,36776.55924396249,0.9993630229337632,1,0
8001.0,3.1435449541613707,0.0,36768.56455045839,0.9991457758276736,1,0
8002.0,2.8219793542521074,0.0,36771.78020645748,0.9992331577841708,1,0
8003.0,2.604057380197446,0.0,36773.95942619802,0.9992923757119028,1,0
8004.0,0.4965055760303585,0.0,36795.0349442397,0.9998650800065136,1,0
8005.0,1.1680555222910698,0.0,36788.31944477709,0.999682593608073,1,0
8006.0,1.8359686690519084,0.0,36781.64031330948,0.9995010954703664,1,0
8007.0,1.4924029882367904,0.0,36785.07597011763,0.9995944557097182,1,0
8008.0,4.15687365912072,0.0,36758.43126340879,0.9988704147665431,1,0
8009.0,2.575142417670577,0.0,36774.248575823294,0.9993002330386764,1,0
8010.0,1.866193992494118,0.0,36781.33806007506,0.9994928820672572,1,0
8011.0,1.8455634807778551,0.0,36781.54436519223,0.9994984881845712,1,0
8012.0,2.860426420330441,0.0,36771.39573579669,0.9992227102118668,1,0
8013.0,2.115016838498377,0.0,36778.84983161501,0.9994252671634516,1,0
8014.0,2.611609342326119,0.0,36773.88390657674,0.999290323548281,1,0
8015.0,2.296821862869365,0.0,36777.031781371305,0.9993758636242204,1,0
8016.0,0.8467245291321888,0.0,36791.53275470868,0.9997699118127358,1,0
8017.0,2.0857392627749505,0.0,36779.142607372254,0.99943322302642,1,0
8018.0,2.8349690987606664,0.0,36771.6503090124,0.9992296279622932,1,0
8019.0,2.5710988753053243,0.0,36774.28901124695,0.9993013318273628,1,0
8020.0,1.889103155886005,0.0,36781.10896844114,0.999486656751118,1,0
8021.0,0.7495671284495984,0.0,36792.50432871551,0.9997963132803128,1,0
8022.0,0.2526690092126955,0.0,36797.47330990787,0.9999313399431488,1,0
8023.0,1.00753481972788,0.0,36789.92465180272,0.9997262133642044,1,0
8024.0,0.9958257181642692,0.0,36790.04174281836,0.9997293951852816,1,0
8025.0,2.4528417947858543,0.0,36775.47158205214,0.9993334669035908,1,0
8026.0,3.83213938010158,0.0,36761.67860619898,0.9989586577771464,1,0
8027.0,1.6974376984171613,0.0,36783.02562301583,0.9995387397558648,1,0
8028.0,2.5850509834617696,0.0,36774.14949016538,0.9992975404936244,1,0
8029.0,0.4462989091189229,0.0,36795.53701090881,0.999878723122522,1,0
8030.0,3.397386231267774,0.0,36766.02613768733,0.9990767972197644,1,0
8031.0,1.830037707407428,0.0,36781.69962292592,0.9995027071447262,1,0
8032.0,2.383746339433856,0.0,36776.16253660566,0.9993522428425452,1,0
8033.0,1.7842486822992214,0.0,36782.15751317701,0.9995151498145926,1,0
8034.0,5.0846380746243085,0.0,36749.15361925376,0.998618304871026,1,0
8035.0,2.0658432041436754,0.0,36779.34156795856,0.9994386295640912,1,0
8036.0,0.4768034261624052,0.0,36795.23196573838,0.9998704338515864,1,0
8037.0,1.0709794372369288,0.0,36789.29020562763,0.9997089729790116,1,0
8038.0,1.9413668065535603,0.0,36780.586331934464,0.9994724546721322,1,0
8039.0,1.3595540921678548,0.0,36786.40445907832,0.9996305559532151,1,0
8040.0,1.2626904285407363,0.0,36787.37309571459,0.99965687760094,1,0
8041.0,5.889554413565747,0.0,36741.10445586434,0.9983995776050092,1,0
8042.0,2.3499291687139703,0.0,36776.50070831286,0.9993614322911104,1,0
8043.0,1.2037325084775148,0.0,36787.96267491522,0.9996728987748702,1,0
8044.0,1.5924903696341062,0.0,36784.075096303655,0.9995672580517296,1,0
8045.0,3.344917072406133,0.0,36766.55082927594,0.999091055143368,1,0
8046.0,1.0294748330388757,0.0,36789.70525166961,0.9997202514040656,1,0
8047.0,3.6378739218007463,0.0,36763.62126078199,0.9990114473038584,1,0
8048.0,1.6141197573879251,0.0,36783.85880242612,0.9995613805007098,1,0
8049.0,0.7449573136163963,0.0,36792.55042686383,0.9997975659473868,1,0
8050.0,1.4676370925544688,0.0,36785.32362907445,0.9996011855726754,1,0
8051.0,1.3063229264816982,0.0,36786.93677073519,0.9996450209438908,1,0
8052.0,2.114567508631808,0.0,36778.854324913686,0.9994253892639589,1,0
8053.0,1.3211616504358972,0.0,36786.788383495645,0.9996409886819468,1,0
8054.0,1.8008854602430802,0.0,36781.991145397566,0.9995106289510208,1,0
8055.0,0.3769998325624328,0.0,36796.230001674376,0.9998975543933254,1,0
8056.0,3.466844150266297,0.0,36765.33155849734,0.9990579227852536,1,0
8057.0,1.474723458105473,0.0,36785.25276541895,0.9995992599298626,1,0
8058.0,2.429250829299235,0.0,36775.707491707006,0.9993398774920382,1,0
8059.0,1.5078298146563611,0.0,36784.92170185344,0.9995902636373216,1,0
8060.0,1.1914276145043914,0.0,36788.08572385496,0.9996762424960588,1,0
8061.0,2.4803388673472,0.0,36775.19661132653,0.9993259948730036,1,0
8062.0,0.5430519542196635,0.0,36794.5694804578,0.9998524315341794,1,0
8063.0,1.5495516249593493,0.0,36784.50448375041,0.9995789261888698,1,0
8064.0,0.0,0.0,36800.0,1.0,1,0
8065.0,0.4373636133323089,0.0,36795.62636386668,0.9998811511920294,1,0
8066.0,4.133982018959614,0.0,36758.6601798104,0.9988766353209348,1,0
8067.0,3.1025860042991558,0.0,36768.974139957005,0.9991569059770924,1,0
8068.0,2.227015686486084,0.0,36777.72984313514,0.9993948326938896,1,0
8069.0,1.945895624500736,0.0,36780.541043754994,0.9994712240150814,1,0
8070.0,2.9556243102524604,0.0,36770.44375689748,0.99919684122004,1,0
8071.0,1.725126298520081,0.0,36782.7487370148,0.99953121567975,1,0
8072.0,1.0741174788017815,0.0,36789.25882521198,0.9997081202503256,1,0
8073.0,2.622080525185993,0.0,36773.77919474814,0.999287478118156,1,0
8074.0,1.813403674347683,0.0,36781.865963256525,0.9995072272624056,1,0
8075.0,1.5471147361176918,0.0,36784.528852638825,0.9995795883869246,1,0
8076.0,1.746445910753209,0.0,36782.53554089247,0.9995254223068604,1,0
8077.0,1.8793504762943485,0.0,36781.20649523706,0.9994893069357896,1,0
8078.0,0.8304807491831525,0.0,36791.69519250817,0.999774325883374,1,0
8079.0,0.350363766371629,0.0,36796.496362336286,0.9999047924547904,1,0
8080.0,2.4079470015913103,0.0,36775.92052998408,0.9993456665756544,1,0
8081.0,1.9053676239891504,0.0,36780.94632376011,0.9994822370586988,1,0
8082.0,3.633974087979368,0.0,36763.66025912021,0.99901250704131,1,0
8083.0,1.7169275046926489,0.0,36782.83072495308,0.9995334436128552,1,0
8084.0,0.1492289471270851,0.0,36798.50771052873,0.999959448655672,1,0
8085.0,2.4168987769680825,0.0,36775.83101223032,0.999343234027998,1,0
8086.0,2.314890140236457,0.0,36776.85109859763,0.99937095376624,1,0
8087.0,2.648208274731587,0.0,36773.51791725269,0.9992803781862144,1,0
8088.0,2.6303184196649454,0.0,36773.69681580335,0.9992852395598736,1,0
8089.0,1.4423546074003752,0.0,36785.576453926,0.9996080558132064,1,0
8090.0,2.141038861861489,0.0,36778.58961138139,0.9994181959614508,1,0
8091.0,2.1550245882563104,0.0,36778.44975411744,0.9994143954923216,1,0
8092.0,2.1679699027918105,0.0,36778.32030097208,0.9994108777438064,1,0
8093.0,0.9585109802401348,0.0,36790.4148901976,0.9997395350597174,1,0
8094.0,0.7928225104624289,0.0,36792.071774895376,0.999784559100418,1,0
8095.0,1.488456465982381,0.0,36785.11543534018,0.999595528134244,1,0
8096.0,1.7244375257341744,0.0,36782.755624742655,0.9995314028462676,1,0
8097.0,0.0,0.0,36800.0,1.0,1,0
8098.0,1.3922793739093322,0.0,36786.0772062609,0.9996216632136116,1,0
8099.0,0.8319314924165155,0.0,36791.68068507584,0.9997739316596694,1,0
8100.0,2.259749615628607,0.0,36777.40250384371,0.9993859376044486,1,0
8101.0,1.4799188076767678,0.0,36785.200811923234,0.999597848150088,1,0
8102.0,0.8460220406668668,0.0,36791.53977959333,0.9997701027063404,1,0
8103.0,5.509708134328321,0.0,36744.90291865672,0.9985027967026284,1,0
8104.0,2.56126768127524,0.0,36774.38732318725,0.9993040033474796,1,0
8105.0,0.8725374549612752,0.0,36791.27462545039,0.999762897430717,1,0
8106.0,0.6110938656047438,0.0,36793.88906134395,0.9998339418843464,1,0
8107.0,1.6631453011304984,0.0,36783.3685469887,0.9995480583420842,1,0
8108.0,0.0,0.0,36800.0,1.0,1,0
8109.0,0.0,0.0,36800.0,1.0,1,0
8110.0,0.5360329793511482,0.0,36794.63967020649,0.9998543388643067,1,0
8111.0,1.098550272689863,0.0,36789.0144972731,0.9997014809041604,1,0
8112.0,0.8375939655124967,0.0,36791.62406034488,0.9997723929441542,1,0
8113.0,1.894155974552632,0.0,36781.05844025448,0.9994852837025672,1,0
8114.0,0.6413205051776458,0.0,36793.58679494822,0.9998257281235928,1,0
8115.0,0.2579369917903023,0.0,36797.420630082095,0.999929908426144,1,0
8116.0,1.4638055341147265,0.0,36785.36194465886,0.999602226757034,1,0
8117.0,1.309443945446219,0.0,36786.905560545536,0.9996441728409112,1,0
8118.0,2.21344666330424,0.0,36777.86553336696,0.99939851992845,1,0
8119.0,3.0840847908548312,0.0,36769.15915209145,0.999161933480746,1,0
8120.0,3.053855379108427,0.0,36769.46144620892,0.9991701479948076,1,0
8121.0,1.4305888210792546,0.0,36785.694111789206,0.99961125303775,1,0
8122.0,2.1298250638192258,0.0,36778.70174936181,0.9994212431891796,1,0
8123.0,1.0794548740204846,0.0,36789.2054512598,0.9997066698711902,1,0
8124.0,1.398504705839514,0.0,36786.01495294161,0.9996199715473264,1,0
8125.0,3.773513710784755,0.0,36762.26486289215,0.9989745886655476,1,0
8126.0,1.1992487550869555,0.0,36788.00751244913,0.9996741171861177,1,0
8127.0,2.172831076991315,0.0,36778.27168923009,0.9994095567725568,1,0
8128.0,1.3307856321216605,0.0,36786.69214367878,0.999638373469532,1,0
8129.0,2.158615032893067,0.0,36778.413849671066,0.999413419828018,1,0
8130.0,0.98790158425345,0.0,36790.12098415747,0.99973154848254,1,0
8131.0,0.9117628448357208,0.0,36790.88237155164,0.9997522383573816,1,0
8132.0,2.958479877376704,0.0,36770.41520122624,0.9991960652507128,1,0
8133.0,1.825101156520759,0.0,36781.74898843479,0.9995040485987714,1,0
8134.0,1.3126751847576088,0.0,36786.87324815242,0.9996432947867504,1,0
8135.0,0.7713640347546971,0.0,36792.286359652455,0.9997903902079472,1,0
8136.0,3.850495825585313,0.0,36761.49504174414,0.9989536696126126,1,0
8137.0,0.8560056816077122,0.0,36791.43994318393,0.9997673897604328,1,0
8138.0,4.356343265003488,0.0,36756.43656734996,0.9988162110692924,1,0
8139.0,2.5780371948139877,0.0,36774.21962805186,0.9992994464144528,1,0
8140.0,1.3849449196914063,0.0,36786.15055080308,0.9996236562718228,1,0
8141.0,1.2262155136131696,0.0,36787.73784486387,0.9996667892626052,1,0
8142.0,2.896098622080899,0.0,36771.03901377919,0.9992130166787824,1,0
8143.0,2.088487242474912,0.0,36779.11512757525,0.9994324762928056,1,0
8144.0,0.9255899060963202,0.0,36790.74410093904,0.9997484810037782,1,0
8145.0,2.099499318243943,0.0,36779.00500681756,0.999429483880912,1,0
8146.0,1.321701100168866,0.0,36786.78298899831,0.9996408420923454,1,0
8147.0,1.753510777693009,0.0,36782.46489222307,0.9995235025060616,1,0
8148.0,0.9315036562202296,0.0,36790.6849634378,0.999746874006462,1,0
8149.0,2.614836311770887,0.0,36773.85163688229,0.99928944665441,1,0
8150.0,2.2109486106346594,0.0,36777.89051389365,0.99939919874711,1,0
8151.0,2.31706849350212,0.0,36776.82931506498,0.999370361822418,1,0
8152.0,2.0624184459675234,0.0,36779.37581554033,0.9994395602049002,1,0
8153.0,0.942823194954144,0.0,36790.57176805046,0.9997437980448496,1,0
8154.0,0.868120159369937,0.0,36791.3187984063,0.99976409778278,1,0
8155.0,0.9218056851632356,0.0,36790.781943148366,0.999749509324684,1,0
8156.0,1.0815730770636949,0.0,36789.184269229365,0.9997060942725372,1,0
8157.0,0.9830067071980012,0.0,36790.16993292802,0.9997328786121744,1,0
8158.0,1.4260097636306457,0.0,36785.7399023637,0.9996124973468395,1,0
8159.0,2.6086615213689583,0.0,36773.91338478631,0.9992911245865844,1,0
8160.0,2.4628930239896363,0.0,36775.371069760105,0.9993307355913073,1,0
8161.0,1.3226549903720295,0.0,36786.77345009628,0.9996405828830512,1,0
8162.0,1.8942517785662856,0.0,36781.05748221434,0.999485257668868,1,0
8163.0,2.123372377089254,0.0,36778.76627622911,0.9994229966366606,1,0
8164.0,0.3319014165545013,0.0,36796.68098583446,0.9999098093976756,1,0
8165.0,3.103070244991613,0.0,36768.96929755008,0.999156774389948,1,0
8166.0,0.7690404077648054,0.0,36792.30959592235,0.9997910216283248,1,0
8167.0,0.8892176928648041,0.0,36791.10782307136,0.9997583647573738,1,0
8168.0,0.1122201734451664,0.0,36798.877798265545,0.9999695053876508,1,0
8169.0,0.4053094833216164,0.0,36795.946905166784,0.9998898615534452,1,0
8170.0,1.8260920065486064,0.0,36781.73907993452,0.9995037793460466,1,0
8171.0,2.911843651510935,0.0,36770.88156348489,0.9992087381381762,1,0
8172.0,3.642026308627465,0.0,36763.57973691373,0.9990103189378732,1,0
8173.0,0.2265858053424381,0.0,36797.734141946574,0.9999384277702872,1,0
8174.0,0.8598494299358208,0.0,36791.40150570064,0.9997663452636044,1,0
8175.0,1.4824735877318744,0.0,36785.17526412268,0.9995971539163772,1,0
8176.0,2.3865432037409846,0.0,36776.13456796259,0.9993514828250704,1,0
8177.0,1.227581911557536,0.0,36787.72418088443,0.999666417958816,1,0
8178.0,1.292775660694133,0.0,36787.07224339306,0.9996487022661156,1,0
8179.0,1.7625204477890293,0.0,36782.37479552211,0.9995210542261443,1,0
8180.0,0.7901775780455864,0.0,36792.098224219546,0.9997852778320528,1,0
8181.0,2.2618350143384305,0.0,36777.381649856616,0.9993853709200168,1,0
8182.0,2.372868710480361,0.0,36776.2713128952,0.999355198719978,1,0
8183.0,3.588620838371753,0.0,36764.11379161629,0.9990248312939208,1,0
8184.0,0.7045180041150161,0.0,36792.954819958846,0.999808554890186,1,0
8185.0,1.811291778912164,0.0,36781.88708221088,0.9995078011470347,1,0
8186.0,1.4287592182263325,0.0,36785.71240781774,0.9996117502124384,1,0
8187.0,1.8555880129079012,0.0,36781.444119870925,0.9994957641269272,1,0
8188.0,3.697257957706825,0.0,36763.027420422935,0.9989953103375796,1,0
8189.0,3.906171986735899,0.0,36760.93828013264,0.9989385402209956,1,0
8190.0,2.73352763911862,0.0,36772.66472360882,0.9992571935763266,1,0
8191.0,2.571117240692729,0.0,36774.28882759308,0.9993013268367684,1,0
8192.0,0.704954841567087,0.0,36792.95045158433,0.9998084361843568,1,0
8193.0,1.2510509904423088,0.0,36787.48949009558,0.9996600404917276,1,0
8194.0,0.3645341720912256,0.0,36796.35465827909,0.999900941801062,1,0
8195.0,0.9446782911763876,0.0,36790.55321708824,0.9997432939426152,1,0
8196.0,1.0577787533256924,0.0,36789.42221246674,0.9997125601213788,1,0
8197.0,1.0844529961541411,0.0,36789.15547003846,0.9997053116858275,1,0
8198.0,1.982852512086538,0.0,36780.171474879135,0.9994611813825852,1,0
8199.0,4.0562488228788425,0.0,36759.43751177121,0.9988977584720438,1,0
8200.0,1.6137500686727435,0.0,36783.86249931327,0.9995614809595996,1,0
8201.0,2.1481599219696363,0.0,36778.5184007803,0.9994162608907692,1,0
8202.0,2.8648807025583665,0.0,36771.35119297441,0.9992214998090873,1,0
8203.0,3.6331125854721904,0.0,36763.66887414528,0.9990127411452522,1,0
8204.0,1.2148125202656956,0.0,36787.85187479734,0.9996698879021018,1,0
8205.0,2.337811840388895,0.0,36776.62188159611,0.9993647250433726,1,0
8206.0,2.8847337460410927,0.0,36771.15266253959,0.999216104960315,1,0
8207.0,2.9472404614170955,0.0,36770.52759538583,0.9991991194398324,1,0
8208.0,0.3954388124038814,0.0,36796.04561187596,0.9998925438009773,1,0
8209.0,1.6610346141660557,0.0,36783.389653858336,0.9995486318983244,1,0
8210.0,1.9253562127014447,0.0,36780.746437872986,0.9994768053769834,1,0
8211.0,3.097900174476308,0.0,36769.02099825523,0.999158179300414,1,0
8212.0,1.9967755963516536,0.0,36780.03224403648,0.999457397935774,1,0
8213.0,1.3908564644498256,0.0,36786.0914353555,0.9996220498737908,1,0
8214.0,2.4500152345372044,0.0,36775.49984765463,0.999334234990615,1,0
8215.0,2.8661547437295667,0.0,36771.338452562704,0.9992211536022474,1,0
8216.0,3.4504529680380074,0.0,36765.49547031962,0.9990623769108592,1,0
8217.0,1.7184220518211075,0.0,36782.81577948179,0.9995330374859182,1,0
8218.0,2.315406958316089,0.0,36776.84593041684,0.9993708133265444,1,0
8219.0,2.057419651207965,0.0,36779.42580348792,0.9994409185730412,1,0
8220.0,0.994980053152176,0.0,36790.05019946848,0.9997296249855564,1,0
8221.0,1.84052049028287,0.0,36781.594795097175,0.9994998585624232,1,0
8222.0,2.245800581329604,0.0,36777.5419941867,0.9993897281028996,1,0
8223.0,2.254091001308552,0.0,36777.459089986914,0.9993874752713836,1,0
8224.0,2.460851886162345,0.0,36775.39148113837,0.9993312902483252,1,0
8225.0,1.8491719598241616,0.0,36781.50828040176,0.999497507619613,1,0
8226.0,2.0189496670973317,0.0,36779.81050332903,0.9994513723730714,1,0
8227.0,0.7296163238097506,0.0,36792.7038367619,0.9998017346946168,1,0
8228.0,2.8055533952756377,0.0,36771.94446604724,0.9992376213599794,1,0
8229.0,1.7159630885271326,0.0,36782.840369114725,0.9995337056824654,1,0
8230.0,1.5795402895200823,0.0,36784.2045971048,0.9995707770952392,1,0
8231.0,4.228265157837086,0.0,36757.71734842163,0.9988510149027616,1,0
8232.0,2.752041600761004,0.0,36772.47958399239,0.9992521626084888,1,0
8233.0,3.0694552604727505,0.0,36769.30544739527,0.9991659088966106,1,0
8234.0,1.7888834114000929,0.0,36782.111165886,0.9995138903773372,1,0
8235.0,0.7001098302080209,0.0,36792.99890169792,0.9998097527635306,1,0
8236.0,2.1482235038547515,0.0,36778.51776496145,0.9994162436130828,1,0
8237.0,2.3138182677976147,0.0,36776.86181732202,0.9993712450359246,1,0
8238.0,0.5566542970063892,0.0,36794.43345702994,0.9998487352453788,1,0
8239.0,0.9865770346241334,0.0,36790.13422965376,0.9997319084145044,1,0
8240.0,0.707939106541744,0.0,36792.92060893458,0.9998076252427875,1,0
8241.0,0.989771270129495,0.0,36790.10228729871,0.9997310404157258,1,0
8242.0,2.8508618060004665,0.0,36771.49138194,0.9992253092918476,1,0
8243.0,2.723163698856297,0.0,36772.76836301143,0.9992600098644412,1,0
8244.0,2.871832543369237,0.0,36771.28167456631,0.9992196107219106,1,0
8245.0,1.430364219164403,0.0,36785.69635780835,0.9996113140708792,1,0
8246.0,2.262740813952405,0.0,36777.37259186048,0.9993851247788172,1,0
8247.0,3.025384925442268,0.0,36769.74615074557,0.9991778845311298,1,0
8248.0,1.1630700867935957,0.0,36788.369299132064,0.99968394834598,1,0
8249.0,0.0,0.0,36800.0,1.0,1,0
8250.0,1.8283725714554748,0.0,36781.71627428544,0.9995031596273218,1,0
8251.0,1.1752158195449738,0.0,36788.24784180455,0.9996806478751236,1,0
8252.0,0.7429061873190221,0.0,36792.57093812681,0.9997981233186634,1,0
8253.0,3.066311449128989,0.0,36769.33688550871,0.9991667631931714,1,0
8254.0,1.1982657104126702,0.0,36788.01734289587,0.9996743843178226,1,0
8255.0,0.2015735938948637,0.0,36797.98426406105,0.9999452245668764,1,0
8256.0,3.0623615368840547,0.0,36769.37638463116,0.9991678365388904,1,0
8257.0,2.50909016595142,0.0,36774.90909834049,0.999318182020122,1,0
8258.0,5.1100243394539575,0.0,36748.89975660546,0.9986114064294962,1,0
8259.0,1.4274739742650129,0.0,36785.72526025735,0.9996120994635148,1,0
8260.0,0.7066476221916673,0.0,36792.93352377808,0.9998079761896218,1,0
8261.0,1.0416933203632652,0.0,36789.58306679637,0.9997169311629448,1,0
8262.0,2.851762832755412,0.0,36771.48237167245,0.9992250644476208,1,0
8263.0,1.816747384460541,0.0,36781.8325261554,0.9995063186455272,1,0
8264.0,0.4983487806839548,0.0,36795.01651219317,0.9998645791356838,1,0
8265.0,0.8001561268774822,0.0,36791.99843873123,0.9997825662698704,1,0
8266.0,3.015419297960761,0.0,36769.84580702039,0.999180592582076,1,0
8267.0,1.9031808260333487,0.0,36780.96819173967,0.9994828312972736,1,0
8268.0,1.5685080740258854,0.0,36784.31491925974,0.9995737749798844,1,0
8269.0,2.1019526505879185,0.0,36778.98047349412,0.9994288172145142,1,0
8270.0,1.463601062534508,0.0,36785.36398937466,0.9996022823199636,1,0
8271.0,3.2694107619681745,0.0,36767.30589238032,0.9991115731625086,1,0
8272.0,2.3503334136275957,0.0,36776.49666586373,0.9993613224419492,1,0
8273.0,1.921392537860811,0.0,36780.78607462139,0.9994778824625378,1,0
8274.0,0.4328438159682264,0.0,36795.67156184032,0.9998823793978348,1,0
8275.0,0.7198775209162704,0.0,36792.801224790834,0.9998043811084466,1,0
8276.0,2.223641793283605,0.0,36777.76358206717,0.9993957495126948,1,0
8277.0,4.0621699562289,0.0,36759.37830043771,0.998896149468416,1,0
8278.0,4.584325405059644,0.0,36754.1567459494,0.998754259400799,1,0
8279.0,1.039099123181586,0.0,36789.60900876818,0.999717636107831,1,0
8280.0,2.051698932162253,0.0,36779.48301067838,0.9994424731162602,1,0
8281.0,1.4174134435379528,0.0,36785.82586556462,0.9996148333033864,1,0
8282.0,1.4540082600069582,0.0,36785.45991739993,0.9996048890597808,1,0
8283.0,2.606570446279875,0.0,36773.9342955372,0.9992916928135108,1,0
8284.0,3.217331791314791,0.0,36767.82668208685,0.999125725056708,1,0
8285.0,1.6603696583497367,0.0,36783.396303416506,0.99954881259284,1,0
8286.0,1.7015396923834487,0.0,36782.98460307617,0.9995376250835916,1,0
8287.0,5.001254346805581,0.0,36749.98745653195,0.998640963492716,1,0
8288.0,0.5917257900309778,0.0,36794.082742099694,0.9998392049483612,1,0
8289.0,1.489679545024046,0.0,36785.10320454976,0.9995951957758086,1,0
8290.0,1.228716430354325,0.0,36787.71283569645,0.9996661096656644,1,0
8291.0,0.0,0.0,36800.0,1.0,1,0
8292.0,0.4895981958525226,0.0,36795.10401804147,0.9998669570119963,1,0
8293.0,0.8328217044763733,0.0,36791.67178295524,0.9997736897542184,1,0
8294.0,0.8169404512900655,0.0,36791.8305954871,0.9997780053121496,1,0
8295.0,2.150557875966115,0.0,36778.494421240335,0.9994156092728352,1,0
8296.0,1.9449087737084485,0.0,36780.55091226292,0.9994714921810576,1,0
8297.0,2.0118547487654723,0.0,36779.881452512345,0.9994533003400092,1,0
8298.0,2.106582946247727,0.0,36778.93417053753,0.999427558981998,1,0
8299.0,2.471196382473863,0.0,36775.28803617526,0.999328479243893,1,0
8300.0,2.291696740878251,0.0,36777.08303259122,0.9993772563204136,1,0
8301.0,1.2893827933421562,0.0,36787.106172066575,0.9996496242409396,1,0
8302.0,1.4555235477891983,0.0,36785.44476452211,0.9996044772967964,1,0
8303.0,0.2414219253332703,0.0,36797.58578074667,0.999934396215942,1,0
8304.0,2.4643762831346976,0.0,36775.35623716866,0.999330332531757,1,0
8305.0,1.4523164247075329,0.0,36785.476835752925,0.999605348797634,1,0
8306.0,0.0111537658976885,0.0,36799.88846234103,0.999996969085354,1,0
8307.0,1.557448787105386,0.0,36784.42551212895,0.9995767802208952,1,0
8308.0,1.684127384893145,0.0,36783.15872615107,0.9995423566888878,1,0
8309.0,2.469211085153802,0.0,36775.30788914846,0.9993290187268604,1,0
8310.0,2.2327388061876263,0.0,36777.67261193812,0.9993932774983184,1,0
8311.0,0.0685440330180426,0.0,36799.314559669816,0.999981373904071,1,0
8312.0,0.5963306526919041,0.0,36794.036693473085,0.999837953626986,1,0
8313.0,1.7157101194879942,0.0,36782.84289880512,0.999533774424052,1,0
8314.0,0.6920349148440437,0.0,36793.07965085156,0.99981194703401,1,0
8315.0,0.7075345277662564,0.0,36792.92465472234,0.9998077351826722,1,0
8316.0,2.50826307594798,0.0,36774.91736924052,0.99931840677284,1,0
8317.0,1.143867948976549,0.0,36788.56132051024,0.9996891663182128,1,0
8318.0,1.4333677072008868,0.0,36785.666322928,0.999610497905652,1,0
8319.0,0.2150505245499516,0.0,36797.8494947545,0.9999415623574592,1,0
8320.0,1.4717199209080718,0.0,36785.28280079092,0.9996000761084488,1,0
8321.0,1.9550305443553957,0.0,36780.449694556446,0.9994687416999034,1,0
8322.0,1.580805645478904,0.0,36784.191943545215,0.9995704332485112,1,0
8323.0,0.7015734128890472,0.0,36792.98426587111,0.9998093550508454,1,0
8324.0,3.287862938017497,0.0,36767.12137061983,0.9991065589842344,1,0
8325.0,2.1183611873984773,0.0,36778.81638812601,0.9994243583729896,1,0
8326.0,1.1796103932374535,0.0,36788.20389606763,0.99967945369749,1,0
8327.0,0.7247531600514776,0.0,36792.752468399485,0.9998030562065078,1,0
8328.0,0.4213971880199096,0.0,36795.7860281198,0.9998854898945598,1,0
8329.0,2.047762293268533,0.0,36779.52237706732,0.9994435428550902,1,0
8330.0,0.5342805029049487,0.0,36794.65719497095,0.9998548150807324,1,0
8331.0,0.9302298163984232,0.0,36790.69770183602,0.9997472201585876,1,0
8332.0,0.0709866968281858,0.0,36799.29013303172,0.9999807101367316,1,0
8333.0,1.1673845466302737,0.0,36788.3261545337,0.9996827759384158,1,0
8334.0,1.3422401267180248,0.0,36786.57759873282,0.9996352608351312,1,0
8335.0,1.8484245834861213,0.0,36781.51575416514,0.9994977107110092,1,0
8336.0,2.30191365439714,0.0,36776.98086345603,0.9993744799852182,1,0
8337.0,3.4050307823199546,0.0,36765.9496921768,0.9990747198961089,1,0
8338.0,2.69174845013913,0.0,36773.08251549861,0.99926854661681,1,0
8339.0,0.3424582218449359,0.0,36796.575417781554,0.9999069407005856,1,0
8340.0,1.051475428270351,0.0,36789.4852457173,0.9997142729814484,1,0
8341.0,0.8717034555811551,0.0,36791.28296544419,0.9997631240609832,1,0
8342.0,1.2712349163102772,0.0,36787.28765083689,0.9996545557292634,1,0
8343.0,2.6381864511313324,0.0,36773.61813548869,0.9992831015078448,1,0
8344.0,2.1667853152666794,0.0,36778.33214684733,0.9994111996425904,1,0
8345.0,1.9337438140846643,0.0,36780.66256185915,0.9994745261374768,1,0
8346.0,1.4360989791912289,0.0,36785.63901020809,0.9996097557121764,1,0
8347.0,3.4066259828050534,0.0,36765.93374017195,0.999074286417716,1,0
8348.0,3.0641458622376376,0.0,36769.35854137762,0.9991673516678702,1,0
8349.0,2.106766212218645,0.0,36778.93233787781,0.9994275091814624,1,0
8350.0,0.4932671460628626,0.0,36795.06732853937,0.9998659600146568,1,0
8351.0,1.4757610446613398,0.0,36785.24238955339,0.9995989779769942,1,0
8352.0,0.8080921189484798,0.0,36791.91907881052,0.9997804097502858,1,0
8353.0,1.802858200546325,0.0,36781.97141799454,0.9995100928802864,1,0
8354.0,2.431193808435637,0.0,36775.68806191564,0.9993393495085772,1,0
8355.0,0.0,0.0,36800.0,1.0,1,0
8356.0,0.2929025137436838,0.0,36797.07097486257,0.9999204069256132,1,0
8357.0,2.105386514478596,0.0,36778.946134855214,0.9994278840993264,1,0
8358.0,1.3171622480876977,0.0,36786.82837751912,0.9996420754760632,1,0
8359.0,0.2927944028688216,0.0,36797.07205597131,0.9999204363035682,1,0
8360.0,0.1576960511047218,0.0,36798.42303948895,0.9999571478121998,1,0
8361.0,1.9181246542757435,0.0,36780.81875345724,0.9994787704743816,1,0
8362.0,1.551207774067734,0.0,36784.48792225932,0.9995784761483512,1,0
8363.0,1.5513390663054452,0.0,36784.48660933695,0.9995784404711128,1,0
8364.0,1.0952685710653896,0.0,36789.04731428935,0.999702372670906,1,0
8365.0,0.7348073828161432,0.0,36792.65192617184,0.9998003240807564,1,0
8366.0,0.0959216175451729,0.0,36799.04078382455,0.9999739343430584,1,0
8367.0,0.9066931182132976,0.0,36790.93306881787,0.9997536160004856,1,0
8368.0,3.2416462292349024,0.0,36767.58353770765,0.9991191178724904,1,0
8369.0,2.9028692534247966,0.0,36770.97130746575,0.9992111768333084,1,0
8370.0,0.9123257943501812,0.0,36790.8767420565,0.99975208538197,1,0
8371.0,1.3032608284247544,0.0,36786.96739171575,0.999645853035754,1,0
8372.0,1.41011276214158,0.0,36785.89887237859,0.9996168171842008,1,0
8373.0,3.2088112625133363,0.0,36767.91188737487,0.9991280404177952,1,0
8374.0,2.0623327669745777,0.0,36779.376672330254,0.9994395834872352,1,0
8375.0,2.98362678948979,0.0,36770.1637321051,0.999189231850682,1,0
8376.0,0.0,0.0,36800.0,1.0,1,0
8377.0,0.667820629731068,0.0,36793.32179370269,0.9998185270027906,1,0
8378.0,1.33410986240051,0.0,36786.658901376,0.9996374701460868,1,0
8379.0,2.11667004393712,0.0,36778.83329956063,0.9994248179228432,1,0
8380.0,3.376310044892307,0.0,36766.23689955108,0.9990825244443228,1,0
8381.0,3.426631481475852,0.0,36765.733685185245,0.9990688501409034,1,0
8382.0,1.8748983315636,0.0,36781.25101668437,0.9994905167577272,1,0
8383.0,1.6500157480313646,0.0,36783.49984251968,0.999551626155426,1,0
8384.0,3.8199573382080416,0.0,36761.80042661792,0.9989619681146172,1,0
8385.0,3.4288666090033075,0.0,36765.71133390997,0.9990682427692926,1,0
8386.0,3.0556296722115803,0.0,36769.44370327788,0.9991696658499424,1,0
8387.0,0.9168278557008308,0.0,36790.83172144299,0.9997508619957336,1,0
8388.0,1.9672292397917768,0.0,36780.32770760208,0.9994654268370132,1,0
8389.0,1.8329887574709571,0.0,36781.67011242529,0.999501905228948,1,0
8390.0,1.8559362154974224,0.0,36781.44063784502,0.9994956695066582,1,0
8391.0,1.589051066299362,0.0,36784.109489337,0.9995681926450272,1,0
8392.0,1.261612302992944,0.0,36787.38387697007,0.9996571705698388,1,0
8393.0,0.8751133712030423,0.0,36791.24886628797,0.9997621974534774,1,0
8394.0,0.0,0.0,36800.0,1.0,1,0
8395.0,2.3961394494945125,0.0,36776.038605505055,0.999348875149594,1,0
8396.0,3.244101282954944,0.0,36767.55898717045,0.9991184507383276,1,0
8397.0,2.662185148770732,0.0,36773.37814851229,0.9992765801226166,1,0
8398.0,2.1826915574420127,0.0,36778.17308442558,0.9994068772941732,1,0
8399.0,1.3265767449320265,0.0,36786.73423255068,0.9996395171888772,1,0
8400.0,1.2060513774158608,0.0,36787.93948622584,0.9996722686474412,1,0
8401.0,1.1560729647590051,0.0,36788.439270352406,0.9996858497378373,1,0
8402.0,2.191905280171341,0.0,36778.08094719829,0.9994043735651708,1,0
8403.0,1.127689324257517,0.0,36788.72310675743,0.9996935626836256,1,0
8404.0,0.8224273607975192,0.0,36791.77572639202,0.9997765143041312,1,0
8405.0,1.3334106217735098,0.0,36786.665893782265,0.9996376601571269,1,0
8406.0,0.4604800150227675,0.0,36795.39519984977,0.9998748695611352,1,0
8407.0,1.579822705667539,0.0,36784.20177294333,0.9995707003517208,1,0
8408.0,0.8900151362195174,0.0,36791.09984863781,0.99975814806081,1,0
8409.0,2.1656843708387896,0.0,36778.34315629161,0.999411498812272,1,0
8410.0,2.651531613068073,0.0,36773.48468386932,0.9992794751051446,1,0
8411.0,4.006222861413335,0.0,36759.93777138587,0.9989113524833116,1,0
8412.0,3.100576813250882,0.0,36768.99423186749,0.9991574519529208,1,0
8413.0,1.7005582408746704,0.0,36782.99441759125,0.9995378917823712,1,0
8414.0,2.524496629821442,0.0,36774.75503370179,0.9993139954810268,1,0
8415.0,3.248932641941792,0.0,36767.51067358058,0.9991171378690376,1,0
8416.0,3.562353951874684,0.0,36764.37646048125,0.9990319690348166,1,0
8417.0,4.10457303691328,0.0,36758.95426963086,0.9988846268921432,1,0
8418.0,2.4284080316610925,0.0,36775.71591968339,0.9993401065131357,1,0
8419.0,0.695968383048239,0.0,36793.04031616952,0.9998108781567804,1,0
8420.0,1.3060528176883963,0.0,36786.93947182312,0.9996450943430196,1,0
8421.0,0.4793354323701351,0.0,36795.2066456763,0.9998697458064212,1,0
8422.0,3.105112114584699,0.0,36768.94887885415,0.9991562195340802,1,0
8423.0,2.513586745779321,0.0,36774.86413254221,0.9993169601234296,1,0
8424.0,2.786147418939436,0.0,36772.1385258106,0.9992428947231142,1,0
8425.0,1.6301989164257975,0.0,36783.69801083574,0.9995570111640146,1,0
8426.0,1.7756634595771177,0.0,36782.24336540423,0.9995174827555496,1,0
8427.0,0.7277068537641753,0.0,36792.72293146236,0.9998022535723466,1,0
8428.0,1.7659335517237196,0.0,36782.34066448276,0.999520126752249,1,0
8429.0,1.9195213728035012,0.0,36780.80478627197,0.9994783909313036,1,0
8430.0,1.6329169525415637,0.0,36783.67083047458,0.999556272567244,1,0
8431.0,2.175998641980186,0.0,36778.2400135802,0.9994086960212012,1,0
8432.0,2.195767008654002,0.0,36778.042329913456,0.9994033241824308,1,0
8433.0,3.520692129544841,0.0,36764.79307870455,0.9990432901821888,1,0
8434.0,1.4734578913394216,0.0,36785.2654210866,0.999599603833875,1,0
8435.0,3.086755687405457,0.0,36769.13244312594,0.9991612076936396,1,0
8436.0,2.230774922991259,0.0,36777.69225077009,0.9993938111622306,1,0
8437.0,1.2010698917747504,0.0,36787.989301082256,0.9996736223120178,1,0
8438.0,3.9420789096966473,0.0,36760.57921090303,0.9989287829049736,1,0
8439.0,0.8910706891219888,0.0,36791.08929310878,0.999757861225782,1,0
8440.0,0.0,0.0,36800.0,1.0,1,0
8441.0,1.6569331296759628,0.0,36783.43066870324,0.9995497464321532,1,0
8442.0,0.4876179934344691,0.0,36795.12382006565,0.9998674951104796,1,0
8443.0,2.142603770484129,0.0,36778.57396229516,0.9994177707145424,1,0
8444.0,1.5209038491993851,0.0,36784.790961508006,0.9995867109105436,1,0
8445.0,0.2653716349796013,0.0,36797.3462836502,0.9999278881426684,1,0
8446.0,2.453980616197441,0.0,36775.46019383802,0.9993331574412506,1,0
8447.0,2.847591978228593,0.0,36771.524080217714,0.9992261978320032,1,0
8448.0,1.4274638336210046,0.0,36785.72536166379,0.9996121022191248,1,0
8449.0,1.2440095382735308,0.0,36787.55990461727,0.9996619539298168,1,0
8450.0,2.2307616772359324,0.0,36777.69238322764,0.9993938147616206,1,0
8451.0,2.013810585132888,0.0,36779.86189414867,0.9994527688627356,1,0
8452.0,2.410796875725282,0.0,36775.89203124275,0.9993448921533356,1,0
8453.0,3.0259915719125274,0.0,36769.74008428087,0.9991777196815456,1,0
8454.0,0.3068336927935888,0.0,36796.931663072064,0.9999166212791322,1,0
8455.0,1.432177745633453,0.0,36785.67822254366,0.9996108212647734,1,0
8456.0,1.7962176433193235,0.0,36782.0378235668,0.9995118973795328,1,0
8457.0,1.9323991877554365,0.0,36780.67600812245,0.9994748915250664,1,0
8458.0,3.1455724809457024,0.0,36768.54427519054,0.9991452248693082,1,0
8459.0,1.4292920797943225,0.0,36785.70707920205,0.9996116054130992,1,0
8460.0,5.199722987110363,0.0,36748.00277012889,0.9985870317969808,1,0
8461.0,1.0870905063002283,0.0,36789.129094937,0.9997045949711142,1,0
8462.0,1.1323050088230957,0.0,36788.676949911765,0.9996923084215154,1,0
8463.0,1.2608394152612163,0.0,36787.39160584738,0.9996573805936788,1,0
8464.0,4.2557749293901,0.0,36757.442250706095,0.9988435394213612,1,0
8465.0,3.0039614147590328,0.0,36769.960385852406,0.9991837061372936,1,0
8466.0,2.55456527035858,0.0,36774.454347296414,0.999305824654794,1,0
8467.0,0.8080045840106322,0.0,36791.91995415989,0.9997804335369536,1,0
8468.0,0.5631188567749632,0.0,36794.36881143225,0.9998469785715284,1,0
8469.0,2.875854524436363,0.0,36771.24145475564,0.9992185177922728,1,0
8470.0,0.5667706929580163,0.0,36794.332293070416,0.9998459862247396,1,0
8471.0,0.2822342609997577,0.0,36797.17765739,0.9999233059073368,1,0
8472.0,3.132814395998139,0.0,36768.67185604002,0.999148691740218,1,0
8473.0,3.141829991505801,0.0,36768.58170008494,0.9991462418501345,1,0
8474.0,2.3071085323208536,0.0,36776.92891467679,0.9993730683336084,1,0
8475.0,2.028661390690104,0.0,36779.7133860931,0.9994487333177472,1,0
8476.0,1.024486739132044,0.0,36789.75513260868,0.9997216068643664,1,0
8477.0,0.0998505036968708,0.0,36799.00149496303,0.999972866710952,1,0
8478.0,0.1877615608973428,0.0,36798.12238439103,0.9999489778367128,1,0
8479.0,2.240426186563127,0.0,36777.59573813437,0.99939118853626,1,0
8480.0,3.0867091439049545,0.0,36769.13290856095,0.99916122034133,1,0
8481.0,2.022056025789425,0.0,36779.77943974211,0.9994505282538616,1,0
8482.0,2.3047343606976938,0.0,36776.95265639303,0.999373713488941,1,0
8483.0,2.091253783684806,0.0,36779.08746216315,0.999431724515303,1,0
8484.0,1.511064180498579,0.0,36784.88935819501,0.99958938473356,1,0
8485.0,1.4730611918712384,0.0,36785.26938808129,0.9995997116326436,1,0
8486.0,0.7823765200137132,0.0,36792.17623479986,0.9997873976847788,1,0
8487.0,1.3245469166740804,0.0,36786.75453083326,0.999640068772643,1,0
8488.0,0.0,0.0,36800.0,1.0,1,0
8489.0,0.1987314155066997,0.0,36798.01268584494,0.9999459968979604,1,0
8490.0,1.8620456373682828,0.0,36781.37954362632,0.9994940093376716,1,0
8491.0,3.0656247440456355,0.0,36769.34375255954,0.9991669497978136,1,0
8492.0,0.8829699661764607,0.0,36791.17030033824,0.9997600625091912,1,0
8493.0,1.1595144170369167,0.0,36788.404855829634,0.999684914560588,1,0
8494.0,2.2729949949116417,0.0,36777.27005005088,0.9993823383166,1,0
8495.0,4.232496414402704,0.0,36757.67503585597,0.998849865104782,1,0
8496.0,2.313117011264694,0.0,36776.86882988735,0.999371435594765,1,0
8497.0,0.4557944884709286,0.0,36795.44205511529,0.9998761428020458,1,0
8498.0,0.6979312002367806,0.0,36793.02068799763,0.9998103447825444,1,0
8499.0,3.5625866721820785,0.0,36764.37413327818,0.9990319057956027,1,0
8500.0,1.9013151730014213,0.0,36780.98684826998,0.999483338268206,1,0
8501.0,2.243846863777435,0.0,36777.56153136223,0.9993902590044084,1,0
8502.0,0.7898738375970424,0.0,36792.10126162403,0.9997853603702184,1,0
8503.0,3.2520586987084243,0.0,36767.47941301292,0.99911628839709,1,0
8504.0,0.709376827795495,0.0,36792.906231722045,0.9998072345576644,1,0
8505.0,1.9714162257259888,0.0,36780.28583774274,0.9994642890690962,1,0
8506.0,2.5129998434458685,0.0,36774.87000156554,0.9993171196077592,1,0
8507.0,2.1271072996732983,0.0,36778.72892700326,0.9994219817120452,1,0
8508.0,3.490539165301016,0.0,36765.09460834699,0.9990514839224726,1,0
8509.0,2.1550837954964663,0.0,36778.44916204504,0.9994143794033976,1,0
8510.0,3.8476255769473937,0.0,36761.52374423052,0.9989544495714816,1,0
8511.0,1.6272568623953705,0.0,36783.72743137604,0.9995578106352184,1,0
8512.0,0.9052365995285072,0.0,36790.94763400471,0.9997540117936062,1,0
8513.0,1.3414820787729695,0.0,36786.58517921227,0.9996354668264203,1,0
8514.0,0.8340080425477936,0.0,36791.65991957452,0.9997733673797424,1,0
8515.0,3.4894036844452785,0.0,36765.10596315555,0.9990517924770528,1,0
8516.0,2.844903933142632,0.0,36771.550960668574,0.9992269282790374,1,0
8517.0,2.4381834669184173,0.0,36775.618165330816,0.9993374501448592,1,0
8518.0,2.1953750110296824,0.0,36778.0462498897,0.9994034307035246,1,0
8519.0,2.2262246197606146,0.0,36777.7377538024,0.9993950476576736,1,0
8520.0,1.407566326895903,0.0,36785.92433673104,0.9996175091503,1,0
8521.0,4.506954204367503,0.0,36754.930457956325,0.9987752841835956,1,0
8522.0,2.934740828262875,0.0,36770.65259171737,0.9992025160792763,1,0
8523.0,0.8998480357604421,0.0,36791.00151964239,0.9997554760772388,1,0
8524.0,1.0371522625428042,0.0,36789.62847737457,0.9997181651460482,1,0
8525.0,1.2914183285629406,0.0,36787.08581671437,0.9996490711063688,1,0
8526.0,1.4179887004193006,0.0,36785.8201129958,0.9996146769835816,1,0
8527.0,1.3803474843261938,0.0,36786.19652515674,0.9996249055749112,1,0
8528.0,1.7551841823242285,0.0,36782.44815817676,0.9995230477765424,1,0
8529.0,1.4492097837046458,0.0,36785.50790216295,0.9996061929935584,1,0
8530.0,0.4261023923627363,0.0,36795.738976076376,0.9998842113064232,1,0
8531.0,3.0097241832172585,0.0,36769.902758167824,0.999182140167604,1,0
8532.0,1.5569405498317792,0.0,36784.43059450168,0.99957691832885,1,0
8533.0,0.4941223382811586,0.0,36795.05877661719,0.9998657276254672,1,0
8534.0,3.411421122649699,0.0,36765.88578877351,0.9990729833905844,1,0
8535.0,3.220085451104751,0.0,36767.79914548896,0.9991249767795912,1,0
8536.0,1.4644808236753306,0.0,36785.35519176324,0.999602043254436,1,0
8537.0,2.62366554567052,0.0,36773.763344543295,0.9992870474060678,1,0
8538.0,0.2456506114849617,0.0,36797.543493885154,0.9999332471164444,1,0
8539.0,0.1116742811591393,0.0,36798.88325718841,0.999969653727946,1,0
8540.0,1.4035085735467874,0.0,36785.964914264536,0.9996186118006668,1,0
8541.0,1.453935535861092,0.0,36785.46064464139,0.9996049088217768,1,0
8542.0,0.2577547014443553,0.0,36797.42245298556,0.999929957961564,1,0
8543.0,2.276537838180957,0.0,36777.23462161819,0.9993813755874508,1,0
8544.0,0.5039925255405251,0.0,36794.9600747446,0.999863045509364,1,0
8545.0,1.3590903017739038,0.0,36786.40909698226,0.9996306819832136,1,0
8546.0,3.405269686567408,0.0,36765.94730313432,0.9990746549764762,1,0
8547.0,1.843682490301944,0.0,36781.56317509698,0.9994989993232876,1,0
8548.0,2.405015560643733,0.0,36775.94984439356,0.9993464631628683,1,0
8549.0,2.3628273979993537,0.0,36776.37172602001,0.9993579273375002,1,0
8550.0,3.227039851217341,0.0,36767.72960148782,0.9991230869969516,1,0
8551.0,2.599390034827593,0.0,36774.00609965173,0.9992936440122752,1,0
8552.0,1.6732539083532174,0.0,36783.26746091647,0.9995453114379474,1,0
8553.0,1.4363684542258852,0.0,36785.63631545774,0.9996096824852648,1,0
8554.0,2.4457027384978574,0.0,36775.54297261502,0.9993354068645384,1,0
8555.0,2.9674829595332994,0.0,36770.32517040467,0.9991936187609964,1,0
8556.0,1.9309445713261084,0.0,36780.69055428674,0.99947528680127,1,0
8557.0,2.382983675937794,0.0,36776.17016324062,0.9993524500880604,1,0
8558.0,1.465865303251121,0.0,36785.341346967485,0.99960166703716,1,0
8559.0,2.041212549625925,0.0,36779.58787450374,0.999445322676732,1,0
8560.0,2.1682374520642043,0.0,36778.31762547936,0.9994108050402,1,0
8561.0,2.321022202686436,0.0,36776.789777973136,0.999369287444922,1,0
8562.0,3.4042076217174326,0.0,36765.95792378283,0.9990749435810552,1,0
8563.0,3.0851700450766657,0.0,36769.14829954923,0.9991616385747074,1,0
8564.0,1.9038140361426483,0.0,36780.96185963857,0.999482659229309,1,0
8565.0,2.448331797275386,0.0,36775.51668202724,0.9993346924463924,1,0
8566.0,2.0757950445859024,0.0,36779.24204955415,0.9994359252596235,1,0
8567.0,0.1195547684201301,0.0,36798.8044523158,0.9999675122911904,1,0
8568.0,1.2299724836793755,0.0,36787.70027516321,0.9996657683468264,1,0
8569.0,1.0899927463105996,0.0,36789.100072536894,0.9997038063189372,1,0
8570.0,0.6850436330314551,0.0,36793.149563669685,0.99981384683885,1,0
8571.0,0.3983273647590977,0.0,36796.016726352405,0.999891758868272,1,0
8572.0,1.802087308913542,0.0,36781.97912691087,0.9995103023617083,1,0
8573.0,1.401135187828913,0.0,36785.98864812171,0.9996192567424378,1,0
8574.0,1.7799138355276227,0.0,36782.20086164473,0.999516327762085,1,0
8575.0,3.1065128941681905,0.0,36768.93487105832,0.9991558388874542,1,0
8576.0,1.0693787748277828,0.0,36789.30621225172,0.9997094079416228,1,0
8577.0,0.603358815133106,0.0,36793.96641184867,0.9998360438002356,1,0
8578.0,0.8541956409644627,0.0,36791.45804359036,0.9997678816193032,1,0
8579.0,1.492123199697744,0.0,36785.07876800302,0.9995945317392124,1,0
8580.0,3.6999908742582193,0.0,36763.00009125742,0.9989945676972124,1,0
8581.0,1.8177038349840584,0.0,36781.82296165016,0.9995060587404936,1,0
8582.0,2.0637029916106258,0.0,36779.36297008389,0.999439211143584,1,0
8583.0,1.8373419558611204,0.0,36781.626580441385,0.9995007222946029,1,0
8584.0,2.4368858442176133,0.0,36775.631141557824,0.9993378027597236,1,0
8585.0,2.1615970379098144,0.0,36778.3840296209,0.999412609500568,1,0
8586.0,1.7246160994254751,0.0,36782.75383900575,0.9995313543208084,1,0
8587.0,1.2145107208925765,0.0,36787.854892791074,0.9996699699128008,1,0
8588.0,0.5785031258528761,0.0,36794.21496874147,0.999842798063627,1,0
8589.0,0.553096018915312,0.0,36794.46903981085,0.9998497021687732,1,0
8590.0,1.295694512042246,0.0,36787.04305487958,0.9996479090999886,1,0
8591.0,1.487232877223505,0.0,36785.12767122776,0.9995958606311892,1,0
8592.0,0.7208665967700654,0.0,36792.7913340323,0.9998041123378342,1,0
8593.0,1.4389770331981708,0.0,36785.61022966802,0.9996089736322832,1,0
8594.0,1.000208515812119,0.0,36789.99791484188,0.9997282042076596,1,0
8595.0,1.4077782906042555,0.0,36785.92221709396,0.9996174515514664,1,0
8596.0,1.7479960951332032,0.0,36782.52003904867,0.9995250010611052,1,0
8597.0,2.363675057395085,0.0,36776.36324942605,0.9993576969952732,1,0
8598.0,2.022327096197841,0.0,36779.77672903802,0.9994504545934244,1,0
8599.0,1.8383333717029016,0.0,36781.61666628297,0.9995004528881242,1,0
8600.0,1.1995769035147532,0.0,36788.004230964856,0.9996740280153492,1,0
8601.0,4.849202471767057,0.0,36751.50797528233,0.9986822819370198,1,0
8602.0,2.764688475952425,0.0,36772.35311524048,0.9992487259576216,1,0
8603.0,0.94280642490412,0.0,36790.57193575096,0.9997438026019282,1,0
8604.0,1.1807738142288144,0.0,36788.19226185771,0.9996791375504812,1,0
8605.0,1.4264370432010764,0.0,36785.73562956799,0.9996123812382608,1,0
8606.0,0.8045044451919239,0.0,36791.95495554808,0.9997813846616326,1,0
8607.0,2.4050035218406265,0.0,36775.9499647816,0.9993464664342824,1,0
8608.0,3.127084161260427,0.0,36768.7291583874,0.9991502488692228,1,0
8609.0,1.4769410966000578,0.0,36785.230589034,0.9995986573107064,1,0
8610.0,1.8943325571744936,0.0,36781.056674428255,0.9994852357181592,1,0
8611.0,3.31375653259056,0.0,36766.8624346741,0.9990995226813614,1,0
8612.0,3.3693899975642125,0.0,36766.30610002436,0.9990844048919664,1,0
8613.0,1.3856883285025106,0.0,36786.14311671497,0.999623454258559,1,0
8614.0,1.9440951249198408,0.0,36780.5590487508,0.9994717132812718,1,0
8615.0,0.6445709756244469,0.0,36793.55429024376,0.9998248448435804,1,0
8616.0,2.7806841441797587,0.0,36772.193158558206,0.999244379308647,1,0
8617.0,1.885434313719088,0.0,36781.145656862805,0.999487653719098,1,0
8618.0,1.18178427679959,0.0,36788.182157232,0.999678862968261,1,0
8619.0,0.6268835481550923,0.0,36793.73116451845,0.9998296512097404,1,0
8620.0,1.1694718069793453,0.0,36788.30528193021,0.9996822087481037,1,0
8621.0,0.8642897923764394,0.0,36791.35710207623,0.999765138643376,1,0
8622.0,2.9295173495047493,0.0,36770.70482650495,0.999203935502852,1,0
8623.0,0.0434299690914485,0.0,36799.56570030909,0.9999881983779644,1,0
8624.0,0.0,0.0,36800.0,1.0,1,0
8625.0,0.1967269119722914,0.0,36798.03273088028,0.9999465416000076,1,0
8626.0,1.5257480877098717,0.0,36784.7425191229,0.9995853945413832,1,0
8627.0,3.424564022017876,0.0,36765.75435977982,0.9990694119505388,1,0
8628.0,2.996555665849882,0.0,36770.0344433415,0.9991857185690626,1,0
8629.0,0.8712186978827958,0.0,36791.287813021176,0.9997632557886188,1,0
8630.0,0.736689996874702,0.0,36792.63310003125,0.9997998125008491,1,0
8631.0,0.2641616647615592,0.0,36797.35838335239,0.9999282169389236,1,0
8632.0,0.9788358358255208,0.0,36790.21164164174,0.9997340120011344,1,0
8633.0,1.366065989017443,0.0,36786.33934010983,0.999628786416028,1,0
8634.0,0.8924391122382076,0.0,36791.07560887762,0.9997574893716744,1,0
8635.0,2.936177983272501,0.0,36770.63822016728,0.9992021255480238,1,0
8636.0,3.061161764064309,0.0,36769.38838235936,0.999168162564113,1,0
8637.0,2.264290694876763,0.0,36777.35709305124,0.9993847036155228,1,0
8638.0,2.614076262298113,0.0,36773.85923737702,0.999289653189593,1,0
8639.0,0.9076146080151376,0.0,36790.92385391985,0.999753365595648,1,0
8640.0,0.6630942069350567,0.0,36793.36905793065,0.9998198113568112,1,0
8641.0,1.3304269145173748,0.0,36786.69573085483,0.999638470947142,1,0
8642.0,0.0080807687991182,0.0,36799.91919231201,0.9999978041389131,1,0
8643.0,1.8152299123485136,0.0,36781.84770087652,0.9995067310020792,1,0
8644.0,1.1884200116473949,0.0,36788.115799883526,0.9996770597794437,1,0
8645.0,2.2497762128823524,0.0,36777.50223787117,0.9993886477682384,1,0
8646.0,1.3331128121080835,0.0,36786.66887187892,0.9996377410836664,1,0
8647.0,2.450824993231436,0.0,36775.49175006768,0.9993340149474914,1,0
8648.0,1.9803394422724525,0.0,36780.19660557728,0.9994618642819912,1,0
8649.0,0.044876496625875,0.0,36799.55123503374,0.9999878052998298,1,0
8650.0,2.3622997290385683,0.0,36776.37700270962,0.9993580707258048,1,0
8651.0,1.5452926005382324,0.0,36784.54707399462,0.9995800835324624,1,0
8652.0,3.0766174513883016,0.0,36769.23382548612,0.9991639626490793,1,0
8653.0,0.9808629009639844,0.0,36790.19137099036,0.9997334611682164,1,0
8654.0,1.1710538940915285,0.0,36788.28946105909,0.9996817788331274,1,0
8655.0,2.8970509653336194,0.0,36771.02949034666,0.999212757889855,1,0
8656.0,3.636744769557481,0.0,36763.63255230442,0.9990117541387072,1,0
8657.0,1.71886620760597,0.0,36782.81133792394,0.9995329167914112,1,0
8658.0,2.113148061975153,0.0,36778.86851938025,0.999425774983159,1,0
8659.0,1.8947460534545824,0.0,36781.052539465454,0.9994851233550396,1,0
8660.0,1.589062268645648,0.0,36784.10937731354,0.9995681896009116,1,0
8661.0,0.6233787327510072,0.0,36793.76621267249,0.9998306036052308,1,0
8662.0,2.6493474948492803,0.0,36773.5065250515,0.99928006861553,1,0
8663.0,2.272177121938512,0.0,36777.27822878062,0.9993825605646908,1,0
8664.0,4.105077544323649,0.0,36758.94922455677,0.9988844897977384,1,0
8665.0,3.154630249902766,0.0,36768.45369750097,0.999142763519048,1,0
8666.0,0.3706391492578405,0.0,36796.29360850742,0.9998992828398756,1,0
8667.0,1.923056787833048,0.0,36780.76943212167,0.9994774302206976,1,0
8668.0,2.3935218151345907,0.0,36776.064781848654,0.9993495864632786,1,0
8669.0,1.3164802518131182,0.0,36786.835197481865,0.9996422608011376,1,0
8670.0,2.002466821717462,0.0,36779.97533178283,0.999455851407142,1,0
8671.0,2.982946713595084,0.0,36770.17053286405,0.9991894166539144,1,0
8672.0,5.785787724584225,0.0,36742.14212275416,0.9984277750748412,1,0
8673.0,1.9374728425900685,0.0,36780.6252715741,0.9994735128145136,1,0
8674.0,1.9237885055317747,0.0,36780.76211494468,0.9994772313843664,1,0
8675.0,1.610229798088767,0.0,36783.89770201911,0.9995624375548672,1,0
8676.0,0.0,0.0,36800.0,1.0,1,0
8677.0,3.196046340830435,0.0,36768.03953659169,0.9991315091465134,1,0
8678.0,2.573357957435292,0.0,36774.26642042564,0.999300717946349,1,0
8679.0,2.0890825936421606,0.0,36779.109174063575,0.9994323145125972,1,0
8680.0,3.84330487592888,0.0,36761.56695124071,0.9989556236750192,1,0
8681.0,0.5281803023099201,0.0,36794.7181969769,0.9998564727439376,1,0
8682.0,1.305228695217011,0.0,36786.94771304783,0.9996453182893432,1,0
8683.0,3.5323677834639966,0.0,36764.67632216536,0.9990401174501456,1,0
8684.0,1.94833720488532,0.0,36780.51662795115,0.9994705605421508,1,0
8685.0,0.2279786179187795,0.0,36797.72021382081,0.999938049288609,1,0
8686.0,0.7845279759658297,0.0,36792.154720240345,0.9997868130500094,1,0
8687.0,0.0,0.0,36800.0,1.0,1,0
8688.0,2.009514889536149,0.0,36779.90485110464,0.9994539361713218,1,0
8689.0,2.8325538933713688,0.0,36771.674461066286,0.9992302842681056,1,0
8690.0,0.9730216354037112,0.0,36790.26978364596,0.9997355919469012,1,0
8691.0,1.0724067689661752,0.0,36789.27593231034,0.9997085851171288,1,0
8692.0,2.672129378575846,0.0,36773.278706214245,0.9992738778862568,1,0
8693.0,0.455151446907621,0.0,36795.44848553093,0.9998763175416012,1,0
8694.0,1.81635334809107,0.0,36781.83646651909,0.9995064257206274,1,0
8695.0,2.0160725158402784,0.0,36779.83927484159,0.999452154207652,1,0
8696.0,1.9783910437454324,0.0,36780.21608956254,0.9994623937381124,1,0
8697.0,4.654387095974016,0.0,36753.45612904026,0.9987352208978332,1,0
8698.0,0.5471388475798449,0.0,36794.528611524205,0.9998513209653316,1,0
8699.0,1.1049453786181402,0.0,36788.95054621382,0.9996997431036364,1,0
8700.0,1.700272224692526,0.0,36782.99727775308,0.9995379695041596,1,0
8701.0,3.1963741789513733,0.0,36768.036258210486,0.9991314200600676,1,0
8702.0,1.9815486877341757,0.0,36780.18451312266,0.9994615356826808,1,0
8703.0,1.435400934482459,0.0,36785.645990655175,0.9996099453982384,1,0
8704.0,1.101083210331126,0.0,36788.98916789669,0.9997007926058884,1,0
8705.0,2.9791133803610137,0.0,36770.20886619639,0.9991904583205542,1,0
8706.0,1.5226103717068329,0.0,36784.77389628293,0.9995862471816014,1,0
8707.0,0.3659657765401789,0.0,36796.3403422346,0.9999005527781142,1,0
8708.0,2.8542905122394586,0.0,36771.45709487761,0.999224377578196,1,0
8709.0,2.1029449169254804,0.0,36778.970550830745,0.9994285475769225,1,0
8710.0,1.797258259521186,0.0,36782.02741740479,0.999511614603391,1,0
8711.0,2.5766218910594034,0.0,36774.23378108941,0.9992998310078643,1,0
8712.0,2.0188324799910333,0.0,36779.81167520009,0.999451404217394,1,0
8713.0,2.2445648427874403,0.0,36777.55435157212,0.9993900639014164,1,0
8714.0,0.7324833247566858,0.0,36792.67516675244,0.9998009556182728,1,0
8715.0,0.3264876496286888,0.0,36796.73512350371,0.9999112805299922,1,0
8716.0,2.127239102306703,0.0,36778.72760897693,0.9994219458961122,1,0
8717.0,1.6246567963771668,0.0,36783.75343203623,0.9995585171748976,1,0
8718.0,0.7904881873109844,0.0,36792.09511812689,0.9997851934273612,1,0
8719.0,1.4237772460455744,0.0,36785.76222753954,0.9996131040092266,1,0
8720.0,0.5475429631642328,0.0,36794.52457036836,0.999851211151314,1,0
8721.0,2.106475485612464,0.0,36778.93524514388,0.9994275881832576,1,0
8722.0,3.070024868591645,0.0,36769.29975131409,0.999165754111796,1,0
8723.0,1.4784756817862217,0.0,36785.21524318214,0.9995982403038624,1,0
8724.0,2.2264636542277003,0.0,36777.73536345772,0.9993949827026556,1,0
8725.0,3.477904570747341,0.0,36765.22095429253,0.99905491723621,1,0
8726.0,5.981564738502129,0.0,36740.184352614975,0.99837457479932,1,0
8727.0,1.406425438104634,0.0,36785.93574561896,0.999617819174428,1,0
8728.0,3.7496135719102313,0.0,36762.503864280894,0.9989810832685024,1,0
8729.0,2.037255340314005,0.0,36779.62744659686,0.9994463980053494,1,0
8730.0,0.646374948828452,0.0,36793.53625051172,0.9998243546334704,1,0
8731.0,1.0824286918505095,0.0,36789.175713081495,0.9997058617685188,1,0
8732.0,1.2895858219853835,0.0,36787.10414178015,0.9996495690701128,1,0
8733.0,1.3935784908389903,0.0,36786.06421509161,0.9996213101927068,1,0
8734.0,1.1949542687125358,0.0,36788.05045731287,0.9996752841661106,1,0
8735.0,3.521326468013285,0.0,36764.78673531987,0.9990431178076052,1,0
8736.0,1.8874060791076768,0.0,36781.12593920893,0.999487117913286,1,0
8737.0,1.7043483481684234,0.0,36782.95651651832,0.9995368618619108,1,0
8738.0,0.7889802235258685,0.0,36792.11019776474,0.9997856032001288,1,0
8739.0,2.0546098176255327,0.0,36779.45390182374,0.9994416821147756,1,0
8740.0,1.4077730026565405,0.0,36785.92226997344,0.9996174529884088,1,0
8741.0,3.639792254811255,0.0,36763.60207745189,0.9990109260177142,1,0
8742.0,3.091929666539727,0.0,36769.08070333461,0.9991598017210492,1,0
8743.0,1.9990989443340368,0.0,36780.00901055666,0.9994567665912136,1,0
8744.0,2.094226668932606,0.0,36779.05773331068,0.999430916666051,1,0
8745.0,0.2429813352246128,0.0,36797.57018664776,0.9999339724632542,1,0
8746.0,0.0,0.0,36800.0,1.0,1,0
8747.0,2.2894527341759385,0.0,36777.10547265824,0.9993778661048434,1,0
8748.0,3.5476919397569877,0.0,36764.523080602434,0.99903595327724,1,0
8749.0,1.9957956448452023,0.0,36780.04204355155,0.9994576642269444,1,0
8750.0,0.1772234857853618,0.0,36798.22776514215,0.99995184144408,1,0
8751.0,1.5969409154022287,0.0,36784.03059084598,0.9995660486642928,1,0
8752.0,4.07571020798423,0.0,36759.24289792016,0.9988924700521782,1,0
8753.0,4.89755939765746,0.0,36751.02440602343,0.998669141468028,1,0
8754.0,1.4465540621204127,0.0,36785.5344593788,0.9996069146570324,1,0
8755.0,0.0281467245113162,0.0,36799.71853275489,0.9999923514335568,1,0
8756.0,1.9803518153494224,0.0,36780.196481846506,0.999461860919742,1,0
8757.0,2.6553921454506053,0.0,36773.44607854549,0.999278426047432,1,0
8758.0,0.3520735450074426,0.0,36796.479264549926,0.9999043278410306,1,0
8759.0,1.442940514516522,0.0,36785.57059485484,0.999607896599316,1,0
