time_seconds,left_plane,right_plane,kappa,feasible_count,maximum_distance_km,total_distance_km,matching_method
0.0,0,1,42,44,1028.2122937356482,30486.445168436832,cyclic_shift
0.0,1,2,42,44,1028.0986551655094,30486.44636756308,cyclic_shift
0.0,2,3,42,44,1027.9677466113485,30486.44762799279,cyclic_shift
0.0,3,4,42,44,1027.8195707131063,30486.448906801805,cyclic_shift
0.0,4,5,42,44,1027.6541304591449,30486.450160441957,cyclic_shift
0.0,5,6,42,44,1027.4714291862606,30486.451346224057,cyclic_shift
0.0,6,7,42,44,1027.271470579706,30486.452423771283,cyclic_shift
0.0,7,8,42,44,1027.0542586732083,30486.453356393744,cyclic_shift
0.0,8,9,42,44,1026.8197978489827,30486.45411233713,cyclic_shift
0.0,9,10,42,44,1026.5680928377735,30486.454665863723,cyclic_shift
0.0,10,11,42,44,1026.2991487188544,30486.45499812775,cyclic_shift
0.0,11,12,42,44,1026.0586017389396,30486.455097817063,cyclic_shift
0.0,12,13,42,44,1026.3421001394463,30486.454961537554,cyclic_shift
0.0,13,14,42,44,1026.6083639931971,30486.454593928895,cyclic_shift
0.0,14,15,42,44,1026.8573879265516,30486.45400750695,cyclic_shift
0.0,15,16,42,44,1027.089166914423,30486.45322223727,cyclic_shift
0.0,16,17,42,44,1027.303696280268,30486.45226485628,cyclic_shift
0.0,17,18,42,44,1027.5009716960606,30486.45116796143,cyclic_shift
0.0,18,19,42,44,1027.6809891822618,30486.449968901572,cyclic_shift
0.0,19,20,42,44,1027.843745107805,30486.44870850593,cyclic_shift
0.0,20,21,42,44,1027.9892361900686,30486.447429693966,cyclic_shift
0.0,21,22,42,44,1028.1174594948693,30486.446176014222,cyclic_shift
0.0,22,23,42,44,1028.2284124364633,30486.44499016153,cyclic_shift
0.0,23,24,42,44,1028.3220927774746,30486.443912521918,cyclic_shift
0.0,24,25,42,44,1028.398498628942,30486.4429797979,cyclic_shift
0.0,25,26,42,44,1028.4576284502991,30486.44222375747,cyclic_shift
0.0,26,27,42,44,1028.4994810493315,30486.441670151333,cyclic_shift
0.0,27,28,42,44,1028.5240555822259,30486.4413378362,cyclic_shift
0.0,28,29,42,44,1028.5313515535192,30486.44123813111,cyclic_shift
0.0,29,30,42,44,1028.5213688161039,30486.441374432325,cyclic_shift
0.0,30,31,42,44,1028.4941075712547,30486.44174209692,cyclic_shift
0.0,31,32,42,44,1028.4495683685982,30486.442328601865,cyclic_shift
0.0,32,33,42,44,1028.387752106137,30486.44311397024,cyclic_shift
0.0,33,0,31,44,1028.3086600302358,30486.44407145219,cyclic_shift
120.0,0,1,42,44,1027.8702487441249,30486.44848653636,cyclic_shift
120.0,1,2,42,44,1027.7104906680472,30486.449753246106,cyclic_shift
120.0,2,3,42,44,1027.533470436277,30486.45096596349,cyclic_shift
120.0,3,4,42,44,1027.339191619373,30486.45208339402,cyclic_shift
120.0,4,5,42,44,1027.1276581363536,30486.453067489234,cyclic_shift
120.0,5,6,42,44,1026.8988742547358,30486.453884742074,cyclic_shift
120.0,6,7,42,44,1026.6528445905378,30486.45450732699,cyclic_shift
120.0,7,8,42,44,1026.389574108317,30486.45491404701,cyclic_shift
120.0,8,9,42,44,1026.1090681211838,30486.45509105478,cyclic_shift
120.0,9,10,42,44,1026.250689694174,30486.45503232403,cyclic_shift
120.0,10,11,42,44,1026.5226268759286,30486.45473985419,cyclic_shift
120.0,11,12,42,44,1026.777325867529,30486.454223602825,cyclic_shift
120.0,12,13,42,44,1027.0147815291582,30486.453501146352,cyclic_shift
120.0,13,14,42,44,1027.2349890695557,30486.45259708227,cyclic_shift
120.0,14,15,42,44,1027.4379440459907,30486.451542192495,cyclic_shift
120.0,15,16,42,44,1027.6236423642163,30486.450372395087,cyclic_shift
120.0,16,17,42,44,1027.7920802784672,30486.44912752229,cyclic_shift
120.0,17,18,42,44,1027.9432543914413,30486.447849964523,cyclic_shift
120.0,18,19,42,44,1028.077161654269,30486.446583226978,cyclic_shift
120.0,19,20,42,44,1028.193799366512,30486.44537044831,cyclic_shift
120.0,20,21,42,44,1028.29316517613,30486.444252931255,cyclic_shift
120.0,21,22,42,44,1028.375257079487,30486.44326873586,cyclic_shift
120.0,22,23,42,44,1028.4400734213566,30486.44245138309,cyclic_shift
120.0,23,24,42,44,1028.4876128948579,30486.44182871158,cyclic_shift
120.0,24,25,42,44,1028.5178745414917,30486.44142193021,cyclic_shift
120.0,25,26,42,44,1028.5308577511412,30486.44124489456,cyclic_shift
120.0,26,27,42,44,1028.5265622620364,30486.441303634554,cyclic_shift
120.0,27,28,42,44,1028.5049881607943,30486.441596149692,cyclic_shift
120.0,28,29,42,44,1028.466135882378,30486.442112476292,cyclic_shift
120.0,29,30,42,44,1028.410006210114,30486.44283502782,cyclic_shift
120.0,30,31,42,44,1028.3366002757134,30486.44373919356,cyclic_shift
120.0,31,32,42,44,1028.2459195592542,30486.444794178307,cyclic_shift
120.0,32,33,42,44,1028.1379658891963,30486.445964050996,cyclic_shift
120.0,33,0,31,44,1028.0127414423991,30486.44720896917,cyclic_shift
240.0,0,1,42,44,1027.405043312498,30486.451728534674,cyclic_shift
240.0,1,2,42,44,1027.1991887152965,30486.45276046338,cyclic_shift
240.0,2,3,42,44,1026.976082276377,30486.453636003407,cyclic_shift
240.0,3,4,42,44,1026.7357284970442,30486.454325344395,cyclic_shift
240.0,4,5,42,44,1026.4781322271301,30486.45480501628,cyclic_shift
240.0,5,6,42,44,1026.203298665023,30486.455058688087,cyclic_shift
240.0,6,7,42,44,1026.1574122819457,30486.455077723265,cyclic_shift
240.0,7,8,42,44,1026.4350221971038,30486.45486147377,cyclic_shift
240.0,8,9,42,44,1026.6953956901039,30486.454417301942,cyclic_shift
240.0,9,10,42,44,1026.938527506415,30486.453760330274,cyclic_shift
240.0,10,11,42,44,1027.1644127400484,30486.452912926507,cyclic_shift
240.0,11,12,42,44,1027.3730468335627,30486.451903943,cyclic_shift
240.0,12,13,42,44,1027.5644255780012,30486.450767734386,cyclic_shift
240.0,13,14,42,44,1027.7385451129032,30486.449542988605,cyclic_shift
240.0,14,15,42,44,1027.895401926277,30486.448271410314,cyclic_shift
240.0,15,16,42,44,1028.034992854566,30486.446996300325,cyclic_shift
240.0,16,17,42,44,1028.1573150826432,30486.44576108176,cyclic_shift
240.0,17,18,42,44,1028.2623661438017,30486.444607821173,cyclic_shift
240.0,18,19,42,44,1028.3501439197344,30486.44357579542,cyclic_shift
240.0,19,20,42,44,1028.4206466405271,30486.442700153835,cyclic_shift
240.0,20,21,42,44,1028.4738728846369,30486.442010720402,cyclic_shift
240.0,21,22,42,44,1028.5098215789087,30486.441530977605,cyclic_shift
240.0,22,23,42,44,1028.5284919985625,30486.441277266356,cyclic_shift
240.0,23,24,42,44,1028.5298837671635,30486.441258228147,cyclic_shift
240.0,24,25,42,44,1028.5139968566505,30486.441474511597,cyclic_shift
240.0,25,26,42,44,1028.4808315873338,30486.441918749784,cyclic_shift
240.0,26,27,42,44,1028.4303886278751,30486.44257581108,cyclic_shift
240.0,27,28,42,44,1028.3626689953192,30486.44342331585,cyclic_shift
240.0,28,29,42,44,1028.2776740550842,30486.444432398093,cyclic_shift
240.0,29,30,42,44,1028.1754055209412,30486.445568689876,cyclic_shift
240.0,30,31,42,44,1028.0558654550962,30486.44679349167,cyclic_shift
240.0,31,32,42,44,1027.9190562681165,30486.448065091663,cyclic_shift
240.0,32,33,42,44,1027.7649807190028,30486.44934018597,cyclic_shift
240.0,33,0,31,44,1027.5936419151767,30486.450575353414,cyclic_shift
360.0,0,1,42,44,1026.8167443760865,30486.45412058881,cyclic_shift
360.0,1,2,42,44,1026.5648228816692,30486.45467143889,cyclic_shift
360.0,2,3,42,44,1026.2956623455339,30486.455000836635,cyclic_shift
360.0,3,4,42,44,1026.0622681067343,30486.455097567366,cyclic_shift
360.0,4,5,42,44,1026.3455501482574,30486.454958337763,cyclic_shift
360.0,5,6,42,44,1026.6115975733965,30486.454587888085,cyclic_shift
360.0,6,7,42,44,1026.8604050128797,30486.453998830668,cyclic_shift
360.0,7,8,42,44,1027.0919674460054,30486.45321122098,cyclic_shift
360.0,8,9,42,44,1027.3062802006007,30486.45225187503,cyclic_shift
360.0,9,10,42,44,1027.503338953018,30486.451153457245,cyclic_shift
360.0,10,11,42,44,1027.6831397280896,30486.44995336826,cyclic_shift
360.0,11,12,42,44,1027.8456788991318,30486.4486924725,cyclic_shift
360.0,12,13,42,44,1027.9909531878923,30486.447413706435,cyclic_shift
360.0,13,14,42,44,1028.1189596645643,30486.44616061698,cyclic_shift
360.0,14,15,42,44,1028.2296957477706,30486.444975878872,cyclic_shift
360.0,15,16,42,44,1028.323159204523,30486.443899840382,cyclic_shift
360.0,16,17,42,44,1028.3993481502296,30486.442969149346,cyclic_shift
360.0,17,18,42,44,1028.458261048694,30486.44221550457,cyclic_shift
360.0,18,19,42,44,1028.4998967120878,30486.441664575348,cyclic_shift
360.0,19,20,42,44,1028.524254300958,30486.441335126972,cyclic_shift
360.0,20,21,42,44,1028.5313333242113,30486.441238380863,cyclic_shift
360.0,21,22,42,44,1028.521133639131,30486.441377632367,cyclic_shift
360.0,22,23,42,44,1028.493655451363,30486.44174813863,cyclic_shift
360.0,23,24,42,44,1028.448899314899,30486.442337279284,cyclic_shift
360.0,24,25,42,44,1028.3868661321208,30486.443124987793,cyclic_shift
360.0,25,26,42,44,1028.307557153766,30486.444084434737,cyclic_shift
360.0,26,27,42,44,1028.2109739789578,30486.445182942018,cyclic_shift
360.0,27,28,42,44,1028.0971185552169,30486.446383096987,cyclic_shift
360.0,28,29,42,44,1027.9659931784406,30486.4476440264,cyclic_shift
360.0,29,30,42,44,1027.8176004929428,30486.4489227892,cyclic_shift
360.0,30,31,42,44,1027.651943491462,30486.4501758386,cyclic_shift
360.0,31,32,42,44,1027.4690255151686,30486.451360505675,cyclic_shift
360.0,32,33,42,44,1027.2688502536942,30486.452436451622,cyclic_shift
360.0,33,0,31,44,1027.0514217451325,30486.453367040962,cyclic_shift
480.0,0,1,42,44,1026.1054366031199,30486.455091782904,cyclic_shift
480.0,1,2,42,44,1026.2542109250285,30486.45503008813,cyclic_shift
480.0,2,3,42,44,1026.5259317006066,30486.454734730443,cyclic_shift
480.0,3,4,42,44,1026.780414219331,30486.454215765592,cyclic_shift
480.0,4,5,42,44,1027.0176533457663,30486.453490862445,cyclic_shift
480.0,5,6,42,44,1027.2376442930317,30486.45258470198,cyclic_shift
480.0,6,7,42,44,1027.4403826227633,30486.45152813724,cyclic_shift
480.0,7,8,42,44,1027.6258642450969,30486.450357143483,cyclic_shift
480.0,8,9,42,44,1027.794085418638,30486.449111593654,cyclic_shift
480.0,9,10,42,44,1027.945042750463,30486.447833901297,cyclic_shift
480.0,10,11,42,44,1028.0787331960737,30486.44656757611,cyclic_shift
480.0,11,12,42,44,1028.195154059409,30486.445355742868,cyclic_shift
480.0,12,13,42,44,1028.2943029928028,30486.44423967209,cyclic_shift
480.0,13,14,42,44,1028.3761779969966,30486.44325737453,cyclic_shift
480.0,14,15,42,44,1028.4407774211277,30486.44244230646,cyclic_shift
480.0,15,16,42,44,1028.488099962696,30486.441822228924,cyclic_shift
480.0,16,17,42,44,1028.5181446675792,30486.44141826224,cyclic_shift
480.0,17,18,42,44,1028.5309109300315,30486.441244166213,cyclic_shift
480.0,18,19,42,44,1028.5263984926648,30486.44130587081,cyclic_shift
480.0,19,20,42,44,1028.504607446459,30486.44160127428,cyclic_shift
480.0,20,21,42,44,1028.4655382307446,30486.442120314634,cyclic_shift
480.0,21,22,42,44,1028.409191633236,30486.442845312737,cyclic_shift
480.0,22,23,42,44,1028.3355687900244,30486.44375157511,cyclic_shift
480.0,23,24,42,44,1028.2446711855446,30486.44480823464,cyclic_shift
480.0,24,25,42,44,1028.1365006526414,30486.445979303364,cyclic_shift
480.0,25,26,42,44,1028.0110593725474,30486.44722489823,cyclic_shift
480.0,26,27,42,44,1027.868349874892,30486.44850259947,cyclic_shift
480.0,27,28,42,44,1027.7083750377305,30486.449768896346,cyclic_shift
480.0,28,29,42,44,1027.5311380875542,30486.450980667963,cyclic_shift
480.0,29,30,42,44,1027.3366425992829,30486.452096652116,cyclic_shift
480.0,30,31,42,44,1027.1248924963238,30486.453078849405,cyclic_shift
480.0,31,32,42,44,1026.8958920505627,30486.45389381753,cyclic_shift
480.0,32,33,42,44,1026.649645882391,30486.454513808763,cyclic_shift
480.0,33,0,31,44,1026.3861589607466,30486.45491771426,cyclic_shift
600.0,0,1,42,44,1026.698555300629,30486.454410332746,cyclic_shift
600.0,1,2,42,44,1026.9414706017749,30486.453750816916,cyclic_shift
600.0,2,3,42,44,1027.1671392608648,30486.452901192944,cyclic_shift
600.0,3,4,42,44,1027.3755567248227,30486.451890388675,cyclic_shift
600.0,4,5,42,44,1027.566718789074,30486.450752820794,cyclic_shift
600.0,5,6,42,44,1027.740621597539,30486.4495272237,cyclic_shift
600.0,6,7,42,44,1027.8972616425892,30486.448255330815,cyclic_shift
600.0,7,8,42,44,1028.0366357650496,30486.44698045383,cyclic_shift
600.0,8,9,42,44,1028.1587411541673,30486.44574600792,cyclic_shift
600.0,9,10,42,44,1028.2635753476118,30486.444594033353,cyclic_shift
600.0,10,11,42,44,1028.351136231443,30486.44356376317,cyclic_shift
600.0,11,12,42,44,1028.4214220401288,30486.442690287033,cyclic_shift
600.0,12,13,42,44,1028.4744313565,30486.442003355125,cyclic_shift
600.0,13,14,42,44,1028.5101631117707,30486.441526364655,cyclic_shift
600.0,14,15,42,44,1028.5286165855368,30486.44127556282,cyclic_shift
600.0,15,16,42,44,1028.5297914057394,30486.44125949212,cyclic_shift
600.0,16,17,42,44,1028.5136875486903,30486.441478699988,cyclic_shift
600.0,17,18,42,44,1028.4803053390722,30486.441925719864,cyclic_shift
600.0,18,19,42,44,1028.4296454499258,30486.442585325665,cyclic_shift
600.0,19,20,42,44,1028.361708902671,30486.443435050754,cyclic_shift
600.0,20,21,42,44,1028.2764970670783,30486.444445953603,cyclic_shift
600.0,21,22,42,44,1028.1740116613191,30486.445583604112,cyclic_shift
600.0,22,23,42,44,1028.054254751973,30486.446809257068,cyclic_shift
600.0,23,24,42,44,1027.9172287539657,30486.448081171195,cyclic_shift
600.0,24,25,42,44,1027.7629364306833,30486.449356032015,cyclic_shift
600.0,25,26,42,44,1027.5913808939188,30486.45059042653,cyclic_shift
600.0,26,27,42,44,1027.4025656039034,30486.451742321366,cyclic_shift
600.0,27,28,42,44,1027.196494369351,30486.45277249433,cyclic_shift
600.0,28,29,42,44,1026.9731713474407,30486.45364586896,cyclic_shift
600.0,29,30,42,44,1026.7326010438453,30486.454332708752,cyclic_shift
600.0,30,31,42,44,1026.4747883127834,30486.454809628634,cyclic_shift
600.0,31,32,42,44,1026.1997383570083,30486.45506039137,cyclic_shift
600.0,32,33,42,44,1026.1610047271422,30486.45507645953,cyclic_shift
600.0,33,0,31,44,1026.4383982590307,30486.454857285942,cyclic_shift
720.0,0,1,42,44,1027.3088614008636,30486.452238871796,cyclic_shift
720.0,1,2,42,44,1027.5057034892775,30486.45113893694,cyclic_shift
720.0,2,3,42,44,1027.6852875526522,30486.44993782537,cyclic_shift
720.0,3,4,42,44,1027.8476099686704,30486.448676436223,cyclic_shift
720.0,4,5,42,44,1027.992667463464,30486.44739772283,cyclic_shift
720.0,5,6,42,44,1028.1204571116032,30486.44614523052,cyclic_shift
720.0,6,7,42,44,1028.2309763360736,30486.444961613422,cyclic_shift
720.0,7,8,42,44,1028.32422290827,30486.443887181827,cyclic_shift
720.0,8,9,42,44,1028.4001949479725,30486.442958528824,cyclic_shift
720.0,9,10,42,44,1028.4588909233596,30486.442207283817,cyclic_shift
720.0,10,11,42,44,1028.5003096509731,30486.441659034335,cyclic_shift
720.0,11,12,42,44,1028.524450295743,30486.44133245448,cyclic_shift
720.0,12,13,42,44,1028.531312370946,30486.441238667965,cyclic_shift
720.0,13,14,42,44,1028.5208957382301,30486.441380869226,cyclic_shift
720.0,14,15,42,44,1028.4932006076247,30486.441754214902,cyclic_shift
720.0,15,16,42,44,1028.4482275374978,30486.442345988118,cyclic_shift
720.0,16,17,42,44,1028.3859774345929,30486.44313603251,cyclic_shift
720.0,17,18,42,44,1028.3064515540384,30486.44409743914,cyclic_shift
720.0,18,19,42,44,1028.2096514993245,30486.445197463327,cyclic_shift
720.0,19,20,42,44,1028.0955792223428,30486.446398640594,cyclic_shift
720.0,20,21,42,44,1027.9642370233623,30486.447660062877,cyclic_shift
720.0,21,22,42,44,1027.8156275510748,30486.448938772275,cyclic_shift
720.0,22,23,42,44,1027.649753802608,30486.450191224358,cyclic_shift
720.0,23,24,42,44,1027.4666191234899,30486.451374770077,cyclic_shift
720.0,24,25,42,44,1027.2662272077293,30486.452449108903,cyclic_shift
720.0,25,26,42,44,1027.0485820977995,30486.453377660302,cyclic_shift
720.0,26,27,42,44,1026.8136881846742,30486.45412880844,cyclic_shift
720.0,27,28,42,44,1026.5615502078479,30486.454676979032,cyclic_shift
720.0,28,29,42,44,1026.292173255355,30486.455003508672,cyclic_shift
720.0,29,30,42,44,1026.065931758414,30486.455097280446,cyclic_shift
720.0,30,31,42,44,1026.3489974400568,30486.454955101533,cyclic_shift
720.0,31,32,42,44,1026.6148284357344,30486.45458181273,cyclic_shift
720.0,32,33,42,44,1026.8634193805588,30486.45399012305,cyclic_shift
720.0,33,0,31,44,1027.0947652581985,30486.453200177504,cyclic_shift
840.0,0,1,42,44,1027.796087837188,30486.44909565993,cyclic_shift
840.0,1,2,42,44,1027.9468283873823,30486.44781783981,cyclic_shift
840.0,2,3,42,44,1028.0803020153526,30486.446551933896,cyclic_shift
840.0,3,4,42,44,1028.1965060294083,30486.44534105257,cyclic_shift
840.0,4,5,42,44,1028.2954380862614,30486.44422643397,cyclic_shift
840.0,5,6,42,44,1028.377096191031,30486.44324603962,cyclic_shift
840.0,6,7,42,44,1028.4414786972195,30486.44243326066,cyclic_shift
840.0,7,8,42,44,1028.4885843067054,30486.44181578042,cyclic_shift
840.0,8,9,42,44,1028.518412069744,30486.44141463067,cyclic_shift
840.0,9,10,42,44,1028.5309613849608,30486.441243475274,cyclic_shift
840.0,10,11,42,44,1028.5262319993383,30486.44130814399,cyclic_shift
840.0,11,12,42,44,1028.5042240082353,30486.441606434197,cyclic_shift
840.0,12,13,42,44,1028.464937855357,30486.442128185565,cyclic_shift
840.0,13,14,42,44,1028.4083743327883,30486.44285562655,cyclic_shift
840.0,14,15,42,44,1028.3345345809905,30486.443763980467,cyclic_shift
840.0,15,16,42,44,1028.2434200887828,30486.44482230908,cyclic_shift
840.0,16,17,42,44,1028.1350326933746,30486.445994567504,cyclic_shift
840.0,17,18,42,44,1028.0093745803813,30486.447240832204,cyclic_shift
840.0,18,19,42,44,1027.8664482838024,30486.448518660814,cyclic_shift
840.0,19,20,42,44,1027.7062566860716,30486.44978453805,cyclic_shift
840.0,20,21,42,44,1027.5288030180457,30486.45099535733,cyclic_shift
840.0,21,22,42,44,1027.3340908590203,30486.4521098888,cyclic_shift
840.0,22,23,42,44,1027.1221241367998,30486.453090183048,cyclic_shift
840.0,23,24,42,44,1026.8929071276189,30486.45390286211,cyclic_shift
840.0,24,25,42,44,1026.646444456261,30486.45452025631,cyclic_shift
840.0,25,26,42,44,1026.3827410960344,30486.454921345485,cyclic_shift
840.0,26,27,42,44,1026.1018023688002,30486.45509247375,cyclic_shift
840.0,27,28,42,44,1026.2577294391547,30486.455027815293,cyclic_shift
840.0,28,29,42,44,1026.5292338076945,30486.454729571284,cyclic_shift
840.0,29,30,42,44,1026.783499852733,30486.454207895888,cyclic_shift
840.0,30,31,42,44,1027.0205224432257,30486.45348055,cyclic_shift
840.0,31,32,42,44,1027.240296796656,30486.452572297916,cyclic_shift
840.0,32,33,42,44,1027.4428184790415,30486.451514063916,cyclic_shift
840.0,33,0,31,44,1027.6280834048894,30486.45034187999,cyclic_shift
960.0,0,1,42,44,1028.1601645029114,30486.44573094711,cyclic_shift
960.0,1,2,42,44,1028.2647818283049,30486.444580264757,cyclic_shift
960.0,2,3,42,44,1028.3521258197625,30486.443551755754,cyclic_shift
960.0,3,4,42,44,1028.4221947161145,30486.44268044969,cyclic_shift
960.0,4,5,42,44,1028.4749871045753,30486.441996022902,cyclic_shift
960.0,5,6,42,44,1028.5105019207372,30486.441521787452,cyclic_shift
960.0,6,7,42,44,1028.5287384485546,30486.441273896387,cyclic_shift
960.0,7,8,42,44,1028.5296963203543,30486.44126079328,cyclic_shift
960.0,8,9,42,44,1028.5133755168201,30486.441482924423,cyclic_shift
960.0,9,10,42,44,1028.47977636701,30486.441932723697,cyclic_shift
960.0,10,11,42,44,1028.4288995483332,30486.442594870274,cyclic_shift
960.0,11,12,42,44,1028.3607460865865,30486.443446811107,cyclic_shift
960.0,12,13,42,44,1028.2753173559227,30486.44445952923,cyclic_shift
960.0,13,14,42,44,1028.172615078879,30486.44559853251,cyclic_shift
960.0,14,15,42,44,1028.0526413263958,30486.446825029805,cyclic_shift
960.0,15,16,42,44,1027.9153985178027,30486.4480972512,cyclic_shift
960.0,16,17,42,44,1027.7608894208365,30486.44937187166,cyclic_shift
960.0,17,18,42,44,1027.58911715168,30486.450605486432,cyclic_shift
960.0,18,19,42,44,1027.4000851749365,30486.45175608882,cyclic_shift
960.0,19,20,42,44,1027.1937973036906,30486.45278450053,cyclic_shift
960.0,20,21,42,44,1026.9702576994914,30486.453655705056,cyclic_shift
960.0,21,22,42,44,1026.7294708723953,30486.45434003969,cyclic_shift
960.0,22,23,42,44,1026.4714416810095,30486.454814205154,cyclic_shift
960.0,23,24,42,44,1026.1961753324433,30486.45506205753,cyclic_shift
960.0,24,25,42,44,1026.1645944559102,30486.455075158552,cyclic_shift
960.0,25,26,42,44,1026.4417716036512,30486.45485306227,cyclic_shift
960.0,26,27,42,44,1026.7017121930114,30486.45440332994,cyclic_shift
960.0,27,28,42,44,1026.9444109782216,30486.453741273494,cyclic_shift
960.0,28,29,42,44,1027.169863062053,30486.452889433855,cyclic_shift
960.0,29,30,42,44,1027.3780638957878,30486.45187681437,cyclic_shift
960.0,30,31,42,44,1027.569009279253,30486.45073789338,cyclic_shift
960.0,31,32,42,44,1027.7426953607226,30486.449511451476,cyclic_shift
960.0,32,33,42,44,1027.8991186369537,30486.448239250847,cyclic_shift
960.0,33,0,31,44,1028.038275953143,30486.446964613682,cyclic_shift
1080.0,0,1,42,44,1028.4010390221665,30486.44294793634,cyclic_shift
1080.0,1,2,42,44,1028.4595180742888,30486.44219909513,cyclic_shift
1080.0,2,3,42,44,1028.5007198659955,30486.4416535284,cyclic_shift
1080.0,3,4,42,44,1028.5246435665822,30486.441329818772,cyclic_shift
1080.0,4,5,42,44,1028.5312886937097,30486.441238992233,cyclic_shift
1080.0,5,6,42,44,1028.5206551133983,30486.441384142585,cyclic_shift
1080.0,6,7,42,44,1028.4927430400414,30486.441760325717,cyclic_shift
1080.0,7,8,42,44,1028.4475530363914,30486.442354728322,cyclic_shift
1080.0,8,9,42,44,1028.3850860135658,30486.443147104343,cyclic_shift
1080.0,9,10,42,44,1028.3053432310626,30486.444110465534,cyclic_shift
1080.0,10,11,42,44,1028.208326296746,30486.445212000584,cyclic_shift
1080.0,11,12,42,44,1028.0940371668853,30486.446414193655,cyclic_shift
1080.0,12,13,42,44,1027.9624781461243,30486.44767610209,cyclic_shift
1080.0,13,14,42,44,1027.813651887529,30486.44895475145,cyclic_shift
1080.0,14,15,42,44,1027.64756139259,30486.450206599253,cyclic_shift
1080.0,15,16,42,44,1027.46421001123,30486.45138901721,cyclic_shift
1080.0,16,17,42,44,1027.2636014418158,30486.45246174314,cyclic_shift
1080.0,17,18,42,44,1027.045739731212,30486.453388251422,cyclic_shift
1080.0,18,19,42,44,1026.8106292747648,30486.45413699601,cyclic_shift
1080.0,19,20,42,44,1026.5582748163333,30486.454682484222,cyclic_shift
1080.0,20,21,42,44,1026.2886814483325,30486.455006144006,cyclic_shift
1080.0,21,22,42,44,1026.0695926939666,30486.455096956,cyclic_shift
1080.0,22,23,42,44,1026.3524420148299,30486.45495182871,cyclic_shift
1080.0,23,24,42,44,1026.6180565802008,30486.45457570283,cyclic_shift
1080.0,24,25,42,44,1026.8664310295733,30486.453981384053,cyclic_shift
1080.0,25,26,42,44,1027.0975603509942,30486.453189107055,cyclic_shift
1080.0,26,27,42,44,1027.3114398810442,30486.452225846617,cyclic_shift
1080.0,27,28,42,44,1027.5080653048315,30486.45112440064,cyclic_shift
1080.0,28,29,42,44,1027.6874326559382,30486.44992227291,cyclic_shift
1080.0,29,30,42,44,1027.8495383164159,30486.44866039728,cyclic_shift
1080.0,30,31,42,44,1027.9943790167872,30486.44738174346,cyclic_shift
1080.0,31,32,42,44,1028.1219518359828,30486.44612985493,cyclic_shift
1080.0,32,33,42,44,1028.232254201368,30486.444947365246,cyclic_shift
1080.0,33,0,31,44,1028.3252838887106,30486.443874546214,cyclic_shift
1200.0,0,1,42,44,1028.5186767479868,30486.441411035445,cyclic_shift
1200.0,1,2,42,44,1028.5310091159254,30486.441242821566,cyclic_shift
1200.0,2,3,42,44,1028.526062782065,30486.44131045412,cyclic_shift
1200.0,3,4,42,44,1028.5038378461325,30486.441611629416,cyclic_shift
1200.0,4,5,42,44,1028.4643347562128,30486.4421360889,cyclic_shift
1200.0,5,6,42,44,1028.4075543087658,30486.44286596894,cyclic_shift
1200.0,6,7,42,44,1028.333497648616,30486.44377640952,cyclic_shift
1200.0,7,8,42,44,1028.2421662689685,30486.444836401526,cyclic_shift
1200.0,8,9,42,44,1028.1335620114032,30486.44600984338,cyclic_shift
1200.0,9,10,42,44,1028.0076870659072,30486.447256771262,cyclic_shift
1200.0,10,11,42,44,1027.8645439708598,30486.44853472025,cyclic_shift
1200.0,11,12,42,44,1027.7041356130662,30486.449800171005,cyclic_shift
1200.0,12,13,42,44,1027.5264652277572,30486.451010031535,cyclic_shift
1200.0,13,14,42,44,1027.3315363986112,30486.452123104486,cyclic_shift
1200.0,14,15,42,44,1027.1193530577902,30486.453101490202,cyclic_shift
1200.0,15,16,42,44,1026.8899194859239,30486.453911875815,cyclic_shift
1200.0,16,17,42,44,1026.6432403121573,30486.45452666963,cyclic_shift
1200.0,17,18,42,44,1026.3793205141847,30486.45492494002,cyclic_shift
1200.0,18,19,42,44,1026.0981654182474,30486.455093127348,cyclic_shift
1200.0,19,20,42,44,1026.261245236554,30486.45502550558,cyclic_shift
1200.0,20,21,42,44,1026.5325331971821,30486.454724376883,cyclic_shift
1200.0,21,22,42,44,1026.7865827677235,30486.45419999341,cyclic_shift
1200.0,22,23,42,44,1027.0233888215205,30486.453470208904,cyclic_shift
1200.0,23,24,42,44,1027.2429465804194,30486.452559870126,cyclic_shift
1200.0,24,25,42,44,1027.4452516148124,30486.451499972536,cyclic_shift
1200.0,25,26,42,44,1027.630299843592,30486.450326605027,cyclic_shift
1200.0,26,27,42,44,1027.7980875341098,30486.44907972118,cyclic_shift
1200.0,27,28,42,44,1027.948611302192,30486.447801780203,cyclic_shift
1200.0,28,29,42,44,1028.0818681121,30486.44653630033,cyclic_shift
1200.0,29,30,42,44,1028.197855276506,30486.44532637752,cyclic_shift
1200.0,30,31,42,44,1028.2965704565079,30486.44421321715,cyclic_shift
1200.0,31,32,42,44,1028.3780116615903,30486.44323473117,cyclic_shift
1200.0,32,33,42,44,1028.442177249635,30486.442424245757,cyclic_shift
1200.0,33,0,31,44,1028.4890659268883,30486.441809366057,cyclic_shift
1320.0,0,1,42,44,1028.5130607610429,30486.441487184846,cyclic_shift
1320.0,1,2,42,44,1028.4792446711447,30486.441939761055,cyclic_shift
1320.0,2,3,42,44,1028.428150923104,30486.442604444925,cyclic_shift
1320.0,3,4,42,44,1028.3597805470802,30486.443458596863,cyclic_shift
1320.0,4,5,42,44,1028.2741349216087,30486.444473124615,cyclic_shift
1320.0,5,6,42,44,1028.1712157736063,30486.445613474698,cyclic_shift
1320.0,6,7,42,44,1028.0510251783776,30486.44684080977,cyclic_shift
1320.0,7,8,42,44,1027.9135655596292,30486.4481133316,cyclic_shift
1320.0,8,9,42,44,1027.7588396894769,30486.449387704837,cyclic_shift
1320.0,9,10,42,44,1027.586850688473,30486.450620533287,cyclic_shift
1320.0,10,11,42,44,1027.3976020255973,30486.45176983695,cyclic_shift
1320.0,11,12,42,44,1027.1910975183166,30486.45279648186,cyclic_shift
1320.0,12,13,42,44,1026.9673413325443,30486.453665511675,cyclic_shift
1320.0,13,14,42,44,1026.7263379827225,30486.454347337643,cyclic_shift
1320.0,14,15,42,44,1026.4680923318167,30486.454818745904,cyclic_shift
1320.0,15,16,42,44,1026.192609591338,30486.455063686564,cyclic_shift
1320.0,16,17,42,44,1026.1681814682381,30486.455073820372,cyclic_shift
1320.0,17,18,42,44,1026.4451422309437,30486.454848802423,cyclic_shift
1320.0,18,19,42,44,1026.704866367251,30486.4543962936,cyclic_shift
1320.0,19,20,42,44,1026.947348635757,30486.45373170016,cyclic_shift
1320.0,20,21,42,44,1027.1725841436005,30486.452877649404,cyclic_shift
1320.0,21,22,42,44,1027.3805683464545,30486.45186321991,cyclic_shift
1320.0,22,23,42,44,1027.571297048524,30486.4507229521,cyclic_shift
1320.0,23,24,42,44,1027.7447664024473,30486.449495672026,cyclic_shift
1320.0,24,25,42,44,1027.9009729093602,30486.44822317051,cyclic_shift
1320.0,25,26,42,44,1028.0399134188353,30486.446948780125,cyclic_shift
1320.0,26,27,42,44,1028.1615851288689,30486.44571589939,cyclic_shift
1320.0,27,28,42,44,1028.2659855858778,30486.44456651542,cyclic_shift
1320.0,28,29,42,44,1028.3531126846833,30486.443539773172,cyclic_shift
1320.0,29,30,42,44,1028.4229646684814,30486.442670641933,cyclic_shift
1320.0,30,31,42,44,1028.4755401288687,30486.441988724004,cyclic_shift
1320.0,31,32,42,44,1028.5108380058023,30486.44151724602,cyclic_shift
1320.0,32,33,42,44,1028.5288575876173,30486.441272267093,cyclic_shift
1320.0,33,0,31,44,1028.5295985110101,30486.441262131568,cyclic_shift
1440.0,0,1,42,44,1028.384191869039,30486.443158203216,cyclic_shift
1440.0,1,2,42,44,1028.3042321848395,30486.444123513764,cyclic_shift
1440.0,2,3,42,44,1028.206998371231,30486.445226553806,cyclic_shift
1440.0,3,4,42,44,1028.0924923888515,30486.446429756186,cyclic_shift
1440.0,4,5,42,44,1027.9607165467257,30486.44769214391,cyclic_shift
1440.0,5,6,42,44,1027.8116735022943,30486.448970726375,cyclic_shift
1440.0,6,7,42,44,1027.6453662614174,30486.45022196314,cyclic_shift
1440.0,7,8,42,44,1027.4617981783942,30486.451403247032,cyclic_shift
1440.0,8,9,42,44,1027.2609729559736,30486.45247435429,cyclic_shift
1440.0,9,10,42,44,1027.0428946453865,30486.453398814538,cyclic_shift
1440.0,10,11,42,44,1026.8075676463548,30486.454145151405,cyclic_shift
1440.0,11,12,42,44,1026.554996707124,30486.454687954283,cyclic_shift
1440.0,12,13,42,44,1026.2851869244748,30486.455008742516,cyclic_shift
1440.0,13,14,42,44,1026.0732509133907,30486.455096594473,cyclic_shift
1440.0,14,15,42,44,1026.355883872563,30486.45494851936,cyclic_shift
1440.0,15,16,42,44,1026.6212820067844,30486.4545695584,cyclic_shift
1440.0,16,17,42,44,1026.8694399599174,30486.453972613715,cyclic_shift
1440.0,17,18,42,44,1027.1003527243806,30486.453178009368,cyclic_shift
1440.0,18,19,42,44,1027.3140156411434,30486.45221279962,cyclic_shift
1440.0,19,20,42,44,1027.510424399676,30486.451109848487,cyclic_shift
1440.0,20,21,42,44,1027.689575037938,30486.44990671105,cyclic_shift
1440.0,21,22,42,44,1027.851463942363,30486.448644355467,cyclic_shift
1440.0,22,23,42,44,1027.9960878478496,30486.447365768297,cyclic_shift
1440.0,23,24,42,44,1028.1234438376969,30486.446114490307,cyclic_shift
1440.0,24,25,42,44,1028.2335293436456,30486.444933134415,cyclic_shift
1440.0,25,26,42,44,1028.3263421458414,30486.44386193399,cyclic_shift
1440.0,26,27,42,44,1028.4018803728072,30486.442937371925,cyclic_shift
1440.0,27,28,42,44,1028.4601425014785,30486.44219093854,cyclic_shift
1440.0,28,29,42,44,1028.5011273571504,30486.441648057473,cyclic_shift
1440.0,29,30,42,44,1028.5248341134793,30486.441327219927,cyclic_shift
1440.0,30,31,42,44,1028.531262292511,30486.4412393539,cyclic_shift
1440.0,31,32,42,44,1028.5204117646338,30486.441387452465,cyclic_shift
1440.0,32,33,42,44,1028.4922827486198,30486.44176647104,cyclic_shift
1440.0,33,0,31,44,1028.4468758115886,30486.44236349971,cyclic_shift
1560.0,0,1,42,44,1028.1320886067329,30486.446025130885,cyclic_shift
1560.0,1,2,42,44,1028.0059968291341,30486.44727271524,cyclic_shift
1560.0,2,3,42,44,1027.8626369360725,30486.44855077775,cyclic_shift
1560.0,3,4,42,44,1027.7020118187236,30486.449815795186,cyclic_shift
1560.0,4,5,42,44,1027.5241247166941,30486.451024690283,cyclic_shift
1560.0,5,6,42,44,1027.3289792180465,30486.452136298874,cyclic_shift
1560.0,6,7,42,44,1027.1165792593026,30486.453112770796,cyclic_shift
1560.0,7,8,42,44,1026.886929125478,30486.45392085862,cyclic_shift
1560.0,8,9,42,44,1026.640033450094,30486.454533048785,cyclic_shift
1560.0,9,10,42,44,1026.3758972152177,30486.454928498344,cyclic_shift
1560.0,10,11,42,44,1026.0945257514632,30486.45509374365,cyclic_shift
1560.0,11,12,42,44,1026.2647583172027,30486.455023158924,cyclic_shift
1560.0,12,13,42,44,1026.5358298690637,30486.45471914721,cyclic_shift
1560.0,13,14,42,44,1026.7896629643078,30486.454192058714,cyclic_shift
1560.0,14,15,42,44,1027.0262524806435,30486.45345983925,cyclic_shift
1560.0,15,16,42,44,1027.2455936443107,30486.45254741867,cyclic_shift
1560.0,16,17,42,44,1027.447682030069,30486.45148586321,cyclic_shift
1560.0,17,18,42,44,1027.6325135611867,30486.450311318204,cyclic_shift
1560.0,18,19,42,44,1027.8000845093977,30486.44906377757,cyclic_shift
1560.0,19,20,42,44,1027.9503914948934,30486.44778572266,cyclic_shift
1560.0,20,21,42,44,1028.0834314863089,30486.446520675603,cyclic_shift
1560.0,21,22,42,44,1028.1992018006927,30486.44531171757,cyclic_shift
1560.0,22,23,42,44,1028.2977001035329,30486.444200021608,cyclic_shift
1560.0,23,24,42,44,1028.3789244086734,30486.443223449296,cyclic_shift
1560.0,24,25,42,44,1028.4428730783623,30486.442415261794,cyclic_shift
1560.0,25,26,42,44,1028.4895448232394,30486.441802986083,cyclic_shift
1560.0,26,27,42,44,1028.5189387023006,30486.44140747655,cyclic_shift
1560.0,27,28,42,44,1028.5310541229244,30486.441242205117,cyclic_shift
1560.0,28,29,42,44,1028.5258908408437,30486.441312801137,cyclic_shift
1560.0,29,30,42,44,1028.503448960152,30486.44161686,cyclic_shift
1560.0,30,31,42,44,1028.4637289333195,30486.442144024786,cyclic_shift
1560.0,31,32,42,44,1028.406731561171,30486.442876339876,cyclic_shift
1560.0,32,33,42,44,1028.33245799291,30486.44378886223,cyclic_shift
1560.0,33,0,31,44,1028.2409097261075,30486.444850511918,cyclic_shift
1680.0,0,1,42,44,1027.7567872366085,30486.449403531482,cyclic_shift
1680.0,1,2,42,44,1027.5845815043024,30486.450635566933,cyclic_shift
1680.0,2,3,42,44,1027.3951161559007,30486.45178356572,cyclic_shift
1680.0,3,4,42,44,1027.1883950132315,30486.452808438247,cyclic_shift
1680.0,4,5,42,44,1026.9644222465988,30486.453675288554,cyclic_shift
1680.0,5,6,42,44,1026.723202374819,30486.454354602305,cyclic_shift
1680.0,6,7,42,44,1026.464740265221,30486.454823250846,cyclic_shift
1680.0,7,8,42,44,1026.1890411337051,30486.455065278515,cyclic_shift
1680.0,8,9,42,44,1026.1717657641182,30486.455072445067,cyclic_shift
1680.0,9,10,42,44,1026.448510140913,30486.454844506705,cyclic_shift
1680.0,10,11,42,44,1026.7080178233318,30486.454389223672,cyclic_shift
1680.0,11,12,42,44,1026.95028357436,30486.453722096812,cyclic_shift
1680.0,12,13,42,44,1027.1753025055034,30486.4528658396,cyclic_shift
1680.0,13,14,42,44,1027.383070076822,30486.45184960573,cyclic_shift
1680.0,14,15,42,44,1027.5735820968812,30486.45070799705,cyclic_shift
1680.0,15,16,42,44,1027.7468347227061,30486.449479885374,cyclic_shift
1680.0,16,17,42,44,1027.9028244598064,30486.448207089816,cyclic_shift
1680.0,17,18,42,44,1028.0415481621233,30486.446932952993,cyclic_shift
1680.0,18,19,42,44,1028.1630030320368,30486.44570086493,cyclic_shift
1680.0,19,20,42,44,1028.2671866203364,30486.444552785622,cyclic_shift
1680.0,20,21,42,44,1028.3540968262048,30486.443527815485,cyclic_shift
1680.0,21,22,42,44,1028.4237318972237,30486.442660863617,cyclic_shift
1680.0,22,23,42,44,1028.4760904293717,30486.44198145835,cyclic_shift
1680.0,23,24,42,44,1028.5111713669662,30486.441512740395,cyclic_shift
1680.0,24,25,42,44,1028.5289740027204,30486.44127067494,cyclic_shift
1680.0,25,26,42,44,1028.529497977709,30486.44126350724,cyclic_shift
1680.0,26,27,42,44,1028.5127432813563,30486.4414914812,cyclic_shift
1680.0,27,28,42,44,1028.4787102514765,30486.44194683191,cyclic_shift
1680.0,28,29,42,44,1028.4273995742344,30486.442614049465,cyclic_shift
1680.0,29,30,42,44,1028.3588122841556,30486.443470408027,cyclic_shift
1680.0,30,31,42,44,1028.2729497641556,30486.444486739994,cyclic_shift
1680.0,31,32,42,44,1028.1698137455153,30486.445628430654,cyclic_shift
1680.0,32,33,42,44,1028.0494063079232,30486.44685659689,cyclic_shift
1680.0,33,0,31,44,1027.9117298794545,30486.44812941218,cyclic_shift
1800.0,0,1,42,44,1027.258341750202,30486.452486942268,cyclic_shift
1800.0,1,2,42,44,1027.0400468403257,30486.45340934948,cyclic_shift
1800.0,2,3,42,44,1026.804503299463,30486.454153274677,cyclic_shift
1800.0,3,4,42,44,1026.551715880233,30486.45469338925,cyclic_shift
1800.0,4,5,42,44,1026.281689683794,30486.455011304108,cyclic_shift
1800.0,5,6,42,44,1026.076906416664,30486.45509619561,cyclic_shift
1800.0,6,7,42,44,1026.359323013251,30486.454945173522,cyclic_shift
1800.0,7,8,42,44,1026.6245047154764,30486.454563379517,cyclic_shift
1800.0,8,9,42,44,1026.8724461715783,30486.453963812164,cyclic_shift
1800.0,9,10,42,44,1027.1031423783552,30486.453166884832,cyclic_shift
1800.0,10,11,42,44,1027.3165886811435,30486.452199730822,cyclic_shift
1800.0,11,12,42,44,1027.5127807737986,30486.451095280452,cyclic_shift
1800.0,12,13,42,44,1027.691714698654,30486.449891139873,cyclic_shift
1800.0,13,14,42,44,1027.8533868465124,30486.448628311256,cyclic_shift
1800.0,14,15,42,44,1027.9977939566463,30486.447349797425,cyclic_shift
1800.0,15,16,42,44,1028.1249331167423,30486.446099136712,cyclic_shift
1800.0,16,17,42,44,1028.2348017629054,30486.444918920923,cyclic_shift
1800.0,17,18,42,44,1028.3273976796522,30486.443849344676,cyclic_shift
1800.0,18,19,42,44,1028.4027189998997,30486.442926835723,cyclic_shift
1800.0,19,20,42,44,1028.460764204936,30486.442182814237,cyclic_shift
1800.0,20,21,42,44,1028.501532124431,30486.44164262172,cyclic_shift
1800.0,21,22,42,44,1028.5250219364268,30486.441324657717,cyclic_shift
1800.0,22,23,42,44,1028.5312331673422,30486.441239752847,cyclic_shift
1800.0,23,24,42,44,1028.5201656919376,30486.441390798816,cyclic_shift
1800.0,24,25,42,44,1028.4918197333523,30486.441772650855,cyclic_shift
1800.0,25,26,42,44,1028.44619586309,30486.44237230251,cyclic_shift
1800.0,26,27,42,44,1028.383295001011,30486.443169328995,cyclic_shift
1800.0,27,28,42,44,1028.3031184153715,30486.444136583716,cyclic_shift
1800.0,28,29,42,44,1028.205667722783,30486.44524112279,cyclic_shift
1800.0,29,30,42,44,1028.0909448882483,30486.446445328074,cyclic_shift
1800.0,30,31,42,44,1027.9589522251827,30486.447708188323,cyclic_shift
1800.0,31,32,42,44,1027.8096923953835,30486.448986696934,cyclic_shift
1800.0,32,33,42,44,1027.6431684091006,30486.450237316014,cyclic_shift
1800.0,33,0,31,44,1027.459383624993,30486.45141745936,cyclic_shift
1920.0,0,1,42,44,1026.63682387008,30486.454539393646,cyclic_shift
1920.0,1,2,42,44,1026.3724711991379,30486.454932020246,cyclic_shift
1920.0,2,3,42,44,1026.090883368468,30486.45509432269,cyclic_shift
1920.0,3,4,42,44,1026.268268681093,30486.455020775353,cyclic_shift
1920.0,4,5,42,44,1026.53912382332,30486.454713882125,cyclic_shift
1920.0,5,6,42,44,1026.7927404424602,30486.45418409154,cyclic_shift
1920.0,6,7,42,44,1027.0291134205886,30486.453449441127,cyclic_shift
1920.0,7,8,42,44,1027.2482379883252,30486.452534943648,cyclic_shift
1920.0,8,9,42,44,1027.4501097248076,30486.451471736073,cyclic_shift
1920.0,9,10,42,44,1027.6347245576783,30486.45029601995,cyclic_shift
1920.0,10,11,42,44,1027.8020787630396,30486.44904782909,cyclic_shift
1920.0,11,12,42,44,1027.9521689654734,30486.447769667106,cyclic_shift
1920.0,12,13,42,44,1028.084992137983,30486.44650505978,cyclic_shift
1920.0,13,14,42,44,1028.200545601981,30486.445297073216,cyclic_shift
1920.0,14,15,42,44,1028.2988270273356,30486.444186847395,cyclic_shift
1920.0,15,16,42,44,1028.3798344322713,30486.443212194015,cyclic_shift
1920.0,16,17,42,44,1028.4435661834061,30486.44240630876,cyclic_shift
1920.0,17,18,42,44,1028.490020995757,30486.44179664019,cyclic_shift
1920.0,18,19,42,44,1028.5191979326928,30486.441403954123,cyclic_shift
1920.0,19,20,42,44,1028.5310964059631,30486.441241626082,cyclic_shift
1920.0,20,21,42,44,1028.5257161756706,30486.441315185082,cyclic_shift
1920.0,21,22,42,44,1028.5030573502897,30486.441622125643,cyclic_shift
1920.0,22,23,42,44,1028.463120386672,30486.442151993087,cyclic_shift
1920.0,23,24,42,44,1028.405906090004,30486.442886739274,cyclic_shift
1920.0,24,25,42,44,1028.3314156138647,30486.443801338522,cyclic_shift
1920.0,25,26,42,44,1028.2396504602082,30486.44486464022,cyclic_shift
1920.0,26,27,42,44,1028.1306124793634,30486.446040429848,cyclic_shift
1920.0,27,28,42,44,1028.0043038700624,30486.44728866399,cyclic_shift
1920.0,28,29,42,44,1027.8607271794467,30486.448566833078,cyclic_shift
1920.0,29,30,42,44,1027.699885303051,30486.449831410497,cyclic_shift
1920.0,30,31,42,44,1027.5217814848759,30486.451039333755,cyclic_shift
1920.0,31,32,42,44,1027.326419317339,30486.452149471872,cyclic_shift
1920.0,32,33,42,44,1027.1138027413506,30486.453124024803,cyclic_shift
1920.0,33,0,31,44,1026.8839360462957,30486.453929810436,cyclic_shift
2040.0,0,1,42,44,1026.1753473435365,30486.45507103259,cyclic_shift
2040.0,1,2,42,44,1026.4518753335337,30486.454840175036,cyclic_shift
2040.0,2,3,42,44,1026.711166561246,30486.454382120315,cyclic_shift
2040.0,3,4,42,44,1026.9532157940205,30486.453712463575,cyclic_shift
2040.0,4,5,42,44,1027.1780181477525,30486.452854004445,cyclic_shift
2040.0,5,6,42,44,1027.3855690868734,30486.45183597171,cyclic_shift
2040.0,6,7,42,44,1027.5758644243144,30486.45069302831,cyclic_shift
2040.0,7,8,42,44,1027.7489003214932,30486.449464091667,cyclic_shift
2040.0,8,9,42,44,1027.9046732882828,30486.44819100894,cyclic_shift
2040.0,9,10,42,44,1028.0431801830055,30486.446917132565,cyclic_shift
2040.0,10,11,42,44,1028.1644182124094,30486.445685843686,cyclic_shift
2040.0,11,12,42,44,1028.2683849316672,30486.444539075183,cyclic_shift
2040.0,12,13,42,44,1028.3550782443265,30486.44351588285,cyclic_shift
2040.0,13,14,42,44,1028.4244964023515,30486.442651115107,cyclic_shift
2040.0,14,15,42,44,1028.4766380060862,30486.441974226,cyclic_shift
2040.0,15,16,42,44,1028.5115020042288,30486.441508270556,cyclic_shift
2040.0,16,17,42,44,1028.5290876938652,30486.441269119874,cyclic_shift
2040.0,17,18,42,44,1028.5293947204405,30486.441264919868,cyclic_shift
2040.0,18,19,42,44,1028.5124230777667,30486.44149581357,cyclic_shift
2040.0,19,20,42,44,1028.4781731080188,30486.44195393639,cyclic_shift
2040.0,20,21,42,44,1028.4266455017291,30486.442623683975,cyclic_shift
2040.0,21,22,42,44,1028.3578412978063,30486.443482244264,cyclic_shift
2040.0,22,23,42,44,1028.2717618835509,30486.444500375204,cyclic_shift
2040.0,23,24,42,44,1028.1684089946061,30486.445643400224,cyclic_shift
2040.0,24,25,42,44,1028.0477847150341,30486.446872391087,cyclic_shift
2040.0,25,26,42,44,1027.9098914772896,30486.448145493185,cyclic_shift
2040.0,26,27,42,44,1027.7547320622332,30486.449419351393,cyclic_shift
2040.0,27,28,42,44,1027.5823095991764,30486.450650587245,cyclic_shift
2040.0,28,29,42,44,1027.3926275658507,30486.451797274975,cyclic_shift
2040.0,29,30,42,44,1027.1856897884527,30486.4528203697,cyclic_shift
2040.0,30,31,42,44,1026.9615004416776,30486.45368503588,cyclic_shift
2040.0,31,32,42,44,1026.720064048697,30486.45436183364,cyclic_shift
2040.0,32,33,42,44,1026.4613854812355,30486.45482772001,cyclic_shift
2040.0,33,0,31,44,1026.1854699595544,30486.455066833238,cyclic_shift
2160.0,0,1,42,44,1026.8754496645483,30486.45395497944,cyclic_shift
2160.0,1,2,42,44,1027.105929312903,30486.453155733383,cyclic_shift
2160.0,2,3,42,44,1027.319159001042,30486.452186640352,cyclic_shift
2160.0,3,4,42,44,1027.5151344271935,30486.451080696635,cyclic_shift
2160.0,4,5,42,44,1027.693851638067,30486.449875559265,cyclic_shift
2160.0,5,6,42,44,1027.8553070288503,30486.448612264594,cyclic_shift
2160.0,6,7,42,44,1027.9994973431772,30486.44733383098,cyclic_shift
2160.0,7,8,42,44,1028.126419673111,30486.446083794257,cyclic_shift
2160.0,8,9,42,44,1028.2360714591398,30486.444904724976,cyclic_shift
2160.0,9,10,42,44,1028.3284504901517,30486.443836778722,cyclic_shift
2160.0,10,11,42,44,1028.4035549034306,30486.442916327702,cyclic_shift
2160.0,11,12,42,44,1028.4613831846484,30486.442174722102,cyclic_shift
2160.0,12,13,42,44,1028.5019341678444,30486.44163722113,cyclic_shift
2160.0,13,14,42,44,1028.5252070354352,30486.441322132574,cyclic_shift
2160.0,14,15,42,44,1028.5312013182095,30486.441240189095,cyclic_shift
2160.0,15,16,42,44,1028.519916895312,30486.44139418169,cyclic_shift
2160.0,16,17,42,44,1028.4913539942445,30486.44177886504,cyclic_shift
2160.0,17,18,42,44,1028.4455131908912,30486.442381136392,cyclic_shift
2160.0,18,19,42,44,1028.382395409495,30486.44318048178,cyclic_shift
2160.0,19,20,42,44,1028.3020019226662,30486.44414967549,cyclic_shift
2160.0,20,21,42,44,1028.2043343514,30486.44525570761,cyclic_shift
2160.0,21,22,42,44,1028.0893946650735,30486.446460909043,cyclic_shift
2160.0,22,23,42,44,1027.9571851814846,30486.44772423522,cyclic_shift
2160.0,23,24,42,44,1027.8077085667994,30486.44900266306,cyclic_shift
2160.0,24,25,42,44,1027.6409678356356,30486.450252657763,cyclic_shift
2160.0,25,26,42,44,1027.4569663510397,30486.45143165427,cyclic_shift
2160.0,26,27,42,44,1027.2557078245138,30486.452499506966,cyclic_shift
2160.0,27,28,42,44,1027.0371963160405,30486.453419856152,cyclic_shift
2160.0,28,29,42,44,1026.8014362340975,30486.454161365702,cyclic_shift
2160.0,29,30,42,44,1026.548432335672,30486.45469878911,cyclic_shift
2160.0,30,31,42,44,1026.2781897263042,30486.45501382894,cyclic_shift
2160.0,31,32,42,44,1026.080559203778,30486.45509575944,cyclic_shift
2160.0,32,33,42,44,1026.3627594368825,30486.454941791217,cyclic_shift
2160.0,33,0,31,44,1026.6277247062649,30486.45455716617,cyclic_shift
2280.0,0,1,42,44,1027.4525346990188,30486.45145759112,cyclic_shift
2280.0,1,2,42,44,1027.6369328330522,30486.450280710225,cyclic_shift
2280.0,2,3,42,44,1027.8040702950398,30486.449031875938,cyclic_shift
2280.0,3,4,42,44,1027.9539437139292,30486.447753613695,cyclic_shift
2280.0,4,5,42,44,1028.0865500670964,30486.446489452785,cyclic_shift
2280.0,5,6,42,44,1028.201886680354,30486.445282444292,cyclic_shift
2280.0,6,7,42,44,1028.2999512279127,30486.444173694625,cyclic_shift
2280.0,7,8,42,44,1028.3807417323826,30486.443200965434,cyclic_shift
2280.0,8,9,42,44,1028.4442565647653,30486.44239738676,cyclic_shift
2280.0,9,10,42,44,1028.4904944444436,30486.44179032871,cyclic_shift
2280.0,10,11,42,44,1028.5194544391557,30486.441400468084,cyclic_shift
2280.0,11,12,42,44,1028.5311359650352,30486.441241084252,cyclic_shift
2280.0,12,13,42,44,1028.5255387865543,30486.441317605957,cyclic_shift
2280.0,13,14,42,44,1028.5026630165612,30486.44162742674,cyclic_shift
2280.0,14,15,42,44,1028.4625091162761,30486.442159993803,cyclic_shift
2280.0,15,16,42,44,1028.4050778952706,30486.442897167104,cyclic_shift
2280.0,16,17,42,44,1028.3303705114897,30486.443813838276,cyclic_shift
2280.0,17,18,42,44,1028.238388471266,30486.44487878615,cyclic_shift
2280.0,18,19,42,44,1028.1291336293027,30486.44605574038,cyclic_shift
2280.0,19,20,42,44,1028.0026081887086,30486.447304617544,cyclic_shift
2280.0,20,21,42,44,1027.8588147009834,30486.44858288641,cyclic_shift
2280.0,21,22,42,44,1027.6977560660537,30486.44984701666,cyclic_shift
2280.0,22,23,42,44,1027.5194355322965,30486.451053961744,cyclic_shift
2280.0,23,24,42,44,1027.3238566964967,30486.452162623416,cyclic_shift
2280.0,24,25,42,44,1027.1110235039414,30486.453135252126,cyclic_shift
2280.0,25,26,42,44,1026.8809402483926,30486.453938731283,cyclic_shift
2280.0,26,27,42,44,1026.6336115721222,30486.454545704197,cyclic_shift
2280.0,27,28,42,44,1026.369042465959,30486.454935505688,cyclic_shift
2280.0,28,29,42,44,1026.0872382692671,30486.455094864396,cyclic_shift
2280.0,29,30,42,44,1026.2717763282158,30486.455018354944,cyclic_shift
2280.0,30,31,42,44,1026.5424150599497,30486.454708581885,cyclic_shift
2280.0,31,32,42,44,1026.7958152021754,30486.454176091993,cyclic_shift
2280.0,32,33,42,44,1027.0319716413483,30486.453439014578,cyclic_shift
2280.0,33,0,31,44,1027.2508796124546,30486.452522445066,cyclic_shift
2400.0,0,1,42,44,1027.9065193947863,30486.44817492796,cyclic_shift
2400.0,1,2,42,44,1028.0448094814737,30486.446901318865,cyclic_shift
2400.0,2,3,42,44,1028.1658306699856,30486.445670835867,cyclic_shift
2400.0,3,4,42,44,1028.2695805198637,30486.444525384282,cyclic_shift
2400.0,4,5,42,44,1028.3560569390402,30486.443503975122,cyclic_shift
2400.0,5,6,42,44,1028.425258183851,30486.442641396305,cyclic_shift
2400.0,6,7,42,44,1028.477182859006,30486.441967026967,cyclic_shift
2400.0,7,8,42,44,1028.5118299175879,30486.441503836577,cyclic_shift
2400.0,8,9,42,44,1028.5291986610537,30486.44126760198,cyclic_shift
2400.0,9,10,42,44,1028.5292887392193,30486.441266369744,cyclic_shift
2400.0,10,11,42,44,1028.512100150271,30486.44150018182,cyclic_shift
2400.0,11,12,42,44,1028.4776332407596,30486.441961074255,cyclic_shift
2400.0,12,13,42,44,1028.4258887055928,30486.442633348393,cyclic_shift
2400.0,13,14,42,44,1028.3568675880556,30486.443494105963,cyclic_shift
2400.0,14,15,42,44,1028.270571279807,30486.444514030107,cyclic_shift
2400.0,15,16,42,44,1028.1670015208845,30486.445658383436,cyclic_shift
2400.0,16,17,42,44,1028.0461603997153,30486.446888192168,cyclic_shift
2400.0,17,18,42,44,1027.9080503531259,30486.448161574106,cyclic_shift
2400.0,18,19,42,44,1027.7526741663653,30486.44943516467,cyclic_shift
2400.0,19,20,42,44,1027.5800349731044,30486.450665594286,cyclic_shift
2400.0,20,21,42,44,1027.3901362554516,30486.451810964754,cyclic_shift
2400.0,21,22,42,44,1027.1829818439837,30486.452832275907,cyclic_shift
2400.0,22,23,42,44,1026.9585759177762,30486.453694753494,cyclic_shift
2400.0,23,24,42,44,1026.7169230043703,30486.45436903162,cyclic_shift
2400.0,24,25,42,44,1026.4580279798668,30486.454832153293,cyclic_shift
2400.0,25,26,42,44,1026.1818960689027,30486.455068350973,cyclic_shift
2400.0,26,27,42,44,1026.1789262064801,30486.45506958291,cyclic_shift
2400.0,27,28,42,44,1026.4552378088013,30486.454835807406,cyclic_shift
2400.0,28,29,42,44,1026.7143125809816,30486.45437498347,cyclic_shift
2400.0,29,30,42,44,1026.9561452947344,30486.45370280051,cyclic_shift
2400.0,30,31,42,44,1027.18073107034,30486.452842144103,cyclic_shift
2400.0,31,32,42,44,1027.3880653766005,30486.451822317962,cyclic_shift
2400.0,32,33,42,44,1027.5781440308253,30486.450678046032,cyclic_shift
2400.0,33,0,31,44,1027.750963198803,30486.449448291005,cyclic_shift
2520.0,0,1,42,44,1028.2373384323475,30486.4448905466,cyclic_shift
2520.0,1,2,42,44,1028.3295005773296,30486.443824236063,cyclic_shift
2520.0,2,3,42,44,1028.4043880834038,30486.44290584801,cyclic_shift
2520.0,3,4,42,44,1028.4619994406178,30486.442166662226,cyclic_shift
2520.0,4,5,42,44,1028.5023334873858,30486.44163185558,cyclic_shift
2520.0,5,6,42,44,1028.5253894104976,30486.441319644244,cyclic_shift
2520.0,6,7,42,44,1028.5311667451147,30486.441240662614,cyclic_shift
2520.0,7,8,42,44,1028.519665374757,30486.441397601,cyclic_shift
2520.0,8,9,42,44,1028.4908855313013,30486.441785113653,cyclic_shift
2520.0,9,10,42,44,1028.4448277950046,30486.442390001477,cyclic_shift
2520.0,10,11,42,44,1028.3814930944795,30486.44319166135,cyclic_shift
2520.0,11,12,42,44,1028.300882706723,30486.444162788826,cyclic_shift
2520.0,12,13,42,44,1028.2029982570932,30486.445270308093,cyclic_shift
2520.0,13,14,42,44,1028.0878417193483,30486.44647649946,cyclic_shift
2520.0,14,15,42,44,1027.9554154156488,30486.447740284482,cyclic_shift
2520.0,15,16,42,44,1027.805722016551,30486.449018624742,cyclic_shift
2520.0,16,17,42,44,1027.638764541034,30486.450267988195,cyclic_shift
2520.0,17,18,42,44,1027.4545463565303,30486.45144583155,cyclic_shift
2520.0,18,19,42,44,1027.253071178915,30486.45251204837,cyclic_shift
2520.0,19,20,42,44,1027.0343430725445,30486.453430334688,cyclic_shift
2520.0,20,21,42,44,1026.798366450266,30486.454169424447,cyclic_shift
2520.0,21,22,42,44,1026.5451460734423,30486.454704153635,cyclic_shift
2520.0,22,23,42,44,1026.2746870520152,30486.455016316908,cyclic_shift
2520.0,23,24,42,44,1026.0842092747223,30486.455095285975,cyclic_shift
2520.0,24,25,42,44,1026.3661931434428,30486.454938372422,cyclic_shift
2520.0,25,26,42,44,1026.6309419791485,30486.45455091858,cyclic_shift
2520.0,26,27,42,44,1026.8784504388207,30486.453946115496,cyclic_shift
2520.0,27,28,42,44,1027.1087135280175,30486.453144555024,cyclic_shift
2520.0,28,29,42,44,1027.3217266008298,30486.45217352818,cyclic_shift
2520.0,29,30,42,44,1027.5174853598528,30486.4510660972,cyclic_shift
2520.0,30,31,42,44,1027.6959858561831,30486.449859969573,cyclic_shift
2520.0,31,32,42,44,1027.8572244893737,30486.448596215527,cyclic_shift
2520.0,32,33,42,44,1028.001198007432,30486.447317869057,cyclic_shift
2520.0,33,0,31,44,1028.1279035068044,30486.446068462967,cyclic_shift
2640.0,0,1,42,44,1028.4449442224359,30486.442388495845,cyclic_shift
2640.0,1,2,42,44,1028.490965169289,30486.44178405153,cyclic_shift
2640.0,2,3,42,44,1028.5197082216928,30486.44139701852,cyclic_shift
2640.0,3,4,42,44,1028.5311728001413,30486.44124057971,cyclic_shift
2640.0,4,5,42,44,1028.525358673487,30486.441320063634,cyclic_shift
2640.0,5,6,42,44,1028.502265958957,30486.44163276303,cyclic_shift
2640.0,6,7,42,44,1028.4618951221366,30486.442168026802,cyclic_shift
2640.0,7,8,42,44,1028.404246976972,30486.44290762329,cyclic_shift
2640.0,8,9,42,44,1028.3293226857913,30486.4438263615,cyclic_shift
2640.0,9,10,42,44,1028.2371237592913,30486.44489294988,cyclic_shift
2640.0,10,11,42,44,1028.127652056554,30486.446071062204,cyclic_shift
2640.0,11,12,42,44,1028.0009097850657,30486.447320575717,cyclic_shift
2640.0,12,13,42,44,1027.856899500696,30486.44859893748,cyclic_shift
2640.0,13,14,42,44,1027.6956241077498,30486.449862614045,cyclic_shift
2640.0,14,15,42,44,1027.5170868589687,30486.451068574162,cyclic_shift
2640.0,15,16,42,44,1027.3212913555262,30486.452175753493,cyclic_shift
2640.0,16,17,42,44,1027.108241547076,30486.453146452634,cyclic_shift
2640.0,17,18,42,44,1026.8779417317623,30486.45394762096,cyclic_shift
2640.0,18,19,42,44,1026.630396556237,30486.454551980452,cyclic_shift
2640.0,19,20,42,44,1026.3656110156926,30486.454938954812,cyclic_shift
2640.0,20,21,42,44,1026.0835904538708,30486.45509536887,cyclic_shift
2640.0,21,22,42,44,1026.2752812585516,30486.455015897445,cyclic_shift
2640.0,22,23,42,44,1026.5457035789395,30486.454703246454,cyclic_shift
2640.0,23,24,42,44,1026.7988872434457,30486.45416806007,cyclic_shift
2640.0,24,25,42,44,1027.0348271429032,30486.453428559635,cyclic_shift
2640.0,25,26,42,44,1027.2535185166926,30486.45250992321,cyclic_shift
2640.0,26,27,42,44,1027.4549569526935,30486.451443428443,cyclic_shift
2640.0,27,28,42,44,1027.6391383873017,30486.450265389063,cyclic_shift
2640.0,28,29,42,44,1027.8060591053863,30486.44901591804,cyclic_shift
2640.0,29,30,42,44,1027.9557157402535,30486.447737562576,cyclic_shift
2640.0,30,31,42,44,1028.0881052736675,30486.446473854896,cyclic_shift
2640.0,31,32,42,44,1028.203225035806,30486.44526783089,cyclic_shift
2640.0,32,33,42,44,1028.3010727052585,30486.44416056342,cyclic_shift
2640.0,33,0,31,44,1028.38164630901,30486.443189763544,cyclic_shift
2760.0,0,1,42,44,1028.5293069042807,30486.441266121252,cyclic_shift
2760.0,1,2,42,44,1028.5291800340378,30486.441267856775,cyclic_shift
2760.0,2,3,42,44,1028.51177449887,30486.441504585993,cyclic_shift
2760.0,3,4,42,44,1028.4770906497058,30486.441968245497,cyclic_shift
2760.0,4,5,42,44,1028.4251291858245,30486.44264304242,cyclic_shift
2760.0,5,6,42,44,1028.3558911548887,30486.443505992767,cyclic_shift
2760.0,6,7,42,44,1028.2693779529293,30486.444527704716,cyclic_shift
2760.0,7,8,42,44,1028.1655913243578,30486.445673380116,cyclic_shift
2760.0,8,9,42,44,1028.0445333619712,30486.446904000226,cyclic_shift
2760.0,9,10,42,44,1027.9062065069836,30486.448177655133,cyclic_shift
2760.0,10,11,42,44,1027.7506135490048,30486.449450971068,cyclic_shift
2760.0,11,12,42,44,1027.5777576260907,30486.450680587837,cyclic_shift
2760.0,12,13,42,44,1027.3876422247197,30486.451824634936,cyclic_shift
2760.0,13,14,42,44,1027.1802711798473,30486.452844157233,cyclic_shift
2760.0,14,15,42,44,1026.9556486749095,30486.453704441323,cyclic_shift
2760.0,15,16,42,44,1026.7137792418466,30486.454376196223,cyclic_shift
2760.0,16,17,42,44,1026.454667761119,30486.454836550638,cyclic_shift
2760.0,17,18,42,44,1026.1783194617526,30486.455069831412,cyclic_shift
2760.0,18,19,42,44,1026.1825023529425,30486.455068096133,cyclic_shift
2760.0,19,20,42,44,1026.4585975667135,30486.454831403997,cyclic_shift
2760.0,20,21,42,44,1026.7174558825288,30486.454367813232,cyclic_shift
2760.0,21,22,42,44,1026.9590720764886,30486.45369310748,cyclic_shift
2760.0,22,23,42,44,1027.1834412732553,30486.452830258593,cyclic_shift
2760.0,23,24,42,44,1027.3905589459966,30486.451808644524,cyclic_shift
2760.0,24,25,42,44,1027.5804209163964,30486.4506630502,cyclic_shift
2760.0,25,26,42,44,1027.7530233546288,30486.4494324835,cyclic_shift
2760.0,26,27,42,44,1027.9083627793093,30486.44815884687,cyclic_shift
2760.0,27,28,42,44,1028.0464360575186,30486.44688551197,cyclic_shift
2760.0,28,29,42,44,1028.167240404757,30486.44565584139,cyclic_shift
2760.0,29,30,42,44,1028.270773384924,30486.44451171306,cyclic_shift
2760.0,30,31,42,44,1028.357032910349,30486.443492092636,cyclic_shift
2760.0,31,32,42,44,1028.4260172417285,30486.44263170725,cyclic_shift
2760.0,32,33,42,44,1028.4777249881352,30486.441959861404,cyclic_shift
2760.0,33,0,31,44,1028.5121551070447,30486.4414994385,cyclic_shift
2880.0,0,1,42,44,1028.4904143445208,30486.44179139664,cyclic_shift
2880.0,1,2,42,44,1028.444139675428,30486.44239889766,cyclic_shift
2880.0,2,3,42,44,1028.3805880559805,30486.44320286776,cyclic_shift
2880.0,3,4,42,44,1028.2997607675452,30486.444175923694,cyclic_shift
2880.0,4,5,42,44,1028.2016594398626,30486.4452849241,cyclic_shift
2880.0,5,6,42,44,1028.086286051068,30486.446492098916,cyclic_shift
2880.0,6,7,42,44,1027.9536429276786,30486.447756336005,cyclic_shift
2880.0,7,8,42,44,1027.8037327446434,30486.44903458181,cyclic_shift
2880.0,8,9,42,44,1027.6365585253081,30486.450283307375,cyclic_shift
2880.0,9,10,42,44,1027.4521236414828,30486.451459991233,cyclic_shift
2880.0,10,11,42,44,1027.2504318134143,30486.45252456636,cyclic_shift
2880.0,11,12,42,44,1027.03148710984,30486.453440784837,cyclic_shift
2880.0,12,13,42,44,1026.7952939479794,30486.454177450927,cyclic_shift
2880.0,13,14,42,44,1026.5418570935753,30486.454709483205,cyclic_shift
2880.0,14,15,42,44,1026.2711816609321,30486.455018767985,cyclic_shift
2880.0,15,16,42,44,1026.0878566294784,30486.45509477523,cyclic_shift
2880.0,16,17,42,44,1026.369624132922,30486.454934917176,cyclic_shift
2880.0,17,18,42,44,1026.6341565341006,30486.454544636435,cyclic_shift
2880.0,18,19,42,44,1026.8814484943816,30486.453937220525,cyclic_shift
2880.0,19,20,42,44,1027.1114950236918,30486.45313334997,cyclic_shift
2880.0,20,21,42,44,1027.3242914804964,30486.452160394532,cyclic_shift
2880.0,21,22,42,44,1027.519833571764,30486.451051481956,cyclic_shift
2880.0,22,23,42,44,1027.6981173529862,30486.449844370745,cyclic_shift
2880.0,23,24,42,44,1027.8591392280712,30486.448580164117,cyclic_shift
2880.0,24,25,42,44,1028.002895949406,30486.447301911645,cyclic_shift
2880.0,25,26,42,44,1028.129384617817,30486.446053143176,cyclic_shift
2880.0,26,27,42,44,1028.2386026825238,30486.44487638583,cyclic_shift
2880.0,27,28,42,44,1028.3305479411797,30486.443811716756,cyclic_shift
2880.0,28,29,42,44,1028.4052185398164,30486.442895396554,cyclic_shift
2880.0,29,30,42,44,1028.4626129728404,30486.442158634738,cyclic_shift
2880.0,30,31,42,44,1028.5027300830527,30486.44162652533,cyclic_shift
2880.0,31,32,42,44,1028.525569061613,30486.44131719281,cyclic_shift
2880.0,32,33,42,44,1028.5311294480573,30486.441241173525,cyclic_shift
2880.0,33,0,31,44,1028.5194111302696,30486.441401056694,cyclic_shift
3000.0,0,1,42,44,1028.3282721367686,30486.443838908108,cyclic_shift
3000.0,1,2,42,44,1028.2358563242856,30486.444907131223,cyclic_shift
3000.0,2,3,42,44,1028.1261677611262,30486.446086395346,cyclic_shift
3000.0,3,4,42,44,1027.9992086591433,30486.44733653842,cyclic_shift
3000.0,4,5,42,44,1027.8549815785843,30486.448614986108,cyclic_shift
3000.0,5,6,42,44,1027.6934894281376,30486.449878202206,cyclic_shift
3000.0,6,7,42,44,1027.5147354648993,30486.45108317098,cyclic_shift
3000.0,7,8,42,44,1027.3187232944376,30486.45218886191,cyclic_shift
3000.0,8,9,42,44,1027.1054568707743,30486.453157626427,cyclic_shift
3000.0,9,10,42,44,1026.8749404964299,30486.45395647958,cyclic_shift
3000.0,10,11,42,44,1026.6271788224287,30486.454558222318,cyclic_shift
3000.0,11,12,42,44,1026.3621768483447,30486.4549423674,cyclic_shift
3000.0,12,13,42,44,1026.0799399222988,30486.45509583615,cyclic_shift
3000.0,13,14,42,44,1026.2787834721087,30486.455013403312,cyclic_shift
3000.0,14,15,42,44,1026.5489893802721,30486.45469787578,cyclic_shift
3000.0,15,16,42,44,1026.801956566253,30486.454159995843,cyclic_shift
3000.0,16,17,42,44,1027.037679925251,30486.45341807636,cyclic_shift
3000.0,17,18,42,44,1027.2561547010198,30486.452497377777,cyclic_shift
3000.0,18,19,42,44,1027.4573764858255,30486.451429248184,cyclic_shift
3000.0,19,20,42,44,1027.6413412204301,30486.450250056747,cyclic_shift
3000.0,20,21,42,44,1027.8080451940725,30486.448999955686,cyclic_shift
3000.0,21,22,42,44,1027.9574850444374,30486.447721513545,cyclic_shift
3000.0,22,23,42,44,1028.089657757679,30486.44645826615,cyclic_shift
3000.0,23,24,42,44,1028.204560668338,30486.44525323309,cyclic_shift
3000.0,24,25,42,44,1028.3021914593737,30486.44414745373,cyclic_shift
3000.0,25,26,42,44,1028.3825481621518,30486.443178588546,cyclic_shift
3000.0,26,27,42,44,1028.4456291564136,30486.442379636017,cyclic_shift
3000.0,27,28,42,44,1028.4914331703,30486.44177780871,cyclic_shift
3000.0,28,29,42,44,1028.5199592803008,30486.441393605357,cyclic_shift
3000.0,29,30,42,44,1028.531206911281,30486.441240112523,cyclic_shift
3000.0,30,31,42,44,1028.5251758364775,30486.44132255828,cyclic_shift
3000.0,31,32,42,44,1028.5018661774793,30486.44163813451,cyclic_shift
3000.0,32,33,42,44,1028.4612784042502,30486.442176092187,cyclic_shift
3000.0,33,0,31,44,1028.4034133351126,30486.442918107805,cyclic_shift
3120.0,0,1,42,44,1028.0429036018131,30486.446919815055,cyclic_shift
3120.0,1,2,42,44,1027.904359938861,30486.448193736098,cyclic_shift
3120.0,2,3,42,44,1027.7485502101638,30486.44946677057,cyclic_shift
3120.0,3,4,42,44,1027.5754775581424,30486.45069556782,cyclic_shift
3120.0,4,5,42,44,1027.3851454736528,30486.4518382853,cyclic_shift
3120.0,5,6,42,44,1027.1775577960364,30486.45285601333,cyclic_shift
3120.0,6,7,42,44,1026.9527187130896,30486.453714099345,cyclic_shift
3120.0,7,8,42,44,1026.710632761138,30486.454383327393,cyclic_shift
3120.0,8,9,42,44,1026.4513048250142,30486.454840912174,cyclic_shift
3120.0,9,10,42,44,1026.1747401381233,30486.455071274777,cyclic_shift
3120.0,10,11,42,44,1026.1860757829065,30486.455066572184,cyclic_shift
3120.0,11,12,42,44,1026.4619546072465,30486.454826964633,cyclic_shift
3120.0,12,13,42,44,1026.720596465879,30486.454360609638,cyclic_shift
3120.0,13,14,42,44,1026.9619961392827,30486.45368338489,cyclic_shift
3120.0,14,15,42,44,1027.1861487564897,30486.45281834799,cyclic_shift
3120.0,15,16,42,44,1027.393049795053,30486.45179495147,cyclic_shift
3120.0,16,17,42,44,1027.5826950810292,30486.450648040915,cyclic_shift
3120.0,17,18,42,44,1027.7550807889604,30486.449416669017,cyclic_shift
3120.0,18,19,42,44,1027.9102034418536,30486.448142765938,cyclic_shift
3120.0,19,20,42,44,1028.0480599111472,30486.44686971205,cyclic_shift
3120.0,20,21,42,44,1028.168647416719,30486.44564086057,cyclic_shift
3120.0,21,22,42,44,1028.2719635268513,30486.444498061283,cyclic_shift
3120.0,22,23,42,44,1028.3580061582438,30486.443480235266,cyclic_shift
3120.0,23,24,42,44,1028.426773575962,30486.44262204798,cyclic_shift
3120.0,24,25,42,44,1028.4782643934684,30486.441952729187,cyclic_shift
3120.0,25,26,42,44,1028.5124775726001,30486.441495076422,cyclic_shift
3120.0,26,27,42,44,1028.529412423547,30486.441264677625,cyclic_shift
3120.0,27,28,42,44,1028.5290686048932,30486.441269380935,cyclic_shift
3120.0,28,29,42,44,1028.511446123571,30486.441509025986,cyclic_shift
3120.0,29,30,42,44,1028.4765453348543,30486.441975450245,cyclic_shift
3120.0,30,31,42,44,1028.4243669424338,30486.44265276635,cyclic_shift
3120.0,31,32,42,44,1028.3549119983156,30486.443517904707,cyclic_shift
3120.0,32,33,42,44,1028.2681819029183,30486.444541398967,cyclic_shift
3120.0,33,0,31,44,1028.1641784050262,30486.445688390148,cyclic_shift
3240.0,0,1,42,44,1027.6343497884616,30486.45029861516,cyclic_shift
3240.0,1,2,42,44,1027.4496982059022,30486.45147413313,cyclic_shift
3240.0,2,3,42,44,1027.2477897280246,30486.452537060923,cyclic_shift
3240.0,3,4,42,44,1027.0286284279393,30486.453451206547,cyclic_shift
3240.0,4,5,42,44,1026.7922187272472,30486.454185444985,cyclic_shift
3240.0,5,6,42,44,1026.538565396067,30486.45471477751,cyclic_shift
3240.0,6,7,42,44,1026.2676735530729,30486.45502118217,cyclic_shift
3240.0,7,8,42,44,1026.091501268042,30486.455094227167,cyclic_shift
3240.0,8,9,42,44,1026.3730524053117,30486.45493142553,cyclic_shift
3240.0,9,10,42,44,1026.6373683711256,30486.454538320068,cyclic_shift
3240.0,10,11,42,44,1026.8844438312212,30486.45392829445,cyclic_shift
3240.0,11,12,42,44,1027.1142737999132,30486.45312211815,cyclic_shift
3240.0,12,13,42,44,1027.3268536400353,30486.45214723944,cyclic_shift
3240.0,13,14,42,44,1027.5221790629364,30486.4510368514,cyclic_shift
3240.0,14,15,42,44,1027.7002461284692,30486.449828762918,cyclic_shift
3240.0,15,16,42,44,1027.8610512449377,30486.448564110477,cyclic_shift
3240.0,16,17,42,44,1028.0045911690927,30486.447285958944,cyclic_shift
3240.0,17,18,42,44,1028.1308630061371,30486.44603783453,cyclic_shift
3240.0,18,19,42,44,1028.2398642096705,30486.444862242875,cyclic_shift
3240.0,19,20,42,44,1028.3315925817105,30486.443799221004,cyclic_shift
3240.0,20,21,42,44,1028.4060462726607,30486.442884973607,cyclic_shift
3240.0,21,22,42,44,1028.4632237813125,30486.44215063935,cyclic_shift
3240.0,22,23,42,44,1028.503123954847,30486.441621230246,cyclic_shift
3240.0,23,24,42,44,1028.5257459887805,30486.441314778196,cyclic_shift
3240.0,24,25,42,44,1028.5310894270312,30486.441241721644,cyclic_shift
3240.0,25,26,42,44,1028.5191541618622,30486.44140454903,cyclic_shift
3240.0,26,27,42,44,1028.4899404339003,30486.441797713913,cyclic_shift
3240.0,27,28,42,44,1028.4434488321588,30486.442407824885,cyclic_shift
3240.0,28,29,42,44,1028.379680293993,30486.443214100844,cyclic_shift
3240.0,29,30,42,44,1028.2986361051385,30486.444189080165,cyclic_shift
3240.0,30,31,42,44,1028.2003178997177,30486.445299555737,cyclic_shift
3240.0,31,32,42,44,1028.0847276602315,30486.44650770741,cyclic_shift
3240.0,32,33,42,44,1027.9518677175847,30486.447772389824,cyclic_shift
3240.0,33,0,31,44,1027.8017407510797,30486.449050534127,cyclic_shift
3360.0,0,1,42,44,1027.102669475041,30486.453168773296,cyclic_shift
3360.0,1,2,42,44,1026.8719365423972,30486.453965307028,cyclic_shift
3360.0,2,3,42,44,1026.6239583707134,30486.454564429787,cyclic_shift
3360.0,3,4,42,44,1026.358739963932,30486.454945743546,cyclic_shift
3360.0,4,5,42,44,1026.0762866745508,30486.455096265876,cyclic_shift
3360.0,5,6,42,44,1026.2822829688603,30486.455010872287,cyclic_shift
3360.0,6,7,42,44,1026.5522724639482,30486.45469247001,cyclic_shift
3360.0,7,8,42,44,1026.8050231705963,30486.454151899354,cyclic_shift
3360.0,8,9,42,44,1027.040529988385,30486.453407564873,cyclic_shift
3360.0,9,10,42,44,1027.2587881654417,30486.45248480914,cyclic_shift
3360.0,10,11,42,44,1027.4597932984043,30486.451415050313,cyclic_shift
3360.0,11,12,42,44,1027.6435413324177,30486.450234713142,cyclic_shift
3360.0,12,13,42,44,1027.8100285610922,30486.44898398886,cyclic_shift
3360.0,13,14,42,44,1027.9592516264893,30486.447705467137,cyclic_shift
3360.0,14,15,42,44,1028.0912075191302,30486.446442686563,cyclic_shift
3360.0,15,16,42,44,1028.2058935779385,30486.445238650977,cyclic_shift
3360.0,16,17,42,44,1028.3033074902476,30486.4441343657,cyclic_shift
3360.0,17,18,42,44,1028.383447291793,30486.443167440284,cyclic_shift
3360.0,18,19,42,44,1028.446311366702,30486.442370807414,cyclic_shift
3360.0,19,20,42,44,1028.4918984474773,30486.441771600377,cyclic_shift
3360.0,20,21,42,44,1028.5202076149765,30486.441390228723,cyclic_shift
3360.0,21,22,42,44,1028.5312382984507,30486.441239682415,cyclic_shift
3360.0,22,23,42,44,1028.5249902755183,30486.441325089734,cyclic_shift
3360.0,23,24,42,44,1028.5014636721287,30486.4416435411,cyclic_shift
3360.0,24,25,42,44,1028.4606589626208,30486.44218418977,cyclic_shift
3360.0,25,26,42,44,1028.4025769696964,30486.442928620643,cyclic_shift
3360.0,26,27,42,44,1028.3272188644273,30486.443851478005,cyclic_shift
3360.0,27,28,42,44,1028.2345861662523,30486.444921330105,cyclic_shift
3360.0,28,29,42,44,1028.1246807430205,30486.446101739693,cyclic_shift
3360.0,29,30,42,44,1027.997504810946,30486.447352505675,cyclic_shift
3360.0,30,31,42,44,1027.853060934661,30486.448631032446,cyclic_shift
3360.0,31,32,42,44,1027.6913520272176,30486.4498937812,cyclic_shift
3360.0,32,33,42,44,1027.5123813501,30486.451097752157,cyclic_shift
3360.0,33,0,31,44,1027.3161525132416,30486.452201948654,cyclic_shift
3480.0,0,1,42,44,1026.4479391715602,30486.454845237728,cyclic_shift
3480.0,1,2,42,44,1026.1711580980216,30486.455072680947,cyclic_shift
3480.0,2,3,42,44,1026.1896464963668,30486.455065011105,cyclic_shift
3480.0,3,4,42,44,1026.4653089303965,30486.45482248941,cyclic_shift
3480.0,4,5,42,44,1026.7237343310208,30486.454353372654,cyclic_shift
3480.0,5,6,42,44,1026.9649174831,30486.45367363258,cyclic_shift
3480.0,6,7,42,44,1027.1888535200364,30486.452806412322,cyclic_shift
3480.0,7,8,42,44,1027.3955379237625,30486.45178123888,cyclic_shift
3480.0,8,9,42,44,1027.5849665247092,30486.450633018314,cyclic_shift
3480.0,9,10,42,44,1027.7571355017976,30486.449400847938,cyclic_shift
3480.0,10,11,42,44,1027.9120413823996,30486.448126685078,cyclic_shift
3480.0,11,12,42,44,1028.049681042343,30486.446853919093,cyclic_shift
3480.0,12,13,42,44,1028.1700517058684,30486.44562589336,cyclic_shift
3480.0,13,14,42,44,1028.2731509456387,30486.44448442954,cyclic_shift
3480.0,14,15,42,44,1028.3589766827229,30486.443468403144,cyclic_shift
3480.0,15,16,42,44,1028.4275271865672,30486.442612418592,cyclic_shift
3480.0,16,17,42,44,1028.478801075003,30486.441945630424,cyclic_shift
3480.0,17,18,42,44,1028.512797314242,30486.44149075009,cyclic_shift
3480.0,18,19,42,44,1028.5295152188594,30486.441263271234,cyclic_shift
3480.0,19,20,42,44,1028.5289544518005,30486.441270942334,cyclic_shift
3480.0,20,21,42,44,1028.511115024359,30486.441513501908,cyclic_shift
3480.0,21,22,42,44,1028.4759972962122,30486.441982688066,cyclic_shift
3480.0,22,23,42,44,1028.4236019754126,30486.44266251988,cyclic_shift
3480.0,23,24,42,44,1028.3539301183366,30486.443529841636,cyclic_shift
3480.0,24,25,42,44,1028.2669831297796,30486.444555112663,cyclic_shift
3480.0,25,26,42,44,1028.1627627628977,30486.44570341376,cyclic_shift
3480.0,26,27,42,44,1028.0412711192375,30486.446935636588,cyclic_shift
3480.0,27,28,42,44,1027.9025106487643,30486.448209816896,cyclic_shift
3480.0,28,29,42,44,1027.7464841498452,30486.44948256306,cyclic_shift
3480.0,29,30,42,44,1027.5731947692643,30486.450710534293,cyclic_shift
3480.0,30,31,42,44,1027.3826460022708,30486.451851916034,cyclic_shift
3480.0,31,32,42,44,1027.174841692562,30486.452867844197,cyclic_shift
3480.0,32,33,42,44,1026.9497860323258,30486.45372372755,cyclic_shift
3480.0,33,0,31,44,1026.707483562251,30486.454390425006,cyclic_shift
3600.0,0,1,42,44,1026.3764779605997,30486.454927897445,cyclic_shift
3600.0,1,2,42,44,1026.6405774902064,30486.454531969368,cyclic_shift
3600.0,2,3,42,44,1026.887436449336,30486.453919337393,cyclic_shift
3600.0,3,4,42,44,1027.1170498566755,30486.45311085963,cyclic_shift
3600.0,4,5,42,44,1027.3294130794345,30486.45213406275,cyclic_shift
3600.0,5,6,42,44,1027.5245218333494,30486.451022205398,cyclic_shift
3600.0,6,7,42,44,1027.7023721826322,30486.449813146086,cyclic_shift
3600.0,7,8,42,44,1027.8629605399692,30486.448548054734,cyclic_shift
3600.0,8,9,42,44,1028.006283666491,30486.44727001097,cyclic_shift
3600.0,9,10,42,44,1028.1323386717647,30486.44602253748,cyclic_shift
3600.0,10,11,42,44,1028.2411230137711,30486.444848117637,cyclic_shift
3600.0,11,12,42,44,1028.332634498906,30486.443786748743,cyclic_shift
3600.0,12,13,42,44,1028.4068712819437,30486.442874579137,cyclic_shift
3600.0,13,14,42,44,1028.4638318660423,30486.442142676617,cyclic_shift
3600.0,14,15,42,44,1028.5035151027598,30486.441615970412,cyclic_shift
3600.0,15,16,42,44,1028.5259201920016,30486.441312400548,cyclic_shift
3600.0,16,17,42,44,1028.5310466820367,30486.441242307057,cyclic_shift
3600.0,17,18,42,44,1028.5188944695205,30486.44140807756,cyclic_shift
3600.0,18,19,42,44,1028.4894637994512,30486.44180406557,cyclic_shift
3600.0,19,20,42,44,1028.4427552652103,30486.44241678319,cyclic_shift
3600.0,20,21,42,44,1028.3787698085202,30486.443225360654,cyclic_shift
3600.0,21,22,42,44,1028.2975087195005,30486.444202257786,cyclic_shift
3600.0,22,23,42,44,1028.1989736366581,30486.44531420273,cyclic_shift
3600.0,23,24,42,44,1028.0831665468502,30486.44652332479,cyclic_shift
3600.0,24,25,42,44,1027.950089785363,30486.447788445697,cyclic_shift
3600.0,25,26,42,44,1027.7997460358745,30486.449066481855,cyclic_shift
3600.0,26,27,42,44,1027.6321383304983,30486.450313911464,cyclic_shift
3600.0,27,28,42,44,1027.447270049788,30486.451488257244,cyclic_shift
3600.0,28,29,42,44,1027.245144922748,30486.452549531918,cyclic_shift
3600.0,29,30,42,44,1027.0257670268497,30486.453461599885,cyclic_shift
3600.0,30,31,42,44,1026.7891407880786,30486.45419340672,cyclic_shift
3600.0,31,32,42,44,1026.5352709809306,30486.454720036556,cyclic_shift
3600.0,32,33,42,44,1026.2641627284506,30486.455023559505,cyclic_shift
3600.0,33,0,31,44,1026.0951431904025,30486.455093641773,cyclic_shift
3720.0,0,1,42,44,1027.043377332295,30486.45339702513,cyclic_shift
3720.0,1,2,42,44,1027.261418909945,30486.452472217243,cyclic_shift
3720.0,2,3,42,44,1027.4622073904263,30486.451400834994,cyclic_shift
3720.0,3,4,42,44,1027.645738723263,30486.4502193584,cyclic_shift
3720.0,4,5,42,44,1027.8120092064346,30486.448968017503,cyclic_shift
3720.0,5,6,42,44,1027.9610154863929,30486.447689423203,cyclic_shift
3720.0,6,7,42,44,1028.0927545580153,30486.44642711627,cyclic_shift
3720.0,7,8,42,44,1028.207223764609,30486.445224084655,cyclic_shift
3720.0,8,9,42,44,1028.3044207978794,30486.444121299388,cyclic_shift
3720.0,9,10,42,44,1028.3843436979441,30486.443156319074,cyclic_shift
3720.0,10,11,42,44,1028.446990853293,30486.442362009962,cyclic_shift
3720.0,11,12,42,44,1028.492361000807,30486.44176542646,cyclic_shift
3720.0,12,13,42,44,1028.520453225726,30486.441386888608,cyclic_shift
3720.0,13,14,42,44,1028.531266961666,30486.441239289856,cyclic_shift
3720.0,14,15,42,44,1028.5248019906164,30486.44132765803,cyclic_shift
3720.0,15,16,42,44,1028.5010584429094,30486.441648982847,cyclic_shift
3720.0,16,17,42,44,1028.4600367972494,30486.44219231957,cyclic_shift
3720.0,17,18,42,44,1028.4017378807257,30486.442939161567,cyclic_shift
3720.0,18,19,42,44,1028.3261628687665,30486.443864071178,cyclic_shift
3720.0,19,20,42,44,1028.2333132852034,30486.444935546544,cyclic_shift
3720.0,20,21,42,44,1028.1231910022398,30486.446117095158,cyclic_shift
3720.0,21,22,42,44,1027.9957982404724,30486.447368477067,cyclic_shift
3720.0,22,23,42,44,1027.8511375689284,30486.448647076242,cyclic_shift
3720.0,23,24,42,44,1027.6892119050042,30486.44990935086,cyclic_shift
3720.0,24,25,42,44,1027.5100245145727,30486.45111231751,cyclic_shift
3720.0,25,26,42,44,1027.313579011943,30486.452215013873,cyclic_shift
3720.0,26,27,42,44,1027.0998793598822,30486.453179893284,cyclic_shift
3720.0,27,28,42,44,1026.8689298696731,30486.45397410323,cyclic_shift
3720.0,28,29,42,44,1026.6207352011008,30486.454570602844,cyclic_shift
3720.0,29,30,42,44,1026.3553003624575,30486.454949083218,cyclic_shift
3720.0,30,31,42,44,1026.0726307106495,30486.455096658487,cyclic_shift
3720.0,31,32,42,44,1026.2857797487986,30486.45500830442,cyclic_shift
3720.0,32,33,42,44,1026.5555528299517,30486.454687029116,cyclic_shift
3720.0,33,0,31,44,1026.8080870564636,30486.454143770563,cyclic_shift
3840.0,0,1,42,44,1027.5872352474341,30486.450617982435,cyclic_shift
3840.0,1,2,42,44,1027.7591874931286,30486.449385020198,cyclic_shift
3840.0,2,3,42,44,1027.9138766009528,30486.44811060449,cyclic_shift
3840.0,3,4,42,44,1028.0512994511037,30486.446838133168,cyclic_shift
3840.0,4,5,42,44,1028.1714532721992,30486.445610939714,cyclic_shift
3840.0,5,6,42,44,1028.2743356412848,30486.444470817547,cyclic_shift
3840.0,6,7,42,44,1028.3599444837855,30486.44345659634,cyclic_shift
3840.0,7,8,42,44,1028.4282780735382,30486.442602819083,cyclic_shift
3840.0,8,9,42,44,1028.479335032741,30486.441938565233,cyclic_shift
3840.0,9,10,42,44,1028.513114331983,30486.441486459807,cyclic_shift
3840.0,10,11,42,44,1028.529615290209,30486.441261902008,cyclic_shift
3840.0,11,12,42,44,1028.528837574742,30486.441272540807,cyclic_shift
3840.0,12,13,42,44,1028.5107812012534,30486.441518013704,cyclic_shift
3840.0,13,14,42,44,1028.4754465337912,30486.441989959436,cyclic_shift
3840.0,14,15,42,44,1028.4228342847657,30486.44267230308,cyclic_shift
3840.0,15,16,42,44,1028.3529455149571,30486.44354180355,cyclic_shift
3840.0,16,17,42,44,1028.2657816335095,30486.444568845804,cyclic_shift
3840.0,17,18,42,44,1028.161344397972,30486.445718450406,cyclic_shift
3840.0,18,19,42,44,1028.0396359142587,30486.446951464768,cyclic_shift
3840.0,19,20,42,44,1027.9006586367086,30486.448225897584,cyclic_shift
3840.0,20,21,42,44,1027.7444153680526,30486.449498348495,cyclic_shift
3840.0,21,22,42,44,1027.5709092594636,30486.450725486815,cyclic_shift
3840.0,22,23,42,44,1027.3801438105747,30486.45186552684,cyclic_shift
3840.0,23,24,42,44,1027.1721228694362,30486.452879649758,cyclic_shift
3840.0,24,25,42,44,1026.9468506326261,30486.453733325805,cyclic_shift
3840.0,25,26,42,44,1026.7043316452011,30486.454397489335,cyclic_shift
3840.0,26,27,42,44,1026.4445708007606,30486.45484952737,cyclic_shift
3840.0,27,28,42,44,1026.167573341461,30486.4550740499,cyclic_shift
3840.0,28,29,42,44,1026.193214493311,30486.455063412865,cyclic_shift
3840.0,29,30,42,44,1026.4686605361462,30486.45481797846,cyclic_shift
3840.0,30,31,42,44,1026.7268694779461,30486.4543461024,cyclic_shift
3840.0,31,32,42,44,1026.967836107933,30486.453663850647,cyclic_shift
3840.0,32,33,42,44,1027.1915555638882,30486.4527944517,cyclic_shift
3840.0,33,0,31,44,1027.3980233321201,30486.45176750677,cyclic_shift
3960.0,0,1,42,44,1028.0079734415913,30486.447254067843,cyclic_shift
3960.0,1,2,42,44,1028.1338116146972,30486.44600725197,cyclic_shift
3960.0,2,3,42,44,1028.2423790948335,30486.444834010308,cyclic_shift
3960.0,3,4,42,44,1028.3336736927674,30486.443774300038,cyclic_shift
3960.0,4,5,42,44,1028.4076935676514,30486.44286421297,cyclic_shift
3960.0,5,6,42,44,1028.464437227021,30486.44213474628,cyclic_shift
3960.0,6,7,42,44,1028.5039035267987,30486.441610745867,cyclic_shift
3960.0,7,8,42,44,1028.5260916712693,30486.441310059785,cyclic_shift
3960.0,8,9,42,44,1028.5310012130826,30486.4412429298,cyclic_shift
3960.0,9,10,42,44,1028.5186320532557,30486.441411642598,cyclic_shift
3960.0,10,11,42,44,1028.4889844411678,30486.441810451433,cyclic_shift
3960.0,11,12,42,44,1028.4420589745735,30486.442425772428,cyclic_shift
3960.0,12,13,42,44,1028.3778565995697,30486.443236647126,cyclic_shift
3960.0,13,14,42,44,1028.2963786106511,30486.444215457035,cyclic_shift
3960.0,14,15,42,44,1028.1976266506863,30486.445328865106,cyclic_shift
3960.0,15,16,42,44,1028.0816027109277,30486.446538951062,cyclic_shift
3960.0,16,17,42,44,1027.9483091310185,30486.4478045036,cyclic_shift
3960.0,17,18,42,44,1027.7977485990264,30486.44908242458,cyclic_shift
3960.0,18,19,42,44,1027.6299241514378,30486.450329196236,cyclic_shift
3960.0,19,20,42,44,1027.4448391731637,30486.45150236356,cyclic_shift
3960.0,20,21,42,44,1027.2424973975922,30486.452561979353,cyclic_shift
3960.0,21,22,42,44,1027.0229029065758,30486.45347196454,cyclic_shift
3960.0,22,23,42,44,1026.786060130485,30486.454201335957,cyclic_shift
3960.0,23,24,42,44,1026.531973848174,30486.45472526032,cyclic_shift
3960.0,24,25,42,44,1026.2606491870704,30486.455025899886,cyclic_shift
3960.0,25,26,42,44,1026.098782396542,30486.45509301926,cyclic_shift
3960.0,26,27,42,44,1026.3799007987725,30486.45492433296,cyclic_shift
3960.0,27,28,42,44,1026.6437838913348,30486.454525584402,cyclic_shift
3960.0,28,29,42,44,1026.890426348712,30486.453910349283,cyclic_shift
3960.0,29,30,42,44,1027.1198231939643,30486.453099574584,cyclic_shift
3960.0,30,31,42,44,1027.3319697986954,30486.452120864808,cyclic_shift
3960.0,31,32,42,44,1027.5268618829978,30486.451007543987,cyclic_shift
3960.0,32,33,42,44,1027.7044955154674,30486.449797520432,cyclic_shift
3960.0,33,0,31,44,1027.8648671131612,30486.448531996895,cyclic_shift
4080.0,0,1,42,44,1028.3055313822717,30486.44410825485,cyclic_shift
4080.0,1,2,42,44,1028.385237380595,30486.443145224795,cyclic_shift
4080.0,2,3,42,44,1028.4476676161878,30486.442353243838,cyclic_shift
4080.0,3,4,42,44,1028.492820830298,30486.441759286983,cyclic_shift
4080.0,4,5,42,44,1028.5206961125414,30486.441383584886,cyclic_shift
4080.0,5,6,42,44,1028.5312929009133,30486.441238934607,cyclic_shift
4080.0,6,7,42,44,1028.5246109817651,30486.44133026314,cyclic_shift
4080.0,7,8,42,44,1028.5006504898147,30486.441654459704,cyclic_shift
4080.0,8,9,42,44,1028.4594119081414,30486.44220048156,cyclic_shift
4080.0,9,10,42,44,1028.4008960681938,30486.442949730743,cyclic_shift
4080.0,10,11,42,44,1028.3251041497924,30486.44387668747,cyclic_shift
4080.0,11,12,42,44,1028.232037681132,30486.44494978035,cyclic_shift
4080.0,12,13,42,44,1028.1216985387946,30486.44613246173,cyclic_shift
4080.0,13,14,42,44,1027.9940889477505,30486.447384453022,cyclic_shift
4080.0,14,15,42,44,1027.8492114813862,30486.44866311744,cyclic_shift
4080.0,15,16,42,44,1027.6870690615017,30486.44992491113,cyclic_shift
4080.0,16,17,42,44,1027.5076649583248,30486.451126866974,cyclic_shift
4080.0,17,18,42,44,1027.3110027905443,30486.452228057075,cyclic_shift
4080.0,18,19,42,44,1027.0970865253134,30486.45319098629,cyclic_shift
4080.0,19,20,42,44,1026.8659204782793,30486.453982868275,cyclic_shift
4080.0,20,21,42,44,1026.617509313589,30486.454576741402,cyclic_shift
4080.0,21,22,42,44,1026.351858043935,30486.454952386197,cyclic_shift
4080.0,22,23,42,44,1026.0689720306011,30486.455097013746,cyclic_shift
4080.0,23,24,42,44,1026.2892738119147,30486.455005699703,cyclic_shift
4080.0,24,25,42,44,1026.5588304782716,30486.454681553092,cyclic_shift
4080.0,25,26,42,44,1026.8111482238496,30486.454135609853,cyclic_shift
4080.0,26,27,42,44,1027.0462219569686,30486.45338645722,cyclic_shift
4080.0,27,28,42,44,1027.2640469345126,30486.452459602126,cyclic_shift
4080.0,28,29,42,44,1027.4646187618825,30486.45138660222,cyclic_shift
4080.0,29,30,42,44,1027.6479333929556,30486.450203992652,cyclic_shift
4080.0,30,31,42,44,1027.8139871301046,30486.44895204193,cyclic_shift
4080.0,31,32,42,44,1027.9627766241433,30486.447673381823,cyclic_shift
4080.0,32,33,42,44,1028.0942988743338,30486.446411555367,cyclic_shift
4080.0,33,0,31,44,1028.2085512283459,30486.44520953409,cyclic_shift
4200.0,0,1,42,44,1028.4798662666792,30486.441931533573,cyclic_shift
4200.0,1,2,42,44,1028.5134286258142,30486.441482205468,cyclic_shift
4200.0,2,3,42,44,1028.5297126375997,30486.441260569987,cyclic_shift
4200.0,3,4,42,44,1028.5287179737259,30486.44127417639,cyclic_shift
4200.0,4,5,42,44,1028.5104446542434,30486.44152256119,cyclic_shift
4200.0,5,6,42,44,1028.4748930475741,30486.441997264017,cyclic_shift
4200.0,6,7,42,44,1028.4220638704996,30486.442682115878,cyclic_shift
4200.0,7,8,42,44,1028.351958188174,30486.44355379037,cyclic_shift
4200.0,8,9,42,44,1028.264577414122,30486.444582598382,cyclic_shift
4200.0,9,10,42,44,1028.1599233102575,30486.445733500328,cyclic_shift
4200.0,10,11,42,44,1028.0379979868756,30486.446967299515,cyclic_shift
4200.0,11,12,42,44,1027.8988039026906,30486.448241977883,cyclic_shift
4200.0,12,13,42,44,1027.7423438648016,30486.44951412682,cyclic_shift
4200.0,13,14,42,44,1027.5686210287631,30486.45074042581,cyclic_shift
4200.0,14,15,42,44,1027.3776388985686,30486.451879117787,cyclic_shift
4200.0,15,16,42,44,1027.1694013266654,30486.452891429893,cyclic_shift
4200.0,16,17,42,44,1026.9439125139918,30486.453742894082,cyclic_shift
4200.0,17,18,42,44,1026.7011770099923,30486.454404519904,cyclic_shift
4200.0,18,19,42,44,1026.4411997126394,30486.454853781048,cyclic_shift
4200.0,19,20,42,44,1026.163985868454,30486.45507538179,cyclic_shift
4200.0,20,21,42,44,1026.1967797737193,30486.455061777575,cyclic_shift
4200.0,21,22,42,44,1026.4720094244876,30486.454813431432,cyclic_shift
4200.0,22,23,42,44,1026.730001906643,30486.454338798903,cyclic_shift
4200.0,23,24,42,44,1026.9707520137708,30486.453654039102,cyclic_shift
4200.0,24,25,42,44,1027.1942548880324,30486.452782466196,cyclic_shift
4200.0,25,26,42,44,1027.4005060201127,30486.45175375545,cyclic_shift
4200.0,26,27,42,44,1027.5895012491926,30486.45060293334,cyclic_shift
4200.0,27,28,42,44,1027.7612367629465,30486.44936918583,cyclic_shift
4200.0,28,29,42,44,1027.9157090975011,30486.448094524167,cyclic_shift
4200.0,29,30,42,44,1028.052915137421,30486.446822354465,cyclic_shift
4200.0,30,31,42,44,1028.172852115713,30486.445595999914,cyclic_shift
4200.0,31,32,42,44,1028.2755176137773,30486.444457225472,cyclic_shift
4200.0,32,33,42,44,1028.3609095614302,30486.443444814882,cyclic_shift
4200.0,33,0,31,44,1028.4290262368697,30486.442593249467,cyclic_shift
4320.0,0,1,42,44,1028.5309530201619,30486.44124358983,cyclic_shift
4320.0,1,2,42,44,1028.518366913068,30486.44141524399,cyclic_shift
4320.0,2,3,42,44,1028.4885023590555,30486.441816871582,cyclic_shift
4320.0,3,4,42,44,1028.4413599602515,30486.44243479257,cyclic_shift
4320.0,4,5,42,44,1028.376940667138,30486.443247960022,cyclic_shift
4320.0,5,6,42,44,1028.295245778581,30486.444228677516,cyclic_shift
4320.0,6,7,42,44,1028.1962769418149,30486.445343542775,cyclic_shift
4320.0,7,8,42,44,1028.0800361524687,30486.446554586073,cyclic_shift
4320.0,8,9,42,44,1027.946525754567,30486.447820563517,cyclic_shift
4320.0,9,10,42,44,1027.7957484405474,30486.44909836248,cyclic_shift
4320.0,10,11,42,44,1027.6277072512657,30486.450344469347,cyclic_shift
4320.0,11,12,42,44,1027.4424055760237,30486.451516451856,cyclic_shift
4320.0,12,13,42,44,1027.2398471525755,30486.452574403207,cyclic_shift
4320.0,13,14,42,44,1027.0200360671465,30486.453482300854,cyclic_shift
4320.0,14,15,42,44,1026.7829767544747,30486.4542092327,cyclic_shift
4320.0,15,16,42,44,1026.5286739978126,30486.454730448764,cyclic_shift
4320.0,16,17,42,44,1026.2571329289442,30486.45502820333,cyclic_shift
4320.0,17,18,42,44,1026.1024188864515,30486.455092359243,cyclic_shift
4320.0,18,19,42,44,1026.3833209198278,30486.45492073213,cyclic_shift
4320.0,19,20,42,44,1026.6469875745004,30486.454519165294,cyclic_shift
4320.0,20,21,42,44,1026.8934135293366,30486.45390133038,cyclic_shift
4320.0,21,22,42,44,1027.122593811776,30486.453088262748,cyclic_shift
4320.0,22,23,42,44,1027.3345237978015,30486.45210764557,cyclic_shift
4320.0,23,24,42,44,1027.529199211873,30486.450992867314,cyclic_shift
4320.0,24,25,42,44,1027.7066161269634,30486.449781886004,cyclic_shift
4320.0,25,26,42,44,1027.8667709645115,30486.448515937238,cyclic_shift
4320.0,26,27,42,44,1028.0096604943885,30486.44723812959,cyclic_shift
4320.0,27,28,42,44,1028.135281834924,30486.44599197801,cyclic_shift
4320.0,28,29,42,44,1028.2436324528499,30486.44481992089,cyclic_shift
4320.0,29,30,42,44,1028.334710163291,30486.44376187505,cyclic_shift
4320.0,30,31,42,44,1028.408513129787,30486.442853875473,cyclic_shift
4320.0,31,32,42,44,1028.4650398642473,30486.442126848444,cyclic_shift
4320.0,32,33,42,44,1028.5042892269648,30486.44160555663,cyclic_shift
4320.0,33,0,31,44,1028.5262604265934,30486.44130775587,cyclic_shift
4440.0,0,1,42,44,1028.4587842952974,30486.442208675697,cyclic_shift
4440.0,1,2,42,44,1028.4000515321143,30486.44296032799,cyclic_shift
4440.0,2,3,42,44,1028.3240427075075,30486.44388932693,cyclic_shift
4440.0,3,4,42,44,1028.2307593540452,30486.44496403148,cyclic_shift
4440.0,4,5,42,44,1028.1202033526806,30486.446147839128,cyclic_shift
4440.0,5,6,42,44,1027.9923769327631,30486.44740043317,cyclic_shift
4440.0,6,7,42,44,1027.8472826720504,30486.448679155965,cyclic_shift
4440.0,7,8,42,44,1027.6849234967171,30486.44994046198,cyclic_shift
4440.0,8,9,42,44,1027.5053026813678,30486.451141400543,cyclic_shift
4440.0,9,10,42,44,1027.3084238490678,30486.452241078547,cyclic_shift
4440.0,10,11,42,44,1027.0942909713362,30486.453202052206,cyclic_shift
4440.0,11,12,42,44,1026.8629083682085,30486.453991601968,cyclic_shift
4440.0,12,13,42,44,1026.6142807082017,30486.45458284553,cyclic_shift
4440.0,13,14,42,44,1026.3484130083882,30486.454955652847,cyclic_shift
4440.0,14,15,42,44,1026.0653106344191,30486.45509733169,cyclic_shift
4440.0,15,16,42,44,1026.292765158189,30486.45500305815,cyclic_shift
4440.0,16,17,42,44,1026.562105408897,30486.454676041973,cyclic_shift
4440.0,17,18,42,44,1026.8142066727332,30486.45412741675,cyclic_shift
4440.0,18,19,42,44,1027.049063862401,30486.453375861285,cyclic_shift
4440.0,19,20,42,44,1027.2666722391534,30486.452446963995,cyclic_shift
4440.0,20,21,42,44,1027.4670274127616,30486.451372352192,cyclic_shift
4440.0,21,22,42,44,1027.6501253414872,30486.45018861575,cyclic_shift
4440.0,22,23,42,44,1027.8159623320869,30486.44893606213,cyclic_shift
4440.0,23,24,42,44,1027.964535039735,30486.447657343113,cyclic_shift
4440.0,24,25,42,44,1028.095840468068,30486.44639600393,cyclic_shift
4440.0,25,26,42,44,1028.2098759691412,30486.44519499964,cyclic_shift
4440.0,26,27,42,44,1028.3066392434112,30486.444095232142,cyclic_shift
4440.0,27,28,42,44,1028.3861283397432,30486.4431341575,cyclic_shift
4440.0,28,29,42,44,1028.4483416553805,30486.44234450894,cyclic_shift
4440.0,29,30,42,44,1028.4932779359438,30486.441753182047,cyclic_shift
4440.0,30,31,42,44,1028.5209362754288,30486.441380317792,cyclic_shift
4440.0,31,32,42,44,1028.5313161161987,30486.44123861661,cyclic_shift
4440.0,32,33,42,44,1028.5244172489781,30486.44133290511,cyclic_shift
4440.0,33,0,31,44,1028.5002398128554,30486.441659971555,cyclic_shift
4560.0,0,1,42,44,1028.2633704716175,30486.444596370253,cyclic_shift
4560.0,1,2,42,44,1028.1584994997586,30486.445748563372,cyclic_shift
4560.0,2,3,42,44,1028.0363573370978,30486.446983140737,cyclic_shift
4560.0,3,4,42,44,1027.8969464467098,30486.44825805778,cyclic_shift
4560.0,4,5,42,44,1027.7402696400877,30486.44952989776,cyclic_shift
4560.0,5,6,42,44,1027.5663300771503,30486.450755350932,cyclic_shift
4560.0,6,7,42,44,1027.3751312662666,30486.45189268873,cyclic_shift
4560.0,7,8,42,44,1027.166677064259,30486.452903184654,cyclic_shift
4560.0,8,9,42,44,1026.9409716764442,30486.453752432368,cyclic_shift
4560.0,9,10,42,44,1026.698019656641,30486.454411517014,cyclic_shift
4560.0,10,11,42,44,1026.4378259071939,30486.45485799868,cyclic_shift
4560.0,11,12,42,44,1026.1603956790086,30486.455076676448,cyclic_shift
4560.0,12,13,42,44,1026.2003423375902,30486.455060105163,cyclic_shift
4560.0,13,14,42,44,1026.47535559542,30486.45480884885,cyclic_shift
4560.0,14,15,42,44,1026.7331316171012,30486.454331462126,cyclic_shift
4560.0,15,16,42,44,1026.9736652006038,30486.45364419798,cyclic_shift
4560.0,16,17,42,44,1027.1969514924633,30486.452770455795,cyclic_shift
4560.0,17,18,42,44,1027.402985987734,30486.451739984663,cyclic_shift
4560.0,18,19,42,44,1027.5917645299837,30486.45058787119,cyclic_shift
4560.0,19,20,42,44,1027.7632833112566,30486.449353345157,cyclic_shift
4560.0,20,21,42,44,1027.9175388720432,30486.448078444246,cyclic_shift
4560.0,21,22,42,44,1028.0545281012942,30486.44680658282,cyclic_shift
4560.0,22,23,42,44,1028.1742482364002,30486.445581073946,cyclic_shift
4560.0,23,24,42,44,1028.2766968631186,30486.444443653374,cyclic_shift
4560.0,24,25,42,44,1028.3618719156484,30486.443433058877,cyclic_shift
4560.0,25,26,42,44,1028.4297716765625,30486.44258371003,cyclic_shift
4560.0,26,27,42,44,1028.4803947768153,30486.441924535426,cyclic_shift
4560.0,27,28,42,44,1028.513740195736,30486.441477987093,cyclic_shift
4560.0,28,29,42,44,1028.5298072610315,30486.441259275143,cyclic_shift
4560.0,29,30,42,44,1028.5285956487514,30486.441275849145,cyclic_shift
4560.0,30,31,42,44,1028.5101053833416,30486.441527144518,cyclic_shift
4560.0,31,32,42,44,1028.4743368375741,30486.442004601828,cyclic_shift
4560.0,32,33,42,44,1028.4212907326191,30486.44269195824,cyclic_shift
4560.0,33,0,31,44,1028.3509681380006,30486.443565801954,cyclic_shift
4680.0,0,1,42,44,1027.9447396560086,30486.447836625302,cyclic_shift
4680.0,1,2,42,44,1027.7937455604397,30486.449114295356,cyclic_shift
4680.0,2,3,42,44,1027.6254876300068,30486.450359730796,cyclic_shift
4680.0,3,4,42,44,1027.4399692583797,30486.451530522136,cyclic_shift
4680.0,4,5,42,44,1027.2371941876931,30486.452586803218,cyclic_shift
4680.0,5,6,42,44,1027.0171665085518,30486.4534926085,cyclic_shift
4680.0,6,7,42,44,1026.779890660059,30486.45421709695,cyclic_shift
4680.0,7,8,42,44,1026.5253714298494,30486.45473560189,cyclic_shift
4680.0,8,9,42,44,1026.2536139540875,30486.455030469893,cyclic_shift
4680.0,9,10,42,44,1026.1060526601236,30486.455091662065,cyclic_shift
4680.0,10,11,42,44,1026.3867383237432,30486.454917094914,cyclic_shift
4680.0,11,12,42,44,1026.6501885396904,30486.45451271193,cyclic_shift
4680.0,12,13,42,44,1026.8963979912073,30486.453892280613,cyclic_shift
4680.0,13,14,42,44,1027.1253617101115,30486.453076924634,cyclic_shift
4680.0,14,15,42,44,1027.3370750767456,30486.452094405107,cyclic_shift
4680.0,15,16,42,44,1027.5315338199675,30486.450978175384,cyclic_shift
4680.0,16,17,42,44,1027.708734017114,30486.449766242855,cyclic_shift
4680.0,17,18,42,44,1027.868672094,30486.448499875507,cyclic_shift
4680.0,18,19,42,44,1028.0113448248844,30486.447222196377,cyclic_shift
4680.0,19,20,42,44,1028.1367493324517,30486.445976715935,cyclic_shift
4680.0,20,21,42,44,1028.2448830878102,30486.444805849533,cyclic_shift
4680.0,21,22,42,44,1028.335743910471,30486.44374947358,cyclic_shift
4680.0,22,23,42,44,1028.4093299683482,30486.44284356659,cyclic_shift
4680.0,23,24,42,44,1028.465639777717,30486.44211898309,cyclic_shift
4680.0,24,25,42,44,1028.5046722032437,30486.44160040274,cyclic_shift
4680.0,25,26,42,44,1028.5264264579673,30486.441305489054,cyclic_shift
4680.0,26,27,42,44,1028.5309021032756,30486.44124428707,cyclic_shift
4680.0,27,28,42,44,1028.518099048949,30486.441418881703,cyclic_shift
4680.0,28,29,42,44,1028.4880175531134,30486.44182332586,cyclic_shift
4680.0,29,30,42,44,1028.440658222253,30486.44244384364,cyclic_shift
4680.0,30,31,42,44,1028.3760220112388,30486.443259299474,cyclic_shift
4680.0,31,32,42,44,1028.294110223294,30486.444241919202,cyclic_shift
4680.0,32,33,42,44,1028.1949245100445,30486.44535823566,cyclic_shift
4680.0,33,0,31,44,1028.0784668714787,30486.446570229724,cyclic_shift
4800.0,0,1,42,44,1027.5029376837078,30486.45115591813,cyclic_shift
4800.0,1,2,42,44,1027.3058421875087,30486.45225407804,cyclic_shift
4800.0,2,3,42,44,1027.0914926979663,30486.453213091132,cyclic_shift
4800.0,3,4,42,44,1026.859893539476,30486.454000304282,cyclic_shift
4800.0,4,5,42,44,1026.6110493849399,30486.454588914967,cyclic_shift
4800.0,5,6,42,44,1026.344965255817,30486.454958882983,cyclic_shift
4800.0,6,7,42,44,1026.0616465221115,30486.455097612317,cyclic_shift
4800.0,7,8,42,44,1026.2962537876192,30486.455000379858,cyclic_shift
4800.0,8,9,42,44,1026.5653776218203,30486.454670495856,cyclic_shift
4800.0,9,10,42,44,1026.8172624031154,30486.454119191694,cyclic_shift
4800.0,10,11,42,44,1027.0519030485752,30486.45336523724,cyclic_shift
4800.0,11,12,42,44,1027.2692948238464,30486.45243430278,cyclic_shift
4800.0,12,13,42,44,1027.4694333430668,30486.451358084916,cyclic_shift
4800.0,13,14,42,44,1027.6523145688648,30486.4501732282,cyclic_shift
4800.0,14,15,42,44,1027.8179348123765,30486.448920078117,cyclic_shift
4800.0,15,16,42,44,1027.9662907331644,30486.447641307142,cyclic_shift
4800.0,16,17,42,44,1028.0973793392227,30486.446380461944,cyclic_shift
4800.0,17,18,42,44,1028.2111979869921,30486.445180481,cyclic_shift
4800.0,18,19,42,44,1028.3077443813042,30486.44408223142,cyclic_shift
4800.0,19,20,42,44,1028.3870165753945,30486.443123117446,cyclic_shift
4800.0,20,21,42,44,1028.4490129708747,30486.44233580545,cyclic_shift
4800.0,21,22,42,44,1028.493732317741,30486.441747111487,cyclic_shift
4800.0,22,23,42,44,1028.5211737143807,30486.4413770872,cyclic_shift
4800.0,23,24,42,44,1028.5313366075115,30486.441238335934,cyclic_shift
4800.0,24,25,42,44,1028.5242207922392,30486.441335583848,cyclic_shift
4800.0,25,26,42,44,1028.499826412031,30486.441665518632,cyclic_shift
4800.0,26,27,42,44,1028.4581539587148,30486.442216901847,cyclic_shift
4800.0,27,28,42,44,1028.399204272485,30486.442970953238,cyclic_shift
4800.0,28,29,42,44,1028.3229785419192,30486.443901989314,cyclic_shift
4800.0,29,30,42,44,1028.229478303947,30486.444978299918,cyclic_shift
4800.0,30,31,42,44,1028.1187054439117,30486.446163227476,cyclic_shift
4800.0,31,32,42,44,1027.990662195527,30486.447416417446,cyclic_shift
4800.0,32,33,42,44,1027.845351140927,30486.448695191764,cyclic_shift
4800.0,33,0,31,44,1027.6827752106576,30486.449956003245,cyclic_shift
4920.0,0,1,42,44,1026.9380281199874,30486.453761940626,cyclic_shift
4920.0,1,2,42,44,1026.6948595851509,30486.454418480498,cyclic_shift
4920.0,2,3,42,44,1026.4344493844415,30486.454862180366,cyclic_shift
4920.0,3,4,42,44,1026.156802773137,30486.455077933897,cyclic_shift
4920.0,4,5,42,44,1026.2039021849052,30486.455058395542,cyclic_shift
4920.0,5,6,42,44,1026.4786990489242,30486.454804230536,cyclic_shift
4920.0,6,7,42,44,1026.736258609313,30486.454324092185,cyclic_shift
4920.0,7,8,42,44,1026.976575668425,30486.45363432742,cyclic_shift
4920.0,8,9,42,44,1027.1996453771676,30486.45275842061,cyclic_shift
4920.0,9,10,42,44,1027.4054632349796,30486.451726194704,cyclic_shift
4920.0,10,11,42,44,1027.5940250897927,30486.45057279593,cyclic_shift
4920.0,11,12,42,44,1027.7653271380366,30486.449337498005,cyclic_shift
4920.0,12,13,42,44,1027.9193659245705,30486.44806236483,cyclic_shift
4920.0,13,14,42,44,1028.0561383427248,30486.446790818674,cyclic_shift
4920.0,14,15,42,44,1028.1756416342532,30486.4455661619,cyclic_shift
4920.0,15,16,42,44,1028.277873389303,30486.44443010128,cyclic_shift
4920.0,16,17,42,44,1028.3628315464382,30486.44342132832,cyclic_shift
4920.0,17,18,42,44,1028.4305143926101,30486.44257420053,cyclic_shift
4920.0,18,19,42,44,1028.4809205631466,30486.441917570974,cyclic_shift
4920.0,19,20,42,44,1028.514049041754,30486.441473804873,cyclic_shift
4920.0,20,21,42,44,1028.5298991604986,30486.44125801748,cyclic_shift
4920.0,21,22,42,44,1028.528470599819,30486.44127755882,cyclic_shift
4920.0,22,23,42,44,1028.5097633885334,30486.4415317636,cyclic_shift
4920.0,23,24,42,44,1028.4737779037882,30486.442011972806,cyclic_shift
4920.0,24,25,42,44,1028.420514871123,30486.44270183007,cyclic_shift
4920.0,25,26,42,44,1028.349975364435,30486.443577838483,cyclic_shift
4920.0,26,27,42,44,1028.2621608059962,30486.4446101613,cyclic_shift
4920.0,27,28,42,44,1028.1570729664804,30486.445763639385,cyclic_shift
4920.0,28,29,42,44,1028.034713964927,30486.446998988285,cyclic_shift
4920.0,29,30,42,44,1027.8950862687827,30486.44827413721,cyclic_shift
4920.0,30,31,42,44,1027.7381926939292,30486.449545661482,cyclic_shift
4920.0,31,32,42,44,1027.5640364046426,30486.45077026212,cyclic_shift
4920.0,32,33,42,44,1027.3726209136753,30486.45190623964,cyclic_shift
4920.0,33,0,31,44,1027.163950082226,30486.452914913865,cyclic_shift
5040.0,0,1,42,44,1026.250092262508,30486.455032699498,cyclic_shift
5040.0,1,2,42,44,1026.1096837175419,30486.45509092761,cyclic_shift
5040.0,2,3,42,44,1026.3901530105138,30486.45491342142,cyclic_shift
5040.0,3,4,42,44,1026.6533867868948,30486.454506224396,cyclic_shift
5040.0,4,5,42,44,1026.8993797343085,30486.453883199923,cyclic_shift
5040.0,5,6,42,44,1027.128126888945,30486.45306556007,cyclic_shift
5040.0,6,7,42,44,1027.339623635524,30486.45208114351,cyclic_shift
5040.0,7,8,42,44,1027.5338657072748,30486.450963468313,cyclic_shift
5040.0,8,9,42,44,1027.7108491859185,30486.449750591142,cyclic_shift
5040.0,9,10,42,44,1027.8705705016353,30486.448483812062,cyclic_shift
5040.0,10,11,42,44,1028.0130264330603,30486.44720626825,cyclic_shift
5040.0,11,12,42,44,1028.1382141072645,30486.445961465528,cyclic_shift
5040.0,12,13,42,44,1028.2461309997195,30486.44479179634,cyclic_shift
5040.0,13,14,42,44,1028.336774934313,30486.443737096073,cyclic_shift
5040.0,14,15,42,44,1028.410144083331,30486.442833286383,cyclic_shift
5040.0,15,16,42,44,1028.4662369674318,30486.442111150318,cyclic_shift
5040.0,16,17,42,44,1028.5050524556432,30486.44159528417,cyclic_shift
5040.0,17,18,42,44,1028.5265897653856,30486.441303259035,cyclic_shift
5040.0,18,19,42,44,1028.5308484624325,30486.4412450217,cyclic_shift
5040.0,19,20,42,44,1028.517828460916,30486.44142255586,cyclic_shift
5040.0,20,21,42,44,1028.4875300233407,30486.44182981435,cyclic_shift
5040.0,21,22,42,44,1028.439953760571,30486.44245292529,cyclic_shift
5040.0,22,23,42,44,1028.37510063186,30486.44327066539,cyclic_shift
5040.0,23,24,42,44,1028.2929719447955,30486.444255181963,cyclic_shift
5040.0,24,25,42,44,1028.1935693553714,30486.445372943705,cyclic_shift
5040.0,25,26,42,44,1028.0768948679654,30486.446585882073,cyclic_shift
5040.0,26,27,42,44,1027.94295083535,30486.44785268883,cyclic_shift
5040.0,27,28,42,44,1027.79173995871,30486.449130223045,cyclic_shift
5040.0,28,29,42,44,1027.6232652876608,30486.45037498041,cyclic_shift
5040.0,29,30,42,44,1027.4375302202427,30486.45154457433,cyclic_shift
5040.0,30,31,42,44,1027.2345385029619,30486.45259917951,cyclic_shift
5040.0,31,32,42,44,1027.0142942308034,30486.453502887467,cyclic_shift
5040.0,32,33,42,44,1026.7768018472545,30486.454224928682,cyclic_shift
5040.0,33,0,31,44,1026.522066144299,30486.45474071962,cyclic_shift
5160.0,0,1,42,44,1026.5686471170307,30486.45466491477,cyclic_shift
5160.0,1,2,42,44,1026.8203154149767,30486.454110934552,cyclic_shift
5160.0,2,3,42,44,1027.0547395154933,30486.45335458529,cyclic_shift
5160.0,3,4,42,44,1027.2719146885859,30486.452421618586,cyclic_shift
5160.0,4,5,42,44,1027.4718365527701,30486.451343800352,cyclic_shift
5160.0,5,6,42,44,1027.6545010750704,30486.450157829793,cyclic_shift
5160.0,6,7,42,44,1027.81990457097,30486.448904090128,cyclic_shift
5160.0,7,8,42,44,1027.9680437044215,30486.447625273977,cyclic_shift
5160.0,8,9,42,44,1028.0989154877927,30486.446364929656,cyclic_shift
5160.0,9,10,42,44,1028.2125172818985,30486.44516597852,cyclic_shift
5160.0,10,11,42,44,1028.3088467959403,30486.444069252673,cyclic_shift
5160.0,11,12,42,44,1028.387902087535,30486.44311210446,cyclic_shift
5160.0,12,13,42,44,1028.4496815626637,30486.442327133416,cyclic_shift
5160.0,13,14,42,44,1028.4941839757018,30486.441741075687,cyclic_shift
5160.0,14,15,42,44,1028.5214084294012,30486.441373893173,cyclic_shift
5160.0,15,16,42,44,1028.5313543748607,30486.441238092553,cyclic_shift
5160.0,16,17,42,44,1028.5240216115592,30486.441338299337,cyclic_shift
5160.0,17,18,42,44,1028.4994102873409,30486.44167110048,cyclic_shift
5160.0,18,19,42,44,1028.4575208984004,30486.442225160146,cyclic_shift
5160.0,19,20,42,44,1028.3983542893175,30486.442981606568,cyclic_shift
5160.0,20,21,42,44,1028.3219116530254,30486.44391467483,cyclic_shift
5160.0,21,22,42,44,1028.2281945308414,30486.444992585293,cyclic_shift
5160.0,22,23,42,44,1028.1172048124872,30486.446178626626,cyclic_shift
5160.0,23,24,42,44,1027.9889447360422,30486.44743240572,cyclic_shift
5160.0,24,25,42,44,1027.8434168880158,30486.44871122473,cyclic_shift
5160.0,25,26,42,44,1027.6806242033385,30486.44997153499,cyclic_shift
5160.0,26,27,42,44,1027.5005699653493,30486.45117041954,cyclic_shift
5160.0,27,28,42,44,1027.3032578058803,30486.452267055567,cyclic_shift
5160.0,28,29,42,44,1027.0886917052073,30486.45322410272,cyclic_shift
5160.0,29,30,42,44,1026.8568759920938,30486.45400897529,cyclic_shift
5160.0,30,31,42,44,1026.6078153438264,30486.454594949933,cyclic_shift
5160.0,31,32,42,44,1026.3415147862306,30486.45496207653,cyclic_shift
5160.0,32,33,42,44,1026.0579796936988,30486.45509785568,cyclic_shift
5160.0,33,0,31,44,1026.2997397001911,30486.454997664736,cyclic_shift
5280.0,0,1,42,44,1027.2023365421435,30486.45274636076,cyclic_shift
5280.0,1,2,42,44,1027.4079377618393,30486.451712385588,cyclic_shift
5280.0,2,3,42,44,1027.5962829286198,30486.450557707794,cyclic_shift
5280.0,3,4,42,44,1027.7673682432846,30486.449321644537,cyclic_shift
5280.0,4,5,42,44,1027.9211902550762,30486.448046285896,cyclic_shift
5280.0,5,6,42,44,1028.0577458617006,30486.446775061933,cyclic_shift
5280.0,6,7,42,44,1028.1770323092703,30486.445551263823,cyclic_shift
5280.0,7,8,42,44,1028.2790471923274,30486.44441656934,cyclic_shift
5280.0,8,9,42,44,1028.3637884538027,30486.443409623324,cyclic_shift
5280.0,9,10,42,44,1028.4312543850158,30486.442564721216,cyclic_shift
5280.0,10,11,42,44,1028.4814436256747,30486.441910640096,cyclic_shift
5280.0,11,12,42,44,1028.5143551638582,30486.44146965863,cyclic_shift
5280.0,12,13,42,44,1028.5299883360087,30486.441256797083,cyclic_shift
5280.0,13,14,42,44,1028.5283428269381,30486.441279305815,cyclic_shift
5280.0,14,15,42,44,1028.50941866983,30486.441536418406,cyclic_shift
5280.0,15,16,42,44,1028.4732162462187,30486.442019376922,cyclic_shift
5280.0,16,17,42,44,1028.4197362860093,30486.44271173131,cyclic_shift
5280.0,17,18,42,44,1028.3489798674743,30486.443589899543,cyclic_shift
5280.0,18,19,42,44,1028.26094841727,30486.444623971598,cyclic_shift
5280.0,19,20,42,44,1028.155643710428,30486.445778728434,cyclic_shift
5280.0,20,21,42,44,1028.033067870366,30486.447014842197,cyclic_shift
5280.0,21,22,42,44,1027.8932233689106,30486.44829021588,cyclic_shift
5280.0,22,23,42,44,1027.73611302632,30486.44956141775,cyclic_shift
5280.0,23,24,42,44,1027.5617400112462,30486.45078515928,cyclic_shift
5280.0,24,25,42,44,1027.3701078408048,30486.451919770436,cyclic_shift
5280.0,25,26,42,44,1027.1612203805782,30486.452926617636,cyclic_shift
5280.0,26,27,42,44,1026.9350818446324,30486.453771418703,cyclic_shift
5280.0,27,28,42,44,1026.6916967955367,30486.454425410295,cyclic_shift
5280.0,28,29,42,44,1026.431070144392,30486.454866325952,cyclic_shift
5280.0,29,30,42,44,1026.1532071508504,30486.455079154195,cyclic_shift
5280.0,30,31,42,44,1026.207459315658,30486.455056648916,cyclic_shift
5280.0,31,32,42,44,1026.4820397849905,30486.454799576477,cyclic_shift
5280.0,32,33,42,44,1026.7393828832717,30486.454316689134,cyclic_shift
5280.0,33,0,31,44,1026.9794834172233,30486.453624427384,cyclic_shift
5400.0,0,1,42,44,1027.7129616333639,30486.449734930888,cyclic_shift
5400.0,1,2,42,44,1027.8724661874062,30486.448467746934,cyclic_shift
5400.0,2,3,42,44,1028.0147053189232,30486.44719034532,cyclic_shift
5400.0,3,4,42,44,1028.1396761593594,30486.445946227006,cyclic_shift
5400.0,4,5,42,44,1028.2473761885697,30486.44477776118,cyclic_shift
5400.0,5,6,42,44,1028.3378032348082,30486.443724742425,cyclic_shift
5400.0,6,7,42,44,1028.4109554747338,30486.44282303484,cyclic_shift
5400.0,7,8,42,44,1028.466831433388,30486.442103350135,cyclic_shift
5400.0,8,9,42,44,1028.5054299841647,30486.441590200997,cyclic_shift
5400.0,9,10,42,44,1028.5267503488594,30486.44130106603,cyclic_shift
5400.0,10,11,42,44,1028.5307920976165,30486.441245793507,cyclic_shift
5400.0,11,12,42,44,1028.5175551489567,30486.441426266294,cyclic_shift
5400.0,12,13,42,44,1028.4870397697443,30486.441836337,cyclic_shift
5400.0,13,14,42,44,1028.4392465752244,30486.442462037972,cyclic_shift
5400.0,14,15,42,44,1028.3741765290135,30486.443282057622,cyclic_shift
5400.0,15,16,42,44,1028.2918309430904,30486.44426846585,cyclic_shift
5400.0,16,17,42,44,1028.1922114778074,30486.445387666707,cyclic_shift
5400.0,17,18,42,44,1028.0753201419273,30486.446601542848,cyclic_shift
5400.0,18,19,42,44,1027.9411592925953,30486.447868754105,cyclic_shift
5400.0,19,20,42,44,1027.789731635372,30486.449146145704,cyclic_shift
5400.0,20,21,42,44,1027.6210402242345,30486.45039021813,cyclic_shift
5400.0,21,22,42,44,1027.4350884616092,30486.451558608176,cyclic_shift
5400.0,22,23,42,44,1027.2318800983899,30486.45261153194,cyclic_shift
5400.0,23,24,42,44,1027.0114192339142,30486.45351313772,cyclic_shift
5400.0,24,25,42,44,1026.7737103160516,30486.454232727767,cyclic_shift
5400.0,25,26,42,44,1026.5187581411801,30486.45474580206,cyclic_shift
5400.0,26,27,42,44,1026.246567854216,30486.45503489217,cyclic_shift
5400.0,27,28,42,44,1026.113312058698,30486.455090155803,cyclic_shift
5400.0,28,29,42,44,1026.3935649801297,30486.454909711596,cyclic_shift
5400.0,29,30,42,44,1026.6565823161045,30486.45449970277,cyclic_shift
5400.0,30,31,42,44,1026.9023587586419,30486.453874088547,cyclic_shift
5400.0,31,32,42,44,1027.130889348278,30486.453054169135,cyclic_shift
5400.0,32,33,42,44,1027.3421694741253,30486.452067860875,cyclic_shift
5400.0,33,0,31,44,1027.5361948737875,30486.450948746173,cyclic_shift
5520.0,0,1,42,44,1028.1004489137733,30486.446349407062,cyclic_shift
5520.0,1,2,42,44,1028.2138338538505,30486.44515149219,cyclic_shift
5520.0,2,3,42,44,1028.3099464873208,30486.44405629601,cyclic_shift
5520.0,3,4,42,44,1028.3887848761663,30486.443101118708,cyclic_shift
5520.0,4,5,42,44,1028.4503474307458,30486.442318492675,cyclic_shift
5520.0,5,6,42,44,1028.494632909814,30486.44173507446,cyclic_shift
5520.0,6,7,42,44,1028.5216404204866,30486.44137073573,cyclic_shift
5520.0,7,8,42,44,1028.531369418244,30486.441237886465,cyclic_shift
5520.0,8,9,42,44,1028.5238197069382,30486.441341051657,cyclic_shift
5520.0,9,10,42,44,1028.4989914387847,30486.441676717437,cyclic_shift
5520.0,10,11,42,44,1028.456885114355,30486.442233450387,cyclic_shift
5520.0,11,12,42,44,1028.3975015826031,30486.442992287753,cyclic_shift
5520.0,12,13,42,44,1028.3208420408334,30486.44392738322,cyclic_shift
5520.0,13,14,42,44,1028.2269080347419,30486.445006888014,cyclic_shift
5520.0,14,15,42,44,1028.1157014584132,30486.446194036445,cyclic_shift
5520.0,15,16,42,44,1027.9872245543154,30486.447448397998,cyclic_shift
5520.0,16,17,42,44,1027.8414799133243,30486.4487272547,cyclic_shift
5520.0,17,18,42,44,1027.6784704747442,30486.449987056847,cyclic_shift
5520.0,18,19,42,44,1027.498199526306,30486.45118490489,cyclic_shift
5520.0,19,20,42,44,1027.3006707041998,30486.452280011075,cyclic_shift
5520.0,20,21,42,44,1027.085887993066,30486.45323508725,cyclic_shift
5520.0,21,22,42,44,1026.8538557260613,30486.454017614604,cyclic_shift
5520.0,22,23,42,44,1026.6045785848605,30486.45460095034,cyclic_shift
5520.0,23,24,42,44,1026.3380615996427,30486.45496523347,cyclic_shift
5520.0,24,25,42,44,1026.0543101491805,30486.45509806171,cyclic_shift
5520.0,25,26,42,44,1026.3032228959007,30486.45499491293,cyclic_shift
5520.0,26,27,42,44,1026.571913894517,30486.45465929861,cyclic_shift
5520.0,27,28,42,44,1026.8233657083156,30486.454102645403,cyclic_shift
5520.0,28,29,42,44,1027.057573263141,30486.45334390532,cyclic_shift
5520.0,29,30,42,44,1027.2745318333623,30486.45240891157,cyclic_shift
5520.0,30,31,42,44,1027.4742370418842,30486.45132949877,cyclic_shift
5520.0,31,32,42,44,1027.656684860095,30486.450142420672,cyclic_shift
5520.0,32,33,42,44,1027.821871607862,30486.448888098214,cyclic_shift
5520.0,33,0,31,44,1027.969793953501,30486.447609243703,cyclic_shift
5640.0,0,1,42,44,1028.3647426377306,30486.443397943993,cyclic_shift
5640.0,1,2,42,44,1028.4319916537734,30486.442555272013,cyclic_shift
5640.0,2,3,42,44,1028.4819639643945,30486.441903742987,cyclic_shift
5640.0,3,4,42,44,1028.5146585620487,30486.4414655484,cyclic_shift
5640.0,4,5,42,44,1028.5300747875547,30486.44125561376,cyclic_shift
5640.0,5,6,42,44,1028.528212330099,30486.44128108985,cyclic_shift
5640.0,6,7,42,44,1028.5090712272322,30486.441541108856,cyclic_shift
5640.0,7,8,42,44,1028.472651864871,30486.442026814162,cyclic_shift
5640.0,8,9,42,44,1028.4189549772843,30486.442721661908,cyclic_shift
5640.0,9,10,42,44,1028.3479816471333,30486.443601985367,cyclic_shift
5640.0,10,11,42,44,1028.259733305434,30486.44463780089,cyclic_shift
5640.0,11,12,42,44,1028.1542117316037,30486.445793830313,cyclic_shift
5640.0,12,13,42,44,1028.031419053427,30486.44703070233,cyclic_shift
5640.0,13,14,42,44,1027.891357747113,30486.448306294154,cyclic_shift
5640.0,14,15,42,44,1027.7340306372748,30486.449577166477,cyclic_shift
5640.0,15,16,42,44,1027.5594408969603,30486.450800042352,cyclic_shift
5640.0,16,17,42,44,1027.3675920476542,30486.451933280972,cyclic_shift
5640.0,17,18,42,44,1027.158487959317,30486.45293829563,cyclic_shift
5640.0,18,19,42,44,1026.9321328503852,30486.45378086668,cyclic_shift
5640.0,19,20,42,44,1026.688531287808,30486.454432306527,cyclic_shift
5640.0,20,21,42,44,1026.4276881870537,30486.454870435526,cyclic_shift
5640.0,21,22,42,44,1026.1496088121598,30486.455080337102,cyclic_shift
5640.0,22,23,42,44,1026.211013729835,30486.455054865193,cyclic_shift
5640.0,23,24,42,44,1026.4853778036072,30486.454794886715,cyclic_shift
5640.0,24,25,42,44,1026.7425044389531,30486.454309252953,cyclic_shift
5640.0,25,26,42,44,1026.9823884469931,30486.453614498107,cyclic_shift
5640.0,26,27,42,44,1027.2050249873766,30486.45273427618,cyclic_shift
5640.0,27,28,42,44,1027.4104095683008,30486.451698557375,cyclic_shift
5640.0,28,29,42,44,1027.5985380464535,30486.450542606683,cyclic_shift
5640.0,29,30,42,44,1027.7694066269914,30486.449305784958,cyclic_shift
5640.0,30,31,42,44,1027.923011863558,30486.44803020769,cyclic_shift
5640.0,31,32,42,44,1028.0593506582168,30486.44675931272,cyclic_shift
5640.0,32,33,42,44,1028.178420261453,30486.445536379895,cyclic_shift
5640.0,33,0,31,44,1028.2802182721891,30486.444403057583,cyclic_shift
