source_satellite,target_satellite,link_type,minimum_distance_km,maximum_distance_km,mean_distance_km,availability_ratio,number_of_on_events,number_of_off_events,number_of_switches,longest_outage_seconds
0,1,same_plane,944.6114857937715,944.6114857937785,944.6114857937742,1.0,1,0,0,0.0
1,2,same_plane,944.6114857937715,944.6114857937789,944.611485793777,1.0,1,0,0,0.0
2,3,same_plane,944.6114857937708,944.6114857937786,944.6114857937745,1.0,1,0,0,0.0
3,4,same_plane,944.611485793772,944.6114857937789,944.6114857937764,1.0,1,0,0,0.0
4,5,same_plane,944.6114857937714,944.6114857937791,944.6114857937756,1.0,1,0,0,0.0
5,6,same_plane,944.6114857937712,944.6114857937788,944.6114857937752,1.0,1,0,0,0.0
6,7,same_plane,944.611485793772,944.6114857937795,944.6114857937754,1.0,1,0,0,0.0
7,8,same_plane,944.6114857937714,944.6114857937789,944.6114857937752,1.0,1,0,0,0.0
8,9,same_plane,944.6114857937711,944.6114857937788,944.6114857937754,1.0,1,0,0,0.0
9,10,same_plane,944.6114857937775,944.6114857937795,944.6114857937782,1.0,1,0,0,0.0
10,11,same_plane,944.6114857937656,944.6114857937789,944.6114857937722,1.0,1,0,0,0.0
11,12,same_plane,944.6114857937772,944.611485793782,944.6114857937786,1.0,1,0,0,0.0
12,13,same_plane,944.6114857937661,944.6114857937789,944.611485793775,1.0,1,0,0,0.0
13,14,same_plane,944.6114857937715,944.6114857937799,944.6114857937755,1.0,1,0,0,0.0
14,15,same_plane,944.6114857937713,944.6114857937791,944.6114857937754,1.0,1,0,0,0.0
15,16,same_plane,944.6114857937663,944.6114857937787,944.611485793775,1.0,1,0,0,0.0
16,17,same_plane,944.6114857937774,944.6114857937795,944.6114857937783,1.0,1,0,0,0.0
17,18,same_plane,944.6114857937649,944.6114857937786,944.611485793772,1.0,1,0,0,0.0
18,19,same_plane,944.6114857937673,944.6114857937795,944.6114857937755,1.0,1,0,0,0.0
19,20,same_plane,944.6114857937661,944.6114857937889,944.6114857937779,1.0,1,0,0,0.0
20,21,same_plane,944.6114857937673,944.6114857937791,944.6114857937755,1.0,1,0,0,0.0
21,22,same_plane,944.6114857937648,944.6114857937791,944.6114857937719,1.0,1,0,0,0.0
22,23,same_plane,944.6114857937772,944.6114857937821,944.6114857937783,1.0,1,0,0,0.0
23,24,same_plane,944.6114857937648,944.6114857937791,944.6114857937755,1.0,1,0,0,0.0
24,25,same_plane,944.611485793766,944.6114857937912,944.6114857937782,1.0,1,0,0,0.0
25,26,same_plane,944.6114857937654,944.6114857937791,944.6114857937752,1.0,1,0,0,0.0
26,27,same_plane,944.6114857937655,944.611485793779,944.6114857937719,1.0,1,0,0,0.0
27,28,same_plane,944.6114857937771,944.6114857937821,944.6114857937783,1.0,1,0,0,0.0
28,29,same_plane,944.6114857937656,944.6114857937791,944.6114857937752,1.0,1,0,0,0.0
29,30,same_plane,944.6114857937658,944.6114857937913,944.6114857937782,1.0,1,0,0,0.0
30,31,same_plane,944.6114857937656,944.6114857937787,944.6114857937722,1.0,1,0,0,0.0
31,32,same_plane,944.6114857937653,944.611485793791,944.6114857937779,1.0,1,0,0,0.0
32,33,same_plane,944.6114857937654,944.6114857937915,944.6114857937787,1.0,1,0,0,0.0
33,34,same_plane,944.6114857937655,944.6114857937911,944.6114857937779,1.0,1,0,0,0.0
34,35,same_plane,944.6114857937646,944.611485793779,944.6114857937727,1.0,1,0,0,0.0
35,36,same_plane,944.6114857937655,944.6114857937788,944.6114857937722,1.0,1,0,0,0.0
36,37,same_plane,944.6114857937655,944.6114857937906,944.6114857937779,1.0,1,0,0,0.0
37,38,same_plane,944.6114857937657,944.6114857937788,944.6114857937728,1.0,1,0,0,0.0
38,39,same_plane,944.6114857937656,944.611485793791,944.6114857937781,1.0,1,0,0,0.0
39,40,same_plane,944.6114857937654,944.6114857937911,944.6114857937786,1.0,1,0,0,0.0
40,41,same_plane,944.6114857937653,944.6114857937795,944.6114857937722,1.0,1,0,0,0.0
41,42,same_plane,944.6114857937657,944.6114857937916,944.6114857937779,1.0,1,0,0,0.0
42,43,same_plane,944.6114857937653,944.6114857937791,944.6114857937727,1.0,1,0,0,0.0
43,44,same_plane,944.6114857937654,944.6114857937789,944.611485793772,1.0,1,0,0,0.0
44,45,same_plane,944.6114857937778,944.6114857937916,944.6114857937846,1.0,1,0,0,0.0
0,45,same_plane,944.6114857937644,944.6114857937813,944.6114857937722,1.0,1,0,0,0.0
46,47,same_plane,944.6114857937713,944.6114857937788,944.6114857937763,1.0,1,0,0,0.0
47,48,same_plane,944.6114857937717,944.6114857937788,944.6114857937742,1.0,1,0,0,0.0
48,49,same_plane,944.6114857937717,944.6114857937791,944.6114857937765,1.0,1,0,0,0.0
49,50,same_plane,944.6114857937722,944.6114857937788,944.6114857937769,1.0,1,0,0,0.0
50,51,same_plane,944.6114857937714,944.6114857937793,944.6114857937746,1.0,1,0,0,0.0
51,52,same_plane,944.6114857937713,944.611485793779,944.6114857937763,1.0,1,0,0,0.0
52,53,same_plane,944.6114857937712,944.6114857937788,944.6114857937741,1.0,1,0,0,0.0
53,54,same_plane,944.6114857937714,944.6114857937791,944.6114857937763,1.0,1,0,0,0.0
54,55,same_plane,944.6114857937713,944.6114857937789,944.6114857937742,1.0,1,0,0,0.0
55,56,same_plane,944.6114857937777,944.6114857937796,944.6114857937782,1.0,1,0,0,0.0
56,57,same_plane,944.6114857937708,944.6114857937736,944.6114857937722,1.0,1,0,0,0.0
57,58,same_plane,944.6114857937772,944.611485793779,944.6114857937782,1.0,1,0,0,0.0
58,59,same_plane,944.6114857937717,944.6114857937793,944.6114857937764,1.0,1,0,0,0.0
59,60,same_plane,944.6114857937661,944.6114857937786,944.6114857937731,1.0,1,0,0,0.0
60,61,same_plane,944.6114857937657,944.611485793779,944.6114857937752,1.0,1,0,0,0.0
61,62,same_plane,944.6114857937662,944.611485793779,944.6114857937755,1.0,1,0,0,0.0
62,63,same_plane,944.6114857937661,944.6114857937911,944.6114857937782,1.0,1,0,0,0.0
63,64,same_plane,944.6114857937648,944.611485793779,944.6114857937719,1.0,1,0,0,0.0
64,65,same_plane,944.6114857937656,944.6114857937799,944.6114857937752,1.0,1,0,0,0.0
65,66,same_plane,944.6114857937771,944.6114857937794,944.6114857937782,1.0,1,0,0,0.0
66,67,same_plane,944.6114857937656,944.6114857937791,944.6114857937755,1.0,1,0,0,0.0
67,68,same_plane,944.6114857937655,944.6114857937791,944.6114857937719,1.0,1,0,0,0.0
68,69,same_plane,944.611485793766,944.6114857937906,944.6114857937782,1.0,1,0,0,0.0
69,70,same_plane,944.6114857937655,944.6114857937799,944.6114857937752,1.0,1,0,0,0.0
70,71,same_plane,944.6114857937775,944.6114857937799,944.6114857937782,1.0,1,0,0,0.0
71,72,same_plane,944.6114857937658,944.6114857937791,944.6114857937754,1.0,1,0,0,0.0
72,73,same_plane,944.6114857937648,944.611485793779,944.611485793772,1.0,1,0,0,0.0
73,74,same_plane,944.6114857937655,944.6114857937908,944.6114857937782,1.0,1,0,0,0.0
74,75,same_plane,944.611485793766,944.611485793791,944.6114857937787,1.0,1,0,0,0.0
75,76,same_plane,944.6114857937654,944.6114857937915,944.6114857937781,1.0,1,0,0,0.0
76,77,same_plane,944.6114857937653,944.6114857937789,944.6114857937728,1.0,1,0,0,0.0
77,78,same_plane,944.6114857937646,944.6114857937911,944.6114857937782,1.0,1,0,0,0.0
78,79,same_plane,944.6114857937652,944.6114857937918,944.6114857937783,1.0,1,0,0,0.0
79,80,same_plane,944.6114857937658,944.6114857937912,944.6114857937782,1.0,1,0,0,0.0
80,81,same_plane,944.6114857937655,944.6114857937787,944.6114857937715,1.0,1,0,0,0.0
81,82,same_plane,944.6114857937654,944.6114857937795,944.6114857937728,1.0,1,0,0,0.0
82,83,same_plane,944.6114857937661,944.6114857937912,944.6114857937782,1.0,1,0,0,0.0
83,84,same_plane,944.6114857937656,944.611485793779,944.611485793772,1.0,1,0,0,0.0
84,85,same_plane,944.6114857937655,944.6114857937912,944.6114857937786,1.0,1,0,0,0.0
85,86,same_plane,944.6114857937655,944.6114857937908,944.6114857937779,1.0,1,0,0,0.0
86,87,same_plane,944.6114857937647,944.6114857937795,944.6114857937727,1.0,1,0,0,0.0
87,88,same_plane,944.6114857937655,944.611485793791,944.6114857937782,1.0,1,0,0,0.0
88,89,same_plane,944.6114857937653,944.6114857937787,944.6114857937719,1.0,1,0,0,0.0
89,90,same_plane,944.6114857937653,944.6114857937787,944.6114857937723,1.0,1,0,0,0.0
90,91,same_plane,944.6114857937777,944.6114857937911,944.6114857937843,1.0,1,0,0,0.0
46,91,same_plane,944.6114857937611,944.6114857937774,944.6114857937695,1.0,1,0,0,0.0
92,93,same_plane,944.6114857937741,944.611485793779,944.6114857937768,1.0,1,0,0,0.0
93,94,same_plane,944.6114857937715,944.6114857937783,944.6114857937741,1.0,1,0,0,0.0
94,95,same_plane,944.6114857937721,944.6114857937787,944.6114857937769,1.0,1,0,0,0.0
95,96,same_plane,944.6114857937711,944.6114857937788,944.611485793774,1.0,1,0,0,0.0
96,97,same_plane,944.611485793772,944.6114857937795,944.6114857937768,1.0,1,0,0,0.0
97,98,same_plane,944.6114857937717,944.6114857937788,944.6114857937758,1.0,1,0,0,0.0
98,99,same_plane,944.6114857937712,944.6114857937794,944.6114857937752,1.0,1,0,0,0.0
99,100,same_plane,944.6114857937716,944.6114857937788,944.6114857937754,1.0,1,0,0,0.0
100,101,same_plane,944.6114857937712,944.6114857937788,944.6114857937752,1.0,1,0,0,0.0
101,102,same_plane,944.6114857937774,944.6114857937805,944.6114857937782,1.0,1,0,0,0.0
102,103,same_plane,944.6114857937657,944.6114857937786,944.611485793772,1.0,1,0,0,0.0
103,104,same_plane,944.6114857937717,944.6114857937798,944.6114857937781,1.0,1,0,0,0.0
104,105,same_plane,944.6114857937712,944.6114857937789,944.6114857937752,1.0,1,0,0,0.0
105,106,same_plane,944.6114857937715,944.611485793779,944.6114857937755,1.0,1,0,0,0.0
106,107,same_plane,944.6114857937662,944.6114857937787,944.6114857937749,1.0,1,0,0,0.0
107,108,same_plane,944.6114857937654,944.6114857937791,944.6114857937752,1.0,1,0,0,0.0
108,109,same_plane,944.6114857937656,944.6114857937907,944.6114857937781,1.0,1,0,0,0.0
109,110,same_plane,944.6114857937655,944.6114857937793,944.6114857937724,1.0,1,0,0,0.0
110,111,same_plane,944.6114857937658,944.6114857937793,944.611485793775,1.0,1,0,0,0.0
111,112,same_plane,944.6114857937777,944.6114857937794,944.6114857937782,1.0,1,0,0,0.0
112,113,same_plane,944.6114857937646,944.6114857937787,944.6114857937749,1.0,1,0,0,0.0
113,114,same_plane,944.6114857937653,944.6114857937786,944.6114857937723,1.0,1,0,0,0.0
114,115,same_plane,944.6114857937657,944.6114857937906,944.6114857937782,1.0,1,0,0,0.0
115,116,same_plane,944.6114857937655,944.611485793779,944.6114857937752,1.0,1,0,0,0.0
116,117,same_plane,944.6114857937772,944.6114857937794,944.6114857937782,1.0,1,0,0,0.0
117,118,same_plane,944.6114857937658,944.611485793779,944.6114857937749,1.0,1,0,0,0.0
118,119,same_plane,944.6114857937656,944.6114857937791,944.6114857937723,1.0,1,0,0,0.0
119,120,same_plane,944.6114857937655,944.6114857937906,944.6114857937782,1.0,1,0,0,0.0
120,121,same_plane,944.611485793765,944.6114857937787,944.6114857937717,1.0,1,0,0,0.0
121,122,same_plane,944.6114857937655,944.611485793791,944.6114857937786,1.0,1,0,0,0.0
122,123,same_plane,944.6114857937649,944.6114857937791,944.6114857937722,1.0,1,0,0,0.0
123,124,same_plane,944.6114857937653,944.6114857937911,944.6114857937782,1.0,1,0,0,0.0
124,125,same_plane,944.6114857937656,944.611485793791,944.6114857937782,1.0,1,0,0,0.0
125,126,same_plane,944.611485793766,944.6114857937908,944.6114857937782,1.0,1,0,0,0.0
126,127,same_plane,944.6114857937656,944.6114857937789,944.611485793772,1.0,1,0,0,0.0
127,128,same_plane,944.6114857937653,944.6114857937787,944.611485793772,1.0,1,0,0,0.0
128,129,same_plane,944.6114857937658,944.6114857937911,944.6114857937786,1.0,1,0,0,0.0
129,130,same_plane,944.611485793765,944.6114857937789,944.6114857937719,1.0,1,0,0,0.0
130,131,same_plane,944.6114857937655,944.6114857937908,944.6114857937779,1.0,1,0,0,0.0
131,132,same_plane,944.6114857937654,944.6114857937911,944.6114857937787,1.0,1,0,0,0.0
132,133,same_plane,944.6114857937653,944.611485793779,944.6114857937722,1.0,1,0,0,0.0
133,134,same_plane,944.611485793766,944.6114857937908,944.6114857937782,1.0,1,0,0,0.0
134,135,same_plane,944.6114857937649,944.6114857937791,944.611485793772,1.0,1,0,0,0.0
135,136,same_plane,944.6114857937653,944.6114857937789,944.6114857937722,1.0,1,0,0,0.0
136,137,same_plane,944.6114857937774,944.6114857937913,944.6114857937846,1.0,1,0,0,0.0
92,137,same_plane,944.6114857937667,944.6114857937805,944.6114857937737,1.0,1,0,0,0.0
138,139,same_plane,944.6114857937714,944.6114857937786,944.6114857937745,1.0,1,0,0,0.0
139,140,same_plane,944.611485793772,944.6114857937791,944.6114857937764,1.0,1,0,0,0.0
140,141,same_plane,944.6114857937715,944.6114857937788,944.6114857937755,1.0,1,0,0,0.0
141,142,same_plane,944.6114857937716,944.611485793779,944.6114857937755,1.0,1,0,0,0.0
142,143,same_plane,944.611485793771,944.6114857937788,944.611485793775,1.0,1,0,0,0.0
143,144,same_plane,944.6114857937715,944.6114857937791,944.611485793775,1.0,1,0,0,0.0
144,145,same_plane,944.6114857937715,944.6114857937794,944.6114857937754,1.0,1,0,0,0.0
145,146,same_plane,944.6114857937705,944.611485793779,944.6114857937752,1.0,1,0,0,0.0
146,147,same_plane,944.6114857937711,944.6114857937788,944.6114857937754,1.0,1,0,0,0.0
147,148,same_plane,944.6114857937755,944.6114857937793,944.6114857937782,1.0,1,0,0,0.0
148,149,same_plane,944.6114857937655,944.6114857937791,944.6114857937722,1.0,1,0,0,0.0
149,150,same_plane,944.6114857937765,944.6114857937816,944.6114857937783,1.0,1,0,0,0.0
150,151,same_plane,944.6114857937664,944.611485793779,944.6114857937749,1.0,1,0,0,0.0
151,152,same_plane,944.6114857937663,944.611485793779,944.6114857937752,1.0,1,0,0,0.0
152,153,same_plane,944.6114857937656,944.6114857937789,944.6114857937754,1.0,1,0,0,0.0
153,154,same_plane,944.6114857937662,944.6114857937794,944.6114857937752,1.0,1,0,0,0.0
154,155,same_plane,944.6114857937772,944.6114857937807,944.6114857937782,1.0,1,0,0,0.0
155,156,same_plane,944.6114857937652,944.611485793779,944.6114857937719,1.0,1,0,0,0.0
156,157,same_plane,944.6114857937657,944.6114857937791,944.6114857937755,1.0,1,0,0,0.0
157,158,same_plane,944.6114857937652,944.6114857937911,944.6114857937783,1.0,1,0,0,0.0
158,159,same_plane,944.6114857937661,944.611485793779,944.6114857937752,1.0,1,0,0,0.0
159,160,same_plane,944.6114857937654,944.6114857937791,944.6114857937719,1.0,1,0,0,0.0
160,161,same_plane,944.6114857937774,944.6114857937791,944.6114857937782,1.0,1,0,0,0.0
161,162,same_plane,944.6114857937653,944.611485793779,944.6114857937755,1.0,1,0,0,0.0
162,163,same_plane,944.6114857937658,944.6114857937908,944.6114857937781,1.0,1,0,0,0.0
163,164,same_plane,944.6114857937658,944.6114857937797,944.6114857937754,1.0,1,0,0,0.0
164,165,same_plane,944.6114857937646,944.6114857937791,944.6114857937746,1.0,1,0,0,0.0
165,166,same_plane,944.6114857937653,944.6114857937915,944.6114857937787,1.0,1,0,0,0.0
166,167,same_plane,944.6114857937645,944.6114857937787,944.6114857937722,1.0,1,0,0,0.0
167,168,same_plane,944.6114857937649,944.6114857937907,944.6114857937783,1.0,1,0,0,0.0
168,169,same_plane,944.6114857937655,944.6114857937788,944.611485793772,1.0,1,0,0,0.0
169,170,same_plane,944.6114857937652,944.6114857937913,944.6114857937777,1.0,1,0,0,0.0
170,171,same_plane,944.6114857937656,944.6114857937911,944.6114857937788,1.0,1,0,0,0.0
171,172,same_plane,944.6114857937652,944.6114857937907,944.6114857937779,1.0,1,0,0,0.0
172,173,same_plane,944.6114857937648,944.6114857937793,944.6114857937727,1.0,1,0,0,0.0
173,174,same_plane,944.611485793765,944.6114857937793,944.6114857937719,1.0,1,0,0,0.0
174,175,same_plane,944.6114857937657,944.6114857937906,944.6114857937779,1.0,1,0,0,0.0
175,176,same_plane,944.6114857937654,944.6114857937788,944.6114857937724,1.0,1,0,0,0.0
176,177,same_plane,944.6114857937649,944.6114857937911,944.6114857937781,1.0,1,0,0,0.0
177,178,same_plane,944.6114857937648,944.6114857937912,944.6114857937783,1.0,1,0,0,0.0
178,179,same_plane,944.611485793765,944.6114857937791,944.611485793772,1.0,1,0,0,0.0
179,180,same_plane,944.6114857937645,944.6114857937915,944.6114857937779,1.0,1,0,0,0.0
180,181,same_plane,944.6114857937649,944.6114857937794,944.6114857937723,1.0,1,0,0,0.0
181,182,same_plane,944.6114857937652,944.6114857937794,944.6114857937722,1.0,1,0,0,0.0
182,183,same_plane,944.6114857937778,944.6114857937914,944.6114857937846,1.0,1,0,0,0.0
138,183,same_plane,944.611485793767,944.6114857937805,944.6114857937728,1.0,1,0,0,0.0
184,185,same_plane,944.6114857937721,944.6114857937793,944.6114857937768,1.0,1,0,0,0.0
185,186,same_plane,944.6114857937715,944.6114857937791,944.6114857937752,1.0,1,0,0,0.0
186,187,same_plane,944.6114857937716,944.6114857937793,944.6114857937758,1.0,1,0,0,0.0
187,188,same_plane,944.6114857937714,944.611485793779,944.6114857937768,1.0,1,0,0,0.0
188,189,same_plane,944.6114857937715,944.6114857937789,944.6114857937741,1.0,1,0,0,0.0
189,190,same_plane,944.6114857937714,944.6114857937794,944.6114857937764,1.0,1,0,0,0.0
190,191,same_plane,944.6114857937711,944.6114857937785,944.6114857937741,1.0,1,0,0,0.0
191,192,same_plane,944.6114857937713,944.6114857937789,944.6114857937764,1.0,1,0,0,0.0
192,193,same_plane,944.6114857937715,944.6114857937788,944.6114857937742,1.0,1,0,0,0.0
193,194,same_plane,944.6114857937769,944.6114857937841,944.6114857937783,1.0,1,0,0,0.0
194,195,same_plane,944.6114857937657,944.6114857937785,944.6114857937722,1.0,1,0,0,0.0
195,196,same_plane,944.6114857937774,944.6114857937852,944.61148579378,1.0,1,0,0,0.0
196,197,same_plane,944.6114857937663,944.6114857937791,944.6114857937755,1.0,1,0,0,0.0
197,198,same_plane,944.6114857937658,944.611485793779,944.6114857937752,1.0,1,0,0,0.0
198,199,same_plane,944.6114857937649,944.611485793779,944.611485793775,1.0,1,0,0,0.0
199,200,same_plane,944.6114857937662,944.6114857937791,944.6114857937752,1.0,1,0,0,0.0
200,201,same_plane,944.6114857937771,944.6114857937793,944.6114857937782,1.0,1,0,0,0.0
201,202,same_plane,944.6114857937655,944.6114857937794,944.6114857937724,1.0,1,0,0,0.0
202,203,same_plane,944.6114857937652,944.6114857937789,944.6114857937749,1.0,1,0,0,0.0
203,204,same_plane,944.6114857937661,944.6114857937916,944.6114857937782,1.0,1,0,0,0.0
204,205,same_plane,944.6114857937658,944.6114857937793,944.6114857937755,1.0,1,0,0,0.0
205,206,same_plane,944.6114857937652,944.611485793779,944.6114857937723,1.0,1,0,0,0.0
206,207,same_plane,944.6114857937771,944.6114857937795,944.6114857937782,1.0,1,0,0,0.0
207,208,same_plane,944.6114857937657,944.6114857937795,944.611485793775,1.0,1,0,0,0.0
208,209,same_plane,944.6114857937657,944.6114857937907,944.6114857937782,1.0,1,0,0,0.0
209,210,same_plane,944.6114857937653,944.611485793779,944.6114857937724,1.0,1,0,0,0.0
210,211,same_plane,944.6114857937652,944.6114857937789,944.6114857937722,1.0,1,0,0,0.0
211,212,same_plane,944.6114857937655,944.6114857937911,944.6114857937781,1.0,1,0,0,0.0
212,213,same_plane,944.6114857937653,944.6114857937912,944.6114857937786,1.0,1,0,0,0.0
213,214,same_plane,944.6114857937657,944.6114857937913,944.6114857937779,1.0,1,0,0,0.0
214,215,same_plane,944.6114857937652,944.6114857937793,944.6114857937727,1.0,1,0,0,0.0
215,216,same_plane,944.6114857937648,944.6114857937911,944.6114857937782,1.0,1,0,0,0.0
216,217,same_plane,944.6114857937654,944.6114857937913,944.6114857937782,1.0,1,0,0,0.0
217,218,same_plane,944.6114857937658,944.6114857937912,944.6114857937783,1.0,1,0,0,0.0
218,219,same_plane,944.6114857937653,944.6114857937787,944.6114857937717,1.0,1,0,0,0.0
219,220,same_plane,944.6114857937649,944.611485793779,944.6114857937727,1.0,1,0,0,0.0
220,221,same_plane,944.6114857937657,944.6114857937914,944.6114857937782,1.0,1,0,0,0.0
221,222,same_plane,944.6114857937652,944.6114857937789,944.6114857937717,1.0,1,0,0,0.0
222,223,same_plane,944.611485793765,944.6114857937907,944.6114857937787,1.0,1,0,0,0.0
223,224,same_plane,944.6114857937655,944.6114857937914,944.6114857937779,1.0,1,0,0,0.0
224,225,same_plane,944.6114857937647,944.6114857937791,944.6114857937723,1.0,1,0,0,0.0
225,226,same_plane,944.6114857937655,944.6114857937913,944.6114857937782,1.0,1,0,0,0.0
226,227,same_plane,944.6114857937649,944.6114857937793,944.6114857937722,1.0,1,0,0,0.0
227,228,same_plane,944.6114857937652,944.6114857937793,944.6114857937724,1.0,1,0,0,0.0
228,229,same_plane,944.6114857937772,944.611485793792,944.611485793784,1.0,1,0,0,0.0
184,229,same_plane,944.6114857937615,944.6114857937772,944.6114857937696,1.0,1,0,0,0.0
230,231,same_plane,944.6114857937741,944.6114857937791,944.6114857937768,1.0,1,0,0,0.0
231,232,same_plane,944.6114857937713,944.6114857937789,944.6114857937746,1.0,1,0,0,0.0
232,233,same_plane,944.6114857937715,944.611485793779,944.6114857937764,1.0,1,0,0,0.0
233,234,same_plane,944.6114857937716,944.6114857937786,944.6114857937742,1.0,1,0,0,0.0
234,235,same_plane,944.6114857937714,944.6114857937791,944.6114857937772,1.0,1,0,0,0.0
235,236,same_plane,944.6114857937711,944.6114857937794,944.6114857937754,1.0,1,0,0,0.0
236,237,same_plane,944.6114857937712,944.611485793779,944.611485793775,1.0,1,0,0,0.0
237,238,same_plane,944.6114857937716,944.6114857937787,944.6114857937752,1.0,1,0,0,0.0
238,239,same_plane,944.6114857937714,944.6114857937791,944.6114857937755,1.0,1,0,0,0.0
239,240,same_plane,944.611485793777,944.6114857937794,944.6114857937782,1.0,1,0,0,0.0
240,241,same_plane,944.6114857937653,944.6114857937788,944.6114857937722,1.0,1,0,0,0.0
241,242,same_plane,944.6114857937665,944.611485793784,944.6114857937781,1.0,1,0,0,0.0
242,243,same_plane,944.6114857937662,944.6114857937789,944.6114857937755,1.0,1,0,0,0.0
243,244,same_plane,944.611485793766,944.6114857937791,944.6114857937755,1.0,1,0,0,0.0
244,245,same_plane,944.6114857937658,944.6114857937789,944.6114857937754,1.0,1,0,0,0.0
245,246,same_plane,944.6114857937654,944.6114857937794,944.611485793775,1.0,1,0,0,0.0
246,247,same_plane,944.6114857937652,944.6114857937911,944.6114857937779,1.0,1,0,0,0.0
247,248,same_plane,944.6114857937657,944.6114857937791,944.6114857937727,1.0,1,0,0,0.0
248,249,same_plane,944.6114857937649,944.611485793779,944.6114857937752,1.0,1,0,0,0.0
249,250,same_plane,944.6114857937772,944.6114857937814,944.6114857937782,1.0,1,0,0,0.0
250,251,same_plane,944.6114857937654,944.6114857937791,944.6114857937749,1.0,1,0,0,0.0
251,252,same_plane,944.6114857937652,944.6114857937789,944.6114857937723,1.0,1,0,0,0.0
252,253,same_plane,944.6114857937658,944.6114857937911,944.6114857937786,1.0,1,0,0,0.0
253,254,same_plane,944.6114857937656,944.611485793779,944.611485793775,1.0,1,0,0,0.0
254,255,same_plane,944.6114857937772,944.6114857937812,944.6114857937782,1.0,1,0,0,0.0
255,256,same_plane,944.6114857937658,944.611485793779,944.6114857937747,1.0,1,0,0,0.0
256,257,same_plane,944.6114857937654,944.611485793779,944.6114857937728,1.0,1,0,0,0.0
257,258,same_plane,944.6114857937653,944.6114857937911,944.6114857937781,1.0,1,0,0,0.0
258,259,same_plane,944.6114857937656,944.6114857937787,944.6114857937717,1.0,1,0,0,0.0
259,260,same_plane,944.6114857937655,944.6114857937906,944.6114857937788,1.0,1,0,0,0.0
260,261,same_plane,944.6114857937655,944.6114857937793,944.611485793772,1.0,1,0,0,0.0
261,262,same_plane,944.6114857937652,944.611485793791,944.6114857937782,1.0,1,0,0,0.0
262,263,same_plane,944.6114857937656,944.6114857937906,944.6114857937782,1.0,1,0,0,0.0
263,264,same_plane,944.6114857937656,944.6114857937913,944.6114857937783,1.0,1,0,0,0.0
264,265,same_plane,944.6114857937652,944.6114857937795,944.6114857937719,1.0,1,0,0,0.0
265,266,same_plane,944.6114857937653,944.6114857937788,944.6114857937722,1.0,1,0,0,0.0
266,267,same_plane,944.6114857937658,944.6114857937913,944.6114857937786,1.0,1,0,0,0.0
267,268,same_plane,944.6114857937655,944.6114857937789,944.611485793772,1.0,1,0,0,0.0
268,269,same_plane,944.6114857937655,944.6114857937912,944.6114857937777,1.0,1,0,0,0.0
269,270,same_plane,944.6114857937654,944.6114857937911,944.6114857937786,1.0,1,0,0,0.0
270,271,same_plane,944.6114857937654,944.6114857937796,944.6114857937722,1.0,1,0,0,0.0
271,272,same_plane,944.6114857937657,944.611485793791,944.6114857937783,1.0,1,0,0,0.0
272,273,same_plane,944.6114857937652,944.6114857937788,944.6114857937722,1.0,1,0,0,0.0
273,274,same_plane,944.6114857937654,944.6114857937791,944.6114857937722,1.0,1,0,0,0.0
274,275,same_plane,944.6114857937769,944.6114857937915,944.6114857937846,1.0,1,0,0,0.0
230,275,same_plane,944.6114857937672,944.6114857937808,944.6114857937737,1.0,1,0,0,0.0
276,277,same_plane,944.6114857937717,944.6114857937787,944.6114857937755,1.0,1,0,0,0.0
277,278,same_plane,944.6114857937711,944.6114857937791,944.6114857937752,1.0,1,0,0,0.0
278,279,same_plane,944.6114857937715,944.6114857937791,944.6114857937752,1.0,1,0,0,0.0
279,280,same_plane,944.6114857937714,944.6114857937793,944.6114857937752,1.0,1,0,0,0.0
280,281,same_plane,944.6114857937713,944.6114857937793,944.6114857937773,1.0,1,0,0,0.0
281,282,same_plane,944.6114857937713,944.6114857937785,944.6114857937741,1.0,1,0,0,0.0
282,283,same_plane,944.6114857937713,944.611485793779,944.6114857937763,1.0,1,0,0,0.0
283,284,same_plane,944.6114857937714,944.6114857937787,944.6114857937741,1.0,1,0,0,0.0
284,285,same_plane,944.611485793772,944.6114857937794,944.6114857937761,1.0,1,0,0,0.0
285,286,same_plane,944.6114857937775,944.6114857937853,944.6114857937791,1.0,1,0,0,0.0
286,287,same_plane,944.6114857937654,944.6114857937785,944.6114857937722,1.0,1,0,0,0.0
287,288,same_plane,944.6114857937717,944.6114857937905,944.6114857937786,1.0,1,0,0,0.0
288,289,same_plane,944.6114857937648,944.6114857937787,944.6114857937715,1.0,1,0,0,0.0
289,290,same_plane,944.6114857937662,944.6114857937905,944.6114857937782,1.0,1,0,0,0.0
290,291,same_plane,944.6114857937658,944.6114857937789,944.6114857937722,1.0,1,0,0,0.0
291,292,same_plane,944.6114857937661,944.6114857937908,944.6114857937786,1.0,1,0,0,0.0
292,293,same_plane,944.6114857937661,944.6114857937907,944.6114857937781,1.0,1,0,0,0.0
293,294,same_plane,944.6114857937654,944.6114857937787,944.6114857937719,1.0,1,0,0,0.0
294,295,same_plane,944.6114857937654,944.6114857937786,944.6114857937724,1.0,1,0,0,0.0
295,296,same_plane,944.6114857937654,944.6114857937912,944.6114857937782,1.0,1,0,0,0.0
296,297,same_plane,944.611485793766,944.6114857937906,944.6114857937782,1.0,1,0,0,0.0
297,298,same_plane,944.6114857937653,944.6114857937794,944.6114857937719,1.0,1,0,0,0.0
298,299,same_plane,944.6114857937653,944.611485793791,944.6114857937782,1.0,1,0,0,0.0
299,300,same_plane,944.6114857937648,944.6114857937788,944.6114857937723,1.0,1,0,0,0.0
300,301,same_plane,944.6114857937658,944.611485793791,944.6114857937783,1.0,1,0,0,0.0
301,302,same_plane,944.6114857937653,944.6114857937911,944.6114857937781,1.0,1,0,0,0.0
302,303,same_plane,944.6114857937655,944.611485793779,944.6114857937717,1.0,1,0,0,0.0
303,304,same_plane,944.6114857937654,944.6114857937914,944.6114857937787,1.0,1,0,0,0.0
304,305,same_plane,944.6114857937649,944.611485793779,944.6114857937722,1.0,1,0,0,0.0
305,306,same_plane,944.6114857937656,944.6114857937908,944.6114857937782,1.0,1,0,0,0.0
306,307,same_plane,944.6114857937655,944.6114857937787,944.6114857937722,1.0,1,0,0,0.0
307,308,same_plane,944.6114857937656,944.6114857937916,944.6114857937779,1.0,1,0,0,0.0
308,309,same_plane,944.6114857937655,944.6114857937905,944.6114857937783,1.0,1,0,0,0.0
309,310,same_plane,944.6114857937658,944.6114857937908,944.6114857937781,1.0,1,0,0,0.0
310,311,same_plane,944.6114857937656,944.6114857937788,944.6114857937728,1.0,1,0,0,0.0
311,312,same_plane,944.6114857937652,944.611485793779,944.6114857937717,1.0,1,0,0,0.0
312,313,same_plane,944.611485793766,944.611485793791,944.6114857937779,1.0,1,0,0,0.0
313,314,same_plane,944.6114857937656,944.6114857937791,944.6114857937727,1.0,1,0,0,0.0
314,315,same_plane,944.6114857937654,944.6114857937911,944.6114857937782,1.0,1,0,0,0.0
315,316,same_plane,944.6114857937655,944.6114857937907,944.6114857937781,1.0,1,0,0,0.0
316,317,same_plane,944.6114857937655,944.611485793779,944.6114857937722,1.0,1,0,0,0.0
317,318,same_plane,944.6114857937654,944.6114857937907,944.6114857937782,1.0,1,0,0,0.0
318,319,same_plane,944.6114857937649,944.611485793779,944.6114857937723,1.0,1,0,0,0.0
319,320,same_plane,944.6114857937649,944.6114857937787,944.6114857937723,1.0,1,0,0,0.0
320,321,same_plane,944.6114857937774,944.6114857937913,944.6114857937843,1.0,1,0,0,0.0
276,321,same_plane,944.611485793767,944.6114857937802,944.6114857937733,1.0,1,0,0,0.0
322,323,same_plane,944.6114857937719,944.6114857937787,944.6114857937752,1.0,1,0,0,0.0
323,324,same_plane,944.6114857937712,944.6114857937789,944.6114857937752,1.0,1,0,0,0.0
324,325,same_plane,944.6114857937717,944.6114857937794,944.6114857937764,1.0,1,0,0,0.0
325,326,same_plane,944.6114857937707,944.6114857937794,944.6114857937763,1.0,1,0,0,0.0
326,327,same_plane,944.6114857937715,944.6114857937788,944.6114857937763,1.0,1,0,0,0.0
327,328,same_plane,944.6114857937713,944.611485793779,944.611485793775,1.0,1,0,0,0.0
328,329,same_plane,944.6114857937714,944.6114857937788,944.6114857937752,1.0,1,0,0,0.0
329,330,same_plane,944.6114857937715,944.6114857937791,944.6114857937752,1.0,1,0,0,0.0
330,331,same_plane,944.6114857937712,944.6114857937791,944.6114857937752,1.0,1,0,0,0.0
331,332,same_plane,944.6114857937772,944.6114857937789,944.6114857937782,1.0,1,0,0,0.0
332,333,same_plane,944.6114857937656,944.6114857937789,944.6114857937719,1.0,1,0,0,0.0
333,334,same_plane,944.6114857937771,944.6114857937796,944.6114857937782,1.0,1,0,0,0.0
334,335,same_plane,944.611485793766,944.611485793779,944.6114857937752,1.0,1,0,0,0.0
335,336,same_plane,944.6114857937667,944.6114857937795,944.611485793775,1.0,1,0,0,0.0
336,337,same_plane,944.6114857937658,944.6114857937791,944.611485793775,1.0,1,0,0,0.0
337,338,same_plane,944.6114857937655,944.6114857937788,944.6114857937752,1.0,1,0,0,0.0
338,339,same_plane,944.6114857937773,944.6114857937794,944.6114857937783,1.0,1,0,0,0.0
339,340,same_plane,944.6114857937653,944.6114857937791,944.6114857937724,1.0,1,0,0,0.0
340,341,same_plane,944.6114857937654,944.611485793779,944.6114857937749,1.0,1,0,0,0.0
341,342,same_plane,944.611485793766,944.611485793791,944.6114857937782,1.0,1,0,0,0.0
342,343,same_plane,944.6114857937657,944.6114857937791,944.6114857937754,1.0,1,0,0,0.0
343,344,same_plane,944.6114857937656,944.6114857937789,944.6114857937724,1.0,1,0,0,0.0
344,345,same_plane,944.6114857937771,944.611485793782,944.6114857937783,1.0,1,0,0,0.0
345,346,same_plane,944.6114857937654,944.6114857937793,944.611485793775,1.0,1,0,0,0.0
346,347,same_plane,944.6114857937656,944.6114857937904,944.6114857937779,1.0,1,0,0,0.0
347,348,same_plane,944.6114857937653,944.611485793779,944.6114857937724,1.0,1,0,0,0.0
348,349,same_plane,944.6114857937655,944.6114857937794,944.6114857937722,1.0,1,0,0,0.0
349,350,same_plane,944.6114857937655,944.6114857937912,944.6114857937778,1.0,1,0,0,0.0
350,351,same_plane,944.6114857937655,944.6114857937913,944.6114857937788,1.0,1,0,0,0.0
351,352,same_plane,944.6114857937655,944.6114857937905,944.6114857937777,1.0,1,0,0,0.0
352,353,same_plane,944.6114857937654,944.6114857937789,944.6114857937724,1.0,1,0,0,0.0
353,354,same_plane,944.6114857937654,944.6114857937912,944.6114857937782,1.0,1,0,0,0.0
354,355,same_plane,944.6114857937654,944.6114857937906,944.6114857937783,1.0,1,0,0,0.0
355,356,same_plane,944.6114857937661,944.6114857937908,944.6114857937779,1.0,1,0,0,0.0
356,357,same_plane,944.6114857937656,944.6114857937793,944.6114857937719,1.0,1,0,0,0.0
357,358,same_plane,944.6114857937655,944.6114857937787,944.6114857937727,1.0,1,0,0,0.0
358,359,same_plane,944.6114857937657,944.6114857937905,944.6114857937781,1.0,1,0,0,0.0
359,360,same_plane,944.6114857937655,944.6114857937794,944.6114857937719,1.0,1,0,0,0.0
360,361,same_plane,944.6114857937652,944.6114857937911,944.6114857937786,1.0,1,0,0,0.0
361,362,same_plane,944.6114857937653,944.6114857937911,944.6114857937779,1.0,1,0,0,0.0
362,363,same_plane,944.6114857937654,944.6114857937795,944.6114857937724,1.0,1,0,0,0.0
363,364,same_plane,944.6114857937653,944.611485793791,944.6114857937782,1.0,1,0,0,0.0
364,365,same_plane,944.6114857937654,944.6114857937794,944.6114857937719,1.0,1,0,0,0.0
365,366,same_plane,944.6114857937647,944.6114857937788,944.6114857937723,1.0,1,0,0,0.0
366,367,same_plane,944.6114857937775,944.6114857937915,944.6114857937841,1.0,1,0,0,0.0
322,367,same_plane,944.6114857937642,944.6114857937803,944.611485793771,1.0,1,0,0,0.0
368,369,same_plane,944.6114857937716,944.6114857937794,944.6114857937763,1.0,1,0,0,0.0
369,370,same_plane,944.611485793771,944.6114857937789,944.6114857937761,1.0,1,0,0,0.0
370,371,same_plane,944.6114857937715,944.6114857937794,944.6114857937752,1.0,1,0,0,0.0
371,372,same_plane,944.6114857937717,944.6114857937789,944.6114857937754,1.0,1,0,0,0.0
372,373,same_plane,944.6114857937715,944.611485793779,944.6114857937752,1.0,1,0,0,0.0
373,374,same_plane,944.6114857937714,944.6114857937797,944.6114857937752,1.0,1,0,0,0.0
374,375,same_plane,944.6114857937714,944.6114857937791,944.611485793775,1.0,1,0,0,0.0
375,376,same_plane,944.6114857937717,944.6114857937794,944.6114857937752,1.0,1,0,0,0.0
376,377,same_plane,944.6114857937711,944.611485793779,944.6114857937752,1.0,1,0,0,0.0
377,378,same_plane,944.611485793766,944.6114857937807,944.6114857937781,1.0,1,0,0,0.0
378,379,same_plane,944.6114857937656,944.6114857937786,944.6114857937722,1.0,1,0,0,0.0
379,380,same_plane,944.6114857937661,944.6114857937911,944.6114857937781,1.0,1,0,0,0.0
380,381,same_plane,944.6114857937654,944.6114857937791,944.6114857937752,1.0,1,0,0,0.0
381,382,same_plane,944.6114857937655,944.6114857937793,944.6114857937752,1.0,1,0,0,0.0
382,383,same_plane,944.6114857937658,944.6114857937793,944.6114857937755,1.0,1,0,0,0.0
383,384,same_plane,944.6114857937661,944.6114857937793,944.6114857937749,1.0,1,0,0,0.0
384,385,same_plane,944.6114857937655,944.611485793791,944.6114857937782,1.0,1,0,0,0.0
385,386,same_plane,944.6114857937645,944.6114857937787,944.6114857937722,1.0,1,0,0,0.0
386,387,same_plane,944.6114857937652,944.611485793779,944.6114857937752,1.0,1,0,0,0.0
387,388,same_plane,944.6114857937778,944.6114857937791,944.6114857937783,1.0,1,0,0,0.0
388,389,same_plane,944.6114857937658,944.6114857937794,944.611485793775,1.0,1,0,0,0.0
389,390,same_plane,944.6114857937655,944.6114857937787,944.6114857937723,1.0,1,0,0,0.0
390,391,same_plane,944.6114857937657,944.6114857937907,944.6114857937782,1.0,1,0,0,0.0
391,392,same_plane,944.6114857937658,944.6114857937916,944.6114857937783,1.0,1,0,0,0.0
392,393,same_plane,944.6114857937648,944.6114857937912,944.6114857937781,1.0,1,0,0,0.0
393,394,same_plane,944.6114857937649,944.6114857937786,944.6114857937719,1.0,1,0,0,0.0
394,395,same_plane,944.6114857937658,944.6114857937788,944.6114857937724,1.0,1,0,0,0.0
395,396,same_plane,944.6114857937655,944.6114857937912,944.6114857937782,1.0,1,0,0,0.0
396,397,same_plane,944.6114857937654,944.6114857937906,944.6114857937782,1.0,1,0,0,0.0
397,398,same_plane,944.6114857937657,944.611485793791,944.6114857937782,1.0,1,0,0,0.0
398,399,same_plane,944.6114857937654,944.611485793779,944.6114857937719,1.0,1,0,0,0.0
399,400,same_plane,944.6114857937656,944.6114857937906,944.6114857937782,1.0,1,0,0,0.0
400,401,same_plane,944.6114857937656,944.6114857937915,944.6114857937781,1.0,1,0,0,0.0
401,402,same_plane,944.6114857937658,944.6114857937908,944.6114857937783,1.0,1,0,0,0.0
402,403,same_plane,944.6114857937656,944.6114857937789,944.6114857937722,1.0,1,0,0,0.0
403,404,same_plane,944.6114857937653,944.6114857937788,944.6114857937715,1.0,1,0,0,0.0
404,405,same_plane,944.6114857937657,944.6114857937915,944.6114857937788,1.0,1,0,0,0.0
405,406,same_plane,944.6114857937655,944.6114857937795,944.611485793772,1.0,1,0,0,0.0
406,407,same_plane,944.6114857937649,944.6114857937914,944.6114857937782,1.0,1,0,0,0.0
407,408,same_plane,944.6114857937654,944.611485793791,944.6114857937782,1.0,1,0,0,0.0
408,409,same_plane,944.6114857937652,944.6114857937791,944.6114857937719,1.0,1,0,0,0.0
409,410,same_plane,944.6114857937657,944.6114857937912,944.6114857937786,1.0,1,0,0,0.0
410,411,same_plane,944.6114857937654,944.611485793779,944.6114857937719,1.0,1,0,0,0.0
411,412,same_plane,944.6114857937655,944.611485793779,944.6114857937719,1.0,1,0,0,0.0
412,413,same_plane,944.6114857937772,944.6114857937915,944.6114857937846,1.0,1,0,0,0.0
368,413,same_plane,944.611485793761,944.6114857937747,944.6114857937688,1.0,1,0,0,0.0
414,415,same_plane,944.6114857937712,944.6114857937788,944.6114857937752,1.0,1,0,0,0.0
415,416,same_plane,944.6114857937713,944.6114857937788,944.6114857937752,1.0,1,0,0,0.0
416,417,same_plane,944.611485793772,944.6114857937793,944.6114857937773,1.0,1,0,0,0.0
417,418,same_plane,944.6114857937712,944.6114857937791,944.6114857937741,1.0,1,0,0,0.0
418,419,same_plane,944.6114857937712,944.6114857937791,944.6114857937772,1.0,1,0,0,0.0
419,420,same_plane,944.6114857937717,944.6114857937788,944.6114857937752,1.0,1,0,0,0.0
420,421,same_plane,944.6114857937714,944.6114857937786,944.6114857937754,1.0,1,0,0,0.0
421,422,same_plane,944.6114857937716,944.611485793779,944.6114857937754,1.0,1,0,0,0.0
422,423,same_plane,944.6114857937661,944.6114857937789,944.611485793775,1.0,1,0,0,0.0
423,424,same_plane,944.6114857937661,944.6114857937904,944.6114857937782,1.0,1,0,0,0.0
424,425,same_plane,944.6114857937655,944.6114857937787,944.6114857937724,1.0,1,0,0,0.0
425,426,same_plane,944.6114857937656,944.6114857937908,944.6114857937782,1.0,1,0,0,0.0
426,427,same_plane,944.6114857937663,944.6114857937791,944.6114857937752,1.0,1,0,0,0.0
427,428,same_plane,944.6114857937663,944.6114857937791,944.6114857937752,1.0,1,0,0,0.0
428,429,same_plane,944.6114857937661,944.6114857937787,944.6114857937749,1.0,1,0,0,0.0
429,430,same_plane,944.6114857937657,944.6114857937795,944.6114857937756,1.0,1,0,0,0.0
430,431,same_plane,944.6114857937649,944.6114857937906,944.6114857937779,1.0,1,0,0,0.0
431,432,same_plane,944.6114857937653,944.6114857937794,944.6114857937722,1.0,1,0,0,0.0
432,433,same_plane,944.611485793766,944.6114857937799,944.6114857937752,1.0,1,0,0,0.0
433,434,same_plane,944.6114857937765,944.6114857937793,944.6114857937782,1.0,1,0,0,0.0
434,435,same_plane,944.6114857937656,944.611485793779,944.6114857937754,1.0,1,0,0,0.0
435,436,same_plane,944.6114857937652,944.6114857937789,944.6114857937719,1.0,1,0,0,0.0
436,437,same_plane,944.6114857937657,944.6114857937912,944.6114857937787,1.0,1,0,0,0.0
437,438,same_plane,944.6114857937649,944.6114857937793,944.6114857937722,1.0,1,0,0,0.0
438,439,same_plane,944.611485793766,944.6114857937913,944.6114857937786,1.0,1,0,0,0.0
439,440,same_plane,944.6114857937657,944.6114857937907,944.6114857937781,1.0,1,0,0,0.0
440,441,same_plane,944.6114857937653,944.611485793779,944.6114857937715,1.0,1,0,0,0.0
441,442,same_plane,944.6114857937656,944.6114857937911,944.6114857937787,1.0,1,0,0,0.0
442,443,same_plane,944.6114857937653,944.611485793779,944.6114857937723,1.0,1,0,0,0.0
443,444,same_plane,944.6114857937657,944.6114857937911,944.6114857937782,1.0,1,0,0,0.0
444,445,same_plane,944.6114857937654,944.6114857937788,944.611485793772,1.0,1,0,0,0.0
445,446,same_plane,944.6114857937653,944.6114857937908,944.6114857937779,1.0,1,0,0,0.0
446,447,same_plane,944.6114857937658,944.6114857937913,944.6114857937786,1.0,1,0,0,0.0
447,448,same_plane,944.6114857937658,944.611485793791,944.6114857937779,1.0,1,0,0,0.0
448,449,same_plane,944.6114857937655,944.6114857937793,944.6114857937727,1.0,1,0,0,0.0
449,450,same_plane,944.6114857937649,944.6114857937795,944.611485793772,1.0,1,0,0,0.0
450,451,same_plane,944.611485793765,944.6114857937912,944.6114857937779,1.0,1,0,0,0.0
451,452,same_plane,944.6114857937648,944.6114857937793,944.6114857937723,1.0,1,0,0,0.0
452,453,same_plane,944.6114857937656,944.611485793791,944.6114857937782,1.0,1,0,0,0.0
453,454,same_plane,944.6114857937652,944.6114857937907,944.6114857937782,1.0,1,0,0,0.0
454,455,same_plane,944.6114857937655,944.6114857937788,944.6114857937723,1.0,1,0,0,0.0
455,456,same_plane,944.6114857937658,944.6114857937908,944.6114857937779,1.0,1,0,0,0.0
456,457,same_plane,944.6114857937654,944.6114857937793,944.6114857937724,1.0,1,0,0,0.0
457,458,same_plane,944.6114857937653,944.6114857937796,944.6114857937724,1.0,1,0,0,0.0
458,459,same_plane,944.6114857937772,944.6114857937916,944.6114857937843,1.0,1,0,0,0.0
414,459,same_plane,944.6114857937674,944.6114857937803,944.6114857937738,1.0,1,0,0,0.0
460,461,same_plane,944.6114857937714,944.6114857937789,944.6114857937752,1.0,1,0,0,0.0
461,462,same_plane,944.6114857937711,944.611485793779,944.6114857937754,1.0,1,0,0,0.0
462,463,same_plane,944.6114857937715,944.6114857937793,944.6114857937761,1.0,1,0,0,0.0
463,464,same_plane,944.6114857937716,944.6114857937788,944.6114857937761,1.0,1,0,0,0.0
464,465,same_plane,944.6114857937713,944.6114857937795,944.6114857937764,1.0,1,0,0,0.0
465,466,same_plane,944.6114857937662,944.6114857937791,944.6114857937749,1.0,1,0,0,0.0
466,467,same_plane,944.611485793772,944.6114857937797,944.6114857937754,1.0,1,0,0,0.0
467,468,same_plane,944.6114857937712,944.6114857937788,944.6114857937754,1.0,1,0,0,0.0
468,469,same_plane,944.611485793766,944.6114857937789,944.611485793775,1.0,1,0,0,0.0
469,470,same_plane,944.6114857937777,944.6114857937794,944.6114857937782,1.0,1,0,0,0.0
470,471,same_plane,944.6114857937647,944.6114857937785,944.611485793772,1.0,1,0,0,0.0
471,472,same_plane,944.6114857937757,944.6114857937797,944.6114857937783,1.0,1,0,0,0.0
472,473,same_plane,944.6114857937661,944.6114857937791,944.6114857937754,1.0,1,0,0,0.0
473,474,same_plane,944.6114857937671,944.611485793779,944.6114857937754,1.0,1,0,0,0.0
474,475,same_plane,944.611485793766,944.6114857937795,944.6114857937749,1.0,1,0,0,0.0
475,476,same_plane,944.6114857937647,944.6114857937794,944.6114857937752,1.0,1,0,0,0.0
476,477,same_plane,944.6114857937755,944.6114857937793,944.6114857937783,1.0,1,0,0,0.0
477,478,same_plane,944.6114857937656,944.6114857937789,944.6114857937724,1.0,1,0,0,0.0
478,479,same_plane,944.6114857937654,944.611485793779,944.6114857937752,1.0,1,0,0,0.0
479,480,same_plane,944.611485793766,944.611485793791,944.6114857937781,1.0,1,0,0,0.0
480,481,same_plane,944.6114857937658,944.6114857937793,944.6114857937754,1.0,1,0,0,0.0
481,482,same_plane,944.6114857937653,944.6114857937789,944.6114857937692,1.0,1,0,0,0.0
482,483,same_plane,944.6114857937658,944.6114857937908,944.6114857937779,1.0,1,0,0,0.0
483,484,same_plane,944.6114857937656,944.6114857937911,944.6114857937786,1.0,1,0,0,0.0
484,485,same_plane,944.6114857937655,944.611485793791,944.6114857937781,1.0,1,0,0,0.0
485,486,same_plane,944.6114857937656,944.6114857937788,944.6114857937728,1.0,1,0,0,0.0
486,487,same_plane,944.6114857937656,944.6114857937787,944.6114857937722,1.0,1,0,0,0.0
487,488,same_plane,944.611485793766,944.6114857937908,944.6114857937779,1.0,1,0,0,0.0
488,489,same_plane,944.611485793766,944.6114857937913,944.6114857937788,1.0,1,0,0,0.0
489,490,same_plane,944.6114857937656,944.6114857937908,944.6114857937781,1.0,1,0,0,0.0
490,491,same_plane,944.6114857937658,944.6114857937789,944.6114857937728,1.0,1,0,0,0.0
491,492,same_plane,944.6114857937656,944.6114857937905,944.6114857937781,1.0,1,0,0,0.0
492,493,same_plane,944.611485793765,944.6114857937911,944.6114857937786,1.0,1,0,0,0.0
493,494,same_plane,944.6114857937655,944.6114857937916,944.6114857937781,1.0,1,0,0,0.0
494,495,same_plane,944.6114857937654,944.6114857937794,944.6114857937719,1.0,1,0,0,0.0
495,496,same_plane,944.6114857937653,944.6114857937789,944.6114857937727,1.0,1,0,0,0.0
496,497,same_plane,944.6114857937656,944.6114857937911,944.6114857937781,1.0,1,0,0,0.0
497,498,same_plane,944.6114857937649,944.6114857937798,944.611485793772,1.0,1,0,0,0.0
498,499,same_plane,944.6114857937656,944.6114857937911,944.6114857937787,1.0,1,0,0,0.0
499,500,same_plane,944.6114857937653,944.6114857937908,944.6114857937781,1.0,1,0,0,0.0
500,501,same_plane,944.6114857937654,944.611485793779,944.6114857937724,1.0,1,0,0,0.0
501,502,same_plane,944.6114857937657,944.611485793791,944.6114857937782,1.0,1,0,0,0.0
502,503,same_plane,944.6114857937655,944.6114857937786,944.6114857937719,1.0,1,0,0,0.0
503,504,same_plane,944.6114857937655,944.6114857937794,944.6114857937724,1.0,1,0,0,0.0
504,505,same_plane,944.6114857937774,944.611485793791,944.6114857937841,1.0,1,0,0,0.0
460,505,same_plane,944.6114857937647,944.6114857937803,944.6114857937711,1.0,1,0,0,0.0
506,507,same_plane,944.6114857937714,944.6114857937788,944.6114857937752,1.0,1,0,0,0.0
507,508,same_plane,944.6114857937715,944.6114857937788,944.6114857937752,1.0,1,0,0,0.0
508,509,same_plane,944.6114857937713,944.6114857937788,944.611485793775,1.0,1,0,0,0.0
509,510,same_plane,944.6114857937715,944.6114857937794,944.6114857937754,1.0,1,0,0,0.0
510,511,same_plane,944.6114857937712,944.6114857937788,944.6114857937761,1.0,1,0,0,0.0
511,512,same_plane,944.6114857937714,944.611485793779,944.6114857937763,1.0,1,0,0,0.0
512,513,same_plane,944.6114857937667,944.6114857937785,944.6114857937731,1.0,1,0,0,0.0
513,514,same_plane,944.6114857937656,944.6114857937897,944.6114857937781,1.0,1,0,0,0.0
514,515,same_plane,944.611485793766,944.6114857937791,944.6114857937723,1.0,1,0,0,0.0
515,516,same_plane,944.6114857937661,944.6114857937903,944.6114857937782,1.0,1,0,0,0.0
516,517,same_plane,944.6114857937656,944.6114857937786,944.6114857937719,1.0,1,0,0,0.0
517,518,same_plane,944.6114857937653,944.6114857937907,944.6114857937781,1.0,1,0,0,0.0
518,519,same_plane,944.6114857937656,944.6114857937915,944.6114857937786,1.0,1,0,0,0.0
519,520,same_plane,944.6114857937653,944.6114857937785,944.6114857937722,1.0,1,0,0,0.0
520,521,same_plane,944.611485793766,944.6114857937911,944.6114857937783,1.0,1,0,0,0.0
521,522,same_plane,944.6114857937657,944.611485793779,944.6114857937719,1.0,1,0,0,0.0
522,523,same_plane,944.6114857937655,944.6114857937908,944.6114857937786,1.0,1,0,0,0.0
523,524,same_plane,944.611485793765,944.611485793779,944.6114857937723,1.0,1,0,0,0.0
524,525,same_plane,944.6114857937654,944.611485793792,944.6114857937781,1.0,1,0,0,0.0
525,526,same_plane,944.6114857937644,944.6114857937908,944.6114857937782,1.0,1,0,0,0.0
526,527,same_plane,944.6114857937652,944.6114857937794,944.6114857937717,1.0,1,0,0,0.0
527,528,same_plane,944.6114857937648,944.6114857937789,944.6114857937724,1.0,1,0,0,0.0
528,529,same_plane,944.6114857937656,944.611485793791,944.6114857937781,1.0,1,0,0,0.0
529,530,same_plane,944.6114857937661,944.6114857937912,944.6114857937787,1.0,1,0,0,0.0
530,531,same_plane,944.6114857937658,944.6114857937908,944.6114857937781,1.0,1,0,0,0.0
531,532,same_plane,944.6114857937652,944.611485793779,944.6114857937715,1.0,1,0,0,0.0
532,533,same_plane,944.6114857937656,944.6114857937791,944.6114857937727,1.0,1,0,0,0.0
533,534,same_plane,944.6114857937652,944.6114857937908,944.6114857937781,1.0,1,0,0,0.0
534,535,same_plane,944.6114857937658,944.611485793791,944.6114857937783,1.0,1,0,0,0.0
535,536,same_plane,944.611485793766,944.6114857937907,944.6114857937781,1.0,1,0,0,0.0
536,537,same_plane,944.6114857937653,944.611485793779,944.6114857937719,1.0,1,0,0,0.0
537,538,same_plane,944.6114857937655,944.6114857937913,944.6114857937786,1.0,1,0,0,0.0
538,539,same_plane,944.6114857937654,944.6114857937908,944.6114857937779,1.0,1,0,0,0.0
539,540,same_plane,944.6114857937655,944.611485793791,944.6114857937786,1.0,1,0,0,0.0
540,541,same_plane,944.6114857937654,944.6114857937789,944.6114857937722,1.0,1,0,0,0.0
541,542,same_plane,944.6114857937654,944.6114857937788,944.6114857937717,1.0,1,0,0,0.0
542,543,same_plane,944.6114857937652,944.6114857937918,944.6114857937786,1.0,1,0,0,0.0
543,544,same_plane,944.6114857937648,944.6114857937793,944.611485793772,1.0,1,0,0,0.0
544,545,same_plane,944.6114857937652,944.6114857937906,944.6114857937782,1.0,1,0,0,0.0
545,546,same_plane,944.6114857937646,944.611485793791,944.6114857937782,1.0,1,0,0,0.0
546,547,same_plane,944.6114857937656,944.6114857937788,944.6114857937719,1.0,1,0,0,0.0
547,548,same_plane,944.6114857937656,944.6114857937911,944.6114857937788,1.0,1,0,0,0.0
548,549,same_plane,944.6114857937652,944.6114857937793,944.6114857937719,1.0,1,0,0,0.0
549,550,same_plane,944.6114857937652,944.6114857937787,944.6114857937719,1.0,1,0,0,0.0
550,551,same_plane,944.6114857937777,944.6114857937913,944.6114857937849,1.0,1,0,0,0.0
506,551,same_plane,944.6114857937654,944.6114857937806,944.6114857937706,1.0,1,0,0,0.0
552,553,same_plane,944.6114857937721,944.6114857937794,944.6114857937773,1.0,1,0,0,0.0
553,554,same_plane,944.6114857937713,944.6114857937786,944.611485793774,1.0,1,0,0,0.0
554,555,same_plane,944.611485793772,944.6114857937793,944.6114857937764,1.0,1,0,0,0.0
555,556,same_plane,944.6114857937719,944.6114857937788,944.6114857937761,1.0,1,0,0,0.0
556,557,same_plane,944.6114857937654,944.6114857937794,944.6114857937749,1.0,1,0,0,0.0
557,558,same_plane,944.6114857937715,944.6114857937789,944.6114857937755,1.0,1,0,0,0.0
558,559,same_plane,944.6114857937713,944.611485793779,944.6114857937755,1.0,1,0,0,0.0
559,560,same_plane,944.611485793766,944.6114857937787,944.611485793775,1.0,1,0,0,0.0
560,561,same_plane,944.6114857937664,944.6114857937793,944.6114857937752,1.0,1,0,0,0.0
561,562,same_plane,944.6114857937656,944.6114857937907,944.6114857937781,1.0,1,0,0,0.0
562,563,same_plane,944.611485793765,944.6114857937791,944.6114857937727,1.0,1,0,0,0.0
563,564,same_plane,944.6114857937654,944.6114857937908,944.6114857937781,1.0,1,0,0,0.0
564,565,same_plane,944.611485793766,944.6114857937795,944.6114857937752,1.0,1,0,0,0.0
565,566,same_plane,944.6114857937652,944.6114857937787,944.6114857937749,1.0,1,0,0,0.0
566,567,same_plane,944.6114857937657,944.6114857937791,944.6114857937752,1.0,1,0,0,0.0
567,568,same_plane,944.6114857937661,944.6114857937791,944.6114857937755,1.0,1,0,0,0.0
568,569,same_plane,944.6114857937657,944.6114857937905,944.6114857937782,1.0,1,0,0,0.0
569,570,same_plane,944.6114857937654,944.6114857937787,944.611485793772,1.0,1,0,0,0.0
570,571,same_plane,944.6114857937658,944.611485793779,944.6114857937752,1.0,1,0,0,0.0
571,572,same_plane,944.6114857937773,944.6114857937813,944.6114857937783,1.0,1,0,0,0.0
572,573,same_plane,944.6114857937655,944.611485793779,944.6114857937755,1.0,1,0,0,0.0
573,574,same_plane,944.611485793765,944.6114857937793,944.6114857937717,1.0,1,0,0,0.0
574,575,same_plane,944.6114857937648,944.611485793791,944.6114857937786,1.0,1,0,0,0.0
575,576,same_plane,944.6114857937658,944.6114857937913,944.6114857937779,1.0,1,0,0,0.0
576,577,same_plane,944.6114857937657,944.6114857937912,944.6114857937788,1.0,1,0,0,0.0
577,578,same_plane,944.6114857937655,944.6114857937789,944.6114857937722,1.0,1,0,0,0.0
578,579,same_plane,944.6114857937656,944.6114857937789,944.6114857937715,1.0,1,0,0,0.0
579,580,same_plane,944.6114857937658,944.611485793791,944.6114857937788,1.0,1,0,0,0.0
580,581,same_plane,944.6114857937656,944.6114857937908,944.6114857937779,1.0,1,0,0,0.0
581,582,same_plane,944.6114857937656,944.6114857937911,944.6114857937786,1.0,1,0,0,0.0
582,583,same_plane,944.611485793765,944.6114857937671,944.6114857937661,1.0,1,0,0,0.0
583,584,same_plane,944.6114857937654,944.6114857937906,944.6114857937779,1.0,1,0,0,0.0
584,585,same_plane,944.6114857937656,944.6114857937919,944.6114857937787,1.0,1,0,0,0.0
585,586,same_plane,944.6114857937654,944.6114857937915,944.6114857937779,1.0,1,0,0,0.0
586,587,same_plane,944.6114857937656,944.6114857937916,944.6114857937786,1.0,1,0,0,0.0
587,588,same_plane,944.6114857937646,944.6114857937669,944.6114857937661,1.0,1,0,0,0.0
588,589,same_plane,944.6114857937646,944.6114857937908,944.6114857937779,1.0,1,0,0,0.0
589,590,same_plane,944.6114857937649,944.6114857937915,944.6114857937786,1.0,1,0,0,0.0
590,591,same_plane,944.6114857937656,944.6114857937916,944.6114857937782,1.0,1,0,0,0.0
591,592,same_plane,944.6114857937649,944.6114857937908,944.6114857937786,1.0,1,0,0,0.0
592,593,same_plane,944.611485793765,944.6114857937669,944.6114857937658,1.0,1,0,0,0.0
593,594,same_plane,944.6114857937654,944.611485793791,944.6114857937779,1.0,1,0,0,0.0
594,595,same_plane,944.6114857937656,944.6114857937913,944.6114857937788,1.0,1,0,0,0.0
595,596,same_plane,944.6114857937653,944.6114857937723,944.6114857937664,1.0,1,0,0,0.0
596,597,same_plane,944.6114857937897,944.6114857937912,944.6114857937904,1.0,1,0,0,0.0
552,597,same_plane,944.6114857937612,944.6114857937745,944.6114857937673,1.0,1,0,0,0.0
598,599,same_plane,944.6114857937715,944.6114857937793,944.6114857937761,1.0,1,0,0,0.0
599,600,same_plane,944.6114857937716,944.6114857937791,944.6114857937764,1.0,1,0,0,0.0
600,601,same_plane,944.6114857937715,944.611485793779,944.6114857937741,1.0,1,0,0,0.0
601,602,same_plane,944.6114857937719,944.6114857937791,944.6114857937773,1.0,1,0,0,0.0
602,603,same_plane,944.6114857937713,944.6114857937789,944.6114857937752,1.0,1,0,0,0.0
603,604,same_plane,944.6114857937658,944.611485793779,944.611485793775,1.0,1,0,0,0.0
604,605,same_plane,944.6114857937656,944.6114857937791,944.6114857937754,1.0,1,0,0,0.0
605,606,same_plane,944.6114857937662,944.6114857937793,944.6114857937754,1.0,1,0,0,0.0
606,607,same_plane,944.6114857937661,944.6114857937793,944.6114857937752,1.0,1,0,0,0.0
607,608,same_plane,944.6114857937774,944.6114857937813,944.6114857937783,1.0,1,0,0,0.0
608,609,same_plane,944.6114857937652,944.6114857937798,944.6114857937719,1.0,1,0,0,0.0
609,610,same_plane,944.6114857937772,944.6114857937796,944.6114857937782,1.0,1,0,0,0.0
610,611,same_plane,944.6114857937656,944.6114857937795,944.6114857937755,1.0,1,0,0,0.0
611,612,same_plane,944.611485793766,944.6114857937794,944.6114857937754,1.0,1,0,0,0.0
612,613,same_plane,944.611485793766,944.6114857937791,944.6114857937752,1.0,1,0,0,0.0
613,614,same_plane,944.6114857937654,944.6114857937794,944.6114857937752,1.0,1,0,0,0.0
614,615,same_plane,944.6114857937772,944.6114857937791,944.6114857937782,1.0,1,0,0,0.0
615,616,same_plane,944.6114857937654,944.6114857937791,944.6114857937724,1.0,1,0,0,0.0
616,617,same_plane,944.6114857937661,944.6114857937791,944.6114857937749,1.0,1,0,0,0.0
617,618,same_plane,944.6114857937645,944.6114857937907,944.6114857937782,1.0,1,0,0,0.0
618,619,same_plane,944.6114857937655,944.6114857937916,944.6114857937788,1.0,1,0,0,0.0
619,620,same_plane,944.6114857937653,944.6114857937715,944.6114857937661,1.0,1,0,0,0.0
620,621,same_plane,944.6114857937657,944.611485793791,944.6114857937778,1.0,1,0,0,0.0
621,622,same_plane,944.6114857937655,944.6114857937912,944.6114857937788,1.0,1,0,0,0.0
622,623,same_plane,944.6114857937654,944.6114857937908,944.6114857937778,1.0,1,0,0,0.0
623,624,same_plane,944.611485793766,944.6114857937911,944.6114857937788,1.0,1,0,0,0.0
624,625,same_plane,944.6114857937595,944.611485793767,944.611485793766,1.0,1,0,0,0.0
625,626,same_plane,944.6114857937657,944.6114857937908,944.6114857937781,1.0,1,0,0,0.0
626,627,same_plane,944.6114857937657,944.6114857937908,944.6114857937786,1.0,1,0,0,0.0
627,628,same_plane,944.6114857937656,944.611485793791,944.6114857937779,1.0,1,0,0,0.0
628,629,same_plane,944.6114857937648,944.6114857937795,944.6114857937727,1.0,1,0,0,0.0
629,630,same_plane,944.6114857937658,944.6114857937915,944.6114857937781,1.0,1,0,0,0.0
630,631,same_plane,944.6114857937652,944.6114857937911,944.6114857937786,1.0,1,0,0,0.0
631,632,same_plane,944.6114857937652,944.6114857937914,944.6114857937783,1.0,1,0,0,0.0
632,633,same_plane,944.6114857937646,944.6114857937791,944.6114857937719,1.0,1,0,0,0.0
633,634,same_plane,944.6114857937646,944.6114857937793,944.6114857937723,1.0,1,0,0,0.0
634,635,same_plane,944.6114857937653,944.6114857937918,944.6114857937782,1.0,1,0,0,0.0
635,636,same_plane,944.6114857937655,944.611485793779,944.611485793772,1.0,1,0,0,0.0
636,637,same_plane,944.6114857937658,944.611485793791,944.6114857937787,1.0,1,0,0,0.0
637,638,same_plane,944.6114857937655,944.611485793791,944.6114857937779,1.0,1,0,0,0.0
638,639,same_plane,944.6114857937654,944.6114857937794,944.6114857937723,1.0,1,0,0,0.0
639,640,same_plane,944.6114857937653,944.6114857937906,944.6114857937786,1.0,1,0,0,0.0
640,641,same_plane,944.6114857937652,944.6114857937795,944.6114857937719,1.0,1,0,0,0.0
641,642,same_plane,944.6114857937653,944.6114857937793,944.6114857937727,1.0,1,0,0,0.0
642,643,same_plane,944.6114857937771,944.6114857937914,944.6114857937841,1.0,1,0,0,0.0
598,643,same_plane,944.6114857937644,944.6114857937807,944.611485793771,1.0,1,0,0,0.0
644,645,same_plane,944.6114857937714,944.6114857937793,944.611485793775,1.0,1,0,0,0.0
645,646,same_plane,944.6114857937715,944.611485793779,944.6114857937754,1.0,1,0,0,0.0
646,647,same_plane,944.6114857937707,944.6114857937787,944.611485793775,1.0,1,0,0,0.0
647,648,same_plane,944.6114857937657,944.6114857937793,944.6114857937752,1.0,1,0,0,0.0
648,649,same_plane,944.6114857937653,944.6114857937791,944.611485793775,1.0,1,0,0,0.0
649,650,same_plane,944.6114857937724,944.6114857937913,944.6114857937786,1.0,1,0,0,0.0
650,651,same_plane,944.6114857937654,944.6114857937787,944.6114857937717,1.0,1,0,0,0.0
651,652,same_plane,944.6114857937656,944.6114857937912,944.6114857937783,1.0,1,0,0,0.0
652,653,same_plane,944.6114857937657,944.6114857937786,944.6114857937722,1.0,1,0,0,0.0
653,654,same_plane,944.6114857937661,944.6114857937908,944.6114857937786,1.0,1,0,0,0.0
654,655,same_plane,944.6114857937654,944.6114857937787,944.6114857937719,1.0,1,0,0,0.0
655,656,same_plane,944.6114857937653,944.6114857937908,944.6114857937782,1.0,1,0,0,0.0
656,657,same_plane,944.6114857937658,944.611485793792,944.6114857937782,1.0,1,0,0,0.0
657,658,same_plane,944.6114857937656,944.6114857937793,944.6114857937724,1.0,1,0,0,0.0
658,659,same_plane,944.6114857937655,944.6114857937912,944.6114857937782,1.0,1,0,0,0.0
659,660,same_plane,944.6114857937649,944.6114857937788,944.6114857937715,1.0,1,0,0,0.0
660,661,same_plane,944.6114857937657,944.6114857937911,944.6114857937786,1.0,1,0,0,0.0
661,662,same_plane,944.6114857937656,944.611485793779,944.6114857937723,1.0,1,0,0,0.0
662,663,same_plane,944.6114857937654,944.6114857937912,944.6114857937782,1.0,1,0,0,0.0
663,664,same_plane,944.6114857937653,944.6114857937906,944.6114857937782,1.0,1,0,0,0.0
664,665,same_plane,944.6114857937652,944.611485793779,944.6114857937717,1.0,1,0,0,0.0
665,666,same_plane,944.6114857937653,944.611485793779,944.6114857937728,1.0,1,0,0,0.0
666,667,same_plane,944.6114857937655,944.6114857937905,944.6114857937781,1.0,1,0,0,0.0
667,668,same_plane,944.6114857937653,944.6114857937907,944.6114857937783,1.0,1,0,0,0.0
668,669,same_plane,944.6114857937649,944.6114857937911,944.6114857937782,1.0,1,0,0,0.0
669,670,same_plane,944.6114857937652,944.6114857937788,944.6114857937715,1.0,1,0,0,0.0
670,671,same_plane,944.6114857937654,944.6114857937791,944.6114857937727,1.0,1,0,0,0.0
671,672,same_plane,944.6114857937655,944.6114857937908,944.6114857937782,1.0,1,0,0,0.0
672,673,same_plane,944.6114857937653,944.6114857937912,944.6114857937783,1.0,1,0,0,0.0
673,674,same_plane,944.6114857937654,944.6114857937914,944.6114857937779,1.0,1,0,0,0.0
674,675,same_plane,944.6114857937648,944.611485793779,944.6114857937715,1.0,1,0,0,0.0
675,676,same_plane,944.6114857937652,944.611485793791,944.6114857937787,1.0,1,0,0,0.0
676,677,same_plane,944.6114857937655,944.6114857937914,944.6114857937779,1.0,1,0,0,0.0
677,678,same_plane,944.6114857937657,944.6114857937913,944.6114857937786,1.0,1,0,0,0.0
678,679,same_plane,944.6114857937653,944.6114857937791,944.6114857937722,1.0,1,0,0,0.0
679,680,same_plane,944.6114857937652,944.6114857937789,944.6114857937722,1.0,1,0,0,0.0
680,681,same_plane,944.6114857937655,944.6114857937911,944.6114857937786,1.0,1,0,0,0.0
681,682,same_plane,944.6114857937652,944.6114857937791,944.6114857937722,1.0,1,0,0,0.0
682,683,same_plane,944.6114857937656,944.611485793791,944.6114857937781,1.0,1,0,0,0.0
683,684,same_plane,944.6114857937656,944.611485793791,944.6114857937783,1.0,1,0,0,0.0
684,685,same_plane,944.6114857937653,944.611485793779,944.611485793772,1.0,1,0,0,0.0
685,686,same_plane,944.6114857937654,944.6114857937911,944.6114857937788,1.0,1,0,0,0.0
686,687,same_plane,944.6114857937652,944.6114857937794,944.611485793772,1.0,1,0,0,0.0
687,688,same_plane,944.6114857937649,944.6114857937789,944.6114857937719,1.0,1,0,0,0.0
688,689,same_plane,944.6114857937777,944.6114857937919,944.6114857937846,1.0,1,0,0,0.0
644,689,same_plane,944.6114857937644,944.6114857937805,944.6114857937708,1.0,1,0,0,0.0
690,691,same_plane,944.6114857937715,944.611485793779,944.6114857937773,1.0,1,0,0,0.0
691,692,same_plane,944.6114857937713,944.6114857937789,944.6114857937741,1.0,1,0,0,0.0
692,693,same_plane,944.6114857937716,944.6114857937791,944.6114857937763,1.0,1,0,0,0.0
693,694,same_plane,944.611485793771,944.6114857937794,944.6114857937761,1.0,1,0,0,0.0
694,695,same_plane,944.6114857937662,944.6114857937795,944.6114857937749,1.0,1,0,0,0.0
695,696,same_plane,944.611485793766,944.6114857937791,944.6114857937752,1.0,1,0,0,0.0
696,697,same_plane,944.6114857937663,944.6114857937788,944.6114857937754,1.0,1,0,0,0.0
697,698,same_plane,944.6114857937662,944.6114857937789,944.6114857937752,1.0,1,0,0,0.0
698,699,same_plane,944.6114857937648,944.6114857937789,944.6114857937749,1.0,1,0,0,0.0
699,700,same_plane,944.6114857937656,944.6114857937913,944.6114857937779,1.0,1,0,0,0.0
700,701,same_plane,944.6114857937653,944.6114857937788,944.6114857937727,1.0,1,0,0,0.0
701,702,same_plane,944.6114857937657,944.6114857937911,944.6114857937781,1.0,1,0,0,0.0
702,703,same_plane,944.6114857937654,944.6114857937791,944.6114857937752,1.0,1,0,0,0.0
703,704,same_plane,944.6114857937654,944.6114857937791,944.6114857937747,1.0,1,0,0,0.0
704,705,same_plane,944.6114857937654,944.611485793779,944.6114857937752,1.0,1,0,0,0.0
705,706,same_plane,944.6114857937656,944.6114857937791,944.6114857937756,1.0,1,0,0,0.0
706,707,same_plane,944.6114857937656,944.6114857937908,944.6114857937781,1.0,1,0,0,0.0
707,708,same_plane,944.6114857937657,944.6114857937786,944.611485793772,1.0,1,0,0,0.0
708,709,same_plane,944.6114857937657,944.6114857937904,944.6114857937779,1.0,1,0,0,0.0
709,710,same_plane,944.6114857937658,944.6114857937911,944.6114857937786,1.0,1,0,0,0.0
710,711,same_plane,944.6114857937646,944.6114857937793,944.6114857937722,1.0,1,0,0,0.0
711,712,same_plane,944.6114857937653,944.6114857937787,944.6114857937715,1.0,1,0,0,0.0
712,713,same_plane,944.6114857937656,944.6114857937907,944.6114857937788,1.0,1,0,0,0.0
713,714,same_plane,944.6114857937654,944.6114857937912,944.6114857937777,1.0,1,0,0,0.0
714,715,same_plane,944.6114857937654,944.6114857937911,944.6114857937788,1.0,1,0,0,0.0
715,716,same_plane,944.6114857937655,944.611485793779,944.6114857937722,1.0,1,0,0,0.0
716,717,same_plane,944.6114857937654,944.6114857937791,944.6114857937717,1.0,1,0,0,0.0
717,718,same_plane,944.6114857937649,944.6114857937907,944.6114857937786,1.0,1,0,0,0.0
718,719,same_plane,944.6114857937653,944.6114857937914,944.6114857937779,1.0,1,0,0,0.0
719,720,same_plane,944.6114857937655,944.6114857937915,944.6114857937786,1.0,1,0,0,0.0
720,721,same_plane,944.6114857937652,944.6114857937721,944.6114857937661,1.0,1,0,0,0.0
721,722,same_plane,944.6114857937655,944.6114857937911,944.6114857937778,1.0,1,0,0,0.0
722,723,same_plane,944.6114857937653,944.611485793791,944.6114857937786,1.0,1,0,0,0.0
723,724,same_plane,944.6114857937654,944.6114857937908,944.6114857937779,1.0,1,0,0,0.0
724,725,same_plane,944.6114857937655,944.6114857937907,944.6114857937786,1.0,1,0,0,0.0
725,726,same_plane,944.6114857937649,944.6114857937674,944.6114857937658,1.0,1,0,0,0.0
726,727,same_plane,944.6114857937654,944.6114857937908,944.6114857937779,1.0,1,0,0,0.0
727,728,same_plane,944.6114857937653,944.6114857937915,944.6114857937788,1.0,1,0,0,0.0
728,729,same_plane,944.6114857937652,944.6114857937911,944.6114857937777,1.0,1,0,0,0.0
729,730,same_plane,944.6114857937655,944.611485793791,944.6114857937788,1.0,1,0,0,0.0
730,731,same_plane,944.6114857937646,944.6114857937669,944.6114857937661,1.0,1,0,0,0.0
731,732,same_plane,944.6114857937649,944.6114857937915,944.6114857937778,1.0,1,0,0,0.0
732,733,same_plane,944.6114857937654,944.611485793791,944.6114857937788,1.0,1,0,0,0.0
733,734,same_plane,944.6114857937598,944.6114857937667,944.6114857937658,1.0,1,0,0,0.0
734,735,same_plane,944.6114857937897,944.611485793792,944.6114857937906,1.0,1,0,0,0.0
690,735,same_plane,944.6114857937608,944.611485793774,944.6114857937673,1.0,1,0,0,0.0
736,737,same_plane,944.6114857937716,944.6114857937787,944.6114857937752,1.0,1,0,0,0.0
737,738,same_plane,944.6114857937715,944.6114857937794,944.6114857937752,1.0,1,0,0,0.0
738,739,same_plane,944.6114857937657,944.611485793779,944.6114857937752,1.0,1,0,0,0.0
739,740,same_plane,944.6114857937662,944.6114857937786,944.611485793775,1.0,1,0,0,0.0
740,741,same_plane,944.6114857937717,944.6114857937905,944.6114857937786,1.0,1,0,0,0.0
741,742,same_plane,944.6114857937648,944.6114857937787,944.6114857937715,1.0,1,0,0,0.0
742,743,same_plane,944.6114857937662,944.6114857937905,944.6114857937782,1.0,1,0,0,0.0
743,744,same_plane,944.6114857937658,944.6114857937789,944.6114857937722,1.0,1,0,0,0.0
744,745,same_plane,944.6114857937661,944.6114857937908,944.6114857937786,1.0,1,0,0,0.0
745,746,same_plane,944.6114857937661,944.6114857937907,944.6114857937781,1.0,1,0,0,0.0
746,747,same_plane,944.6114857937654,944.6114857937787,944.6114857937719,1.0,1,0,0,0.0
747,748,same_plane,944.6114857937657,944.6114857937905,944.6114857937781,1.0,1,0,0,0.0
748,749,same_plane,944.6114857937654,944.6114857937788,944.6114857937723,1.0,1,0,0,0.0
749,750,same_plane,944.611485793766,944.6114857937906,944.6114857937782,1.0,1,0,0,0.0
750,751,same_plane,944.6114857937653,944.6114857937794,944.6114857937719,1.0,1,0,0,0.0
751,752,same_plane,944.6114857937653,944.611485793791,944.6114857937782,1.0,1,0,0,0.0
752,753,same_plane,944.6114857937654,944.611485793791,944.6114857937782,1.0,1,0,0,0.0
753,754,same_plane,944.6114857937652,944.611485793779,944.6114857937724,1.0,1,0,0,0.0
754,755,same_plane,944.6114857937653,944.611485793779,944.611485793772,1.0,1,0,0,0.0
755,756,same_plane,944.6114857937655,944.6114857937911,944.6114857937779,1.0,1,0,0,0.0
756,757,same_plane,944.6114857937654,944.6114857937914,944.6114857937787,1.0,1,0,0,0.0
757,758,same_plane,944.6114857937649,944.611485793779,944.6114857937722,1.0,1,0,0,0.0
758,759,same_plane,944.6114857937656,944.6114857937908,944.6114857937782,1.0,1,0,0,0.0
759,760,same_plane,944.6114857937655,944.6114857937787,944.6114857937722,1.0,1,0,0,0.0
760,761,same_plane,944.6114857937656,944.6114857937916,944.6114857937779,1.0,1,0,0,0.0
761,762,same_plane,944.6114857937655,944.6114857937905,944.6114857937783,1.0,1,0,0,0.0
762,763,same_plane,944.6114857937653,944.6114857937794,944.6114857937722,1.0,1,0,0,0.0
763,764,same_plane,944.6114857937658,944.6114857937913,944.6114857937786,1.0,1,0,0,0.0
764,765,same_plane,944.6114857937652,944.611485793779,944.6114857937717,1.0,1,0,0,0.0
765,766,same_plane,944.611485793766,944.611485793791,944.6114857937779,1.0,1,0,0,0.0
766,767,same_plane,944.6114857937656,944.6114857937791,944.6114857937727,1.0,1,0,0,0.0
767,768,same_plane,944.6114857937654,944.6114857937911,944.6114857937782,1.0,1,0,0,0.0
768,769,same_plane,944.6114857937655,944.6114857937907,944.6114857937781,1.0,1,0,0,0.0
769,770,same_plane,944.6114857937655,944.611485793791,944.6114857937782,1.0,1,0,0,0.0
770,771,same_plane,944.611485793765,944.6114857937798,944.6114857937719,1.0,1,0,0,0.0
771,772,same_plane,944.6114857937649,944.611485793779,944.6114857937723,1.0,1,0,0,0.0
772,773,same_plane,944.6114857937658,944.6114857937908,944.6114857937782,1.0,1,0,0,0.0
773,774,same_plane,944.6114857937657,944.611485793779,944.6114857937719,1.0,1,0,0,0.0
774,775,same_plane,944.6114857937653,944.6114857937906,944.6114857937787,1.0,1,0,0,0.0
775,776,same_plane,944.6114857937653,944.6114857937908,944.6114857937778,1.0,1,0,0,0.0
776,777,same_plane,944.6114857937649,944.6114857937788,944.6114857937724,1.0,1,0,0,0.0
777,778,same_plane,944.6114857937649,944.6114857937908,944.6114857937782,1.0,1,0,0,0.0
778,779,same_plane,944.6114857937652,944.6114857937793,944.6114857937719,1.0,1,0,0,0.0
779,780,same_plane,944.6114857937653,944.6114857937789,944.6114857937722,1.0,1,0,0,0.0
780,781,same_plane,944.6114857937774,944.6114857937914,944.6114857937843,1.0,1,0,0,0.0
736,781,same_plane,944.611485793767,944.6114857937808,944.6114857937741,1.0,1,0,0,0.0
782,783,same_plane,944.6114857937711,944.6114857937789,944.6114857937752,1.0,1,0,0,0.0
783,784,same_plane,944.6114857937714,944.6114857937788,944.6114857937752,1.0,1,0,0,0.0
784,785,same_plane,944.611485793766,944.6114857937788,944.611485793775,1.0,1,0,0,0.0
785,786,same_plane,944.611485793766,944.6114857937795,944.6114857937754,1.0,1,0,0,0.0
786,787,same_plane,944.6114857937664,944.611485793779,944.6114857937755,1.0,1,0,0,0.0
787,788,same_plane,944.6114857937661,944.6114857937908,944.6114857937782,1.0,1,0,0,0.0
788,789,same_plane,944.6114857937654,944.6114857937785,944.6114857937719,1.0,1,0,0,0.0
789,790,same_plane,944.6114857937661,944.611485793791,944.6114857937786,1.0,1,0,0,0.0
790,791,same_plane,944.6114857937655,944.6114857937789,944.6114857937724,1.0,1,0,0,0.0
791,792,same_plane,944.6114857937654,944.6114857937907,944.6114857937782,1.0,1,0,0,0.0
792,793,same_plane,944.6114857937653,944.6114857937791,944.6114857937719,1.0,1,0,0,0.0
793,794,same_plane,944.6114857937649,944.6114857937905,944.6114857937782,1.0,1,0,0,0.0
794,795,same_plane,944.6114857937658,944.6114857937913,944.6114857937782,1.0,1,0,0,0.0
795,796,same_plane,944.6114857937652,944.6114857937787,944.6114857937724,1.0,1,0,0,0.0
796,797,same_plane,944.6114857937657,944.611485793791,944.6114857937786,1.0,1,0,0,0.0
797,798,same_plane,944.6114857937653,944.6114857937788,944.6114857937717,1.0,1,0,0,0.0
798,799,same_plane,944.6114857937657,944.6114857937911,944.6114857937786,1.0,1,0,0,0.0
799,800,same_plane,944.6114857937647,944.6114857937789,944.6114857937722,1.0,1,0,0,0.0
800,801,same_plane,944.6114857937656,944.6114857937914,944.6114857937783,1.0,1,0,0,0.0
801,802,same_plane,944.6114857937655,944.611485793791,944.6114857937782,1.0,1,0,0,0.0
802,803,same_plane,944.6114857937649,944.611485793779,944.6114857937717,1.0,1,0,0,0.0
803,804,same_plane,944.6114857937658,944.6114857937789,944.6114857937728,1.0,1,0,0,0.0
804,805,same_plane,944.6114857937658,944.6114857937908,944.6114857937782,1.0,1,0,0,0.0
805,806,same_plane,944.6114857937656,944.6114857937908,944.6114857937782,1.0,1,0,0,0.0
806,807,same_plane,944.611485793766,944.611485793791,944.6114857937782,1.0,1,0,0,0.0
807,808,same_plane,944.6114857937654,944.6114857937795,944.6114857937719,1.0,1,0,0,0.0
808,809,same_plane,944.6114857937653,944.6114857937793,944.6114857937727,1.0,1,0,0,0.0
809,810,same_plane,944.6114857937655,944.611485793791,944.6114857937782,1.0,1,0,0,0.0
810,811,same_plane,944.6114857937649,944.6114857937907,944.6114857937786,1.0,1,0,0,0.0
811,812,same_plane,944.6114857937657,944.6114857937903,944.6114857937781,1.0,1,0,0,0.0
812,813,same_plane,944.6114857937657,944.6114857937796,944.6114857937719,1.0,1,0,0,0.0
813,814,same_plane,944.6114857937652,944.6114857937915,944.6114857937786,1.0,1,0,0,0.0
814,815,same_plane,944.6114857937653,944.611485793791,944.6114857937779,1.0,1,0,0,0.0
815,816,same_plane,944.6114857937654,944.6114857937921,944.6114857937787,1.0,1,0,0,0.0
816,817,same_plane,944.6114857937647,944.611485793779,944.611485793772,1.0,1,0,0,0.0
817,818,same_plane,944.6114857937656,944.6114857937795,944.6114857937719,1.0,1,0,0,0.0
818,819,same_plane,944.6114857937655,944.6114857937912,944.6114857937788,1.0,1,0,0,0.0
819,820,same_plane,944.6114857937654,944.6114857937789,944.6114857937719,1.0,1,0,0,0.0
820,821,same_plane,944.6114857937656,944.6114857937908,944.6114857937783,1.0,1,0,0,0.0
821,822,same_plane,944.6114857937655,944.6114857937908,944.6114857937783,1.0,1,0,0,0.0
822,823,same_plane,944.6114857937654,944.611485793779,944.611485793772,1.0,1,0,0,0.0
823,824,same_plane,944.6114857937658,944.6114857937911,944.6114857937788,1.0,1,0,0,0.0
824,825,same_plane,944.6114857937654,944.6114857937788,944.6114857937719,1.0,1,0,0,0.0
825,826,same_plane,944.6114857937653,944.6114857937794,944.6114857937719,1.0,1,0,0,0.0
826,827,same_plane,944.6114857937773,944.6114857937908,944.6114857937846,1.0,1,0,0,0.0
782,827,same_plane,944.6114857937647,944.6114857937807,944.6114857937708,1.0,1,0,0,0.0
828,829,same_plane,944.6114857937713,944.6114857937787,944.6114857937752,1.0,1,0,0,0.0
829,830,same_plane,944.611485793766,944.6114857937798,944.6114857937749,1.0,1,0,0,0.0
830,831,same_plane,944.6114857937662,944.6114857937793,944.6114857937752,1.0,1,0,0,0.0
831,832,same_plane,944.6114857937717,944.6114857937788,944.6114857937752,1.0,1,0,0,0.0
832,833,same_plane,944.6114857937661,944.6114857937791,944.6114857937749,1.0,1,0,0,0.0
833,834,same_plane,944.6114857937658,944.6114857937908,944.6114857937782,1.0,1,0,0,0.0
834,835,same_plane,944.6114857937655,944.6114857937793,944.6114857937722,1.0,1,0,0,0.0
835,836,same_plane,944.6114857937658,944.6114857937921,944.6114857937783,1.0,1,0,0,0.0
836,837,same_plane,944.6114857937653,944.611485793779,944.6114857937719,1.0,1,0,0,0.0
837,838,same_plane,944.6114857937657,944.6114857937907,944.6114857937782,1.0,1,0,0,0.0
838,839,same_plane,944.6114857937653,944.6114857937787,944.6114857937722,1.0,1,0,0,0.0
839,840,same_plane,944.6114857937655,944.6114857937907,944.6114857937783,1.0,1,0,0,0.0
840,841,same_plane,944.611485793766,944.6114857937918,944.6114857937786,1.0,1,0,0,0.0
841,842,same_plane,944.6114857937654,944.6114857937785,944.6114857937719,1.0,1,0,0,0.0
842,843,same_plane,944.6114857937658,944.6114857937905,944.6114857937781,1.0,1,0,0,0.0
843,844,same_plane,944.6114857937645,944.6114857937785,944.6114857937724,1.0,1,0,0,0.0
844,845,same_plane,944.6114857937658,944.6114857937916,944.6114857937783,1.0,1,0,0,0.0
845,846,same_plane,944.6114857937646,944.6114857937795,944.611485793772,1.0,1,0,0,0.0
846,847,same_plane,944.6114857937658,944.6114857937906,944.6114857937779,1.0,1,0,0,0.0
847,848,same_plane,944.6114857937657,944.6114857937908,944.6114857937788,1.0,1,0,0,0.0
848,849,same_plane,944.6114857937653,944.611485793779,944.6114857937722,1.0,1,0,0,0.0
849,850,same_plane,944.6114857937648,944.611485793779,944.6114857937715,1.0,1,0,0,0.0
850,851,same_plane,944.6114857937657,944.6114857937906,944.6114857937788,1.0,1,0,0,0.0
851,852,same_plane,944.6114857937649,944.611485793791,944.6114857937779,1.0,1,0,0,0.0
852,853,same_plane,944.6114857937655,944.611485793791,944.6114857937783,1.0,1,0,0,0.0
853,854,same_plane,944.6114857937654,944.6114857937791,944.6114857937722,1.0,1,0,0,0.0
854,855,same_plane,944.6114857937654,944.6114857937788,944.6114857937719,1.0,1,0,0,0.0
855,856,same_plane,944.6114857937652,944.611485793791,944.6114857937783,1.0,1,0,0,0.0
856,857,same_plane,944.6114857937656,944.6114857937918,944.6114857937779,1.0,1,0,0,0.0
857,858,same_plane,944.6114857937658,944.6114857937915,944.6114857937788,1.0,1,0,0,0.0
858,859,same_plane,944.6114857937653,944.6114857937795,944.611485793772,1.0,1,0,0,0.0
859,860,same_plane,944.6114857937648,944.6114857937907,944.6114857937782,1.0,1,0,0,0.0
860,861,same_plane,944.6114857937655,944.6114857937911,944.6114857937782,1.0,1,0,0,0.0
861,862,same_plane,944.6114857937652,944.6114857937912,944.6114857937782,1.0,1,0,0,0.0
862,863,same_plane,944.6114857937652,944.6114857937791,944.6114857937724,1.0,1,0,0,0.0
863,864,same_plane,944.6114857937653,944.611485793779,944.611485793772,1.0,1,0,0,0.0
864,865,same_plane,944.6114857937656,944.6114857937911,944.6114857937782,1.0,1,0,0,0.0
865,866,same_plane,944.6114857937653,944.6114857937789,944.6114857937724,1.0,1,0,0,0.0
866,867,same_plane,944.6114857937653,944.6114857937906,944.6114857937778,1.0,1,0,0,0.0
867,868,same_plane,944.6114857937654,944.6114857937911,944.6114857937788,1.0,1,0,0,0.0
868,869,same_plane,944.611485793765,944.6114857937789,944.6114857937719,1.0,1,0,0,0.0
869,870,same_plane,944.6114857937655,944.6114857937915,944.6114857937782,1.0,1,0,0,0.0
870,871,same_plane,944.6114857937653,944.6114857937789,944.6114857937724,1.0,1,0,0,0.0
871,872,same_plane,944.6114857937652,944.6114857937793,944.6114857937719,1.0,1,0,0,0.0
872,873,same_plane,944.6114857937775,944.6114857937911,944.6114857937846,1.0,1,0,0,0.0
828,873,same_plane,944.6114857937644,944.6114857937805,944.6114857937706,1.0,1,0,0,0.0
874,875,same_plane,944.6114857937715,944.6114857937787,944.6114857937752,1.0,1,0,0,0.0
875,876,same_plane,944.6114857937662,944.6114857937794,944.611485793775,1.0,1,0,0,0.0
876,877,same_plane,944.6114857937661,944.6114857937791,944.6114857937752,1.0,1,0,0,0.0
877,878,same_plane,944.6114857937662,944.6114857937791,944.6114857937754,1.0,1,0,0,0.0
878,879,same_plane,944.6114857937656,944.6114857937902,944.6114857937782,1.0,1,0,0,0.0
879,880,same_plane,944.6114857937656,944.6114857937788,944.6114857937719,1.0,1,0,0,0.0
880,881,same_plane,944.6114857937666,944.6114857937912,944.6114857937786,1.0,1,0,0,0.0
881,882,same_plane,944.6114857937652,944.6114857937783,944.6114857937722,1.0,1,0,0,0.0
882,883,same_plane,944.6114857937662,944.6114857937905,944.6114857937783,1.0,1,0,0,0.0
883,884,same_plane,944.6114857937649,944.6114857937907,944.6114857937779,1.0,1,0,0,0.0
884,885,same_plane,944.6114857937656,944.6114857937793,944.6114857937722,1.0,1,0,0,0.0
885,886,same_plane,944.611485793766,944.6114857937906,944.6114857937782,1.0,1,0,0,0.0
886,887,same_plane,944.6114857937656,944.611485793779,944.6114857937724,1.0,1,0,0,0.0
887,888,same_plane,944.611485793766,944.611485793791,944.6114857937783,1.0,1,0,0,0.0
888,889,same_plane,944.6114857937655,944.6114857937788,944.6114857937717,1.0,1,0,0,0.0
889,890,same_plane,944.6114857937658,944.6114857937907,944.6114857937786,1.0,1,0,0,0.0
890,891,same_plane,944.6114857937654,944.6114857937907,944.6114857937781,1.0,1,0,0,0.0
891,892,same_plane,944.6114857937656,944.6114857937793,944.6114857937724,1.0,1,0,0,0.0
892,893,same_plane,944.6114857937644,944.6114857937794,944.611485793772,1.0,1,0,0,0.0
893,894,same_plane,944.6114857937653,944.6114857937911,944.6114857937778,1.0,1,0,0,0.0
894,895,same_plane,944.6114857937654,944.6114857937911,944.6114857937788,1.0,1,0,0,0.0
895,896,same_plane,944.6114857937652,944.611485793779,944.6114857937722,1.0,1,0,0,0.0
896,897,same_plane,944.611485793766,944.6114857937913,944.6114857937782,1.0,1,0,0,0.0
897,898,same_plane,944.6114857937654,944.611485793779,944.611485793772,1.0,1,0,0,0.0
898,899,same_plane,944.6114857937653,944.6114857937906,944.6114857937779,1.0,1,0,0,0.0
899,900,same_plane,944.6114857937658,944.611485793791,944.6114857937786,1.0,1,0,0,0.0
900,901,same_plane,944.6114857937655,944.6114857937793,944.6114857937722,1.0,1,0,0,0.0
901,902,same_plane,944.6114857937655,944.6114857937907,944.6114857937786,1.0,1,0,0,0.0
902,903,same_plane,944.6114857937647,944.6114857937797,944.6114857937722,1.0,1,0,0,0.0
903,904,same_plane,944.6114857937653,944.6114857937916,944.6114857937779,1.0,1,0,0,0.0
904,905,same_plane,944.6114857937648,944.6114857937794,944.6114857937722,1.0,1,0,0,0.0
905,906,same_plane,944.6114857937656,944.6114857937911,944.6114857937782,1.0,1,0,0,0.0
906,907,same_plane,944.6114857937655,944.6114857937908,944.6114857937782,1.0,1,0,0,0.0
907,908,same_plane,944.6114857937653,944.6114857937913,944.6114857937783,1.0,1,0,0,0.0
908,909,same_plane,944.6114857937655,944.6114857937791,944.6114857937717,1.0,1,0,0,0.0
909,910,same_plane,944.6114857937654,944.6114857937795,944.6114857937724,1.0,1,0,0,0.0
910,911,same_plane,944.6114857937656,944.6114857937911,944.6114857937782,1.0,1,0,0,0.0
911,912,same_plane,944.6114857937652,944.611485793779,944.6114857937719,1.0,1,0,0,0.0
912,913,same_plane,944.6114857937658,944.6114857937912,944.6114857937791,1.0,1,0,0,0.0
913,914,same_plane,944.6114857937656,944.6114857937906,944.6114857937778,1.0,1,0,0,0.0
914,915,same_plane,944.6114857937653,944.6114857937795,944.6114857937723,1.0,1,0,0,0.0
915,916,same_plane,944.6114857937656,944.6114857937911,944.6114857937782,1.0,1,0,0,0.0
916,917,same_plane,944.6114857937652,944.6114857937789,944.611485793772,1.0,1,0,0,0.0
917,918,same_plane,944.6114857937645,944.611485793779,944.6114857937724,1.0,1,0,0,0.0
918,919,same_plane,944.6114857937775,944.6114857937924,944.6114857937843,1.0,1,0,0,0.0
874,919,same_plane,944.6114857937669,944.6114857937805,944.611485793774,1.0,1,0,0,0.0
920,921,same_plane,944.6114857937713,944.6114857937788,944.6114857937755,1.0,1,0,0,0.0
921,922,same_plane,944.6114857937663,944.6114857937788,944.611485793775,1.0,1,0,0,0.0
922,923,same_plane,944.6114857937666,944.6114857937793,944.6114857937752,1.0,1,0,0,0.0
923,924,same_plane,944.6114857937656,944.6114857937791,944.6114857937752,1.0,1,0,0,0.0
924,925,same_plane,944.6114857937665,944.6114857937791,944.6114857937755,1.0,1,0,0,0.0
925,926,same_plane,944.6114857937656,944.6114857937895,944.6114857937779,1.0,1,0,0,0.0
926,927,same_plane,944.6114857937655,944.611485793779,944.6114857937719,1.0,1,0,0,0.0
927,928,same_plane,944.6114857937655,944.6114857937921,944.6114857937786,1.0,1,0,0,0.0
928,929,same_plane,944.6114857937648,944.6114857937783,944.6114857937722,1.0,1,0,0,0.0
929,930,same_plane,944.6114857937655,944.6114857937912,944.6114857937786,1.0,1,0,0,0.0
930,931,same_plane,944.6114857937658,944.611485793779,944.6114857937719,1.0,1,0,0,0.0
931,932,same_plane,944.6114857937656,944.6114857937904,944.6114857937786,1.0,1,0,0,0.0
932,933,same_plane,944.611485793766,944.611485793791,944.6114857937781,1.0,1,0,0,0.0
933,934,same_plane,944.6114857937645,944.611485793779,944.6114857937724,1.0,1,0,0,0.0
934,935,same_plane,944.611485793765,944.611485793791,944.6114857937782,1.0,1,0,0,0.0
935,936,same_plane,944.6114857937656,944.6114857937786,944.6114857937719,1.0,1,0,0,0.0
936,937,same_plane,944.6114857937658,944.6114857937907,944.6114857937786,1.0,1,0,0,0.0
937,938,same_plane,944.6114857937654,944.6114857937788,944.6114857937723,1.0,1,0,0,0.0
938,939,same_plane,944.6114857937656,944.6114857937907,944.6114857937786,1.0,1,0,0,0.0
939,940,same_plane,944.6114857937658,944.6114857937908,944.6114857937782,1.0,1,0,0,0.0
940,941,same_plane,944.6114857937652,944.6114857937787,944.6114857937715,1.0,1,0,0,0.0
941,942,same_plane,944.6114857937652,944.6114857937791,944.6114857937728,1.0,1,0,0,0.0
942,943,same_plane,944.6114857937656,944.6114857937906,944.6114857937782,1.0,1,0,0,0.0
943,944,same_plane,944.6114857937658,944.6114857937907,944.6114857937786,1.0,1,0,0,0.0
944,945,same_plane,944.6114857937662,944.6114857937906,944.6114857937782,1.0,1,0,0,0.0
945,946,same_plane,944.6114857937653,944.611485793779,944.6114857937719,1.0,1,0,0,0.0
946,947,same_plane,944.6114857937648,944.6114857937791,944.6114857937728,1.0,1,0,0,0.0
947,948,same_plane,944.6114857937656,944.6114857937912,944.6114857937782,1.0,1,0,0,0.0
948,949,same_plane,944.611485793766,944.6114857937911,944.6114857937782,1.0,1,0,0,0.0
949,950,same_plane,944.6114857937658,944.6114857937907,944.6114857937782,1.0,1,0,0,0.0
950,951,same_plane,944.611485793765,944.6114857937796,944.6114857937719,1.0,1,0,0,0.0
951,952,same_plane,944.6114857937658,944.6114857937913,944.6114857937786,1.0,1,0,0,0.0
952,953,same_plane,944.6114857937653,944.6114857937905,944.6114857937781,1.0,1,0,0,0.0
953,954,same_plane,944.6114857937657,944.6114857937911,944.6114857937787,1.0,1,0,0,0.0
954,955,same_plane,944.6114857937656,944.611485793779,944.6114857937719,1.0,1,0,0,0.0
955,956,same_plane,944.6114857937655,944.6114857937788,944.6114857937719,1.0,1,0,0,0.0
956,957,same_plane,944.611485793766,944.6114857937915,944.6114857937788,1.0,1,0,0,0.0
957,958,same_plane,944.6114857937653,944.6114857937789,944.611485793772,1.0,1,0,0,0.0
958,959,same_plane,944.6114857937655,944.6114857937912,944.6114857937782,1.0,1,0,0,0.0
959,960,same_plane,944.6114857937647,944.6114857937913,944.6114857937781,1.0,1,0,0,0.0
960,961,same_plane,944.6114857937647,944.6114857937791,944.611485793772,1.0,1,0,0,0.0
961,962,same_plane,944.6114857937654,944.611485793791,944.6114857937788,1.0,1,0,0,0.0
962,963,same_plane,944.6114857937646,944.611485793779,944.6114857937719,1.0,1,0,0,0.0
963,964,same_plane,944.6114857937653,944.6114857937787,944.611485793772,1.0,1,0,0,0.0
964,965,same_plane,944.6114857937654,944.6114857937918,944.6114857937788,1.0,1,0,0,0.0
920,965,same_plane,944.6114857937673,944.6114857937811,944.6114857937764,1.0,1,0,0,0.0
966,967,same_plane,944.6114857937657,944.6114857937791,944.6114857937752,1.0,1,0,0,0.0
967,968,same_plane,944.6114857937652,944.6114857937796,944.6114857937754,1.0,1,0,0,0.0
968,969,same_plane,944.6114857937667,944.6114857937911,944.6114857937782,1.0,1,0,0,0.0
969,970,same_plane,944.6114857937662,944.6114857937788,944.6114857937752,1.0,1,0,0,0.0
970,971,same_plane,944.6114857937654,944.6114857937787,944.6114857937747,1.0,1,0,0,0.0
971,972,same_plane,944.6114857937653,944.6114857937796,944.6114857937754,1.0,1,0,0,0.0
972,973,same_plane,944.6114857937656,944.611485793779,944.6114857937755,1.0,1,0,0,0.0
973,974,same_plane,944.6114857937661,944.6114857937794,944.6114857937752,1.0,1,0,0,0.0
974,975,same_plane,944.6114857937658,944.611485793779,944.6114857937749,1.0,1,0,0,0.0
975,976,same_plane,944.6114857937658,944.6114857937908,944.6114857937783,1.0,1,0,0,0.0
976,977,same_plane,944.611485793765,944.611485793779,944.6114857937724,1.0,1,0,0,0.0
977,978,same_plane,944.6114857937658,944.611485793791,944.6114857937781,1.0,1,0,0,0.0
978,979,same_plane,944.6114857937646,944.611485793779,944.6114857937752,1.0,1,0,0,0.0
979,980,same_plane,944.6114857937654,944.6114857937794,944.6114857937749,1.0,1,0,0,0.0
980,981,same_plane,944.6114857937655,944.6114857937908,944.6114857937786,1.0,1,0,0,0.0
981,982,same_plane,944.6114857937654,944.6114857937787,944.6114857937722,1.0,1,0,0,0.0
982,983,same_plane,944.6114857937661,944.6114857937913,944.6114857937787,1.0,1,0,0,0.0
983,984,same_plane,944.6114857937652,944.611485793779,944.6114857937719,1.0,1,0,0,0.0
984,985,same_plane,944.6114857937658,944.6114857937908,944.6114857937779,1.0,1,0,0,0.0
985,986,same_plane,944.6114857937657,944.6114857937904,944.6114857937787,1.0,1,0,0,0.0
986,987,same_plane,944.6114857937649,944.6114857937791,944.6114857937722,1.0,1,0,0,0.0
987,988,same_plane,944.6114857937653,944.6114857937791,944.6114857937717,1.0,1,0,0,0.0
988,989,same_plane,944.6114857937658,944.6114857937915,944.6114857937786,1.0,1,0,0,0.0
989,990,same_plane,944.6114857937655,944.6114857937913,944.6114857937781,1.0,1,0,0,0.0
990,991,same_plane,944.6114857937653,944.6114857937908,944.6114857937783,1.0,1,0,0,0.0
991,992,same_plane,944.6114857937646,944.6114857937791,944.6114857937722,1.0,1,0,0,0.0
992,993,same_plane,944.6114857937654,944.611485793779,944.6114857937719,1.0,1,0,0,0.0
993,994,same_plane,944.6114857937648,944.6114857937911,944.6114857937786,1.0,1,0,0,0.0
994,995,same_plane,944.6114857937654,944.6114857937911,944.6114857937781,1.0,1,0,0,0.0
995,996,same_plane,944.611485793766,944.6114857937911,944.6114857937786,1.0,1,0,0,0.0
996,997,same_plane,944.6114857937649,944.6114857937724,944.6114857937661,1.0,1,0,0,0.0
997,998,same_plane,944.611485793766,944.6114857937908,944.6114857937781,1.0,1,0,0,0.0
998,999,same_plane,944.6114857937658,944.6114857937907,944.6114857937786,1.0,1,0,0,0.0
999,1000,same_plane,944.611485793766,944.6114857937907,944.6114857937779,1.0,1,0,0,0.0
1000,1001,same_plane,944.6114857937658,944.611485793791,944.6114857937788,1.0,1,0,0,0.0
1001,1002,same_plane,944.6114857937649,944.611485793767,944.6114857937661,1.0,1,0,0,0.0
1002,1003,same_plane,944.6114857937655,944.6114857937907,944.6114857937777,1.0,1,0,0,0.0
1003,1004,same_plane,944.6114857937654,944.611485793791,944.6114857937788,1.0,1,0,0,0.0
1004,1005,same_plane,944.6114857937655,944.6114857937916,944.6114857937777,1.0,1,0,0,0.0
1005,1006,same_plane,944.6114857937649,944.6114857937911,944.6114857937787,1.0,1,0,0,0.0
1006,1007,same_plane,944.6114857937653,944.6114857937674,944.6114857937661,1.0,1,0,0,0.0
1007,1008,same_plane,944.6114857937658,944.6114857937904,944.6114857937778,1.0,1,0,0,0.0
1008,1009,same_plane,944.6114857937657,944.611485793791,944.6114857937788,1.0,1,0,0,0.0
1009,1010,same_plane,944.6114857937652,944.6114857937675,944.6114857937661,1.0,1,0,0,0.0
1010,1011,same_plane,944.6114857937894,944.6114857937911,944.6114857937904,1.0,1,0,0,0.0
966,1011,same_plane,944.6114857937608,944.6114857937749,944.6114857937673,1.0,1,0,0,0.0
1012,1013,same_plane,944.611485793766,944.611485793779,944.611485793775,1.0,1,0,0,0.0
1013,1014,same_plane,944.6114857937655,944.6114857937796,944.6114857937752,1.0,1,0,0,0.0
1014,1015,same_plane,944.6114857937653,944.6114857937913,944.6114857937781,1.0,1,0,0,0.0
1015,1016,same_plane,944.6114857937654,944.611485793779,944.6114857937752,1.0,1,0,0,0.0
1016,1017,same_plane,944.6114857937657,944.611485793779,944.6114857937754,1.0,1,0,0,0.0
1017,1018,same_plane,944.611485793766,944.6114857937794,944.6114857937752,1.0,1,0,0,0.0
1018,1019,same_plane,944.6114857937648,944.6114857937795,944.611485793775,1.0,1,0,0,0.0
1019,1020,same_plane,944.6114857937661,944.6114857937787,944.6114857937752,1.0,1,0,0,0.0
1020,1021,same_plane,944.6114857937656,944.611485793779,944.6114857937755,1.0,1,0,0,0.0
1021,1022,same_plane,944.6114857937658,944.6114857937913,944.6114857937782,1.0,1,0,0,0.0
1022,1023,same_plane,944.6114857937657,944.6114857937787,944.611485793772,1.0,1,0,0,0.0
1023,1024,same_plane,944.6114857937649,944.6114857937913,944.6114857937782,1.0,1,0,0,0.0
1024,1025,same_plane,944.6114857937652,944.6114857937793,944.6114857937752,1.0,1,0,0,0.0
1025,1026,same_plane,944.6114857937658,944.611485793779,944.6114857937755,1.0,1,0,0,0.0
1026,1027,same_plane,944.6114857937654,944.6114857937794,944.6114857937717,1.0,1,0,0,0.0
1027,1028,same_plane,944.6114857937656,944.6114857937907,944.6114857937786,1.0,1,0,0,0.0
1028,1029,same_plane,944.6114857937656,944.6114857937911,944.6114857937778,1.0,1,0,0,0.0
1029,1030,same_plane,944.6114857937652,944.6114857937787,944.6114857937727,1.0,1,0,0,0.0
1030,1031,same_plane,944.6114857937653,944.611485793779,944.6114857937722,1.0,1,0,0,0.0
1031,1032,same_plane,944.6114857937654,944.6114857937908,944.6114857937777,1.0,1,0,0,0.0
1032,1033,same_plane,944.6114857937657,944.611485793791,944.6114857937788,1.0,1,0,0,0.0
1033,1034,same_plane,944.6114857937652,944.6114857937786,944.611485793772,1.0,1,0,0,0.0
1034,1035,same_plane,944.6114857937657,944.611485793791,944.6114857937786,1.0,1,0,0,0.0
1035,1036,same_plane,944.6114857937654,944.6114857937786,944.6114857937719,1.0,1,0,0,0.0
1036,1037,same_plane,944.6114857937657,944.6114857937915,944.6114857937781,1.0,1,0,0,0.0
1037,1038,same_plane,944.6114857937653,944.6114857937911,944.6114857937788,1.0,1,0,0,0.0
1038,1039,same_plane,944.6114857937646,944.611485793779,944.611485793772,1.0,1,0,0,0.0
1039,1040,same_plane,944.6114857937658,944.6114857937916,944.6114857937783,1.0,1,0,0,0.0
1040,1041,same_plane,944.6114857937649,944.6114857937791,944.611485793772,1.0,1,0,0,0.0
1041,1042,same_plane,944.6114857937654,944.6114857937915,944.6114857937781,1.0,1,0,0,0.0
1042,1043,same_plane,944.6114857937655,944.6114857937906,944.6114857937786,1.0,1,0,0,0.0
1043,1044,same_plane,944.6114857937658,944.611485793791,944.6114857937781,1.0,1,0,0,0.0
1044,1045,same_plane,944.6114857937654,944.611485793791,944.6114857937786,1.0,1,0,0,0.0
1045,1046,same_plane,944.6114857937658,944.6114857937913,944.6114857937778,1.0,1,0,0,0.0
1046,1047,same_plane,944.6114857937652,944.611485793767,944.6114857937661,1.0,1,0,0,0.0
1047,1048,same_plane,944.6114857937655,944.6114857937911,944.6114857937787,1.0,1,0,0,0.0
1048,1049,same_plane,944.6114857937656,944.6114857937915,944.6114857937779,1.0,1,0,0,0.0
1049,1050,same_plane,944.6114857937652,944.6114857937667,944.6114857937661,1.0,1,0,0,0.0
1050,1051,same_plane,944.611485793766,944.6114857937911,944.6114857937786,1.0,1,0,0,0.0
1051,1052,same_plane,944.611485793766,944.6114857937908,944.6114857937779,1.0,1,0,0,0.0
1052,1053,same_plane,944.6114857937655,944.6114857937907,944.6114857937787,1.0,1,0,0,0.0
1053,1054,same_plane,944.6114857937657,944.6114857937911,944.6114857937779,1.0,1,0,0,0.0
1054,1055,same_plane,944.6114857937652,944.611485793767,944.6114857937661,1.0,1,0,0,0.0
1055,1056,same_plane,944.6114857937652,944.611485793791,944.6114857937788,1.0,1,0,0,0.0
1056,1057,same_plane,944.6114857937654,944.6114857937913,944.6114857937777,1.0,1,0,0,0.0
1012,1057,same_plane,944.6114857937672,944.6114857937808,944.6114857937742,1.0,1,0,0,0.0
1058,1059,same_plane,944.611485793766,944.6114857937793,944.6114857937754,1.0,1,0,0,0.0
1059,1060,same_plane,944.6114857937666,944.6114857937897,944.6114857937782,1.0,1,0,0,0.0
1060,1061,same_plane,944.6114857937667,944.6114857937791,944.6114857937752,1.0,1,0,0,0.0
1061,1062,same_plane,944.6114857937655,944.611485793779,944.6114857937749,1.0,1,0,0,0.0
1062,1063,same_plane,944.611485793765,944.6114857937789,944.6114857937754,1.0,1,0,0,0.0
1063,1064,same_plane,944.6114857937652,944.6114857937791,944.6114857937755,1.0,1,0,0,0.0
1064,1065,same_plane,944.6114857937658,944.6114857937791,944.6114857937754,1.0,1,0,0,0.0
1065,1066,same_plane,944.6114857937656,944.611485793779,944.6114857937749,1.0,1,0,0,0.0
1066,1067,same_plane,944.6114857937656,944.6114857937791,944.6114857937752,1.0,1,0,0,0.0
1067,1068,same_plane,944.6114857937773,944.6114857937793,944.6114857937782,1.0,1,0,0,0.0
1068,1069,same_plane,944.6114857937655,944.6114857937788,944.6114857937724,1.0,1,0,0,0.0
1069,1070,same_plane,944.6114857937775,944.6114857937805,944.6114857937782,1.0,1,0,0,0.0
1070,1071,same_plane,944.6114857937653,944.6114857937791,944.6114857937747,1.0,1,0,0,0.0
1071,1072,same_plane,944.6114857937655,944.6114857937916,944.6114857937786,1.0,1,0,0,0.0
1072,1073,same_plane,944.6114857937655,944.6114857937788,944.6114857937722,1.0,1,0,0,0.0
1073,1074,same_plane,944.6114857937652,944.6114857937789,944.6114857937717,1.0,1,0,0,0.0
1074,1075,same_plane,944.6114857937658,944.6114857937906,944.6114857937788,1.0,1,0,0,0.0
1075,1076,same_plane,944.6114857937658,944.6114857937908,944.6114857937777,1.0,1,0,0,0.0
1076,1077,same_plane,944.6114857937654,944.6114857937793,944.6114857937724,1.0,1,0,0,0.0
1077,1078,same_plane,944.6114857937654,944.6114857937916,944.6114857937782,1.0,1,0,0,0.0
1078,1079,same_plane,944.6114857937652,944.6114857937788,944.6114857937717,1.0,1,0,0,0.0
1079,1080,same_plane,944.611485793766,944.611485793791,944.6114857937786,1.0,1,0,0,0.0
1080,1081,same_plane,944.6114857937658,944.6114857937906,944.6114857937779,1.0,1,0,0,0.0
1081,1082,same_plane,944.6114857937654,944.6114857937788,944.6114857937727,1.0,1,0,0,0.0
1082,1083,same_plane,944.6114857937653,944.6114857937912,944.6114857937779,1.0,1,0,0,0.0
1083,1084,same_plane,944.6114857937649,944.6114857937789,944.6114857937717,1.0,1,0,0,0.0
1084,1085,same_plane,944.6114857937654,944.6114857937913,944.6114857937788,1.0,1,0,0,0.0
1085,1086,same_plane,944.6114857937648,944.6114857937914,944.6114857937781,1.0,1,0,0,0.0
1086,1087,same_plane,944.6114857937652,944.6114857937794,944.6114857937723,1.0,1,0,0,0.0
1087,1088,same_plane,944.6114857937653,944.6114857937916,944.6114857937783,1.0,1,0,0,0.0
1088,1089,same_plane,944.6114857937653,944.6114857937789,944.611485793772,1.0,1,0,0,0.0
1089,1090,same_plane,944.6114857937656,944.6114857937912,944.6114857937787,1.0,1,0,0,0.0
1090,1091,same_plane,944.6114857937656,944.611485793791,944.6114857937777,1.0,1,0,0,0.0
1091,1092,same_plane,944.6114857937653,944.6114857937911,944.6114857937787,1.0,1,0,0,0.0
1092,1093,same_plane,944.6114857937653,944.6114857937787,944.6114857937719,1.0,1,0,0,0.0
1093,1094,same_plane,944.6114857937652,944.611485793779,944.6114857937719,1.0,1,0,0,0.0
1094,1095,same_plane,944.611485793766,944.6114857937908,944.6114857937791,1.0,1,0,0,0.0
1095,1096,same_plane,944.6114857937652,944.6114857937794,944.6114857937717,1.0,1,0,0,0.0
1096,1097,same_plane,944.6114857937655,944.6114857937911,944.6114857937782,1.0,1,0,0,0.0
1097,1098,same_plane,944.6114857937652,944.6114857937911,944.6114857937782,1.0,1,0,0,0.0
1098,1099,same_plane,944.6114857937653,944.6114857937791,944.611485793772,1.0,1,0,0,0.0
1099,1100,same_plane,944.6114857937658,944.6114857937913,944.6114857937788,1.0,1,0,0,0.0
1100,1101,same_plane,944.6114857937653,944.6114857937908,944.6114857937778,1.0,1,0,0,0.0
1101,1102,same_plane,944.6114857937649,944.6114857937672,944.6114857937658,1.0,1,0,0,0.0
1102,1103,same_plane,944.6114857937895,944.6114857937916,944.6114857937906,1.0,1,0,0,0.0
1058,1103,same_plane,944.6114857937549,944.61148579377,944.6114857937646,1.0,1,0,0,0.0
1104,1105,same_plane,944.6114857937656,944.6114857937789,944.611485793775,1.0,1,0,0,0.0
1105,1106,same_plane,944.611485793766,944.611485793791,944.6114857937782,1.0,1,0,0,0.0
1106,1107,same_plane,944.6114857937655,944.6114857937794,944.6114857937752,1.0,1,0,0,0.0
1107,1108,same_plane,944.6114857937658,944.611485793779,944.6114857937755,1.0,1,0,0,0.0
1108,1109,same_plane,944.6114857937654,944.6114857937796,944.6114857937752,1.0,1,0,0,0.0
1109,1110,same_plane,944.6114857937658,944.6114857937791,944.6114857937749,1.0,1,0,0,0.0
1110,1111,same_plane,944.6114857937657,944.6114857937793,944.6114857937755,1.0,1,0,0,0.0
1111,1112,same_plane,944.6114857937655,944.6114857937791,944.6114857937754,1.0,1,0,0,0.0
1112,1113,same_plane,944.6114857937653,944.6114857937789,944.611485793775,1.0,1,0,0,0.0
1113,1114,same_plane,944.6114857937774,944.611485793779,944.6114857937782,1.0,1,0,0,0.0
1114,1115,same_plane,944.6114857937653,944.6114857937789,944.6114857937719,1.0,1,0,0,0.0
1115,1116,same_plane,944.6114857937773,944.611485793791,944.6114857937814,1.0,1,0,0,0.0
1116,1117,same_plane,944.6114857937653,944.6114857937789,944.6114857937722,1.0,1,0,0,0.0
1117,1118,same_plane,944.6114857937652,944.611485793779,944.6114857937717,1.0,1,0,0,0.0
1118,1119,same_plane,944.6114857937658,944.6114857937911,944.6114857937786,1.0,1,0,0,0.0
1119,1120,same_plane,944.6114857937652,944.6114857937907,944.6114857937777,1.0,1,0,0,0.0
1120,1121,same_plane,944.6114857937656,944.6114857937913,944.6114857937788,1.0,1,0,0,0.0
1121,1122,same_plane,944.6114857937649,944.6114857937669,944.6114857937658,1.0,1,0,0,0.0
1122,1123,same_plane,944.6114857937653,944.6114857937906,944.6114857937777,1.0,1,0,0,0.0
1123,1124,same_plane,944.6114857937658,944.611485793791,944.6114857937788,1.0,1,0,0,0.0
1124,1125,same_plane,944.6114857937655,944.611485793791,944.6114857937779,1.0,1,0,0,0.0
1125,1126,same_plane,944.6114857937649,944.611485793767,944.6114857937658,1.0,1,0,0,0.0
1126,1127,same_plane,944.6114857937649,944.611485793791,944.6114857937786,1.0,1,0,0,0.0
1127,1128,same_plane,944.6114857937655,944.6114857937919,944.6114857937779,1.0,1,0,0,0.0
1128,1129,same_plane,944.6114857937652,944.611485793791,944.6114857937787,1.0,1,0,0,0.0
1129,1130,same_plane,944.6114857937655,944.6114857937914,944.6114857937779,1.0,1,0,0,0.0
1130,1131,same_plane,944.6114857937653,944.6114857937667,944.6114857937661,1.0,1,0,0,0.0
1131,1132,same_plane,944.6114857937654,944.6114857937912,944.6114857937786,1.0,1,0,0,0.0
1132,1133,same_plane,944.6114857937654,944.6114857937912,944.6114857937782,1.0,1,0,0,0.0
1133,1134,same_plane,944.6114857937655,944.6114857937911,944.6114857937786,1.0,1,0,0,0.0
1134,1135,same_plane,944.6114857937652,944.6114857937791,944.6114857937722,1.0,1,0,0,0.0
1135,1136,same_plane,944.6114857937656,944.611485793791,944.6114857937781,1.0,1,0,0,0.0
1136,1137,same_plane,944.6114857937656,944.611485793791,944.6114857937783,1.0,1,0,0,0.0
1137,1138,same_plane,944.6114857937654,944.611485793791,944.6114857937782,1.0,1,0,0,0.0
1138,1139,same_plane,944.6114857937654,944.6114857937788,944.6114857937724,1.0,1,0,0,0.0
1139,1140,same_plane,944.6114857937652,944.6114857937794,944.611485793772,1.0,1,0,0,0.0
1140,1141,same_plane,944.6114857937655,944.6114857937912,944.6114857937781,1.0,1,0,0,0.0
1141,1142,same_plane,944.6114857937652,944.6114857937794,944.6114857937724,1.0,1,0,0,0.0
1142,1143,same_plane,944.6114857937653,944.6114857937913,944.6114857937778,1.0,1,0,0,0.0
1143,1144,same_plane,944.6114857937653,944.611485793791,944.6114857937788,1.0,1,0,0,0.0
1144,1145,same_plane,944.6114857937648,944.6114857937788,944.6114857937719,1.0,1,0,0,0.0
1145,1146,same_plane,944.6114857937649,944.6114857937796,944.611485793772,1.0,1,0,0,0.0
1146,1147,same_plane,944.6114857937655,944.611485793791,944.6114857937787,1.0,1,0,0,0.0
1147,1148,same_plane,944.6114857937655,944.6114857937908,944.6114857937777,1.0,1,0,0,0.0
1148,1149,same_plane,944.6114857937658,944.6114857937912,944.6114857937788,1.0,1,0,0,0.0
1104,1149,same_plane,944.611485793764,944.6114857937803,944.6114857937705,1.0,1,0,0,0.0
1150,1151,same_plane,944.6114857937656,944.6114857937795,944.6114857937749,1.0,1,0,0,0.0
1151,1152,same_plane,944.6114857937647,944.6114857937911,944.6114857937783,1.0,1,0,0,0.0
1152,1153,same_plane,944.6114857937654,944.6114857937798,944.6114857937749,1.0,1,0,0,0.0
1153,1154,same_plane,944.6114857937658,944.6114857937793,944.6114857937756,1.0,1,0,0,0.0
1154,1155,same_plane,944.6114857937661,944.6114857937791,944.6114857937752,1.0,1,0,0,0.0
1155,1156,same_plane,944.6114857937654,944.6114857937787,944.6114857937749,1.0,1,0,0,0.0
1156,1157,same_plane,944.6114857937655,944.6114857937791,944.6114857937752,1.0,1,0,0,0.0
1157,1158,same_plane,944.6114857937658,944.6114857937791,944.6114857937752,1.0,1,0,0,0.0
1158,1159,same_plane,944.6114857937656,944.6114857937791,944.6114857937754,1.0,1,0,0,0.0
1159,1160,same_plane,944.6114857937775,944.6114857937798,944.6114857937782,1.0,1,0,0,0.0
1160,1161,same_plane,944.6114857937649,944.6114857937789,944.611485793772,1.0,1,0,0,0.0
1161,1162,same_plane,944.6114857937774,944.6114857937905,944.6114857937811,1.0,1,0,0,0.0
1162,1163,same_plane,944.6114857937654,944.611485793779,944.6114857937728,1.0,1,0,0,0.0
1163,1164,same_plane,944.6114857937656,944.6114857937788,944.6114857937722,1.0,1,0,0,0.0
1164,1165,same_plane,944.6114857937655,944.6114857937911,944.6114857937778,1.0,1,0,0,0.0
1165,1166,same_plane,944.6114857937656,944.611485793791,944.6114857937788,1.0,1,0,0,0.0
1166,1167,same_plane,944.6114857937654,944.6114857937907,944.6114857937778,1.0,1,0,0,0.0
1167,1168,same_plane,944.611485793765,944.6114857937669,944.6114857937661,1.0,1,0,0,0.0
1168,1169,same_plane,944.6114857937656,944.6114857937921,944.6114857937786,1.0,1,0,0,0.0
1169,1170,same_plane,944.6114857937655,944.6114857937912,944.6114857937781,1.0,1,0,0,0.0
1170,1171,same_plane,944.6114857937653,944.6114857937911,944.6114857937787,1.0,1,0,0,0.0
1171,1172,same_plane,944.6114857937648,944.611485793767,944.611485793766,1.0,1,0,0,0.0
1172,1173,same_plane,944.6114857937654,944.6114857937908,944.6114857937781,1.0,1,0,0,0.0
1173,1174,same_plane,944.6114857937656,944.6114857937912,944.6114857937787,1.0,1,0,0,0.0
1174,1175,same_plane,944.6114857937647,944.6114857937911,944.6114857937778,1.0,1,0,0,0.0
1175,1176,same_plane,944.6114857937652,944.6114857937913,944.6114857937786,1.0,1,0,0,0.0
1176,1177,same_plane,944.6114857937654,944.6114857937674,944.6114857937661,1.0,1,0,0,0.0
1177,1178,same_plane,944.6114857937654,944.6114857937911,944.6114857937781,1.0,1,0,0,0.0
1178,1179,same_plane,944.6114857937649,944.6114857937914,944.6114857937786,1.0,1,0,0,0.0
1179,1180,same_plane,944.6114857937648,944.6114857937913,944.6114857937779,1.0,1,0,0,0.0
1180,1181,same_plane,944.6114857937653,944.611485793779,944.6114857937724,1.0,1,0,0,0.0
1181,1182,same_plane,944.6114857937654,944.6114857937907,944.6114857937782,1.0,1,0,0,0.0
1182,1183,same_plane,944.6114857937655,944.6114857937907,944.6114857937782,1.0,1,0,0,0.0
1183,1184,same_plane,944.6114857937658,944.6114857937912,944.6114857937786,1.0,1,0,0,0.0
1184,1185,same_plane,944.6114857937654,944.611485793779,944.6114857937719,1.0,1,0,0,0.0
1185,1186,same_plane,944.6114857937655,944.6114857937794,944.6114857937722,1.0,1,0,0,0.0
1186,1187,same_plane,944.6114857937656,944.6114857937908,944.6114857937782,1.0,1,0,0,0.0
1187,1188,same_plane,944.6114857937653,944.611485793779,944.6114857937719,1.0,1,0,0,0.0
1188,1189,same_plane,944.6114857937655,944.6114857937908,944.6114857937788,1.0,1,0,0,0.0
1189,1190,same_plane,944.6114857937654,944.611485793791,944.6114857937779,1.0,1,0,0,0.0
1190,1191,same_plane,944.6114857937653,944.611485793767,944.6114857937661,1.0,1,0,0,0.0
1191,1192,same_plane,944.6114857937898,944.6114857937912,944.6114857937904,1.0,1,0,0,0.0
1192,1193,same_plane,944.6114857937649,944.6114857937667,944.6114857937658,1.0,1,0,0,0.0
1193,1194,same_plane,944.6114857937652,944.6114857937669,944.6114857937661,1.0,1,0,0,0.0
1194,1195,same_plane,944.6114857937898,944.6114857937913,944.6114857937905,1.0,1,0,0,0.0
1150,1195,same_plane,944.6114857937637,944.6114857937805,944.6114857937711,1.0,1,0,0,0.0
1196,1197,same_plane,944.6114857937655,944.6114857937789,944.6114857937755,1.0,1,0,0,0.0
1197,1198,same_plane,944.6114857937661,944.6114857937911,944.6114857937786,1.0,1,0,0,0.0
1198,1199,same_plane,944.611485793766,944.6114857937793,944.611485793775,1.0,1,0,0,0.0
1199,1200,same_plane,944.6114857937658,944.6114857937791,944.6114857937749,1.0,1,0,0,0.0
1200,1201,same_plane,944.611485793765,944.6114857937788,944.6114857937752,1.0,1,0,0,0.0
1201,1202,same_plane,944.6114857937654,944.611485793779,944.6114857937754,1.0,1,0,0,0.0
1202,1203,same_plane,944.611485793766,944.6114857937794,944.6114857937752,1.0,1,0,0,0.0
1203,1204,same_plane,944.6114857937649,944.6114857937793,944.6114857937749,1.0,1,0,0,0.0
1204,1205,same_plane,944.6114857937654,944.6114857937795,944.6114857937752,1.0,1,0,0,0.0
1205,1206,same_plane,944.6114857937766,944.6114857937824,944.6114857937783,1.0,1,0,0,0.0
1206,1207,same_plane,944.6114857937647,944.6114857937786,944.6114857937688,1.0,1,0,0,0.0
1207,1208,same_plane,944.6114857937658,944.6114857937911,944.6114857937786,1.0,1,0,0,0.0
1208,1209,same_plane,944.6114857937657,944.6114857937911,944.6114857937779,1.0,1,0,0,0.0
1209,1210,same_plane,944.6114857937655,944.6114857937913,944.6114857937788,1.0,1,0,0,0.0
1210,1211,same_plane,944.6114857937655,944.6114857937795,944.6114857937723,1.0,1,0,0,0.0
1211,1212,same_plane,944.6114857937652,944.6114857937787,944.6114857937715,1.0,1,0,0,0.0
1212,1213,same_plane,944.6114857937655,944.6114857937911,944.6114857937788,1.0,1,0,0,0.0
1213,1214,same_plane,944.6114857937658,944.6114857937908,944.6114857937779,1.0,1,0,0,0.0
1214,1215,same_plane,944.6114857937649,944.6114857937794,944.6114857937728,1.0,1,0,0,0.0
1215,1216,same_plane,944.6114857937655,944.6114857937911,944.6114857937779,1.0,1,0,0,0.0
1216,1217,same_plane,944.6114857937654,944.6114857937787,944.6114857937719,1.0,1,0,0,0.0
1217,1218,same_plane,944.6114857937655,944.6114857937912,944.6114857937787,1.0,1,0,0,0.0
1218,1219,same_plane,944.6114857937654,944.611485793791,944.6114857937779,1.0,1,0,0,0.0
1219,1220,same_plane,944.6114857937652,944.611485793779,944.6114857937727,1.0,1,0,0,0.0
1220,1221,same_plane,944.6114857937654,944.6114857937911,944.6114857937782,1.0,1,0,0,0.0
1221,1222,same_plane,944.6114857937655,944.6114857937793,944.6114857937719,1.0,1,0,0,0.0
1222,1223,same_plane,944.6114857937653,944.6114857937908,944.6114857937786,1.0,1,0,0,0.0
1223,1224,same_plane,944.6114857937654,944.6114857937907,944.6114857937781,1.0,1,0,0,0.0
1224,1225,same_plane,944.6114857937654,944.6114857937791,944.6114857937724,1.0,1,0,0,0.0
1225,1226,same_plane,944.611485793765,944.611485793791,944.6114857937782,1.0,1,0,0,0.0
1226,1227,same_plane,944.6114857937655,944.611485793779,944.6114857937719,1.0,1,0,0,0.0
1227,1228,same_plane,944.6114857937654,944.6114857937911,944.6114857937788,1.0,1,0,0,0.0
1228,1229,same_plane,944.6114857937655,944.611485793791,944.6114857937778,1.0,1,0,0,0.0
1229,1230,same_plane,944.6114857937655,944.6114857937919,944.6114857937788,1.0,1,0,0,0.0
1230,1231,same_plane,944.6114857937649,944.6114857937788,944.611485793772,1.0,1,0,0,0.0
1231,1232,same_plane,944.6114857937653,944.6114857937795,944.6114857937719,1.0,1,0,0,0.0
1232,1233,same_plane,944.6114857937654,944.611485793791,944.6114857937787,1.0,1,0,0,0.0
1233,1234,same_plane,944.6114857937653,944.6114857937793,944.6114857937719,1.0,1,0,0,0.0
1234,1235,same_plane,944.6114857937658,944.611485793791,944.6114857937782,1.0,1,0,0,0.0
1235,1236,same_plane,944.6114857937774,944.6114857937912,944.6114857937843,1.0,1,0,0,0.0
1236,1237,same_plane,944.6114857937652,944.6114857937669,944.6114857937661,1.0,1,0,0,0.0
1237,1238,same_plane,944.6114857937654,944.6114857937913,944.6114857937788,1.0,1,0,0,0.0
1238,1239,same_plane,944.6114857937654,944.6114857937911,944.6114857937778,1.0,1,0,0,0.0
1239,1240,same_plane,944.6114857937647,944.6114857937667,944.611485793766,1.0,1,0,0,0.0
1240,1241,same_plane,944.6114857937894,944.6114857937918,944.6114857937906,1.0,1,0,0,0.0
1196,1241,same_plane,944.6114857937548,944.6114857937685,944.6114857937646,1.0,1,0,0,0.0
1242,1243,same_plane,944.6114857937654,944.6114857937797,944.6114857937752,1.0,1,0,0,0.0
1243,1244,same_plane,944.611485793766,944.6114857937908,944.6114857937779,1.0,1,0,0,0.0
1244,1245,same_plane,944.6114857937655,944.611485793779,944.6114857937755,1.0,1,0,0,0.0
1245,1246,same_plane,944.6114857937656,944.6114857937793,944.6114857937752,1.0,1,0,0,0.0
1246,1247,same_plane,944.6114857937658,944.6114857937793,944.6114857937754,1.0,1,0,0,0.0
1247,1248,same_plane,944.6114857937658,944.6114857937793,944.6114857937746,1.0,1,0,0,0.0
1248,1249,same_plane,944.6114857937656,944.6114857937791,944.6114857937754,1.0,1,0,0,0.0
1249,1250,same_plane,944.6114857937655,944.6114857937787,944.6114857937754,1.0,1,0,0,0.0
1250,1251,same_plane,944.6114857937652,944.6114857937789,944.6114857937752,1.0,1,0,0,0.0
1251,1252,same_plane,944.6114857937654,944.611485793779,944.611485793775,1.0,1,0,0,0.0
1252,1253,same_plane,944.6114857937656,944.6114857937904,944.6114857937779,1.0,1,0,0,0.0
1253,1254,same_plane,944.6114857937656,944.611485793791,944.6114857937786,1.0,1,0,0,0.0
1254,1255,same_plane,944.6114857937654,944.6114857937789,944.6114857937722,1.0,1,0,0,0.0
1255,1256,same_plane,944.6114857937647,944.611485793779,944.6114857937717,1.0,1,0,0,0.0
1256,1257,same_plane,944.6114857937661,944.6114857937908,944.6114857937788,1.0,1,0,0,0.0
1257,1258,same_plane,944.6114857937652,944.6114857937906,944.6114857937777,1.0,1,0,0,0.0
1258,1259,same_plane,944.6114857937649,944.6114857937906,944.6114857937787,1.0,1,0,0,0.0
1259,1260,same_plane,944.6114857937649,944.6114857937673,944.611485793766,1.0,1,0,0,0.0
1260,1261,same_plane,944.6114857937655,944.6114857937908,944.6114857937779,1.0,1,0,0,0.0
1261,1262,same_plane,944.6114857937653,944.6114857937913,944.6114857937786,1.0,1,0,0,0.0
1262,1263,same_plane,944.6114857937653,944.611485793791,944.6114857937779,1.0,1,0,0,0.0
1263,1264,same_plane,944.6114857937595,944.6114857937666,944.6114857937658,1.0,1,0,0,0.0
1264,1265,same_plane,944.6114857937658,944.6114857937907,944.6114857937787,1.0,1,0,0,0.0
1265,1266,same_plane,944.6114857937655,944.6114857937915,944.6114857937779,1.0,1,0,0,0.0
1266,1267,same_plane,944.6114857937648,944.6114857937911,944.6114857937783,1.0,1,0,0,0.0
1267,1268,same_plane,944.6114857937656,944.6114857937914,944.6114857937779,1.0,1,0,0,0.0
1268,1269,same_plane,944.6114857937647,944.6114857937721,944.6114857937661,1.0,1,0,0,0.0
1269,1270,same_plane,944.6114857937656,944.611485793791,944.6114857937786,1.0,1,0,0,0.0
1270,1271,same_plane,944.6114857937656,944.6114857937915,944.6114857937779,1.0,1,0,0,0.0
1271,1272,same_plane,944.6114857937656,944.6114857937912,944.6114857937787,1.0,1,0,0,0.0
1272,1273,same_plane,944.6114857937653,944.6114857937789,944.6114857937719,1.0,1,0,0,0.0
1273,1274,same_plane,944.6114857937655,944.6114857937906,944.6114857937782,1.0,1,0,0,0.0
1274,1275,same_plane,944.6114857937657,944.6114857937911,944.6114857937786,1.0,1,0,0,0.0
1275,1276,same_plane,944.6114857937654,944.611485793791,944.6114857937782,1.0,1,0,0,0.0
1276,1277,same_plane,944.6114857937656,944.6114857937787,944.6114857937724,1.0,1,0,0,0.0
1277,1278,same_plane,944.6114857937654,944.6114857937791,944.6114857937717,1.0,1,0,0,0.0
1278,1279,same_plane,944.6114857937656,944.6114857937912,944.6114857937779,1.0,1,0,0,0.0
1279,1280,same_plane,944.6114857937654,944.6114857937788,944.6114857937727,1.0,1,0,0,0.0
1280,1281,same_plane,944.6114857937655,944.6114857937911,944.6114857937778,1.0,1,0,0,0.0
1281,1282,same_plane,944.6114857937647,944.611485793791,944.6114857937787,1.0,1,0,0,0.0
1282,1283,same_plane,944.6114857937654,944.6114857937912,944.6114857937778,1.0,1,0,0,0.0
1283,1284,same_plane,944.611485793765,944.6114857937667,944.6114857937661,1.0,1,0,0,0.0
1284,1285,same_plane,944.6114857937656,944.6114857937911,944.6114857937787,1.0,1,0,0,0.0
1285,1286,same_plane,944.6114857937654,944.611485793792,944.6114857937779,1.0,1,0,0,0.0
1286,1287,same_plane,944.6114857937653,944.6114857937914,944.6114857937788,1.0,1,0,0,0.0
1242,1287,same_plane,944.6114857937645,944.6114857937803,944.6114857937704,1.0,1,0,0,0.0
1288,1289,same_plane,944.611485793766,944.6114857937791,944.6114857937752,1.0,1,0,0,0.0
1289,1290,same_plane,944.6114857937656,944.6114857937787,944.6114857937749,1.0,1,0,0,0.0
1290,1291,same_plane,944.6114857937653,944.6114857937912,944.6114857937782,1.0,1,0,0,0.0
1291,1292,same_plane,944.6114857937657,944.611485793779,944.6114857937752,1.0,1,0,0,0.0
1292,1293,same_plane,944.6114857937658,944.6114857937793,944.6114857937755,1.0,1,0,0,0.0
1293,1294,same_plane,944.6114857937661,944.6114857937794,944.6114857937752,1.0,1,0,0,0.0
1294,1295,same_plane,944.6114857937658,944.6114857937788,944.611485793775,1.0,1,0,0,0.0
1295,1296,same_plane,944.6114857937658,944.6114857937789,944.6114857937752,1.0,1,0,0,0.0
1296,1297,same_plane,944.6114857937656,944.6114857937787,944.6114857937755,1.0,1,0,0,0.0
1297,1298,same_plane,944.6114857937658,944.6114857937905,944.6114857937782,1.0,1,0,0,0.0
1298,1299,same_plane,944.6114857937646,944.6114857937786,944.611485793772,1.0,1,0,0,0.0
1299,1300,same_plane,944.6114857937656,944.6114857937905,944.6114857937779,1.0,1,0,0,0.0
1300,1301,same_plane,944.6114857937658,944.6114857937915,944.6114857937787,1.0,1,0,0,0.0
1301,1302,same_plane,944.611485793765,944.6114857937791,944.6114857937722,1.0,1,0,0,0.0
1302,1303,same_plane,944.6114857937653,944.6114857937789,944.6114857937715,1.0,1,0,0,0.0
1303,1304,same_plane,944.6114857937654,944.6114857937911,944.6114857937788,1.0,1,0,0,0.0
1304,1305,same_plane,944.6114857937653,944.611485793791,944.6114857937779,1.0,1,0,0,0.0
1305,1306,same_plane,944.6114857937656,944.6114857937787,944.6114857937727,1.0,1,0,0,0.0
1306,1307,same_plane,944.6114857937652,944.6114857937788,944.6114857937719,1.0,1,0,0,0.0
1307,1308,same_plane,944.6114857937657,944.6114857937916,944.6114857937781,1.0,1,0,0,0.0
1308,1309,same_plane,944.6114857937652,944.6114857937913,944.6114857937786,1.0,1,0,0,0.0
1309,1310,same_plane,944.6114857937653,944.6114857937787,944.6114857937719,1.0,1,0,0,0.0
1310,1311,same_plane,944.6114857937658,944.611485793791,944.6114857937786,1.0,1,0,0,0.0
1311,1312,same_plane,944.611485793764,944.6114857937791,944.611485793772,1.0,1,0,0,0.0
1312,1313,same_plane,944.6114857937645,944.6114857937916,944.6114857937779,1.0,1,0,0,0.0
1313,1314,same_plane,944.6114857937654,944.6114857937923,944.6114857937788,1.0,1,0,0,0.0
1314,1315,same_plane,944.6114857937644,944.6114857937787,944.611485793772,1.0,1,0,0,0.0
1315,1316,same_plane,944.6114857937646,944.6114857937906,944.6114857937782,1.0,1,0,0,0.0
1316,1317,same_plane,944.6114857937648,944.6114857937791,944.6114857937723,1.0,1,0,0,0.0
1317,1318,same_plane,944.6114857937658,944.611485793791,944.6114857937778,1.0,1,0,0,0.0
1318,1319,same_plane,944.6114857937657,944.6114857937908,944.6114857937788,1.0,1,0,0,0.0
1319,1320,same_plane,944.6114857937654,944.611485793791,944.6114857937778,1.0,1,0,0,0.0
1320,1321,same_plane,944.6114857937657,944.6114857937911,944.6114857937788,1.0,1,0,0,0.0
1321,1322,same_plane,944.6114857937654,944.6114857937907,944.6114857937779,1.0,1,0,0,0.0
1322,1323,same_plane,944.6114857937599,944.6114857937675,944.6114857937658,1.0,1,0,0,0.0
1323,1324,same_plane,944.6114857937655,944.6114857937914,944.6114857937788,1.0,1,0,0,0.0
1324,1325,same_plane,944.6114857937653,944.6114857937908,944.6114857937779,1.0,1,0,0,0.0
1325,1326,same_plane,944.6114857937644,944.6114857937722,944.6114857937661,1.0,1,0,0,0.0
1326,1327,same_plane,944.6114857937654,944.6114857937906,944.6114857937788,1.0,1,0,0,0.0
1327,1328,same_plane,944.6114857937652,944.6114857937908,944.6114857937778,1.0,1,0,0,0.0
1328,1329,same_plane,944.6114857937656,944.6114857937915,944.6114857937788,1.0,1,0,0,0.0
1329,1330,same_plane,944.6114857937649,944.6114857937912,944.6114857937778,1.0,1,0,0,0.0
1330,1331,same_plane,944.6114857937649,944.611485793767,944.611485793766,1.0,1,0,0,0.0
1331,1332,same_plane,944.6114857937655,944.6114857937911,944.6114857937788,1.0,1,0,0,0.0
1332,1333,same_plane,944.6114857937658,944.6114857937911,944.6114857937778,1.0,1,0,0,0.0
1288,1333,same_plane,944.6114857937672,944.6114857937806,944.611485793774,1.0,1,0,0,0.0
1334,1335,same_plane,944.6114857937658,944.6114857937788,944.6114857937754,1.0,1,0,0,0.0
1335,1336,same_plane,944.6114857937662,944.6114857937908,944.6114857937786,1.0,1,0,0,0.0
1336,1337,same_plane,944.6114857937653,944.6114857937787,944.6114857937752,1.0,1,0,0,0.0
1337,1338,same_plane,944.6114857937658,944.6114857937794,944.6114857937747,1.0,1,0,0,0.0
1338,1339,same_plane,944.6114857937655,944.6114857937789,944.6114857937752,1.0,1,0,0,0.0
1339,1340,same_plane,944.6114857937657,944.6114857937794,944.6114857937755,1.0,1,0,0,0.0
1340,1341,same_plane,944.6114857937656,944.6114857937793,944.6114857937752,1.0,1,0,0,0.0
1341,1342,same_plane,944.6114857937655,944.6114857937791,944.6114857937749,1.0,1,0,0,0.0
1342,1343,same_plane,944.6114857937656,944.6114857937906,944.6114857937786,1.0,1,0,0,0.0
1343,1344,same_plane,944.6114857937658,944.6114857937906,944.6114857937779,1.0,1,0,0,0.0
1344,1345,same_plane,944.6114857937597,944.6114857937666,944.611485793766,1.0,1,0,0,0.0
1345,1346,same_plane,944.6114857937657,944.6114857937922,944.6114857937788,1.0,1,0,0,0.0
1346,1347,same_plane,944.6114857937653,944.6114857937911,944.6114857937778,1.0,1,0,0,0.0
1347,1348,same_plane,944.6114857937655,944.6114857937906,944.6114857937786,1.0,1,0,0,0.0
1348,1349,same_plane,944.6114857937652,944.6114857937789,944.6114857937723,1.0,1,0,0,0.0
1349,1350,same_plane,944.6114857937646,944.611485793779,944.6114857937717,1.0,1,0,0,0.0
1350,1351,same_plane,944.6114857937655,944.6114857937915,944.6114857937786,1.0,1,0,0,0.0
1351,1352,same_plane,944.6114857937646,944.6114857937907,944.6114857937779,1.0,1,0,0,0.0
1352,1353,same_plane,944.6114857937654,944.6114857937791,944.6114857937728,1.0,1,0,0,0.0
1353,1354,same_plane,944.6114857937653,944.6114857937908,944.6114857937779,1.0,1,0,0,0.0
1354,1355,same_plane,944.6114857937648,944.6114857937798,944.6114857937719,1.0,1,0,0,0.0
1355,1356,same_plane,944.6114857937647,944.6114857937919,944.6114857937788,1.0,1,0,0,0.0
1356,1357,same_plane,944.6114857937653,944.6114857937911,944.6114857937779,1.0,1,0,0,0.0
1357,1358,same_plane,944.6114857937647,944.6114857937794,944.6114857937723,1.0,1,0,0,0.0
1358,1359,same_plane,944.6114857937655,944.6114857937908,944.6114857937782,1.0,1,0,0,0.0
1359,1360,same_plane,944.6114857937654,944.6114857937787,944.611485793772,1.0,1,0,0,0.0
1360,1361,same_plane,944.6114857937655,944.6114857937908,944.6114857937786,1.0,1,0,0,0.0
1361,1362,same_plane,944.6114857937654,944.611485793791,944.6114857937779,1.0,1,0,0,0.0
1362,1363,same_plane,944.6114857937654,944.6114857937791,944.6114857937724,1.0,1,0,0,0.0
1363,1364,same_plane,944.6114857937656,944.6114857937912,944.6114857937782,1.0,1,0,0,0.0
1364,1365,same_plane,944.6114857937653,944.611485793779,944.6114857937719,1.0,1,0,0,0.0
1365,1366,same_plane,944.6114857937658,944.611485793792,944.6114857937791,1.0,1,0,0,0.0
1366,1367,same_plane,944.6114857937654,944.6114857937906,944.6114857937777,1.0,1,0,0,0.0
1367,1368,same_plane,944.6114857937657,944.6114857937912,944.6114857937786,1.0,1,0,0,0.0
1368,1369,same_plane,944.6114857937652,944.6114857937787,944.6114857937715,1.0,1,0,0,0.0
1369,1370,same_plane,944.6114857937648,944.6114857937789,944.611485793772,1.0,1,0,0,0.0
1370,1371,same_plane,944.6114857937656,944.6114857937907,944.6114857937788,1.0,1,0,0,0.0
1371,1372,same_plane,944.6114857937657,944.6114857937912,944.6114857937777,1.0,1,0,0,0.0
1372,1373,same_plane,944.6114857937648,944.6114857937671,944.6114857937661,1.0,1,0,0,0.0
1373,1374,same_plane,944.6114857937891,944.6114857937913,944.6114857937904,1.0,1,0,0,0.0
1374,1375,same_plane,944.6114857937644,944.611485793767,944.611485793766,1.0,1,0,0,0.0
1375,1376,same_plane,944.6114857937653,944.6114857937911,944.6114857937788,1.0,1,0,0,0.0
1376,1377,same_plane,944.6114857937652,944.611485793791,944.6114857937779,1.0,1,0,0,0.0
1377,1378,same_plane,944.6114857937649,944.6114857937673,944.611485793766,1.0,1,0,0,0.0
1378,1379,same_plane,944.6114857937898,944.6114857937918,944.6114857937905,1.0,1,0,0,0.0
1334,1379,same_plane,944.6114857937547,944.611485793769,944.6114857937646,1.0,1,0,0,0.0
1380,1381,same_plane,944.6114857937656,944.61148579378,944.611485793775,1.0,1,0,0,0.0
1381,1382,same_plane,944.6114857937652,944.6114857937906,944.6114857937782,1.0,1,0,0,0.0
1382,1383,same_plane,944.6114857937656,944.6114857937791,944.6114857937752,1.0,1,0,0,0.0
1383,1384,same_plane,944.611485793766,944.6114857937789,944.6114857937755,1.0,1,0,0,0.0
1384,1385,same_plane,944.6114857937654,944.6114857937787,944.6114857937752,1.0,1,0,0,0.0
1385,1386,same_plane,944.6114857937657,944.6114857937788,944.6114857937749,1.0,1,0,0,0.0
1386,1387,same_plane,944.6114857937656,944.6114857937795,944.6114857937754,1.0,1,0,0,0.0
1387,1388,same_plane,944.6114857937647,944.6114857937791,944.6114857937754,1.0,1,0,0,0.0
1388,1389,same_plane,944.6114857937654,944.6114857937793,944.6114857937717,1.0,1,0,0,0.0
1389,1390,same_plane,944.611485793766,944.6114857937908,944.6114857937786,1.0,1,0,0,0.0
1390,1391,same_plane,944.6114857937652,944.6114857937907,944.6114857937779,1.0,1,0,0,0.0
1391,1392,same_plane,944.6114857937656,944.6114857937918,944.6114857937788,1.0,1,0,0,0.0
1392,1393,same_plane,944.6114857937649,944.6114857937793,944.6114857937722,1.0,1,0,0,0.0
1393,1394,same_plane,944.6114857937652,944.6114857937791,944.6114857937715,1.0,1,0,0,0.0
1394,1395,same_plane,944.6114857937658,944.6114857937916,944.6114857937787,1.0,1,0,0,0.0
1395,1396,same_plane,944.6114857937654,944.6114857937911,944.6114857937779,1.0,1,0,0,0.0
1396,1397,same_plane,944.6114857937658,944.6114857937919,944.6114857937786,1.0,1,0,0,0.0
1397,1398,same_plane,944.6114857937652,944.6114857937667,944.6114857937661,1.0,1,0,0,0.0
1398,1399,same_plane,944.611485793766,944.6114857937905,944.6114857937779,1.0,1,0,0,0.0
1399,1400,same_plane,944.6114857937648,944.6114857937906,944.6114857937788,1.0,1,0,0,0.0
1400,1401,same_plane,944.6114857937657,944.6114857937913,944.6114857937777,1.0,1,0,0,0.0
1401,1402,same_plane,944.6114857937654,944.611485793772,944.6114857937661,1.0,1,0,0,0.0
1402,1403,same_plane,944.6114857937656,944.6114857937913,944.6114857937786,1.0,1,0,0,0.0
1403,1404,same_plane,944.6114857937653,944.6114857937914,944.6114857937779,1.0,1,0,0,0.0
1404,1405,same_plane,944.6114857937656,944.6114857937913,944.6114857937786,1.0,1,0,0,0.0
1405,1406,same_plane,944.6114857937654,944.6114857937912,944.6114857937779,1.0,1,0,0,0.0
1406,1407,same_plane,944.6114857937597,944.611485793767,944.611485793766,1.0,1,0,0,0.0
1407,1408,same_plane,944.6114857937653,944.6114857937911,944.6114857937788,1.0,1,0,0,0.0
1408,1409,same_plane,944.6114857937654,944.6114857937911,944.6114857937777,1.0,1,0,0,0.0
1409,1410,same_plane,944.6114857937657,944.6114857937911,944.6114857937788,1.0,1,0,0,0.0
1410,1411,same_plane,944.6114857937647,944.6114857937791,944.611485793772,1.0,1,0,0,0.0
1411,1412,same_plane,944.6114857937655,944.6114857937907,944.6114857937782,1.0,1,0,0,0.0
1412,1413,same_plane,944.6114857937653,944.6114857937906,944.6114857937782,1.0,1,0,0,0.0
1413,1414,same_plane,944.6114857937655,944.6114857937913,944.6114857937782,1.0,1,0,0,0.0
1414,1415,same_plane,944.6114857937652,944.6114857937794,944.6114857937722,1.0,1,0,0,0.0
1415,1416,same_plane,944.6114857937649,944.611485793779,944.6114857937719,1.0,1,0,0,0.0
1416,1417,same_plane,944.6114857937654,944.6114857937906,944.6114857937782,1.0,1,0,0,0.0
1417,1418,same_plane,944.6114857937652,944.6114857937793,944.6114857937727,1.0,1,0,0,0.0
1418,1419,same_plane,944.6114857937656,944.6114857937908,944.6114857937778,1.0,1,0,0,0.0
1419,1420,same_plane,944.6114857937656,944.6114857937915,944.6114857937788,1.0,1,0,0,0.0
1420,1421,same_plane,944.6114857937649,944.6114857937915,944.6114857937777,1.0,1,0,0,0.0
1421,1422,same_plane,944.6114857937649,944.6114857937671,944.6114857937661,1.0,1,0,0,0.0
1422,1423,same_plane,944.6114857937647,944.6114857937906,944.6114857937788,1.0,1,0,0,0.0
1423,1424,same_plane,944.6114857937655,944.6114857937911,944.6114857937778,1.0,1,0,0,0.0
1424,1425,same_plane,944.6114857937658,944.6114857937916,944.6114857937788,1.0,1,0,0,0.0
1380,1425,same_plane,944.6114857937646,944.6114857937811,944.6114857937704,1.0,1,0,0,0.0
1426,1427,same_plane,944.6114857937654,944.6114857937791,944.6114857937752,1.0,1,0,0,0.0
1427,1428,same_plane,944.6114857937657,944.6114857937796,944.6114857937749,1.0,1,0,0,0.0
1428,1429,same_plane,944.6114857937649,944.6114857937913,944.6114857937783,1.0,1,0,0,0.0
1429,1430,same_plane,944.6114857937658,944.6114857937796,944.611485793775,1.0,1,0,0,0.0
1430,1431,same_plane,944.6114857937655,944.611485793779,944.6114857937755,1.0,1,0,0,0.0
1431,1432,same_plane,944.6114857937652,944.6114857937789,944.6114857937752,1.0,1,0,0,0.0
1432,1433,same_plane,944.6114857937652,944.6114857937794,944.6114857937747,1.0,1,0,0,0.0
1433,1434,same_plane,944.6114857937656,944.6114857937916,944.6114857937787,1.0,1,0,0,0.0
1434,1435,same_plane,944.6114857937653,944.6114857937787,944.6114857937722,1.0,1,0,0,0.0
1435,1436,same_plane,944.6114857937656,944.6114857937912,944.6114857937786,1.0,1,0,0,0.0
1436,1437,same_plane,944.6114857937646,944.611485793779,944.6114857937719,1.0,1,0,0,0.0
1437,1438,same_plane,944.6114857937658,944.6114857937908,944.6114857937779,1.0,1,0,0,0.0
1438,1439,same_plane,944.611485793766,944.6114857937906,944.6114857937788,1.0,1,0,0,0.0
1439,1440,same_plane,944.6114857937649,944.6114857937785,944.611485793772,1.0,1,0,0,0.0
1440,1441,same_plane,944.6114857937653,944.6114857937793,944.6114857937717,1.0,1,0,0,0.0
1441,1442,same_plane,944.6114857937656,944.6114857937908,944.6114857937786,1.0,1,0,0,0.0
1442,1443,same_plane,944.611485793766,944.6114857937908,944.6114857937781,1.0,1,0,0,0.0
1443,1444,same_plane,944.6114857937656,944.611485793779,944.6114857937727,1.0,1,0,0,0.0
1444,1445,same_plane,944.6114857937648,944.611485793779,944.6114857937719,1.0,1,0,0,0.0
1445,1446,same_plane,944.6114857937655,944.6114857937911,944.6114857937778,1.0,1,0,0,0.0
1446,1447,same_plane,944.6114857937652,944.6114857937911,944.6114857937787,1.0,1,0,0,0.0
1447,1448,same_plane,944.6114857937652,944.6114857937789,944.6114857937722,1.0,1,0,0,0.0
1448,1449,same_plane,944.6114857937658,944.6114857937906,944.6114857937782,1.0,1,0,0,0.0
1449,1450,same_plane,944.6114857937655,944.6114857937795,944.6114857937722,1.0,1,0,0,0.0
1450,1451,same_plane,944.6114857937658,944.611485793791,944.6114857937781,1.0,1,0,0,0.0
1451,1452,same_plane,944.6114857937658,944.611485793791,944.6114857937788,1.0,1,0,0,0.0
1452,1453,same_plane,944.6114857937654,944.611485793779,944.6114857937719,1.0,1,0,0,0.0
1453,1454,same_plane,944.6114857937654,944.6114857937911,944.6114857937782,1.0,1,0,0,0.0
1454,1455,same_plane,944.6114857937654,944.6114857937787,944.6114857937724,1.0,1,0,0,0.0
1455,1456,same_plane,944.6114857937656,944.611485793791,944.6114857937778,1.0,1,0,0,0.0
1456,1457,same_plane,944.6114857937658,944.6114857937911,944.6114857937788,1.0,1,0,0,0.0
1457,1458,same_plane,944.6114857937648,944.6114857937906,944.6114857937777,1.0,1,0,0,0.0
1458,1459,same_plane,944.6114857937655,944.6114857937918,944.6114857937787,1.0,1,0,0,0.0
1459,1460,same_plane,944.6114857937656,944.6114857937911,944.6114857937777,1.0,1,0,0,0.0
1460,1461,same_plane,944.6114857937652,944.6114857937666,944.611485793766,1.0,1,0,0,0.0
1461,1462,same_plane,944.6114857937657,944.6114857937912,944.611485793779,1.0,1,0,0,0.0
1462,1463,same_plane,944.6114857937649,944.611485793791,944.6114857937777,1.0,1,0,0,0.0
1463,1464,same_plane,944.6114857937647,944.6114857937669,944.6114857937661,1.0,1,0,0,0.0
1464,1465,same_plane,944.6114857937653,944.6114857937911,944.6114857937788,1.0,1,0,0,0.0
1465,1466,same_plane,944.6114857937661,944.6114857937921,944.6114857937778,1.0,1,0,0,0.0
1466,1467,same_plane,944.6114857937655,944.6114857937915,944.6114857937788,1.0,1,0,0,0.0
1467,1468,same_plane,944.6114857937649,944.6114857937911,944.6114857937777,1.0,1,0,0,0.0
1468,1469,same_plane,944.611485793765,944.6114857937669,944.6114857937661,1.0,1,0,0,0.0
1469,1470,same_plane,944.6114857937652,944.6114857937913,944.6114857937788,1.0,1,0,0,0.0
1470,1471,same_plane,944.6114857937649,944.6114857937919,944.6114857937777,1.0,1,0,0,0.0
1426,1471,same_plane,944.6114857937665,944.611485793781,944.611485793774,1.0,1,0,0,0.0
1472,1473,same_plane,944.6114857937661,944.611485793779,944.6114857937752,1.0,1,0,0,0.0
1473,1474,same_plane,944.6114857937657,944.611485793779,944.6114857937755,1.0,1,0,0,0.0
1474,1475,same_plane,944.6114857937657,944.6114857937912,944.6114857937782,1.0,1,0,0,0.0
1475,1476,same_plane,944.6114857937658,944.6114857937788,944.6114857937752,1.0,1,0,0,0.0
1476,1477,same_plane,944.6114857937656,944.6114857937791,944.6114857937749,1.0,1,0,0,0.0
1477,1478,same_plane,944.6114857937652,944.6114857937791,944.6114857937752,1.0,1,0,0,0.0
1478,1479,same_plane,944.6114857937658,944.6114857937789,944.6114857937755,1.0,1,0,0,0.0
1479,1480,same_plane,944.6114857937653,944.611485793779,944.6114857937717,1.0,1,0,0,0.0
1480,1481,same_plane,944.6114857937656,944.6114857937908,944.6114857937786,1.0,1,0,0,0.0
1481,1482,same_plane,944.6114857937656,944.6114857937918,944.6114857937779,1.0,1,0,0,0.0
1482,1483,same_plane,944.6114857937648,944.6114857937786,944.6114857937724,1.0,1,0,0,0.0
1483,1484,same_plane,944.6114857937658,944.6114857937911,944.6114857937782,1.0,1,0,0,0.0
1484,1485,same_plane,944.6114857937649,944.6114857937794,944.6114857937717,1.0,1,0,0,0.0
1485,1486,same_plane,944.6114857937657,944.611485793791,944.6114857937786,1.0,1,0,0,0.0
1486,1487,same_plane,944.6114857937655,944.6114857937911,944.6114857937779,1.0,1,0,0,0.0
1487,1488,same_plane,944.6114857937653,944.6114857937793,944.6114857937727,1.0,1,0,0,0.0
1488,1489,same_plane,944.6114857937655,944.6114857937911,944.6114857937779,1.0,1,0,0,0.0
1489,1490,same_plane,944.6114857937655,944.6114857937791,944.6114857937719,1.0,1,0,0,0.0
1490,1491,same_plane,944.6114857937654,944.6114857937908,944.6114857937786,1.0,1,0,0,0.0
1491,1492,same_plane,944.6114857937657,944.611485793791,944.6114857937777,1.0,1,0,0,0.0
1492,1493,same_plane,944.6114857937654,944.611485793779,944.6114857937728,1.0,1,0,0,0.0
1493,1494,same_plane,944.6114857937652,944.6114857937795,944.6114857937719,1.0,1,0,0,0.0
1494,1495,same_plane,944.6114857937656,944.6114857937908,944.6114857937779,1.0,1,0,0,0.0
1495,1496,same_plane,944.6114857937655,944.611485793791,944.6114857937786,1.0,1,0,0,0.0
1496,1497,same_plane,944.6114857937657,944.611485793791,944.6114857937781,1.0,1,0,0,0.0
1497,1498,same_plane,944.6114857937654,944.6114857937789,944.6114857937722,1.0,1,0,0,0.0
1498,1499,same_plane,944.6114857937647,944.6114857937788,944.6114857937724,1.0,1,0,0,0.0
1499,1500,same_plane,944.6114857937653,944.6114857937911,944.6114857937778,1.0,1,0,0,0.0
1500,1501,same_plane,944.6114857937655,944.611485793791,944.6114857937788,1.0,1,0,0,0.0
1501,1502,same_plane,944.6114857937657,944.6114857937911,944.6114857937779,1.0,1,0,0,0.0
1502,1503,same_plane,944.6114857937654,944.6114857937669,944.611485793766,1.0,1,0,0,0.0
1503,1504,same_plane,944.6114857937656,944.6114857937912,944.6114857937786,1.0,1,0,0,0.0
1504,1505,same_plane,944.6114857937655,944.6114857937911,944.6114857937777,1.0,1,0,0,0.0
1505,1506,same_plane,944.6114857937655,944.6114857937913,944.6114857937788,1.0,1,0,0,0.0
1506,1507,same_plane,944.6114857937655,944.6114857937911,944.6114857937779,1.0,1,0,0,0.0
1507,1508,same_plane,944.6114857937653,944.6114857937669,944.611485793766,1.0,1,0,0,0.0
1508,1509,same_plane,944.6114857937649,944.611485793791,944.6114857937787,1.0,1,0,0,0.0
1509,1510,same_plane,944.6114857937654,944.6114857937908,944.6114857937778,1.0,1,0,0,0.0
1510,1511,same_plane,944.6114857937656,944.6114857937907,944.6114857937787,1.0,1,0,0,0.0
1511,1512,same_plane,944.611485793766,944.6114857937906,944.6114857937777,1.0,1,0,0,0.0
1512,1513,same_plane,944.6114857937649,944.611485793767,944.611485793766,1.0,1,0,0,0.0
1513,1514,same_plane,944.6114857937654,944.6114857937912,944.6114857937788,1.0,1,0,0,0.0
1514,1515,same_plane,944.6114857937653,944.6114857937908,944.6114857937778,1.0,1,0,0,0.0
1515,1516,same_plane,944.6114857937646,944.6114857937671,944.6114857937661,1.0,1,0,0,0.0
1516,1517,same_plane,944.6114857937897,944.6114857937923,944.6114857937905,1.0,1,0,0,0.0
1472,1517,same_plane,944.6114857937613,944.6114857937742,944.6114857937677,1.0,1,0,0,0.0
1518,1519,same_plane,944.6114857937657,944.6114857937797,944.6114857937749,1.0,1,0,0,0.0
1519,1520,same_plane,944.6114857937654,944.6114857937904,944.6114857937783,1.0,1,0,0,0.0
1520,1521,same_plane,944.6114857937662,944.611485793779,944.611485793775,1.0,1,0,0,0.0
1521,1522,same_plane,944.6114857937654,944.6114857937788,944.6114857937754,1.0,1,0,0,0.0
1522,1523,same_plane,944.6114857937655,944.6114857937788,944.6114857937754,1.0,1,0,0,0.0
1523,1524,same_plane,944.6114857937654,944.611485793779,944.6114857937749,1.0,1,0,0,0.0
1524,1525,same_plane,944.6114857937655,944.6114857937911,944.6114857937786,1.0,1,0,0,0.0
1525,1526,same_plane,944.6114857937657,944.6114857937789,944.6114857937722,1.0,1,0,0,0.0
1526,1527,same_plane,944.6114857937649,944.6114857937789,944.6114857937717,1.0,1,0,0,0.0
1527,1528,same_plane,944.6114857937656,944.6114857937905,944.6114857937787,1.0,1,0,0,0.0
1528,1529,same_plane,944.6114857937658,944.6114857937907,944.6114857937779,1.0,1,0,0,0.0
1529,1530,same_plane,944.6114857937656,944.6114857937908,944.6114857937788,1.0,1,0,0,0.0
1530,1531,same_plane,944.6114857937652,944.611485793779,944.6114857937722,1.0,1,0,0,0.0
1531,1532,same_plane,944.6114857937652,944.611485793779,944.6114857937715,1.0,1,0,0,0.0
1532,1533,same_plane,944.6114857937652,944.6114857937911,944.6114857937786,1.0,1,0,0,0.0
1533,1534,same_plane,944.6114857937657,944.6114857937916,944.6114857937781,1.0,1,0,0,0.0
1534,1535,same_plane,944.6114857937655,944.6114857937911,944.6114857937786,1.0,1,0,0,0.0
1535,1536,same_plane,944.6114857937649,944.611485793772,944.6114857937663,1.0,1,0,0,0.0
1536,1537,same_plane,944.6114857937653,944.6114857937904,944.6114857937779,1.0,1,0,0,0.0
1537,1538,same_plane,944.6114857937658,944.6114857937912,944.6114857937786,1.0,1,0,0,0.0
1538,1539,same_plane,944.6114857937655,944.6114857937907,944.6114857937779,1.0,1,0,0,0.0
1539,1540,same_plane,944.611485793765,944.6114857937672,944.6114857937661,1.0,1,0,0,0.0
1540,1541,same_plane,944.6114857937656,944.6114857937913,944.6114857937786,1.0,1,0,0,0.0
1541,1542,same_plane,944.6114857937655,944.6114857937908,944.6114857937781,1.0,1,0,0,0.0
1542,1543,same_plane,944.6114857937655,944.611485793791,944.6114857937788,1.0,1,0,0,0.0
1543,1544,same_plane,944.6114857937656,944.611485793791,944.6114857937777,1.0,1,0,0,0.0
1544,1545,same_plane,944.6114857937647,944.6114857937675,944.6114857937661,1.0,1,0,0,0.0
1545,1546,same_plane,944.6114857937661,944.6114857937911,944.6114857937788,1.0,1,0,0,0.0
1546,1547,same_plane,944.6114857937655,944.6114857937908,944.6114857937778,1.0,1,0,0,0.0
1547,1548,same_plane,944.6114857937657,944.6114857937911,944.6114857937788,1.0,1,0,0,0.0
1548,1549,same_plane,944.6114857937655,944.6114857937794,944.6114857937719,1.0,1,0,0,0.0
1549,1550,same_plane,944.6114857937649,944.6114857937906,944.6114857937782,1.0,1,0,0,0.0
1550,1551,same_plane,944.6114857937658,944.6114857937914,944.6114857937782,1.0,1,0,0,0.0
1551,1552,same_plane,944.6114857937655,944.6114857937911,944.6114857937782,1.0,1,0,0,0.0
1552,1553,same_plane,944.6114857937652,944.6114857937791,944.6114857937724,1.0,1,0,0,0.0
1553,1554,same_plane,944.6114857937653,944.6114857937912,944.6114857937777,1.0,1,0,0,0.0
1554,1555,same_plane,944.6114857937653,944.611485793767,944.6114857937661,1.0,1,0,0,0.0
1555,1556,same_plane,944.6114857937657,944.6114857937915,944.6114857937788,1.0,1,0,0,0.0
1556,1557,same_plane,944.6114857937652,944.6114857937907,944.6114857937778,1.0,1,0,0,0.0
1557,1558,same_plane,944.6114857937653,944.611485793791,944.6114857937787,1.0,1,0,0,0.0
1558,1559,same_plane,944.6114857937653,944.6114857937913,944.6114857937778,1.0,1,0,0,0.0
1559,1560,same_plane,944.6114857937653,944.6114857937671,944.6114857937661,1.0,1,0,0,0.0
1560,1561,same_plane,944.611485793766,944.6114857937912,944.6114857937788,1.0,1,0,0,0.0
1561,1562,same_plane,944.6114857937655,944.6114857937906,944.6114857937778,1.0,1,0,0,0.0
1562,1563,same_plane,944.6114857937658,944.6114857937912,944.6114857937788,1.0,1,0,0,0.0
1518,1563,same_plane,944.6114857937645,944.6114857937806,944.6114857937705,1.0,1,0,0,0.0
1564,1565,same_plane,944.6114857937661,944.6114857937795,944.6114857937754,1.0,1,0,0,0.0
1565,1566,same_plane,944.6114857937644,944.6114857937791,944.6114857937746,1.0,1,0,0,0.0
1566,1567,same_plane,944.6114857937657,944.6114857937913,944.6114857937786,1.0,1,0,0,0.0
1567,1568,same_plane,944.6114857937653,944.6114857937793,944.611485793775,1.0,1,0,0,0.0
1568,1569,same_plane,944.6114857937656,944.611485793779,944.6114857937754,1.0,1,0,0,0.0
1569,1570,same_plane,944.6114857937655,944.611485793779,944.6114857937722,1.0,1,0,0,0.0
1570,1571,same_plane,944.6114857937656,944.6114857937919,944.6114857937781,1.0,1,0,0,0.0
1571,1572,same_plane,944.6114857937654,944.611485793791,944.6114857937786,1.0,1,0,0,0.0
1572,1573,same_plane,944.6114857937649,944.611485793779,944.6114857937722,1.0,1,0,0,0.0
1573,1574,same_plane,944.6114857937655,944.611485793791,944.6114857937786,1.0,1,0,0,0.0
1574,1575,same_plane,944.6114857937652,944.6114857937786,944.6114857937722,1.0,1,0,0,0.0
1575,1576,same_plane,944.6114857937656,944.6114857937906,944.6114857937778,1.0,1,0,0,0.0
1576,1577,same_plane,944.6114857937653,944.6114857937908,944.6114857937786,1.0,1,0,0,0.0
1577,1578,same_plane,944.6114857937649,944.6114857937788,944.6114857937722,1.0,1,0,0,0.0
1578,1579,same_plane,944.6114857937654,944.6114857937793,944.6114857937719,1.0,1,0,0,0.0
1579,1580,same_plane,944.6114857937648,944.6114857937911,944.6114857937786,1.0,1,0,0,0.0
1580,1581,same_plane,944.6114857937654,944.6114857937916,944.6114857937779,1.0,1,0,0,0.0
1581,1582,same_plane,944.6114857937652,944.6114857937793,944.6114857937727,1.0,1,0,0,0.0
1582,1583,same_plane,944.6114857937654,944.6114857937793,944.611485793772,1.0,1,0,0,0.0
1583,1584,same_plane,944.6114857937657,944.6114857937911,944.6114857937781,1.0,1,0,0,0.0
1584,1585,same_plane,944.6114857937654,944.6114857937915,944.6114857937787,1.0,1,0,0,0.0
1585,1586,same_plane,944.6114857937654,944.6114857937787,944.611485793772,1.0,1,0,0,0.0
1586,1587,same_plane,944.6114857937655,944.6114857937907,944.6114857937783,1.0,1,0,0,0.0
1587,1588,same_plane,944.6114857937653,944.6114857937793,944.6114857937723,1.0,1,0,0,0.0
1588,1589,same_plane,944.6114857937657,944.6114857937911,944.6114857937777,1.0,1,0,0,0.0
1589,1590,same_plane,944.6114857937652,944.611485793791,944.6114857937787,1.0,1,0,0,0.0
1590,1591,same_plane,944.6114857937652,944.6114857937791,944.611485793772,1.0,1,0,0,0.0
1591,1592,same_plane,944.6114857937655,944.6114857937908,944.6114857937783,1.0,1,0,0,0.0
1592,1593,same_plane,944.6114857937647,944.6114857937794,944.6114857937724,1.0,1,0,0,0.0
1593,1594,same_plane,944.6114857937655,944.6114857937912,944.6114857937777,1.0,1,0,0,0.0
1594,1595,same_plane,944.6114857937652,944.611485793792,944.6114857937788,1.0,1,0,0,0.0
1595,1596,same_plane,944.6114857937646,944.6114857937913,944.6114857937777,1.0,1,0,0,0.0
1596,1597,same_plane,944.6114857937649,944.6114857937913,944.6114857937788,1.0,1,0,0,0.0
1597,1598,same_plane,944.6114857937654,944.6114857937911,944.6114857937779,1.0,1,0,0,0.0
1598,1599,same_plane,944.6114857937648,944.6114857937673,944.6114857937661,1.0,1,0,0,0.0
1599,1600,same_plane,944.611485793766,944.6114857937913,944.6114857937788,1.0,1,0,0,0.0
1600,1601,same_plane,944.6114857937654,944.611485793791,944.6114857937779,1.0,1,0,0,0.0
1601,1602,same_plane,944.6114857937653,944.6114857937671,944.6114857937661,1.0,1,0,0,0.0
1602,1603,same_plane,944.6114857937652,944.6114857937912,944.6114857937787,1.0,1,0,0,0.0
1603,1604,same_plane,944.6114857937655,944.6114857937913,944.6114857937779,1.0,1,0,0,0.0
1604,1605,same_plane,944.6114857937658,944.6114857937907,944.6114857937787,1.0,1,0,0,0.0
1605,1606,same_plane,944.6114857937652,944.6114857937906,944.6114857937778,1.0,1,0,0,0.0
1606,1607,same_plane,944.6114857937652,944.6114857937669,944.6114857937661,1.0,1,0,0,0.0
1607,1608,same_plane,944.6114857937653,944.6114857937912,944.6114857937787,1.0,1,0,0,0.0
1608,1609,same_plane,944.6114857937652,944.6114857937914,944.6114857937778,1.0,1,0,0,0.0
1564,1609,same_plane,944.6114857937671,944.6114857937808,944.611485793774,1.0,1,0,0,0.0
1610,1611,same_plane,944.611485793766,944.6114857937795,944.6114857937754,1.0,1,0,0,0.0
1611,1612,same_plane,944.6114857937653,944.611485793779,944.6114857937756,1.0,1,0,0,0.0
1612,1613,same_plane,944.6114857937654,944.6114857937908,944.6114857937779,1.0,1,0,0,0.0
1613,1614,same_plane,944.6114857937656,944.611485793779,944.6114857937752,1.0,1,0,0,0.0
1614,1615,same_plane,944.6114857937649,944.6114857937788,944.6114857937747,1.0,1,0,0,0.0
1615,1616,same_plane,944.6114857937658,944.6114857937912,944.6114857937786,1.0,1,0,0,0.0
1616,1617,same_plane,944.6114857937649,944.6114857937788,944.6114857937722,1.0,1,0,0,0.0
1617,1618,same_plane,944.6114857937653,944.6114857937791,944.6114857937717,1.0,1,0,0,0.0
1618,1619,same_plane,944.6114857937654,944.611485793791,944.6114857937788,1.0,1,0,0,0.0
1619,1620,same_plane,944.6114857937658,944.6114857937908,944.6114857937777,1.0,1,0,0,0.0
1620,1621,same_plane,944.6114857937654,944.6114857937791,944.6114857937724,1.0,1,0,0,0.0
1621,1622,same_plane,944.6114857937656,944.611485793791,944.6114857937783,1.0,1,0,0,0.0
1622,1623,same_plane,944.6114857937652,944.6114857937788,944.6114857937717,1.0,1,0,0,0.0
1623,1624,same_plane,944.6114857937652,944.6114857937906,944.6114857937786,1.0,1,0,0,0.0
1624,1625,same_plane,944.6114857937657,944.6114857937912,944.6114857937779,1.0,1,0,0,0.0
1625,1626,same_plane,944.6114857937654,944.6114857937793,944.6114857937728,1.0,1,0,0,0.0
1626,1627,same_plane,944.6114857937654,944.6114857937907,944.6114857937779,1.0,1,0,0,0.0
1627,1628,same_plane,944.6114857937649,944.611485793779,944.6114857937719,1.0,1,0,0,0.0
1628,1629,same_plane,944.6114857937653,944.6114857937915,944.6114857937786,1.0,1,0,0,0.0
1629,1630,same_plane,944.6114857937653,944.611485793791,944.6114857937779,1.0,1,0,0,0.0
1630,1631,same_plane,944.611485793765,944.6114857937791,944.6114857937724,1.0,1,0,0,0.0
1631,1632,same_plane,944.6114857937654,944.6114857937788,944.6114857937722,1.0,1,0,0,0.0
1632,1633,same_plane,944.6114857937653,944.6114857937911,944.6114857937779,1.0,1,0,0,0.0
1633,1634,same_plane,944.6114857937658,944.6114857937911,944.6114857937788,1.0,1,0,0,0.0
1634,1635,same_plane,944.6114857937655,944.6114857937906,944.6114857937777,1.0,1,0,0,0.0
1635,1636,same_plane,944.6114857937654,944.6114857937793,944.6114857937723,1.0,1,0,0,0.0
1636,1637,same_plane,944.6114857937654,944.6114857937793,944.6114857937724,1.0,1,0,0,0.0
1637,1638,same_plane,944.6114857937654,944.6114857937911,944.6114857937777,1.0,1,0,0,0.0
1638,1639,same_plane,944.6114857937654,944.611485793791,944.6114857937788,1.0,1,0,0,0.0
1639,1640,same_plane,944.6114857937655,944.6114857937916,944.6114857937777,1.0,1,0,0,0.0
1640,1641,same_plane,944.6114857937648,944.611485793767,944.6114857937661,1.0,1,0,0,0.0
1641,1642,same_plane,944.6114857937657,944.611485793791,944.6114857937788,1.0,1,0,0,0.0
1642,1643,same_plane,944.6114857937654,944.611485793791,944.6114857937779,1.0,1,0,0,0.0
1643,1644,same_plane,944.6114857937656,944.6114857937911,944.6114857937788,1.0,1,0,0,0.0
1644,1645,same_plane,944.6114857937654,944.6114857937915,944.6114857937778,1.0,1,0,0,0.0
1645,1646,same_plane,944.6114857937647,944.611485793767,944.6114857937658,1.0,1,0,0,0.0
1646,1647,same_plane,944.6114857937653,944.6114857937915,944.6114857937788,1.0,1,0,0,0.0
1647,1648,same_plane,944.6114857937653,944.6114857937911,944.6114857937777,1.0,1,0,0,0.0
1648,1649,same_plane,944.6114857937654,944.6114857937912,944.6114857937788,1.0,1,0,0,0.0
1649,1650,same_plane,944.6114857937654,944.6114857937907,944.6114857937777,1.0,1,0,0,0.0
1650,1651,same_plane,944.6114857937654,944.611485793767,944.6114857937661,1.0,1,0,0,0.0
1651,1652,same_plane,944.6114857937655,944.6114857937907,944.6114857937787,1.0,1,0,0,0.0
1652,1653,same_plane,944.6114857937649,944.6114857937913,944.6114857937778,1.0,1,0,0,0.0
1653,1654,same_plane,944.6114857937653,944.611485793767,944.6114857937661,1.0,1,0,0,0.0
1654,1655,same_plane,944.6114857937896,944.6114857937916,944.6114857937904,1.0,1,0,0,0.0
1610,1655,same_plane,944.6114857937611,944.6114857937744,944.6114857937674,1.0,1,0,0,0.0
1656,1657,same_plane,944.6114857937655,944.6114857937791,944.6114857937752,1.0,1,0,0,0.0
1657,1658,same_plane,944.6114857937656,944.611485793779,944.6114857937746,1.0,1,0,0,0.0
1658,1659,same_plane,944.611485793766,944.6114857937904,944.6114857937782,1.0,1,0,0,0.0
1659,1660,same_plane,944.6114857937654,944.6114857937793,944.6114857937724,1.0,1,0,0,0.0
1660,1661,same_plane,944.6114857937657,944.611485793791,944.6114857937782,1.0,1,0,0,0.0
1661,1662,same_plane,944.6114857937654,944.6114857937791,944.6114857937717,1.0,1,0,0,0.0
1662,1663,same_plane,944.6114857937655,944.6114857937908,944.6114857937787,1.0,1,0,0,0.0
1663,1664,same_plane,944.6114857937655,944.6114857937908,944.6114857937778,1.0,1,0,0,0.0
1664,1665,same_plane,944.6114857937649,944.6114857937794,944.6114857937727,1.0,1,0,0,0.0
1665,1666,same_plane,944.6114857937658,944.6114857937914,944.6114857937783,1.0,1,0,0,0.0
1666,1667,same_plane,944.6114857937653,944.6114857937788,944.6114857937717,1.0,1,0,0,0.0
1667,1668,same_plane,944.6114857937653,944.6114857937914,944.6114857937786,1.0,1,0,0,0.0
1668,1669,same_plane,944.6114857937657,944.611485793791,944.6114857937781,1.0,1,0,0,0.0
1669,1670,same_plane,944.6114857937652,944.6114857937791,944.6114857937728,1.0,1,0,0,0.0
1670,1671,same_plane,944.6114857937649,944.6114857937789,944.6114857937719,1.0,1,0,0,0.0
1671,1672,same_plane,944.6114857937656,944.6114857937908,944.6114857937779,1.0,1,0,0,0.0
1672,1673,same_plane,944.6114857937658,944.611485793791,944.6114857937788,1.0,1,0,0,0.0
1673,1674,same_plane,944.6114857937654,944.6114857937794,944.6114857937722,1.0,1,0,0,0.0
1674,1675,same_plane,944.6114857937653,944.6114857937794,944.6114857937717,1.0,1,0,0,0.0
1675,1676,same_plane,944.6114857937654,944.6114857937912,944.6114857937786,1.0,1,0,0,0.0
1676,1677,same_plane,944.6114857937654,944.611485793791,944.6114857937781,1.0,1,0,0,0.0
1677,1678,same_plane,944.6114857937652,944.6114857937788,944.6114857937723,1.0,1,0,0,0.0
1678,1679,same_plane,944.6114857937654,944.6114857937913,944.6114857937783,1.0,1,0,0,0.0
1679,1680,same_plane,944.6114857937653,944.6114857937787,944.6114857937717,1.0,1,0,0,0.0
1680,1681,same_plane,944.6114857937648,944.6114857937911,944.6114857937787,1.0,1,0,0,0.0
1681,1682,same_plane,944.6114857937649,944.6114857937911,944.6114857937778,1.0,1,0,0,0.0
1682,1683,same_plane,944.6114857937649,944.6114857937788,944.6114857937724,1.0,1,0,0,0.0
1683,1684,same_plane,944.6114857937648,944.6114857937916,944.6114857937782,1.0,1,0,0,0.0
1684,1685,same_plane,944.611485793765,944.6114857937794,944.6114857937717,1.0,1,0,0,0.0
1685,1686,same_plane,944.6114857937656,944.6114857937911,944.6114857937787,1.0,1,0,0,0.0
1686,1687,same_plane,944.6114857937653,944.6114857937911,944.6114857937778,1.0,1,0,0,0.0
1687,1688,same_plane,944.6114857937653,944.611485793791,944.6114857937788,1.0,1,0,0,0.0
1688,1689,same_plane,944.6114857937652,944.6114857937911,944.6114857937777,1.0,1,0,0,0.0
1689,1690,same_plane,944.6114857937656,944.6114857937915,944.6114857937788,1.0,1,0,0,0.0
1690,1691,same_plane,944.6114857937646,944.611485793767,944.6114857937661,1.0,1,0,0,0.0
1691,1692,same_plane,944.6114857937656,944.6114857937905,944.6114857937777,1.0,1,0,0,0.0
1692,1693,same_plane,944.6114857937654,944.6114857937908,944.6114857937787,1.0,1,0,0,0.0
1693,1694,same_plane,944.611485793765,944.6114857937673,944.6114857937661,1.0,1,0,0,0.0
1694,1695,same_plane,944.6114857937652,944.6114857937912,944.6114857937778,1.0,1,0,0,0.0
1695,1696,same_plane,944.6114857937657,944.6114857937912,944.6114857937788,1.0,1,0,0,0.0
1696,1697,same_plane,944.6114857937652,944.6114857937908,944.6114857937777,1.0,1,0,0,0.0
1697,1698,same_plane,944.6114857937655,944.6114857937911,944.6114857937788,1.0,1,0,0,0.0
1698,1699,same_plane,944.6114857937652,944.6114857937674,944.6114857937661,1.0,1,0,0,0.0
1699,1700,same_plane,944.6114857937656,944.6114857937916,944.6114857937779,1.0,1,0,0,0.0
1700,1701,same_plane,944.6114857937653,944.611485793791,944.6114857937786,1.0,1,0,0,0.0
1656,1701,same_plane,944.6114857937671,944.6114857937806,944.6114857937736,1.0,1,0,0,0.0
1702,1703,same_plane,944.6114857937656,944.6114857937793,944.6114857937752,1.0,1,0,0,0.0
1703,1704,same_plane,944.6114857937658,944.6114857937791,944.6114857937749,1.0,1,0,0,0.0
1704,1705,same_plane,944.6114857937655,944.6114857937908,944.6114857937783,1.0,1,0,0,0.0
1705,1706,same_plane,944.6114857937649,944.6114857937791,944.6114857937722,1.0,1,0,0,0.0
1706,1707,same_plane,944.6114857937658,944.6114857937911,944.6114857937783,1.0,1,0,0,0.0
1707,1708,same_plane,944.6114857937655,944.6114857937793,944.611485793772,1.0,1,0,0,0.0
1708,1709,same_plane,944.6114857937648,944.6114857937912,944.6114857937778,1.0,1,0,0,0.0
1709,1710,same_plane,944.6114857937661,944.6114857937911,944.6114857937788,1.0,1,0,0,0.0
1710,1711,same_plane,944.6114857937648,944.6114857937789,944.6114857937722,1.0,1,0,0,0.0
1711,1712,same_plane,944.6114857937655,944.6114857937913,944.6114857937783,1.0,1,0,0,0.0
1712,1713,same_plane,944.6114857937655,944.6114857937791,944.611485793772,1.0,1,0,0,0.0
1713,1714,same_plane,944.6114857937655,944.611485793791,944.6114857937779,1.0,1,0,0,0.0
1714,1715,same_plane,944.6114857937655,944.6114857937912,944.6114857937786,1.0,1,0,0,0.0
1715,1716,same_plane,944.6114857937652,944.611485793779,944.6114857937722,1.0,1,0,0,0.0
1716,1717,same_plane,944.6114857937652,944.6114857937791,944.6114857937719,1.0,1,0,0,0.0
1717,1718,same_plane,944.6114857937658,944.6114857937911,944.6114857937787,1.0,1,0,0,0.0
1718,1719,same_plane,944.6114857937653,944.6114857937912,944.6114857937779,1.0,1,0,0,0.0
1719,1720,same_plane,944.611485793765,944.6114857937791,944.6114857937724,1.0,1,0,0,0.0
1720,1721,same_plane,944.6114857937652,944.6114857937787,944.611485793772,1.0,1,0,0,0.0
1721,1722,same_plane,944.6114857937658,944.6114857937912,944.6114857937782,1.0,1,0,0,0.0
1722,1723,same_plane,944.6114857937656,944.6114857937907,944.6114857937786,1.0,1,0,0,0.0
1723,1724,same_plane,944.6114857937655,944.6114857937791,944.6114857937722,1.0,1,0,0,0.0
1724,1725,same_plane,944.6114857937654,944.6114857937913,944.6114857937781,1.0,1,0,0,0.0
1725,1726,same_plane,944.611485793765,944.6114857937789,944.6114857937724,1.0,1,0,0,0.0
1726,1727,same_plane,944.611485793766,944.611485793791,944.6114857937778,1.0,1,0,0,0.0
1727,1728,same_plane,944.611485793766,944.6114857937911,944.6114857937788,1.0,1,0,0,0.0
1728,1729,same_plane,944.6114857937654,944.6114857937789,944.611485793772,1.0,1,0,0,0.0
1729,1730,same_plane,944.6114857937654,944.611485793791,944.6114857937782,1.0,1,0,0,0.0
1730,1731,same_plane,944.6114857937653,944.611485793779,944.6114857937724,1.0,1,0,0,0.0
1731,1732,same_plane,944.6114857937654,944.6114857937907,944.6114857937778,1.0,1,0,0,0.0
1732,1733,same_plane,944.6114857937655,944.611485793791,944.6114857937788,1.0,1,0,0,0.0
1733,1734,same_plane,944.6114857937656,944.6114857937913,944.6114857937779,1.0,1,0,0,0.0
1734,1735,same_plane,944.6114857937647,944.611485793791,944.6114857937788,1.0,1,0,0,0.0
1735,1736,same_plane,944.6114857937654,944.6114857937911,944.6114857937778,1.0,1,0,0,0.0
1736,1737,same_plane,944.6114857937653,944.6114857937667,944.611485793766,1.0,1,0,0,0.0
1737,1738,same_plane,944.6114857937654,944.6114857937911,944.6114857937787,1.0,1,0,0,0.0
1738,1739,same_plane,944.6114857937654,944.6114857937913,944.6114857937778,1.0,1,0,0,0.0
1739,1740,same_plane,944.6114857937647,944.6114857937671,944.6114857937661,1.0,1,0,0,0.0
1740,1741,same_plane,944.611485793766,944.6114857937915,944.6114857937788,1.0,1,0,0,0.0
1741,1742,same_plane,944.6114857937654,944.6114857937908,944.6114857937778,1.0,1,0,0,0.0
1742,1743,same_plane,944.6114857937655,944.6114857937908,944.6114857937787,1.0,1,0,0,0.0
1743,1744,same_plane,944.6114857937656,944.611485793791,944.6114857937778,1.0,1,0,0,0.0
1744,1745,same_plane,944.6114857937654,944.6114857937671,944.6114857937661,1.0,1,0,0,0.0
1745,1746,same_plane,944.6114857937656,944.611485793791,944.6114857937788,1.0,1,0,0,0.0
1746,1747,same_plane,944.6114857937656,944.6114857937911,944.6114857937778,1.0,1,0,0,0.0
1702,1747,same_plane,944.6114857937669,944.6114857937806,944.611485793774,1.0,1,0,0,0.0
1748,1749,same_plane,944.6114857937652,944.6114857937791,944.6114857937752,1.0,1,0,0,0.0
1749,1750,same_plane,944.6114857937656,944.6114857937788,944.6114857937755,1.0,1,0,0,0.0
1750,1751,same_plane,944.6114857937657,944.6114857937907,944.6114857937782,1.0,1,0,0,0.0
1751,1752,same_plane,944.6114857937646,944.6114857937788,944.6114857937722,1.0,1,0,0,0.0
1752,1753,same_plane,944.6114857937656,944.6114857937906,944.6114857937779,1.0,1,0,0,0.0
1753,1754,same_plane,944.6114857937662,944.6114857937908,944.6114857937788,1.0,1,0,0,0.0
1754,1755,same_plane,944.6114857937658,944.6114857937788,944.6114857937722,1.0,1,0,0,0.0
1755,1756,same_plane,944.6114857937656,944.6114857937789,944.6114857937715,1.0,1,0,0,0.0
1756,1757,same_plane,944.6114857937654,944.611485793791,944.6114857937788,1.0,1,0,0,0.0
1757,1758,same_plane,944.6114857937652,944.6114857937912,944.6114857937779,1.0,1,0,0,0.0
1758,1759,same_plane,944.6114857937656,944.6114857937788,944.6114857937724,1.0,1,0,0,0.0
1759,1760,same_plane,944.6114857937654,944.611485793791,944.6114857937779,1.0,1,0,0,0.0
1760,1761,same_plane,944.6114857937649,944.6114857937796,944.6114857937719,1.0,1,0,0,0.0
1761,1762,same_plane,944.6114857937648,944.6114857937914,944.6114857937786,1.0,1,0,0,0.0
1762,1763,same_plane,944.6114857937652,944.6114857937916,944.6114857937778,1.0,1,0,0,0.0
1763,1764,same_plane,944.6114857937656,944.6114857937793,944.6114857937729,1.0,1,0,0,0.0
1764,1765,same_plane,944.6114857937654,944.611485793791,944.6114857937782,1.0,1,0,0,0.0
1765,1766,same_plane,944.6114857937649,944.6114857937791,944.6114857937719,1.0,1,0,0,0.0
1766,1767,same_plane,944.611485793765,944.6114857937916,944.6114857937787,1.0,1,0,0,0.0
1767,1768,same_plane,944.6114857937649,944.6114857937911,944.6114857937779,1.0,1,0,0,0.0
1768,1769,same_plane,944.6114857937646,944.6114857937795,944.6114857937724,1.0,1,0,0,0.0
1769,1770,same_plane,944.6114857937656,944.6114857937794,944.6114857937723,1.0,1,0,0,0.0
1770,1771,same_plane,944.6114857937656,944.6114857937906,944.6114857937778,1.0,1,0,0,0.0
1771,1772,same_plane,944.6114857937657,944.6114857937908,944.6114857937788,1.0,1,0,0,0.0
1772,1773,same_plane,944.6114857937656,944.611485793791,944.6114857937778,1.0,1,0,0,0.0
1773,1774,same_plane,944.611485793765,944.611485793779,944.6114857937724,1.0,1,0,0,0.0
1774,1775,same_plane,944.6114857937644,944.6114857937791,944.6114857937724,1.0,1,0,0,0.0
1775,1776,same_plane,944.6114857937654,944.6114857937911,944.6114857937777,1.0,1,0,0,0.0
1776,1777,same_plane,944.6114857937655,944.6114857937912,944.6114857937788,1.0,1,0,0,0.0
1777,1778,same_plane,944.6114857937654,944.6114857937907,944.6114857937779,1.0,1,0,0,0.0
1778,1779,same_plane,944.6114857937649,944.6114857937721,944.6114857937661,1.0,1,0,0,0.0
1779,1780,same_plane,944.6114857937654,944.6114857937907,944.6114857937788,1.0,1,0,0,0.0
1780,1781,same_plane,944.6114857937657,944.6114857937908,944.6114857937778,1.0,1,0,0,0.0
1781,1782,same_plane,944.6114857937656,944.6114857937911,944.6114857937788,1.0,1,0,0,0.0
1782,1783,same_plane,944.6114857937654,944.6114857937913,944.6114857937778,1.0,1,0,0,0.0
1783,1784,same_plane,944.6114857937648,944.6114857937669,944.611485793766,1.0,1,0,0,0.0
1784,1785,same_plane,944.6114857937654,944.6114857937912,944.6114857937787,1.0,1,0,0,0.0
1785,1786,same_plane,944.6114857937655,944.6114857937911,944.6114857937779,1.0,1,0,0,0.0
1786,1787,same_plane,944.6114857937653,944.6114857937911,944.6114857937787,1.0,1,0,0,0.0
1787,1788,same_plane,944.6114857937653,944.6114857937911,944.6114857937777,1.0,1,0,0,0.0
1788,1789,same_plane,944.6114857937652,944.611485793767,944.6114857937661,1.0,1,0,0,0.0
1789,1790,same_plane,944.6114857937655,944.6114857937911,944.6114857937788,1.0,1,0,0,0.0
1790,1791,same_plane,944.6114857937652,944.6114857937913,944.6114857937777,1.0,1,0,0,0.0
1791,1792,same_plane,944.6114857937654,944.611485793767,944.6114857937661,1.0,1,0,0,0.0
1792,1793,same_plane,944.6114857937895,944.6114857937916,944.6114857937905,1.0,1,0,0,0.0
1748,1793,same_plane,944.611485793761,944.6114857937742,944.6114857937678,1.0,1,0,0,0.0
1794,1795,same_plane,944.611485793766,944.611485793779,944.6114857937752,1.0,1,0,0,0.0
1795,1796,same_plane,944.6114857937653,944.6114857937794,944.611485793775,1.0,1,0,0,0.0
1796,1797,same_plane,944.6114857937654,944.6114857937907,944.6114857937779,1.0,1,0,0,0.0
1797,1798,same_plane,944.6114857937649,944.6114857937789,944.6114857937727,1.0,1,0,0,0.0
1798,1799,same_plane,944.6114857937658,944.6114857937907,944.6114857937781,1.0,1,0,0,0.0
1799,1800,same_plane,944.611485793765,944.6114857937788,944.6114857937715,1.0,1,0,0,0.0
1800,1801,same_plane,944.6114857937654,944.6114857937911,944.6114857937786,1.0,1,0,0,0.0
1801,1802,same_plane,944.6114857937657,944.6114857937911,944.6114857937779,1.0,1,0,0,0.0
1802,1803,same_plane,944.6114857937655,944.6114857937786,944.6114857937724,1.0,1,0,0,0.0
1803,1804,same_plane,944.6114857937648,944.6114857937908,944.6114857937781,1.0,1,0,0,0.0
1804,1805,same_plane,944.6114857937653,944.6114857937793,944.6114857937719,1.0,1,0,0,0.0
1805,1806,same_plane,944.6114857937658,944.6114857937912,944.6114857937786,1.0,1,0,0,0.0
1806,1807,same_plane,944.6114857937656,944.6114857937906,944.6114857937781,1.0,1,0,0,0.0
1807,1808,same_plane,944.6114857937648,944.6114857937787,944.6114857937727,1.0,1,0,0,0.0
1808,1809,same_plane,944.6114857937649,944.611485793779,944.611485793772,1.0,1,0,0,0.0
1809,1810,same_plane,944.611485793765,944.6114857937908,944.6114857937779,1.0,1,0,0,0.0
1810,1811,same_plane,944.6114857937652,944.6114857937911,944.6114857937783,1.0,1,0,0,0.0
1811,1812,same_plane,944.6114857937654,944.6114857937791,944.6114857937722,1.0,1,0,0,0.0
1812,1813,same_plane,944.6114857937648,944.6114857937795,944.6114857937722,1.0,1,0,0,0.0
1813,1814,same_plane,944.6114857937656,944.6114857937908,944.6114857937786,1.0,1,0,0,0.0
1814,1815,same_plane,944.611485793766,944.6114857937911,944.6114857937779,1.0,1,0,0,0.0
1815,1816,same_plane,944.6114857937654,944.6114857937789,944.6114857937724,1.0,1,0,0,0.0
1816,1817,same_plane,944.6114857937658,944.6114857937907,944.6114857937782,1.0,1,0,0,0.0
1817,1818,same_plane,944.6114857937649,944.6114857937788,944.6114857937717,1.0,1,0,0,0.0
1818,1819,same_plane,944.6114857937657,944.6114857937918,944.611485793779,1.0,1,0,0,0.0
1819,1820,same_plane,944.6114857937649,944.6114857937907,944.6114857937777,1.0,1,0,0,0.0
1820,1821,same_plane,944.6114857937654,944.6114857937791,944.6114857937723,1.0,1,0,0,0.0
1821,1822,same_plane,944.6114857937653,944.611485793791,944.6114857937781,1.0,1,0,0,0.0
1822,1823,same_plane,944.611485793765,944.611485793779,944.611485793772,1.0,1,0,0,0.0
1823,1824,same_plane,944.6114857937656,944.611485793791,944.6114857937788,1.0,1,0,0,0.0
1824,1825,same_plane,944.6114857937658,944.6114857937913,944.6114857937777,1.0,1,0,0,0.0
1825,1826,same_plane,944.6114857937653,944.6114857937911,944.6114857937788,1.0,1,0,0,0.0
1826,1827,same_plane,944.6114857937654,944.6114857937906,944.6114857937774,1.0,1,0,0,0.0
1827,1828,same_plane,944.6114857937657,944.611485793791,944.6114857937788,1.0,1,0,0,0.0
1828,1829,same_plane,944.6114857937649,944.6114857937667,944.611485793766,1.0,1,0,0,0.0
1829,1830,same_plane,944.6114857937654,944.611485793791,944.6114857937779,1.0,1,0,0,0.0
1830,1831,same_plane,944.6114857937654,944.6114857937911,944.6114857937787,1.0,1,0,0,0.0
1831,1832,same_plane,944.6114857937653,944.6114857937677,944.6114857937661,1.0,1,0,0,0.0
1832,1833,same_plane,944.611485793765,944.6114857937912,944.6114857937777,1.0,1,0,0,0.0
1833,1834,same_plane,944.6114857937656,944.6114857937908,944.6114857937787,1.0,1,0,0,0.0
1834,1835,same_plane,944.6114857937658,944.6114857937908,944.6114857937778,1.0,1,0,0,0.0
1835,1836,same_plane,944.6114857937656,944.6114857937912,944.6114857937787,1.0,1,0,0,0.0
1836,1837,same_plane,944.6114857937648,944.6114857937669,944.6114857937661,1.0,1,0,0,0.0
1837,1838,same_plane,944.611485793766,944.6114857937908,944.6114857937777,1.0,1,0,0,0.0
1838,1839,same_plane,944.6114857937654,944.6114857937908,944.6114857937788,1.0,1,0,0,0.0
1794,1839,same_plane,944.6114857937673,944.6114857937807,944.6114857937733,1.0,1,0,0,0.0
0,91,cross_plane,412.74949387515,930.5428116029632,697.5898075151899,1.0,1,0,0,0.0
1,46,cross_plane,412.3257314909035,930.6999904450021,697.5508674047727,1.0,1,0,0,0.0
2,47,cross_plane,411.9439050724706,930.8383653800371,697.4405765131978,1.0,1,0,0,0.0
3,48,cross_plane,411.60416969345687,930.9579309092359,697.2622931777933,1.0,1,0,0,0.0
4,49,cross_plane,411.3066637869261,931.0586822822011,697.0217265121728,1.0,1,0,0,0.0
5,50,cross_plane,411.0515089312482,931.1406154967319,696.7272482328423,1.0,1,0,0,0.0
6,51,cross_plane,410.8388096609487,931.2037272986109,696.3904836759062,1.0,1,0,0,0.0
7,52,cross_plane,410.66865330327414,931.2480151814706,696.0273883822618,1.0,1,0,0,0.0
8,53,cross_plane,410.5411098410882,931.2734773866417,695.660106277221,1.0,1,0,0,0.0
9,54,cross_plane,410.45623180262754,931.2801129030809,695.3197523184899,1.0,1,0,0,0.0
10,55,cross_plane,410.41405417853105,931.2679214673032,695.0488589331898,1.0,1,0,0,0.0
11,56,cross_plane,410.41459436647534,931.2684618180589,694.897569793492,1.0,1,0,0,0.0
12,57,cross_plane,410.45785214357306,931.2801771358443,694.9036775742303,1.0,1,0,0,0.0
13,58,cross_plane,410.5438096668195,931.2730654988748,695.0654832269411,1.0,1,0,0,0.0
14,59,cross_plane,410.67243150123846,931.2471271895239,695.3432346635985,1.0,1,0,0,0.0
15,60,cross_plane,410.8436646760519,931.2023632377447,695.6869053178025,1.0,1,0,0,0.0
16,61,cross_plane,411.05743876827665,931.1387754211124,696.0548168206178,1.0,1,0,0,0.0
17,62,cross_plane,411.31366601371633,931.056366264912,696.4166272055166,1.0,1,0,0,0.0
18,63,cross_plane,411.61224144470674,930.9551390422716,696.7507377076239,1.0,1,0,0,0.0
19,64,cross_plane,411.95304305417704,930.8350977743055,697.0415667686788,1.0,1,0,0,0.0
20,65,cross_plane,412.3359319854935,930.6962472303392,697.2777601317445,1.0,1,0,0,0.0
21,66,cross_plane,412.7607527472318,930.538592928134,697.4511597411238,1.0,1,0,0,0.0
22,67,cross_plane,413.215020749427,930.3621411341569,697.5562392822713,1.0,1,0,0,0.0
23,68,cross_plane,412.74949387515164,930.5428116029555,697.5898075151841,1.0,1,0,0,0.0
24,69,cross_plane,412.3257314909036,930.6999904450047,697.5508674047719,1.0,1,0,0,0.0
25,70,cross_plane,411.9439050724645,930.8383653800346,697.4405765131954,1.0,1,0,0,0.0
26,71,cross_plane,411.60416969346295,930.9579309092388,697.2622931777928,1.0,1,0,0,0.0
27,72,cross_plane,411.3066637869323,931.0586822822038,697.0217265121745,1.0,1,0,0,0.0
28,73,cross_plane,411.05150893124835,931.1406154967317,696.7272482328393,1.0,1,0,0,0.0
29,74,cross_plane,410.83880966094875,931.203727298608,696.3904836759053,1.0,1,0,0,0.0
30,75,cross_plane,410.6686533032741,931.2480151814681,696.0273883822605,1.0,1,0,0,0.0
31,76,cross_plane,410.5411098410944,931.2734773866443,695.6601062772241,1.0,1,0,0,0.0
32,77,cross_plane,410.45623180263357,931.2801129030807,695.319752318489,1.0,1,0,0,0.0
33,78,cross_plane,410.414054178525,931.2679214673084,695.0488589331911,1.0,1,0,0,0.0
34,79,cross_plane,410.4145943664754,931.2684618180577,694.8975697934897,1.0,1,0,0,0.0
35,80,cross_plane,410.45785214358506,931.2801771358485,694.9036775742356,1.0,1,0,0,0.0
36,81,cross_plane,410.5438096668256,931.2730654988775,695.0654832269441,1.0,1,0,0,0.0
37,82,cross_plane,410.6724315012449,931.2471271895266,695.3432346635973,1.0,1,0,0,0.0
38,83,cross_plane,410.843664676052,931.2023632377474,695.6869053178065,1.0,1,0,0,0.0
39,84,cross_plane,411.0574387682707,931.1387754211125,696.0548168206177,1.0,1,0,0,0.0
40,85,cross_plane,411.3136660137227,931.0563662649133,696.4166272055182,1.0,1,0,0,0.0
41,86,cross_plane,411.6122414447127,930.9551390422729,696.7507377076254,1.0,1,0,0,0.0
42,87,cross_plane,411.9530430541772,930.8350977743055,697.0415667686793,1.0,1,0,0,0.0
43,88,cross_plane,412.33593198550585,930.6962472303434,697.2777601317503,1.0,1,0,0,0.0
44,89,cross_plane,412.76075274723814,930.538592928137,697.4511597411278,1.0,1,0,0,0.0
45,90,cross_plane,413.21502074942083,930.3621411341527,697.5562392822653,1.0,1,0,0,0.0
46,137,cross_plane,411.01560880124623,930.8235193951954,697.5701357336279,1.0,1,0,0,0.0
47,92,cross_plane,411.26416164626744,930.6829975026142,697.4809994179608,1.0,1,0,0,0.0
48,93,cross_plane,411.55508293796663,930.5236723783805,697.3226255751943,1.0,1,0,0,0.0
49,94,cross_plane,411.8882537391583,930.345550355521,697.0999943419525,1.0,1,0,0,0.0
50,95,cross_plane,412.2635382268543,930.1486385161119,696.8206323735784,1.0,1,0,0,0.0
51,96,cross_plane,412.6807839025826,930.1348187641076,696.4951030768879,1.0,1,0,0,0.0
52,97,cross_plane,413.1398218270308,930.3329851962854,696.137909556559,1.0,1,0,0,0.0
53,98,cross_plane,412.83063899208537,930.5123623115761,695.7690860103543,1.0,1,0,0,0.0
54,99,cross_plane,412.39930635785294,930.6729429778658,695.41672806655,1.0,1,0,0,0.0
55,100,cross_plane,412.0098798698812,930.8147208121186,695.1198691001897,1.0,1,0,0,0.0
56,101,cross_plane,411.66251758801883,930.9376901800478,694.9275832563949,1.0,1,0,0,0.0
57,102,cross_plane,410.6555922058455,931.0418461958589,694.8844959673143,1.0,1,0,0,0.0
58,103,cross_plane,410.53183860535603,931.1271847219729,695.0024965209517,1.0,1,0,0,0.0
59,104,cross_plane,410.4507542493074,931.1937023688542,695.2507881598534,1.0,1,0,0,0.0
60,105,cross_plane,410.4123725666621,931.2413964948232,695.5795948106893,1.0,1,0,0,0.0
61,106,cross_plane,410.41670938982514,931.2702652059207,695.9439007346433,1.0,1,0,0,0.0
62,107,cross_plane,410.4637629295876,931.2803073558287,696.3101467896564,1.0,1,0,0,0.0
63,108,cross_plane,410.4185208046057,931.2715225458052,696.65443415837,1.0,1,0,0,0.0
64,109,cross_plane,410.4113309273406,931.2643304888985,696.9596068075851,1.0,1,0,0,0.0
65,110,cross_plane,410.4468599856354,931.2794524190691,697.2131788292609,1.0,1,0,0,0.0
66,111,cross_plane,410.5250933234498,931.2757474232544,697.4061090368269,1.0,1,0,0,0.0
67,112,cross_plane,410.64599868566887,931.2532156485735,697.5321221196142,1.0,1,0,0,0.0
68,113,cross_plane,410.80952626910516,931.211857989702,697.5873467292431,1.0,1,0,0,0.0
69,114,cross_plane,411.01560880124356,930.8235193951973,697.5701357336261,1.0,1,0,0,0.0
70,115,cross_plane,411.2641616462719,930.6829975026141,697.4809994179626,1.0,1,0,0,0.0
71,116,cross_plane,411.55508293796663,930.5236723783806,697.3226255751928,1.0,1,0,0,0.0
72,117,cross_plane,411.88825373916455,930.3455503555238,697.0999943419544,1.0,1,0,0,0.0
73,118,cross_plane,412.263538226861,930.1486385161148,696.820632373582,1.0,1,0,0,0.0
74,119,cross_plane,412.68078390258216,930.1348187641051,696.495103076888,1.0,1,0,0,0.0
75,120,cross_plane,413.1398218270293,930.3329851962882,696.1379095565586,1.0,1,0,0,0.0
76,121,cross_plane,412.8306389920792,930.5123623115736,695.7690860103493,1.0,1,0,0,0.0
77,122,cross_plane,412.3993063578467,930.6729429778685,695.4167280665494,1.0,1,0,0,0.0
78,123,cross_plane,412.0098798698748,930.8147208121136,695.1198691001842,1.0,1,0,0,0.0
79,124,cross_plane,411.66251758801263,930.9376901800457,694.9275832563917,1.0,1,0,0,0.0
80,125,cross_plane,410.6555922058334,931.0418461958539,694.884495967307,1.0,1,0,0,0.0
81,126,cross_plane,410.53183860536234,931.1271847219696,695.0024965209526,1.0,1,0,0,0.0
82,127,cross_plane,410.4507542493131,931.193702368852,695.2507881598527,1.0,1,0,0,0.0
83,128,cross_plane,410.41237256664976,931.2413964948178,695.5795948106837,1.0,1,0,0,0.0
84,129,cross_plane,410.41670938981275,931.2702652059207,695.9439007346415,1.0,1,0,0,0.0
85,130,cross_plane,410.46376292957524,931.2803073558234,696.3101467896507,1.0,1,0,0,0.0
86,131,cross_plane,410.4185208045998,931.2715225458022,696.6544341583664,1.0,1,0,0,0.0
87,132,cross_plane,410.4113309273341,931.2643304888959,696.9596068075812,1.0,1,0,0,0.0
88,133,cross_plane,410.44685998562295,931.2794524190643,697.2131788292548,1.0,1,0,0,0.0
89,134,cross_plane,410.525093323456,931.2757474232549,697.4061090368272,1.0,1,0,0,0.0
90,135,cross_plane,410.64599868566285,931.2532156485724,697.5321221196124,1.0,1,0,0,0.0
91,136,cross_plane,410.8095262690867,931.2118579896938,697.5873467292316,1.0,1,0,0,0.0
92,183,cross_plane,410.4520840829843,931.2798853924643,697.5151754165804,1.0,1,0,0,0.0
93,138,cross_plane,410.42438604220524,931.2745072196096,697.3771576256149,1.0,1,0,0,0.0
94,139,cross_plane,410.4094661968545,931.2503023171348,697.1731360299726,1.0,1,0,0,0.0
95,140,cross_plane,410.4372660564184,931.2072716461514,696.9098351685844,1.0,1,0,0,0.0
96,141,cross_plane,410.5077741526177,931.1454169153961,696.5968358533028,1.0,1,0,0,0.0
97,142,cross_plane,410.62096141181127,931.0647405813045,696.2473297423018,1.0,1,0,0,0.0
98,143,cross_plane,410.77678120102263,930.9652458481404,695.8794708101909,1.0,1,0,0,0.0
99,144,cross_plane,410.97516940166634,930.8469366681459,695.5186178597487,1.0,1,0,0,0.0
100,145,cross_plane,411.21604451063865,930.7098177417412,695.2003013807388,1.0,1,0,0,0.0
101,146,cross_plane,411.49930776844036,930.5538945177675,694.971266171754,1.0,1,0,0,0.0
102,147,cross_plane,411.82484331381033,930.3791731937424,694.8801463415872,1.0,1,0,0,0.0
103,148,cross_plane,412.7906136528117,930.185660716182,694.9513588910804,1.0,1,0,0,0.0
104,149,cross_plane,412.3629984488204,930.0969546656295,695.1655364918207,1.0,1,0,0,0.0
105,150,cross_plane,411.9773041040225,930.2985201074837,695.4753945932029,1.0,1,0,0,0.0
106,151,cross_plane,411.6336872125679,930.4812976030341,695.8330931412194,1.0,1,0,0,0.0
107,152,cross_plane,411.3322877489727,930.645279884584,696.2016450288328,1.0,1,0,0,0.0
108,153,cross_plane,411.0732288517967,930.7904604335777,696.554579181296,1.0,1,0,0,0.0
109,154,cross_plane,410.8566166320597,930.9168334802757,696.8729797512352,1.0,1,0,0,0.0
110,155,cross_plane,410.6825400074872,931.0243940034603,697.1431211552787,1.0,1,0,0,0.0
111,156,cross_plane,410.5510705629129,931.1131377301876,697.3550195380449,1.0,1,0,0,0.0
112,157,cross_plane,410.462262437591,931.1830611355772,697.5016189092381,1.0,1,0,0,0.0
113,158,cross_plane,410.4161522396232,931.2341614426457,697.5783520873985,1.0,1,0,0,0.0
114,159,cross_plane,410.41275898811693,931.2664366221366,697.5829160014588,1.0,1,0,0,0.0
115,160,cross_plane,410.45208408298635,931.2798853924596,697.5151754165754,1.0,1,0,0,0.0
116,161,cross_plane,410.4243860422039,931.27450721961,697.3771576256146,1.0,1,0,0,0.0
117,162,cross_plane,410.4094661968467,931.2503023171308,697.17313602997,1.0,1,0,0,0.0
118,163,cross_plane,410.43726605641785,931.2072716461529,696.909835168584,1.0,1,0,0,0.0
119,164,cross_plane,410.50777415262434,931.1454169153975,696.5968358533033,1.0,1,0,0,0.0
120,165,cross_plane,410.6209614118099,931.0647405813041,696.2473297423011,1.0,1,0,0,0.0
121,166,cross_plane,410.7767812010285,930.9652458481427,695.879470810195,1.0,1,0,0,0.0
122,167,cross_plane,410.9751694016664,930.8469366681451,695.5186178597486,1.0,1,0,0,0.0
123,168,cross_plane,411.2160445106452,930.7098177417448,695.2003013807429,1.0,1,0,0,0.0
124,169,cross_plane,411.49930776844025,930.5538945177678,694.971266171754,1.0,1,0,0,0.0
125,170,cross_plane,411.8248433138131,930.3791731937424,694.8801463415889,1.0,1,0,0,0.0
126,171,cross_plane,412.7906136527993,930.1856607161816,694.9513588910786,1.0,1,0,0,0.0
127,172,cross_plane,412.3629984488142,930.0969546656373,695.1655364918264,1.0,1,0,0,0.0
128,173,cross_plane,411.9773041040227,930.2985201074937,695.4753945932067,1.0,1,0,0,0.0
129,174,cross_plane,411.6336872125619,930.4812976030365,695.8330931412193,1.0,1,0,0,0.0
130,175,cross_plane,411.33228774897293,930.6452798845864,696.2016450288369,1.0,1,0,0,0.0
131,176,cross_plane,411.07322885179013,930.7904604335808,696.5545791812965,1.0,1,0,0,0.0
132,177,cross_plane,410.8566166320658,930.9168334802728,696.8729797512373,1.0,1,0,0,0.0
133,178,cross_plane,410.6825400075055,931.0243940034576,697.1431211552807,1.0,1,0,0,0.0
134,179,cross_plane,410.5510705629257,931.1131377301851,697.355019538045,1.0,1,0,0,0.0
135,180,cross_plane,410.4622624375969,931.1830611355825,697.501618909244,1.0,1,0,0,0.0
136,181,cross_plane,410.41615223964135,931.2341614426457,697.578352087402,1.0,1,0,0,0.0
137,182,cross_plane,410.41275898810494,931.266436622132,697.5829160014528,1.0,1,0,0,0.0
138,229,cross_plane,411.116961710527,931.1201139300373,697.4257327740579,1.0,1,0,0,0.0
139,184,cross_plane,410.8926618911017,931.1883646038696,697.2409233871166,1.0,1,0,0,0.0
140,185,cross_plane,410.7108828583295,931.2377919687586,696.9945409762313,1.0,1,0,0,0.0
141,186,cross_plane,410.5716993424786,931.2683940619086,696.6952499748282,1.0,1,0,0,0.0
142,187,cross_plane,410.4751686466092,931.2801696681729,696.3550499180652,1.0,1,0,0,0.0
143,188,cross_plane,410.4213305561166,931.273118319974,695.9904159679477,1.0,1,0,0,0.0
144,189,cross_plane,410.4102072757647,931.2619916402675,695.62425097468,1.0,1,0,0,0.0
145,190,cross_plane,410.44180339457927,931.2788470135264,695.2887357870565,1.0,1,0,0,0.0
146,191,cross_plane,410.43164981209543,931.2768754848413,695.0275282383767,1.0,1,0,0,0.0
147,192,cross_plane,410.4090002002199,931.2560771324913,694.8907512418409,1.0,1,0,0,0.0
148,193,cross_plane,410.7926898421219,931.2164527823265,694.9132868677738,1.0,1,0,0,0.0
149,194,cross_plane,410.9948574634012,931.1580040078056,695.0888792746204,1.0,1,0,0,0.0
150,195,cross_plane,411.23950391267715,931.0807331300497,695.3754159475287,1.0,1,0,0,0.0
151,196,cross_plane,411.52652890396826,930.9846432180104,695.7231892941148,1.0,1,0,0,0.0
152,197,cross_plane,411.8558150645208,930.8697380885632,696.0916869678573,1.0,1,0,0,0.0
153,198,cross_plane,412.22722811765715,930.7360223067426,696.4515816188724,1.0,1,0,0,0.0
154,199,cross_plane,412.6406170908394,930.583501185941,696.7819843846459,1.0,1,0,0,0.0
155,200,cross_plane,413.09581454806914,930.4121807881821,697.0678019450993,1.0,1,0,0,0.0
156,201,cross_plane,412.8724541868565,930.2220679244408,697.2980363231076,1.0,1,0,0,0.0
157,202,cross_plane,412.4372716270397,930.0584756908701,697.4648123975335,1.0,1,0,0,0.0
158,203,cross_plane,412.04397983414685,930.2634398799089,697.5628474935423,1.0,1,0,0,0.0
159,204,cross_plane,411.6927383845244,930.9271542455596,697.5891741807374,1.0,1,0,0,0.0
160,205,cross_plane,411.3836902767049,931.0330426577997,697.5430112400082,1.0,1,0,0,0.0
161,206,cross_plane,411.1169617105224,931.1201139300402,697.4257327740548,1.0,1,0,0,0.0
162,207,cross_plane,410.8926618911014,931.1883646038655,697.2409233871182,1.0,1,0,0,0.0
163,208,cross_plane,410.71088285832974,931.2377919687556,696.994540976231,1.0,1,0,0,0.0
164,209,cross_plane,410.5716993424845,931.268394061908,696.6952499748301,1.0,1,0,0,0.0
165,210,cross_plane,410.4751686466098,931.2801696681697,696.3550499180651,1.0,1,0,0,0.0
166,211,cross_plane,410.42133055610395,931.2731183199687,695.9904159679423,1.0,1,0,0,0.0
167,212,cross_plane,410.41020727576375,931.2619916402689,695.6242509746793,1.0,1,0,0,0.0
168,213,cross_plane,410.44180339457273,931.2788470135235,695.2887357870553,1.0,1,0,0,0.0
169,214,cross_plane,410.4316498120996,931.2768754848422,695.0275282383794,1.0,1,0,0,0.0
170,215,cross_plane,410.40900020021826,931.2560771324921,694.89075124184,1.0,1,0,0,0.0
171,216,cross_plane,410.7926898421215,931.2164527823271,694.9132868677751,1.0,1,0,0,0.0
172,217,cross_plane,410.99485746339525,931.1580040078011,695.0888792746177,1.0,1,0,0,0.0
173,218,cross_plane,411.2395039126831,931.0807331300525,695.3754159475338,1.0,1,0,0,0.0
174,219,cross_plane,411.52652890397417,930.9846432180124,695.7231892941168,1.0,1,0,0,0.0
175,220,cross_plane,411.8558150645208,930.869738088564,696.0916869678554,1.0,1,0,0,0.0
176,221,cross_plane,412.22722811765743,930.736022306744,696.4515816188745,1.0,1,0,0,0.0
177,222,cross_plane,412.6406170908323,930.5835011859383,696.7819843846437,1.0,1,0,0,0.0
178,223,cross_plane,413.0958145480749,930.4121807881833,697.0678019450994,1.0,1,0,0,0.0
179,224,cross_plane,412.8724541868443,930.2220679244406,697.2980363231076,1.0,1,0,0,0.0
180,225,cross_plane,412.4372716270334,930.058475690864,697.4648123975317,1.0,1,0,0,0.0
181,226,cross_plane,412.0439798341411,930.2634398799142,697.5628474935464,1.0,1,0,0,0.0
182,227,cross_plane,411.6927383845186,930.9271542455649,697.5891741807394,1.0,1,0,0,0.0
183,228,cross_plane,411.3836902766921,931.0330426577941,697.5430112400004,1.0,1,0,0,0.0
184,275,cross_plane,412.56271330123343,930.0774515208524,697.3031509494587,1.0,1,0,0,0.0
185,230,cross_plane,413.0103588682274,930.2807464439485,697.0744626881107,1.0,1,0,0,0.0
186,231,cross_plane,412.9556605508833,930.4652541275792,696.7899524649284,1.0,1,0,0,0.0
187,232,cross_plane,412.51291639541336,930.6309672350501,696.4605281369835,1.0,1,0,0,0.0
188,233,cross_plane,412.1120323797582,930.7778791788508,696.1011601379981,1.0,1,0,0,0.0
189,234,cross_plane,411.7531710544783,930.9059841203056,695.7325590375849,1.0,1,0,0,0.0
190,235,cross_plane,411.43647843485127,931.0152769692892,695.3837960832906,1.0,1,0,0,0.0
191,236,cross_plane,411.1620837756024,931.1057533839689,695.0950816460849,1.0,1,0,0,0.0
192,237,cross_plane,410.93009937037226,931.1774097705977,694.9160136104989,1.0,1,0,0,0.0
193,238,cross_plane,410.418612447618,931.2302432833305,694.8892599645136,1.0,1,0,0,0.0
194,239,cross_plane,410.41128576852526,931.2642518240789,695.0222406073193,1.0,1,0,0,0.0
195,240,cross_plane,410.4466780436373,931.2794340424157,695.2808717700786,1.0,1,0,0,0.0
196,241,cross_plane,410.42790744616553,931.2757893354946,695.6150713132214,1.0,1,0,0,0.0
197,242,cross_plane,410.409054287247,931.256930266098,695.980897639272,1.0,1,0,0,0.0
198,243,cross_plane,410.43292100319786,931.2771922203767,696.3458911642352,1.0,1,0,0,0.0
199,244,cross_plane,410.49949774806163,931.2786273384163,696.6869490396535,1.0,1,0,0,0.0
200,245,cross_plane,410.60875706767865,931.2612355632356,696.9874593107296,1.0,1,0,0,0.0
201,246,cross_plane,410.76065394315344,931.225017585406,697.2353243796268,1.0,1,0,0,0.0
202,247,cross_plane,410.9551258620647,931.1699748431088,697.421803519509,1.0,1,0,0,0.0
203,248,cross_plane,411.19209291700986,931.0961095221755,697.5408743033,1.0,1,0,0,0.0
204,249,cross_plane,411.4714579312858,931.003424556223,697.588893654772,1.0,1,0,0,0.0
205,250,cross_plane,411.7931066111009,930.3960459500801,697.5644316691937,1.0,1,0,0,0.0
206,251,cross_plane,412.1569077237615,930.2042633304549,697.468214084839,1.0,1,0,0,0.0
207,252,cross_plane,412.5627133012354,930.0774515208486,697.3031509494546,1.0,1,0,0,0.0
208,253,cross_plane,413.0103588682219,930.2807464439517,697.074462688111,1.0,1,0,0,0.0
209,254,cross_plane,412.95566055087744,930.4652541275798,696.7899524649256,1.0,1,0,0,0.0
210,255,cross_plane,412.51291639541313,930.6309672350528,696.4605281369853,1.0,1,0,0,0.0
211,256,cross_plane,412.1120323797644,930.77787917886,696.1011601380018,1.0,1,0,0,0.0
212,257,cross_plane,411.7531710544787,930.9059841203089,695.732559037585,1.0,1,0,0,0.0
213,258,cross_plane,411.4364784348515,931.0152769692858,695.3837960832898,1.0,1,0,0,0.0
214,259,cross_plane,411.1620837755966,931.1057533839663,695.0950816460795,1.0,1,0,0,0.0
215,260,cross_plane,410.93009937036584,931.1774097705963,694.9160136104983,1.0,1,0,0,0.0
216,261,cross_plane,410.41861244761213,931.2302432833261,694.8892599645084,1.0,1,0,0,0.0
217,262,cross_plane,410.41128576851884,931.2642518240763,695.0222406073162,1.0,1,0,0,0.0
218,263,cross_plane,410.446678043625,931.279434042411,695.2808717700715,1.0,1,0,0,0.0
219,264,cross_plane,410.42790744615877,931.2757893355005,695.6150713132233,1.0,1,0,0,0.0
220,265,cross_plane,410.409054287247,931.256930266098,695.980897639272,1.0,1,0,0,0.0
221,266,cross_plane,410.4329210031976,931.2771922203747,696.3458911642316,1.0,1,0,0,0.0
222,267,cross_plane,410.4994977480623,931.278627338417,696.6869490396539,1.0,1,0,0,0.0
223,268,cross_plane,410.6087570676665,931.2612355632317,696.9874593107255,1.0,1,0,0,0.0
224,269,cross_plane,410.76065394314736,931.2250175854047,697.2353243796246,1.0,1,0,0,0.0
225,270,cross_plane,410.9551258620583,931.1699748431088,697.4218035195075,1.0,1,0,0,0.0
226,271,cross_plane,411.19209291700446,931.0961095221722,697.5408743032962,1.0,1,0,0,0.0
227,272,cross_plane,411.4714579312857,931.0034245562242,697.5888936547739,1.0,1,0,0,0.0
228,273,cross_plane,411.7931066110944,930.3960459500761,697.5644316691937,1.0,1,0,0,0.0
229,274,cross_plane,412.156907723743,930.204263330445,697.4682140848296,1.0,1,0,0,0.0
230,321,cross_plane,410.585826088065,931.0886343842546,697.1493396042034,1.0,1,0,0,0.0
231,276,cross_plane,410.7300120410603,930.9942770593411,696.8805855912661,1.0,1,0,0,0.0
232,277,cross_plane,410.91678564102733,930.8811041343216,696.563273176117,1.0,1,0,0,0.0
233,278,cross_plane,411.1460701195729,930.7491201053289,696.2110168956724,1.0,1,0,0,0.0
234,279,cross_plane,411.41777141426326,930.5983302168477,695.8425736974464,1.0,1,0,0,0.0
235,280,cross_plane,411.731778316101,930.4287404619593,695.4841829579183,1.0,1,0,0,0.0
236,281,cross_plane,412.0879626430581,930.2403575826606,695.1725318608532,1.0,1,0,0,0.0
237,282,cross_plane,412.4861794390806,930.0386596862674,694.9552486977931,1.0,1,0,0,0.0
238,283,cross_plane,412.0784362934375,930.2453532212825,694.8799319511915,1.0,1,0,0,0.0
239,284,cross_plane,411.72331688847964,930.4332609244308,694.9670091430456,1.0,1,0,0,0.0
240,285,cross_plane,411.41037835791036,930.6023753234371,695.1930688651446,1.0,1,0,0,0.0
241,286,cross_plane,411.13974845687056,930.7526896952487,695.509715930251,1.0,1,0,0,0.0
242,287,cross_plane,410.91153796274745,930.8841980657133,695.8699695685906,1.0,1,0,0,0.0
243,288,cross_plane,410.7258405023433,930.9968952092815,696.2380031633269,1.0,1,0,0,0.0
244,289,cross_plane,410.58273240499744,931.0907766487394,696.588234337919,1.0,1,0,0,0.0
245,290,cross_plane,410.4822725825689,931.165838654992,696.9023561434136,1.0,1,0,0,0.0
246,291,cross_plane,410.42450243640536,931.2220782468723,697.1670694034938,1.0,1,0,0,0.0
247,292,cross_plane,410.4094457918931,931.2594931910068,697.3727117954777,1.0,1,0,0,0.0
248,293,cross_plane,410.43710886072165,931.2780820016789,697.5124914700232,1.0,1,0,0,0.0
249,294,cross_plane,410.4358828209445,931.2778439407773,697.5820751678292,1.0,1,0,0,0.0
250,295,cross_plane,410.4093000381461,931.2587790177623,697.579379267387,1.0,1,0,0,0.0
251,296,cross_plane,410.42543702883177,931.2208879896505,697.5044836495018,1.0,1,0,0,0.0
252,297,cross_plane,410.4842871356249,931.1641723610521,697.3596348324727,1.0,1,0,0,0.0
253,298,cross_plane,410.5858260880702,931.0886343842565,697.1493396042002,1.0,1,0,0,0.0
254,299,cross_plane,410.7300120410603,930.9942770593395,696.8805855912673,1.0,1,0,0,0.0
255,300,cross_plane,410.9167856410208,930.8811041343172,696.5632731761137,1.0,1,0,0,0.0
256,301,cross_plane,411.1460701195697,930.7491201053284,696.211016895672,1.0,1,0,0,0.0
257,302,cross_plane,411.4177714142679,930.5983302168495,695.8425736974486,1.0,1,0,0,0.0
258,303,cross_plane,411.731778316101,930.4287404619589,695.4841829579183,1.0,1,0,0,0.0
259,304,cross_plane,412.0879626430647,930.2403575826633,695.1725318608563,1.0,1,0,0,0.0
260,305,cross_plane,412.48617943907897,930.038659686264,694.9552486977924,1.0,1,0,0,0.0
261,306,cross_plane,412.0784362934375,930.2453532212832,694.8799319511941,1.0,1,0,0,0.0
262,307,cross_plane,411.72331688847413,930.4332609244334,694.9670091430447,1.0,1,0,0,0.0
263,308,cross_plane,411.4103783579042,930.6023753234389,695.1930688651454,1.0,1,0,0,0.0
264,309,cross_plane,411.1397484568703,930.752689695244,695.5097159302471,1.0,1,0,0,0.0
265,310,cross_plane,410.91153796276603,930.8841980657102,695.8699695685942,1.0,1,0,0,0.0
266,311,cross_plane,410.72584050234343,930.9968952092836,696.2380031633287,1.0,1,0,0,0.0
267,312,cross_plane,410.58273240500387,931.0907766487368,696.588234337919,1.0,1,0,0,0.0
268,313,cross_plane,410.48227258258675,931.1658386549899,696.9023561434154,1.0,1,0,0,0.0
269,314,cross_plane,410.4245024364122,931.22207824687,697.1670694034941,1.0,1,0,0,0.0
270,315,cross_plane,410.4094457918874,931.2594931910074,697.3727117954774,1.0,1,0,0,0.0
271,316,cross_plane,410.43710886070926,931.2780820016789,697.5124914700233,1.0,1,0,0,0.0
272,317,cross_plane,410.4358828209439,931.2778439407755,697.5820751678274,1.0,1,0,0,0.0
273,318,cross_plane,410.4093000381585,931.2587790177722,697.5793792673925,1.0,1,0,0,0.0
274,319,cross_plane,410.4254370288375,931.2208879896582,697.5044836495057,1.0,1,0,0,0.0
275,320,cross_plane,410.4842871356131,931.1641723610469,697.3596348324646,1.0,1,0,0,0.0
276,367,cross_plane,410.4317909559116,931.2769118461067,696.9668236571242,1.0,1,0,0,0.0
277,322,cross_plane,410.40900454938435,931.2561737812392,696.662839023893,1.0,1,0,0,0.0
278,323,cross_plane,410.4289380382401,931.276113547716,696.3193666373362,1.0,1,0,0,0.0
279,324,cross_plane,410.44525657272186,931.2792821331487,695.9534206054533,1.0,1,0,0,0.0
280,325,cross_plane,410.41094452514625,931.2636237993604,695.5886920615525,1.0,1,0,0,0.0
281,326,cross_plane,410.4193515725555,931.229139168096,695.2584548162625,1.0,1,0,0,0.0
282,327,cross_plane,410.4704742465333,931.1758296086927,695.0074529997624,1.0,1,0,0,0.0
283,328,cross_plane,410.5642914615847,931.1036972381428,694.8855645296226,1.0,1,0,0,0.0
284,329,cross_plane,411.4439665674015,931.0127449212091,694.9244594354409,1.0,1,0,0,0.0
285,330,cross_plane,411.7617272689733,930.9029762705543,695.1133887653469,1.0,1,0,0,0.0
286,331,cross_plane,412.12165318923803,930.7743956469257,695.4082002761785,1.0,1,0,0,0.0
287,332,cross_plane,412.5235978918865,930.6270081593865,695.7596709193264,1.0,1,0,0,0.0
288,333,cross_plane,412.96739841129994,930.4608196655322,696.1284641972344,1.0,1,0,0,0.0
289,334,cross_plane,412.9985239763507,930.2758367718317,696.4862364470655,1.0,1,0,0,0.0
290,335,cross_plane,412.5519343546306,930.0720668339154,696.8127819099567,1.0,1,0,0,0.0
291,336,cross_plane,412.14718908335277,930.2093449290677,697.0934787596376,1.0,1,0,0,0.0
292,337,cross_plane,411.7844522233648,930.4006524070887,697.3176758187936,1.0,1,0,0,0.0
293,338,cross_plane,411.463871322186,930.5731678775105,697.4777757492476,1.0,1,0,0,0.0
294,339,cross_plane,411.1855771865326,930.7268844817363,697.5687368271041,1.0,1,0,0,0.0
295,340,cross_plane,410.9496836793965,931.1715988334571,697.5878141806439,1.0,1,0,0,0.0
296,341,cross_plane,410.7562875425202,931.2261655340666,697.5344421073673,1.0,1,0,0,0.0
297,342,cross_plane,410.60546824484,931.2619074246243,697.4102117853541,1.0,1,0,0,0.0
298,343,cross_plane,410.4972878574952,931.2788230858646,697.2189356640687,1.0,1,0,0,0.0
299,344,cross_plane,410.431790955913,931.276911846104,696.9668236571197,1.0,1,0,0,0.0
300,345,cross_plane,410.40900454939043,931.2561737812389,696.6628390238951,1.0,1,0,0,0.0
301,346,cross_plane,410.42893803824035,931.2761135477156,696.319366637336,1.0,1,0,0,0.0
302,347,cross_plane,410.4452565727218,931.2792821331487,695.9534206054532,1.0,1,0,0,0.0
303,348,cross_plane,410.4109445251442,931.2636237993601,695.5886920615521,1.0,1,0,0,0.0
304,349,cross_plane,410.41935157254943,931.2291391680924,695.2584548162584,1.0,1,0,0,0.0
305,350,cross_plane,410.47047424653164,931.1758296086908,695.0074529997606,1.0,1,0,0,0.0
306,351,cross_plane,410.5642914615825,931.103697238142,694.885564529622,1.0,1,0,0,0.0
307,352,cross_plane,411.4439665674075,931.0127449212106,694.9244594354433,1.0,1,0,0,0.0
308,353,cross_plane,411.7617272689737,930.9029762705524,695.1133887653463,1.0,1,0,0,0.0
309,354,cross_plane,412.121653189244,930.7743956469299,695.4082002761805,1.0,1,0,0,0.0
310,355,cross_plane,412.5235978918746,930.627008159381,695.7596709193245,1.0,1,0,0,0.0
311,356,cross_plane,412.96739841131233,930.4608196655346,696.1284641972403,1.0,1,0,0,0.0
312,357,cross_plane,412.9985239763507,930.2758367718328,696.4862364470674,1.0,1,0,0,0.0
313,358,cross_plane,412.5519343546246,930.072066833915,696.8127819099567,1.0,1,0,0,0.0
314,359,cross_plane,412.14718908334595,930.2093449290758,697.0934787596398,1.0,1,0,0,0.0
315,360,cross_plane,411.784452223359,930.400652407088,697.3176758187934,1.0,1,0,0,0.0
316,361,cross_plane,411.46387132219246,930.5731678775129,697.4777757492499,1.0,1,0,0,0.0
317,362,cross_plane,411.1855771865322,930.726884481736,697.5687368271059,1.0,1,0,0,0.0
318,363,cross_plane,410.9496836793965,931.1715988334518,697.5878141806421,1.0,1,0,0,0.0
319,364,cross_plane,410.75628754253825,931.2261655340666,697.5344421073713,1.0,1,0,0,0.0
320,365,cross_plane,410.6054682448582,931.2619074246235,697.4102117853578,1.0,1,0,0,0.0
321,366,cross_plane,410.4972878574832,931.2788230858589,697.2189356640625,1.0,1,0,0,0.0
322,413,cross_plane,411.8469678321397,930.8728758209537,696.7588201416147,1.0,1,0,0,0.0
323,368,cross_plane,411.5187488436291,930.987305179473,696.4256491391479,1.0,1,0,0,0.0
324,369,cross_plane,411.23279420182376,931.0829192148464,696.0643115688223,1.0,1,0,0,0.0
325,370,cross_plane,410.98922084948697,931.1597141290952,695.6962209111774,1.0,1,0,0,0.0
326,371,cross_plane,410.7881286383799,931.2176868722038,695.3514551486833,1.0,1,0,0,0.0
327,372,cross_plane,410.62960017289254,931.2568351419493,695.0713940591555,1.0,1,0,0,0.0
328,373,cross_plane,410.5137006802592,931.2771573837736,694.9059991348469,1.0,1,0,0,0.0
329,374,cross_plane,410.44047790769395,931.2786527907481,694.8956604408176,1.0,1,0,0,0.0
330,375,cross_plane,410.409962046958,931.261321303484,695.0432530849336,1.0,1,0,0,0.0
331,376,cross_plane,410.4221656865672,931.2735286830923,695.3117037789274,1.0,1,0,0,0.0
332,377,cross_plane,410.47708379179994,931.2801039107353,695.6508539407449,1.0,1,0,0,0.0
333,378,cross_plane,410.57469371274766,931.2678521865288,696.0178785059628,1.0,1,0,0,0.0
334,379,cross_plane,410.71495522008155,931.236773996946,696.3813909462306,1.0,1,0,0,0.0
335,380,cross_plane,410.8978105688158,931.1868705760512,696.719054811616,1.0,1,0,0,0.0
336,381,cross_plane,411.123184589346,931.1181439055437,697.0147826474317,1.0,1,0,0,0.0
337,382,cross_plane,411.39098480582834,931.0305967148713,697.2568538593532,1.0,1,0,0,0.0
338,383,cross_plane,411.70110158112465,930.9242324813566,697.4368219735525,1.0,1,0,0,0.0
339,384,cross_plane,412.0534082880384,930.7990554303711,697.5489141579777,1.0,1,0,0,0.0
340,385,cross_plane,412.447761505995,930.6550705355527,697.5897139973476,1.0,1,0,0,0.0
341,386,cross_plane,412.88400124245624,930.2271073045083,697.5580082566595,1.0,1,0,0,0.0
342,387,cross_plane,413.0837890860658,930.416745009612,697.454738405131,1.0,1,0,0,0.0
343,388,cross_plane,412.6296467412351,930.587590067238,697.2830379674651,1.0,1,0,0,0.0
344,389,cross_plane,412.2173173157002,930.739635685389,697.0483702989092,1.0,1,0,0,0.0
345,390,cross_plane,411.8469678321298,930.8728758209492,696.758820141608,1.0,1,0,0,0.0
346,391,cross_plane,411.5187488436291,930.9873051794762,696.4256491391474,1.0,1,0,0,0.0
347,392,cross_plane,411.23279420181746,931.0829192148411,696.0643115688212,1.0,1,0,0,0.0
348,393,cross_plane,410.9892208494933,931.1597141290924,695.6962209111798,1.0,1,0,0,0.0
349,394,cross_plane,410.7881286383867,931.2176868722009,695.3514551486863,1.0,1,0,0,0.0
350,395,cross_plane,410.6296001728867,931.2568351419435,695.0713940591562,1.0,1,0,0,0.0
351,396,cross_plane,410.51370068025943,931.2771573837708,694.9059991348471,1.0,1,0,0,0.0
352,397,cross_plane,410.4404779076878,931.2786527907481,694.8956604408178,1.0,1,0,0,0.0
353,398,cross_plane,410.409962046964,931.2613213034925,695.0432530849376,1.0,1,0,0,0.0
354,399,cross_plane,410.42216568656113,931.2735286830896,695.3117037789272,1.0,1,0,0,0.0
355,400,cross_plane,410.4770837918125,931.2801039107394,695.6508539407465,1.0,1,0,0,0.0
356,401,cross_plane,410.57469371273544,931.2678521865292,696.0178785059603,1.0,1,0,0,0.0
357,402,cross_plane,410.71495522008814,931.2367739969503,696.3813909462365,1.0,1,0,0,0.0
358,403,cross_plane,410.89781056882225,931.1868705760543,696.7190548116201,1.0,1,0,0,0.0
359,404,cross_plane,411.1231845893522,931.1181439055437,697.0147826474314,1.0,1,0,0,0.0
360,405,cross_plane,411.39098480583453,931.0305967148738,697.2568538593574,1.0,1,0,0,0.0
361,406,cross_plane,411.70110158113107,930.9242324813567,697.4368219735521,1.0,1,0,0,0.0
362,407,cross_plane,412.0534082880446,930.799055430372,697.5489141579798,1.0,1,0,0,0.0
363,408,cross_plane,412.44776150600137,930.6550705355539,697.5897139973498,1.0,1,0,0,0.0
364,409,cross_plane,412.8840012424563,930.2271073045139,697.558008256659,1.0,1,0,0,0.0
365,410,cross_plane,413.08378908605954,930.4167450096182,697.454738405137,1.0,1,0,0,0.0
366,411,cross_plane,412.6296467412351,930.5875900672489,697.2830379674688,1.0,1,0,0,0.0
367,412,cross_plane,412.2173173156939,930.7396356853827,697.0483702989033,1.0,1,0,0,0.0
368,459,cross_plane,411.6418572796079,930.476906904422,696.5293569230957,1.0,1,0,0,0.0
369,414,cross_plane,411.9865400768597,930.2936541817727,696.1745361149755,1.0,1,0,0,0.0
370,415,cross_plane,412.37329657114856,930.0916137063282,695.805768347061,1.0,1,0,0,0.0
371,416,cross_plane,412.8019697510668,930.1907860528974,695.4502052353124,1.0,1,0,0,0.0
372,417,cross_plane,413.1704172367126,930.3838234066744,695.145703499367,1.0,1,0,0,0.0
373,418,cross_plane,412.70872816887817,930.5580694220084,694.9406741347344,1.0,1,0,0,0.0
374,419,cross_plane,411.2094300624056,930.7135171713313,694.8813833583621,1.0,1,0,0,0.0
375,420,cross_plane,410.9696282736092,930.8501604760611,694.9840701696036,1.0,1,0,0,0.0
376,421,cross_plane,410.7723156675713,930.9679939062878,695.2215034221157,1.0,1,0,0,0.0
377,422,cross_plane,410.61757330921796,931.0670127805109,695.544463054947,1.0,1,0,0,0.0
378,423,cross_plane,410.5054648760845,931.1472131654106,695.9069152393,1.0,1,0,0,0.0
379,424,cross_plane,410.43603655787,931.2085918756405,696.2741773835877,1.0,1,0,0,0.0
380,425,cross_plane,410.409316983421,931.2511464736651,696.6215243721199,1.0,1,0,0,0.0
381,426,cross_plane,410.4253171754636,931.274875269668,696.9312355144275,1.0,1,0,0,0.0
382,427,cross_plane,410.4505631743976,931.2797773214254,697.190424612077,1.0,1,0,0,0.0
383,428,cross_plane,410.4123182716811,931.2658524343009,697.3897434186098,1.0,1,0,0,0.0
384,429,cross_plane,410.4167918971855,931.2703274111681,697.5226602279587,1.0,1,0,0,0.0
385,430,cross_plane,410.46398220523855,931.2803092724745,697.5850736767816,1.0,1,0,0,0.0
386,431,cross_plane,410.55386973146744,931.111125406768,697.5751187581882,1.0,1,0,0,0.0
387,432,cross_plane,410.6864174235494,931.0219057694762,697.4930904989889,1.0,1,0,0,0.0
388,433,cross_plane,410.8615706998964,930.9138694345651,697.3414555505598,1.0,1,0,0,0.0
389,434,cross_plane,411.0792575358371,930.7870206939019,697.1249562262852,1.0,1,0,0,0.0
390,435,cross_plane,411.33938857701554,930.6413645876313,696.8508474329456,1.0,1,0,0,0.0
391,436,cross_plane,411.64185727960637,930.4769069044198,696.5293569230931,1.0,1,0,0,0.0
392,437,cross_plane,411.9865400768566,930.2936541817726,696.1745361149748,1.0,1,0,0,0.0
393,438,cross_plane,412.3732965711425,930.0916137063255,695.8057683470573,1.0,1,0,0,0.0
394,439,cross_plane,412.8019697510668,930.1907860529003,695.4502052353129,1.0,1,0,0,0.0
395,440,cross_plane,413.1704172367186,930.3838234066825,695.1457034993696,1.0,1,0,0,0.0
396,441,cross_plane,412.70872816887197,930.5580694220115,694.9406741347335,1.0,1,0,0,0.0
397,442,cross_plane,411.20943006239946,930.7135171713338,694.8813833583603,1.0,1,0,0,0.0
398,443,cross_plane,410.969628273597,930.8501604760561,694.9840701695979,1.0,1,0,0,0.0
399,444,cross_plane,410.7723156675712,930.9679939062819,695.2215034221136,1.0,1,0,0,0.0
400,445,cross_plane,410.61757330921216,931.067012780508,695.5444630549414,1.0,1,0,0,0.0
401,446,cross_plane,410.5054648760782,931.147213165408,695.9069152392964,1.0,1,0,0,0.0
402,447,cross_plane,410.4360365578576,931.2085918756347,696.2741773835801,1.0,1,0,0,0.0
403,448,cross_plane,410.4093169834146,931.2511464736682,696.6215243721196,1.0,1,0,0,0.0
404,449,cross_plane,410.4253171754513,931.2748752696681,696.931235514426,1.0,1,0,0,0.0
405,450,cross_plane,410.4505631743914,931.2797773214224,697.1904246120708,1.0,1,0,0,0.0
406,451,cross_plane,410.4123182716749,931.2658524342982,697.3897434186077,1.0,1,0,0,0.0
407,452,cross_plane,410.41679189717325,931.270327411164,697.5226602279528,1.0,1,0,0,0.0
408,453,cross_plane,410.4639822052325,931.2803092724718,697.5850736767776,1.0,1,0,0,0.0
409,454,cross_plane,410.55386973146113,931.1111254067627,697.5751187581842,1.0,1,0,0,0.0
410,455,cross_plane,410.6864174235369,931.0219057694713,697.493090498983,1.0,1,0,0,0.0
411,456,cross_plane,410.86157069989025,930.9138694345622,697.34145555056,1.0,1,0,0,0.0
412,457,cross_plane,411.0792575358312,930.7870206938993,697.1249562262834,1.0,1,0,0,0.0
413,458,cross_plane,411.3393885769973,930.6413645876205,696.8508474329342,1.0,1,0,0,0.0
414,505,cross_plane,410.41281674267555,931.2404223574979,696.2834532300934,1.0,1,0,0,0.0
415,460,cross_plane,410.4522786161838,931.192252171011,695.9164294985776,1.0,1,0,0,0.0
416,461,cross_plane,410.53444253440887,931.1252585212003,695.5534678371781,1.0,1,0,0,0.0
417,462,cross_plane,410.659274623947,931.039444068657,695.2289596454965,1.0,1,0,0,0.0
418,463,cross_plane,410.82672346945685,930.9348122218373,694.9886829517291,1.0,1,0,0,0.0
419,464,cross_plane,411.0367201948763,930.811367137231,694.882025849909,1.0,1,0,0,0.0
420,465,cross_plane,412.4096986789299,930.6691137195661,694.9371623281633,1.0,1,0,0,0.0
421,466,cross_plane,412.84208889819956,930.5080576220553,695.1389588348042,1.0,1,0,0,0.0
422,467,cross_plane,413.1276994543731,930.3282052466762,695.4415414752324,1.0,1,0,0,0.0
423,468,cross_plane,412.6697162134251,930.1295637444908,695.7963164145161,1.0,1,0,0,0.0
424,469,cross_plane,412.25352969414706,930.1538498027929,696.1651245903528,1.0,1,0,0,0.0
425,470,cross_plane,411.87930842315285,930.3502865539035,696.5205745130664,1.0,1,0,0,0.0
426,471,cross_plane,411.54720447998864,930.5279333001232,696.8431177485469,1.0,1,0,0,0.0
427,472,cross_plane,411.25735326312247,930.6867829783365,697.1185881006259,1.0,1,0,0,0.0
428,473,cross_plane,411.00987328016714,930.8268292744451,697.336672259562,1.0,1,0,0,0.0
429,474,cross_plane,410.80486596344883,930.9480666230972,697.4900458320499,1.0,1,0,0,0.0
430,475,cross_plane,410.64241551123195,931.0504902073949,697.5739055354115,1.0,1,0,0,0.0
431,476,cross_plane,410.52258875541037,931.2760731601265,697.5857279157982,1.0,1,0,0,0.0
432,477,cross_plane,410.44543505625995,931.2793020344703,697.52516257129,1.0,1,0,0,0.0
433,478,cross_plane,410.4109862243265,931.2637039887958,697.3940183794475,1.0,1,0,0,0.0
434,479,cross_plane,410.41925647016456,931.2719767465037,697.1963373433188,1.0,1,0,0,0.0
435,480,cross_plane,410.4620466198334,931.2802854366759,696.9385848462571,1.0,1,0,0,0.0
436,481,cross_plane,410.41607319172476,931.2697671677938,696.6300294703648,1.0,1,0,0,0.0
437,482,cross_plane,410.412816742665,931.2404223574935,696.283453230087,1.0,1,0,0,0.0
438,483,cross_plane,410.4522786161838,931.192252171011,695.9164294985776,1.0,1,0,0,0.0
439,484,cross_plane,410.534442534409,931.1252585212003,695.5534678371778,1.0,1,0,0,0.0
440,485,cross_plane,410.659274623947,931.0394440686541,695.2289596454972,1.0,1,0,0,0.0
441,486,cross_plane,410.8267234694568,930.9348122218374,694.9886829517292,1.0,1,0,0,0.0
442,487,cross_plane,411.0367201948716,930.8113671372282,694.8820258499059,1.0,1,0,0,0.0
443,488,cross_plane,412.4096986789236,930.6691137195661,694.9371623281628,1.0,1,0,0,0.0
444,489,cross_plane,412.84208889819945,930.5080576220554,695.1389588348043,1.0,1,0,0,0.0
445,490,cross_plane,413.1276994543731,930.328205246679,695.4415414752365,1.0,1,0,0,0.0
446,491,cross_plane,412.66971621341895,930.1295637444882,695.7963164145161,1.0,1,0,0,0.0
447,492,cross_plane,412.253529694141,930.153849802793,696.1651245903549,1.0,1,0,0,0.0
448,493,cross_plane,411.8793084231467,930.3502865539061,696.5205745130648,1.0,1,0,0,0.0
449,494,cross_plane,411.5472044800007,930.5279333001288,696.8431177485528,1.0,1,0,0,0.0
450,495,cross_plane,411.25735326312247,930.6867829783366,697.1185881006295,1.0,1,0,0,0.0
451,496,cross_plane,411.0098732801732,930.8268292744451,697.3366722595623,1.0,1,0,0,0.0
452,497,cross_plane,410.80486596347333,930.9480666231,697.4900458320539,1.0,1,0,0,0.0
453,498,cross_plane,410.6424155112382,931.0504902073949,697.5739055354115,1.0,1,0,0,0.0
454,499,cross_plane,410.52258875542253,931.2760731601265,697.5857279158005,1.0,1,0,0,0.0
455,500,cross_plane,410.44543505625995,931.2793020344701,697.5251625712917,1.0,1,0,0,0.0
456,501,cross_plane,410.41098622431423,931.263703988796,697.3940183794479,1.0,1,0,0,0.0
457,502,cross_plane,410.41925647016456,931.2719767465063,697.1963373433246,1.0,1,0,0,0.0
458,503,cross_plane,410.46204661983944,931.2802854366814,696.9385848462606,1.0,1,0,0,0.0
459,504,cross_plane,410.41607319171254,931.2697671677912,696.6300294703589,1.0,1,0,0,0.0
460,551,cross_plane,410.66865330327755,931.2480151814711,696.0273883822641,1.0,1,0,0,0.0
461,506,cross_plane,410.5411098410934,931.273477386643,695.6601062772211,1.0,1,0,0,0.0
462,507,cross_plane,410.45623180263254,931.2801129030794,695.3197523184893,1.0,1,0,0,0.0
463,508,cross_plane,410.4140541785302,931.2679214673044,695.0488589331912,1.0,1,0,0,0.0
464,509,cross_plane,410.4145943664681,931.2684618180563,694.897569793489,1.0,1,0,0,0.0
465,510,cross_plane,410.457852143572,931.2801771358442,694.9036775742303,1.0,1,0,0,0.0
466,511,cross_plane,410.5438096668187,931.2730654988735,695.0654832269398,1.0,1,0,0,0.0
467,512,cross_plane,410.6724315012376,931.2471271895225,695.3432346635973,1.0,1,0,0,0.0
468,513,cross_plane,410.843664676051,931.2023632377433,695.6869053178015,1.0,1,0,0,0.0
469,514,cross_plane,411.05743876827603,931.1387754211112,696.0548168206186,1.0,1,0,0,0.0
470,515,cross_plane,411.31366601371553,931.0563662649106,696.4166272055154,1.0,1,0,0,0.0
471,516,cross_plane,411.6122414447058,930.9551390422702,696.750737707623,1.0,1,0,0,0.0
472,517,cross_plane,411.95304305417585,930.835097774304,697.041566768676,1.0,1,0,0,0.0
473,518,cross_plane,412.3359319854987,930.6962472303392,697.2777601317451,1.0,1,0,0,0.0
474,519,cross_plane,412.7607527472311,930.5385929281341,697.4511597411247,1.0,1,0,0,0.0
475,520,cross_plane,413.2150207494263,930.3621411341544,697.5562392822682,1.0,1,0,0,0.0
476,521,cross_plane,412.7494938751567,930.5428116029597,697.5898075151872,1.0,1,0,0,0.0
477,522,cross_plane,412.3257314908964,930.699990444998,697.5508674047688,1.0,1,0,0,0.0
478,523,cross_plane,411.9439050724696,930.8383653800387,697.4405765131982,1.0,1,0,0,0.0
479,524,cross_plane,411.6041696934561,930.9579309092373,697.2622931777918,1.0,1,0,0,0.0
480,525,cross_plane,411.3066637869252,931.058682282197,697.0217265121713,1.0,1,0,0,0.0
481,526,cross_plane,411.0515089312475,931.1406154967303,696.727248232842,1.0,1,0,0,0.0
482,527,cross_plane,410.838809660954,931.2037272986122,696.3904836759081,1.0,1,0,0,0.0
483,528,cross_plane,410.668653303273,931.2480151814666,696.0273883822596,1.0,1,0,0,0.0
484,529,cross_plane,410.541109841087,931.2734773866378,695.6601062772189,1.0,1,0,0,0.0
485,530,cross_plane,410.4562318026326,931.2801129030794,695.3197523184878,1.0,1,0,0,0.0
486,531,cross_plane,410.41405417853633,931.2679214673122,695.0488589331939,1.0,1,0,0,0.0
487,532,cross_plane,410.4145943664743,931.268461818059,694.8975697934919,1.0,1,0,0,0.0
488,533,cross_plane,410.45785214357807,931.280177135844,694.903677574231,1.0,1,0,0,0.0
489,534,cross_plane,410.54380966681856,931.273065498873,695.0654832269393,1.0,1,0,0,0.0
490,535,cross_plane,410.67243150124375,931.2471271895251,695.3432346635964,1.0,1,0,0,0.0
491,536,cross_plane,410.8436646760512,931.202363237746,695.6869053178052,1.0,1,0,0,0.0
492,537,cross_plane,411.05743876826966,931.1387754211113,696.0548168206166,1.0,1,0,0,0.0
493,538,cross_plane,411.3136660137218,931.056366264912,696.4166272055172,1.0,1,0,0,0.0
494,539,cross_plane,411.6122414447059,930.955139042269,696.7507377076204,1.0,1,0,0,0.0
495,540,cross_plane,411.95304305418233,930.835097774307,697.0415667686821,1.0,1,0,0,0.0
496,541,cross_plane,412.3359319855051,930.6962472303421,697.2777601317492,1.0,1,0,0,0.0
497,542,cross_plane,412.760752747225,930.5385929281329,697.4511597411228,1.0,1,0,0,0.0
498,543,cross_plane,413.21502074943226,930.3621411341568,697.5562392822721,1.0,1,0,0,0.0
499,544,cross_plane,412.7494938751445,930.5428116029598,697.5898075151848,1.0,1,0,0,0.0
500,545,cross_plane,412.3257314908964,930.6999904450034,697.5508674047711,1.0,1,0,0,0.0
501,546,cross_plane,411.9439050724758,930.8383653800387,697.4405765132002,1.0,1,0,0,0.0
502,547,cross_plane,411.60416969346215,930.957930909232,697.2622931777918,1.0,1,0,0,0.0
503,548,cross_plane,411.30666378694355,931.0586822821969,697.0217265121759,1.0,1,0,0,0.0
504,549,cross_plane,411.0515089312534,931.1406154967303,696.727248232844,1.0,1,0,0,0.0
505,550,cross_plane,410.8388096609417,931.2037272986064,696.3904836759006,1.0,1,0,0,0.0
506,597,cross_plane,412.83063899209077,930.5123623115795,695.769086010359,1.0,1,0,0,0.0
507,552,cross_plane,412.3993063578476,930.6729429778675,695.4167280665503,1.0,1,0,0,0.0
508,553,cross_plane,412.0098798698815,930.8147208121201,695.1198691001905,1.0,1,0,0,0.0
509,554,cross_plane,411.6625175880259,930.937690180049,694.9275832563972,1.0,1,0,0,0.0
510,555,cross_plane,410.65559220584635,931.0418461958601,694.8844959673132,1.0,1,0,0,0.0
511,556,cross_plane,410.5318386053571,931.127184721974,695.0024965209544,1.0,1,0,0,0.0
512,557,cross_plane,410.4507542493078,931.1937023688557,695.2507881598544,1.0,1,0,0,0.0
513,558,cross_plane,410.41237256666295,931.2413964948247,695.5795948106902,1.0,1,0,0,0.0
514,559,cross_plane,410.4167093898193,931.2702652059193,695.9439007346426,1.0,1,0,0,0.0
515,560,cross_plane,410.46376292958837,931.2803073558297,696.3101467896576,1.0,1,0,0,0.0
516,561,cross_plane,410.41852080460654,931.2715225458061,696.6544341583709,1.0,1,0,0,0.0
517,562,cross_plane,410.41133092734117,931.2643304889,696.9596068075862,1.0,1,0,0,0.0
518,563,cross_plane,410.4468599856303,931.2794524190687,697.2131788292601,1.0,1,0,0,0.0
519,564,cross_plane,410.52509332345636,931.2757474232559,697.4061090368277,1.0,1,0,0,0.0
520,565,cross_plane,410.6459986856697,931.2532156485745,697.5321221196155,1.0,1,0,0,0.0
521,566,cross_plane,410.80952626909954,931.2118579897002,697.58734672924,1.0,1,0,0,0.0
522,567,cross_plane,411.01560880124464,930.8235193951987,697.570135733629,1.0,1,0,0,0.0
523,568,cross_plane,411.2641616462668,930.6829975026156,697.4809994179615,1.0,1,0,0,0.0
524,569,cross_plane,411.5550829379732,930.5236723783848,697.3226255751973,1.0,1,0,0,0.0
525,570,cross_plane,411.88825373916535,930.3455503555252,697.0999943419532,1.0,1,0,0,0.0
526,571,cross_plane,412.26353822685473,930.1486385161105,696.820632373577,1.0,1,0,0,0.0
527,572,cross_plane,412.6807839025897,930.1348187641117,696.4951030768907,1.0,1,0,0,0.0
528,573,cross_plane,413.13982182703637,930.3329851962892,696.1379095565635,1.0,1,0,0,0.0
529,574,cross_plane,412.83063899208634,930.5123623115799,695.769086010354,1.0,1,0,0,0.0
530,575,cross_plane,412.39930635784754,930.6729429778696,695.4167280665503,1.0,1,0,0,0.0
531,576,cross_plane,412.0098798698877,930.8147208121151,695.1198691001888,1.0,1,0,0,0.0
532,577,cross_plane,411.66251758802605,930.937690180052,694.9275832564008,1.0,1,0,0,0.0
533,578,cross_plane,410.6555922058466,931.0418461958601,694.8844959673157,1.0,1,0,0,0.0
534,579,cross_plane,410.53183860536336,931.1271847219708,695.0024965209531,1.0,1,0,0,0.0
535,580,cross_plane,410.4507542493138,931.1937023688532,695.250788159854,1.0,1,0,0,0.0
536,581,cross_plane,410.41237256665084,931.2413964948249,695.5795948106883,1.0,1,0,0,0.0
537,582,cross_plane,410.4167093898132,931.2702652059276,695.9439007346463,1.0,1,0,0,0.0
538,583,cross_plane,410.4637629295758,931.2803073558247,696.3101467896519,1.0,1,0,0,0.0
539,584,cross_plane,410.41852080460063,931.2715225458035,696.6544341583673,1.0,1,0,0,0.0
540,585,cross_plane,410.4113309273291,931.2643304888944,696.9596068075783,1.0,1,0,0,0.0
541,586,cross_plane,410.4468599856301,931.2794524190687,697.2131788292592,1.0,1,0,0,0.0
542,587,cross_plane,410.52509332345636,931.2757474232586,697.4061090368317,1.0,1,0,0,0.0
543,588,cross_plane,410.64599868565807,931.2532156485709,697.5321221196094,1.0,1,0,0,0.0
544,589,cross_plane,410.80952626909936,931.2118579897004,697.58734672924,1.0,1,0,0,0.0
545,590,cross_plane,411.01560880124475,930.823519395196,697.5701357336271,1.0,1,0,0,0.0
546,591,cross_plane,411.2641616462669,930.6829975026179,697.4809994179614,1.0,1,0,0,0.0
547,592,cross_plane,411.5550829379738,930.5236723783847,697.3226255751979,1.0,1,0,0,0.0
548,593,cross_plane,411.88825373915284,930.3455503555202,697.0999943419492,1.0,1,0,0,0.0
549,594,cross_plane,412.2635382268546,930.1486385161103,696.8206323735789,1.0,1,0,0,0.0
550,595,cross_plane,412.68078390258916,930.134818764112,696.4951030768931,1.0,1,0,0,0.0
551,596,cross_plane,413.13982182701756,930.3329851962789,696.1379095565522,1.0,1,0,0,0.0
552,643,cross_plane,410.97516940167435,930.8469366681483,695.5186178597518,1.0,1,0,0,0.0
553,598,cross_plane,411.2160445106391,930.7098177417421,695.2003013807379,1.0,1,0,0,0.0
554,599,cross_plane,411.49930776844064,930.5538945177672,694.9712661717545,1.0,1,0,0,0.0
555,600,cross_plane,411.8248433138138,930.3791731937432,694.8801463415895,1.0,1,0,0,0.0
556,601,cross_plane,412.7906136528058,930.1856607161801,694.9513588910777,1.0,1,0,0,0.0
557,602,cross_plane,412.3629984488204,930.0969546656295,695.165536491823,1.0,1,0,0,0.0
558,603,cross_plane,411.9773041040224,930.2985201074837,695.4753945932031,1.0,1,0,0,0.0
559,604,cross_plane,411.6336872125687,930.4812976030345,695.8330931412196,1.0,1,0,0,0.0
560,605,cross_plane,411.33228774897293,930.6452798845847,696.201645028833,1.0,1,0,0,0.0
561,606,cross_plane,411.07322885179696,930.790460433578,696.5545791812965,1.0,1,0,0,0.0
562,607,cross_plane,410.85661663206025,930.9168334802761,696.8729797512357,1.0,1,0,0,0.0
563,608,cross_plane,410.6825400074874,931.0243940034608,697.143121155279,1.0,1,0,0,0.0
564,609,cross_plane,410.55107056291314,931.1131377301847,697.3550195380434,1.0,1,0,0,0.0
565,610,cross_plane,410.46226243759673,931.1830611355796,697.5016189092404,1.0,1,0,0,0.0
566,611,cross_plane,410.4161522396236,931.234161442646,697.5783520873987,1.0,1,0,0,0.0
567,612,cross_plane,410.41275898811716,931.2664366221369,697.5829160014572,1.0,1,0,0,0.0
568,613,cross_plane,410.45208408298697,931.2798853924596,697.5151754165777,1.0,1,0,0,0.0
569,614,cross_plane,410.4243860421979,931.2745072196071,697.3771576256131,1.0,1,0,0,0.0
570,615,cross_plane,410.4094661968528,931.2503023171333,697.1731360299742,1.0,1,0,0,0.0
571,616,cross_plane,410.43726605641865,931.2072716461504,696.9098351685844,1.0,1,0,0,0.0
572,617,cross_plane,410.507774152612,931.1454169153947,696.5968358532997,1.0,1,0,0,0.0
573,618,cross_plane,410.6209614118099,931.0647405813045,696.2473297423013,1.0,1,0,0,0.0
574,619,cross_plane,410.7767812010287,930.9652458481427,695.8794708101954,1.0,1,0,0,0.0
575,620,cross_plane,410.9751694016613,930.8469366681435,695.5186178597451,1.0,1,0,0,0.0
576,621,cross_plane,411.2160445106332,930.7098177417404,695.2003013807351,1.0,1,0,0,0.0
577,622,cross_plane,411.49930776843564,930.5538945177663,694.9712661717504,1.0,1,0,0,0.0
578,623,cross_plane,411.8248433138138,930.3791731937424,694.880146341589,1.0,1,0,0,0.0
579,624,cross_plane,412.79061365281154,930.1856607161844,694.9513588910828,1.0,1,0,0,0.0
580,625,cross_plane,412.36299844881427,930.0969546656268,695.1655364918189,1.0,1,0,0,0.0
581,626,cross_plane,411.9773041040224,930.2985201074833,695.475394593199,1.0,1,0,0,0.0
582,627,cross_plane,411.63368721256234,930.4812976030316,695.833093141216,1.0,1,0,0,0.0
583,628,cross_plane,411.33228774897293,930.6452798845868,696.2016450288369,1.0,1,0,0,0.0
584,629,cross_plane,411.07322885179036,930.7904604335813,696.5545791812966,1.0,1,0,0,0.0
585,630,cross_plane,410.85661663206645,930.9168334802732,696.8729797512373,1.0,1,0,0,0.0
586,631,cross_plane,410.68254000749323,931.0243940034584,697.1431211552775,1.0,1,0,0,0.0
587,632,cross_plane,410.5510705629136,931.1131377301916,697.3550195380457,1.0,1,0,0,0.0
588,633,cross_plane,410.46226243759673,931.1830611355829,697.5016189092444,1.0,1,0,0,0.0
589,634,cross_plane,410.4161522396291,931.2341614426457,697.5783520873987,1.0,1,0,0,0.0
590,635,cross_plane,410.41275898810494,931.2664366221373,697.5829160014569,1.0,1,0,0,0.0
591,636,cross_plane,410.45208408298043,931.2798853924573,697.5151754165739,1.0,1,0,0,0.0
592,637,cross_plane,410.42438604219734,931.2745072196076,697.377157625611,1.0,1,0,0,0.0
593,638,cross_plane,410.4094661968591,931.2503023171362,697.1731360299758,1.0,1,0,0,0.0
594,639,cross_plane,410.4372660564189,931.2072716461529,696.9098351685844,1.0,1,0,0,0.0
595,640,cross_plane,410.5077741526185,931.1454169153922,696.5968358533014,1.0,1,0,0,0.0
596,641,cross_plane,410.62096141181615,931.0647405813074,696.2473297423048,1.0,1,0,0,0.0
597,642,cross_plane,410.7767812010104,930.9652458481379,695.8794708101832,1.0,1,0,0,0.0
598,689,cross_plane,410.44180339458956,931.2788470135314,695.2887357870601,1.0,1,0,0,0.0
599,644,cross_plane,410.43164981209543,931.2768754848414,695.0275282383772,1.0,1,0,0,0.0
600,645,cross_plane,410.40900020021957,931.2560771324917,694.8907512418401,1.0,1,0,0,0.0
601,646,cross_plane,410.79268984212763,931.2164527823288,694.9132868677762,1.0,1,0,0,0.0
602,647,cross_plane,410.99485746339457,931.1580040078023,695.0888792746173,1.0,1,0,0,0.0
603,648,cross_plane,411.2395039126767,931.0807331300496,695.3754159475297,1.0,1,0,0,0.0
604,649,cross_plane,411.5265289039624,930.9846432180095,695.7231892941128,1.0,1,0,0,0.0
605,650,cross_plane,411.8558150645208,930.8697380885625,696.0916869678571,1.0,1,0,0,0.0
606,651,cross_plane,412.22722811765067,930.7360223067399,696.4515816188701,1.0,1,0,0,0.0
607,652,cross_plane,412.64061709083927,930.5835011859408,696.7819843846455,1.0,1,0,0,0.0
608,653,cross_plane,413.0958145480685,930.412180788182,697.0678019450974,1.0,1,0,0,0.0
609,654,cross_plane,412.8724541868566,930.22206792444,697.2980363231059,1.0,1,0,0,0.0
610,655,cross_plane,412.43727162703385,930.0584756908678,697.4648123975294,1.0,1,0,0,0.0
611,656,cross_plane,412.04397983414646,930.2634398799088,697.562847493542,1.0,1,0,0,0.0
612,657,cross_plane,411.69273838452466,930.9271542455601,697.5891741807372,1.0,1,0,0,0.0
613,658,cross_plane,411.38369027669734,931.0330426577999,697.5430112400041,1.0,1,0,0,0.0
614,659,cross_plane,411.116961710522,931.1201139300395,697.4257327740564,1.0,1,0,0,0.0
615,660,cross_plane,410.8926618910952,931.1883646038652,697.2409233871143,1.0,1,0,0,0.0
616,661,cross_plane,410.7108828583296,931.2377919687553,696.9945409762328,1.0,1,0,0,0.0
617,662,cross_plane,410.5716993424718,931.2683940619073,696.6952499748282,1.0,1,0,0,0.0
618,663,cross_plane,410.4751686466097,931.2801696681696,696.355049918065,1.0,1,0,0,0.0
619,664,cross_plane,410.4213305561095,931.2731183199738,695.9904159679463,1.0,1,0,0,0.0
620,665,cross_plane,410.41020727576966,931.2619916402705,695.6242509746827,1.0,1,0,0,0.0
621,666,cross_plane,410.44180339458467,931.2788470135287,695.2887357870555,1.0,1,0,0,0.0
622,667,cross_plane,410.43164981209304,931.2768754848387,695.0275282383758,1.0,1,0,0,0.0
623,668,cross_plane,410.40900020021826,931.2560771324919,694.8907512418399,1.0,1,0,0,0.0
624,669,cross_plane,410.7926898421211,931.216452782327,694.9132868677747,1.0,1,0,0,0.0
625,670,cross_plane,410.9948574634009,931.1580040078048,695.0888792746213,1.0,1,0,0,0.0
626,671,cross_plane,411.23950391268227,931.0807331300527,695.3754159475299,1.0,1,0,0,0.0
627,672,cross_plane,411.5265289039621,930.9846432180057,695.7231892941128,1.0,1,0,0,0.0
628,673,cross_plane,411.8558150645205,930.8697380885637,696.0916869678553,1.0,1,0,0,0.0
629,674,cross_plane,412.22722811765715,930.7360223067433,696.4515816188742,1.0,1,0,0,0.0
630,675,cross_plane,412.64061709083285,930.5835011859382,696.7819843846434,1.0,1,0,0,0.0
631,676,cross_plane,413.0958145480749,930.412180788183,697.0678019450994,1.0,1,0,0,0.0
632,677,cross_plane,412.8724541868437,930.2220679244376,697.2980363231032,1.0,1,0,0,0.0
633,678,cross_plane,412.43727162704596,930.0584756908693,697.4648123975353,1.0,1,0,0,0.0
634,679,cross_plane,412.0439798341415,930.263439879914,697.5628474935462,1.0,1,0,0,0.0
635,680,cross_plane,411.6927383845184,930.9271542455601,697.5891741807354,1.0,1,0,0,0.0
636,681,cross_plane,411.383690276704,931.0330426577987,697.5430112400082,1.0,1,0,0,0.0
637,682,cross_plane,411.11696171052216,931.1201139300342,697.4257327740543,1.0,1,0,0,0.0
638,683,cross_plane,410.89266189110754,931.1883646038657,697.2409233871164,1.0,1,0,0,0.0
639,684,cross_plane,410.7108828583349,931.2377919687613,696.9945409762346,1.0,1,0,0,0.0
640,685,cross_plane,410.571699342484,931.2683940619082,696.695249974828,1.0,1,0,0,0.0
641,686,cross_plane,410.4751686466155,931.2801696681747,696.3550499180691,1.0,1,0,0,0.0
642,687,cross_plane,410.4213305561164,931.2731183199733,695.99041596795,1.0,1,0,0,0.0
643,688,cross_plane,410.4102072757577,931.2619916402645,695.6242509746752,1.0,1,0,0,0.0
644,735,cross_plane,411.16208377561327,931.1057533839701,695.0950816460881,1.0,1,0,0,0.0
645,690,cross_plane,410.9300993703658,931.1774097705977,694.9160136104982,1.0,1,0,0,0.0
646,691,cross_plane,410.41861244761793,931.23024328333,694.8892599645136,1.0,1,0,0,0.0
647,692,cross_plane,410.4112857685256,931.2642518240796,695.0222406073208,1.0,1,0,0,0.0
648,693,cross_plane,410.4466780436373,931.2794340424164,695.2808717700769,1.0,1,0,0,0.0
649,694,cross_plane,410.4279074461717,931.2757893354972,695.615071313225,1.0,1,0,0,0.0
650,695,cross_plane,410.4090542872463,931.256930266098,695.980897639272,1.0,1,0,0,0.0
651,696,cross_plane,410.4329210032037,931.2771922203787,696.3458911642375,1.0,1,0,0,0.0
652,697,cross_plane,410.49949774806163,931.2786273384163,696.6869490396535,1.0,1,0,0,0.0
653,698,cross_plane,410.60875706767905,931.2612355632356,696.9874593107314,1.0,1,0,0,0.0
654,699,cross_plane,410.76065394315316,931.2250175854074,697.2353243796284,1.0,1,0,0,0.0
655,700,cross_plane,410.9551258620702,931.1699748431107,697.4218035195112,1.0,1,0,0,0.0
656,701,cross_plane,411.19209291701014,931.0961095221755,697.5408743033,1.0,1,0,0,0.0
657,702,cross_plane,411.4714579312858,931.0034245562242,697.5888936547739,1.0,1,0,0,0.0
658,703,cross_plane,411.7931066111009,930.3960459500801,697.5644316691956,1.0,1,0,0,0.0
659,704,cross_plane,412.1569077237555,930.2042633304522,697.4682140848369,1.0,1,0,0,0.0
660,705,cross_plane,412.56271330124207,930.0774515208547,697.3031509494589,1.0,1,0,0,0.0
661,706,cross_plane,413.0103588682216,930.2807464439517,697.074462688111,1.0,1,0,0,0.0
662,707,cross_plane,412.9556605508904,930.4652541275805,696.7899524649314,1.0,1,0,0,0.0
663,708,cross_plane,412.51291639541273,930.6309672350534,696.4605281369835,1.0,1,0,0,0.0
664,709,cross_plane,412.1120323797589,930.7778791788546,696.1011601379979,1.0,1,0,0,0.0
665,710,cross_plane,411.7531710544847,930.9059841203089,695.7325590375889,1.0,1,0,0,0.0
666,711,cross_plane,411.4364784348515,931.0152769692918,695.3837960832935,1.0,1,0,0,0.0
667,712,cross_plane,411.1620837756089,931.1057533839663,695.095081646083,1.0,1,0,0,0.0
668,713,cross_plane,410.9300993703655,931.1774097705963,694.9160136104983,1.0,1,0,0,0.0
669,714,cross_plane,410.41861244762435,931.2302432833261,694.889259964512,1.0,1,0,0,0.0
670,715,cross_plane,410.41128576853174,931.2642518240816,695.0222406073244,1.0,1,0,0,0.0
671,716,cross_plane,410.4466780436376,931.2794340424176,695.2808717700796,1.0,1,0,0,0.0
672,717,cross_plane,410.42790744617133,931.2757893354992,695.6150713132229,1.0,1,0,0,0.0
673,718,cross_plane,410.40905428724665,931.256930266098,695.9808976392723,1.0,1,0,0,0.0
674,719,cross_plane,410.4329210032037,931.2771922203767,696.3458911642352,1.0,1,0,0,0.0
675,720,cross_plane,410.49949774806777,931.2786273384189,696.6869490396576,1.0,1,0,0,0.0
676,721,cross_plane,410.60875706766615,931.2612355632323,696.9874593107255,1.0,1,0,0,0.0
677,722,cross_plane,410.76065394314736,931.2250175854047,697.2353243796246,1.0,1,0,0,0.0
678,723,cross_plane,410.9551258620577,931.1699748431054,697.4218035195037,1.0,1,0,0,0.0
679,724,cross_plane,411.19209291701054,931.0961095221743,697.5408743032998,1.0,1,0,0,0.0
680,725,cross_plane,411.4714579312915,931.003424556227,697.5888936547777,1.0,1,0,0,0.0
681,726,cross_plane,411.79310661108866,930.3960459500755,697.56443166919,1.0,1,0,0,0.0
682,727,cross_plane,412.1569077237558,930.2042633304555,697.4682140848369,1.0,1,0,0,0.0
683,728,cross_plane,412.5627133012293,930.077451520854,697.3031509494571,1.0,1,0,0,0.0
684,729,cross_plane,413.01035886823416,930.2807464439517,697.0744626881107,1.0,1,0,0,0.0
685,730,cross_plane,412.95566055089046,930.4652541275851,696.7899524649318,1.0,1,0,0,0.0
686,731,cross_plane,412.5129163954059,930.630967235048,696.4605281369795,1.0,1,0,0,0.0
687,732,cross_plane,412.11203237975224,930.7778791788539,696.1011601379978,1.0,1,0,0,0.0
688,733,cross_plane,411.7531710544845,930.9059841203089,695.7325590375889,1.0,1,0,0,0.0
689,734,cross_plane,411.4364784348265,931.0152769692871,695.3837960832822,1.0,1,0,0,0.0
690,781,cross_plane,412.48617943908204,930.03865968627,694.9552486977955,1.0,1,0,0,0.0
691,736,cross_plane,412.0784362934317,930.2453532212805,694.8799319511913,1.0,1,0,0,0.0
692,737,cross_plane,411.7233168884799,930.4332609244308,694.9670091430468,1.0,1,0,0,0.0
693,738,cross_plane,411.41037835791064,930.6023753234371,695.1930688651465,1.0,1,0,0,0.0
694,739,cross_plane,411.13974845687113,930.7526896952493,695.5097159302478,1.0,1,0,0,0.0
695,740,cross_plane,410.91153796274773,930.8841980657138,695.8699695685908,1.0,1,0,0,0.0
696,741,cross_plane,410.7258405023433,930.9968952092821,696.2380031633274,1.0,1,0,0,0.0
697,742,cross_plane,410.58273240499744,931.0907766487398,696.5882343379193,1.0,1,0,0,0.0
698,743,cross_plane,410.4822725825692,931.1658386549925,696.9023561434141,1.0,1,0,0,0.0
699,744,cross_plane,410.42450243640565,931.222078246873,697.1670694034941,1.0,1,0,0,0.0
700,745,cross_plane,410.4094457918934,931.2594931910072,697.3727117954782,1.0,1,0,0,0.0
701,746,cross_plane,410.43710886072216,931.2780820016789,697.5124914700235,1.0,1,0,0,0.0
702,747,cross_plane,410.4358828209448,931.2778439407753,697.5820751678278,1.0,1,0,0,0.0
703,748,cross_plane,410.409300038152,931.2587790177657,697.5793792673909,1.0,1,0,0,0.0
704,749,cross_plane,410.42543702883233,931.2208879896505,697.5044836495023,1.0,1,0,0,0.0
705,750,cross_plane,410.4842871356249,931.1641723610527,697.359634832471,1.0,1,0,0,0.0
706,751,cross_plane,410.58582608807063,931.0886343842569,697.1493396042006,1.0,1,0,0,0.0
707,752,cross_plane,410.73001204106055,930.9942770593375,696.8805855912657,1.0,1,0,0,0.0
708,753,cross_plane,410.91678564103347,930.8811041343226,696.5632731761198,1.0,1,0,0,0.0
709,754,cross_plane,411.14607011957014,930.749120105329,696.2110168956724,1.0,1,0,0,0.0
710,755,cross_plane,411.4177714142554,930.5983302168436,695.8425736974417,1.0,1,0,0,0.0
711,756,cross_plane,411.73177831610144,930.4287404619595,695.4841829579186,1.0,1,0,0,0.0
712,757,cross_plane,412.0879626430647,930.2403575826637,695.1725318608566,1.0,1,0,0,0.0
713,758,cross_plane,412.48617943907897,930.0386596862646,694.9552486977927,1.0,1,0,0,0.0
714,759,cross_plane,412.0784362934257,930.2453532212836,694.8799319511909,1.0,1,0,0,0.0
715,760,cross_plane,411.72331688847447,930.4332609244286,694.9670091430413,1.0,1,0,0,0.0
716,761,cross_plane,411.4103783579045,930.6023753234389,695.1930688651456,1.0,1,0,0,0.0
717,762,cross_plane,411.13974845687085,930.7526896952505,695.5097159302518,1.0,1,0,0,0.0
718,763,cross_plane,410.9115379627539,930.8841980657106,695.8699695685909,1.0,1,0,0,0.0
719,764,cross_plane,410.7258405023437,930.996895209279,696.2380031633255,1.0,1,0,0,0.0
720,765,cross_plane,410.58273240499193,931.0907766487372,696.5882343379154,1.0,1,0,0,0.0
721,766,cross_plane,410.48227258258675,931.1658386549904,696.902356143416,1.0,1,0,0,0.0
722,767,cross_plane,410.42450243641247,931.2220782468705,697.1670694034943,1.0,1,0,0,0.0
723,768,cross_plane,410.40944579188766,931.259493191008,697.3727117954778,1.0,1,0,0,0.0
724,769,cross_plane,410.4371088607098,931.2780820016735,697.5124914700199,1.0,1,0,0,0.0
725,770,cross_plane,410.43588282094424,931.277843940781,697.5820751678278,1.0,1,0,0,0.0
726,771,cross_plane,410.40930003815873,931.2587790177728,697.5793792673929,1.0,1,0,0,0.0
727,772,cross_plane,410.42543702883194,931.220887989653,697.5044836495023,1.0,1,0,0,0.0
728,773,cross_plane,410.48428713562583,931.1641723610533,697.3596348324687,1.0,1,0,0,0.0
729,774,cross_plane,410.5858260880579,931.0886343842516,697.149339604197,1.0,1,0,0,0.0
730,775,cross_plane,410.73001204105424,930.9942770593375,696.8805855912619,1.0,1,0,0,0.0
731,776,cross_plane,410.91678564103364,930.881104134318,696.5632731761197,1.0,1,0,0,0.0
732,777,cross_plane,411.14607011957014,930.7491201053265,696.2110168956724,1.0,1,0,0,0.0
733,778,cross_plane,411.41777141426195,930.5983302168501,695.8425736974453,1.0,1,0,0,0.0
734,779,cross_plane,411.73177831610775,930.4287404619614,695.4841829579224,1.0,1,0,0,0.0
735,780,cross_plane,412.08796264304686,930.2403575826582,695.1725318608443,1.0,1,0,0,0.0
736,827,cross_plane,410.5642914615867,931.1036972381472,694.8855645296244,1.0,1,0,0,0.0
737,782,cross_plane,411.44396656739485,931.012744921207,694.9244594354392,1.0,1,0,0,0.0
738,783,cross_plane,411.7617272689729,930.902976270552,695.1133887653459,1.0,1,0,0,0.0
739,784,cross_plane,412.12165318923803,930.774395646927,695.4082002761801,1.0,1,0,0,0.0
740,785,cross_plane,412.5235978918865,930.6270081593847,695.759670919324,1.0,1,0,0,0.0
741,786,cross_plane,412.96739841129994,930.4608196655319,696.1284641972343,1.0,1,0,0,0.0
742,787,cross_plane,412.9985239763446,930.2758367718299,696.4862364470636,1.0,1,0,0,0.0
743,788,cross_plane,412.55193435462985,930.072066833915,696.8127819099564,1.0,1,0,0,0.0
744,789,cross_plane,412.1471890833524,930.2093449290677,697.0934787596352,1.0,1,0,0,0.0
745,790,cross_plane,411.7844522233644,930.4006524070884,697.3176758187933,1.0,1,0,0,0.0
746,791,cross_plane,411.46387132217967,930.573167877508,697.4777757492457,1.0,1,0,0,0.0
747,792,cross_plane,411.18557718652585,930.726884481736,697.568736827102,1.0,1,0,0,0.0
748,793,cross_plane,410.94968367938395,931.171598833451,697.587814180638,1.0,1,0,0,0.0
749,794,cross_plane,410.75628754252,931.2261655340661,697.534442107367,1.0,1,0,0,0.0
750,795,cross_plane,410.60546824484,931.2619074246238,697.4102117853539,1.0,1,0,0,0.0
751,796,cross_plane,410.4972878574883,931.2788230858589,697.2189356640662,1.0,1,0,0,0.0
752,797,cross_plane,410.4317909559128,931.2769118461035,696.9668236571212,1.0,1,0,0,0.0
753,798,cross_plane,410.4090045493776,931.2561737812327,696.6628390238889,1.0,1,0,0,0.0
754,799,cross_plane,410.42893803823955,931.2761135477151,696.3193666373357,1.0,1,0,0,0.0
755,800,cross_plane,410.44525657272186,931.2792821331487,695.9534206054528,1.0,1,0,0,0.0
756,801,cross_plane,410.4109445251442,931.2636237993596,695.5886920615517,1.0,1,0,0,0.0
757,802,cross_plane,410.4193515725553,931.2291391680976,695.2584548162619,1.0,1,0,0,0.0
758,803,cross_plane,410.47047424653124,931.1758296086905,695.0074529997604,1.0,1,0,0,0.0
759,804,cross_plane,410.5642914615764,931.1036972381393,694.8855645296177,1.0,1,0,0,0.0
760,805,cross_plane,411.44396656740093,931.0127449212074,694.9244594354395,1.0,1,0,0,0.0
761,806,cross_plane,411.76172726897323,930.902976270552,695.1133887653459,1.0,1,0,0,0.0
762,807,cross_plane,412.12165318924383,930.7743956469295,695.4082002761802,1.0,1,0,0,0.0
763,808,cross_plane,412.5235978918865,930.6270081593856,695.7596709193239,1.0,1,0,0,0.0
764,809,cross_plane,412.9673984113001,930.4608196655289,696.1284641972323,1.0,1,0,0,0.0
765,810,cross_plane,412.9985239763503,930.2758367718302,696.4862364470633,1.0,1,0,0,0.0
766,811,cross_plane,412.5519343546243,930.0720668339146,696.8127819099564,1.0,1,0,0,0.0
767,812,cross_plane,412.14718908334595,930.2093449290754,697.0934787596394,1.0,1,0,0,0.0
768,813,cross_plane,411.7844522233586,930.4006524070876,697.3176758187932,1.0,1,0,0,0.0
769,814,cross_plane,411.46387132219246,930.5731678775124,697.4777757492496,1.0,1,0,0,0.0
770,815,cross_plane,411.1855771865322,930.7268844817311,697.5687368271018,1.0,1,0,0,0.0
771,816,cross_plane,410.9496836794087,931.1715988334514,697.5878141806461,1.0,1,0,0,0.0
772,817,cross_plane,410.7562875425379,931.2261655340661,697.534442107371,1.0,1,0,0,0.0
773,818,cross_plane,410.60546824484544,931.261907424623,697.4102117853539,1.0,1,0,0,0.0
774,819,cross_plane,410.4972878574952,931.2788230858638,697.2189356640705,1.0,1,0,0,0.0
775,820,cross_plane,410.43179095590654,931.2769118461035,696.9668236571207,1.0,1,0,0,0.0
776,821,cross_plane,410.4090045493782,931.2561737812389,696.662839023893,1.0,1,0,0,0.0
777,822,cross_plane,410.428938038233,931.2761135477238,696.3193666373395,1.0,1,0,0,0.0
778,823,cross_plane,410.44525657272163,931.2792821331508,695.9534206054528,1.0,1,0,0,0.0
779,824,cross_plane,410.41094452515046,931.2636237993629,695.5886920615558,1.0,1,0,0,0.0
780,825,cross_plane,410.419351572561,931.2291391680976,695.2584548162662,1.0,1,0,0,0.0
781,826,cross_plane,410.47047424652493,931.1758296086872,695.0074529997568,1.0,1,0,0,0.0
782,873,cross_plane,410.44047790769247,931.2786527907531,694.8956604408226,1.0,1,0,0,0.0
783,828,cross_plane,410.409962046958,931.261321303484,695.0432530849354,1.0,1,0,0,0.0
784,829,cross_plane,410.42216568656704,931.2735286830936,695.3117037789293,1.0,1,0,0,0.0
785,830,cross_plane,410.47708379180614,931.2801039107378,695.6508539407487,1.0,1,0,0,0.0
786,831,cross_plane,410.57469371274743,931.2678521865288,696.0178785059626,1.0,1,0,0,0.0
787,832,cross_plane,410.7149552200879,931.236773996949,696.3813909462342,1.0,1,0,0,0.0
788,833,cross_plane,410.89781056881606,931.1868705760514,696.719054811616,1.0,1,0,0,0.0
789,834,cross_plane,411.1231845893588,931.1181439055465,697.0147826474358,1.0,1,0,0,0.0
790,835,cross_plane,411.39098480582845,931.0305967148715,697.2568538593536,1.0,1,0,0,0.0
791,836,cross_plane,411.70110158113073,930.9242324813597,697.4368219735561,1.0,1,0,0,0.0
792,837,cross_plane,412.0534082880444,930.7990554303725,697.5489141579793,1.0,1,0,0,0.0
793,838,cross_plane,412.44776150600137,930.655070535554,697.5897139973499,1.0,1,0,0,0.0
794,839,cross_plane,412.8840012424558,930.2271073045083,697.5580082566595,1.0,1,0,0,0.0
795,840,cross_plane,413.08378908606556,930.4167450096122,697.4547384051331,1.0,1,0,0,0.0
796,841,cross_plane,412.6296467412479,930.5875900672489,697.2830379674689,1.0,1,0,0,0.0
797,842,cross_plane,412.21731731570003,930.7396356853892,697.0483702989072,1.0,1,0,0,0.0
798,843,cross_plane,411.8469678321415,930.8728758209601,696.7588201416139,1.0,1,0,0,0.0
799,844,cross_plane,411.51874884362974,930.9873051794757,696.4256491391471,1.0,1,0,0,0.0
800,845,cross_plane,411.232794201824,931.0829192148464,696.064311568825,1.0,1,0,0,0.0
801,846,cross_plane,410.9892208494872,931.1597141290924,695.6962209111758,1.0,1,0,0,0.0
802,847,cross_plane,410.78812863837436,931.2176868722013,695.3514551486824,1.0,1,0,0,0.0
803,848,cross_plane,410.6296001728991,931.2568351419488,695.0713940591601,1.0,1,0,0,0.0
804,849,cross_plane,410.5137006802592,931.2771573837706,694.9059991348507,1.0,1,0,0,0.0
805,850,cross_plane,410.4404779076879,931.278652790743,694.8956604408172,1.0,1,0,0,0.0
806,851,cross_plane,410.409962046958,931.2613213034871,695.0432530849336,1.0,1,0,0,0.0
807,852,cross_plane,410.42216568656113,931.2735286830896,695.3117037789274,1.0,1,0,0,0.0
808,853,cross_plane,410.4770837918123,931.2801039107394,695.6508539407508,1.0,1,0,0,0.0
809,854,cross_plane,410.57469371274766,931.2678521865322,696.0178785059646,1.0,1,0,0,0.0
810,855,cross_plane,410.71495522008223,931.2367739969471,696.3813909462324,1.0,1,0,0,0.0
811,856,cross_plane,410.8978105688163,931.1868705760518,696.7190548116163,1.0,1,0,0,0.0
812,857,cross_plane,411.1231845893524,931.1181439055439,697.0147826474316,1.0,1,0,0,0.0
813,858,cross_plane,411.39098480583476,931.0305967148738,697.2568538593574,1.0,1,0,0,0.0
814,859,cross_plane,411.7011015811308,930.9242324813567,697.4368219735521,1.0,1,0,0,0.0
815,860,cross_plane,412.05340828804424,930.799055430372,697.5489141579798,1.0,1,0,0,0.0
816,861,cross_plane,412.44776150599546,930.6550705355511,697.5897139973455,1.0,1,0,0,0.0
817,862,cross_plane,412.88400124246255,930.2271073045196,697.5580082566634,1.0,1,0,0,0.0
818,863,cross_plane,413.0837890860593,930.4167450096182,697.454738405137,1.0,1,0,0,0.0
819,864,cross_plane,412.6296467412351,930.5875900672438,697.2830379674646,1.0,1,0,0,0.0
820,865,cross_plane,412.217317315706,930.7396356853887,697.0483702989114,1.0,1,0,0,0.0
821,866,cross_plane,411.8469678321413,930.8728758209544,696.7588201416102,1.0,1,0,0,0.0
822,867,cross_plane,411.51874884363605,930.9873051794702,696.425649139147,1.0,1,0,0,0.0
823,868,cross_plane,411.23279420183553,931.0829192148409,696.0643115688252,1.0,1,0,0,0.0
824,869,cross_plane,410.98922084949317,931.1597141290924,695.6962209111757,1.0,1,0,0,0.0
825,870,cross_plane,410.78812863838664,931.2176868722066,695.3514551486866,1.0,1,0,0,0.0
826,871,cross_plane,410.6296001728993,931.2568351419484,695.07139405916,1.0,1,0,0,0.0
827,872,cross_plane,410.513700680247,931.27715738377,694.905999134843,1.0,1,0,0,0.0
828,919,cross_plane,410.96962827360744,930.8501604760603,694.9840701696024,1.0,1,0,0,0.0
829,874,cross_plane,410.7723156675649,930.967993906285,695.2215034221135,1.0,1,0,0,0.0
830,875,cross_plane,410.6175733092119,931.0670127805081,695.5444630549454,1.0,1,0,0,0.0
831,876,cross_plane,410.50546487608443,931.1472131654103,695.9069152393,1.0,1,0,0,0.0
832,877,cross_plane,410.43603655785756,931.2085918756375,696.2741773835836,1.0,1,0,0,0.0
833,878,cross_plane,410.409316983421,931.2511464736651,696.6215243721199,1.0,1,0,0,0.0
834,879,cross_plane,410.4253171754574,931.2748752696651,696.9312355144257,1.0,1,0,0,0.0
835,880,cross_plane,410.4505631743975,931.2797773214252,697.1904246120747,1.0,1,0,0,0.0
836,881,cross_plane,410.41231827167485,931.2658524342983,697.3897434186077,1.0,1,0,0,0.0
837,882,cross_plane,410.4167918971794,931.2703274111666,697.5226602279567,1.0,1,0,0,0.0
838,883,cross_plane,410.46398220523844,931.2803092724744,697.5850736767815,1.0,1,0,0,0.0
839,884,cross_plane,410.55386973146744,931.1111254067678,697.5751187581881,1.0,1,0,0,0.0
840,885,cross_plane,410.6864174235433,931.0219057694736,697.4930904989869,1.0,1,0,0,0.0
841,886,cross_plane,410.8615706998901,930.913869434562,697.3414555505597,1.0,1,0,0,0.0
842,887,cross_plane,411.07925753583095,930.7870206938993,697.1249562262833,1.0,1,0,0,0.0
843,888,cross_plane,411.3393885770095,930.6413645876311,696.8508474329418,1.0,1,0,0,0.0
844,889,cross_plane,411.6418572796062,930.4769069044197,696.5293569230931,1.0,1,0,0,0.0
845,890,cross_plane,411.9865400768566,930.2936541817726,696.1745361149746,1.0,1,0,0,0.0
846,891,cross_plane,412.37329657115447,930.0916137063309,695.8057683470648,1.0,1,0,0,0.0
847,892,cross_plane,412.8019697510668,930.1907860528999,695.4502052353129,1.0,1,0,0,0.0
848,893,cross_plane,413.1704172367064,930.3838234066714,695.1457034993618,1.0,1,0,0,0.0
849,894,cross_plane,412.70872816887197,930.5580694220115,694.9406741347335,1.0,1,0,0,0.0
850,895,cross_plane,411.20943006239935,930.7135171713389,694.8813833583641,1.0,1,0,0,0.0
851,896,cross_plane,410.96962827359687,930.8501604760614,694.9840701696018,1.0,1,0,0,0.0
852,897,cross_plane,410.7723156675711,930.967993906282,695.2215034221135,1.0,1,0,0,0.0
853,898,cross_plane,410.6175733092119,931.067012780508,695.5444630549413,1.0,1,0,0,0.0
854,899,cross_plane,410.50546487609034,931.1472131654076,695.9069152393,1.0,1,0,0,0.0
855,900,cross_plane,410.4360365578821,931.2085918756403,696.2741773835878,1.0,1,0,0,0.0
856,901,cross_plane,410.40931698342683,931.2511464736623,696.6215243721199,1.0,1,0,0,0.0
857,902,cross_plane,410.4253171754512,931.2748752696679,696.9312355144257,1.0,1,0,0,0.0
858,903,cross_plane,410.4505631743914,931.2797773214227,697.1904246120708,1.0,1,0,0,0.0
859,904,cross_plane,410.41231827167474,931.2658524342979,697.3897434186077,1.0,1,0,0,0.0
860,905,cross_plane,410.41679189717325,931.270327411164,697.5226602279527,1.0,1,0,0,0.0
861,906,cross_plane,410.46398220523224,931.2803092724718,697.5850736767775,1.0,1,0,0,0.0
862,907,cross_plane,410.5538697314551,931.1111254067627,697.5751187581803,1.0,1,0,0,0.0
863,908,cross_plane,410.68641742354333,931.0219057694711,697.4930904989866,1.0,1,0,0,0.0
864,909,cross_plane,410.8615706998902,930.9138694345622,697.3414555505598,1.0,1,0,0,0.0
865,910,cross_plane,411.0792575358312,930.7870206938991,697.1249562262796,1.0,1,0,0,0.0
866,911,cross_plane,411.3393885770094,930.6413645876311,696.8508474329414,1.0,1,0,0,0.0
867,912,cross_plane,411.64185727960006,930.4769069044175,696.5293569230895,1.0,1,0,0,0.0
868,913,cross_plane,411.98654007685064,930.2936541817699,696.1745361149706,1.0,1,0,0,0.0
869,914,cross_plane,412.3732965711484,930.0916137063308,695.8057683470611,1.0,1,0,0,0.0
870,915,cross_plane,412.80196975106077,930.1907860528943,695.4502052353085,1.0,1,0,0,0.0
871,916,cross_plane,413.1704172367061,930.383823406677,695.1457034993655,1.0,1,0,0,0.0
872,917,cross_plane,412.70872816887174,930.5580694220118,694.9406741347335,1.0,1,0,0,0.0
873,918,cross_plane,411.20943006239946,930.713517171323,694.8813833583523,1.0,1,0,0,0.0
874,965,cross_plane,412.84208889819797,930.5080576220547,695.1389588348035,1.0,1,0,0,0.0
875,920,cross_plane,413.12769945437327,930.3282052466762,695.4415414752325,1.0,1,0,0,0.0
876,921,cross_plane,412.6697162134252,930.1295637444908,695.7963164145164,1.0,1,0,0,0.0
877,922,cross_plane,412.2535296941532,930.1538498027959,696.1651245903549,1.0,1,0,0,0.0
878,923,cross_plane,411.87930842315285,930.3502865539036,696.5205745130646,1.0,1,0,0,0.0
879,924,cross_plane,411.54720447998864,930.5279333001233,696.8431177485471,1.0,1,0,0,0.0
880,925,cross_plane,411.2573532631164,930.6867829783339,697.1185881006264,1.0,1,0,0,0.0
881,926,cross_plane,411.0098732801672,930.8268292744451,697.336672259562,1.0,1,0,0,0.0
882,927,cross_plane,410.80486596345503,930.9480666231,697.4900458320495,1.0,1,0,0,0.0
883,928,cross_plane,410.642415511232,931.050490207395,697.5739055354117,1.0,1,0,0,0.0
884,929,cross_plane,410.52258875541037,931.2760731601267,697.5857279157964,1.0,1,0,0,0.0
885,930,cross_plane,410.44543505625387,931.2793020344648,697.5251625712882,1.0,1,0,0,0.0
886,931,cross_plane,410.4109862243143,931.2637039887907,697.3940183794438,1.0,1,0,0,0.0
887,932,cross_plane,410.41925647017075,931.2719767465067,697.1963373433209,1.0,1,0,0,0.0
888,933,cross_plane,410.4620466198335,931.280285436676,696.9385848462572,1.0,1,0,0,0.0
889,934,cross_plane,410.41607319171885,931.269767167794,696.6300294703632,1.0,1,0,0,0.0
890,935,cross_plane,410.41281674267117,931.2404223574962,696.2834532300909,1.0,1,0,0,0.0
891,936,cross_plane,410.45227861617775,931.1922521710084,695.9164294985736,1.0,1,0,0,0.0
892,937,cross_plane,410.53444253440904,931.1252585212004,695.5534678371778,1.0,1,0,0,0.0
893,938,cross_plane,410.659274623947,931.0394440686597,695.2289596454975,1.0,1,0,0,0.0
894,939,cross_plane,410.82672346945685,930.9348122218374,694.9886829517292,1.0,1,0,0,0.0
895,940,cross_plane,411.0367201948778,930.811367137231,694.88202584991,1.0,1,0,0,0.0
896,941,cross_plane,412.4096986789236,930.6691137195662,694.9371623281628,1.0,1,0,0,0.0
897,942,cross_plane,412.8420888981934,930.5080576220527,695.1389588348006,1.0,1,0,0,0.0
898,943,cross_plane,413.12769945437327,930.328205246679,695.4415414752326,1.0,1,0,0,0.0
899,944,cross_plane,412.66971621341906,930.1295637444882,695.7963164145161,1.0,1,0,0,0.0
900,945,cross_plane,412.253529694141,930.1538498027932,696.1651245903549,1.0,1,0,0,0.0
901,946,cross_plane,411.8793084231468,930.3502865539066,696.5205745130644,1.0,1,0,0,0.0
902,947,cross_plane,411.54720447998875,930.5279333001234,696.8431177485451,1.0,1,0,0,0.0
903,948,cross_plane,411.2573532631105,930.6867829783365,697.1185881006262,1.0,1,0,0,0.0
904,949,cross_plane,411.0098732801734,930.8268292744451,697.3366722595623,1.0,1,0,0,0.0
905,950,cross_plane,410.80486596347333,930.9480666231001,697.4900458320539,1.0,1,0,0,0.0
906,951,cross_plane,410.6424155112382,931.0504902073951,697.5739055354117,1.0,1,0,0,0.0
907,952,cross_plane,410.5225887554226,931.2760731601269,697.5857279158005,1.0,1,0,0,0.0
908,953,cross_plane,410.44543505624785,931.2793020344702,697.525162571288,1.0,1,0,0,0.0
909,954,cross_plane,410.4109862243143,931.2637039888014,697.3940183794521,1.0,1,0,0,0.0
910,955,cross_plane,410.41925647016456,931.2719767465064,697.1963373433246,1.0,1,0,0,0.0
911,956,cross_plane,410.4620466198335,931.280285436676,696.9385848462571,1.0,1,0,0,0.0
912,957,cross_plane,410.416073191725,931.269767167802,696.6300294703673,1.0,1,0,0,0.0
913,958,cross_plane,410.41281674267117,931.240422357499,696.2834532300907,1.0,1,0,0,0.0
914,959,cross_plane,410.45227861618395,931.1922521710084,695.9164294985779,1.0,1,0,0,0.0
915,960,cross_plane,410.5344425344152,931.1252585212031,695.553467837182,1.0,1,0,0,0.0
916,961,cross_plane,410.6592746239471,931.0394440686543,695.2289596454976,1.0,1,0,0,0.0
917,962,cross_plane,410.8267234694631,930.93481222184,694.9886829517332,1.0,1,0,0,0.0
918,963,cross_plane,411.03672019488386,930.8113671372337,694.8820258499136,1.0,1,0,0,0.0
919,964,cross_plane,412.4096986789178,930.6691137195634,694.9371623281592,1.0,1,0,0,0.0
920,1011,cross_plane,410.672431501243,931.2471271895258,695.343234663602,1.0,1,0,0,0.0
921,966,cross_plane,410.843664676052,931.2023632377445,695.6869053178025,1.0,1,0,0,0.0
922,967,cross_plane,411.05743876827665,931.1387754211125,696.0548168206178,1.0,1,0,0,0.0
923,968,cross_plane,411.31366601372235,931.0563662649133,696.4166272055185,1.0,1,0,0,0.0
924,969,cross_plane,411.61224144470634,930.9551390422713,696.7507377076239,1.0,1,0,0,0.0
925,970,cross_plane,411.9530430541832,930.8350977743055,697.0415667686808,1.0,1,0,0,0.0
926,971,cross_plane,412.33593198549977,930.6962472303408,697.2777601317462,1.0,1,0,0,0.0
927,972,cross_plane,412.76075274723803,930.5385929281354,697.451159741126,1.0,1,0,0,0.0
928,973,cross_plane,413.215020749427,930.3621411341555,697.5562392822693,1.0,1,0,0,0.0
929,974,cross_plane,412.74949387515755,930.5428116029609,697.5898075151881,1.0,1,0,0,0.0
930,975,cross_plane,412.3257314909033,930.6999904450047,697.5508674047719,1.0,1,0,0,0.0
931,976,cross_plane,411.9439050724766,930.8383653800452,697.4405765132014,1.0,1,0,0,0.0
932,977,cross_plane,411.60416969345687,930.9579309092385,697.2622931777929,1.0,1,0,0,0.0
933,978,cross_plane,411.30666378692615,931.0586822821981,697.0217265121723,1.0,1,0,0,0.0
934,979,cross_plane,411.05150893125443,931.1406154967317,696.7272482328432,1.0,1,0,0,0.0
935,980,cross_plane,410.83880966094864,931.203727298608,696.3904836759053,1.0,1,0,0,0.0
936,981,cross_plane,410.6686533032801,931.248015181468,696.0273883822646,1.0,1,0,0,0.0
937,982,cross_plane,410.5411098410879,931.2734773866389,695.6601062772202,1.0,1,0,0,0.0
938,983,cross_plane,410.4562318026334,931.2801129030807,695.3197523184926,1.0,1,0,0,0.0
939,984,cross_plane,410.4140541785372,931.2679214673083,695.0488589331909,1.0,1,0,0,0.0
940,985,cross_plane,410.414594366463,931.2684618180576,694.897569793489,1.0,1,0,0,0.0
941,986,cross_plane,410.4578521435852,931.2801771358482,694.9036775742358,1.0,1,0,0,0.0
942,987,cross_plane,410.5438096668255,931.2730654988773,695.0654832269441,1.0,1,0,0,0.0
943,988,cross_plane,410.67243150123244,931.2471271895212,695.343234663597,1.0,1,0,0,0.0
944,989,cross_plane,410.8436646760519,931.2023632377472,695.6869053178025,1.0,1,0,0,0.0
945,990,cross_plane,411.0574387682705,931.1387754211125,696.0548168206177,1.0,1,0,0,0.0
946,991,cross_plane,411.31366601372866,931.0563662649162,696.4166272055226,1.0,1,0,0,0.0
947,992,cross_plane,411.61224144471237,930.955139042273,696.7507377076257,1.0,1,0,0,0.0
948,993,cross_plane,411.95304305417704,930.8350977743056,697.0415667686785,1.0,1,0,0,0.0
949,994,cross_plane,412.3359319854999,930.6962472303406,697.2777601317462,1.0,1,0,0,0.0
950,995,cross_plane,412.76075274722587,930.5385929281341,697.4511597411238,1.0,1,0,0,0.0
951,996,cross_plane,413.21502074943305,930.362141134158,697.5562392822734,1.0,1,0,0,0.0
952,997,cross_plane,412.7494938751453,930.5428116029555,697.5898075151821,1.0,1,0,0,0.0
953,998,cross_plane,412.32573149089717,930.6999904449992,697.5508674047682,1.0,1,0,0,0.0
954,999,cross_plane,411.9439050724643,930.8383653800346,697.4405765131936,1.0,1,0,0,0.0
955,1000,cross_plane,411.60416969346295,930.9579309092331,697.2622931777928,1.0,1,0,0,0.0
956,1001,cross_plane,411.3066637869444,931.0586822821982,697.0217265121769,1.0,1,0,0,0.0
957,1002,cross_plane,411.051508931242,931.1406154967261,696.7272482328373,1.0,1,0,0,0.0
958,1003,cross_plane,410.83880966095484,931.2037272986079,696.3904836759052,1.0,1,0,0,0.0
959,1004,cross_plane,410.6686533032801,931.2480151814678,696.0273883822607,1.0,1,0,0,0.0
960,1005,cross_plane,410.54110984108195,931.2734773866443,695.6601062772202,1.0,1,0,0,0.0
961,1006,cross_plane,410.45623180263334,931.280112903086,695.3197523184926,1.0,1,0,0,0.0
962,1007,cross_plane,410.414054178525,931.2679214673029,695.0488589331871,1.0,1,0,0,0.0
963,1008,cross_plane,410.41459436646306,931.2684618180548,694.8975697934892,1.0,1,0,0,0.0
964,1009,cross_plane,410.45785214357267,931.2801771358537,694.9036775742358,1.0,1,0,0,0.0
965,1010,cross_plane,410.5438096668132,931.2730654988719,695.0654832269362,1.0,1,0,0,0.0
966,1057,cross_plane,410.4123725666585,931.2413964948199,695.5795948106878,1.0,1,0,0,0.0
967,1012,cross_plane,410.41670938982287,931.2702652059181,695.9439007346413,1.0,1,0,0,0.0
968,1013,cross_plane,410.4637629295855,931.2803073558257,696.3101467896544,1.0,1,0,0,0.0
969,1014,cross_plane,410.4185208046044,931.2715225458021,696.654434158368,1.0,1,0,0,0.0
970,1015,cross_plane,410.4113309273321,931.2643304888961,696.9596068075807,1.0,1,0,0,0.0
971,1016,cross_plane,410.4468599856274,931.2794524190655,697.2131788292585,1.0,1,0,0,0.0
972,1017,cross_plane,410.52509332345403,931.2757474232535,697.4061090368265,1.0,1,0,0,0.0
973,1018,cross_plane,410.645998685667,931.2532156485707,697.5321221196119,1.0,1,0,0,0.0
974,1019,cross_plane,410.8095262690967,931.2118579896975,697.5873467292386,1.0,1,0,0,0.0
975,1020,cross_plane,411.01560880124197,930.8235193951945,697.5701357336256,1.0,1,0,0,0.0
976,1021,cross_plane,411.2641616462643,930.6829975026116,697.4809994179581,1.0,1,0,0,0.0
977,1022,cross_plane,411.5550829379706,930.5236723783809,697.3226255751939,1.0,1,0,0,0.0
978,1023,cross_plane,411.88825373916245,930.3455503555214,697.0999943419498,1.0,1,0,0,0.0
979,1024,cross_plane,412.26353822685246,930.1486385161095,696.8206323735776,1.0,1,0,0,0.0
980,1025,cross_plane,412.6807839025872,930.1348187641081,696.4951030768875,1.0,1,0,0,0.0
981,1026,cross_plane,413.13982182702756,930.3329851962856,696.1379095565563,1.0,1,0,0,0.0
982,1027,cross_plane,412.830638992084,930.5123623115762,695.7690860103507,1.0,1,0,0,0.0
983,1028,cross_plane,412.3993063578449,930.6729429778659,695.4167280665471,1.0,1,0,0,0.0
984,1029,cross_plane,412.0098798698851,930.8147208121164,695.1198691001896,1.0,1,0,0,0.0
985,1030,cross_plane,411.66251758802315,930.9376901800479,694.9275832563935,1.0,1,0,0,0.0
986,1031,cross_plane,410.6555922058317,931.0418461958508,694.8844959673048,1.0,1,0,0,0.0
987,1032,cross_plane,410.5318386053604,931.1271847219666,695.0024965209499,1.0,1,0,0,0.0
988,1033,cross_plane,410.4507542493242,931.1937023688491,695.2507881598548,1.0,1,0,0,0.0
989,1034,cross_plane,410.41237256666034,931.241396494815,695.5795948106852,1.0,1,0,0,0.0
990,1035,cross_plane,410.4167093898108,931.2702652059178,695.9439007346392,1.0,1,0,0,0.0
991,1036,cross_plane,410.46376292957336,931.2803073558208,696.3101467896486,1.0,1,0,0,0.0
992,1037,cross_plane,410.4185208046044,931.2715225458049,696.6544341583676,1.0,1,0,0,0.0
993,1038,cross_plane,410.4113309273383,931.2643304888957,696.9596068075831,1.0,1,0,0,0.0
994,1039,cross_plane,410.44685998562767,931.279452419064,697.2131788292567,1.0,1,0,0,0.0
995,1040,cross_plane,410.52509332345403,931.2757474232521,697.4061090368247,1.0,1,0,0,0.0
996,1041,cross_plane,410.64599868565494,931.2532156485669,697.532122119606,1.0,1,0,0,0.0
997,1042,cross_plane,410.8095262691029,931.2118579896992,697.5873467292405,1.0,1,0,0,0.0
998,1043,cross_plane,411.01560880124794,930.8235193951916,697.5701357336278,1.0,1,0,0,0.0
999,1044,cross_plane,411.26416164627034,930.6829975026141,697.4809994179618,1.0,1,0,0,0.0
1000,1045,cross_plane,411.5550829379707,930.5236723783809,697.3226255751947,1.0,1,0,0,0.0
1001,1046,cross_plane,411.888253739163,930.3455503555213,697.0999943419534,1.0,1,0,0,0.0
1002,1047,cross_plane,412.2635382268586,930.1486385161124,696.8206323735791,1.0,1,0,0,0.0
1003,1048,cross_plane,412.6807839025871,930.1348187641079,696.4951030768898,1.0,1,0,0,0.0
1004,1049,cross_plane,413.13982182703324,930.3329851962909,696.1379095565599,1.0,1,0,0,0.0
1005,1050,cross_plane,412.83063899207724,930.5123623115703,695.7690860103468,1.0,1,0,0,0.0
1006,1051,cross_plane,412.39930635784503,930.6729429778609,695.4167280665433,1.0,1,0,0,0.0
1007,1052,cross_plane,412.00987986988514,930.8147208121167,695.1198691001897,1.0,1,0,0,0.0
1008,1053,cross_plane,411.66251758802326,930.9376901800479,694.9275832563973,1.0,1,0,0,0.0
1009,1054,cross_plane,410.65559220585607,931.0418461958511,694.8844959673124,1.0,1,0,0,0.0
1010,1055,cross_plane,410.5318386053605,931.1271847219728,695.0024965209537,1.0,1,0,0,0.0
1011,1056,cross_plane,410.45075424929905,931.1937023688494,695.2507881598468,1.0,1,0,0,0.0
1012,1103,cross_plane,411.63368721258587,930.4812976030388,695.8330931412283,1.0,1,0,0,0.0
1013,1058,cross_plane,411.33228774897475,930.6452798845871,696.2016450288351,1.0,1,0,0,0.0
1014,1059,cross_plane,411.07322885179815,930.7904604335804,696.5545791812987,1.0,1,0,0,0.0
1015,1060,cross_plane,410.85661663206196,930.9168334802781,696.8729797512393,1.0,1,0,0,0.0
1016,1061,cross_plane,410.6825400074829,931.0243940034603,697.1431211552793,1.0,1,0,0,0.0
1017,1062,cross_plane,410.55107056292087,931.1131377301876,697.3550195380471,1.0,1,0,0,0.0
1018,1063,cross_plane,410.4622624375988,931.183061135582,697.5016189092424,1.0,1,0,0,0.0
1019,1064,cross_plane,410.4161522396251,931.2341614426481,697.5783520874007,1.0,1,0,0,0.0
1020,1065,cross_plane,410.4127589881192,931.2664366221396,697.5829160014591,1.0,1,0,0,0.0
1021,1066,cross_plane,410.4520840829888,931.2798853924619,697.5151754165796,1.0,1,0,0,0.0
1022,1067,cross_plane,410.42438604219933,931.2745072196095,697.3771576256149,1.0,1,0,0,0.0
1023,1068,cross_plane,410.4094661968545,931.2503023171357,697.173136029976,1.0,1,0,0,0.0
1024,1069,cross_plane,410.43726605641945,931.2072716461519,696.9098351685843,1.0,1,0,0,0.0
1025,1070,cross_plane,410.5077741526199,931.1454169153994,696.5968358533038,1.0,1,0,0,0.0
1026,1071,cross_plane,410.62096141181195,931.064740581307,696.2473297423034,1.0,1,0,0,0.0
1027,1072,cross_plane,410.77678120103076,930.9652458481455,695.8794708101972,1.0,1,0,0,0.0
1028,1073,cross_plane,410.97516940166804,930.8469366681474,695.5186178597509,1.0,1,0,0,0.0
1029,1074,cross_plane,411.21604451063456,930.7098177417415,695.2003013807371,1.0,1,0,0,0.0
1030,1075,cross_plane,411.49930776844246,930.553894517771,694.9712661717562,1.0,1,0,0,0.0
1031,1076,cross_plane,411.8248433138211,930.379173193748,694.8801463415952,1.0,1,0,0,0.0
1032,1077,cross_plane,412.79061365281376,930.1856607161842,694.9513588910812,1.0,1,0,0,0.0
1033,1078,cross_plane,412.362998448816,930.0969546656344,695.1655364918248,1.0,1,0,0,0.0
1034,1079,cross_plane,411.9773041040244,930.2985201074914,695.4753945932048,1.0,1,0,0,0.0
1035,1080,cross_plane,411.6336872125634,930.4812976030398,695.8330931412216,1.0,1,0,0,0.0
1036,1081,cross_plane,411.332287748975,930.6452798845892,696.2016450288389,1.0,1,0,0,0.0
1037,1082,cross_plane,411.0732288517922,930.790460433584,696.5545791812987,1.0,1,0,0,0.0
1038,1083,cross_plane,410.85661663206787,930.916833480276,696.8729797512393,1.0,1,0,0,0.0
1039,1084,cross_plane,410.68254000749516,931.0243940034603,697.1431211552787,1.0,1,0,0,0.0
1040,1085,cross_plane,410.5510705629271,931.113137730188,697.3550195380471,1.0,1,0,0,0.0
1041,1086,cross_plane,410.4622624375988,931.1830611355853,697.5016189092463,1.0,1,0,0,0.0
1042,1087,cross_plane,410.4161522396311,931.2341614426481,697.5783520874005,1.0,1,0,0,0.0
1043,1088,cross_plane,410.4127589881066,931.2664366221396,697.5829160014588,1.0,1,0,0,0.0
1044,1089,cross_plane,410.4520840829821,931.2798853924597,697.5151754165757,1.0,1,0,0,0.0
1045,1090,cross_plane,410.42438604219933,931.2745072196095,697.3771576256131,1.0,1,0,0,0.0
1046,1091,cross_plane,410.40946619684814,931.2503023171329,697.1731360299704,1.0,1,0,0,0.0
1047,1092,cross_plane,410.4372660564266,931.2072716461548,696.9098351685907,1.0,1,0,0,0.0
1048,1093,cross_plane,410.5077741526197,931.1454169153945,696.5968358533033,1.0,1,0,0,0.0
1049,1094,cross_plane,410.6209614118058,931.0647405813041,696.2473297422995,1.0,1,0,0,0.0
1050,1095,cross_plane,410.77678120103053,930.9652458481398,695.8794708101974,1.0,1,0,0,0.0
1051,1096,cross_plane,410.9751694016679,930.846936668145,695.5186178597509,1.0,1,0,0,0.0
1052,1097,cross_plane,411.2160445106407,930.7098177417472,695.2003013807412,1.0,1,0,0,0.0
1053,1098,cross_plane,411.49930776844184,930.553894517767,694.9712661717562,1.0,1,0,0,0.0
1054,1099,cross_plane,411.8248433138092,930.3791731937423,694.8801463415875,1.0,1,0,0,0.0
1055,1100,cross_plane,412.79061365281376,930.1856607161925,694.951358891085,1.0,1,0,0,0.0
1056,1101,cross_plane,412.3629984488159,930.0969546656394,695.1655364918284,1.0,1,0,0,0.0
1057,1102,cross_plane,411.9773041040244,930.2985201074853,695.475394593201,1.0,1,0,0,0.0
1058,1149,cross_plane,411.8558150645192,930.8697380885649,696.0916869678604,1.0,1,0,0,0.0
1059,1104,cross_plane,412.22722811765715,930.7360223067426,696.4515816188729,1.0,1,0,0,0.0
1060,1105,cross_plane,412.64061709083387,930.5835011859389,696.781984384644,1.0,1,0,0,0.0
1061,1106,cross_plane,413.0958145480749,930.412180788186,697.0678019451016,1.0,1,0,0,0.0
1062,1107,cross_plane,412.87245418685063,930.22206792444,697.298036323106,1.0,1,0,0,0.0
1063,1108,cross_plane,412.4372716270396,930.0584756908681,697.4648123975339,1.0,1,0,0,0.0
1064,1109,cross_plane,412.04397983414685,930.2634398799122,697.5628474935447,1.0,1,0,0,0.0
1065,1110,cross_plane,411.692738384525,930.9271542455608,697.5891741807378,1.0,1,0,0,0.0
1066,1111,cross_plane,411.3836902767049,931.0330426578007,697.5430112400068,1.0,1,0,0,0.0
1067,1112,cross_plane,411.1169617105224,931.1201139300402,697.425732774057,1.0,1,0,0,0.0
1068,1113,cross_plane,410.89266189109554,931.1883646038659,697.240923387117,1.0,1,0,0,0.0
1069,1114,cross_plane,410.7108828583358,931.237791968762,696.9945409762353,1.0,1,0,0,0.0
1070,1115,cross_plane,410.5716993424786,931.2683940619077,696.6952499748285,1.0,1,0,0,0.0
1071,1116,cross_plane,410.4751686466162,931.2801696681754,696.3550499180695,1.0,1,0,0,0.0
1072,1117,cross_plane,410.4213305561099,931.2731183199744,695.9904159679468,1.0,1,0,0,0.0
1073,1118,cross_plane,410.41020727576375,931.261991640269,695.6242509746794,1.0,1,0,0,0.0
1074,1119,cross_plane,410.4418033945854,931.2788470135293,695.2887357870599,1.0,1,0,0,0.0
1075,1120,cross_plane,410.4316498120996,931.2768754848422,695.0275282383797,1.0,1,0,0,0.0
1076,1121,cross_plane,410.409000200225,931.2560771324951,694.8907512418441,1.0,1,0,0,0.0
1077,1122,cross_plane,410.7926898421216,931.2164527823276,694.9132868677751,1.0,1,0,0,0.0
1078,1123,cross_plane,410.99485746339496,931.1580040078019,695.0888792746176,1.0,1,0,0,0.0
1079,1124,cross_plane,411.239503912683,931.0807331300531,695.3754159475343,1.0,1,0,0,0.0
1080,1125,cross_plane,411.5265289039748,930.9846432180124,695.7231892941172,1.0,1,0,0,0.0
1081,1126,cross_plane,411.85581506450865,930.869738088561,696.0916869678516,1.0,1,0,0,0.0
1082,1127,cross_plane,412.22722811765203,930.7360223067413,696.4515816188708,1.0,1,0,0,0.0
1083,1128,cross_plane,412.64061709083325,930.5835011859389,696.781984384644,1.0,1,0,0,0.0
1084,1129,cross_plane,413.09581454808176,930.4121807881861,697.0678019451043,1.0,1,0,0,0.0
1085,1130,cross_plane,412.87245418684415,930.222067924441,697.2980363231078,1.0,1,0,0,0.0
1086,1131,cross_plane,412.43727162703385,930.0584756908646,697.4648123975279,1.0,1,0,0,0.0
1087,1132,cross_plane,412.0439798341411,930.263439879909,697.5628474935429,1.0,1,0,0,0.0
1088,1133,cross_plane,411.6927383845188,930.9271542455608,697.589174180736,1.0,1,0,0,0.0
1089,1134,cross_plane,411.3836902767044,931.0330426577993,697.5430112400087,1.0,1,0,0,0.0
1090,1135,cross_plane,411.11696171052256,931.1201139300346,697.4257327740547,1.0,1,0,0,0.0
1091,1136,cross_plane,410.89266189110793,931.1883646038665,697.240923387117,1.0,1,0,0,0.0
1092,1137,cross_plane,410.7108828583229,931.237791968762,696.994540976231,1.0,1,0,0,0.0
1093,1138,cross_plane,410.5716993424848,931.268394061915,696.6952499748327,1.0,1,0,0,0.0
1094,1139,cross_plane,410.4751686466159,931.2801696681754,696.3550499180695,1.0,1,0,0,0.0
1095,1140,cross_plane,410.42133055610446,931.273118319974,695.9904159679467,1.0,1,0,0,0.0
1096,1141,cross_plane,410.4102072757577,931.2619916402708,695.6242509746835,1.0,1,0,0,0.0
1097,1142,cross_plane,410.44180339457284,931.2788470135238,695.2887357870559,1.0,1,0,0,0.0
1098,1143,cross_plane,410.4316498120942,931.2768754848428,695.027528238376,1.0,1,0,0,0.0
1099,1144,cross_plane,410.40900020022474,931.2560771324943,694.890751241844,1.0,1,0,0,0.0
1100,1145,cross_plane,410.7926898421277,931.2164527823245,694.9132868677751,1.0,1,0,0,0.0
1101,1146,cross_plane,410.99485746338877,931.1580040078007,695.0888792746141,1.0,1,0,0,0.0
1102,1147,cross_plane,411.23950391268363,931.0807331300538,695.3754159475344,1.0,1,0,0,0.0
1103,1148,cross_plane,411.5265289039626,930.9846432180061,695.7231892941094,1.0,1,0,0,0.0
1104,1195,cross_plane,410.43292100319564,931.2771922203798,696.3458911642359,1.0,1,0,0,0.0
1105,1150,cross_plane,410.4994977480552,931.2786273384138,696.6869490396512,1.0,1,0,0,0.0
1106,1151,cross_plane,410.6087570676665,931.2612355632317,696.9874593107251,1.0,1,0,0,0.0
1107,1152,cross_plane,410.7606539431528,931.225017585406,697.2353243796264,1.0,1,0,0,0.0
1108,1153,cross_plane,410.95512586205797,931.169974843106,697.4218035195049,1.0,1,0,0,0.0
1109,1154,cross_plane,411.19209291700406,931.0961095221729,697.5408743032976,1.0,1,0,0,0.0
1110,1155,cross_plane,411.4714579312858,931.0034245562223,697.5888936547716,1.0,1,0,0,0.0
1111,1156,cross_plane,411.7931066110944,930.3960459500775,697.5644316691911,1.0,1,0,0,0.0
1112,1157,cross_plane,412.1569077237494,930.2042633304517,697.4682140848348,1.0,1,0,0,0.0
1113,1158,cross_plane,412.56271330123565,930.0774515208486,697.303150949454,1.0,1,0,0,0.0
1114,1159,cross_plane,413.01035886822126,930.2807464439458,697.0744626881065,1.0,1,0,0,0.0
1115,1160,cross_plane,412.95566055088375,930.4652541275798,696.7899524649271,1.0,1,0,0,0.0
1116,1161,cross_plane,412.5129163954056,930.6309672350475,696.4605281369771,1.0,1,0,0,0.0
1117,1162,cross_plane,412.11203237975855,930.7778791788539,696.1011601379975,1.0,1,0,0,0.0
1118,1163,cross_plane,411.7531710544784,930.9059841203083,695.7325590375846,1.0,1,0,0,0.0
1119,1164,cross_plane,411.4364784348388,931.0152769692853,695.3837960832856,1.0,1,0,0,0.0
1120,1165,cross_plane,411.1620837755966,931.1057533839656,695.095081646079,1.0,1,0,0,0.0
1121,1166,cross_plane,410.93009937036487,931.1774097705958,694.9160136104938,1.0,1,0,0,0.0
1122,1167,cross_plane,410.41861244763595,931.2302432833254,694.8892599645156,1.0,1,0,0,0.0
1123,1168,cross_plane,410.4112857685192,931.2642518240763,695.0222406073157,1.0,1,0,0,0.0
1124,1169,cross_plane,410.4466780436248,931.279434042411,695.2808717700713,1.0,1,0,0,0.0
1125,1170,cross_plane,410.4279074461591,931.2757893354939,695.6150713132188,1.0,1,0,0,0.0
1126,1171,cross_plane,410.4090542872585,931.2569302661008,695.980897639276,1.0,1,0,0,0.0
1127,1172,cross_plane,410.4329210031969,931.2771922203734,696.3458911642311,1.0,1,0,0,0.0
1128,1173,cross_plane,410.49949774805555,931.2786273384137,696.6869490396493,1.0,1,0,0,0.0
1129,1174,cross_plane,410.60875706766615,931.2612355632317,696.9874593107248,1.0,1,0,0,0.0
1130,1175,cross_plane,410.7606539431471,931.2250175854041,697.2353243796242,1.0,1,0,0,0.0
1131,1176,cross_plane,410.95512586206985,931.1699748431101,697.4218035195112,1.0,1,0,0,0.0
1132,1177,cross_plane,411.19209291700435,931.0961095221717,697.5408743032955,1.0,1,0,0,0.0
1133,1178,cross_plane,411.471457931279,931.0034245562204,697.5888936547693,1.0,1,0,0,0.0
1134,1179,cross_plane,411.7931066110883,930.3960459500747,697.5644316691893,1.0,1,0,0,0.0
1135,1180,cross_plane,412.15690772375547,930.2042633304549,697.4682140848364,1.0,1,0,0,0.0
1136,1181,cross_plane,412.56271330122894,930.0774515208486,697.3031509494525,1.0,1,0,0,0.0
1137,1182,cross_plane,413.01035886822126,930.2807464439458,697.0744626881065,1.0,1,0,0,0.0
1138,1183,cross_plane,412.95566055087784,930.4652541275733,696.7899524649232,1.0,1,0,0,0.0
1139,1184,cross_plane,412.5129163954059,930.6309672350521,696.4605281369827,1.0,1,0,0,0.0
1140,1185,cross_plane,412.11203237975195,930.7778791788534,696.1011601379975,1.0,1,0,0,0.0
1141,1186,cross_plane,411.7531710544721,930.905984120303,695.7325590375804,1.0,1,0,0,0.0
1142,1187,cross_plane,411.43647843485155,931.0152769692866,695.3837960832893,1.0,1,0,0,0.0
1143,1188,cross_plane,411.16208377559667,931.1057533839656,695.095081646079,1.0,1,0,0,0.0
1144,1189,cross_plane,410.9300993703655,931.1774097705951,694.9160136104938,1.0,1,0,0,0.0
1145,1190,cross_plane,410.418612447624,931.2302432833267,694.889259964512,1.0,1,0,0,0.0
1146,1191,cross_plane,410.41128576851855,931.2642518240763,695.0222406073157,1.0,1,0,0,0.0
1147,1192,cross_plane,410.446678043625,931.2794340424216,695.2808717700791,1.0,1,0,0,0.0
1148,1193,cross_plane,410.4279074461591,931.2757893354933,695.6150713132188,1.0,1,0,0,0.0
1149,1194,cross_plane,410.4090542872341,931.2569302660902,695.98089763926,1.0,1,0,0,0.0
1150,1241,cross_plane,410.582732405012,931.0907766487443,696.5882343379258,1.0,1,0,0,0.0
1151,1196,cross_plane,410.48227258256657,931.1658386549889,696.9023561434119,1.0,1,0,0,0.0
1152,1197,cross_plane,410.42450243640343,931.2220782468706,697.167069403492,1.0,1,0,0,0.0
1153,1198,cross_plane,410.40944579189727,931.2594931910048,697.3727117954777,1.0,1,0,0,0.0
1154,1199,cross_plane,410.4371088607144,931.2780820016759,697.5124914700194,1.0,1,0,0,0.0
1155,1200,cross_plane,410.4358828209424,931.2778439407756,697.5820751678274,1.0,1,0,0,0.0
1156,1201,cross_plane,410.4093000381509,931.258779017763,697.579379267389,1.0,1,0,0,0.0
1157,1202,cross_plane,410.42543702883677,931.2208879896477,697.5044836495018,1.0,1,0,0,0.0
1158,1203,cross_plane,410.48428713561736,931.1641723610477,697.3596348324687,1.0,1,0,0,0.0
1159,1204,cross_plane,410.58582608806864,931.0886343842542,697.1493396042002,1.0,1,0,0,0.0
1160,1205,cross_plane,410.73001204105935,930.9942770593378,696.8805855912636,1.0,1,0,0,0.0
1161,1206,cross_plane,410.9167856410323,930.8811041343203,696.5632731761176,1.0,1,0,0,0.0
1162,1207,cross_plane,411.1460701195619,930.7491201053234,696.211016895666,1.0,1,0,0,0.0
1163,1208,cross_plane,411.41777141425996,930.5983302168443,695.8425736974432,1.0,1,0,0,0.0
1164,1209,cross_plane,411.7317783161061,930.4287404619593,695.48418295792,1.0,1,0,0,0.0
1165,1210,cross_plane,412.08796264306307,930.2403575826613,695.1725318608545,1.0,1,0,0,0.0
1166,1211,cross_plane,412.4861794390777,930.0386596862625,694.9552486977906,1.0,1,0,0,0.0
1167,1212,cross_plane,412.07843629342403,930.2453532212752,694.8799319511844,1.0,1,0,0,0.0
1168,1213,cross_plane,411.723316888484,930.4332609244303,694.9670091430471,1.0,1,0,0,0.0
1169,1214,cross_plane,411.4103783579029,930.6023753234424,695.1930688651477,1.0,1,0,0,0.0
1170,1215,cross_plane,411.13974845685584,930.752689695248,695.5097159302459,1.0,1,0,0,0.0
1171,1216,cross_plane,410.911537962752,930.8841980657088,695.8699695685885,1.0,1,0,0,0.0
1172,1217,cross_plane,410.7258405023297,930.9968952092821,696.2380031633269,1.0,1,0,0,0.0
1173,1218,cross_plane,410.5827324050019,931.09077664874,696.5882343379212,1.0,1,0,0,0.0
1174,1219,cross_plane,410.4822725825851,931.1658386549876,696.9023561434136,1.0,1,0,0,0.0
1175,1220,cross_plane,410.4245024364103,931.2220782468678,697.1670694034923,1.0,1,0,0,0.0
1176,1221,cross_plane,410.4094457918854,931.2594931910055,697.3727117954755,1.0,1,0,0,0.0
1177,1222,cross_plane,410.43710886072046,931.2780820016759,697.512491470021,1.0,1,0,0,0.0
1178,1223,cross_plane,410.4358828209486,931.2778439407789,697.5820751678297,1.0,1,0,0,0.0
1179,1224,cross_plane,410.4093000381574,931.2587790177705,697.5793792673907,1.0,1,0,0,0.0
1180,1225,cross_plane,410.42543702883034,931.2208879896501,697.5044836495002,1.0,1,0,0,0.0
1181,1226,cross_plane,410.48428713562384,931.1641723610509,697.3596348324705,1.0,1,0,0,0.0
1182,1227,cross_plane,410.58582608806864,931.0886343842545,697.1493396041984,1.0,1,0,0,0.0
1183,1228,cross_plane,410.73001204105867,930.9942770593351,696.8805855912639,1.0,1,0,0,0.0
1184,1229,cross_plane,410.91678564102654,930.8811041343157,696.5632731761135,1.0,1,0,0,0.0
1185,1230,cross_plane,411.14607011957406,930.7491201053298,696.2110168956741,1.0,1,0,0,0.0
1186,1231,cross_plane,411.4177714142668,930.5983302168465,695.8425736974472,1.0,1,0,0,0.0
1187,1232,cross_plane,411.73177831609917,930.4287404619589,695.4841829579163,1.0,1,0,0,0.0
1188,1233,cross_plane,412.08796264306346,930.2403575826618,695.1725318608543,1.0,1,0,0,0.0
1189,1234,cross_plane,412.48617943907817,930.0386596862619,694.9552486977905,1.0,1,0,0,0.0
1190,1235,cross_plane,412.0784362934237,930.2453532212802,694.8799319511885,1.0,1,0,0,0.0
1191,1236,cross_plane,411.72331688849675,930.4332609244357,694.967009143055,1.0,1,0,0,0.0
1192,1237,cross_plane,411.41037835790326,930.6023753234313,695.1930688651397,1.0,1,0,0,0.0
1193,1238,cross_plane,411.1397484568682,930.7526896952479,695.5097159302496,1.0,1,0,0,0.0
1194,1239,cross_plane,410.9115379627643,930.884198065719,695.8699695686001,1.0,1,0,0,0.0
1195,1240,cross_plane,410.72584050232996,930.9968952092762,696.2380031633189,1.0,1,0,0,0.0
1196,1287,cross_plane,412.55193435463815,930.0720668339231,696.8127819099658,1.0,1,0,0,0.0
1197,1242,cross_plane,412.1471890833567,930.2093449290732,697.0934787596422,1.0,1,0,0,0.0
1198,1243,cross_plane,411.78445222336904,930.400652407094,697.3176758187979,1.0,1,0,0,0.0
1199,1244,cross_plane,411.4638713221966,930.5731678775189,697.4777757492557,1.0,1,0,0,0.0
1200,1245,cross_plane,411.1855771865358,930.7268844817415,697.5687368271086,1.0,1,0,0,0.0
1201,1246,cross_plane,410.9496836793996,931.1715988334618,697.5878141806485,1.0,1,0,0,0.0
1202,1247,cross_plane,410.75628754252324,931.2261655340709,697.5344421073738,1.0,1,0,0,0.0
1203,1248,cross_plane,410.605468244843,931.2619074246297,697.4102117853605,1.0,1,0,0,0.0
1204,1249,cross_plane,410.4972878574991,931.2788230858702,697.2189356640729,1.0,1,0,0,0.0
1205,1250,cross_plane,410.43179095592234,931.2769118461091,696.9668236571277,1.0,1,0,0,0.0
1206,1251,cross_plane,410.40900454938804,931.256173781244,696.6628390238975,1.0,1,0,0,0.0
1207,1252,cross_plane,410.42893803824927,931.2761135477239,696.3193666373446,1.0,1,0,0,0.0
1208,1253,cross_plane,410.4452565727316,931.2792821331567,695.9534206054615,1.0,1,0,0,0.0
1209,1254,cross_plane,410.41094452515415,931.2636237993688,695.5886920615603,1.0,1,0,0,0.0
1210,1255,cross_plane,410.419351572559,931.2291391681032,695.2584548162666,1.0,1,0,0,0.0
1211,1256,cross_plane,410.4704742465349,931.175829608696,695.0074529997652,1.0,1,0,0,0.0
1212,1257,cross_plane,410.56429146159303,931.1036972381509,694.8855645296308,1.0,1,0,0,0.0
1213,1258,cross_plane,411.4439665674109,931.0127449212162,694.9244594354477,1.0,1,0,0,0.0
1214,1259,cross_plane,411.76172726898284,930.9029762705604,695.1133887653544,1.0,1,0,0,0.0
1215,1260,cross_plane,412.1216531892351,930.7743956469294,695.4082002761844,1.0,1,0,0,0.0
1216,1261,cross_plane,412.5235978918898,930.6270081593915,695.7596709193285,1.0,1,0,0,0.0
1217,1262,cross_plane,412.96739841131523,930.4608196655398,696.1284641972449,1.0,1,0,0,0.0
1218,1263,cross_plane,412.99852397635465,930.2758367718383,696.4862364470717,1.0,1,0,0,0.0
1219,1264,cross_plane,412.55193435462746,930.0720668339173,696.8127819099568,1.0,1,0,0,0.0
1220,1265,cross_plane,412.1471890833501,930.209344929076,697.0934787596402,1.0,1,0,0,0.0
1221,1266,cross_plane,411.78445222336325,930.4006524070936,697.3176758187979,1.0,1,0,0,0.0
1222,1267,cross_plane,411.4638713221964,930.5731678775185,697.4777757492583,1.0,1,0,0,0.0
1223,1268,cross_plane,411.18557718653517,930.7268844817415,697.5687368271101,1.0,1,0,0,0.0
1224,1269,cross_plane,410.9496836793879,931.1715988334565,697.5878141806428,1.0,1,0,0,0.0
1225,1270,cross_plane,410.7562875425293,931.2261655340712,697.5344421073719,1.0,1,0,0,0.0
1226,1271,cross_plane,410.60546824485016,931.2619074246289,697.4102117853587,1.0,1,0,0,0.0
1227,1272,cross_plane,410.49728785749886,931.2788230858697,697.2189356640753,1.0,1,0,0,0.0
1228,1273,cross_plane,410.4317909559104,931.2769118461091,696.9668236571251,1.0,1,0,0,0.0
1229,1274,cross_plane,410.40900454938185,931.2561737812443,696.6628390238975,1.0,1,0,0,0.0
1230,1275,cross_plane,410.4289380382367,931.2761135477235,696.3193666373403,1.0,1,0,0,0.0
1231,1276,cross_plane,410.4452565727311,931.2792821331567,695.9534206054617,1.0,1,0,0,0.0
1232,1277,cross_plane,410.41094452515415,931.2636237993684,695.5886920615607,1.0,1,0,0,0.0
1233,1278,cross_plane,410.41935157255875,931.2291391681032,695.2584548162667,1.0,1,0,0,0.0
1234,1279,cross_plane,410.4704742465412,931.1758296086985,695.0074529997695,1.0,1,0,0,0.0
1235,1280,cross_plane,410.56429146158655,931.1036972381455,694.8855645296263,1.0,1,0,0,0.0
1236,1281,cross_plane,411.4439665673988,931.0127449212104,694.9244594354401,1.0,1,0,0,0.0
1237,1282,cross_plane,411.7617272689827,930.9029762705609,695.1133887653547,1.0,1,0,0,0.0
1238,1283,cross_plane,412.12165318924747,930.7743956469358,695.4082002761885,1.0,1,0,0,0.0
1239,1284,cross_plane,412.5235978918779,930.6270081593865,695.7596709193249,1.0,1,0,0,0.0
1240,1285,cross_plane,412.96739841131534,930.4608196655402,696.1284641972452,1.0,1,0,0,0.0
1241,1286,cross_plane,412.99852397634254,930.2758367718326,696.4862364470641,1.0,1,0,0,0.0
1242,1333,cross_plane,411.12318458935306,931.1181439055373,697.0147826474278,1.0,1,0,0,0.0
1243,1288,cross_plane,411.3909848058246,931.0305967148655,697.2568538593486,1.0,1,0,0,0.0
1244,1289,cross_plane,411.7011015811212,930.9242324813497,697.4368219735458,1.0,1,0,0,0.0
1245,1290,cross_plane,412.05340828803446,930.7990554303651,697.5489141579725,1.0,1,0,0,0.0
1246,1291,cross_plane,412.4477615059915,930.6550705355455,697.5897139973409,1.0,1,0,0,0.0
1247,1292,cross_plane,412.8840012424462,930.2271073045086,697.5580082566544,1.0,1,0,0,0.0
1248,1293,cross_plane,413.0837890860613,930.4167450096064,697.4547384051281,1.0,1,0,0,0.0
1249,1294,cross_plane,412.629646741231,930.5875900672324,697.2830379674601,1.0,1,0,0,0.0
1250,1295,cross_plane,412.2173173156967,930.7396356853835,697.0483702989026,1.0,1,0,0,0.0
1251,1296,cross_plane,411.84696783213144,930.8728758209434,696.758820141605,1.0,1,0,0,0.0
1252,1297,cross_plane,411.51874884362604,930.9873051794699,696.4256491391425,1.0,1,0,0,0.0
1253,1298,cross_plane,411.23279420181376,931.0829192148353,696.0643115688163,1.0,1,0,0,0.0
1254,1299,cross_plane,410.9892208494773,931.1597141290866,695.6962209111674,1.0,1,0,0,0.0
1255,1300,cross_plane,410.78812863837044,931.217686872195,695.3514551486777,1.0,1,0,0,0.0
1256,1301,cross_plane,410.6296001728952,931.256835141943,695.0713940591553,1.0,1,0,0,0.0
1257,1302,cross_plane,410.51370068025545,931.2771573837648,694.9059991348422,1.0,1,0,0,0.0
1258,1303,cross_plane,410.4404779076773,931.2786527907367,694.8956604408089,1.0,1,0,0,0.0
1259,1304,cross_plane,410.4099620469483,931.261321303476,695.0432530849251,1.0,1,0,0,0.0
1260,1305,cross_plane,410.4221656865696,931.2735286830894,695.3117037789265,1.0,1,0,0,0.0
1261,1306,cross_plane,410.4770837917965,931.2801039107284,695.6508539407423,1.0,1,0,0,0.0
1262,1307,cross_plane,410.574693712732,931.2678521865212,696.0178785059517,1.0,1,0,0,0.0
1263,1308,cross_plane,410.714955220072,931.2367739969393,696.3813909462237,1.0,1,0,0,0.0
1264,1309,cross_plane,410.8978105688183,931.1868705760484,696.7190548116156,1.0,1,0,0,0.0
1265,1310,cross_plane,411.1231845893487,931.1181439055383,697.0147826474271,1.0,1,0,0,0.0
1266,1311,cross_plane,411.3909848058249,931.0305967148657,697.2568538593487,1.0,1,0,0,0.0
1267,1312,cross_plane,411.7011015811148,930.9242324813482,697.4368219735435,1.0,1,0,0,0.0
1268,1313,cross_plane,412.0534082880342,930.7990554303635,697.5489141579707,1.0,1,0,0,0.0
1269,1314,cross_plane,412.4477615059975,930.6550705355478,697.5897139973453,1.0,1,0,0,0.0
1270,1315,cross_plane,412.88400124245214,930.227107304503,697.5580082566545,1.0,1,0,0,0.0
1271,1316,cross_plane,413.08378908605465,930.4167450096068,697.4547384051281,1.0,1,0,0,0.0
1272,1317,cross_plane,412.6296467412318,930.5875900672324,697.2830379674562,1.0,1,0,0,0.0
1273,1318,cross_plane,412.21731731569,930.7396356853832,697.0483702989026,1.0,1,0,0,0.0
1274,1319,cross_plane,411.8469678321378,930.8728758209487,696.7588201416056,1.0,1,0,0,0.0
1275,1320,cross_plane,411.5187488436321,930.9873051794644,696.4256491391421,1.0,1,0,0,0.0
1276,1321,cross_plane,411.23279420181996,931.0829192148349,696.0643115688163,1.0,1,0,0,0.0
1277,1322,cross_plane,410.9892208494891,931.1597141290921,695.6962209111747,1.0,1,0,0,0.0
1278,1323,cross_plane,410.7881286383703,931.2176868721954,695.3514551486775,1.0,1,0,0,0.0
1279,1324,cross_plane,410.62960017289504,931.2568351419426,695.071394059151,1.0,1,0,0,0.0
1280,1325,cross_plane,410.5137006802553,931.2771573837706,694.9059991348458,1.0,1,0,0,0.0
1281,1326,cross_plane,410.44047790767786,931.2786527907369,694.8956604408089,1.0,1,0,0,0.0
1282,1327,cross_plane,410.4099620469483,931.2613213034765,695.0432530849249,1.0,1,0,0,0.0
1283,1328,cross_plane,410.422165686557,931.2735286830834,695.3117037789185,1.0,1,0,0,0.0
1284,1329,cross_plane,410.4770837918088,931.2801039107334,695.6508539407463,1.0,1,0,0,0.0
1285,1330,cross_plane,410.57469371274385,931.2678521865262,696.0178785059594,1.0,1,0,0,0.0
1286,1331,cross_plane,410.7149552200721,931.2367739969392,696.3813909462239,1.0,1,0,0,0.0
1287,1332,cross_plane,410.89781056880594,931.1868705760427,696.7190548116074,1.0,1,0,0,0.0
1288,1379,cross_plane,410.45056317441197,931.2797773214356,697.1904246120863,1.0,1,0,0,0.0
1289,1334,cross_plane,410.4123182716848,931.2658524343068,697.3897434186127,1.0,1,0,0,0.0
1290,1335,cross_plane,410.4167918971834,931.2703274111726,697.5226602279619,1.0,1,0,0,0.0
1291,1336,cross_plane,410.4639822052424,931.2803092724805,697.5850736767866,1.0,1,0,0,0.0
1292,1337,cross_plane,410.55386973147137,931.111125406774,697.5751187581894,1.0,1,0,0,0.0
1293,1338,cross_plane,410.68641742354725,931.0219057694796,697.4930904989918,1.0,1,0,0,0.0
1294,1339,cross_plane,410.86157069990026,930.9138694345708,697.3414555505645,1.0,1,0,0,0.0
1295,1340,cross_plane,411.0792575358348,930.7870206939052,697.1249562262883,1.0,1,0,0,0.0
1296,1341,cross_plane,411.33938857701315,930.6413645876345,696.8508474329468,1.0,1,0,0,0.0
1297,1342,cross_plane,411.64185727961024,930.4769069044258,696.529356923098,1.0,1,0,0,0.0
1298,1343,cross_plane,411.9865400768605,930.2936541817785,696.1745361149793,1.0,1,0,0,0.0
1299,1344,cross_plane,412.3732965711586,930.0916137063368,695.8057683470698,1.0,1,0,0,0.0
1300,1345,cross_plane,412.80196975106463,930.1907860529008,695.4502052353133,1.0,1,0,0,0.0
1301,1346,cross_plane,413.17041723671025,930.3838234066775,695.1457034993667,1.0,1,0,0,0.0
1302,1347,cross_plane,412.70872816887567,930.5580694220175,694.9406741347384,1.0,1,0,0,0.0
1303,1348,cross_plane,411.2094300624032,930.7135171713454,694.8813833583691,1.0,1,0,0,0.0
1304,1349,cross_plane,410.9696282736005,930.8501604760671,694.9840701696068,1.0,1,0,0,0.0
1305,1350,cross_plane,410.77231566756257,930.9679939062883,695.2215034221148,1.0,1,0,0,0.0
1306,1351,cross_plane,410.61757330922825,931.0670127805139,695.5444630549499,1.0,1,0,0,0.0
1307,1352,cross_plane,410.5054648761067,931.1472131654136,695.9069152393091,1.0,1,0,0,0.0
1308,1353,cross_plane,410.43603655787405,931.2085918756408,696.2741773835891,1.0,1,0,0,0.0
1309,1354,cross_plane,410.40931698343087,931.2511464736685,696.6215243721248,1.0,1,0,0,0.0
1310,1355,cross_plane,410.42531717546757,931.2748752696685,696.9312355144302,1.0,1,0,0,0.0
1311,1356,cross_plane,410.4505631744013,931.2797773214337,697.1904246120798,1.0,1,0,0,0.0
1312,1357,cross_plane,410.4123182716908,931.2658524343093,697.3897434186165,1.0,1,0,0,0.0
1313,1358,cross_plane,410.4167918971834,931.2703274111727,697.5226602279621,1.0,1,0,0,0.0
1314,1359,cross_plane,410.46398220524264,931.2803092724805,697.5850736767862,1.0,1,0,0,0.0
1315,1360,cross_plane,410.55386973146517,931.111125406774,697.5751187581891,1.0,1,0,0,0.0
1316,1361,cross_plane,410.68641742354725,931.021905769477,697.4930904989919,1.0,1,0,0,0.0
1317,1362,cross_plane,410.86157069990634,930.9138694345735,697.3414555505683,1.0,1,0,0,0.0
1318,1363,cross_plane,411.0792575358348,930.7870206939052,697.1249562262886,1.0,1,0,0,0.0
1319,1364,cross_plane,411.3393885770133,930.6413645876371,696.8508474329461,1.0,1,0,0,0.0
1320,1365,cross_plane,411.64185727960427,930.4769069044233,696.5293569230944,1.0,1,0,0,0.0
1321,1366,cross_plane,411.9865400768545,930.2936541817759,696.1745361149757,1.0,1,0,0,0.0
1322,1367,cross_plane,412.37329657114634,930.0916137063314,695.8057683470623,1.0,1,0,0,0.0
1323,1368,cross_plane,412.8019697510766,930.1907860529114,695.4502052353218,1.0,1,0,0,0.0
1324,1369,cross_plane,413.17041723671036,930.3838234066831,695.1457034993704,1.0,1,0,0,0.0
1325,1370,cross_plane,412.70872816887584,930.558069422012,694.9406741347349,1.0,1,0,0,0.0
1326,1371,cross_plane,411.20943006240367,930.7135171713452,694.8813833583691,1.0,1,0,0,0.0
1327,1372,cross_plane,410.96962827361307,930.8501604760669,694.9840701696104,1.0,1,0,0,0.0
1328,1373,cross_plane,410.7723156675628,930.9679939062883,695.2215034221148,1.0,1,0,0,0.0
1329,1374,cross_plane,410.6175733092283,931.0670127805192,695.5444630549538,1.0,1,0,0,0.0
1330,1375,cross_plane,410.50546487608204,931.1472131654141,695.9069152393013,1.0,1,0,0,0.0
1331,1376,cross_plane,410.43603655788604,931.2085918756464,696.2741773835928,1.0,1,0,0,0.0
1332,1377,cross_plane,410.4093169834308,931.2511464736739,696.6215243721284,1.0,1,0,0,0.0
1333,1378,cross_plane,410.4253171754553,931.2748752696682,696.9312355144266,1.0,1,0,0,0.0
1334,1425,cross_plane,411.00987328018,930.8268292744382,697.3366722595621,1.0,1,0,0,0.0
1335,1380,cross_plane,410.804865963451,930.948066623094,697.4900458320468,1.0,1,0,0,0.0
1336,1381,cross_plane,410.642415511228,931.0504902073889,697.5739055354067,1.0,1,0,0,0.0
1337,1382,cross_plane,410.52258875541247,931.2760731601206,697.5857279157971,1.0,1,0,0,0.0
1338,1383,cross_plane,410.44543505625614,931.2793020344644,697.525162571285,1.0,1,0,0,0.0
1339,1384,cross_plane,410.4109862243226,931.2637039887899,697.3940183794448,1.0,1,0,0,0.0
1340,1385,cross_plane,410.4192564701669,931.2719767465004,697.1963373433179,1.0,1,0,0,0.0
1341,1386,cross_plane,410.46204661982944,931.2802854366726,696.938584846254,1.0,1,0,0,0.0
1342,1387,cross_plane,410.416073191721,931.2697671677879,696.63002947036,1.0,1,0,0,0.0
1343,1388,cross_plane,410.41281674266725,931.2404223574902,696.2834532300861,1.0,1,0,0,0.0
1344,1389,cross_plane,410.45227861617377,931.1922521710021,695.9164294985688,1.0,1,0,0,0.0
1345,1390,cross_plane,410.5344425344111,931.125258521197,695.5534678371772,1.0,1,0,0,0.0
1346,1391,cross_plane,410.6592746239491,931.0394440686536,695.2289596454963,1.0,1,0,0,0.0
1347,1392,cross_plane,410.82672346945895,930.9348122218341,694.9886829517282,1.0,1,0,0,0.0
1348,1393,cross_plane,411.03672019487374,930.8113671372248,694.882025849905,1.0,1,0,0,0.0
1349,1394,cross_plane,412.40969867891965,930.66911371956,694.9371623281577,1.0,1,0,0,0.0
1350,1395,cross_plane,412.84208889820167,930.508057622052,695.1389588348032,1.0,1,0,0,0.0
1351,1396,cross_plane,413.1276994543691,930.328205246673,695.4415414752315,1.0,1,0,0,0.0
1352,1397,cross_plane,412.66971621341503,930.1295637444875,695.7963164145149,1.0,1,0,0,0.0
1353,1398,cross_plane,412.2535296941492,930.1538498027924,696.1651245903496,1.0,1,0,0,0.0
1354,1399,cross_plane,411.87930842314285,930.3502865539003,696.5205745130594,1.0,1,0,0,0.0
1355,1400,cross_plane,411.5472044799847,930.5279333001282,696.8431177485485,1.0,1,0,0,0.0
1356,1401,cross_plane,411.25735326311855,930.6867829783306,697.1185881006246,1.0,1,0,0,0.0
1357,1402,cross_plane,411.0098732801572,930.8268292744336,697.3366722595532,1.0,1,0,0,0.0
1358,1403,cross_plane,410.8048659634572,930.9480666230941,697.490045832045,1.0,1,0,0,0.0
1359,1404,cross_plane,410.64241551123416,931.050490207389,697.5739055354067,1.0,1,0,0,0.0
1360,1405,cross_plane,410.52258875543083,931.2760731601206,697.5857279157993,1.0,1,0,0,0.0
1361,1406,cross_plane,410.44543505625614,931.2793020344642,697.5251625712866,1.0,1,0,0,0.0
1362,1407,cross_plane,410.4109862243104,931.2637039887846,697.3940183794385,1.0,1,0,0,0.0
1363,1408,cross_plane,410.4192564701607,931.2719767465005,697.196337343316,1.0,1,0,0,0.0
1364,1409,cross_plane,410.46204661982955,931.2802854366699,696.9385848462521,1.0,1,0,0,0.0
1365,1410,cross_plane,410.41607319172095,931.2697671677961,696.630029470362,1.0,1,0,0,0.0
1366,1411,cross_plane,410.41281674266725,931.240422357493,696.2834532300855,1.0,1,0,0,0.0
1367,1412,cross_plane,410.45227861618,931.1922521710022,695.9164294985727,1.0,1,0,0,0.0
1368,1413,cross_plane,410.534442534405,931.1252585211917,695.5534678371729,1.0,1,0,0,0.0
1369,1414,cross_plane,410.65927462394916,931.0394440686536,695.2289596454967,1.0,1,0,0,0.0
1370,1415,cross_plane,410.82672346945895,930.9348122218341,694.988682951728,1.0,1,0,0,0.0
1371,1416,cross_plane,411.03672019487374,930.8113671372276,694.8820258499046,1.0,1,0,0,0.0
1372,1417,cross_plane,412.40969867891374,930.6691137195628,694.9371623281583,1.0,1,0,0,0.0
1373,1418,cross_plane,412.84208889820167,930.508057622052,695.1389588348035,1.0,1,0,0,0.0
1374,1419,cross_plane,413.1276994543572,930.3282052466676,695.4415414752239,1.0,1,0,0,0.0
1375,1420,cross_plane,412.66971621341514,930.1295637444874,695.796316414515,1.0,1,0,0,0.0
1376,1421,cross_plane,412.2535296941372,930.1538498027925,696.1651245903535,1.0,1,0,0,0.0
1377,1422,cross_plane,411.87930842314296,930.3502865538948,696.5205745130557,1.0,1,0,0,0.0
1378,1423,cross_plane,411.5472044799847,930.5279333001282,696.8431177485481,1.0,1,0,0,0.0
1379,1424,cross_plane,411.2573532631062,930.6867829783251,697.1185881006171,1.0,1,0,0,0.0
1380,1471,cross_plane,412.76075274723394,930.5385929281393,697.4511597411298,1.0,1,0,0,0.0
1381,1426,cross_plane,413.2150207494312,930.3621411341618,697.5562392822745,1.0,1,0,0,0.0
1382,1427,cross_plane,412.7494938751555,930.542811602967,697.5898075151894,1.0,1,0,0,0.0
1383,1428,cross_plane,412.32573149090126,930.6999904450053,697.5508674047751,1.0,1,0,0,0.0
1384,1429,cross_plane,411.9439050724745,930.8383653800461,697.4405765132024,1.0,1,0,0,0.0
1385,1430,cross_plane,411.6041696934669,930.9579309092446,697.2622931777978,1.0,1,0,0,0.0
1386,1431,cross_plane,411.30666378693024,931.0586822822044,697.0217265121777,1.0,1,0,0,0.0
1387,1432,cross_plane,411.0515089312524,931.140615496738,696.7272482328463,1.0,1,0,0,0.0
1388,1433,cross_plane,410.8388096609529,931.2037272986138,696.3904836759103,1.0,1,0,0,0.0
1389,1434,cross_plane,410.6686533032842,931.248015181474,696.0273883822696,1.0,1,0,0,0.0
1390,1435,cross_plane,410.54110984109207,931.273477386645,695.660106277225,1.0,1,0,0,0.0
1391,1436,cross_plane,410.4562318026373,931.2801129030868,695.3197523184941,1.0,1,0,0,0.0
1392,1437,cross_plane,410.41405417852917,931.2679214673091,695.0488589331922,1.0,1,0,0,0.0
1393,1438,cross_plane,410.4145943664672,931.2684618180638,694.897569793494,1.0,1,0,0,0.0
1394,1439,cross_plane,410.45785214358915,931.2801771358544,694.903677574241,1.0,1,0,0,0.0
1395,1440,cross_plane,410.54380966682345,931.2730654988806,695.0654832269453,1.0,1,0,0,0.0
1396,1441,cross_plane,410.67243150123636,931.2471271895271,695.3432346635982,1.0,1,0,0,0.0
1397,1442,cross_plane,410.8436646760438,931.202363237748,695.6869053178037,1.0,1,0,0,0.0
1398,1443,cross_plane,411.05743876828666,931.1387754211212,696.0548168206266,1.0,1,0,0,0.0
1399,1444,cross_plane,411.31366601372656,931.0563662649196,696.4166272055237,1.0,1,0,0,0.0
1400,1445,cross_plane,411.61224144470435,930.9551390422737,696.750737707623,1.0,1,0,0,0.0
1401,1446,cross_plane,411.95304305417505,930.8350977743088,697.0415667686801,1.0,1,0,0,0.0
1402,1447,cross_plane,412.33593198550983,930.6962472303495,697.2777601317554,1.0,1,0,0,0.0
1403,1448,cross_plane,412.76075274724195,930.5385929281402,697.4511597411291,1.0,1,0,0,0.0
1404,1449,cross_plane,413.2150207494371,930.3621411341613,697.5562392822744,1.0,1,0,0,0.0
1405,1450,cross_plane,412.74949387514937,930.5428116029617,697.5898075151872,1.0,1,0,0,0.0
1406,1451,cross_plane,412.32573149090126,930.6999904450055,697.5508674047733,1.0,1,0,0,0.0
1407,1452,cross_plane,411.9439050724683,930.8383653800514,697.4405765132069,1.0,1,0,0,0.0
1408,1453,cross_plane,411.6041696934547,930.9579309092446,697.2622931777975,1.0,1,0,0,0.0
1409,1454,cross_plane,411.3066637869364,931.0586822822041,697.0217265121779,1.0,1,0,0,0.0
1410,1455,cross_plane,411.0515089312461,931.1406154967322,696.7272482328423,1.0,1,0,0,0.0
1411,1456,cross_plane,410.8388096609589,931.2037272986138,696.3904836759102,1.0,1,0,0,0.0
1412,1457,cross_plane,410.6686533032842,931.248015181474,696.0273883822659,1.0,1,0,0,0.0
1413,1458,cross_plane,410.5411098410859,931.2734773866503,695.6601062772252,1.0,1,0,0,0.0
1414,1459,cross_plane,410.4562318026251,931.2801129030869,695.3197523184937,1.0,1,0,0,0.0
1415,1460,cross_plane,410.4140541785413,931.2679214673143,695.0488589331999,1.0,1,0,0,0.0
1416,1461,cross_plane,410.41459436646727,931.2684618180607,694.8975697934943,1.0,1,0,0,0.0
1417,1462,cross_plane,410.45785214357676,931.2801771358543,694.9036775742369,1.0,1,0,0,0.0
1418,1463,cross_plane,410.5438096668296,931.2730654988836,695.0654832269489,1.0,1,0,0,0.0
1419,1464,cross_plane,410.6724315012364,931.2471271895269,695.3432346635982,1.0,1,0,0,0.0
1420,1465,cross_plane,410.8436646760437,931.202363237748,695.6869053178038,1.0,1,0,0,0.0
1421,1466,cross_plane,411.05743876827455,931.1387754211158,696.0548168206192,1.0,1,0,0,0.0
1422,1467,cross_plane,411.3136660137451,931.0563662649224,696.4166272055278,1.0,1,0,0,0.0
1423,1468,cross_plane,411.61224144471674,930.9551390422789,696.7507377076305,1.0,1,0,0,0.0
1424,1469,cross_plane,411.9530430541752,930.8350977743087,697.0415667686802,1.0,1,0,0,0.0
1425,1470,cross_plane,412.33593198549744,930.6962472303442,697.2777601317475,1.0,1,0,0,0.0
1426,1517,cross_plane,410.64599868567575,931.2532156485737,697.532122119614,1.0,1,0,0,0.0
1427,1472,cross_plane,410.809526269095,931.2118579896947,697.5873467292362,1.0,1,0,0,0.0
1428,1473,cross_plane,411.01560880124026,930.8235193951917,697.5701357336233,1.0,1,0,0,0.0
1429,1474,cross_plane,411.26416164626187,930.6829975026086,697.4809994179556,1.0,1,0,0,0.0
1430,1475,cross_plane,411.5550829379684,930.523672378378,697.3226255751897,1.0,1,0,0,0.0
1431,1476,cross_plane,411.88825373916063,930.3455503555181,697.0999943419494,1.0,1,0,0,0.0
1432,1477,cross_plane,412.26353822685036,930.1486385161066,696.820632373575,1.0,1,0,0,0.0
1433,1478,cross_plane,412.6807839025846,930.1348187641047,696.4951030768849,1.0,1,0,0,0.0
1434,1479,cross_plane,413.1398218270251,930.3329851962826,696.1379095565538,1.0,1,0,0,0.0
1435,1480,cross_plane,412.83063899208184,930.5123623115728,695.7690860103481,1.0,1,0,0,0.0
1436,1481,cross_plane,412.39930635784305,930.6729429778633,695.4167280665446,1.0,1,0,0,0.0
1437,1482,cross_plane,412.00987986988304,930.8147208121134,695.119869100187,1.0,1,0,0,0.0
1438,1483,cross_plane,411.6625175880207,930.9376901800447,694.9275832563911,1.0,1,0,0,0.0
1439,1484,cross_plane,410.65559220584197,931.0418461958476,694.8844959673061,1.0,1,0,0,0.0
1440,1485,cross_plane,410.53183860535876,931.127184721964,695.0024965209471,1.0,1,0,0,0.0
1441,1486,cross_plane,410.45075424932224,931.193702368846,695.2507881598522,1.0,1,0,0,0.0
1442,1487,cross_plane,410.41237256665835,931.2413964948181,695.5795948106864,1.0,1,0,0,0.0
1443,1488,cross_plane,410.4167093898088,931.2702652059149,695.9439007346367,1.0,1,0,0,0.0
1444,1489,cross_plane,410.4637629295832,931.2803073558231,696.3101467896536,1.0,1,0,0,0.0
1445,1490,cross_plane,410.4185208046086,931.2715225458021,696.6544341583691,1.0,1,0,0,0.0
1446,1491,cross_plane,410.4113309273365,931.2643304888927,696.9596068075807,1.0,1,0,0,0.0
1447,1492,cross_plane,410.4468599856316,931.2794524190645,697.2131788292573,1.0,1,0,0,0.0
1448,1493,cross_plane,410.52509332345227,931.2757474232516,697.4061090368259,1.0,1,0,0,0.0
1449,1494,cross_plane,410.64599868565887,931.2532156485667,697.5321221196076,1.0,1,0,0,0.0
1450,1495,cross_plane,410.8095262691012,931.2118579896959,697.587346729238,1.0,1,0,0,0.0
1451,1496,cross_plane,411.01560880124623,930.8235193951889,697.5701357336253,1.0,1,0,0,0.0
1452,1497,cross_plane,411.2641616462679,930.6829975026109,697.4809994179591,1.0,1,0,0,0.0
1453,1498,cross_plane,411.55508293796856,930.5236723783777,697.3226255751919,1.0,1,0,0,0.0
1454,1499,cross_plane,411.8882537391604,930.3455503555184,697.0999943419475,1.0,1,0,0,0.0
1455,1500,cross_plane,412.2635382268566,930.1486385161093,696.8206323735767,1.0,1,0,0,0.0
1456,1501,cross_plane,412.6807839025845,930.1348187641049,696.4951030768874,1.0,1,0,0,0.0
1457,1502,cross_plane,413.1398218270312,930.3329851962877,696.1379095565575,1.0,1,0,0,0.0
1458,1503,cross_plane,412.83063899207554,930.5123623115676,695.7690860103444,1.0,1,0,0,0.0
1459,1504,cross_plane,412.39930635784276,930.6729429778575,695.4167280665406,1.0,1,0,0,0.0
1460,1505,cross_plane,412.0098798698709,930.8147208121078,695.1198691001795,1.0,1,0,0,0.0
1461,1506,cross_plane,411.6625175880208,930.9376901800445,694.9275832563948,1.0,1,0,0,0.0
1462,1507,cross_plane,410.6555922058545,931.0418461958478,694.8844959673097,1.0,1,0,0,0.0
1463,1508,cross_plane,410.5318386053464,931.127184721964,695.0024965209435,1.0,1,0,0,0.0
1464,1509,cross_plane,410.45075424932196,931.1937023688461,695.2507881598522,1.0,1,0,0,0.0
1465,1510,cross_plane,410.4123725666583,931.2413964948173,695.5795948106861,1.0,1,0,0,0.0
1466,1511,cross_plane,410.4167093898088,931.27026520592,695.9439007346405,1.0,1,0,0,0.0
1467,1512,cross_plane,410.4637629295716,931.2803073558227,696.3101467896535,1.0,1,0,0,0.0
1468,1513,cross_plane,410.41852080459574,931.2715225457961,696.6544341583614,1.0,1,0,0,0.0
1469,1514,cross_plane,410.41133092732383,931.2643304888933,696.9596068075804,1.0,1,0,0,0.0
1470,1515,cross_plane,410.4468599856318,931.279452419064,697.2131788292572,1.0,1,0,0,0.0
1471,1516,cross_plane,410.52509332343976,931.2757474232462,697.4061090368181,1.0,1,0,0,0.0
1472,1563,cross_plane,410.4161522396316,931.2341614426504,697.5783520874062,1.0,1,0,0,0.0
1473,1518,cross_plane,410.412758988121,931.2664366221429,697.5829160014615,1.0,1,0,0,0.0
1474,1519,cross_plane,410.4520840829906,931.2798853924651,697.5151754165821,1.0,1,0,0,0.0
1475,1520,cross_plane,410.4243860422016,931.2745072196119,697.3771576256195,1.0,1,0,0,0.0
1476,1521,cross_plane,410.40946619685633,931.2503023171384,697.1731360299767,1.0,1,0,0,0.0
1477,1522,cross_plane,410.4372660564219,931.2072716461583,696.9098351685888,1.0,1,0,0,0.0
1478,1523,cross_plane,410.50777415262195,931.1454169154026,696.5968358533063,1.0,1,0,0,0.0
1479,1524,cross_plane,410.62096141181416,931.0647405813102,696.2473297423059,1.0,1,0,0,0.0
1480,1525,cross_plane,410.7767812010326,930.9652458481487,695.8794708101999,1.0,1,0,0,0.0
1481,1526,cross_plane,410.9751694016702,930.8469366681505,695.5186178597532,1.0,1,0,0,0.0
1482,1527,cross_plane,411.2160445106362,930.7098177417447,695.2003013807395,1.0,1,0,0,0.0
1483,1528,cross_plane,411.4993077684441,930.5538945177738,694.9712661717587,1.0,1,0,0,0.0
1484,1529,cross_plane,411.82484331381704,930.3791731937484,694.8801463415936,1.0,1,0,0,0.0
1485,1530,cross_plane,412.7906136528159,930.18566071619,694.9513588910874,1.0,1,0,0,0.0
1486,1531,cross_plane,412.3629984488176,930.0969546656376,695.1655364918274,1.0,1,0,0,0.0
1487,1532,cross_plane,411.97730410402653,930.2985201074888,695.4753945932034,1.0,1,0,0,0.0
1488,1533,cross_plane,411.6336872125654,930.4812976030421,695.8330931412241,1.0,1,0,0,0.0
1489,1534,cross_plane,411.33228774897714,930.6452798845924,696.2016450288374,1.0,1,0,0,0.0
1490,1535,cross_plane,411.0732288518061,930.7904604335869,696.5545791813048,1.0,1,0,0,0.0
1491,1536,cross_plane,410.85661663205815,930.9168334802791,696.8729797512378,1.0,1,0,0,0.0
1492,1537,cross_plane,410.68254000748476,931.0243940034632,697.1431211552778,1.0,1,0,0,0.0
1493,1538,cross_plane,410.55107056292934,931.1131377301907,697.3550195380498,1.0,1,0,0,0.0
1494,1539,cross_plane,410.4622624376004,931.1830611355883,697.5016189092488,1.0,1,0,0,0.0
1495,1540,cross_plane,410.4161522396202,931.2341614426458,697.5783520873989,1.0,1,0,0,0.0
1496,1541,cross_plane,410.41275898810824,931.2664366221384,697.5829160014576,1.0,1,0,0,0.0
1497,1542,cross_plane,410.4520840829839,931.2798853924629,697.5151754165781,1.0,1,0,0,0.0
1498,1543,cross_plane,410.424386042201,931.2745072196124,697.3771576256196,1.0,1,0,0,0.0
1499,1544,cross_plane,410.40946619686264,931.2503023171414,697.1731360299801,1.0,1,0,0,0.0
1500,1545,cross_plane,410.4372660564154,931.2072716461527,696.9098351685849,1.0,1,0,0,0.0
1501,1546,cross_plane,410.50777415261587,931.1454169153974,696.5968358533023,1.0,1,0,0,0.0
1502,1547,cross_plane,410.62096141180785,931.0647405813069,696.2473297423021,1.0,1,0,0,0.0
1503,1548,cross_plane,410.776781201033,930.9652458481426,695.8794708101999,1.0,1,0,0,0.0
1504,1549,cross_plane,410.9751694016698,930.8469366681481,695.5186178597532,1.0,1,0,0,0.0
1505,1550,cross_plane,411.2160445106423,930.7098177417504,695.2003013807438,1.0,1,0,0,0.0
1506,1551,cross_plane,411.4993077684443,930.5538945177702,694.9712661717589,1.0,1,0,0,0.0
1507,1552,cross_plane,411.824843313817,930.3791731937508,694.8801463415939,1.0,1,0,0,0.0
1508,1553,cross_plane,412.79061365281564,930.1856607161956,694.9513588910874,1.0,1,0,0,0.0
1509,1554,cross_plane,412.3629984488174,930.0969546656424,695.165536491831,1.0,1,0,0,0.0
1510,1555,cross_plane,411.97730410402653,930.2985201074889,695.4753945932035,1.0,1,0,0,0.0
1511,1556,cross_plane,411.6336872125653,930.4812976030373,695.8330931412205,1.0,1,0,0,0.0
1512,1557,cross_plane,411.33228774897697,930.6452798845871,696.2016450288338,1.0,1,0,0,0.0
1513,1558,cross_plane,411.0732288518061,930.790460433587,696.554579181305,1.0,1,0,0,0.0
1514,1559,cross_plane,410.85661663208225,930.9168334802791,696.8729797512455,1.0,1,0,0,0.0
1515,1560,cross_plane,410.68254000748453,931.0243940034632,697.1431211552778,1.0,1,0,0,0.0
1516,1561,cross_plane,410.55107056294156,931.1131377301964,697.3550195380541,1.0,1,0,0,0.0
1517,1562,cross_plane,410.4622624375884,931.1830611355828,697.5016189092412,1.0,1,0,0,0.0
1518,1609,cross_plane,411.6927383845142,930.9271542455535,697.5891741807318,1.0,1,0,0,0.0
1519,1564,cross_plane,411.3836902766946,931.0330426577948,697.54301124,1.0,1,0,0,0.0
1520,1565,cross_plane,411.1169617105123,931.1201139300285,697.4257327740482,1.0,1,0,0,0.0
1521,1566,cross_plane,410.8926618910923,931.1883646038602,697.2409233871098,1.0,1,0,0,0.0
1522,1567,cross_plane,410.71088285832604,931.2377919687501,696.9945409762264,1.0,1,0,0,0.0
1523,1568,cross_plane,410.5716993424747,931.2683940619017,696.6952499748237,1.0,1,0,0,0.0
1524,1569,cross_plane,410.47516864660616,931.2801696681639,696.3550499180606,1.0,1,0,0,0.0
1525,1570,cross_plane,410.42133055610157,931.2731183199639,695.9904159679381,1.0,1,0,0,0.0
1526,1571,cross_plane,410.41020727576097,931.2619916402624,695.6242509746749,1.0,1,0,0,0.0
1527,1572,cross_plane,410.4418033945815,931.2788470135233,695.2887357870551,1.0,1,0,0,0.0
1528,1573,cross_plane,410.43164981208963,931.276875484834,695.0275282383715,1.0,1,0,0,0.0
1529,1574,cross_plane,410.40900020021525,931.2560771324864,694.8907512418355,1.0,1,0,0,0.0
1530,1575,cross_plane,410.79268984211143,931.2164527823192,694.9132868677665,1.0,1,0,0,0.0
1531,1576,cross_plane,410.99485746339076,931.1580040077959,695.0888792746127,1.0,1,0,0,0.0
1532,1577,cross_plane,411.23950391267977,931.0807331300482,695.3754159475296,1.0,1,0,0,0.0
1533,1578,cross_plane,411.5265289039583,930.9846432180017,695.7231892941086,1.0,1,0,0,0.0
1534,1579,cross_plane,411.85581506450535,930.8697380885556,696.0916869678467,1.0,1,0,0,0.0
1535,1580,cross_plane,412.22722811764163,930.7360223067327,696.4515816188623,1.0,1,0,0,0.0
1536,1581,cross_plane,412.6406170908352,930.583501185936,696.7819843846431,1.0,1,0,0,0.0
1537,1582,cross_plane,413.09581454807176,930.4121807881776,697.0678019450952,1.0,1,0,0,0.0
1538,1583,cross_plane,412.8724541868402,930.2220679244292,697.2980363230954,1.0,1,0,0,0.0
1539,1584,cross_plane,412.4372716270308,930.0584756908593,697.464812397523,1.0,1,0,0,0.0
1540,1585,cross_plane,412.04397983415004,930.2634398799084,697.5628474935421,1.0,1,0,0,0.0
1541,1586,cross_plane,411.69273838451534,930.9271542455531,697.5891741807312,1.0,1,0,0,0.0
1542,1587,cross_plane,411.3836902766887,931.0330426577941,697.5430112399999,1.0,1,0,0,0.0
1543,1588,cross_plane,411.1169617105071,931.1201139300285,697.4257327740464,1.0,1,0,0,0.0
1544,1589,cross_plane,410.8926618910918,931.1883646038607,697.2409233871081,1.0,1,0,0,0.0
1545,1590,cross_plane,410.710882858344,931.2377919687513,696.9945409762308,1.0,1,0,0,0.0
1546,1591,cross_plane,410.5716993424688,931.2683940619029,696.6952499748236,1.0,1,0,0,0.0
1547,1592,cross_plane,410.47516864661225,931.2801696681635,696.3550499180607,1.0,1,0,0,0.0
1548,1593,cross_plane,410.42133055610094,931.2731183199633,695.9904159679381,1.0,1,0,0,0.0
1549,1594,cross_plane,410.41020727575454,931.2619916402643,695.6242509746749,1.0,1,0,0,0.0
1550,1595,cross_plane,410.4418033945692,931.2788470135181,695.288735787051,1.0,1,0,0,0.0
1551,1596,cross_plane,410.43164981209026,931.2768754848371,695.0275282383712,1.0,1,0,0,0.0
1552,1597,cross_plane,410.409000200215,931.2560771324831,694.8907512418351,1.0,1,0,0,0.0
1553,1598,cross_plane,410.7926898421364,931.2164527823188,694.9132868677742,1.0,1,0,0,0.0
1554,1599,cross_plane,410.99485746338553,931.1580040077937,695.0888792746094,1.0,1,0,0,0.0
1555,1600,cross_plane,411.2395039126795,931.0807331300483,695.3754159475296,1.0,1,0,0,0.0
1556,1601,cross_plane,411.5265289039712,930.9846432180063,695.7231892941121,1.0,1,0,0,0.0
1557,1602,cross_plane,411.85581506450603,930.8697380885554,696.0916869678467,1.0,1,0,0,0.0
1558,1603,cross_plane,412.2272281176417,930.736022306733,696.4515816188622,1.0,1,0,0,0.0
1559,1604,cross_plane,412.64061709082375,930.5835011859307,696.7819843846358,1.0,1,0,0,0.0
1560,1605,cross_plane,413.095814548065,930.4121807881788,697.0678019450992,1.0,1,0,0,0.0
1561,1606,cross_plane,412.8724541868406,930.2220679244341,697.2980363231028,1.0,1,0,0,0.0
1562,1607,cross_plane,412.43727162702993,930.0584756908602,697.464812397523,1.0,1,0,0,0.0
1563,1608,cross_plane,412.043979834137,930.2634398799041,697.5628474935342,1.0,1,0,0,0.0
1564,1655,cross_plane,411.79310661110213,930.3960459500906,697.5644316692045,1.0,1,0,0,0.0
1565,1610,cross_plane,412.1569077237654,930.2042633304599,697.4682140848432,1.0,1,0,0,0.0
1566,1611,cross_plane,412.5627133012449,930.0774515208589,697.3031509494632,1.0,1,0,0,0.0
1567,1612,cross_plane,413.01035886822524,930.2807464439567,697.0744626881154,1.0,1,0,0,0.0
1568,1613,cross_plane,412.95566055088756,930.465254127586,696.7899524649338,1.0,1,0,0,0.0
1569,1614,cross_plane,412.5129163954166,930.6309672350584,696.4605281369895,1.0,1,0,0,0.0
1570,1615,cross_plane,412.1120323797679,930.777879178865,696.1011601380063,1.0,1,0,0,0.0
1571,1616,cross_plane,411.75317105448767,930.9059841203139,695.7325590375931,1.0,1,0,0,0.0
1572,1617,cross_plane,411.43647843485445,931.0152769692903,695.383796083294,1.0,1,0,0,0.0
1573,1618,cross_plane,411.1620837756128,931.1057533839719,695.0950816460876,1.0,1,0,0,0.0
1574,1619,cross_plane,410.93009937036936,931.1774097706007,694.9160136105025,1.0,1,0,0,0.0
1575,1620,cross_plane,410.4186124476395,931.2302432833324,694.8892599645205,1.0,1,0,0,0.0
1576,1621,cross_plane,410.4112857685349,931.2642518240818,695.0222406073248,1.0,1,0,0,0.0
1577,1622,cross_plane,410.4466780436283,931.2794340424232,695.2808717700804,1.0,1,0,0,0.0
1578,1623,cross_plane,410.42790744617554,931.2757893355048,695.6150713132271,1.0,1,0,0,0.0
1579,1624,cross_plane,410.4090542872624,931.256930266107,695.9808976392807,1.0,1,0,0,0.0
1580,1625,cross_plane,410.432921003213,931.277192220385,696.3458911642438,1.0,1,0,0,0.0
1581,1626,cross_plane,410.4994977480655,931.2786273384213,696.6869490396583,1.0,1,0,0,0.0
1582,1627,cross_plane,410.60875706768223,931.2612355632432,696.9874593107376,1.0,1,0,0,0.0
1583,1628,cross_plane,410.7606539431631,931.2250175854156,697.2353243796366,1.0,1,0,0,0.0
1584,1629,cross_plane,410.9551258620734,931.1699748431164,697.421803519516,1.0,1,0,0,0.0
1585,1630,cross_plane,411.19209291702015,931.0961095221819,697.540874303308,1.0,1,0,0,0.0
1586,1631,cross_plane,411.4714579312957,931.0034245562307,697.588893654782,1.0,1,0,0,0.0
1587,1632,cross_plane,411.7931066110979,930.3960459500804,697.5644316691981,1.0,1,0,0,0.0
1588,1633,cross_plane,412.1569077237654,930.2042633304605,697.4682140848449,1.0,1,0,0,0.0
1589,1634,cross_plane,412.5627133012456,930.0774515208583,697.3031509494655,1.0,1,0,0,0.0
1590,1635,cross_plane,413.01035886823746,930.2807464439614,697.0744626881187,1.0,1,0,0,0.0
1591,1636,cross_plane,412.95566055089375,930.4652541275855,696.7899524649359,1.0,1,0,0,0.0
1592,1637,cross_plane,412.51291639540943,930.6309672350591,696.4605281369878,1.0,1,0,0,0.0
1593,1638,cross_plane,412.1120323797558,930.777879178865,696.101160138006,1.0,1,0,0,0.0
1594,1639,cross_plane,411.75317105448795,930.9059841203144,695.7325590375934,1.0,1,0,0,0.0
1595,1640,cross_plane,411.4364784348551,931.0152769692916,695.383796083298,1.0,1,0,0,0.0
1596,1641,cross_plane,411.16208377560054,931.1057533839712,695.0950816460839,1.0,1,0,0,0.0
1597,1642,cross_plane,410.93009937036936,931.1774097706007,694.9160136104987,1.0,1,0,0,0.0
1598,1643,cross_plane,410.4186124476153,931.2302432833336,694.8892599645129,1.0,1,0,0,0.0
1599,1644,cross_plane,410.4112857685349,931.2642518240873,695.0222406073286,1.0,1,0,0,0.0
1600,1645,cross_plane,410.4466780436286,931.2794340424279,695.2808717700838,1.0,1,0,0,0.0
1601,1646,cross_plane,410.427907446163,931.2757893354989,695.6150713132234,1.0,1,0,0,0.0
1602,1647,cross_plane,410.4090542872621,931.2569302661058,695.9808976392809,1.0,1,0,0,0.0
1603,1648,cross_plane,410.4329210032011,931.277192220385,696.3458911642434,1.0,1,0,0,0.0
1604,1649,cross_plane,410.4994977480713,931.2786273384239,696.686949039662,1.0,1,0,0,0.0
1605,1650,cross_plane,410.6087570676948,931.2612355632432,696.9874593107373,1.0,1,0,0,0.0
1606,1651,cross_plane,410.7606539431512,931.2250175854103,697.2353243796291,1.0,1,0,0,0.0
1607,1652,cross_plane,410.9551258620734,931.1699748431157,697.421803519516,1.0,1,0,0,0.0
1608,1653,cross_plane,411.19209291701986,931.0961095221832,697.540874303308,1.0,1,0,0,0.0
1609,1654,cross_plane,411.4714579312831,931.003424556226,697.5888936547743,1.0,1,0,0,0.0
1610,1701,cross_plane,410.42543702883205,931.2208879896458,697.5044836495002,1.0,1,0,0,0.0
1611,1656,cross_plane,410.48428713562106,931.1641723610468,697.3596348324655,1.0,1,0,0,0.0
1612,1657,cross_plane,410.58582608806614,931.0886343842518,697.1493396041975,1.0,1,0,0,0.0
1613,1658,cross_plane,410.73001204105606,930.9942770593318,696.8805855912605,1.0,1,0,0,0.0
1614,1659,cross_plane,410.9167856410235,930.8811041343137,696.5632731761125,1.0,1,0,0,0.0
1615,1660,cross_plane,411.14607011956525,930.7491201053217,696.211016895667,1.0,1,0,0,0.0
1616,1661,cross_plane,411.4177714142582,930.5983302168403,695.8425736974401,1.0,1,0,0,0.0
1617,1662,cross_plane,411.73177831609667,930.4287404619531,695.4841829579133,1.0,1,0,0,0.0
1618,1663,cross_plane,412.0879626430608,930.2403575826573,695.1725318608511,1.0,1,0,0,0.0
1619,1664,cross_plane,412.4861794390812,930.0386596862637,694.9552486977913,1.0,1,0,0,0.0
1620,1665,cross_plane,412.07843629342176,930.2453532212768,694.8799319511855,1.0,1,0,0,0.0
1621,1666,cross_plane,411.7233168884699,930.4332609244327,694.9670091430439,1.0,1,0,0,0.0
1622,1667,cross_plane,411.410378357901,930.6023753234327,695.1930688651404,1.0,1,0,0,0.0
1623,1668,cross_plane,411.13974845686596,930.7526896952442,695.5097159302464,1.0,1,0,0,0.0
1624,1669,cross_plane,410.9115379627617,930.8841980657048,695.8699695685895,1.0,1,0,0,0.0
1625,1670,cross_plane,410.7258405023398,930.9968952092742,696.2380031633198,1.0,1,0,0,0.0
1626,1671,cross_plane,410.58273240499904,931.0907766487304,696.5882343379141,1.0,1,0,0,0.0
1627,1672,cross_plane,410.48227258257026,931.1658386549832,696.9023561434068,1.0,1,0,0,0.0
1628,1673,cross_plane,410.4245024364079,931.2220782468687,697.167069403493,1.0,1,0,0,0.0
1629,1674,cross_plane,410.4094457918827,931.2594931910016,697.3727117954726,1.0,1,0,0,0.0
1630,1675,cross_plane,410.4371088607059,931.2780820016668,697.5124914700103,1.0,1,0,0,0.0
1631,1676,cross_plane,410.4358828209397,931.2778439407692,697.5820751678225,1.0,1,0,0,0.0
1632,1677,cross_plane,410.40930003815487,931.2587790177671,697.5793792673876,1.0,1,0,0,0.0
1633,1678,cross_plane,410.42543702882716,931.2208879896463,697.504483649497,1.0,1,0,0,0.0
1634,1679,cross_plane,410.48428713562134,931.1641723610468,697.3596348324635,1.0,1,0,0,0.0
1635,1680,cross_plane,410.58582608805386,931.0886343842453,697.1493396041918,1.0,1,0,0,0.0
1636,1681,cross_plane,410.73001204105606,930.9942770593317,696.8805855912607,1.0,1,0,0,0.0
1637,1682,cross_plane,410.9167856410296,930.8811041343113,696.5632731761143,1.0,1,0,0,0.0
1638,1683,cross_plane,411.1460701195659,930.7491201053201,696.211016895667,1.0,1,0,0,0.0
1639,1684,cross_plane,411.41777141425786,930.5983302168428,695.84257369744,1.0,1,0,0,0.0
1640,1685,cross_plane,411.7317783160909,930.4287404619511,695.4841829579096,1.0,1,0,0,0.0
1641,1686,cross_plane,412.08796264306045,930.2403575826573,695.1725318608511,1.0,1,0,0,0.0
1642,1687,cross_plane,412.48617943908164,930.0386596862644,694.9552486977913,1.0,1,0,0,0.0
1643,1688,cross_plane,412.0784362934214,930.2453532212818,694.8799319511894,1.0,1,0,0,0.0
1644,1689,cross_plane,411.72331688848254,930.433260924427,694.9670091430438,1.0,1,0,0,0.0
1645,1690,cross_plane,411.4103783579253,930.6023753234277,695.1930688651446,1.0,1,0,0,0.0
1646,1691,cross_plane,411.13974845686533,930.7526896952435,695.5097159302467,1.0,1,0,0,0.0
1647,1692,cross_plane,410.91153796276103,930.8841980657041,695.8699695685891,1.0,1,0,0,0.0
1648,1693,cross_plane,410.7258405023522,930.9968952092788,696.2380031633238,1.0,1,0,0,0.0
1649,1694,cross_plane,410.5827324049864,931.0907766487298,696.5882343379102,1.0,1,0,0,0.0
1650,1695,cross_plane,410.48227258255866,931.1658386549835,696.9023561434032,1.0,1,0,0,0.0
1651,1696,cross_plane,410.42450243640747,931.2220782468686,697.167069403493,1.0,1,0,0,0.0
1652,1697,cross_plane,410.4094457918831,931.259493191001,697.3727117954758,1.0,1,0,0,0.0
1653,1698,cross_plane,410.4371088607175,931.2780820016724,697.5124914700185,1.0,1,0,0,0.0
1654,1699,cross_plane,410.4358828209457,931.2778439407743,697.5820751678269,1.0,1,0,0,0.0
1655,1700,cross_plane,410.40930003814304,931.2587790177556,697.5793792673802,1.0,1,0,0,0.0
1656,1747,cross_plane,410.60546824484834,931.2619074246301,697.4102117853582,1.0,1,0,0,0.0
1657,1702,cross_plane,410.4972878574934,931.2788230858653,697.2189356640694,1.0,1,0,0,0.0
1658,1703,cross_plane,410.4317909559169,931.2769118461096,696.9668236571246,1.0,1,0,0,0.0
1659,1704,cross_plane,410.4090045493816,931.2561737812388,696.6628390238942,1.0,1,0,0,0.0
1660,1705,cross_plane,410.4289380382438,931.2761135477219,696.3193666373412,1.0,1,0,0,0.0
1661,1706,cross_plane,410.4452565727196,931.2792821331526,695.9534206054544,1.0,1,0,0,0.0
1662,1707,cross_plane,410.4109445251487,931.263623799366,695.5886920615571,1.0,1,0,0,0.0
1663,1708,cross_plane,410.41935157255307,931.2291391680983,695.2584548162635,1.0,1,0,0,0.0
1664,1709,cross_plane,410.4704742465294,931.1758296086939,695.0074529997622,1.0,1,0,0,0.0
1665,1710,cross_plane,410.56429146158695,931.1036972381487,694.885564529627,1.0,1,0,0,0.0
1666,1711,cross_plane,411.4439665673995,931.0127449212105,694.9244594354406,1.0,1,0,0,0.0
1667,1712,cross_plane,411.7617272689773,930.9029762705584,695.1133887653513,1.0,1,0,0,0.0
1668,1713,cross_plane,412.1216531892356,930.7743956469302,695.4082002761814,1.0,1,0,0,0.0
1669,1714,cross_plane,412.5235978918781,930.6270081593874,695.7596709193253,1.0,1,0,0,0.0
1670,1715,cross_plane,412.9673984113041,930.4608196655381,696.1284641972414,1.0,1,0,0,0.0
1671,1716,cross_plane,412.99852397635476,930.2758367718362,696.4862364470687,1.0,1,0,0,0.0
1672,1717,cross_plane,412.5519343546279,930.072066833918,696.8127819099573,1.0,1,0,0,0.0
1673,1718,cross_plane,412.1471890833505,930.2093449290714,697.0934787596367,1.0,1,0,0,0.0
1674,1719,cross_plane,411.78445222336325,930.4006524070944,697.3176758187984,1.0,1,0,0,0.0
1675,1720,cross_plane,411.4638713221842,930.573167877514,697.4777757492551,1.0,1,0,0,0.0
1676,1721,cross_plane,411.18557718652403,930.7268844817366,697.5687368271033,1.0,1,0,0,0.0
1677,1722,cross_plane,410.94968367938804,931.1715988334573,697.5878141806434,1.0,1,0,0,0.0
1678,1723,cross_plane,410.75628754252983,931.2261655340722,697.5344421073725,1.0,1,0,0,0.0
1679,1724,cross_plane,410.60546824483777,931.2619074246297,697.4102117853555,1.0,1,0,0,0.0
1680,1725,cross_plane,410.4972878574995,931.2788230858648,697.2189356640716,1.0,1,0,0,0.0
1681,1726,cross_plane,410.4317909559104,931.2769118461046,696.9668236571225,1.0,1,0,0,0.0
1682,1727,cross_plane,410.40900454938185,931.2561737812391,696.662839023894,1.0,1,0,0,0.0
1683,1728,cross_plane,410.4289380382371,931.2761135477243,696.3193666373412,1.0,1,0,0,0.0
1684,1729,cross_plane,410.4452565727198,931.2792821331523,695.9534206054544,1.0,1,0,0,0.0
1685,1730,cross_plane,410.41094452514886,931.2636237993639,695.5886920615568,1.0,1,0,0,0.0
1686,1731,cross_plane,410.4193515725533,931.2291391680988,695.2584548162635,1.0,1,0,0,0.0
1687,1732,cross_plane,410.4704742465298,931.1758296086944,695.0074529997622,1.0,1,0,0,0.0
1688,1733,cross_plane,410.56429146158166,931.1036972381459,694.885564529623,1.0,1,0,0,0.0
1689,1734,cross_plane,411.44396656739957,931.0127449212112,694.9244594354408,1.0,1,0,0,0.0
1690,1735,cross_plane,411.76172726897175,930.9029762705555,695.1133887653473,1.0,1,0,0,0.0
1691,1736,cross_plane,412.1216531892478,930.7743956469361,695.4082002761892,1.0,1,0,0,0.0
1692,1737,cross_plane,412.5235978918781,930.627008159387,695.7596709193255,1.0,1,0,0,0.0
1693,1738,cross_plane,412.9673984113043,930.4608196655353,696.1284641972376,1.0,1,0,0,0.0
1694,1739,cross_plane,412.99852397635465,930.2758367718391,696.4862364470722,1.0,1,0,0,0.0
1695,1740,cross_plane,412.5519343546279,930.0720668339177,696.8127819099573,1.0,1,0,0,0.0
1696,1741,cross_plane,412.147189083351,930.2093449290718,697.0934787596367,1.0,1,0,0,0.0
1697,1742,cross_plane,411.78445222336296,930.4006524070946,697.317675818795,1.0,1,0,0,0.0
1698,1743,cross_plane,411.46387132218473,930.573167877514,697.4777757492508,1.0,1,0,0,0.0
1699,1744,cross_plane,411.1855771865361,930.7268844817423,697.5687368271105,1.0,1,0,0,0.0
1700,1745,cross_plane,410.94968367938765,931.1715988334569,697.5878141806432,1.0,1,0,0,0.0
1701,1746,cross_plane,410.7562875425174,931.2261655340722,697.5344421073686,1.0,1,0,0,0.0
1702,1793,cross_plane,412.6296467412477,930.5875900672429,697.2830379674666,1.0,1,0,0,0.0
1703,1748,cross_plane,412.21731731569645,930.7396356853836,697.0483702989044,1.0,1,0,0,0.0
1704,1749,cross_plane,411.8469678321319,930.872875820949,696.7588201416071,1.0,1,0,0,0.0
1705,1750,cross_plane,411.51874884362604,930.9873051794702,696.4256491391425,1.0,1,0,0,0.0
1706,1751,cross_plane,411.2327942018203,931.0829192148407,696.0643115688202,1.0,1,0,0,0.0
1707,1752,cross_plane,410.9892208494836,931.1597141290866,695.6962209111708,1.0,1,0,0,0.0
1708,1753,cross_plane,410.78812863838294,931.2176868721955,695.3514551486815,1.0,1,0,0,0.0
1709,1754,cross_plane,410.6296001728952,931.256835141943,695.0713940591553,1.0,1,0,0,0.0
1710,1755,cross_plane,410.5137006802557,931.2771573837648,694.9059991348422,1.0,1,0,0,0.0
1711,1756,cross_plane,410.4404779076833,931.2786527907372,694.8956604408125,1.0,1,0,0,0.0
1712,1757,cross_plane,410.40996204695455,931.2613213034812,695.0432530849289,1.0,1,0,0,0.0
1713,1758,cross_plane,410.42216568656914,931.2735286830896,695.3117037789265,1.0,1,0,0,0.0
1714,1759,cross_plane,410.47708379179625,931.2801039107284,695.6508539407423,1.0,1,0,0,0.0
1715,1760,cross_plane,410.5746937127439,931.2678521865239,696.0178785059561,1.0,1,0,0,0.0
1716,1761,cross_plane,410.71495522007825,931.2367739969413,696.3813909462275,1.0,1,0,0,0.0
1717,1762,cross_plane,410.8978105688185,931.1868705760484,696.7190548116156,1.0,1,0,0,0.0
1718,1763,cross_plane,411.1231845893551,931.118143905541,697.0147826474307,1.0,1,0,0,0.0
1719,1764,cross_plane,411.39098480582504,931.030596714866,697.2568538593487,1.0,1,0,0,0.0
1720,1765,cross_plane,411.70110158112664,930.9242324813533,697.4368219735512,1.0,1,0,0,0.0
1721,1766,cross_plane,412.0534082880463,930.7990554303693,697.5489141579783,1.0,1,0,0,0.0
1722,1767,cross_plane,412.4477615059977,930.655070535548,697.5897139973449,1.0,1,0,0,0.0
1723,1768,cross_plane,412.884001242458,930.2271073045089,697.5580082566581,1.0,1,0,0,0.0
1724,1769,cross_plane,413.0837890860672,930.4167450096068,697.4547384051317,1.0,1,0,0,0.0
1725,1770,cross_plane,412.6296467412316,930.5875900672382,697.2830379674605,1.0,1,0,0,0.0
1726,1771,cross_plane,412.21731731569025,930.7396356853886,697.0483702989059,1.0,1,0,0,0.0
1727,1772,cross_plane,411.8469678321382,930.8728758209547,696.7588201416096,1.0,1,0,0,0.0
1728,1773,cross_plane,411.51874884363235,930.9873051794701,696.4256491391461,1.0,1,0,0,0.0
1729,1774,cross_plane,411.23279420182007,931.0829192148404,696.0643115688202,1.0,1,0,0,0.0
1730,1775,cross_plane,410.98922084948936,931.1597141290866,695.6962209111715,1.0,1,0,0,0.0
1731,1776,cross_plane,410.7881286383827,931.2176868721956,695.3514551486815,1.0,1,0,0,0.0
1732,1777,cross_plane,410.62960017289544,931.2568351419429,695.071394059155,1.0,1,0,0,0.0
1733,1778,cross_plane,410.5137006802557,931.2771573837706,694.9059991348458,1.0,1,0,0,0.0
1734,1779,cross_plane,410.4404779076774,931.2786527907366,694.8956604408089,1.0,1,0,0,0.0
1735,1780,cross_plane,410.4099620469485,931.2613213034765,695.0432530849251,1.0,1,0,0,0.0
1736,1781,cross_plane,410.4221656865574,931.2735286830839,695.3117037789185,1.0,1,0,0,0.0
1737,1782,cross_plane,410.4770837918086,931.2801039107334,695.6508539407463,1.0,1,0,0,0.0
1738,1783,cross_plane,410.5746937127434,931.2678521865262,696.0178785059594,1.0,1,0,0,0.0
1739,1784,cross_plane,410.7149552200721,931.2367739969392,696.3813909462239,1.0,1,0,0,0.0
1740,1785,cross_plane,410.8978105688187,931.1868705760482,696.7190548116156,1.0,1,0,0,0.0
1741,1786,cross_plane,411.123184589367,931.1181439055409,697.0147826474307,1.0,1,0,0,0.0
1742,1787,cross_plane,411.3909848058309,931.0305967148682,697.2568538593526,1.0,1,0,0,0.0
1743,1788,cross_plane,411.701101581127,930.9242324813538,697.436821973551,1.0,1,0,0,0.0
1744,1789,cross_plane,412.05340828803446,930.7990554303638,697.5489141579709,1.0,1,0,0,0.0
1745,1790,cross_plane,412.44776150599813,930.6550705355482,697.5897139973454,1.0,1,0,0,0.0
1746,1791,cross_plane,412.88400124244623,930.227107304508,697.5580082566579,1.0,1,0,0,0.0
1747,1792,cross_plane,413.0837890860553,930.4167450096007,697.454738405124,1.0,1,0,0,0.0
1748,1839,cross_plane,411.0792575358454,930.7870206939097,697.1249562262915,1.0,1,0,0,0.0
1749,1794,cross_plane,411.3393885770133,930.6413645876369,696.8508474329486,1.0,1,0,0,0.0
1750,1795,cross_plane,411.64185727961626,930.4769069044285,696.5293569231002,1.0,1,0,0,0.0
1751,1796,cross_plane,411.98654007686025,930.2936541817785,696.1745361149793,1.0,1,0,0,0.0
1752,1797,cross_plane,412.3732965711584,930.0916137063367,695.8057683470697,1.0,1,0,0,0.0
1753,1798,cross_plane,412.80196975107054,930.1907860529058,695.4502052353178,1.0,1,0,0,0.0
1754,1799,cross_plane,413.17041723671,930.3838234066827,695.1457034993705,1.0,1,0,0,0.0
1755,1800,cross_plane,412.70872816887567,930.5580694220175,694.9406741347384,1.0,1,0,0,0.0
1756,1801,cross_plane,411.2094300624033,930.713517171345,694.8813833583691,1.0,1,0,0,0.0
1757,1802,cross_plane,410.96962827361295,930.850160476067,694.9840701696104,1.0,1,0,0,0.0
1758,1803,cross_plane,410.77231566757496,930.967993906288,695.2215034221185,1.0,1,0,0,0.0
1759,1804,cross_plane,410.61757330924036,931.0670127805139,695.5444630549538,1.0,1,0,0,0.0
1760,1805,cross_plane,410.5054648760945,931.1472131654136,695.9069152393049,1.0,1,0,0,0.0
1761,1806,cross_plane,410.43603655788604,931.2085918756463,696.2741773835927,1.0,1,0,0,0.0
1762,1807,cross_plane,410.40931698343064,931.251146473674,696.6215243721284,1.0,1,0,0,0.0
1763,1808,cross_plane,410.42531717545506,931.2748752696738,696.9312355144308,1.0,1,0,0,0.0
1764,1809,cross_plane,410.4505631744014,931.2797773214336,697.1904246120797,1.0,1,0,0,0.0
1765,1810,cross_plane,410.41231827167877,931.2658524343041,697.3897434186125,1.0,1,0,0,0.0
1766,1811,cross_plane,410.41679189718957,931.2703274111752,697.5226602279658,1.0,1,0,0,0.0
1767,1812,cross_plane,410.46398220524236,931.2803092724803,697.5850736767861,1.0,1,0,0,0.0
1768,1813,cross_plane,410.5538697314589,931.1111254067687,697.5751187581853,1.0,1,0,0,0.0
1769,1814,cross_plane,410.686417423547,931.0219057694769,697.4930904989919,1.0,1,0,0,0.0
1770,1815,cross_plane,410.86157069990634,930.9138694345735,697.3414555505682,1.0,1,0,0,0.0
1771,1816,cross_plane,411.07925753583476,930.7870206939049,697.1249562262884,1.0,1,0,0,0.0
1772,1817,cross_plane,411.3393885770133,930.6413645876371,696.8508474329461,1.0,1,0,0,0.0
1773,1818,cross_plane,411.6418572796041,930.4769069044231,696.5293569230943,1.0,1,0,0,0.0
1774,1819,cross_plane,411.9865400768606,930.2936541817811,696.1745361149797,1.0,1,0,0,0.0
1775,1820,cross_plane,412.37329657115845,930.091613706342,695.8057683470696,1.0,1,0,0,0.0
1776,1821,cross_plane,412.8019697510704,930.1907860529059,695.4502052353176,1.0,1,0,0,0.0
1777,1822,cross_plane,413.17041723671,930.3838234066826,695.1457034993704,1.0,1,0,0,0.0
1778,1823,cross_plane,412.70872816887544,930.5580694220118,694.9406741347348,1.0,1,0,0,0.0
1779,1824,cross_plane,411.20943006240344,930.7135171713452,694.881383358369,1.0,1,0,0,0.0
1780,1825,cross_plane,410.96962827361307,930.850160476067,694.9840701696104,1.0,1,0,0,0.0
1781,1826,cross_plane,410.77231566758735,930.9679939062881,695.2215034221226,1.0,1,0,0,0.0
1782,1827,cross_plane,410.6175733092281,931.0670127805192,695.5444630549537,1.0,1,0,0,0.0
1783,1828,cross_plane,410.5054648760819,931.1472131654247,695.9069152393093,1.0,1,0,0,0.0
1784,1829,cross_plane,410.43603655788604,931.2085918756462,696.2741773835928,1.0,1,0,0,0.0
1785,1830,cross_plane,410.4093169834309,931.2511464736739,696.6215243721284,1.0,1,0,0,0.0
1786,1831,cross_plane,410.4253171754552,931.2748752696792,696.9312355144344,1.0,1,0,0,0.0
1787,1832,cross_plane,410.45056317439537,931.2797773214284,697.1904246120757,1.0,1,0,0,0.0
1788,1833,cross_plane,410.41231827167866,931.265852434304,697.3897434186089,1.0,1,0,0,0.0
1789,1834,cross_plane,410.4167918971894,931.2703274111751,697.522660227966,1.0,1,0,0,0.0
1790,1835,cross_plane,410.46398220524844,931.280309272483,697.5850736767898,1.0,1,0,0,0.0
1791,1836,cross_plane,410.55386973148336,931.1111254067686,697.5751187581935,1.0,1,0,0,0.0
1792,1837,cross_plane,410.6864174235531,931.0219057694823,697.4930904989964,1.0,1,0,0,0.0
1793,1838,cross_plane,410.8615706998941,930.913869434568,697.3414555505609,1.0,1,0,0,0.0
27,1794,cross_plane,410.46204661983256,931.2802854366748,696.9385848462542,1.0,1,0,0,0.0
28,1795,cross_plane,410.41607319171794,931.26976716779,696.6300294703616,1.0,1,0,0,0.0
29,1796,cross_plane,410.41281674267043,931.2404223574949,696.2834532300898,1.0,1,0,0,0.0
30,1797,cross_plane,410.45227861618304,931.1922521710097,695.9164294985768,1.0,1,0,0,0.0
31,1798,cross_plane,410.5344425344081,931.125258521199,695.5534678371769,1.0,1,0,0,0.0
32,1799,cross_plane,410.6592746239462,931.0394440686529,695.2289596454963,1.0,1,0,0,0.0
33,1800,cross_plane,410.82672346946214,930.9348122218388,694.9886829517321,1.0,1,0,0,0.0
34,1801,cross_plane,411.03672019488306,930.8113671372324,694.8820258499126,1.0,1,0,0,0.0
35,1802,cross_plane,412.4096986789228,930.6691137195648,694.9371623281623,1.0,1,0,0,0.0
36,1803,cross_plane,412.84208889819877,930.5080576220541,695.1389588348032,1.0,1,0,0,0.0
37,1804,cross_plane,413.12769945436,930.3282052466723,695.4415414752315,1.0,1,0,0,0.0
38,1805,cross_plane,412.6697162134182,930.1295637444869,695.7963164145152,1.0,1,0,0,0.0
39,1806,cross_plane,412.2535296941403,930.1538498027918,696.1651245903539,1.0,1,0,0,0.0
40,1807,cross_plane,411.87930842314597,930.3502865539049,696.5205745130639,1.0,1,0,0,0.0
41,1808,cross_plane,411.5472044799878,930.5279333001275,696.843117748548,1.0,1,0,0,0.0
42,1809,cross_plane,411.25735326312173,930.6867829783354,697.1185881006286,1.0,1,0,0,0.0
43,1810,cross_plane,411.0098732801724,930.8268292744438,697.3366722595614,1.0,1,0,0,0.0
44,1811,cross_plane,410.804865963448,930.9480666230935,697.4900458320448,1.0,1,0,0,0.0
45,1812,cross_plane,410.64241551124957,931.0504902073991,697.5739055354146,1.0,1,0,0,0.0
0,1813,cross_plane,410.5225887554296,931.2760731601289,697.5857279158032,1.0,1,0,0,0.0
1,1814,cross_plane,410.4454350562548,931.2793020344669,697.5251625712884,1.0,1,0,0,0.0
2,1815,cross_plane,410.41098622431514,931.2637039887954,697.3940183794471,1.0,1,0,0,0.0
3,1816,cross_plane,410.4192564701655,931.271976746506,697.1963373433215,1.0,1,0,0,0.0
4,1817,cross_plane,410.4620466198343,931.2802854366768,696.9385848462571,1.0,1,0,0,0.0
5,1818,cross_plane,410.4160731917227,931.2697671677973,696.6300294703651,1.0,1,0,0,0.0
6,1819,cross_plane,410.412816742672,931.2404223574957,696.2834532300905,1.0,1,0,0,0.0
7,1820,cross_plane,410.45227861618014,931.1922521710064,695.9164294985758,1.0,1,0,0,0.0
8,1821,cross_plane,410.53444253440676,931.1252585212025,695.5534678371781,1.0,1,0,0,0.0
9,1822,cross_plane,410.6592746239479,931.0394440686537,695.228959645496,1.0,1,0,0,0.0
10,1823,cross_plane,410.82672346946225,930.934812221837,694.9886829517312,1.0,1,0,0,0.0
11,1824,cross_plane,411.0367201948755,930.8113671372304,694.8820258499077,1.0,1,0,0,0.0
12,1825,cross_plane,412.40969867891846,930.6691137195669,694.9371623281613,1.0,1,0,0,0.0
13,1826,cross_plane,412.8420888981942,930.5080576220522,695.1389588348002,1.0,1,0,0,0.0
14,1827,cross_plane,413.12769945436173,930.328205246673,695.4415414752269,1.0,1,0,0,0.0
15,1828,cross_plane,412.6697162134199,930.1295637444834,695.7963164145082,1.0,1,0,0,0.0
16,1829,cross_plane,412.25352969414183,930.1538498027926,696.1651245903528,1.0,1,0,0,0.0
17,1830,cross_plane,411.87930842314773,930.3502865539004,696.5205745130629,1.0,1,0,0,0.0
18,1831,cross_plane,411.5472044799895,930.5279333001174,696.843117748543,1.0,1,0,0,0.0
19,1832,cross_plane,411.25735326311724,930.6867829783333,697.1185881006259,1.0,1,0,0,0.0
20,1833,cross_plane,411.00987328017413,930.8268292744447,697.3366722595623,1.0,1,0,0,0.0
21,1834,cross_plane,410.8048659634497,930.9480666230941,697.4900458320477,1.0,1,0,0,0.0
22,1835,cross_plane,410.6424155112268,931.0504902073943,697.5739055354061,1.0,1,0,0,0.0
23,1836,cross_plane,410.52258875539906,931.2760731601261,697.5857279157941,1.0,1,0,0,0.0
24,1837,cross_plane,410.4454350562548,931.2793020344642,697.5251625712878,1.0,1,0,0,0.0
25,1838,cross_plane,410.4109862243151,931.2637039887954,697.3940183794479,1.0,1,0,0,0.0
26,1839,cross_plane,410.4192564701655,931.2719767465005,697.1963373433185,1.0,1,0,0,0.0
