time_seconds,satellite_id,optimized_load_gbps,baseline_load_gbps,utilization
0.0,0,0.0,0.0,0.0
0.0,1,0.0,0.0,0.0
0.0,2,0.0,0.0,0.0
0.0,3,0.0,0.0,0.0
0.0,4,0.0,0.0,0.0
0.0,5,0.0,0.0,0.0
0.0,6,0.0,0.0,0.0
0.0,7,0.0,0.0,0.0
0.0,8,0.0,0.0,0.0
0.0,9,9.412092562117328,20.0,0.4706046281058664
0.0,10,12.418812629558527,20.0,0.6209406314779263
0.0,11,12.325008181892521,20.0,0.616250409094626
0.0,12,16.495880540967367,20.0,0.8247940270483684
0.0,13,4.444550421951583,20.0,0.22222752109757912
0.0,14,20.0,20.0,1.0
0.0,15,0.0,0.0,0.0
0.0,16,0.0,0.0,0.0
0.0,17,0.0,0.0,0.0
0.0,18,0.0,0.0,0.0
0.0,19,0.0,0.0,0.0
0.0,20,0.0,0.0,0.0
0.0,21,0.0,0.0,0.0
0.0,22,0.0,0.0,0.0
0.0,23,0.0,0.0,0.0
0.0,24,0.0,0.0,0.0
0.0,25,0.0,0.0,0.0
0.0,26,0.0,0.0,0.0
0.0,27,0.0,0.0,0.0
0.0,28,0.0,0.0,0.0
0.0,29,0.0,0.0,0.0
0.0,30,0.0,0.0,0.0
0.0,31,0.0,0.0,0.0
0.0,32,0.0,0.0,0.0
0.0,33,0.0,0.0,0.0
0.0,34,0.0,0.0,0.0
0.0,35,0.0,0.0,0.0
0.0,36,0.0,0.0,0.0
0.0,37,0.0,0.0,0.0
0.0,38,0.0,0.0,0.0
0.0,39,0.0,0.0,0.0
0.0,40,0.0,0.0,0.0
0.0,41,0.0,0.0,0.0
0.0,42,0.0,0.0,0.0
0.0,43,0.0,0.0,0.0
0.0,44,0.0,0.0,0.0
0.0,45,0.0,0.0,0.0
0.0,46,0.0,0.0,0.0
0.0,47,0.0,0.0,0.0
0.0,48,0.0,0.0,0.0
0.0,49,0.0,0.0,0.0
0.0,50,0.0,0.0,0.0
0.0,51,0.28860593921267963,20.0,0.01443029696063398
0.0,52,0.0,20.0,0.0
0.0,53,4.902349424205805,20.0,0.24511747121029023
0.0,54,0.0,20.0,0.0
0.0,55,4.077067911408839,20.0,0.20385339557044194
0.0,56,3.7042425908178016,20.0,0.18521212954089009
0.0,57,0.0,0.0,0.0
0.0,58,0.0,0.0,0.0
0.0,59,0.0,0.0,0.0
0.0,60,0.0,0.0,0.0
0.0,61,0.0,0.0,0.0
0.0,62,0.0,0.0,0.0
0.0,63,0.0,0.0,0.0
0.0,64,0.0,0.0,0.0
0.0,65,0.0,0.0,0.0
0.0,66,0.0,0.0,0.0
0.0,67,0.0,0.0,0.0
0.0,68,0.0,0.0,0.0
0.0,69,0.0,0.0,0.0
0.0,70,0.0,0.0,0.0
0.0,71,0.0,0.0,0.0
0.0,72,0.0,0.0,0.0
0.0,73,0.0,0.0,0.0
0.0,74,0.0,0.0,0.0
0.0,75,0.0,0.0,0.0
0.0,76,0.0,0.0,0.0
0.0,77,0.0,0.0,0.0
0.0,78,0.0,0.0,0.0
0.0,79,0.0,0.0,0.0
0.0,80,0.0,0.0,0.0
0.0,81,0.0,0.0,0.0
0.0,82,0.0,0.0,0.0
0.0,83,0.0,0.0,0.0
0.0,84,0.0,0.0,0.0
0.0,85,0.0,0.0,0.0
0.0,86,0.0,0.0,0.0
0.0,87,0.0,0.0,0.0
0.0,88,0.0,0.0,0.0
0.0,89,0.0,0.0,0.0
0.0,90,0.0,0.0,0.0
0.0,91,0.0,0.0,0.0
0.0,92,0.0,0.0,0.0
0.0,93,20.0,20.0,1.0
0.0,94,0.0,20.0,0.0
0.0,95,0.0,20.0,0.0
0.0,96,0.0,20.0,0.0
0.0,97,8.247940270483682,20.0,0.41239701352418406
0.0,98,4.444550421951583,20.0,0.22222752109757912
0.0,99,0.0,0.0,0.0
0.0,100,0.0,0.0,0.0
0.0,101,0.0,0.0,0.0
0.0,102,0.0,0.0,0.0
0.0,103,0.0,0.0,0.0
0.0,104,0.0,0.0,0.0
0.0,105,0.0,0.0,0.0
0.0,106,0.0,0.0,0.0
0.0,107,0.0,0.0,0.0
0.0,108,0.0,0.0,0.0
0.0,109,0.0,0.0,0.0
0.0,110,0.0,0.0,0.0
0.0,111,0.0,0.0,0.0
0.0,112,0.0,0.0,0.0
0.0,113,0.0,0.0,0.0
0.0,114,0.0,0.0,0.0
0.0,115,0.0,0.0,0.0
0.0,116,0.0,0.0,0.0
0.0,117,0.0,0.0,0.0
0.0,118,0.0,0.0,0.0
0.0,119,0.0,0.0,0.0
0.0,120,0.0,0.0,0.0
0.0,121,0.0,0.0,0.0
0.0,122,0.0,0.0,0.0
0.0,123,0.0,0.0,0.0
0.0,124,0.0,0.0,0.0
0.0,125,0.0,0.0,0.0
0.0,126,0.0,0.0,0.0
0.0,127,0.0,0.0,0.0
0.0,128,0.0,0.0,0.0
0.0,129,0.0,0.0,0.0
0.0,130,0.0,0.0,0.0
0.0,131,0.0,0.0,0.0
0.0,132,0.0,0.0,0.0
0.0,133,0.0,0.0,0.0
0.0,134,0.0,0.0,0.0
0.0,135,20.0,20.0,1.0
0.0,136,10.43290890881902,20.0,0.5216454454409509
0.0,137,0.0,20.0,0.0
0.0,138,0.0,20.0,0.0
0.0,139,13.359243592477473,20.0,0.6679621796238736
0.0,140,8.247940270483682,20.0,0.41239701352418406
0.0,141,0.0,0.0,0.0
0.0,142,0.0,0.0,0.0
0.0,143,0.0,0.0,0.0
0.0,144,0.0,0.0,0.0
0.0,145,0.0,0.0,0.0
0.0,146,0.0,0.0,0.0
0.0,147,0.0,0.0,0.0
0.0,148,0.0,0.0,0.0
0.0,149,0.0,0.0,0.0
0.0,150,0.0,0.0,0.0
0.0,151,0.0,0.0,0.0
0.0,152,0.0,0.0,0.0
0.0,153,0.0,0.0,0.0
0.0,154,0.0,0.0,0.0
0.0,155,0.0,0.0,0.0
0.0,156,0.0,0.0,0.0
0.0,157,0.0,0.0,0.0
0.0,158,0.0,0.0,0.0
0.0,159,0.0,0.0,0.0
0.0,160,0.0,0.0,0.0
0.0,161,0.0,0.0,0.0
0.0,162,0.0,0.0,0.0
0.0,163,0.0,0.0,0.0
0.0,164,0.0,0.0,0.0
0.0,165,0.0,0.0,0.0
0.0,166,0.0,0.0,0.0
0.0,167,0.0,0.0,0.0
0.0,168,0.0,0.0,0.0
0.0,169,0.0,0.0,0.0
0.0,170,0.0,0.0,0.0
0.0,171,0.0,0.0,0.0
0.0,172,0.0,0.0,0.0
0.0,173,0.0,0.0,0.0
0.0,174,0.0,0.0,0.0
0.0,175,0.0,0.0,0.0
0.0,176,12.121524744397798,20.0,0.6060762372198899
0.0,177,20.0,20.0,1.0
0.0,178,20.0,20.0,1.0
0.0,179,20.0,20.0,1.0
0.0,180,10.343970188717748,20.0,0.5171985094358874
0.0,181,20.0,20.0,1.0
0.0,182,16.769558603844104,20.0,0.8384779301922052
0.0,183,0.0,20.0,0.0
0.0,184,0.0,0.0,0.0
0.0,185,0.0,0.0,0.0
0.0,186,0.0,0.0,0.0
0.0,187,0.0,0.0,0.0
0.0,188,0.0,0.0,0.0
0.0,189,0.0,0.0,0.0
0.0,190,0.0,0.0,0.0
0.0,191,0.0,0.0,0.0
0.0,192,0.0,0.0,0.0
0.0,193,0.0,0.0,0.0
0.0,194,0.0,0.0,0.0
0.0,195,0.0,0.0,0.0
0.0,196,0.0,0.0,0.0
0.0,197,0.0,0.0,0.0
0.0,198,0.0,0.0,0.0
0.0,199,0.0,0.0,0.0
0.0,200,0.0,0.0,0.0
0.0,201,0.0,0.0,0.0
0.0,202,0.0,0.0,0.0
0.0,203,0.0,0.0,0.0
0.0,204,0.0,0.0,0.0
0.0,205,0.0,0.0,0.0
0.0,206,0.0,0.0,0.0
0.0,207,0.0,0.0,0.0
0.0,208,0.0,0.0,0.0
0.0,209,0.0,0.0,0.0
0.0,210,0.0,0.0,0.0
0.0,211,0.0,0.0,0.0
0.0,212,0.0,0.0,0.0
0.0,213,0.0,0.0,0.0
0.0,214,0.0,0.0,0.0
0.0,215,0.0,0.0,0.0
0.0,216,0.0,0.0,0.0
0.0,217,0.0,0.0,0.0
0.0,218,0.0,0.0,0.0
0.0,219,0.0,0.0,0.0
0.0,220,20.0,20.0,1.0
0.0,221,20.0,20.0,1.0
0.0,222,20.0,20.0,1.0
0.0,223,20.0,20.0,1.0
0.0,224,13.059973202978009,20.0,0.6529986601489004
0.0,225,0.0,20.0,0.0
0.0,226,0.0,0.0,0.0
0.0,227,0.0,0.0,0.0
0.0,228,0.0,0.0,0.0
0.0,229,0.0,0.0,0.0
0.0,230,0.0,0.0,0.0
0.0,231,0.0,0.0,0.0
0.0,232,0.0,0.0,0.0
0.0,233,0.0,0.0,0.0
0.0,234,0.0,0.0,0.0
0.0,235,0.0,0.0,0.0
0.0,236,0.0,0.0,0.0
0.0,237,0.0,0.0,0.0
0.0,238,0.0,0.0,0.0
0.0,239,0.0,0.0,0.0
0.0,240,0.0,0.0,0.0
0.0,241,0.0,0.0,0.0
0.0,242,0.0,0.0,0.0
0.0,243,0.0,0.0,0.0
0.0,244,0.0,0.0,0.0
0.0,245,0.0,0.0,0.0
0.0,246,0.0,0.0,0.0
0.0,247,0.0,0.0,0.0
0.0,248,0.0,0.0,0.0
0.0,249,0.0,0.0,0.0
0.0,250,0.0,0.0,0.0
0.0,251,0.0,0.0,0.0
0.0,252,0.0,0.0,0.0
0.0,253,0.0,0.0,0.0
0.0,254,0.0,0.0,0.0
0.0,255,0.0,0.0,0.0
0.0,256,0.0,0.0,0.0
0.0,257,0.0,0.0,0.0
0.0,258,0.0,0.0,0.0
0.0,259,0.0,0.0,0.0
0.0,260,0.0,0.0,0.0
0.0,261,13.113169057522777,20.0,0.6556584528761389
0.0,262,20.0,20.0,1.0
0.0,263,20.0,20.0,1.0
0.0,264,20.0,20.0,1.0
0.0,265,20.0,20.0,1.0
0.0,266,18.642757901925176,20.0,0.9321378950962588
0.0,267,0.0,20.0,0.0
0.0,268,0.0,0.0,0.0
0.0,269,0.0,0.0,0.0
0.0,270,0.0,0.0,0.0
0.0,271,0.0,0.0,0.0
0.0,272,0.0,0.0,0.0
0.0,273,0.0,0.0,0.0
0.0,274,0.0,0.0,0.0
0.0,275,0.0,0.0,0.0
0.0,276,0.0,0.0,0.0
0.0,277,0.0,0.0,0.0
0.0,278,0.0,0.0,0.0
0.0,279,0.0,0.0,0.0
0.0,280,0.0,0.0,0.0
0.0,281,0.0,0.0,0.0
0.0,282,0.0,0.0,0.0
0.0,283,0.0,0.0,0.0
0.0,284,0.0,0.0,0.0
0.0,285,0.0,0.0,0.0
0.0,286,0.0,0.0,0.0
0.0,287,0.0,0.0,0.0
0.0,288,0.0,0.0,0.0
0.0,289,0.0,0.0,0.0
0.0,290,0.0,0.0,0.0
0.0,291,0.0,0.0,0.0
0.0,292,0.0,0.0,0.0
0.0,293,0.0,0.0,0.0
0.0,294,0.0,0.0,0.0
0.0,295,0.0,0.0,0.0
0.0,296,0.0,0.0,0.0
0.0,297,0.0,0.0,0.0
0.0,298,0.0,0.0,0.0
0.0,299,0.0,0.0,0.0
0.0,300,0.0,0.0,0.0
0.0,301,0.0,0.0,0.0
0.0,302,0.0,0.0,0.0
0.0,303,20.0,20.0,1.0
0.0,304,20.0,20.0,1.0
0.0,305,20.0,20.0,1.0
0.0,306,20.0,20.0,1.0
0.0,307,20.0,20.0,1.0
0.0,308,6.389883044010805,20.0,0.3194941522005402
0.0,309,0.0,20.0,0.0
0.0,310,0.0,0.0,0.0
0.0,311,0.0,0.0,0.0
0.0,312,0.0,0.0,0.0
0.0,313,0.0,0.0,0.0
0.0,314,0.0,0.0,0.0
0.0,315,0.0,0.0,0.0
0.0,316,0.0,0.0,0.0
0.0,317,0.0,0.0,0.0
0.0,318,0.0,0.0,0.0
0.0,319,0.0,0.0,0.0
0.0,320,0.0,0.0,0.0
0.0,321,0.0,0.0,0.0
0.0,322,0.0,0.0,0.0
0.0,323,0.0,0.0,0.0
0.0,324,0.0,0.0,0.0
0.0,325,0.0,0.0,0.0
0.0,326,0.0,0.0,0.0
0.0,327,0.0,0.0,0.0
0.0,328,0.0,0.0,0.0
0.0,329,0.0,0.0,0.0
0.0,330,0.0,0.0,0.0
0.0,331,0.0,0.0,0.0
0.0,332,0.0,0.0,0.0
0.0,333,0.0,0.0,0.0
0.0,334,0.0,0.0,0.0
0.0,335,0.0,0.0,0.0
0.0,336,0.0,0.0,0.0
0.0,337,0.0,0.0,0.0
0.0,338,0.0,0.0,0.0
0.0,339,0.0,0.0,0.0
0.0,340,0.0,0.0,0.0
0.0,341,0.0,0.0,0.0
0.0,342,0.0,0.0,0.0
0.0,343,0.0,0.0,0.0
0.0,344,0.0,0.0,0.0
0.0,345,13.51623413316421,20.0,0.6758117066582104
0.0,346,20.0,20.0,1.0
0.0,347,20.0,20.0,1.0
0.0,348,20.0,20.0,1.0
0.0,349,20.0,20.0,1.0
0.0,350,19.999999999999996,20.0,0.9999999999999998
0.0,351,20.0,20.0,1.0
0.0,352,0.0,0.0,0.0
0.0,353,0.0,0.0,0.0
0.0,354,0.0,0.0,0.0
0.0,355,0.0,0.0,0.0
0.0,356,0.0,0.0,0.0
0.0,357,0.0,0.0,0.0
0.0,358,0.0,0.0,0.0
0.0,359,0.0,0.0,0.0
0.0,360,0.0,0.0,0.0
0.0,361,0.0,0.0,0.0
0.0,362,0.0,0.0,0.0
0.0,363,0.0,0.0,0.0
0.0,364,0.0,0.0,0.0
0.0,365,0.0,0.0,0.0
0.0,366,0.0,0.0,0.0
0.0,367,0.0,0.0,0.0
0.0,368,0.0,0.0,0.0
0.0,369,0.0,0.0,0.0
0.0,370,0.0,0.0,0.0
0.0,371,0.0,0.0,0.0
0.0,372,0.0,0.0,0.0
0.0,373,0.0,0.0,0.0
0.0,374,0.0,0.0,0.0
0.0,375,0.0,0.0,0.0
0.0,376,0.0,0.0,0.0
0.0,377,0.0,0.0,0.0
0.0,378,0.0,0.0,0.0
0.0,379,0.0,0.0,0.0
0.0,380,0.0,0.0,0.0
0.0,381,0.0,0.0,0.0
0.0,382,0.0,0.0,0.0
0.0,383,0.0,0.0,0.0
0.0,384,0.0,0.0,0.0
0.0,385,0.0,0.0,0.0
0.0,386,0.0,0.0,0.0
0.0,387,0.0,0.0,0.0
0.0,388,6.9984739114965215,20.0,0.34992369557482605
0.0,389,20.0,20.0,1.0
0.0,390,20.0,20.0,1.0
0.0,391,20.0,20.0,1.0
0.0,392,20.0,20.0,1.0
0.0,393,20.0,20.0,1.0
0.0,394,20.000000000000004,20.0,1.0000000000000002
0.0,395,0.0,20.0,0.0
0.0,396,0.0,0.0,0.0
0.0,397,0.0,0.0,0.0
0.0,398,0.0,0.0,0.0
0.0,399,0.0,0.0,0.0
0.0,400,0.0,0.0,0.0
0.0,401,0.0,0.0,0.0
0.0,402,0.0,0.0,0.0
0.0,403,0.0,0.0,0.0
0.0,404,0.0,0.0,0.0
0.0,405,0.0,0.0,0.0
0.0,406,0.0,0.0,0.0
0.0,407,0.0,0.0,0.0
0.0,408,0.0,0.0,0.0
0.0,409,0.0,0.0,0.0
0.0,410,0.0,0.0,0.0
0.0,411,0.0,0.0,0.0
0.0,412,0.0,0.0,0.0
0.0,413,0.0,0.0,0.0
0.0,414,0.0,0.0,0.0
0.0,415,0.0,0.0,0.0
0.0,416,0.0,0.0,0.0
0.0,417,0.0,0.0,0.0
0.0,418,0.0,0.0,0.0
0.0,419,0.0,0.0,0.0
0.0,420,0.0,0.0,0.0
0.0,421,0.0,0.0,0.0
0.0,422,0.0,0.0,0.0
0.0,423,0.0,0.0,0.0
0.0,424,0.0,0.0,0.0
0.0,425,0.0,0.0,0.0
0.0,426,0.0,0.0,0.0
0.0,427,0.0,0.0,0.0
0.0,428,0.0,0.0,0.0
0.0,429,0.0,0.0,0.0
0.0,430,0.0,0.0,0.0
0.0,431,13.51623413316421,20.0,0.6758117066582104
0.0,432,20.0,20.0,1.0
0.0,433,20.0,20.0,1.0
0.0,434,20.0,20.0,1.0
0.0,435,20.0,20.0,1.0
0.0,436,20.0,20.0,1.0
0.0,437,0.6170442981169533,20.0,0.030852214905847664
0.0,438,0.0,0.0,0.0
0.0,439,0.0,0.0,0.0
0.0,440,0.0,0.0,0.0
0.0,441,0.0,0.0,0.0
0.0,442,0.0,0.0,0.0
0.0,443,0.0,0.0,0.0
0.0,444,0.0,0.0,0.0
0.0,445,0.0,0.0,0.0
0.0,446,0.0,0.0,0.0
0.0,447,0.0,0.0,0.0
0.0,448,0.0,0.0,0.0
0.0,449,0.0,0.0,0.0
0.0,450,0.0,0.0,0.0
0.0,451,0.0,0.0,0.0
0.0,452,0.0,0.0,0.0
0.0,453,0.0,0.0,0.0
0.0,454,0.0,0.0,0.0
0.0,455,0.0,0.0,0.0
0.0,456,0.0,0.0,0.0
0.0,457,0.0,0.0,0.0
0.0,458,0.0,0.0,0.0
0.0,459,0.0,0.0,0.0
0.0,460,0.0,0.0,0.0
0.0,461,0.0,0.0,0.0
0.0,462,0.0,0.0,0.0
0.0,463,0.0,0.0,0.0
0.0,464,0.0,0.0,0.0
0.0,465,0.0,0.0,0.0
0.0,466,0.0,0.0,0.0
0.0,467,0.0,0.0,0.0
0.0,468,0.0,0.0,0.0
0.0,469,0.0,0.0,0.0
0.0,470,0.0,0.0,0.0
0.0,471,0.0,0.0,0.0
0.0,472,0.0,0.0,0.0
0.0,473,0.0,0.0,0.0
0.0,474,6.9984739114965215,20.0,0.34992369557482605
0.0,475,20.0,20.0,1.0
0.0,476,20.0,20.0,1.0
0.0,477,20.0,20.0,1.0
0.0,478,20.0,20.0,1.0
0.0,479,0.0,20.0,0.0
0.0,480,0.0,0.0,0.0
0.0,481,0.0,0.0,0.0
0.0,482,0.0,0.0,0.0
0.0,483,0.0,0.0,0.0
0.0,484,0.0,0.0,0.0
0.0,485,0.0,0.0,0.0
0.0,486,0.0,0.0,0.0
0.0,487,0.0,0.0,0.0
0.0,488,0.0,0.0,0.0
0.0,489,0.0,0.0,0.0
0.0,490,0.0,0.0,0.0
0.0,491,0.0,0.0,0.0
0.0,492,0.0,0.0,0.0
0.0,493,0.0,0.0,0.0
0.0,494,0.0,0.0,0.0
0.0,495,0.0,0.0,0.0
0.0,496,0.0,0.0,0.0
0.0,497,0.0,0.0,0.0
0.0,498,0.0,0.0,0.0
0.0,499,0.0,0.0,0.0
0.0,500,0.0,0.0,0.0
0.0,501,0.0,0.0,0.0
0.0,502,0.0,0.0,0.0
0.0,503,0.0,0.0,0.0
0.0,504,0.0,0.0,0.0
0.0,505,0.0,0.0,0.0
0.0,506,0.0,0.0,0.0
0.0,507,0.0,0.0,0.0
0.0,508,0.0,0.0,0.0
0.0,509,0.0,0.0,0.0
0.0,510,0.0,0.0,0.0
0.0,511,0.0,0.0,0.0
0.0,512,0.0,0.0,0.0
0.0,513,0.0,0.0,0.0
0.0,514,0.0,0.0,0.0
0.0,515,0.0,0.0,0.0
0.0,516,0.0,0.0,0.0
0.0,517,6.758117066582105,20.0,0.3379058533291052
0.0,518,20.0,20.0,1.0
0.0,519,20.0,20.0,1.0
0.0,520,14.690024643163088,20.0,0.7345012321581544
0.0,521,0.0,0.0,0.0
0.0,522,0.0,0.0,0.0
0.0,523,0.0,0.0,0.0
0.0,524,0.0,0.0,0.0
0.0,525,0.0,0.0,0.0
0.0,526,0.0,0.0,0.0
0.0,527,0.0,0.0,0.0
0.0,528,0.0,0.0,0.0
0.0,529,0.0,0.0,0.0
0.0,530,0.0,0.0,0.0
0.0,531,0.0,0.0,0.0
0.0,532,0.0,0.0,0.0
0.0,533,0.0,0.0,0.0
0.0,534,0.0,0.0,0.0
0.0,535,0.0,0.0,0.0
0.0,536,0.0,0.0,0.0
0.0,537,0.0,0.0,0.0
0.0,538,0.0,0.0,0.0
0.0,539,0.0,0.0,0.0
0.0,540,0.0,0.0,0.0
0.0,541,0.0,0.0,0.0
0.0,542,0.0,0.0,0.0
0.0,543,0.0,0.0,0.0
0.0,544,0.0,0.0,0.0
0.0,545,0.0,0.0,0.0
0.0,546,0.0,0.0,0.0
0.0,547,0.0,0.0,0.0
0.0,548,0.0,0.0,0.0
0.0,549,0.0,0.0,0.0
0.0,550,0.0,0.0,0.0
0.0,551,0.0,0.0,0.0
0.0,552,0.0,0.0,0.0
0.0,553,0.0,0.0,0.0
0.0,554,0.0,0.0,0.0
0.0,555,0.0,0.0,0.0
0.0,556,0.0,0.0,0.0
0.0,557,0.0,0.0,0.0
0.0,558,0.0,0.0,0.0
0.0,559,0.0,0.0,0.0
0.0,560,13.516234133164264,20.0,0.6758117066582132
0.0,561,20.0,20.0,1.0
0.0,562,0.0,0.0,0.0
0.0,563,0.0,0.0,0.0
0.0,564,0.0,0.0,0.0
0.0,565,0.0,0.0,0.0
0.0,566,0.0,0.0,0.0
0.0,567,0.0,0.0,0.0
0.0,568,0.0,0.0,0.0
0.0,569,0.0,0.0,0.0
0.0,570,0.0,0.0,0.0
0.0,571,0.0,0.0,0.0
0.0,572,0.0,0.0,0.0
0.0,573,0.0,0.0,0.0
0.0,574,0.0,0.0,0.0
0.0,575,0.0,0.0,0.0
0.0,576,0.0,0.0,0.0
0.0,577,0.0,0.0,0.0
0.0,578,0.0,0.0,0.0
0.0,579,0.0,0.0,0.0
0.0,580,0.0,0.0,0.0
0.0,581,0.0,0.0,0.0
0.0,582,0.0,0.0,0.0
0.0,583,0.0,0.0,0.0
0.0,584,0.0,0.0,0.0
0.0,585,0.0,0.0,0.0
0.0,586,0.0,0.0,0.0
0.0,587,0.0,0.0,0.0
0.0,588,0.0,0.0,0.0
0.0,589,0.0,0.0,0.0
0.0,590,0.0,0.0,0.0
0.0,591,0.0,0.0,0.0
0.0,592,0.0,0.0,0.0
0.0,593,0.0,0.0,0.0
0.0,594,0.0,0.0,0.0
0.0,595,0.0,0.0,0.0
0.0,596,0.0,0.0,0.0
0.0,597,0.0,0.0,0.0
0.0,598,0.0,0.0,0.0
0.0,599,0.0,0.0,0.0
0.0,600,0.0,0.0,0.0
0.0,601,0.0,0.0,0.0
0.0,602,0.0,0.0,0.0
0.0,603,0.0,0.0,0.0
0.0,604,0.0,0.0,0.0
0.0,605,0.0,0.0,0.0
0.0,606,0.0,0.0,0.0
0.0,607,0.0,0.0,0.0
0.0,608,0.0,0.0,0.0
0.0,609,0.0,0.0,0.0
0.0,610,0.0,0.0,0.0
0.0,611,0.0,0.0,0.0
0.0,612,0.0,0.0,0.0
0.0,613,0.0,0.0,0.0
0.0,614,0.0,0.0,0.0
0.0,615,0.0,0.0,0.0
0.0,616,0.0,0.0,0.0
0.0,617,0.0,0.0,0.0
0.0,618,0.0,0.0,0.0
0.0,619,0.0,0.0,0.0
0.0,620,0.0,0.0,0.0
0.0,621,0.0,0.0,0.0
0.0,622,0.0,0.0,0.0
0.0,623,0.0,0.0,0.0
0.0,624,0.0,0.0,0.0
0.0,625,0.0,0.0,0.0
0.0,626,0.0,0.0,0.0
0.0,627,0.0,0.0,0.0
0.0,628,0.0,0.0,0.0
0.0,629,0.0,0.0,0.0
0.0,630,0.0,0.0,0.0
0.0,631,0.0,0.0,0.0
0.0,632,0.0,0.0,0.0
0.0,633,0.0,0.0,0.0
0.0,634,0.0,0.0,0.0
0.0,635,0.0,0.0,0.0
0.0,636,0.0,0.0,0.0
0.0,637,0.0,0.0,0.0
0.0,638,0.0,0.0,0.0
0.0,639,0.0,0.0,0.0
0.0,640,0.0,0.0,0.0
0.0,641,0.0,0.0,0.0
0.0,642,0.0,0.0,0.0
0.0,643,0.0,0.0,0.0
0.0,644,0.0,0.0,0.0
0.0,645,0.0,0.0,0.0
0.0,646,0.0,0.0,0.0
0.0,647,0.0,0.0,0.0
0.0,648,0.0,0.0,0.0
0.0,649,0.0,0.0,0.0
0.0,650,0.0,0.0,0.0
0.0,651,0.0,0.0,0.0
0.0,652,0.0,0.0,0.0
0.0,653,0.0,0.0,0.0
0.0,654,0.0,0.0,0.0
0.0,655,0.0,0.0,0.0
0.0,656,0.0,0.0,0.0
0.0,657,0.0,0.0,0.0
0.0,658,0.0,0.0,0.0
0.0,659,0.0,0.0,0.0
0.0,660,0.0,0.0,0.0
0.0,661,0.0,0.0,0.0
0.0,662,0.0,0.0,0.0
0.0,663,0.0,0.0,0.0
0.0,664,0.0,0.0,0.0
0.0,665,0.0,0.0,0.0
0.0,666,0.0,0.0,0.0
0.0,667,0.0,0.0,0.0
0.0,668,0.0,0.0,0.0
0.0,669,0.0,0.0,0.0
0.0,670,0.0,0.0,0.0
0.0,671,0.0,0.0,0.0
0.0,672,0.0,0.0,0.0
0.0,673,0.0,0.0,0.0
0.0,674,0.0,0.0,0.0
0.0,675,0.0,0.0,0.0
0.0,676,0.0,0.0,0.0
0.0,677,0.0,0.0,0.0
0.0,678,0.0,0.0,0.0
0.0,679,0.0,0.0,0.0
0.0,680,0.0,0.0,0.0
0.0,681,0.0,0.0,0.0
0.0,682,0.0,0.0,0.0
0.0,683,0.0,0.0,0.0
0.0,684,0.0,0.0,0.0
0.0,685,0.0,0.0,0.0
0.0,686,0.0,0.0,0.0
0.0,687,0.0,0.0,0.0
0.0,688,0.0,0.0,0.0
0.0,689,0.0,0.0,0.0
0.0,690,0.0,0.0,0.0
0.0,691,0.0,0.0,0.0
0.0,692,0.0,0.0,0.0
0.0,693,0.0,0.0,0.0
0.0,694,0.0,0.0,0.0
0.0,695,0.0,0.0,0.0
0.0,696,0.0,0.0,0.0
0.0,697,0.0,0.0,0.0
0.0,698,0.0,0.0,0.0
0.0,699,0.0,0.0,0.0
0.0,700,0.0,0.0,0.0
0.0,701,0.0,0.0,0.0
0.0,702,0.0,0.0,0.0
0.0,703,0.0,0.0,0.0
0.0,704,0.0,0.0,0.0
0.0,705,0.0,0.0,0.0
0.0,706,0.0,0.0,0.0
0.0,707,0.0,0.0,0.0
0.0,708,0.0,0.0,0.0
0.0,709,0.0,0.0,0.0
0.0,710,0.0,0.0,0.0
0.0,711,0.0,0.0,0.0
0.0,712,0.0,0.0,0.0
0.0,713,0.0,0.0,0.0
0.0,714,0.0,0.0,0.0
0.0,715,0.0,0.0,0.0
0.0,716,0.0,0.0,0.0
0.0,717,0.0,0.0,0.0
0.0,718,0.0,0.0,0.0
0.0,719,0.0,0.0,0.0
0.0,720,0.0,0.0,0.0
0.0,721,0.0,0.0,0.0
0.0,722,0.0,0.0,0.0
0.0,723,0.0,0.0,0.0
0.0,724,0.0,0.0,0.0
0.0,725,0.0,0.0,0.0
0.0,726,0.0,0.0,0.0
0.0,727,0.0,0.0,0.0
0.0,728,0.0,0.0,0.0
0.0,729,0.0,0.0,0.0
0.0,730,0.0,0.0,0.0
0.0,731,0.0,0.0,0.0
0.0,732,0.0,0.0,0.0
0.0,733,0.0,0.0,0.0
0.0,734,0.0,0.0,0.0
0.0,735,0.0,0.0,0.0
0.0,736,0.0,0.0,0.0
0.0,737,0.0,0.0,0.0
0.0,738,0.0,0.0,0.0
0.0,739,0.0,0.0,0.0
0.0,740,0.0,0.0,0.0
0.0,741,0.0,0.0,0.0
0.0,742,0.0,0.0,0.0
0.0,743,0.0,0.0,0.0
0.0,744,0.0,0.0,0.0
0.0,745,0.0,0.0,0.0
0.0,746,0.0,0.0,0.0
0.0,747,0.0,0.0,0.0
0.0,748,0.0,0.0,0.0
0.0,749,0.0,0.0,0.0
0.0,750,0.0,0.0,0.0
0.0,751,0.0,0.0,0.0
0.0,752,0.0,0.0,0.0
0.0,753,0.0,0.0,0.0
0.0,754,0.0,0.0,0.0
0.0,755,0.0,0.0,0.0
0.0,756,0.0,0.0,0.0
0.0,757,0.0,0.0,0.0
0.0,758,0.0,0.0,0.0
0.0,759,0.0,0.0,0.0
0.0,760,0.0,0.0,0.0
0.0,761,0.0,0.0,0.0
0.0,762,0.0,0.0,0.0
0.0,763,0.0,0.0,0.0
0.0,764,0.0,0.0,0.0
0.0,765,0.0,0.0,0.0
0.0,766,0.0,0.0,0.0
0.0,767,0.0,0.0,0.0
0.0,768,0.0,0.0,0.0
0.0,769,0.0,0.0,0.0
0.0,770,0.0,0.0,0.0
0.0,771,0.0,0.0,0.0
0.0,772,0.0,0.0,0.0
0.0,773,0.0,0.0,0.0
0.0,774,0.0,0.0,0.0
0.0,775,0.0,0.0,0.0
0.0,776,0.0,0.0,0.0
0.0,777,0.0,0.0,0.0
0.0,778,0.0,0.0,0.0
0.0,779,0.0,0.0,0.0
0.0,780,0.0,0.0,0.0
0.0,781,0.0,0.0,0.0
0.0,782,0.0,0.0,0.0
0.0,783,0.0,0.0,0.0
0.0,784,0.0,0.0,0.0
0.0,785,0.0,0.0,0.0
0.0,786,0.0,0.0,0.0
0.0,787,0.0,0.0,0.0
0.0,788,0.0,0.0,0.0
0.0,789,0.0,0.0,0.0
0.0,790,0.0,0.0,0.0
0.0,791,0.0,0.0,0.0
0.0,792,0.0,0.0,0.0
0.0,793,0.0,0.0,0.0
0.0,794,0.0,0.0,0.0
0.0,795,0.0,0.0,0.0
0.0,796,0.0,0.0,0.0
0.0,797,0.0,0.0,0.0
0.0,798,0.0,0.0,0.0
0.0,799,0.0,0.0,0.0
0.0,800,0.0,0.0,0.0
0.0,801,0.0,0.0,0.0
0.0,802,0.0,0.0,0.0
0.0,803,0.0,0.0,0.0
0.0,804,0.0,0.0,0.0
0.0,805,0.0,0.0,0.0
0.0,806,0.0,0.0,0.0
0.0,807,0.0,0.0,0.0
0.0,808,0.0,0.0,0.0
0.0,809,0.0,0.0,0.0
0.0,810,0.0,0.0,0.0
0.0,811,0.0,0.0,0.0
0.0,812,0.0,0.0,0.0
0.0,813,0.0,0.0,0.0
0.0,814,0.0,0.0,0.0
0.0,815,0.0,0.0,0.0
0.0,816,0.0,0.0,0.0
0.0,817,0.0,0.0,0.0
0.0,818,0.0,0.0,0.0
0.0,819,0.0,0.0,0.0
0.0,820,0.0,0.0,0.0
0.0,821,0.0,0.0,0.0
0.0,822,0.0,0.0,0.0
0.0,823,0.0,0.0,0.0
0.0,824,0.0,0.0,0.0
0.0,825,0.0,0.0,0.0
0.0,826,0.0,0.0,0.0
0.0,827,0.0,0.0,0.0
0.0,828,0.0,0.0,0.0
0.0,829,0.0,0.0,0.0
0.0,830,0.0,0.0,0.0
0.0,831,0.0,0.0,0.0
0.0,832,0.0,0.0,0.0
0.0,833,0.0,0.0,0.0
0.0,834,0.0,0.0,0.0
0.0,835,0.0,0.0,0.0
0.0,836,0.0,0.0,0.0
0.0,837,0.0,0.0,0.0
0.0,838,0.0,0.0,0.0
0.0,839,0.0,0.0,0.0
0.0,840,0.0,0.0,0.0
0.0,841,0.0,0.0,0.0
0.0,842,0.0,0.0,0.0
0.0,843,0.0,0.0,0.0
0.0,844,0.0,0.0,0.0
0.0,845,0.0,0.0,0.0
0.0,846,0.0,0.0,0.0
0.0,847,0.0,0.0,0.0
0.0,848,0.0,0.0,0.0
0.0,849,0.0,0.0,0.0
0.0,850,0.0,0.0,0.0
0.0,851,0.0,0.0,0.0
0.0,852,0.0,0.0,0.0
0.0,853,0.0,0.0,0.0
0.0,854,0.0,0.0,0.0
0.0,855,0.0,0.0,0.0
0.0,856,0.0,0.0,0.0
0.0,857,0.0,0.0,0.0
0.0,858,0.0,0.0,0.0
0.0,859,0.0,0.0,0.0
0.0,860,0.0,0.0,0.0
0.0,861,0.0,0.0,0.0
0.0,862,0.0,0.0,0.0
0.0,863,0.0,0.0,0.0
0.0,864,0.0,0.0,0.0
0.0,865,0.0,0.0,0.0
0.0,866,0.0,0.0,0.0
0.0,867,0.0,0.0,0.0
0.0,868,0.0,0.0,0.0
0.0,869,0.0,0.0,0.0
0.0,870,0.0,0.0,0.0
0.0,871,0.0,0.0,0.0
0.0,872,0.0,0.0,0.0
0.0,873,0.0,0.0,0.0
0.0,874,0.0,0.0,0.0
0.0,875,0.0,0.0,0.0
0.0,876,0.0,0.0,0.0
0.0,877,0.0,0.0,0.0
0.0,878,0.0,0.0,0.0
0.0,879,0.0,0.0,0.0
0.0,880,0.0,0.0,0.0
0.0,881,0.0,0.0,0.0
0.0,882,0.0,0.0,0.0
0.0,883,0.0,0.0,0.0
0.0,884,0.0,0.0,0.0
0.0,885,0.0,0.0,0.0
0.0,886,0.0,0.0,0.0
0.0,887,0.0,0.0,0.0
0.0,888,0.0,0.0,0.0
0.0,889,0.0,0.0,0.0
0.0,890,0.0,0.0,0.0
0.0,891,0.0,0.0,0.0
0.0,892,0.0,0.0,0.0
0.0,893,0.0,0.0,0.0
0.0,894,0.0,0.0,0.0
0.0,895,0.0,0.0,0.0
0.0,896,0.0,0.0,0.0
0.0,897,0.0,0.0,0.0
0.0,898,0.0,0.0,0.0
0.0,899,0.0,0.0,0.0
0.0,900,0.0,0.0,0.0
0.0,901,0.0,0.0,0.0
0.0,902,0.0,0.0,0.0
0.0,903,0.0,0.0,0.0
0.0,904,0.0,0.0,0.0
0.0,905,0.0,0.0,0.0
0.0,906,0.0,0.0,0.0
0.0,907,0.0,0.0,0.0
0.0,908,0.0,0.0,0.0
0.0,909,0.0,0.0,0.0
0.0,910,0.0,0.0,0.0
0.0,911,0.0,0.0,0.0
0.0,912,0.0,0.0,0.0
0.0,913,0.0,0.0,0.0
0.0,914,0.0,0.0,0.0
0.0,915,0.0,0.0,0.0
0.0,916,0.0,0.0,0.0
0.0,917,0.0,0.0,0.0
0.0,918,0.0,0.0,0.0
0.0,919,0.0,0.0,0.0
0.0,920,0.0,0.0,0.0
0.0,921,0.0,0.0,0.0
0.0,922,0.0,0.0,0.0
0.0,923,0.0,0.0,0.0
0.0,924,0.0,0.0,0.0
0.0,925,0.0,0.0,0.0
0.0,926,0.0,0.0,0.0
0.0,927,0.0,0.0,0.0
0.0,928,0.0,0.0,0.0
0.0,929,0.0,0.0,0.0
0.0,930,0.0,0.0,0.0
0.0,931,0.0,0.0,0.0
0.0,932,0.0,0.0,0.0
0.0,933,0.0,0.0,0.0
0.0,934,0.0,0.0,0.0
0.0,935,0.0,0.0,0.0
0.0,936,0.0,0.0,0.0
0.0,937,0.0,0.0,0.0
0.0,938,0.0,0.0,0.0
0.0,939,0.0,0.0,0.0
0.0,940,0.0,0.0,0.0
0.0,941,0.0,0.0,0.0
0.0,942,0.0,0.0,0.0
0.0,943,0.0,0.0,0.0
0.0,944,0.0,0.0,0.0
0.0,945,0.0,0.0,0.0
0.0,946,0.0,0.0,0.0
0.0,947,0.0,0.0,0.0
0.0,948,0.0,0.0,0.0
0.0,949,0.0,0.0,0.0
0.0,950,0.0,0.0,0.0
0.0,951,0.0,0.0,0.0
0.0,952,0.0,0.0,0.0
0.0,953,0.0,0.0,0.0
0.0,954,0.0,0.0,0.0
0.0,955,0.0,0.0,0.0
0.0,956,0.0,0.0,0.0
0.0,957,0.0,0.0,0.0
0.0,958,0.0,0.0,0.0
0.0,959,0.0,0.0,0.0
0.0,960,0.0,0.0,0.0
0.0,961,0.0,0.0,0.0
0.0,962,0.0,0.0,0.0
0.0,963,0.0,0.0,0.0
0.0,964,0.0,0.0,0.0
0.0,965,0.0,0.0,0.0
0.0,966,0.0,0.0,0.0
0.0,967,0.0,0.0,0.0
0.0,968,0.0,0.0,0.0
0.0,969,0.0,0.0,0.0
0.0,970,0.0,0.0,0.0
0.0,971,0.0,0.0,0.0
0.0,972,0.0,0.0,0.0
0.0,973,0.0,0.0,0.0
0.0,974,0.0,0.0,0.0
0.0,975,0.0,0.0,0.0
0.0,976,0.0,0.0,0.0
0.0,977,0.0,0.0,0.0
0.0,978,0.0,0.0,0.0
0.0,979,0.0,0.0,0.0
0.0,980,0.0,0.0,0.0
0.0,981,0.0,0.0,0.0
0.0,982,0.0,0.0,0.0
0.0,983,0.0,0.0,0.0
0.0,984,0.0,0.0,0.0
0.0,985,0.0,0.0,0.0
0.0,986,0.0,0.0,0.0
0.0,987,0.0,0.0,0.0
0.0,988,0.0,0.0,0.0
0.0,989,0.0,0.0,0.0
0.0,990,0.0,0.0,0.0
0.0,991,0.0,0.0,0.0
0.0,992,0.0,0.0,0.0
0.0,993,0.0,0.0,0.0
0.0,994,0.0,0.0,0.0
0.0,995,0.0,0.0,0.0
0.0,996,0.0,0.0,0.0
0.0,997,0.0,0.0,0.0
0.0,998,0.0,0.0,0.0
0.0,999,0.0,0.0,0.0
0.0,1000,0.0,0.0,0.0
0.0,1001,0.0,0.0,0.0
0.0,1002,0.0,0.0,0.0
0.0,1003,0.0,0.0,0.0
0.0,1004,0.0,0.0,0.0
0.0,1005,0.0,0.0,0.0
0.0,1006,0.0,0.0,0.0
0.0,1007,0.0,0.0,0.0
0.0,1008,0.0,0.0,0.0
0.0,1009,0.0,0.0,0.0
0.0,1010,0.0,0.0,0.0
0.0,1011,0.0,0.0,0.0
0.0,1012,0.0,0.0,0.0
0.0,1013,0.0,0.0,0.0
0.0,1014,0.0,0.0,0.0
0.0,1015,0.0,0.0,0.0
0.0,1016,0.0,0.0,0.0
0.0,1017,0.0,0.0,0.0
0.0,1018,0.0,0.0,0.0
0.0,1019,0.0,0.0,0.0
0.0,1020,0.0,0.0,0.0
0.0,1021,0.0,0.0,0.0
0.0,1022,0.0,0.0,0.0
0.0,1023,0.0,0.0,0.0
0.0,1024,0.0,0.0,0.0
0.0,1025,0.0,0.0,0.0
0.0,1026,0.0,0.0,0.0
0.0,1027,0.0,0.0,0.0
0.0,1028,0.0,0.0,0.0
0.0,1029,0.0,0.0,0.0
0.0,1030,0.0,0.0,0.0
0.0,1031,0.0,0.0,0.0
0.0,1032,0.0,0.0,0.0
0.0,1033,0.0,0.0,0.0
0.0,1034,0.0,0.0,0.0
0.0,1035,0.0,0.0,0.0
0.0,1036,0.0,0.0,0.0
0.0,1037,0.0,0.0,0.0
0.0,1038,0.0,0.0,0.0
0.0,1039,0.0,0.0,0.0
0.0,1040,0.0,0.0,0.0
0.0,1041,0.0,0.0,0.0
0.0,1042,0.0,0.0,0.0
0.0,1043,0.0,0.0,0.0
0.0,1044,0.0,0.0,0.0
0.0,1045,0.0,0.0,0.0
0.0,1046,0.0,0.0,0.0
0.0,1047,0.0,0.0,0.0
0.0,1048,0.0,0.0,0.0
0.0,1049,0.0,0.0,0.0
0.0,1050,0.0,0.0,0.0
0.0,1051,0.0,0.0,0.0
0.0,1052,0.0,0.0,0.0
0.0,1053,0.0,0.0,0.0
0.0,1054,0.0,0.0,0.0
0.0,1055,0.0,0.0,0.0
0.0,1056,0.0,0.0,0.0
0.0,1057,0.0,0.0,0.0
0.0,1058,0.0,0.0,0.0
0.0,1059,0.0,0.0,0.0
0.0,1060,0.0,0.0,0.0
0.0,1061,0.0,0.0,0.0
0.0,1062,0.0,0.0,0.0
0.0,1063,0.0,0.0,0.0
0.0,1064,0.0,0.0,0.0
0.0,1065,0.0,0.0,0.0
0.0,1066,0.0,0.0,0.0
0.0,1067,0.0,0.0,0.0
0.0,1068,0.0,0.0,0.0
0.0,1069,0.0,0.0,0.0
0.0,1070,0.0,0.0,0.0
0.0,1071,0.0,0.0,0.0
0.0,1072,0.0,0.0,0.0
0.0,1073,0.0,0.0,0.0
0.0,1074,0.0,0.0,0.0
0.0,1075,0.0,0.0,0.0
0.0,1076,0.0,0.0,0.0
0.0,1077,0.0,0.0,0.0
0.0,1078,0.0,0.0,0.0
0.0,1079,0.0,0.0,0.0
0.0,1080,0.0,0.0,0.0
0.0,1081,0.0,0.0,0.0
0.0,1082,0.0,0.0,0.0
0.0,1083,0.0,0.0,0.0
0.0,1084,0.0,0.0,0.0
0.0,1085,0.0,0.0,0.0
0.0,1086,0.0,0.0,0.0
0.0,1087,0.0,0.0,0.0
0.0,1088,0.0,0.0,0.0
0.0,1089,0.0,0.0,0.0
0.0,1090,0.0,0.0,0.0
0.0,1091,0.0,0.0,0.0
0.0,1092,0.0,0.0,0.0
0.0,1093,0.0,0.0,0.0
0.0,1094,0.0,0.0,0.0
0.0,1095,0.0,0.0,0.0
0.0,1096,0.0,0.0,0.0
0.0,1097,6.791641431407294,20.0,0.3395820715703647
0.0,1098,13.51623413316421,20.0,0.6758117066582104
0.0,1099,0.0,0.0,0.0
0.0,1100,0.0,0.0,0.0
0.0,1101,0.0,0.0,0.0
0.0,1102,0.0,0.0,0.0
0.0,1103,0.0,0.0,0.0
0.0,1104,0.0,0.0,0.0
0.0,1105,0.0,0.0,0.0
0.0,1106,0.0,0.0,0.0
0.0,1107,0.0,0.0,0.0
0.0,1108,0.0,0.0,0.0
0.0,1109,0.0,0.0,0.0
0.0,1110,0.0,0.0,0.0
0.0,1111,0.0,0.0,0.0
0.0,1112,0.0,0.0,0.0
0.0,1113,0.0,0.0,0.0
0.0,1114,0.0,0.0,0.0
0.0,1115,0.0,0.0,0.0
0.0,1116,0.0,0.0,0.0
0.0,1117,0.0,0.0,0.0
0.0,1118,0.0,0.0,0.0
0.0,1119,0.0,0.0,0.0
0.0,1120,0.0,0.0,0.0
0.0,1121,0.0,0.0,0.0
0.0,1122,0.0,0.0,0.0
0.0,1123,0.0,0.0,0.0
0.0,1124,0.0,0.0,0.0
0.0,1125,0.0,0.0,0.0
0.0,1126,0.0,0.0,0.0
0.0,1127,0.0,0.0,0.0
0.0,1128,0.0,0.0,0.0
0.0,1129,0.0,0.0,0.0
0.0,1130,0.0,0.0,0.0
0.0,1131,0.0,0.0,0.0
0.0,1132,0.0,0.0,0.0
0.0,1133,0.0,0.0,0.0
0.0,1134,0.0,0.0,0.0
0.0,1135,0.0,0.0,0.0
0.0,1136,0.0,0.0,0.0
0.0,1137,0.0,0.0,0.0
0.0,1138,18.968164781413417,20.0,0.9484082390706708
0.0,1139,20.0,20.0,1.0
0.0,1140,20.0,20.0,1.0
0.0,1141,20.0,20.0,1.0
0.0,1142,0.0,0.0,0.0
0.0,1143,0.0,0.0,0.0
0.0,1144,0.0,0.0,0.0
0.0,1145,0.0,0.0,0.0
0.0,1146,0.0,0.0,0.0
0.0,1147,0.0,0.0,0.0
0.0,1148,0.0,0.0,0.0
0.0,1149,0.0,0.0,0.0
0.0,1150,0.0,0.0,0.0
0.0,1151,0.0,0.0,0.0
0.0,1152,0.0,0.0,0.0
0.0,1153,0.0,0.0,0.0
0.0,1154,0.0,0.0,0.0
0.0,1155,0.0,0.0,0.0
0.0,1156,0.0,0.0,0.0
0.0,1157,0.0,0.0,0.0
0.0,1158,0.0,0.0,0.0
0.0,1159,0.0,0.0,0.0
0.0,1160,0.0,0.0,0.0
0.0,1161,0.0,0.0,0.0
0.0,1162,0.0,0.0,0.0
0.0,1163,0.0,0.0,0.0
0.0,1164,0.0,0.0,0.0
0.0,1165,0.0,0.0,0.0
0.0,1166,0.0,0.0,0.0
0.0,1167,0.0,0.0,0.0
0.0,1168,0.0,0.0,0.0
0.0,1169,0.0,0.0,0.0
0.0,1170,0.0,0.0,0.0
0.0,1171,0.0,0.0,0.0
0.0,1172,0.0,0.0,0.0
0.0,1173,0.0,0.0,0.0
0.0,1174,0.0,0.0,0.0
0.0,1175,0.0,0.0,0.0
0.0,1176,0.0,0.0,0.0
0.0,1177,0.0,0.0,0.0
0.0,1178,0.0,0.0,0.0
0.0,1179,0.0,20.0,0.0
0.0,1180,7.562334539106401,20.0,0.37811672695532006
0.0,1181,20.0,20.0,1.0
0.0,1182,20.0,20.0,1.0
0.0,1183,20.0,20.0,1.0
0.0,1184,20.0,20.0,1.0
0.0,1185,0.0,0.0,0.0
0.0,1186,0.0,0.0,0.0
0.0,1187,0.0,0.0,0.0
0.0,1188,0.0,0.0,0.0
0.0,1189,0.0,0.0,0.0
0.0,1190,0.0,0.0,0.0
0.0,1191,0.0,0.0,0.0
0.0,1192,0.0,0.0,0.0
0.0,1193,0.0,0.0,0.0
0.0,1194,0.0,0.0,0.0
0.0,1195,0.0,0.0,0.0
0.0,1196,0.0,0.0,0.0
0.0,1197,0.0,0.0,0.0
0.0,1198,0.0,0.0,0.0
0.0,1199,0.0,0.0,0.0
0.0,1200,0.0,0.0,0.0
0.0,1201,0.0,0.0,0.0
0.0,1202,0.0,0.0,0.0
0.0,1203,0.0,0.0,0.0
0.0,1204,0.0,0.0,0.0
0.0,1205,0.0,0.0,0.0
0.0,1206,0.0,0.0,0.0
0.0,1207,0.0,0.0,0.0
0.0,1208,0.0,0.0,0.0
0.0,1209,0.0,0.0,0.0
0.0,1210,0.0,0.0,0.0
0.0,1211,0.0,0.0,0.0
0.0,1212,0.0,0.0,0.0
0.0,1213,0.0,0.0,0.0
0.0,1214,0.0,0.0,0.0
0.0,1215,0.0,0.0,0.0
0.0,1216,0.0,0.0,0.0
0.0,1217,0.0,0.0,0.0
0.0,1218,0.0,0.0,0.0
0.0,1219,0.0,0.0,0.0
0.0,1220,0.0,0.0,0.0
0.0,1221,0.0,20.0,0.0
0.0,1222,20.000000000000004,20.0,1.0000000000000002
0.0,1223,20.0,20.0,1.0
0.0,1224,20.0,20.0,1.0
0.0,1225,20.0,20.0,1.0
0.0,1226,20.0,20.0,1.0
0.0,1227,20.0,20.0,1.0
0.0,1228,0.0,0.0,0.0
0.0,1229,0.0,0.0,0.0
0.0,1230,0.0,0.0,0.0
0.0,1231,0.0,0.0,0.0
0.0,1232,0.0,0.0,0.0
0.0,1233,0.0,0.0,0.0
0.0,1234,0.0,0.0,0.0
0.0,1235,0.0,0.0,0.0
0.0,1236,0.0,0.0,0.0
0.0,1237,0.0,0.0,0.0
0.0,1238,0.0,0.0,0.0
0.0,1239,0.0,0.0,0.0
0.0,1240,0.0,0.0,0.0
0.0,1241,0.0,0.0,0.0
0.0,1242,0.0,0.0,0.0
0.0,1243,0.0,0.0,0.0
0.0,1244,0.0,0.0,0.0
0.0,1245,0.0,0.0,0.0
0.0,1246,0.0,0.0,0.0
0.0,1247,0.0,0.0,0.0
0.0,1248,0.0,0.0,0.0
0.0,1249,0.0,0.0,0.0
0.0,1250,0.0,0.0,0.0
0.0,1251,0.0,0.0,0.0
0.0,1252,0.0,0.0,0.0
0.0,1253,0.0,0.0,0.0
0.0,1254,0.0,0.0,0.0
0.0,1255,0.0,0.0,0.0
0.0,1256,0.0,0.0,0.0
0.0,1257,0.0,0.0,0.0
0.0,1258,0.0,0.0,0.0
0.0,1259,0.0,0.0,0.0
0.0,1260,0.0,0.0,0.0
0.0,1261,0.0,0.0,0.0
0.0,1262,0.0,0.0,0.0
0.0,1263,0.0,20.0,0.0
0.0,1264,7.849319021854677,20.0,0.39246595109273386
0.0,1265,20.0,20.0,1.0
0.0,1266,20.0,20.0,1.0
0.0,1267,20.0,20.0,1.0
0.0,1268,20.0,20.0,1.0
0.0,1269,20.0,20.0,1.0
0.0,1270,20.0,20.0,1.0
0.0,1271,0.0,0.0,0.0
0.0,1272,0.0,0.0,0.0
0.0,1273,0.0,0.0,0.0
0.0,1274,0.0,0.0,0.0
0.0,1275,0.0,0.0,0.0
0.0,1276,0.0,0.0,0.0
0.0,1277,0.0,0.0,0.0
0.0,1278,0.0,0.0,0.0
0.0,1279,0.0,0.0,0.0
0.0,1280,0.0,0.0,0.0
0.0,1281,0.0,0.0,0.0
0.0,1282,0.0,0.0,0.0
0.0,1283,0.0,0.0,0.0
0.0,1284,0.0,0.0,0.0
0.0,1285,0.0,0.0,0.0
0.0,1286,0.0,0.0,0.0
0.0,1287,0.0,0.0,0.0
0.0,1288,0.0,0.0,0.0
0.0,1289,0.0,0.0,0.0
0.0,1290,0.0,0.0,0.0
0.0,1291,0.0,0.0,0.0
0.0,1292,0.0,0.0,0.0
0.0,1293,0.0,0.0,0.0
0.0,1294,0.0,0.0,0.0
0.0,1295,0.0,0.0,0.0
0.0,1296,0.0,0.0,0.0
0.0,1297,0.0,0.0,0.0
0.0,1298,0.0,0.0,0.0
0.0,1299,0.0,0.0,0.0
0.0,1300,0.0,0.0,0.0
0.0,1301,0.0,0.0,0.0
0.0,1302,0.0,0.0,0.0
0.0,1303,0.0,0.0,0.0
0.0,1304,0.0,0.0,0.0
0.0,1305,0.0,20.0,0.0
0.0,1306,20.0,20.0,1.0
0.0,1307,20.0,20.0,1.0
0.0,1308,20.000000000000004,20.0,1.0000000000000002
0.0,1309,20.0,20.0,1.0
0.0,1310,20.0,20.0,1.0
0.0,1311,20.0,20.0,1.0
0.0,1312,20.0,20.0,1.0
0.0,1313,20.0,20.0,1.0
0.0,1314,0.0,0.0,0.0
0.0,1315,0.0,0.0,0.0
0.0,1316,0.0,0.0,0.0
0.0,1317,0.0,0.0,0.0
0.0,1318,0.0,0.0,0.0
0.0,1319,0.0,0.0,0.0
0.0,1320,0.0,0.0,0.0
0.0,1321,0.0,0.0,0.0
0.0,1322,0.0,0.0,0.0
0.0,1323,0.0,0.0,0.0
0.0,1324,0.0,0.0,0.0
0.0,1325,0.0,0.0,0.0
0.0,1326,0.0,0.0,0.0
0.0,1327,0.0,0.0,0.0
0.0,1328,0.0,0.0,0.0
0.0,1329,0.0,0.0,0.0
0.0,1330,0.0,0.0,0.0
0.0,1331,0.0,0.0,0.0
0.0,1332,0.0,0.0,0.0
0.0,1333,0.0,0.0,0.0
0.0,1334,0.0,0.0,0.0
0.0,1335,0.0,0.0,0.0
0.0,1336,0.0,0.0,0.0
0.0,1337,0.0,0.0,0.0
0.0,1338,0.0,0.0,0.0
0.0,1339,0.0,0.0,0.0
0.0,1340,0.0,0.0,0.0
0.0,1341,0.0,0.0,0.0
0.0,1342,0.0,0.0,0.0
0.0,1343,0.0,0.0,0.0
0.0,1344,0.0,0.0,0.0
0.0,1345,0.0,0.0,0.0
0.0,1346,0.0,0.0,0.0
0.0,1347,0.0,20.0,0.0
0.0,1348,19.999999999999996,20.0,0.9999999999999998
0.0,1349,20.0,20.0,1.0
0.0,1350,20.0,20.0,1.0
0.0,1351,20.0,20.0,1.0
0.0,1352,20.0,20.0,1.0
0.0,1353,20.0,20.0,1.0
0.0,1354,20.0,20.0,1.0
0.0,1355,20.0,20.0,1.0
0.0,1356,0.0,0.0,0.0
0.0,1357,0.0,0.0,0.0
0.0,1358,0.0,0.0,0.0
0.0,1359,0.0,0.0,0.0
0.0,1360,0.0,0.0,0.0
0.0,1361,0.0,0.0,0.0
0.0,1362,0.0,0.0,0.0
0.0,1363,0.0,0.0,0.0
0.0,1364,0.0,0.0,0.0
0.0,1365,0.0,0.0,0.0
0.0,1366,0.0,0.0,0.0
0.0,1367,0.0,0.0,0.0
0.0,1368,0.0,0.0,0.0
0.0,1369,0.0,0.0,0.0
0.0,1370,0.0,0.0,0.0
0.0,1371,0.0,0.0,0.0
0.0,1372,0.0,0.0,0.0
0.0,1373,0.0,0.0,0.0
0.0,1374,0.0,0.0,0.0
0.0,1375,0.0,0.0,0.0
0.0,1376,0.0,0.0,0.0
0.0,1377,0.0,0.0,0.0
0.0,1378,0.0,0.0,0.0
0.0,1379,0.0,0.0,0.0
0.0,1380,0.0,0.0,0.0
0.0,1381,0.0,0.0,0.0
0.0,1382,0.0,0.0,0.0
0.0,1383,0.0,0.0,0.0
0.0,1384,0.0,0.0,0.0
0.0,1385,0.0,0.0,0.0
0.0,1386,0.0,0.0,0.0
0.0,1387,0.0,0.0,0.0
0.0,1388,0.0,0.0,0.0
0.0,1389,0.0,20.0,0.0
0.0,1390,15.699730379514424,20.0,0.7849865189757212
0.0,1391,20.0,20.0,1.0
0.0,1392,20.0,20.0,1.0
0.0,1393,20.000000000000004,20.0,1.0000000000000002
0.0,1394,20.0,20.0,1.0
0.0,1395,20.0,20.0,1.0
0.0,1396,20.0,20.0,1.0
0.0,1397,0.0,0.0,0.0
0.0,1398,0.0,0.0,0.0
0.0,1399,0.0,0.0,0.0
0.0,1400,0.0,0.0,0.0
0.0,1401,0.0,0.0,0.0
0.0,1402,0.0,0.0,0.0
0.0,1403,0.0,0.0,0.0
0.0,1404,0.0,0.0,0.0
0.0,1405,0.0,0.0,0.0
0.0,1406,0.0,0.0,0.0
0.0,1407,0.0,0.0,0.0
0.0,1408,0.0,0.0,0.0
0.0,1409,0.0,0.0,0.0
0.0,1410,0.0,0.0,0.0
0.0,1411,0.0,0.0,0.0
0.0,1412,0.0,0.0,0.0
0.0,1413,0.0,0.0,0.0
0.0,1414,0.0,0.0,0.0
0.0,1415,0.0,0.0,0.0
0.0,1416,0.0,0.0,0.0
0.0,1417,0.0,0.0,0.0
0.0,1418,0.0,0.0,0.0
0.0,1419,0.0,0.0,0.0
0.0,1420,0.0,0.0,0.0
0.0,1421,0.0,0.0,0.0
0.0,1422,0.0,0.0,0.0
0.0,1423,0.0,0.0,0.0
0.0,1424,0.0,0.0,0.0
0.0,1425,0.0,0.0,0.0
0.0,1426,0.0,0.0,0.0
0.0,1427,0.0,0.0,0.0
0.0,1428,0.0,0.0,0.0
0.0,1429,0.0,0.0,0.0
0.0,1430,0.0,0.0,0.0
0.0,1431,0.0,20.0,0.0
0.0,1432,12.325008181892521,20.0,0.616250409094626
0.0,1433,20.0,20.0,1.0
0.0,1434,20.0,20.0,1.0
0.0,1435,20.0,20.0,1.0
0.0,1436,20.000000000000004,20.0,1.0000000000000002
0.0,1437,20.000000000000004,20.0,1.0000000000000002
0.0,1438,11.788616637624017,20.0,0.5894308318812008
0.0,1439,0.0,0.0,0.0
0.0,1440,0.0,0.0,0.0
0.0,1441,0.0,0.0,0.0
0.0,1442,0.0,0.0,0.0
0.0,1443,0.0,0.0,0.0
0.0,1444,0.0,0.0,0.0
0.0,1445,0.0,0.0,0.0
0.0,1446,0.0,0.0,0.0
0.0,1447,0.0,0.0,0.0
0.0,1448,0.0,0.0,0.0
0.0,1449,0.0,0.0,0.0
0.0,1450,0.0,0.0,0.0
0.0,1451,0.0,0.0,0.0
0.0,1452,0.0,0.0,0.0
0.0,1453,0.0,0.0,0.0
0.0,1454,0.0,0.0,0.0
0.0,1455,0.0,0.0,0.0
0.0,1456,0.0,0.0,0.0
0.0,1457,0.0,0.0,0.0
0.0,1458,0.0,0.0,0.0
0.0,1459,0.0,0.0,0.0
0.0,1460,0.0,0.0,0.0
0.0,1461,0.0,0.0,0.0
0.0,1462,0.0,0.0,0.0
0.0,1463,0.0,0.0,0.0
0.0,1464,0.0,0.0,0.0
0.0,1465,0.0,0.0,0.0
0.0,1466,0.0,0.0,0.0
0.0,1467,0.0,0.0,0.0
0.0,1468,0.0,0.0,0.0
0.0,1469,0.0,0.0,0.0
0.0,1470,0.0,0.0,0.0
0.0,1471,0.0,0.0,0.0
0.0,1472,0.0,0.0,0.0
0.0,1473,0.0,0.0,0.0
0.0,1474,4.444550421951583,20.0,0.22222752109757912
0.0,1475,12.692490692435264,20.0,0.6346245346217632
0.0,1476,16.495880540967367,20.0,0.8247940270483684
0.0,1477,5.960834698662823,20.0,0.2980417349331411
0.0,1478,20.0,20.0,1.0
0.0,1479,20.000000000000004,20.0,1.0000000000000002
0.0,1480,0.0,0.0,0.0
0.0,1481,0.0,0.0,0.0
0.0,1482,0.0,0.0,0.0
0.0,1483,0.0,0.0,0.0
0.0,1484,0.0,0.0,0.0
0.0,1485,0.0,0.0,0.0
0.0,1486,0.0,0.0,0.0
0.0,1487,0.0,0.0,0.0
0.0,1488,0.0,0.0,0.0
0.0,1489,0.0,0.0,0.0
0.0,1490,0.0,0.0,0.0
0.0,1491,0.0,0.0,0.0
0.0,1492,0.0,0.0,0.0
0.0,1493,0.0,0.0,0.0
0.0,1494,0.0,0.0,0.0
0.0,1495,0.0,0.0,0.0
900.0,0,0.0,0.0,0.0
900.0,1,0.0,0.0,0.0
900.0,2,0.0,20.0,0.0
900.0,3,12.029262697994497,20.0,0.6014631348997248
900.0,4,17.792368822428617,20.0,0.8896184411214308
900.0,5,0.0,20.0,0.0
900.0,6,5.356345422443919,20.0,0.26781727112219594
900.0,7,10.737073966596117,20.0,0.5368536983298059
900.0,8,0.0,20.0,0.0
900.0,9,0.0,0.0,0.0
900.0,10,0.0,0.0,0.0
900.0,11,0.0,0.0,0.0
900.0,12,0.0,0.0,0.0
900.0,13,0.0,0.0,0.0
900.0,14,0.0,0.0,0.0
900.0,15,0.0,0.0,0.0
900.0,16,0.0,0.0,0.0
900.0,17,0.0,0.0,0.0
900.0,18,0.0,0.0,0.0
900.0,19,0.0,0.0,0.0
900.0,20,0.0,0.0,0.0
900.0,21,0.0,0.0,0.0
900.0,22,0.0,0.0,0.0
900.0,23,0.0,0.0,0.0
900.0,24,0.0,0.0,0.0
900.0,25,0.0,0.0,0.0
900.0,26,0.0,0.0,0.0
900.0,27,0.0,0.0,0.0
900.0,28,0.0,0.0,0.0
900.0,29,0.0,0.0,0.0
900.0,30,0.0,0.0,0.0
900.0,31,0.0,0.0,0.0
900.0,32,0.0,0.0,0.0
900.0,33,0.0,0.0,0.0
900.0,34,0.0,0.0,0.0
900.0,35,0.0,0.0,0.0
900.0,36,0.0,0.0,0.0
900.0,37,0.0,0.0,0.0
900.0,38,0.0,0.0,0.0
900.0,39,0.0,0.0,0.0
900.0,40,0.0,0.0,0.0
900.0,41,0.0,0.0,0.0
900.0,42,0.0,0.0,0.0
900.0,43,0.0,0.0,0.0
900.0,44,0.0,10.59571546441757,0.0
900.0,45,10.388332460867815,20.0,0.5194166230433908
900.0,46,0.0,20.0,0.0
900.0,47,7.816955917891609,20.0,0.39084779589458046
900.0,48,7.816955917891609,20.0,0.39084779589458046
900.0,49,0.0,20.0,0.0
900.0,50,0.0,20.0,0.0
900.0,51,0.0,0.0,0.0
900.0,52,0.0,0.0,0.0
900.0,53,0.0,0.0,0.0
900.0,54,0.0,0.0,0.0
900.0,55,0.0,0.0,0.0
900.0,56,0.0,0.0,0.0
900.0,57,0.0,0.0,0.0
900.0,58,0.0,0.0,0.0
900.0,59,0.0,0.0,0.0
900.0,60,0.0,0.0,0.0
900.0,61,0.0,0.0,0.0
900.0,62,0.0,0.0,0.0
900.0,63,0.0,0.0,0.0
900.0,64,0.0,0.0,0.0
900.0,65,0.0,0.0,0.0
900.0,66,0.0,0.0,0.0
900.0,67,0.0,0.0,0.0
900.0,68,0.0,0.0,0.0
900.0,69,0.0,0.0,0.0
900.0,70,0.0,0.0,0.0
900.0,71,0.0,0.0,0.0
900.0,72,0.0,0.0,0.0
900.0,73,0.0,0.0,0.0
900.0,74,0.0,0.0,0.0
900.0,75,0.0,0.0,0.0
900.0,76,0.0,0.0,0.0
900.0,77,0.0,0.0,0.0
900.0,78,0.0,0.0,0.0
900.0,79,0.0,0.0,0.0
900.0,80,0.0,0.0,0.0
900.0,81,0.0,0.0,0.0
900.0,82,0.0,0.0,0.0
900.0,83,0.0,0.0,0.0
900.0,84,0.0,0.0,0.0
900.0,85,0.0,0.0,0.0
900.0,86,0.0,0.0,0.0
900.0,87,0.0,0.0,0.0
900.0,88,20.0,20.0,1.0
900.0,89,8.01145476997059,20.0,0.4005727384985295
900.0,90,0.0,20.0,0.0
900.0,91,3.7991479898677003,20.0,0.18995739949338503
900.0,92,0.0,16.547512090841945,0.0
900.0,93,0.0,0.0,0.0
900.0,94,0.0,0.0,0.0
900.0,95,0.0,0.0,0.0
900.0,96,0.0,0.0,0.0
900.0,97,0.0,0.0,0.0
900.0,98,0.0,0.0,0.0
900.0,99,0.0,0.0,0.0
900.0,100,0.0,0.0,0.0
900.0,101,0.0,0.0,0.0
900.0,102,0.0,0.0,0.0
900.0,103,0.0,0.0,0.0
900.0,104,0.0,0.0,0.0
900.0,105,0.0,0.0,0.0
900.0,106,0.0,0.0,0.0
900.0,107,0.0,0.0,0.0
900.0,108,0.0,0.0,0.0
900.0,109,0.0,0.0,0.0
900.0,110,0.0,0.0,0.0
900.0,111,0.0,0.0,0.0
900.0,112,0.0,0.0,0.0
900.0,113,0.0,0.0,0.0
900.0,114,0.0,0.0,0.0
900.0,115,0.0,0.0,0.0
900.0,116,0.0,0.0,0.0
900.0,117,0.0,0.0,0.0
900.0,118,0.0,0.0,0.0
900.0,119,0.0,0.0,0.0
900.0,120,0.0,0.0,0.0
900.0,121,0.0,0.0,0.0
900.0,122,0.0,0.0,0.0
900.0,123,0.0,0.0,0.0
900.0,124,0.0,0.0,0.0
900.0,125,0.0,0.0,0.0
900.0,126,0.0,0.0,0.0
900.0,127,0.0,0.0,0.0
900.0,128,0.0,0.0,0.0
900.0,129,0.0,0.0,0.0
900.0,130,0.0,20.0,0.0
900.0,131,20.0,20.0,1.0
900.0,132,18.140649058621488,20.0,0.9070324529310744
900.0,133,0.0,20.0,0.0
900.0,134,0.0,20.0,0.0
900.0,135,0.0,0.0,0.0
900.0,136,0.0,0.0,0.0
900.0,137,0.0,0.0,0.0
900.0,138,0.0,0.0,0.0
900.0,139,0.0,0.0,0.0
900.0,140,0.0,0.0,0.0
900.0,141,0.0,0.0,0.0
900.0,142,0.0,0.0,0.0
900.0,143,0.0,0.0,0.0
900.0,144,0.0,0.0,0.0
900.0,145,0.0,0.0,0.0
900.0,146,0.0,0.0,0.0
900.0,147,0.0,0.0,0.0
900.0,148,0.0,0.0,0.0
900.0,149,0.0,0.0,0.0
900.0,150,0.0,0.0,0.0
900.0,151,0.0,0.0,0.0
900.0,152,0.0,0.0,0.0
900.0,153,0.0,0.0,0.0
900.0,154,0.0,0.0,0.0
900.0,155,0.0,0.0,0.0
900.0,156,0.0,0.0,0.0
900.0,157,0.0,0.0,0.0
900.0,158,0.0,0.0,0.0
900.0,159,0.0,0.0,0.0
900.0,160,0.0,0.0,0.0
900.0,161,0.0,0.0,0.0
900.0,162,0.0,0.0,0.0
900.0,163,0.0,0.0,0.0
900.0,164,0.0,0.0,0.0
900.0,165,0.0,0.0,0.0
900.0,166,0.0,0.0,0.0
900.0,167,0.0,0.0,0.0
900.0,168,0.0,0.0,0.0
900.0,169,0.0,0.0,0.0
900.0,170,0.0,0.0,0.0
900.0,171,0.0,0.0,0.0
900.0,172,5.322936555277822,20.0,0.2661468277638911
900.0,173,20.0,20.0,1.0
900.0,174,20.0,20.0,1.0
900.0,175,20.0,20.0,1.0
900.0,176,0.0,20.0,0.0
900.0,177,0.0,0.0,0.0
900.0,178,0.0,0.0,0.0
900.0,179,0.0,0.0,0.0
900.0,180,0.0,0.0,0.0
900.0,181,0.0,0.0,0.0
900.0,182,0.0,0.0,0.0
900.0,183,0.0,0.0,0.0
900.0,184,0.0,0.0,0.0
900.0,185,0.0,0.0,0.0
900.0,186,0.0,0.0,0.0
900.0,187,0.0,0.0,0.0
900.0,188,0.0,0.0,0.0
900.0,189,0.0,0.0,0.0
900.0,190,0.0,0.0,0.0
900.0,191,0.0,0.0,0.0
900.0,192,0.0,0.0,0.0
900.0,193,0.0,0.0,0.0
900.0,194,0.0,0.0,0.0
900.0,195,0.0,0.0,0.0
900.0,196,0.0,0.0,0.0
900.0,197,0.0,0.0,0.0
900.0,198,0.0,0.0,0.0
900.0,199,0.0,0.0,0.0
900.0,200,0.0,0.0,0.0
900.0,201,0.0,0.0,0.0
900.0,202,0.0,0.0,0.0
900.0,203,0.0,0.0,0.0
900.0,204,0.0,0.0,0.0
900.0,205,0.0,0.0,0.0
900.0,206,0.0,0.0,0.0
900.0,207,0.0,0.0,0.0
900.0,208,0.0,0.0,0.0
900.0,209,0.0,0.0,0.0
900.0,210,0.0,0.0,0.0
900.0,211,0.0,0.0,0.0
900.0,212,0.0,0.0,0.0
900.0,213,0.0,0.0,0.0
900.0,214,20.0,20.0,1.0
900.0,215,20.0,20.0,1.0
900.0,216,20.0,20.0,1.0
900.0,217,20.0,20.0,1.0
900.0,218,20.0,20.0,1.0
900.0,219,11.680982461801625,20.0,0.5840491230900813
900.0,220,0.0,0.0,0.0
900.0,221,0.0,0.0,0.0
900.0,222,0.0,0.0,0.0
900.0,223,0.0,0.0,0.0
900.0,224,0.0,0.0,0.0
900.0,225,0.0,0.0,0.0
900.0,226,0.0,0.0,0.0
900.0,227,0.0,0.0,0.0
900.0,228,0.0,0.0,0.0
900.0,229,0.0,0.0,0.0
900.0,230,0.0,0.0,0.0
900.0,231,0.0,0.0,0.0
900.0,232,0.0,0.0,0.0
900.0,233,0.0,0.0,0.0
900.0,234,0.0,0.0,0.0
900.0,235,0.0,0.0,0.0
900.0,236,0.0,0.0,0.0
900.0,237,0.0,0.0,0.0
900.0,238,0.0,0.0,0.0
900.0,239,0.0,0.0,0.0
900.0,240,0.0,0.0,0.0
900.0,241,0.0,0.0,0.0
900.0,242,0.0,0.0,0.0
900.0,243,0.0,0.0,0.0
900.0,244,0.0,0.0,0.0
900.0,245,0.0,0.0,0.0
900.0,246,0.0,0.0,0.0
900.0,247,0.0,0.0,0.0
900.0,248,0.0,0.0,0.0
900.0,249,0.0,0.0,0.0
900.0,250,0.0,0.0,0.0
900.0,251,0.0,0.0,0.0
900.0,252,0.0,0.0,0.0
900.0,253,0.0,0.0,0.0
900.0,254,0.0,0.0,0.0
900.0,255,18.195811314915613,20.0,0.9097905657457807
900.0,256,20.0,20.0,1.0
900.0,257,20.0,20.0,1.0
900.0,258,20.0,20.0,1.0
900.0,259,20.0,20.0,1.0
900.0,260,20.0,20.0,1.0
900.0,261,20.0,20.0,1.0
900.0,262,3.8640265439100157,20.0,0.1932013271955008
900.0,263,0.0,0.0,0.0
900.0,264,0.0,0.0,0.0
900.0,265,0.0,0.0,0.0
900.0,266,0.0,0.0,0.0
900.0,267,0.0,0.0,0.0
900.0,268,0.0,0.0,0.0
900.0,269,0.0,0.0,0.0
900.0,270,0.0,0.0,0.0
900.0,271,0.0,0.0,0.0
900.0,272,0.0,0.0,0.0
900.0,273,0.0,0.0,0.0
900.0,274,0.0,0.0,0.0
900.0,275,0.0,0.0,0.0
900.0,276,0.0,0.0,0.0
900.0,277,0.0,0.0,0.0
900.0,278,0.0,0.0,0.0
900.0,279,0.0,0.0,0.0
900.0,280,0.0,0.0,0.0
900.0,281,0.0,0.0,0.0
900.0,282,0.0,0.0,0.0
900.0,283,0.0,0.0,0.0
900.0,284,0.0,0.0,0.0
900.0,285,0.0,0.0,0.0
900.0,286,0.0,0.0,0.0
900.0,287,0.0,0.0,0.0
900.0,288,0.0,0.0,0.0
900.0,289,0.0,0.0,0.0
900.0,290,0.0,0.0,0.0
900.0,291,0.0,0.0,0.0
900.0,292,0.0,0.0,0.0
900.0,293,0.0,0.0,0.0
900.0,294,0.0,0.0,0.0
900.0,295,0.0,0.0,0.0
900.0,296,12.69584121424462,20.0,0.634792060712231
900.0,297,20.000000000000004,20.0,1.0000000000000002
900.0,298,20.0,20.0,1.0
900.0,299,20.0,20.0,1.0
900.0,300,20.0,20.0,1.0
900.0,301,20.0,20.0,1.0
900.0,302,20.0,20.0,1.0
900.0,303,20.0,20.0,1.0
900.0,304,20.0,20.0,1.0
900.0,305,0.0,0.0,0.0
900.0,306,0.0,0.0,0.0
900.0,307,0.0,0.0,0.0
900.0,308,0.0,0.0,0.0
900.0,309,0.0,0.0,0.0
900.0,310,0.0,0.0,0.0
900.0,311,0.0,0.0,0.0
900.0,312,0.0,0.0,0.0
900.0,313,0.0,0.0,0.0
900.0,314,0.0,0.0,0.0
900.0,315,0.0,0.0,0.0
900.0,316,0.0,0.0,0.0
900.0,317,0.0,0.0,0.0
900.0,318,0.0,0.0,0.0
900.0,319,0.0,0.0,0.0
900.0,320,0.0,0.0,0.0
900.0,321,0.0,0.0,0.0
900.0,322,0.0,0.0,0.0
900.0,323,0.0,0.0,0.0
900.0,324,0.0,0.0,0.0
900.0,325,0.0,0.0,0.0
900.0,326,0.0,0.0,0.0
900.0,327,0.0,0.0,0.0
900.0,328,0.0,0.0,0.0
900.0,329,0.0,0.0,0.0
900.0,330,0.0,0.0,0.0
900.0,331,0.0,0.0,0.0
900.0,332,0.0,0.0,0.0
900.0,333,0.0,0.0,0.0
900.0,334,0.0,0.0,0.0
900.0,335,0.0,0.0,0.0
900.0,336,0.0,0.0,0.0
900.0,337,0.0,0.0,0.0
900.0,338,12.809962600353627,20.0,0.6404981300176813
900.0,339,20.0,20.0,1.0
900.0,340,20.0,20.0,1.0
900.0,341,20.0,20.0,1.0
900.0,342,19.999999999999996,20.0,0.9999999999999998
900.0,343,20.0,20.0,1.0
900.0,344,20.0,20.0,1.0
900.0,345,20.0,20.0,1.0
900.0,346,20.0,20.0,1.0
900.0,347,0.0,20.0,0.0
900.0,348,0.0,0.0,0.0
900.0,349,0.0,0.0,0.0
900.0,350,0.0,0.0,0.0
900.0,351,0.0,0.0,0.0
900.0,352,0.0,0.0,0.0
900.0,353,0.0,0.0,0.0
900.0,354,0.0,0.0,0.0
900.0,355,0.0,0.0,0.0
900.0,356,0.0,0.0,0.0
900.0,357,0.0,0.0,0.0
900.0,358,0.0,0.0,0.0
900.0,359,0.0,0.0,0.0
900.0,360,0.0,0.0,0.0
900.0,361,0.0,0.0,0.0
900.0,362,0.0,0.0,0.0
900.0,363,0.0,0.0,0.0
900.0,364,0.0,0.0,0.0
900.0,365,0.0,0.0,0.0
900.0,366,0.0,0.0,0.0
900.0,367,0.0,0.0,0.0
900.0,368,0.0,0.0,0.0
900.0,369,0.0,0.0,0.0
900.0,370,0.0,0.0,0.0
900.0,371,0.0,0.0,0.0
900.0,372,0.0,0.0,0.0
900.0,373,0.0,0.0,0.0
900.0,374,0.0,0.0,0.0
900.0,375,0.0,0.0,0.0
900.0,376,0.0,0.0,0.0
900.0,377,0.0,0.0,0.0
900.0,378,0.0,0.0,0.0
900.0,379,0.0,0.0,0.0
900.0,380,0.0,0.0,0.0
900.0,381,12.809962600353627,20.0,0.6404981300176813
900.0,382,20.0,20.0,1.0
900.0,383,20.0,20.0,1.0
900.0,384,20.0,20.0,1.0
900.0,385,20.0,20.0,1.0
900.0,386,20.0,20.0,1.0
900.0,387,20.0,20.0,1.0
900.0,388,20.0,20.0,1.0
900.0,389,0.0,20.0,0.0
900.0,390,0.0,0.0,0.0
900.0,391,0.0,0.0,0.0
900.0,392,0.0,0.0,0.0
900.0,393,0.0,0.0,0.0
900.0,394,0.0,0.0,0.0
900.0,395,0.0,0.0,0.0
900.0,396,0.0,0.0,0.0
900.0,397,0.0,0.0,0.0
900.0,398,0.0,0.0,0.0
900.0,399,0.0,0.0,0.0
900.0,400,0.0,0.0,0.0
900.0,401,0.0,0.0,0.0
900.0,402,0.0,0.0,0.0
900.0,403,0.0,0.0,0.0
900.0,404,0.0,0.0,0.0
900.0,405,0.0,0.0,0.0
900.0,406,0.0,0.0,0.0
900.0,407,0.0,0.0,0.0
900.0,408,0.0,0.0,0.0
900.0,409,0.0,0.0,0.0
900.0,410,0.0,0.0,0.0
900.0,411,0.0,0.0,0.0
900.0,412,0.0,0.0,0.0
900.0,413,0.0,0.0,0.0
900.0,414,0.0,0.0,0.0
900.0,415,0.0,0.0,0.0
900.0,416,0.0,0.0,0.0
900.0,417,0.0,0.0,0.0
900.0,418,0.0,0.0,0.0
900.0,419,0.0,0.0,0.0
900.0,420,0.0,0.0,0.0
900.0,421,0.0,0.0,0.0
900.0,422,0.0,0.0,0.0
900.0,423,0.0,0.0,0.0
900.0,424,6.404981300176813,20.0,0.32024906500884065
900.0,425,20.0,20.0,1.0
900.0,426,20.0,20.0,1.0
900.0,427,20.0,20.0,1.0
900.0,428,20.0,20.0,1.0
900.0,429,20.0,20.0,1.0
900.0,430,20.0,20.0,1.0
900.0,431,0.0,20.0,0.0
900.0,432,0.0,0.0,0.0
900.0,433,0.0,0.0,0.0
900.0,434,0.0,0.0,0.0
900.0,435,0.0,0.0,0.0
900.0,436,0.0,0.0,0.0
900.0,437,0.0,0.0,0.0
900.0,438,0.0,0.0,0.0
900.0,439,0.0,0.0,0.0
900.0,440,0.0,0.0,0.0
900.0,441,0.0,0.0,0.0
900.0,442,0.0,0.0,0.0
900.0,443,0.0,0.0,0.0
900.0,444,0.0,0.0,0.0
900.0,445,0.0,0.0,0.0
900.0,446,0.0,0.0,0.0
900.0,447,0.0,0.0,0.0
900.0,448,0.0,0.0,0.0
900.0,449,0.0,0.0,0.0
900.0,450,0.0,0.0,0.0
900.0,451,0.0,0.0,0.0
900.0,452,0.0,0.0,0.0
900.0,453,0.0,0.0,0.0
900.0,454,0.0,0.0,0.0
900.0,455,0.0,0.0,0.0
900.0,456,0.0,0.0,0.0
900.0,457,0.0,0.0,0.0
900.0,458,0.0,0.0,0.0
900.0,459,0.0,0.0,0.0
900.0,460,0.0,0.0,0.0
900.0,461,0.0,0.0,0.0
900.0,462,0.0,0.0,0.0
900.0,463,0.0,0.0,0.0
900.0,464,0.0,0.0,0.0
900.0,465,0.0,0.0,0.0
900.0,466,0.0,0.0,0.0
900.0,467,6.404981300176813,20.0,0.32024906500884065
900.0,468,20.0,20.0,1.0
900.0,469,20.0,20.0,1.0
900.0,470,20.0,20.0,1.0
900.0,471,20.0,20.0,1.0
900.0,472,20.0,20.0,1.0
900.0,473,0.0,0.0,0.0
900.0,474,0.0,0.0,0.0
900.0,475,0.0,0.0,0.0
900.0,476,0.0,0.0,0.0
900.0,477,0.0,0.0,0.0
900.0,478,0.0,0.0,0.0
900.0,479,0.0,0.0,0.0
900.0,480,0.0,0.0,0.0
900.0,481,0.0,0.0,0.0
900.0,482,0.0,0.0,0.0
900.0,483,0.0,0.0,0.0
900.0,484,0.0,0.0,0.0
900.0,485,0.0,0.0,0.0
900.0,486,0.0,0.0,0.0
900.0,487,0.0,0.0,0.0
900.0,488,0.0,0.0,0.0
900.0,489,0.0,0.0,0.0
900.0,490,0.0,0.0,0.0
900.0,491,0.0,0.0,0.0
900.0,492,0.0,0.0,0.0
900.0,493,0.0,0.0,0.0
900.0,494,0.0,0.0,0.0
900.0,495,0.0,0.0,0.0
900.0,496,0.0,0.0,0.0
900.0,497,0.0,0.0,0.0
900.0,498,0.0,0.0,0.0
900.0,499,0.0,0.0,0.0
900.0,500,0.0,0.0,0.0
900.0,501,0.0,0.0,0.0
900.0,502,0.0,0.0,0.0
900.0,503,0.0,0.0,0.0
900.0,504,0.0,0.0,0.0
900.0,505,0.0,0.0,0.0
900.0,506,0.0,0.0,0.0
900.0,507,0.0,0.0,0.0
900.0,508,0.0,0.0,0.0
900.0,509,0.0,0.0,0.0
900.0,510,6.404981300176813,20.0,0.32024906500884065
900.0,511,20.0,20.0,1.0
900.0,512,20.0,20.0,1.0
900.0,513,20.0,20.0,1.0
900.0,514,6.677299114194693,20.0,0.3338649557097347
900.0,515,0.0,0.0,0.0
900.0,516,0.0,0.0,0.0
900.0,517,0.0,0.0,0.0
900.0,518,0.0,0.0,0.0
900.0,519,0.0,0.0,0.0
900.0,520,0.0,0.0,0.0
900.0,521,0.0,0.0,0.0
900.0,522,0.0,0.0,0.0
900.0,523,0.0,0.0,0.0
900.0,524,0.0,0.0,0.0
900.0,525,0.0,0.0,0.0
900.0,526,0.0,0.0,0.0
900.0,527,0.0,0.0,0.0
900.0,528,0.0,0.0,0.0
900.0,529,0.0,0.0,0.0
900.0,530,0.0,0.0,0.0
900.0,531,0.0,0.0,0.0
900.0,532,0.0,0.0,0.0
900.0,533,0.0,0.0,0.0
900.0,534,0.0,0.0,0.0
900.0,535,0.0,0.0,0.0
900.0,536,0.0,0.0,0.0
900.0,537,0.0,0.0,0.0
900.0,538,0.0,0.0,0.0
900.0,539,0.0,0.0,0.0
900.0,540,0.0,0.0,0.0
900.0,541,0.0,0.0,0.0
900.0,542,0.0,0.0,0.0
900.0,543,0.0,0.0,0.0
900.0,544,0.0,0.0,0.0
900.0,545,0.0,0.0,0.0
900.0,546,0.0,0.0,0.0
900.0,547,0.0,0.0,0.0
900.0,548,0.0,0.0,0.0
900.0,549,0.0,0.0,0.0
900.0,550,0.0,0.0,0.0
900.0,551,0.0,0.0,0.0
900.0,552,0.0,0.0,0.0
900.0,553,0.0,0.0,0.0
900.0,554,20.0,20.0,1.0
900.0,555,6.323077942383199,20.0,0.3161538971191599
900.0,556,0.0,0.0,0.0
900.0,557,0.0,0.0,0.0
900.0,558,0.0,0.0,0.0
900.0,559,0.0,0.0,0.0
900.0,560,0.0,0.0,0.0
900.0,561,0.0,0.0,0.0
900.0,562,0.0,0.0,0.0
900.0,563,0.0,0.0,0.0
900.0,564,0.0,0.0,0.0
900.0,565,0.0,0.0,0.0
900.0,566,0.0,0.0,0.0
900.0,567,0.0,0.0,0.0
900.0,568,0.0,0.0,0.0
900.0,569,0.0,0.0,0.0
900.0,570,0.0,0.0,0.0
900.0,571,0.0,0.0,0.0
900.0,572,0.0,0.0,0.0
900.0,573,0.0,0.0,0.0
900.0,574,0.0,0.0,0.0
900.0,575,0.0,0.0,0.0
900.0,576,0.0,0.0,0.0
900.0,577,0.0,0.0,0.0
900.0,578,0.0,0.0,0.0
900.0,579,0.0,0.0,0.0
900.0,580,0.0,0.0,0.0
900.0,581,0.0,0.0,0.0
900.0,582,0.0,0.0,0.0
900.0,583,0.0,0.0,0.0
900.0,584,0.0,0.0,0.0
900.0,585,0.0,0.0,0.0
900.0,586,0.0,0.0,0.0
900.0,587,0.0,0.0,0.0
900.0,588,0.0,0.0,0.0
900.0,589,0.0,0.0,0.0
900.0,590,0.0,0.0,0.0
900.0,591,0.0,0.0,0.0
900.0,592,0.0,0.0,0.0
900.0,593,0.0,0.0,0.0
900.0,594,0.0,0.0,0.0
900.0,595,0.0,0.0,0.0
900.0,596,0.0,0.0,0.0
900.0,597,0.0,0.0,0.0
900.0,598,0.0,0.0,0.0
900.0,599,0.0,0.0,0.0
900.0,600,0.0,0.0,0.0
900.0,601,0.0,0.0,0.0
900.0,602,0.0,0.0,0.0
900.0,603,0.0,0.0,0.0
900.0,604,0.0,0.0,0.0
900.0,605,0.0,0.0,0.0
900.0,606,0.0,0.0,0.0
900.0,607,0.0,0.0,0.0
900.0,608,0.0,0.0,0.0
900.0,609,0.0,0.0,0.0
900.0,610,0.0,0.0,0.0
900.0,611,0.0,0.0,0.0
900.0,612,0.0,0.0,0.0
900.0,613,0.0,0.0,0.0
900.0,614,0.0,0.0,0.0
900.0,615,0.0,0.0,0.0
900.0,616,0.0,0.0,0.0
900.0,617,0.0,0.0,0.0
900.0,618,0.0,0.0,0.0
900.0,619,0.0,0.0,0.0
900.0,620,0.0,0.0,0.0
900.0,621,0.0,0.0,0.0
900.0,622,0.0,0.0,0.0
900.0,623,0.0,0.0,0.0
900.0,624,0.0,0.0,0.0
900.0,625,0.0,0.0,0.0
900.0,626,0.0,0.0,0.0
900.0,627,0.0,0.0,0.0
900.0,628,0.0,0.0,0.0
900.0,629,0.0,0.0,0.0
900.0,630,0.0,0.0,0.0
900.0,631,0.0,0.0,0.0
900.0,632,0.0,0.0,0.0
900.0,633,0.0,0.0,0.0
900.0,634,0.0,0.0,0.0
900.0,635,0.0,0.0,0.0
900.0,636,0.0,0.0,0.0
900.0,637,0.0,0.0,0.0
900.0,638,0.0,0.0,0.0
900.0,639,0.0,0.0,0.0
900.0,640,0.0,0.0,0.0
900.0,641,0.0,0.0,0.0
900.0,642,0.0,0.0,0.0
900.0,643,0.0,0.0,0.0
900.0,644,0.0,0.0,0.0
900.0,645,0.0,0.0,0.0
900.0,646,0.0,0.0,0.0
900.0,647,0.0,0.0,0.0
900.0,648,0.0,0.0,0.0
900.0,649,0.0,0.0,0.0
900.0,650,0.0,0.0,0.0
900.0,651,0.0,0.0,0.0
900.0,652,0.0,0.0,0.0
900.0,653,0.0,0.0,0.0
900.0,654,0.0,0.0,0.0
900.0,655,0.0,0.0,0.0
900.0,656,0.0,0.0,0.0
900.0,657,0.0,0.0,0.0
900.0,658,0.0,0.0,0.0
900.0,659,0.0,0.0,0.0
900.0,660,0.0,0.0,0.0
900.0,661,0.0,0.0,0.0
900.0,662,0.0,0.0,0.0
900.0,663,0.0,0.0,0.0
900.0,664,0.0,0.0,0.0
900.0,665,0.0,0.0,0.0
900.0,666,0.0,0.0,0.0
900.0,667,0.0,0.0,0.0
900.0,668,0.0,0.0,0.0
900.0,669,0.0,0.0,0.0
900.0,670,0.0,0.0,0.0
900.0,671,0.0,0.0,0.0
900.0,672,0.0,0.0,0.0
900.0,673,0.0,0.0,0.0
900.0,674,0.0,0.0,0.0
900.0,675,0.0,0.0,0.0
900.0,676,0.0,0.0,0.0
900.0,677,0.0,0.0,0.0
900.0,678,0.0,0.0,0.0
900.0,679,0.0,0.0,0.0
900.0,680,0.0,0.0,0.0
900.0,681,0.0,0.0,0.0
900.0,682,0.0,0.0,0.0
900.0,683,0.0,0.0,0.0
900.0,684,0.0,0.0,0.0
900.0,685,0.0,0.0,0.0
900.0,686,0.0,0.0,0.0
900.0,687,0.0,0.0,0.0
900.0,688,0.0,0.0,0.0
900.0,689,0.0,0.0,0.0
900.0,690,0.0,0.0,0.0
900.0,691,0.0,0.0,0.0
900.0,692,0.0,0.0,0.0
900.0,693,0.0,0.0,0.0
900.0,694,0.0,0.0,0.0
900.0,695,0.0,0.0,0.0
900.0,696,0.0,0.0,0.0
900.0,697,0.0,0.0,0.0
900.0,698,0.0,0.0,0.0
900.0,699,0.0,0.0,0.0
900.0,700,0.0,0.0,0.0
900.0,701,0.0,0.0,0.0
900.0,702,0.0,0.0,0.0
900.0,703,0.0,0.0,0.0
900.0,704,0.0,0.0,0.0
900.0,705,0.0,0.0,0.0
900.0,706,0.0,0.0,0.0
900.0,707,0.0,0.0,0.0
900.0,708,0.0,0.0,0.0
900.0,709,0.0,0.0,0.0
900.0,710,0.0,0.0,0.0
900.0,711,0.0,0.0,0.0
900.0,712,0.0,0.0,0.0
900.0,713,0.0,0.0,0.0
900.0,714,0.0,0.0,0.0
900.0,715,0.0,0.0,0.0
900.0,716,0.0,0.0,0.0
900.0,717,0.0,0.0,0.0
900.0,718,0.0,0.0,0.0
900.0,719,0.0,0.0,0.0
900.0,720,0.0,0.0,0.0
900.0,721,0.0,0.0,0.0
900.0,722,0.0,0.0,0.0
900.0,723,0.0,0.0,0.0
900.0,724,0.0,0.0,0.0
900.0,725,0.0,0.0,0.0
900.0,726,0.0,0.0,0.0
900.0,727,0.0,0.0,0.0
900.0,728,0.0,0.0,0.0
900.0,729,0.0,0.0,0.0
900.0,730,0.0,0.0,0.0
900.0,731,0.0,0.0,0.0
900.0,732,0.0,0.0,0.0
900.0,733,0.0,0.0,0.0
900.0,734,0.0,0.0,0.0
900.0,735,0.0,0.0,0.0
900.0,736,0.0,0.0,0.0
900.0,737,0.0,0.0,0.0
900.0,738,0.0,0.0,0.0
900.0,739,0.0,0.0,0.0
900.0,740,0.0,0.0,0.0
900.0,741,0.0,0.0,0.0
900.0,742,0.0,0.0,0.0
900.0,743,0.0,0.0,0.0
900.0,744,0.0,0.0,0.0
900.0,745,0.0,0.0,0.0
900.0,746,0.0,0.0,0.0
900.0,747,0.0,0.0,0.0
900.0,748,0.0,0.0,0.0
900.0,749,0.0,0.0,0.0
900.0,750,0.0,0.0,0.0
900.0,751,0.0,0.0,0.0
900.0,752,0.0,0.0,0.0
900.0,753,0.0,0.0,0.0
900.0,754,0.0,0.0,0.0
900.0,755,0.0,0.0,0.0
900.0,756,0.0,0.0,0.0
900.0,757,0.0,0.0,0.0
900.0,758,0.0,0.0,0.0
900.0,759,0.0,0.0,0.0
900.0,760,0.0,0.0,0.0
900.0,761,0.0,0.0,0.0
900.0,762,0.0,0.0,0.0
900.0,763,0.0,0.0,0.0
900.0,764,0.0,0.0,0.0
900.0,765,0.0,0.0,0.0
900.0,766,0.0,0.0,0.0
900.0,767,0.0,0.0,0.0
900.0,768,0.0,0.0,0.0
900.0,769,0.0,0.0,0.0
900.0,770,0.0,0.0,0.0
900.0,771,0.0,0.0,0.0
900.0,772,0.0,0.0,0.0
900.0,773,0.0,0.0,0.0
900.0,774,0.0,0.0,0.0
900.0,775,0.0,0.0,0.0
900.0,776,0.0,0.0,0.0
900.0,777,0.0,0.0,0.0
900.0,778,0.0,0.0,0.0
900.0,779,0.0,0.0,0.0
900.0,780,0.0,0.0,0.0
900.0,781,0.0,0.0,0.0
900.0,782,0.0,0.0,0.0
900.0,783,0.0,0.0,0.0
900.0,784,0.0,0.0,0.0
900.0,785,0.0,0.0,0.0
900.0,786,0.0,0.0,0.0
900.0,787,0.0,0.0,0.0
900.0,788,0.0,0.0,0.0
900.0,789,0.0,0.0,0.0
900.0,790,0.0,0.0,0.0
900.0,791,0.0,0.0,0.0
900.0,792,0.0,0.0,0.0
900.0,793,0.0,0.0,0.0
900.0,794,0.0,0.0,0.0
900.0,795,0.0,0.0,0.0
900.0,796,0.0,0.0,0.0
900.0,797,0.0,0.0,0.0
900.0,798,0.0,0.0,0.0
900.0,799,0.0,0.0,0.0
900.0,800,0.0,0.0,0.0
900.0,801,0.0,0.0,0.0
900.0,802,0.0,0.0,0.0
900.0,803,0.0,0.0,0.0
900.0,804,0.0,0.0,0.0
900.0,805,0.0,0.0,0.0
900.0,806,0.0,0.0,0.0
900.0,807,0.0,0.0,0.0
900.0,808,0.0,0.0,0.0
900.0,809,0.0,0.0,0.0
900.0,810,0.0,0.0,0.0
900.0,811,0.0,0.0,0.0
900.0,812,0.0,0.0,0.0
900.0,813,0.0,0.0,0.0
900.0,814,0.0,0.0,0.0
900.0,815,0.0,0.0,0.0
900.0,816,0.0,0.0,0.0
900.0,817,0.0,0.0,0.0
900.0,818,0.0,0.0,0.0
900.0,819,0.0,0.0,0.0
900.0,820,0.0,0.0,0.0
900.0,821,0.0,0.0,0.0
900.0,822,0.0,0.0,0.0
900.0,823,0.0,0.0,0.0
900.0,824,0.0,0.0,0.0
900.0,825,0.0,0.0,0.0
900.0,826,0.0,0.0,0.0
900.0,827,0.0,0.0,0.0
900.0,828,0.0,0.0,0.0
900.0,829,0.0,0.0,0.0
900.0,830,0.0,0.0,0.0
900.0,831,0.0,0.0,0.0
900.0,832,0.0,0.0,0.0
900.0,833,0.0,0.0,0.0
900.0,834,0.0,0.0,0.0
900.0,835,0.0,0.0,0.0
900.0,836,0.0,0.0,0.0
900.0,837,0.0,0.0,0.0
900.0,838,0.0,0.0,0.0
900.0,839,0.0,0.0,0.0
900.0,840,0.0,0.0,0.0
900.0,841,0.0,0.0,0.0
900.0,842,0.0,0.0,0.0
900.0,843,0.0,0.0,0.0
900.0,844,0.0,0.0,0.0
900.0,845,0.0,0.0,0.0
900.0,846,0.0,0.0,0.0
900.0,847,0.0,0.0,0.0
900.0,848,0.0,0.0,0.0
900.0,849,0.0,0.0,0.0
900.0,850,0.0,0.0,0.0
900.0,851,0.0,0.0,0.0
900.0,852,0.0,0.0,0.0
900.0,853,0.0,0.0,0.0
900.0,854,0.0,0.0,0.0
900.0,855,0.0,0.0,0.0
900.0,856,0.0,0.0,0.0
900.0,857,0.0,0.0,0.0
900.0,858,0.0,0.0,0.0
900.0,859,0.0,0.0,0.0
900.0,860,0.0,0.0,0.0
900.0,861,0.0,0.0,0.0
900.0,862,0.0,0.0,0.0
900.0,863,0.0,0.0,0.0
900.0,864,0.0,0.0,0.0
900.0,865,0.0,0.0,0.0
900.0,866,0.0,0.0,0.0
900.0,867,0.0,0.0,0.0
900.0,868,0.0,0.0,0.0
900.0,869,0.0,0.0,0.0
900.0,870,0.0,0.0,0.0
900.0,871,0.0,0.0,0.0
900.0,872,0.0,0.0,0.0
900.0,873,0.0,0.0,0.0
900.0,874,0.0,0.0,0.0
900.0,875,0.0,0.0,0.0
900.0,876,0.0,0.0,0.0
900.0,877,0.0,0.0,0.0
900.0,878,0.0,0.0,0.0
900.0,879,0.0,0.0,0.0
900.0,880,0.0,0.0,0.0
900.0,881,0.0,0.0,0.0
900.0,882,0.0,0.0,0.0
900.0,883,0.0,0.0,0.0
900.0,884,0.0,0.0,0.0
900.0,885,0.0,0.0,0.0
900.0,886,0.0,0.0,0.0
900.0,887,0.0,0.0,0.0
900.0,888,0.0,0.0,0.0
900.0,889,0.0,0.0,0.0
900.0,890,0.0,0.0,0.0
900.0,891,0.0,0.0,0.0
900.0,892,0.0,0.0,0.0
900.0,893,0.0,0.0,0.0
900.0,894,0.0,0.0,0.0
900.0,895,0.0,0.0,0.0
900.0,896,0.0,0.0,0.0
900.0,897,0.0,0.0,0.0
900.0,898,0.0,0.0,0.0
900.0,899,0.0,0.0,0.0
900.0,900,0.0,0.0,0.0
900.0,901,0.0,0.0,0.0
900.0,902,0.0,0.0,0.0
900.0,903,0.0,0.0,0.0
900.0,904,0.0,0.0,0.0
900.0,905,0.0,0.0,0.0
900.0,906,0.0,0.0,0.0
900.0,907,0.0,0.0,0.0
900.0,908,0.0,0.0,0.0
900.0,909,0.0,0.0,0.0
900.0,910,0.0,0.0,0.0
900.0,911,0.0,0.0,0.0
900.0,912,0.0,0.0,0.0
900.0,913,0.0,0.0,0.0
900.0,914,0.0,0.0,0.0
900.0,915,0.0,0.0,0.0
900.0,916,0.0,0.0,0.0
900.0,917,0.0,0.0,0.0
900.0,918,0.0,0.0,0.0
900.0,919,0.0,0.0,0.0
900.0,920,0.0,0.0,0.0
900.0,921,0.0,0.0,0.0
900.0,922,0.0,0.0,0.0
900.0,923,0.0,0.0,0.0
900.0,924,0.0,0.0,0.0
900.0,925,0.0,0.0,0.0
900.0,926,0.0,0.0,0.0
900.0,927,0.0,0.0,0.0
900.0,928,0.0,0.0,0.0
900.0,929,0.0,0.0,0.0
900.0,930,0.0,0.0,0.0
900.0,931,0.0,0.0,0.0
900.0,932,0.0,0.0,0.0
900.0,933,0.0,0.0,0.0
900.0,934,0.0,0.0,0.0
900.0,935,0.0,0.0,0.0
900.0,936,0.0,0.0,0.0
900.0,937,0.0,0.0,0.0
900.0,938,0.0,0.0,0.0
900.0,939,0.0,0.0,0.0
900.0,940,0.0,0.0,0.0
900.0,941,0.0,0.0,0.0
900.0,942,0.0,0.0,0.0
900.0,943,0.0,0.0,0.0
900.0,944,0.0,0.0,0.0
900.0,945,0.0,0.0,0.0
900.0,946,0.0,0.0,0.0
900.0,947,0.0,0.0,0.0
900.0,948,0.0,0.0,0.0
900.0,949,0.0,0.0,0.0
900.0,950,0.0,0.0,0.0
900.0,951,0.0,0.0,0.0
900.0,952,0.0,0.0,0.0
900.0,953,0.0,0.0,0.0
900.0,954,0.0,0.0,0.0
900.0,955,0.0,0.0,0.0
900.0,956,0.0,0.0,0.0
900.0,957,0.0,0.0,0.0
900.0,958,0.0,0.0,0.0
900.0,959,0.0,0.0,0.0
900.0,960,0.0,0.0,0.0
900.0,961,0.0,0.0,0.0
900.0,962,0.0,0.0,0.0
900.0,963,0.0,0.0,0.0
900.0,964,0.0,0.0,0.0
900.0,965,0.0,0.0,0.0
900.0,966,0.0,0.0,0.0
900.0,967,0.0,0.0,0.0
900.0,968,0.0,0.0,0.0
900.0,969,0.0,0.0,0.0
900.0,970,0.0,0.0,0.0
900.0,971,0.0,0.0,0.0
900.0,972,0.0,0.0,0.0
900.0,973,0.0,0.0,0.0
900.0,974,0.0,0.0,0.0
900.0,975,0.0,0.0,0.0
900.0,976,0.0,0.0,0.0
900.0,977,0.0,0.0,0.0
900.0,978,0.0,0.0,0.0
900.0,979,0.0,0.0,0.0
900.0,980,0.0,0.0,0.0
900.0,981,0.0,0.0,0.0
900.0,982,0.0,0.0,0.0
900.0,983,0.0,0.0,0.0
900.0,984,0.0,0.0,0.0
900.0,985,0.0,0.0,0.0
900.0,986,0.0,0.0,0.0
900.0,987,0.0,0.0,0.0
900.0,988,0.0,0.0,0.0
900.0,989,0.0,0.0,0.0
900.0,990,0.0,0.0,0.0
900.0,991,0.0,0.0,0.0
900.0,992,0.0,0.0,0.0
900.0,993,0.0,0.0,0.0
900.0,994,0.0,0.0,0.0
900.0,995,0.0,0.0,0.0
900.0,996,0.0,0.0,0.0
900.0,997,0.0,0.0,0.0
900.0,998,0.0,0.0,0.0
900.0,999,0.0,0.0,0.0
900.0,1000,0.0,0.0,0.0
900.0,1001,0.0,0.0,0.0
900.0,1002,0.0,0.0,0.0
900.0,1003,0.0,0.0,0.0
900.0,1004,0.0,0.0,0.0
900.0,1005,0.0,0.0,0.0
900.0,1006,0.0,0.0,0.0
900.0,1007,0.0,0.0,0.0
900.0,1008,0.0,0.0,0.0
900.0,1009,0.0,0.0,0.0
900.0,1010,0.0,0.0,0.0
900.0,1011,0.0,0.0,0.0
900.0,1012,0.0,0.0,0.0
900.0,1013,0.0,0.0,0.0
900.0,1014,0.0,0.0,0.0
900.0,1015,0.0,0.0,0.0
900.0,1016,0.0,0.0,0.0
900.0,1017,0.0,0.0,0.0
900.0,1018,0.0,0.0,0.0
900.0,1019,0.0,0.0,0.0
900.0,1020,0.0,0.0,0.0
900.0,1021,0.0,0.0,0.0
900.0,1022,0.0,0.0,0.0
900.0,1023,0.0,0.0,0.0
900.0,1024,0.0,0.0,0.0
900.0,1025,0.0,0.0,0.0
900.0,1026,0.0,0.0,0.0
900.0,1027,0.0,0.0,0.0
900.0,1028,0.0,0.0,0.0
900.0,1029,0.0,0.0,0.0
900.0,1030,0.0,0.0,0.0
900.0,1031,0.0,0.0,0.0
900.0,1032,0.0,0.0,0.0
900.0,1033,0.0,0.0,0.0
900.0,1034,0.0,0.0,0.0
900.0,1035,0.0,0.0,0.0
900.0,1036,0.0,0.0,0.0
900.0,1037,0.0,0.0,0.0
900.0,1038,0.0,0.0,0.0
900.0,1039,0.0,0.0,0.0
900.0,1040,0.0,0.0,0.0
900.0,1041,0.0,0.0,0.0
900.0,1042,0.0,0.0,0.0
900.0,1043,0.0,0.0,0.0
900.0,1044,0.0,0.0,0.0
900.0,1045,0.0,0.0,0.0
900.0,1046,0.0,0.0,0.0
900.0,1047,0.0,0.0,0.0
900.0,1048,0.0,0.0,0.0
900.0,1049,0.0,0.0,0.0
900.0,1050,0.0,0.0,0.0
900.0,1051,0.0,0.0,0.0
900.0,1052,0.0,0.0,0.0
900.0,1053,0.0,0.0,0.0
900.0,1054,0.0,0.0,0.0
900.0,1055,0.0,0.0,0.0
900.0,1056,0.0,0.0,0.0
900.0,1057,0.0,0.0,0.0
900.0,1058,0.0,0.0,0.0
900.0,1059,0.0,0.0,0.0
900.0,1060,0.0,0.0,0.0
900.0,1061,0.0,0.0,0.0
900.0,1062,0.0,0.0,0.0
900.0,1063,0.0,0.0,0.0
900.0,1064,0.0,0.0,0.0
900.0,1065,0.0,0.0,0.0
900.0,1066,0.0,0.0,0.0
900.0,1067,0.0,0.0,0.0
900.0,1068,0.0,0.0,0.0
900.0,1069,0.0,0.0,0.0
900.0,1070,0.0,0.0,0.0
900.0,1071,0.0,0.0,0.0
900.0,1072,0.0,0.0,0.0
900.0,1073,0.0,0.0,0.0
900.0,1074,0.0,0.0,0.0
900.0,1075,0.0,0.0,0.0
900.0,1076,0.0,0.0,0.0
900.0,1077,0.0,0.0,0.0
900.0,1078,0.0,0.0,0.0
900.0,1079,0.0,0.0,0.0
900.0,1080,0.0,0.0,0.0
900.0,1081,0.0,0.0,0.0
900.0,1082,0.0,0.0,0.0
900.0,1083,0.0,0.0,0.0
900.0,1084,0.0,0.0,0.0
900.0,1085,0.0,0.0,0.0
900.0,1086,0.0,0.0,0.0
900.0,1087,0.0,0.0,0.0
900.0,1088,0.0,0.0,0.0
900.0,1089,0.0,0.0,0.0
900.0,1090,0.0,0.0,0.0
900.0,1091,0.0,20.0,0.0
900.0,1092,0.0,0.0,0.0
900.0,1093,0.0,0.0,0.0
900.0,1094,0.0,0.0,0.0
900.0,1095,0.0,0.0,0.0
900.0,1096,0.0,0.0,0.0
900.0,1097,0.0,0.0,0.0
900.0,1098,0.0,0.0,0.0
900.0,1099,0.0,0.0,0.0
900.0,1100,0.0,0.0,0.0
900.0,1101,0.0,0.0,0.0
900.0,1102,0.0,0.0,0.0
900.0,1103,0.0,0.0,0.0
900.0,1104,0.0,0.0,0.0
900.0,1105,0.0,0.0,0.0
900.0,1106,0.0,0.0,0.0
900.0,1107,0.0,0.0,0.0
900.0,1108,0.0,0.0,0.0
900.0,1109,0.0,0.0,0.0
900.0,1110,0.0,0.0,0.0
900.0,1111,0.0,0.0,0.0
900.0,1112,0.0,0.0,0.0
900.0,1113,0.0,0.0,0.0
900.0,1114,0.0,0.0,0.0
900.0,1115,0.0,0.0,0.0
900.0,1116,0.0,0.0,0.0
900.0,1117,0.0,0.0,0.0
900.0,1118,0.0,0.0,0.0
900.0,1119,0.0,0.0,0.0
900.0,1120,0.0,0.0,0.0
900.0,1121,0.0,0.0,0.0
900.0,1122,0.0,0.0,0.0
900.0,1123,0.0,0.0,0.0
900.0,1124,0.0,0.0,0.0
900.0,1125,0.0,0.0,0.0
900.0,1126,0.0,0.0,0.0
900.0,1127,0.0,0.0,0.0
900.0,1128,0.0,0.0,0.0
900.0,1129,0.0,0.0,0.0
900.0,1130,0.0,0.0,0.0
900.0,1131,0.0,0.0,0.0
900.0,1132,2.2103316217426023,20.0,0.11051658108713011
900.0,1133,20.0,20.0,1.0
900.0,1134,20.0,20.0,1.0
900.0,1135,0.0,0.0,0.0
900.0,1136,0.0,0.0,0.0
900.0,1137,0.0,0.0,0.0
900.0,1138,0.0,0.0,0.0
900.0,1139,0.0,0.0,0.0
900.0,1140,0.0,0.0,0.0
900.0,1141,0.0,0.0,0.0
900.0,1142,0.0,0.0,0.0
900.0,1143,0.0,0.0,0.0
900.0,1144,0.0,0.0,0.0
900.0,1145,0.0,0.0,0.0
900.0,1146,0.0,0.0,0.0
900.0,1147,0.0,0.0,0.0
900.0,1148,0.0,0.0,0.0
900.0,1149,0.0,0.0,0.0
900.0,1150,0.0,0.0,0.0
900.0,1151,0.0,0.0,0.0
900.0,1152,0.0,0.0,0.0
900.0,1153,0.0,0.0,0.0
900.0,1154,0.0,0.0,0.0
900.0,1155,0.0,0.0,0.0
900.0,1156,0.0,0.0,0.0
900.0,1157,0.0,0.0,0.0
900.0,1158,0.0,0.0,0.0
900.0,1159,0.0,0.0,0.0
900.0,1160,0.0,0.0,0.0
900.0,1161,0.0,0.0,0.0
900.0,1162,0.0,0.0,0.0
900.0,1163,0.0,0.0,0.0
900.0,1164,0.0,0.0,0.0
900.0,1165,0.0,0.0,0.0
900.0,1166,0.0,0.0,0.0
900.0,1167,0.0,0.0,0.0
900.0,1168,0.0,0.0,0.0
900.0,1169,0.0,0.0,0.0
900.0,1170,0.0,0.0,0.0
900.0,1171,0.0,0.0,0.0
900.0,1172,0.0,0.0,0.0
900.0,1173,0.0,20.0,0.0
900.0,1174,13.021122045177755,20.0,0.6510561022588878
900.0,1175,20.0,20.0,1.0
900.0,1176,20.0,20.0,1.0
900.0,1177,19.182725872215048,20.0,0.9591362936107524
900.0,1178,0.0,0.0,0.0
900.0,1179,0.0,0.0,0.0
900.0,1180,0.0,0.0,0.0
900.0,1181,0.0,0.0,0.0
900.0,1182,0.0,0.0,0.0
900.0,1183,0.0,0.0,0.0
900.0,1184,0.0,0.0,0.0
900.0,1185,0.0,0.0,0.0
900.0,1186,0.0,0.0,0.0
900.0,1187,0.0,0.0,0.0
900.0,1188,0.0,0.0,0.0
900.0,1189,0.0,0.0,0.0
900.0,1190,0.0,0.0,0.0
900.0,1191,0.0,0.0,0.0
900.0,1192,0.0,0.0,0.0
900.0,1193,0.0,0.0,0.0
900.0,1194,0.0,0.0,0.0
900.0,1195,0.0,0.0,0.0
900.0,1196,0.0,0.0,0.0
900.0,1197,0.0,0.0,0.0
900.0,1198,0.0,0.0,0.0
900.0,1199,0.0,0.0,0.0
900.0,1200,0.0,0.0,0.0
900.0,1201,0.0,0.0,0.0
900.0,1202,0.0,0.0,0.0
900.0,1203,0.0,0.0,0.0
900.0,1204,0.0,0.0,0.0
900.0,1205,0.0,0.0,0.0
900.0,1206,0.0,0.0,0.0
900.0,1207,0.0,0.0,0.0
900.0,1208,0.0,0.0,0.0
900.0,1209,0.0,0.0,0.0
900.0,1210,0.0,0.0,0.0
900.0,1211,0.0,0.0,0.0
900.0,1212,0.0,0.0,0.0
900.0,1213,0.0,0.0,0.0
900.0,1214,0.0,0.0,0.0
900.0,1215,1.9991027435088613,20.0,0.09995513717544306
900.0,1216,20.000000000000004,20.0,1.0000000000000002
900.0,1217,20.000000000000004,20.0,1.0000000000000002
900.0,1218,20.0,20.0,1.0
900.0,1219,20.0,20.0,1.0
900.0,1220,20.0,20.0,1.0
900.0,1221,0.0,0.0,0.0
900.0,1222,0.0,0.0,0.0
900.0,1223,0.0,0.0,0.0
900.0,1224,0.0,0.0,0.0
900.0,1225,0.0,0.0,0.0
900.0,1226,0.0,0.0,0.0
900.0,1227,0.0,0.0,0.0
900.0,1228,0.0,0.0,0.0
900.0,1229,0.0,0.0,0.0
900.0,1230,0.0,0.0,0.0
900.0,1231,0.0,0.0,0.0
900.0,1232,0.0,0.0,0.0
900.0,1233,0.0,0.0,0.0
900.0,1234,0.0,0.0,0.0
900.0,1235,0.0,0.0,0.0
900.0,1236,0.0,0.0,0.0
900.0,1237,0.0,0.0,0.0
900.0,1238,0.0,0.0,0.0
900.0,1239,0.0,0.0,0.0
900.0,1240,0.0,0.0,0.0
900.0,1241,0.0,0.0,0.0
900.0,1242,0.0,0.0,0.0
900.0,1243,0.0,0.0,0.0
900.0,1244,0.0,0.0,0.0
900.0,1245,0.0,0.0,0.0
900.0,1246,0.0,0.0,0.0
900.0,1247,0.0,0.0,0.0
900.0,1248,0.0,0.0,0.0
900.0,1249,0.0,0.0,0.0
900.0,1250,0.0,0.0,0.0
900.0,1251,0.0,0.0,0.0
900.0,1252,0.0,0.0,0.0
900.0,1253,0.0,0.0,0.0
900.0,1254,0.0,0.0,0.0
900.0,1255,0.0,0.0,0.0
900.0,1256,0.0,20.0,0.0
900.0,1257,7.486849120133483,20.0,0.37434245600667415
900.0,1258,20.0,20.0,1.0
900.0,1259,20.0,20.0,1.0
900.0,1260,20.0,20.0,1.0
900.0,1261,20.0,20.0,1.0
900.0,1262,20.0,20.0,1.0
900.0,1263,20.0,20.0,1.0
900.0,1264,0.0,0.0,0.0
900.0,1265,0.0,0.0,0.0
900.0,1266,0.0,0.0,0.0
900.0,1267,0.0,0.0,0.0
900.0,1268,0.0,0.0,0.0
900.0,1269,0.0,0.0,0.0
900.0,1270,0.0,0.0,0.0
900.0,1271,0.0,0.0,0.0
900.0,1272,0.0,0.0,0.0
900.0,1273,0.0,0.0,0.0
900.0,1274,0.0,0.0,0.0
900.0,1275,0.0,0.0,0.0
900.0,1276,0.0,0.0,0.0
900.0,1277,0.0,0.0,0.0
900.0,1278,0.0,0.0,0.0
900.0,1279,0.0,0.0,0.0
900.0,1280,0.0,0.0,0.0
900.0,1281,0.0,0.0,0.0
900.0,1282,0.0,0.0,0.0
900.0,1283,0.0,0.0,0.0
900.0,1284,0.0,0.0,0.0
900.0,1285,0.0,0.0,0.0
900.0,1286,0.0,0.0,0.0
900.0,1287,0.0,0.0,0.0
900.0,1288,0.0,0.0,0.0
900.0,1289,0.0,0.0,0.0
900.0,1290,0.0,0.0,0.0
900.0,1291,0.0,0.0,0.0
900.0,1292,0.0,0.0,0.0
900.0,1293,0.0,0.0,0.0
900.0,1294,0.0,0.0,0.0
900.0,1295,0.0,0.0,0.0
900.0,1296,0.0,0.0,0.0
900.0,1297,0.0,0.0,0.0
900.0,1298,0.0,20.0,0.0
900.0,1299,4.695745382430141,20.0,0.23478726912150708
900.0,1300,14.467307977789138,20.0,0.723365398889457
900.0,1301,19.999999999999996,20.0,0.9999999999999998
900.0,1302,20.0,20.0,1.0
900.0,1303,20.000000000000004,20.0,1.0000000000000002
900.0,1304,20.0,20.0,1.0
900.0,1305,20.0,20.0,1.0
900.0,1306,20.0,20.0,1.0
900.0,1307,0.0,0.0,0.0
900.0,1308,0.0,0.0,0.0
900.0,1309,0.0,0.0,0.0
900.0,1310,0.0,0.0,0.0
900.0,1311,0.0,0.0,0.0
900.0,1312,0.0,0.0,0.0
900.0,1313,0.0,0.0,0.0
900.0,1314,0.0,0.0,0.0
900.0,1315,0.0,0.0,0.0
900.0,1316,0.0,0.0,0.0
900.0,1317,0.0,0.0,0.0
900.0,1318,0.0,0.0,0.0
900.0,1319,0.0,0.0,0.0
900.0,1320,0.0,0.0,0.0
900.0,1321,0.0,0.0,0.0
900.0,1322,0.0,0.0,0.0
900.0,1323,0.0,0.0,0.0
900.0,1324,0.0,0.0,0.0
900.0,1325,0.0,0.0,0.0
900.0,1326,0.0,0.0,0.0
900.0,1327,0.0,0.0,0.0
900.0,1328,0.0,0.0,0.0
900.0,1329,0.0,0.0,0.0
900.0,1330,0.0,0.0,0.0
900.0,1331,0.0,0.0,0.0
900.0,1332,0.0,0.0,0.0
900.0,1333,0.0,0.0,0.0
900.0,1334,0.0,0.0,0.0
900.0,1335,0.0,0.0,0.0
900.0,1336,0.0,0.0,0.0
900.0,1337,0.0,0.0,0.0
900.0,1338,0.0,0.0,0.0
900.0,1339,0.0,0.0,0.0
900.0,1340,0.0,16.01199144064681,0.0
900.0,1341,0.0,20.0,0.0
900.0,1342,0.0,20.0,0.0
900.0,1343,19.127170373133325,20.0,0.9563585186566662
900.0,1344,20.0,20.0,1.0
900.0,1345,20.0,20.0,1.0
900.0,1346,20.0,20.0,1.0
900.0,1347,20.0,20.0,1.0
900.0,1348,20.0,20.0,1.0
900.0,1349,20.0,20.0,1.0
900.0,1350,0.0,0.0,0.0
900.0,1351,0.0,0.0,0.0
900.0,1352,0.0,0.0,0.0
900.0,1353,0.0,0.0,0.0
900.0,1354,0.0,0.0,0.0
900.0,1355,0.0,0.0,0.0
900.0,1356,0.0,0.0,0.0
900.0,1357,0.0,0.0,0.0
900.0,1358,0.0,0.0,0.0
900.0,1359,0.0,0.0,0.0
900.0,1360,0.0,0.0,0.0
900.0,1361,0.0,0.0,0.0
900.0,1362,0.0,0.0,0.0
900.0,1363,0.0,0.0,0.0
900.0,1364,0.0,0.0,0.0
900.0,1365,0.0,0.0,0.0
900.0,1366,0.0,0.0,0.0
900.0,1367,0.0,0.0,0.0
900.0,1368,0.0,0.0,0.0
900.0,1369,0.0,0.0,0.0
900.0,1370,0.0,0.0,0.0
900.0,1371,0.0,0.0,0.0
900.0,1372,0.0,0.0,0.0
900.0,1373,0.0,0.0,0.0
900.0,1374,0.0,0.0,0.0
900.0,1375,0.0,0.0,0.0
900.0,1376,0.0,0.0,0.0
900.0,1377,0.0,0.0,0.0
900.0,1378,0.0,0.0,0.0
900.0,1379,0.0,0.0,0.0
900.0,1380,0.0,0.0,0.0
900.0,1381,0.0,0.0,0.0
900.0,1382,0.0,0.0,0.0
900.0,1383,3.8640265439100157,20.0,0.1932013271955008
900.0,1384,0.0,20.0,0.0
900.0,1385,0.0,20.0,0.0
900.0,1386,20.0,20.0,1.0
900.0,1387,20.0,20.0,1.0
900.0,1388,20.0,20.0,1.0
900.0,1389,20.0,20.0,1.0
900.0,1390,16.913388355726074,20.0,0.8456694177863037
900.0,1391,0.0,0.0,0.0
900.0,1392,0.0,0.0,0.0
900.0,1393,0.0,0.0,0.0
900.0,1394,0.0,0.0,0.0
900.0,1395,0.0,0.0,0.0
900.0,1396,0.0,0.0,0.0
900.0,1397,0.0,0.0,0.0
900.0,1398,0.0,0.0,0.0
900.0,1399,0.0,0.0,0.0
900.0,1400,0.0,0.0,0.0
900.0,1401,0.0,0.0,0.0
900.0,1402,0.0,0.0,0.0
900.0,1403,0.0,0.0,0.0
900.0,1404,0.0,0.0,0.0
900.0,1405,0.0,0.0,0.0
900.0,1406,0.0,0.0,0.0
900.0,1407,0.0,0.0,0.0
900.0,1408,0.0,0.0,0.0
900.0,1409,0.0,0.0,0.0
900.0,1410,0.0,0.0,0.0
900.0,1411,0.0,0.0,0.0
900.0,1412,0.0,0.0,0.0
900.0,1413,0.0,0.0,0.0
900.0,1414,0.0,0.0,0.0
900.0,1415,0.0,0.0,0.0
900.0,1416,0.0,0.0,0.0
900.0,1417,0.0,0.0,0.0
900.0,1418,0.0,0.0,0.0
900.0,1419,0.0,0.0,0.0
900.0,1420,0.0,0.0,0.0
900.0,1421,0.0,0.0,0.0
900.0,1422,0.0,0.0,0.0
900.0,1423,0.0,0.0,0.0
900.0,1424,0.0,0.0,0.0
900.0,1425,0.0,20.0,0.0
900.0,1426,12.029262697994497,20.0,0.6014631348997248
900.0,1427,0.0,20.0,0.0
900.0,1428,0.0,20.0,0.0
900.0,1429,20.0,20.0,1.0
900.0,1430,20.0,20.0,1.0
900.0,1431,20.0,20.0,1.0
900.0,1432,0.0,0.0,0.0
900.0,1433,0.0,0.0,0.0
900.0,1434,0.0,0.0,0.0
900.0,1435,0.0,0.0,0.0
900.0,1436,0.0,0.0,0.0
900.0,1437,0.0,0.0,0.0
900.0,1438,0.0,0.0,0.0
900.0,1439,0.0,0.0,0.0
900.0,1440,0.0,0.0,0.0
900.0,1441,0.0,0.0,0.0
900.0,1442,0.0,0.0,0.0
900.0,1443,0.0,0.0,0.0
900.0,1444,0.0,0.0,0.0
900.0,1445,0.0,0.0,0.0
900.0,1446,0.0,0.0,0.0
900.0,1447,0.0,0.0,0.0
900.0,1448,0.0,0.0,0.0
900.0,1449,0.0,0.0,0.0
900.0,1450,0.0,0.0,0.0
900.0,1451,0.0,0.0,0.0
900.0,1452,0.0,0.0,0.0
900.0,1453,0.0,0.0,0.0
900.0,1454,0.0,0.0,0.0
900.0,1455,0.0,0.0,0.0
900.0,1456,0.0,0.0,0.0
900.0,1457,0.0,0.0,0.0
900.0,1458,0.0,0.0,0.0
900.0,1459,0.0,0.0,0.0
900.0,1460,0.0,0.0,0.0
900.0,1461,0.0,0.0,0.0
900.0,1462,0.0,0.0,0.0
900.0,1463,0.0,0.0,0.0
900.0,1464,0.0,0.0,0.0
900.0,1465,0.0,0.0,0.0
900.0,1466,0.0,0.0,0.0
900.0,1467,0.0,20.0,0.0
900.0,1468,12.029262697994497,20.0,0.6014631348997248
900.0,1469,0.0,20.0,0.0
900.0,1470,0.0,20.0,0.0
900.0,1471,17.661165198292842,20.0,0.8830582599146422
900.0,1472,20.0,20.0,1.0
900.0,1473,0.0,20.0,0.0
900.0,1474,0.0,0.0,0.0
900.0,1475,0.0,0.0,0.0
900.0,1476,0.0,0.0,0.0
900.0,1477,0.0,0.0,0.0
900.0,1478,0.0,0.0,0.0
900.0,1479,0.0,0.0,0.0
900.0,1480,0.0,0.0,0.0
900.0,1481,0.0,0.0,0.0
900.0,1482,0.0,0.0,0.0
900.0,1483,0.0,0.0,0.0
900.0,1484,0.0,0.0,0.0
900.0,1485,0.0,0.0,0.0
900.0,1486,0.0,0.0,0.0
900.0,1487,0.0,0.0,0.0
900.0,1488,0.0,0.0,0.0
900.0,1489,0.0,0.0,0.0
900.0,1490,0.0,0.0,0.0
900.0,1491,0.0,0.0,0.0
900.0,1492,0.0,0.0,0.0
900.0,1493,0.0,0.0,0.0
900.0,1494,0.0,0.0,0.0
900.0,1495,0.0,0.0,0.0
1800.0,0,0.0,20.0,0.0
1800.0,1,15.425114452244738,20.0,0.771255722612237
1800.0,2,0.0,0.0,0.0
1800.0,3,0.0,0.0,0.0
1800.0,4,0.0,0.0,0.0
1800.0,5,0.0,0.0,0.0
1800.0,6,0.0,0.0,0.0
1800.0,7,0.0,0.0,0.0
1800.0,8,0.0,0.0,0.0
1800.0,9,0.0,0.0,0.0
1800.0,10,0.0,0.0,0.0
1800.0,11,0.0,0.0,0.0
1800.0,12,0.0,0.0,0.0
1800.0,13,0.0,0.0,0.0
1800.0,14,0.0,0.0,0.0
1800.0,15,0.0,0.0,0.0
1800.0,16,0.0,0.0,0.0
1800.0,17,0.0,0.0,0.0
1800.0,18,0.0,0.0,0.0
1800.0,19,0.0,0.0,0.0
1800.0,20,0.0,0.0,0.0
1800.0,21,0.0,0.0,0.0
1800.0,22,0.0,0.0,0.0
1800.0,23,0.0,0.0,0.0
1800.0,24,0.0,0.0,0.0
1800.0,25,0.0,0.0,0.0
1800.0,26,0.0,0.0,0.0
1800.0,27,0.0,0.0,0.0
1800.0,28,0.0,0.0,0.0
1800.0,29,0.0,0.0,0.0
1800.0,30,0.0,0.0,0.0
1800.0,31,0.0,0.0,0.0
1800.0,32,0.0,0.0,0.0
1800.0,33,0.0,0.0,0.0
1800.0,34,0.0,0.0,0.0
1800.0,35,0.0,0.0,0.0
1800.0,36,0.0,0.0,0.0
1800.0,37,0.0,0.0,0.0
1800.0,38,0.0,0.0,0.0
1800.0,39,0.0,0.0,0.0
1800.0,40,0.0,20.0,0.0
1800.0,41,7.032691658564744,20.0,0.3516345829282372
1800.0,42,19.051466125547538,20.0,0.9525733062773769
1800.0,43,0.0,20.0,0.0
1800.0,44,0.0,0.0,0.0
1800.0,45,0.0,0.0,0.0
1800.0,46,0.0,0.0,0.0
1800.0,47,0.0,0.0,0.0
1800.0,48,0.0,0.0,0.0
1800.0,49,0.0,0.0,0.0
1800.0,50,0.0,0.0,0.0
1800.0,51,0.0,0.0,0.0
1800.0,52,0.0,0.0,0.0
1800.0,53,0.0,0.0,0.0
1800.0,54,0.0,0.0,0.0
1800.0,55,0.0,0.0,0.0
1800.0,56,0.0,0.0,0.0
1800.0,57,0.0,0.0,0.0
1800.0,58,0.0,0.0,0.0
1800.0,59,0.0,0.0,0.0
1800.0,60,0.0,0.0,0.0
1800.0,61,0.0,0.0,0.0
1800.0,62,0.0,0.0,0.0
1800.0,63,0.0,0.0,0.0
1800.0,64,0.0,0.0,0.0
1800.0,65,0.0,0.0,0.0
1800.0,66,0.0,0.0,0.0
1800.0,67,0.0,0.0,0.0
1800.0,68,0.0,0.0,0.0
1800.0,69,0.0,0.0,0.0
1800.0,70,0.0,0.0,0.0
1800.0,71,0.0,0.0,0.0
1800.0,72,0.0,0.0,0.0
1800.0,73,0.0,0.0,0.0
1800.0,74,0.0,0.0,0.0
1800.0,75,0.0,0.0,0.0
1800.0,76,0.0,0.0,0.0
1800.0,77,0.0,0.0,0.0
1800.0,78,0.0,0.0,0.0
1800.0,79,0.0,0.0,0.0
1800.0,80,0.0,0.0,0.0
1800.0,81,0.0,0.0,0.0
1800.0,82,0.0,20.0,0.0
1800.0,83,0.0,20.0,0.0
1800.0,84,0.0,20.0,0.0
1800.0,85,7.640794091563141,20.0,0.38203970457815706
1800.0,86,0.0,20.0,0.0
1800.0,87,4.5899227206125115,20.0,0.22949613603062557
1800.0,88,0.0,0.0,0.0
1800.0,89,0.0,0.0,0.0
1800.0,90,0.0,0.0,0.0
1800.0,91,0.0,0.0,0.0
1800.0,92,0.0,0.0,0.0
1800.0,93,0.0,0.0,0.0
1800.0,94,0.0,0.0,0.0
1800.0,95,0.0,0.0,0.0
1800.0,96,0.0,0.0,0.0
1800.0,97,0.0,0.0,0.0
1800.0,98,0.0,0.0,0.0
1800.0,99,0.0,0.0,0.0
1800.0,100,0.0,0.0,0.0
1800.0,101,0.0,0.0,0.0
1800.0,102,0.0,0.0,0.0
1800.0,103,0.0,0.0,0.0
1800.0,104,0.0,0.0,0.0
1800.0,105,0.0,0.0,0.0
1800.0,106,0.0,0.0,0.0
1800.0,107,0.0,0.0,0.0
1800.0,108,0.0,0.0,0.0
1800.0,109,0.0,0.0,0.0
1800.0,110,0.0,0.0,0.0
1800.0,111,0.0,0.0,0.0
1800.0,112,0.0,0.0,0.0
1800.0,113,0.0,0.0,0.0
1800.0,114,0.0,0.0,0.0
1800.0,115,0.0,0.0,0.0
1800.0,116,0.0,0.0,0.0
1800.0,117,0.0,0.0,0.0
1800.0,118,0.0,0.0,0.0
1800.0,119,0.0,0.0,0.0
1800.0,120,0.0,0.0,0.0
1800.0,121,0.0,0.0,0.0
1800.0,122,0.0,0.0,0.0
1800.0,123,0.0,0.0,0.0
1800.0,124,0.0,20.0,0.0
1800.0,125,3.7769473816239807,20.0,0.18884736908119903
1800.0,126,0.0,20.0,0.0
1800.0,127,7.640794091563141,20.0,0.38203970457815706
1800.0,128,3.8638467099391605,20.0,0.19319233549695802
1800.0,129,0.0,20.0,0.0
1800.0,130,0.0,0.0,0.0
1800.0,131,0.0,0.0,0.0
1800.0,132,0.0,0.0,0.0
1800.0,133,0.0,0.0,0.0
1800.0,134,0.0,0.0,0.0
1800.0,135,0.0,0.0,0.0
1800.0,136,0.0,0.0,0.0
1800.0,137,0.0,0.0,0.0
1800.0,138,0.0,0.0,0.0
1800.0,139,0.0,0.0,0.0
1800.0,140,0.0,0.0,0.0
1800.0,141,0.0,0.0,0.0
1800.0,142,0.0,0.0,0.0
1800.0,143,0.0,0.0,0.0
1800.0,144,0.0,0.0,0.0
1800.0,145,0.0,0.0,0.0
1800.0,146,0.0,0.0,0.0
1800.0,147,0.0,0.0,0.0
1800.0,148,0.0,0.0,0.0
1800.0,149,0.0,0.0,0.0
1800.0,150,0.0,0.0,0.0
1800.0,151,0.0,0.0,0.0
1800.0,152,0.0,0.0,0.0
1800.0,153,0.0,0.0,0.0
1800.0,154,0.0,0.0,0.0
1800.0,155,0.0,0.0,0.0
1800.0,156,0.0,0.0,0.0
1800.0,157,0.0,0.0,0.0
1800.0,158,0.0,0.0,0.0
1800.0,159,0.0,0.0,0.0
1800.0,160,0.0,0.0,0.0
1800.0,161,0.0,0.0,0.0
1800.0,162,0.0,0.0,0.0
1800.0,163,0.0,0.0,0.0
1800.0,164,0.0,0.0,0.0
1800.0,165,0.0,0.0,0.0
1800.0,166,0.0,20.0,0.0
1800.0,167,4.252247004488602,20.0,0.2126123502244301
1800.0,168,3.8638467099391605,20.0,0.19319233549695802
1800.0,169,11.758172914641186,20.0,0.5879086457320593
1800.0,170,15.535120296265166,20.0,0.7767560148132583
1800.0,171,0.0,20.0,0.0
1800.0,172,0.0,0.0,0.0
1800.0,173,0.0,0.0,0.0
1800.0,174,0.0,0.0,0.0
1800.0,175,0.0,0.0,0.0
1800.0,176,0.0,0.0,0.0
1800.0,177,0.0,0.0,0.0
1800.0,178,0.0,0.0,0.0
1800.0,179,0.0,0.0,0.0
1800.0,180,0.0,0.0,0.0
1800.0,181,0.0,0.0,0.0
1800.0,182,0.0,0.0,0.0
1800.0,183,0.0,0.0,0.0
1800.0,184,0.0,0.0,0.0
1800.0,185,0.0,0.0,0.0
1800.0,186,0.0,0.0,0.0
1800.0,187,0.0,0.0,0.0
1800.0,188,0.0,0.0,0.0
1800.0,189,0.0,0.0,0.0
1800.0,190,0.0,0.0,0.0
1800.0,191,0.0,0.0,0.0
1800.0,192,0.0,0.0,0.0
1800.0,193,0.0,0.0,0.0
1800.0,194,0.0,0.0,0.0
1800.0,195,0.0,0.0,0.0
1800.0,196,0.0,0.0,0.0
1800.0,197,0.0,0.0,0.0
1800.0,198,0.0,0.0,0.0
1800.0,199,0.0,0.0,0.0
1800.0,200,0.0,0.0,0.0
1800.0,201,0.0,0.0,0.0
1800.0,202,0.0,0.0,0.0
1800.0,203,0.0,0.0,0.0
1800.0,204,0.0,0.0,0.0
1800.0,205,0.0,0.0,0.0
1800.0,206,0.0,0.0,0.0
1800.0,207,0.0,16.831913503745632,0.0
1800.0,208,9.771643557888089,20.0,0.48858217789440445
1800.0,209,20.0,20.0,1.0
1800.0,210,0.0,20.0,0.0
1800.0,211,0.0,20.0,0.0
1800.0,212,11.504640801502301,20.0,0.5752320400751151
1800.0,213,11.758172914641186,20.0,0.5879086457320593
1800.0,214,0.0,0.0,0.0
1800.0,215,0.0,0.0,0.0
1800.0,216,0.0,0.0,0.0
1800.0,217,0.0,0.0,0.0
1800.0,218,0.0,0.0,0.0
1800.0,219,0.0,0.0,0.0
1800.0,220,0.0,0.0,0.0
1800.0,221,0.0,0.0,0.0
1800.0,222,0.0,0.0,0.0
1800.0,223,0.0,0.0,0.0
1800.0,224,0.0,0.0,0.0
1800.0,225,0.0,0.0,0.0
1800.0,226,0.0,0.0,0.0
1800.0,227,0.0,0.0,0.0
1800.0,228,0.0,0.0,0.0
1800.0,229,0.0,0.0,0.0
1800.0,230,0.0,0.0,0.0
1800.0,231,0.0,0.0,0.0
1800.0,232,0.0,0.0,0.0
1800.0,233,0.0,0.0,0.0
1800.0,234,0.0,0.0,0.0
1800.0,235,0.0,0.0,0.0
1800.0,236,0.0,0.0,0.0
1800.0,237,0.0,0.0,0.0
1800.0,238,0.0,0.0,0.0
1800.0,239,0.0,0.0,0.0
1800.0,240,0.0,0.0,0.0
1800.0,241,0.0,0.0,0.0
1800.0,242,0.0,0.0,0.0
1800.0,243,0.0,0.0,0.0
1800.0,244,0.0,0.0,0.0
1800.0,245,0.0,0.0,0.0
1800.0,246,0.0,0.0,0.0
1800.0,247,0.0,0.0,0.0
1800.0,248,0.0,0.0,0.0
1800.0,249,14.7351257418266,20.0,0.73675628709133
1800.0,250,20.0,20.0,1.0
1800.0,251,20.0,20.0,1.0
1800.0,252,20.0,20.0,1.0
1800.0,253,0.0,20.0,0.0
1800.0,254,4.117378823078045,20.0,0.20586894115390225
1800.0,255,15.535120296265166,20.0,0.7767560148132583
1800.0,256,0.0,20.0,0.0
1800.0,257,0.0,0.0,0.0
1800.0,258,0.0,0.0,0.0
1800.0,259,0.0,0.0,0.0
1800.0,260,0.0,0.0,0.0
1800.0,261,0.0,0.0,0.0
1800.0,262,0.0,0.0,0.0
1800.0,263,0.0,0.0,0.0
1800.0,264,0.0,0.0,0.0
1800.0,265,0.0,0.0,0.0
1800.0,266,0.0,0.0,0.0
1800.0,267,0.0,0.0,0.0
1800.0,268,0.0,0.0,0.0
1800.0,269,0.0,0.0,0.0
1800.0,270,0.0,0.0,0.0
1800.0,271,0.0,0.0,0.0
1800.0,272,0.0,0.0,0.0
1800.0,273,0.0,0.0,0.0
1800.0,274,0.0,0.0,0.0
1800.0,275,0.0,0.0,0.0
1800.0,276,0.0,0.0,0.0
1800.0,277,0.0,0.0,0.0
1800.0,278,0.0,0.0,0.0
1800.0,279,0.0,0.0,0.0
1800.0,280,0.0,0.0,0.0
1800.0,281,0.0,0.0,0.0
1800.0,282,0.0,0.0,0.0
1800.0,283,0.0,0.0,0.0
1800.0,284,0.0,0.0,0.0
1800.0,285,0.0,0.0,0.0
1800.0,286,0.0,0.0,0.0
1800.0,287,0.0,0.0,0.0
1800.0,288,0.0,0.0,0.0
1800.0,289,0.0,0.0,0.0
1800.0,290,8.289824305319952,20.0,0.4144912152659976
1800.0,291,20.0,20.0,1.0
1800.0,292,20.0,20.0,1.0
1800.0,293,19.999999999999996,20.0,0.9999999999999998
1800.0,294,20.0,20.0,1.0
1800.0,295,1.2715625081058635,20.0,0.06357812540529317
1800.0,296,20.0,20.0,1.0
1800.0,297,15.083402269168724,20.0,0.7541701134584362
1800.0,298,0.0,20.0,0.0
1800.0,299,0.0,0.0,0.0
1800.0,300,0.0,0.0,0.0
1800.0,301,0.0,0.0,0.0
1800.0,302,0.0,0.0,0.0
1800.0,303,0.0,0.0,0.0
1800.0,304,0.0,0.0,0.0
1800.0,305,0.0,0.0,0.0
1800.0,306,0.0,0.0,0.0
1800.0,307,0.0,0.0,0.0
1800.0,308,0.0,0.0,0.0
1800.0,309,0.0,0.0,0.0
1800.0,310,0.0,0.0,0.0
1800.0,311,0.0,0.0,0.0
1800.0,312,0.0,0.0,0.0
1800.0,313,0.0,0.0,0.0
1800.0,314,0.0,0.0,0.0
1800.0,315,0.0,0.0,0.0
1800.0,316,0.0,0.0,0.0
1800.0,317,0.0,0.0,0.0
1800.0,318,0.0,0.0,0.0
1800.0,319,0.0,0.0,0.0
1800.0,320,0.0,0.0,0.0
1800.0,321,0.0,0.0,0.0
1800.0,322,0.0,0.0,0.0
1800.0,323,0.0,0.0,0.0
1800.0,324,0.0,0.0,0.0
1800.0,325,0.0,0.0,0.0
1800.0,326,0.0,0.0,0.0
1800.0,327,0.0,0.0,0.0
1800.0,328,0.0,0.0,0.0
1800.0,329,0.0,0.0,0.0
1800.0,330,0.0,0.0,0.0
1800.0,331,0.0,0.0,0.0
1800.0,332,20.0,20.0,1.0
1800.0,333,20.0,20.0,1.0
1800.0,334,20.0,20.0,1.0
1800.0,335,19.999999999999996,20.0,0.9999999999999998
1800.0,336,20.0,20.0,1.0
1800.0,337,20.0,20.0,1.0
1800.0,338,13.204864511247631,20.0,0.6602432255623816
1800.0,339,20.0,20.0,1.0
1800.0,340,8.719250974116733,20.0,0.4359625487058366
1800.0,341,0.0,0.0,0.0
1800.0,342,0.0,0.0,0.0
1800.0,343,0.0,0.0,0.0
1800.0,344,0.0,0.0,0.0
1800.0,345,0.0,0.0,0.0
1800.0,346,0.0,0.0,0.0
1800.0,347,0.0,0.0,0.0
1800.0,348,0.0,0.0,0.0
1800.0,349,0.0,0.0,0.0
1800.0,350,0.0,0.0,0.0
1800.0,351,0.0,0.0,0.0
1800.0,352,0.0,0.0,0.0
1800.0,353,0.0,0.0,0.0
1800.0,354,0.0,0.0,0.0
1800.0,355,0.0,0.0,0.0
1800.0,356,0.0,0.0,0.0
1800.0,357,0.0,0.0,0.0
1800.0,358,0.0,0.0,0.0
1800.0,359,0.0,0.0,0.0
1800.0,360,0.0,0.0,0.0
1800.0,361,0.0,0.0,0.0
1800.0,362,0.0,0.0,0.0
1800.0,363,0.0,0.0,0.0
1800.0,364,0.0,0.0,0.0
1800.0,365,0.0,0.0,0.0
1800.0,366,0.0,0.0,0.0
1800.0,367,0.0,0.0,0.0
1800.0,368,0.0,0.0,0.0
1800.0,369,0.0,0.0,0.0
1800.0,370,0.0,0.0,0.0
1800.0,371,0.0,0.0,0.0
1800.0,372,0.0,0.0,0.0
1800.0,373,0.0,0.0,0.0
1800.0,374,0.0,20.0,0.0
1800.0,375,20.0,20.0,1.0
1800.0,376,20.0,20.0,1.0
1800.0,377,20.0,20.0,1.0
1800.0,378,20.0,20.0,1.0
1800.0,379,19.487598362857874,20.0,0.9743799181428937
1800.0,380,15.418137665965318,20.0,0.770906883298266
1800.0,381,4.5899227206125115,20.0,0.22949613603062557
1800.0,382,4.5899227206125115,20.0,0.22949613603062557
1800.0,383,0.0,0.0,0.0
1800.0,384,0.0,0.0,0.0
1800.0,385,0.0,0.0,0.0
1800.0,386,0.0,0.0,0.0
1800.0,387,0.0,0.0,0.0
1800.0,388,0.0,0.0,0.0
1800.0,389,0.0,0.0,0.0
1800.0,390,0.0,0.0,0.0
1800.0,391,0.0,0.0,0.0
1800.0,392,0.0,0.0,0.0
1800.0,393,0.0,0.0,0.0
1800.0,394,0.0,0.0,0.0
1800.0,395,0.0,0.0,0.0
1800.0,396,0.0,0.0,0.0
1800.0,397,0.0,0.0,0.0
1800.0,398,0.0,0.0,0.0
1800.0,399,0.0,0.0,0.0
1800.0,400,0.0,0.0,0.0
1800.0,401,0.0,0.0,0.0
1800.0,402,0.0,0.0,0.0
1800.0,403,0.0,0.0,0.0
1800.0,404,0.0,0.0,0.0
1800.0,405,0.0,0.0,0.0
1800.0,406,0.0,0.0,0.0
1800.0,407,0.0,0.0,0.0
1800.0,408,0.0,0.0,0.0
1800.0,409,0.0,0.0,0.0
1800.0,410,0.0,0.0,0.0
1800.0,411,0.0,0.0,0.0
1800.0,412,0.0,0.0,0.0
1800.0,413,0.0,0.0,0.0
1800.0,414,0.0,0.0,0.0
1800.0,415,0.0,0.0,0.0
1800.0,416,0.0,0.0,0.0
1800.0,417,0.0,0.0,0.0
1800.0,418,20.0,20.0,1.0
1800.0,419,20.0,20.0,1.0
1800.0,420,20.0,20.0,1.0
1800.0,421,19.999999999999996,20.0,0.9999999999999998
1800.0,422,18.303819088970243,20.0,0.9151909544485122
1800.0,423,10.215158065141093,20.0,0.5107579032570546
1800.0,424,0.0,20.0,0.0
1800.0,425,0.0,0.0,0.0
1800.0,426,0.0,0.0,0.0
1800.0,427,0.0,0.0,0.0
1800.0,428,0.0,0.0,0.0
1800.0,429,0.0,0.0,0.0
1800.0,430,0.0,0.0,0.0
1800.0,431,0.0,0.0,0.0
1800.0,432,0.0,0.0,0.0
1800.0,433,0.0,0.0,0.0
1800.0,434,0.0,0.0,0.0
1800.0,435,0.0,0.0,0.0
1800.0,436,0.0,0.0,0.0
1800.0,437,0.0,0.0,0.0
1800.0,438,0.0,0.0,0.0
1800.0,439,0.0,0.0,0.0
1800.0,440,0.0,0.0,0.0
1800.0,441,0.0,0.0,0.0
1800.0,442,0.0,0.0,0.0
1800.0,443,0.0,0.0,0.0
1800.0,444,0.0,0.0,0.0
1800.0,445,0.0,0.0,0.0
1800.0,446,0.0,0.0,0.0
1800.0,447,0.0,0.0,0.0
1800.0,448,0.0,0.0,0.0
1800.0,449,0.0,0.0,0.0
1800.0,450,0.0,0.0,0.0
1800.0,451,0.0,0.0,0.0
1800.0,452,0.0,0.0,0.0
1800.0,453,0.0,0.0,0.0
1800.0,454,0.0,0.0,0.0
1800.0,455,0.0,0.0,0.0
1800.0,456,0.0,0.0,0.0
1800.0,457,0.0,0.0,0.0
1800.0,458,0.0,0.0,0.0
1800.0,459,0.0,0.0,0.0
1800.0,460,0.0,0.0,0.0
1800.0,461,20.0,20.0,1.0
1800.0,462,20.0,20.0,1.0
1800.0,463,20.0,20.0,1.0
1800.0,464,20.0,20.0,1.0
1800.0,465,18.303819088970243,20.0,0.9151909544485122
1800.0,466,0.0,20.0,0.0
1800.0,467,0.0,0.0,0.0
1800.0,468,0.0,0.0,0.0
1800.0,469,0.0,0.0,0.0
1800.0,470,0.0,0.0,0.0
1800.0,471,0.0,0.0,0.0
1800.0,472,0.0,0.0,0.0
1800.0,473,0.0,0.0,0.0
1800.0,474,0.0,0.0,0.0
1800.0,475,0.0,0.0,0.0
1800.0,476,0.0,0.0,0.0
1800.0,477,0.0,0.0,0.0
1800.0,478,0.0,0.0,0.0
1800.0,479,0.0,0.0,0.0
1800.0,480,0.0,0.0,0.0
1800.0,481,0.0,0.0,0.0
1800.0,482,0.0,0.0,0.0
1800.0,483,0.0,0.0,0.0
1800.0,484,0.0,0.0,0.0
1800.0,485,0.0,0.0,0.0
1800.0,486,0.0,0.0,0.0
1800.0,487,0.0,0.0,0.0
1800.0,488,0.0,0.0,0.0
1800.0,489,0.0,0.0,0.0
1800.0,490,0.0,0.0,0.0
1800.0,491,0.0,0.0,0.0
1800.0,492,0.0,0.0,0.0
1800.0,493,0.0,0.0,0.0
1800.0,494,0.0,0.0,0.0
1800.0,495,0.0,0.0,0.0
1800.0,496,0.0,0.0,0.0
1800.0,497,0.0,0.0,0.0
1800.0,498,0.0,0.0,0.0
1800.0,499,0.0,0.0,0.0
1800.0,500,0.0,0.0,0.0
1800.0,501,0.0,0.0,0.0
1800.0,502,0.0,0.0,0.0
1800.0,503,0.0,0.0,0.0
1800.0,504,20.0,20.0,1.0
1800.0,505,20.0,20.0,1.0
1800.0,506,19.999999999999996,20.0,0.9999999999999998
1800.0,507,8.701642645428901,20.0,0.43508213227144504
1800.0,508,0.0,0.0,0.0
1800.0,509,0.0,0.0,0.0
1800.0,510,0.0,0.0,0.0
1800.0,511,0.0,0.0,0.0
1800.0,512,0.0,0.0,0.0
1800.0,513,0.0,0.0,0.0
1800.0,514,0.0,0.0,0.0
1800.0,515,0.0,0.0,0.0
1800.0,516,0.0,0.0,0.0
1800.0,517,0.0,0.0,0.0
1800.0,518,0.0,0.0,0.0
1800.0,519,0.0,0.0,0.0
1800.0,520,0.0,0.0,0.0
1800.0,521,0.0,0.0,0.0
1800.0,522,0.0,0.0,0.0
1800.0,523,0.0,0.0,0.0
1800.0,524,0.0,0.0,0.0
1800.0,525,0.0,0.0,0.0
1800.0,526,0.0,0.0,0.0
1800.0,527,0.0,0.0,0.0
1800.0,528,0.0,0.0,0.0
1800.0,529,0.0,0.0,0.0
1800.0,530,0.0,0.0,0.0
1800.0,531,0.0,0.0,0.0
1800.0,532,0.0,0.0,0.0
1800.0,533,0.0,0.0,0.0
1800.0,534,0.0,0.0,0.0
1800.0,535,0.0,0.0,0.0
1800.0,536,0.0,0.0,0.0
1800.0,537,0.0,0.0,0.0
1800.0,538,0.0,0.0,0.0
1800.0,539,0.0,0.0,0.0
1800.0,540,0.0,0.0,0.0
1800.0,541,0.0,0.0,0.0
1800.0,542,0.0,0.0,0.0
1800.0,543,0.0,0.0,0.0
1800.0,544,0.0,0.0,0.0
1800.0,545,0.0,0.0,0.0
1800.0,546,0.0,0.0,0.0
1800.0,547,20.0,20.0,1.0
1800.0,548,20.0,20.0,1.0
1800.0,549,5.093750909211334,20.0,0.2546875454605667
1800.0,550,0.0,0.0,0.0
1800.0,551,0.0,0.0,0.0
1800.0,552,0.0,0.0,0.0
1800.0,553,0.0,0.0,0.0
1800.0,554,0.0,0.0,0.0
1800.0,555,0.0,0.0,0.0
1800.0,556,0.0,0.0,0.0
1800.0,557,0.0,0.0,0.0
1800.0,558,0.0,0.0,0.0
1800.0,559,0.0,0.0,0.0
1800.0,560,0.0,0.0,0.0
1800.0,561,0.0,0.0,0.0
1800.0,562,0.0,0.0,0.0
1800.0,563,0.0,0.0,0.0
1800.0,564,0.0,0.0,0.0
1800.0,565,0.0,0.0,0.0
1800.0,566,0.0,0.0,0.0
1800.0,567,0.0,0.0,0.0
1800.0,568,0.0,0.0,0.0
1800.0,569,0.0,0.0,0.0
1800.0,570,0.0,0.0,0.0
1800.0,571,0.0,0.0,0.0
1800.0,572,0.0,0.0,0.0
1800.0,573,0.0,0.0,0.0
1800.0,574,0.0,0.0,0.0
1800.0,575,0.0,0.0,0.0
1800.0,576,0.0,0.0,0.0
1800.0,577,0.0,0.0,0.0
1800.0,578,0.0,0.0,0.0
1800.0,579,0.0,0.0,0.0
1800.0,580,0.0,0.0,0.0
1800.0,581,0.0,0.0,0.0
1800.0,582,0.0,0.0,0.0
1800.0,583,0.0,0.0,0.0
1800.0,584,0.0,0.0,0.0
1800.0,585,0.0,0.0,0.0
1800.0,586,0.0,0.0,0.0
1800.0,587,0.0,0.0,0.0
1800.0,588,0.0,0.0,0.0
1800.0,589,0.0,0.0,0.0
1800.0,590,9.233960792860799,20.0,0.46169803964303996
1800.0,591,0.0,0.0,0.0
1800.0,592,0.0,0.0,0.0
1800.0,593,0.0,0.0,0.0
1800.0,594,0.0,0.0,0.0
1800.0,595,0.0,0.0,0.0
1800.0,596,0.0,0.0,0.0
1800.0,597,0.0,0.0,0.0
1800.0,598,0.0,0.0,0.0
1800.0,599,0.0,0.0,0.0
1800.0,600,0.0,0.0,0.0
1800.0,601,0.0,0.0,0.0
1800.0,602,0.0,0.0,0.0
1800.0,603,0.0,0.0,0.0
1800.0,604,0.0,0.0,0.0
1800.0,605,0.0,0.0,0.0
1800.0,606,0.0,0.0,0.0
1800.0,607,0.0,0.0,0.0
1800.0,608,0.0,0.0,0.0
1800.0,609,0.0,0.0,0.0
1800.0,610,0.0,0.0,0.0
1800.0,611,0.0,0.0,0.0
1800.0,612,0.0,0.0,0.0
1800.0,613,0.0,0.0,0.0
1800.0,614,0.0,0.0,0.0
1800.0,615,0.0,0.0,0.0
1800.0,616,0.0,0.0,0.0
1800.0,617,0.0,0.0,0.0
1800.0,618,0.0,0.0,0.0
1800.0,619,0.0,0.0,0.0
1800.0,620,0.0,0.0,0.0
1800.0,621,0.0,0.0,0.0
1800.0,622,0.0,0.0,0.0
1800.0,623,0.0,0.0,0.0
1800.0,624,0.0,0.0,0.0
1800.0,625,0.0,0.0,0.0
1800.0,626,0.0,0.0,0.0
1800.0,627,0.0,0.0,0.0
1800.0,628,0.0,0.0,0.0
1800.0,629,0.0,0.0,0.0
1800.0,630,0.0,0.0,0.0
1800.0,631,0.0,0.0,0.0
1800.0,632,0.0,0.0,0.0
1800.0,633,0.0,0.0,0.0
1800.0,634,0.0,0.0,0.0
1800.0,635,0.0,0.0,0.0
1800.0,636,0.0,0.0,0.0
1800.0,637,0.0,0.0,0.0
1800.0,638,0.0,0.0,0.0
1800.0,639,0.0,0.0,0.0
1800.0,640,0.0,0.0,0.0
1800.0,641,0.0,0.0,0.0
1800.0,642,0.0,0.0,0.0
1800.0,643,0.0,0.0,0.0
1800.0,644,0.0,0.0,0.0
1800.0,645,0.0,0.0,0.0
1800.0,646,0.0,0.0,0.0
1800.0,647,0.0,0.0,0.0
1800.0,648,0.0,0.0,0.0
1800.0,649,0.0,0.0,0.0
1800.0,650,0.0,0.0,0.0
1800.0,651,0.0,0.0,0.0
1800.0,652,0.0,0.0,0.0
1800.0,653,0.0,0.0,0.0
1800.0,654,0.0,0.0,0.0
1800.0,655,0.0,0.0,0.0
1800.0,656,0.0,0.0,0.0
1800.0,657,0.0,0.0,0.0
1800.0,658,0.0,0.0,0.0
1800.0,659,0.0,0.0,0.0
1800.0,660,0.0,0.0,0.0
1800.0,661,0.0,0.0,0.0
1800.0,662,0.0,0.0,0.0
1800.0,663,0.0,0.0,0.0
1800.0,664,0.0,0.0,0.0
1800.0,665,0.0,0.0,0.0
1800.0,666,0.0,0.0,0.0
1800.0,667,0.0,0.0,0.0
1800.0,668,0.0,0.0,0.0
1800.0,669,0.0,0.0,0.0
1800.0,670,0.0,0.0,0.0
1800.0,671,0.0,0.0,0.0
1800.0,672,0.0,0.0,0.0
1800.0,673,0.0,0.0,0.0
1800.0,674,0.0,0.0,0.0
1800.0,675,0.0,0.0,0.0
1800.0,676,0.0,0.0,0.0
1800.0,677,0.0,0.0,0.0
1800.0,678,0.0,0.0,0.0
1800.0,679,0.0,0.0,0.0
1800.0,680,0.0,0.0,0.0
1800.0,681,0.0,0.0,0.0
1800.0,682,0.0,0.0,0.0
1800.0,683,0.0,0.0,0.0
1800.0,684,0.0,0.0,0.0
1800.0,685,0.0,0.0,0.0
1800.0,686,0.0,0.0,0.0
1800.0,687,0.0,0.0,0.0
1800.0,688,0.0,0.0,0.0
1800.0,689,0.0,0.0,0.0
1800.0,690,0.0,0.0,0.0
1800.0,691,0.0,0.0,0.0
1800.0,692,0.0,0.0,0.0
1800.0,693,0.0,0.0,0.0
1800.0,694,0.0,0.0,0.0
1800.0,695,0.0,0.0,0.0
1800.0,696,0.0,0.0,0.0
1800.0,697,0.0,0.0,0.0
1800.0,698,0.0,0.0,0.0
1800.0,699,0.0,0.0,0.0
1800.0,700,0.0,0.0,0.0
1800.0,701,0.0,0.0,0.0
1800.0,702,0.0,0.0,0.0
1800.0,703,0.0,0.0,0.0
1800.0,704,0.0,0.0,0.0
1800.0,705,0.0,0.0,0.0
1800.0,706,0.0,0.0,0.0
1800.0,707,0.0,0.0,0.0
1800.0,708,0.0,0.0,0.0
1800.0,709,0.0,0.0,0.0
1800.0,710,0.0,0.0,0.0
1800.0,711,0.0,0.0,0.0
1800.0,712,0.0,0.0,0.0
1800.0,713,0.0,0.0,0.0
1800.0,714,0.0,0.0,0.0
1800.0,715,0.0,0.0,0.0
1800.0,716,0.0,0.0,0.0
1800.0,717,0.0,0.0,0.0
1800.0,718,0.0,0.0,0.0
1800.0,719,0.0,0.0,0.0
1800.0,720,0.0,0.0,0.0
1800.0,721,0.0,0.0,0.0
1800.0,722,0.0,0.0,0.0
1800.0,723,0.0,0.0,0.0
1800.0,724,0.0,0.0,0.0
1800.0,725,0.0,0.0,0.0
1800.0,726,0.0,0.0,0.0
1800.0,727,0.0,0.0,0.0
1800.0,728,0.0,0.0,0.0
1800.0,729,0.0,0.0,0.0
1800.0,730,0.0,0.0,0.0
1800.0,731,0.0,0.0,0.0
1800.0,732,0.0,0.0,0.0
1800.0,733,0.0,0.0,0.0
1800.0,734,0.0,0.0,0.0
1800.0,735,0.0,0.0,0.0
1800.0,736,0.0,0.0,0.0
1800.0,737,0.0,0.0,0.0
1800.0,738,0.0,0.0,0.0
1800.0,739,0.0,0.0,0.0
1800.0,740,0.0,0.0,0.0
1800.0,741,0.0,0.0,0.0
1800.0,742,0.0,0.0,0.0
1800.0,743,0.0,0.0,0.0
1800.0,744,0.0,0.0,0.0
1800.0,745,0.0,0.0,0.0
1800.0,746,0.0,0.0,0.0
1800.0,747,0.0,0.0,0.0
1800.0,748,0.0,0.0,0.0
1800.0,749,0.0,0.0,0.0
1800.0,750,0.0,0.0,0.0
1800.0,751,0.0,0.0,0.0
1800.0,752,0.0,0.0,0.0
1800.0,753,0.0,0.0,0.0
1800.0,754,0.0,0.0,0.0
1800.0,755,0.0,0.0,0.0
1800.0,756,0.0,0.0,0.0
1800.0,757,0.0,0.0,0.0
1800.0,758,0.0,0.0,0.0
1800.0,759,0.0,0.0,0.0
1800.0,760,0.0,0.0,0.0
1800.0,761,0.0,0.0,0.0
1800.0,762,0.0,0.0,0.0
1800.0,763,0.0,0.0,0.0
1800.0,764,0.0,0.0,0.0
1800.0,765,0.0,0.0,0.0
1800.0,766,0.0,0.0,0.0
1800.0,767,0.0,0.0,0.0
1800.0,768,0.0,0.0,0.0
1800.0,769,0.0,0.0,0.0
1800.0,770,0.0,0.0,0.0
1800.0,771,0.0,0.0,0.0
1800.0,772,0.0,0.0,0.0
1800.0,773,0.0,0.0,0.0
1800.0,774,0.0,0.0,0.0
1800.0,775,0.0,0.0,0.0
1800.0,776,0.0,0.0,0.0
1800.0,777,0.0,0.0,0.0
1800.0,778,0.0,0.0,0.0
1800.0,779,0.0,0.0,0.0
1800.0,780,0.0,0.0,0.0
1800.0,781,0.0,0.0,0.0
1800.0,782,0.0,0.0,0.0
1800.0,783,0.0,0.0,0.0
1800.0,784,0.0,0.0,0.0
1800.0,785,0.0,0.0,0.0
1800.0,786,0.0,0.0,0.0
1800.0,787,0.0,0.0,0.0
1800.0,788,0.0,0.0,0.0
1800.0,789,0.0,0.0,0.0
1800.0,790,0.0,0.0,0.0
1800.0,791,0.0,0.0,0.0
1800.0,792,0.0,0.0,0.0
1800.0,793,0.0,0.0,0.0
1800.0,794,0.0,0.0,0.0
1800.0,795,0.0,0.0,0.0
1800.0,796,0.0,0.0,0.0
1800.0,797,0.0,0.0,0.0
1800.0,798,0.0,0.0,0.0
1800.0,799,0.0,0.0,0.0
1800.0,800,0.0,0.0,0.0
1800.0,801,0.0,0.0,0.0
1800.0,802,0.0,0.0,0.0
1800.0,803,0.0,0.0,0.0
1800.0,804,0.0,0.0,0.0
1800.0,805,0.0,0.0,0.0
1800.0,806,0.0,0.0,0.0
1800.0,807,0.0,0.0,0.0
1800.0,808,0.0,0.0,0.0
1800.0,809,0.0,0.0,0.0
1800.0,810,0.0,0.0,0.0
1800.0,811,0.0,0.0,0.0
1800.0,812,0.0,0.0,0.0
1800.0,813,0.0,0.0,0.0
1800.0,814,0.0,0.0,0.0
1800.0,815,0.0,0.0,0.0
1800.0,816,0.0,0.0,0.0
1800.0,817,0.0,0.0,0.0
1800.0,818,0.0,0.0,0.0
1800.0,819,0.0,0.0,0.0
1800.0,820,0.0,0.0,0.0
1800.0,821,0.0,0.0,0.0
1800.0,822,0.0,0.0,0.0
1800.0,823,0.0,0.0,0.0
1800.0,824,0.0,0.0,0.0
1800.0,825,0.0,0.0,0.0
1800.0,826,0.0,0.0,0.0
1800.0,827,0.0,0.0,0.0
1800.0,828,0.0,0.0,0.0
1800.0,829,0.0,0.0,0.0
1800.0,830,0.0,0.0,0.0
1800.0,831,0.0,0.0,0.0
1800.0,832,0.0,0.0,0.0
1800.0,833,0.0,0.0,0.0
1800.0,834,0.0,0.0,0.0
1800.0,835,0.0,0.0,0.0
1800.0,836,0.0,0.0,0.0
1800.0,837,0.0,0.0,0.0
1800.0,838,0.0,0.0,0.0
1800.0,839,0.0,0.0,0.0
1800.0,840,0.0,0.0,0.0
1800.0,841,0.0,0.0,0.0
1800.0,842,0.0,0.0,0.0
1800.0,843,0.0,0.0,0.0
1800.0,844,0.0,0.0,0.0
1800.0,845,0.0,0.0,0.0
1800.0,846,0.0,0.0,0.0
1800.0,847,0.0,0.0,0.0
1800.0,848,0.0,0.0,0.0
1800.0,849,0.0,0.0,0.0
1800.0,850,0.0,0.0,0.0
1800.0,851,0.0,0.0,0.0
1800.0,852,0.0,0.0,0.0
1800.0,853,0.0,0.0,0.0
1800.0,854,0.0,0.0,0.0
1800.0,855,0.0,0.0,0.0
1800.0,856,0.0,0.0,0.0
1800.0,857,0.0,0.0,0.0
1800.0,858,0.0,0.0,0.0
1800.0,859,0.0,0.0,0.0
1800.0,860,0.0,0.0,0.0
1800.0,861,0.0,0.0,0.0
1800.0,862,0.0,0.0,0.0
1800.0,863,0.0,0.0,0.0
1800.0,864,0.0,0.0,0.0
1800.0,865,0.0,0.0,0.0
1800.0,866,0.0,0.0,0.0
1800.0,867,0.0,0.0,0.0
1800.0,868,0.0,0.0,0.0
1800.0,869,0.0,0.0,0.0
1800.0,870,0.0,0.0,0.0
1800.0,871,0.0,0.0,0.0
1800.0,872,0.0,0.0,0.0
1800.0,873,0.0,0.0,0.0
1800.0,874,0.0,0.0,0.0
1800.0,875,0.0,0.0,0.0
1800.0,876,0.0,0.0,0.0
1800.0,877,0.0,0.0,0.0
1800.0,878,0.0,0.0,0.0
1800.0,879,0.0,0.0,0.0
1800.0,880,0.0,0.0,0.0
1800.0,881,0.0,0.0,0.0
1800.0,882,0.0,0.0,0.0
1800.0,883,0.0,0.0,0.0
1800.0,884,0.0,0.0,0.0
1800.0,885,0.0,0.0,0.0
1800.0,886,0.0,0.0,0.0
1800.0,887,0.0,0.0,0.0
1800.0,888,0.0,0.0,0.0
1800.0,889,0.0,0.0,0.0
1800.0,890,0.0,0.0,0.0
1800.0,891,0.0,0.0,0.0
1800.0,892,0.0,0.0,0.0
1800.0,893,0.0,0.0,0.0
1800.0,894,0.0,0.0,0.0
1800.0,895,0.0,0.0,0.0
1800.0,896,0.0,0.0,0.0
1800.0,897,0.0,0.0,0.0
1800.0,898,0.0,0.0,0.0
1800.0,899,0.0,0.0,0.0
1800.0,900,0.0,0.0,0.0
1800.0,901,0.0,0.0,0.0
1800.0,902,0.0,0.0,0.0
1800.0,903,0.0,0.0,0.0
1800.0,904,0.0,0.0,0.0
1800.0,905,0.0,0.0,0.0
1800.0,906,0.0,0.0,0.0
1800.0,907,0.0,0.0,0.0
1800.0,908,0.0,0.0,0.0
1800.0,909,0.0,0.0,0.0
1800.0,910,0.0,0.0,0.0
1800.0,911,0.0,0.0,0.0
1800.0,912,0.0,0.0,0.0
1800.0,913,0.0,0.0,0.0
1800.0,914,0.0,0.0,0.0
1800.0,915,0.0,0.0,0.0
1800.0,916,0.0,0.0,0.0
1800.0,917,0.0,0.0,0.0
1800.0,918,0.0,0.0,0.0
1800.0,919,0.0,0.0,0.0
1800.0,920,0.0,0.0,0.0
1800.0,921,0.0,0.0,0.0
1800.0,922,0.0,0.0,0.0
1800.0,923,0.0,0.0,0.0
1800.0,924,0.0,0.0,0.0
1800.0,925,0.0,0.0,0.0
1800.0,926,0.0,0.0,0.0
1800.0,927,0.0,0.0,0.0
1800.0,928,0.0,0.0,0.0
1800.0,929,0.0,0.0,0.0
1800.0,930,0.0,0.0,0.0
1800.0,931,0.0,0.0,0.0
1800.0,932,0.0,0.0,0.0
1800.0,933,0.0,0.0,0.0
1800.0,934,0.0,0.0,0.0
1800.0,935,0.0,0.0,0.0
1800.0,936,0.0,0.0,0.0
1800.0,937,0.0,0.0,0.0
1800.0,938,0.0,0.0,0.0
1800.0,939,0.0,0.0,0.0
1800.0,940,0.0,0.0,0.0
1800.0,941,0.0,0.0,0.0
1800.0,942,0.0,0.0,0.0
1800.0,943,0.0,0.0,0.0
1800.0,944,0.0,0.0,0.0
1800.0,945,0.0,0.0,0.0
1800.0,946,0.0,0.0,0.0
1800.0,947,0.0,0.0,0.0
1800.0,948,0.0,0.0,0.0
1800.0,949,0.0,0.0,0.0
1800.0,950,0.0,0.0,0.0
1800.0,951,0.0,0.0,0.0
1800.0,952,0.0,0.0,0.0
1800.0,953,0.0,0.0,0.0
1800.0,954,0.0,0.0,0.0
1800.0,955,0.0,0.0,0.0
1800.0,956,0.0,0.0,0.0
1800.0,957,0.0,0.0,0.0
1800.0,958,0.0,0.0,0.0
1800.0,959,0.0,0.0,0.0
1800.0,960,0.0,0.0,0.0
1800.0,961,0.0,0.0,0.0
1800.0,962,0.0,0.0,0.0
1800.0,963,0.0,0.0,0.0
1800.0,964,0.0,0.0,0.0
1800.0,965,0.0,0.0,0.0
1800.0,966,0.0,0.0,0.0
1800.0,967,0.0,0.0,0.0
1800.0,968,0.0,0.0,0.0
1800.0,969,0.0,0.0,0.0
1800.0,970,0.0,0.0,0.0
1800.0,971,0.0,0.0,0.0
1800.0,972,0.0,0.0,0.0
1800.0,973,0.0,0.0,0.0
1800.0,974,0.0,0.0,0.0
1800.0,975,0.0,0.0,0.0
1800.0,976,0.0,0.0,0.0
1800.0,977,0.0,0.0,0.0
1800.0,978,0.0,0.0,0.0
1800.0,979,0.0,0.0,0.0
1800.0,980,0.0,0.0,0.0
1800.0,981,0.0,0.0,0.0
1800.0,982,0.0,0.0,0.0
1800.0,983,0.0,0.0,0.0
1800.0,984,0.0,0.0,0.0
1800.0,985,0.0,0.0,0.0
1800.0,986,0.0,0.0,0.0
1800.0,987,0.0,0.0,0.0
1800.0,988,0.0,0.0,0.0
1800.0,989,0.0,0.0,0.0
1800.0,990,0.0,0.0,0.0
1800.0,991,0.0,0.0,0.0
1800.0,992,0.0,0.0,0.0
1800.0,993,0.0,0.0,0.0
1800.0,994,0.0,0.0,0.0
1800.0,995,0.0,0.0,0.0
1800.0,996,0.0,0.0,0.0
1800.0,997,0.0,0.0,0.0
1800.0,998,0.0,0.0,0.0
1800.0,999,0.0,0.0,0.0
1800.0,1000,0.0,0.0,0.0
1800.0,1001,0.0,0.0,0.0
1800.0,1002,0.0,0.0,0.0
1800.0,1003,0.0,0.0,0.0
1800.0,1004,0.0,0.0,0.0
1800.0,1005,0.0,0.0,0.0
1800.0,1006,0.0,0.0,0.0
1800.0,1007,0.0,0.0,0.0
1800.0,1008,0.0,0.0,0.0
1800.0,1009,0.0,0.0,0.0
1800.0,1010,0.0,0.0,0.0
1800.0,1011,0.0,0.0,0.0
1800.0,1012,0.0,0.0,0.0
1800.0,1013,0.0,0.0,0.0
1800.0,1014,0.0,0.0,0.0
1800.0,1015,0.0,0.0,0.0
1800.0,1016,0.0,0.0,0.0
1800.0,1017,0.0,0.0,0.0
1800.0,1018,0.0,0.0,0.0
1800.0,1019,0.0,0.0,0.0
1800.0,1020,0.0,0.0,0.0
1800.0,1021,0.0,0.0,0.0
1800.0,1022,0.0,0.0,0.0
1800.0,1023,0.0,0.0,0.0
1800.0,1024,0.0,0.0,0.0
1800.0,1025,0.0,0.0,0.0
1800.0,1026,0.0,0.0,0.0
1800.0,1027,0.0,0.0,0.0
1800.0,1028,0.0,0.0,0.0
1800.0,1029,0.0,0.0,0.0
1800.0,1030,0.0,0.0,0.0
1800.0,1031,0.0,0.0,0.0
1800.0,1032,0.0,0.0,0.0
1800.0,1033,0.0,0.0,0.0
1800.0,1034,0.0,0.0,0.0
1800.0,1035,0.0,0.0,0.0
1800.0,1036,0.0,0.0,0.0
1800.0,1037,0.0,0.0,0.0
1800.0,1038,0.0,0.0,0.0
1800.0,1039,0.0,0.0,0.0
1800.0,1040,0.0,0.0,0.0
1800.0,1041,0.0,0.0,0.0
1800.0,1042,0.0,0.0,0.0
1800.0,1043,0.0,0.0,0.0
1800.0,1044,0.0,0.0,0.0
1800.0,1045,0.0,0.0,0.0
1800.0,1046,0.0,0.0,0.0
1800.0,1047,0.0,0.0,0.0
1800.0,1048,0.0,0.0,0.0
1800.0,1049,0.0,0.0,0.0
1800.0,1050,0.0,0.0,0.0
1800.0,1051,0.0,0.0,0.0
1800.0,1052,0.0,0.0,0.0
1800.0,1053,0.0,0.0,0.0
1800.0,1054,0.0,0.0,0.0
1800.0,1055,0.0,0.0,0.0
1800.0,1056,0.0,0.0,0.0
1800.0,1057,0.0,0.0,0.0
1800.0,1058,0.0,0.0,0.0
1800.0,1059,0.0,0.0,0.0
1800.0,1060,0.0,0.0,0.0
1800.0,1061,0.0,0.0,0.0
1800.0,1062,0.0,0.0,0.0
1800.0,1063,0.0,0.0,0.0
1800.0,1064,0.0,0.0,0.0
1800.0,1065,0.0,0.0,0.0
1800.0,1066,0.0,0.0,0.0
1800.0,1067,0.0,0.0,0.0
1800.0,1068,0.0,0.0,0.0
1800.0,1069,0.0,0.0,0.0
1800.0,1070,0.0,0.0,0.0
1800.0,1071,0.0,0.0,0.0
1800.0,1072,0.0,0.0,0.0
1800.0,1073,0.0,0.0,0.0
1800.0,1074,0.0,0.0,0.0
1800.0,1075,0.0,0.0,0.0
1800.0,1076,0.0,0.0,0.0
1800.0,1077,0.0,0.0,0.0
1800.0,1078,0.0,0.0,0.0
1800.0,1079,0.0,0.0,0.0
1800.0,1080,0.0,0.0,0.0
1800.0,1081,0.0,0.0,0.0
1800.0,1082,0.0,0.0,0.0
1800.0,1083,0.0,0.0,0.0
1800.0,1084,6.26063953654267,20.0,0.3130319768271335
1800.0,1085,0.0,0.0,0.0
1800.0,1086,0.0,0.0,0.0
1800.0,1087,0.0,0.0,0.0
1800.0,1088,0.0,0.0,0.0
1800.0,1089,0.0,0.0,0.0
1800.0,1090,0.0,0.0,0.0
1800.0,1091,0.0,0.0,0.0
1800.0,1092,0.0,0.0,0.0
1800.0,1093,0.0,0.0,0.0
1800.0,1094,0.0,0.0,0.0
1800.0,1095,0.0,0.0,0.0
1800.0,1096,0.0,0.0,0.0
1800.0,1097,0.0,0.0,0.0
1800.0,1098,0.0,0.0,0.0
1800.0,1099,0.0,0.0,0.0
1800.0,1100,0.0,0.0,0.0
1800.0,1101,0.0,0.0,0.0
1800.0,1102,0.0,0.0,0.0
1800.0,1103,0.0,0.0,0.0
1800.0,1104,0.0,0.0,0.0
1800.0,1105,0.0,0.0,0.0
1800.0,1106,0.0,0.0,0.0
1800.0,1107,0.0,0.0,0.0
1800.0,1108,0.0,0.0,0.0
1800.0,1109,0.0,0.0,0.0
1800.0,1110,0.0,0.0,0.0
1800.0,1111,0.0,0.0,0.0
1800.0,1112,0.0,0.0,0.0
1800.0,1113,0.0,0.0,0.0
1800.0,1114,0.0,0.0,0.0
1800.0,1115,0.0,0.0,0.0
1800.0,1116,0.0,0.0,0.0
1800.0,1117,0.0,0.0,0.0
1800.0,1118,0.0,0.0,0.0
1800.0,1119,0.0,0.0,0.0
1800.0,1120,0.0,0.0,0.0
1800.0,1121,0.0,0.0,0.0
1800.0,1122,0.0,0.0,0.0
1800.0,1123,0.0,0.0,0.0
1800.0,1124,0.0,0.0,0.0
1800.0,1125,6.03280859709011,20.0,0.3016404298545055
1800.0,1126,20.0,20.0,1.0
1800.0,1127,20.0,20.0,1.0
1800.0,1128,0.0,0.0,0.0
1800.0,1129,0.0,0.0,0.0
1800.0,1130,0.0,0.0,0.0
1800.0,1131,0.0,0.0,0.0
1800.0,1132,0.0,0.0,0.0
1800.0,1133,0.0,0.0,0.0
1800.0,1134,0.0,0.0,0.0
1800.0,1135,0.0,0.0,0.0
1800.0,1136,0.0,0.0,0.0
1800.0,1137,0.0,0.0,0.0
1800.0,1138,0.0,0.0,0.0
1800.0,1139,0.0,0.0,0.0
1800.0,1140,0.0,0.0,0.0
1800.0,1141,0.0,0.0,0.0
1800.0,1142,0.0,0.0,0.0
1800.0,1143,0.0,0.0,0.0
1800.0,1144,0.0,0.0,0.0
1800.0,1145,0.0,0.0,0.0
1800.0,1146,0.0,0.0,0.0
1800.0,1147,0.0,0.0,0.0
1800.0,1148,0.0,0.0,0.0
1800.0,1149,0.0,0.0,0.0
1800.0,1150,0.0,0.0,0.0
1800.0,1151,0.0,0.0,0.0
1800.0,1152,0.0,0.0,0.0
1800.0,1153,0.0,0.0,0.0
1800.0,1154,0.0,0.0,0.0
1800.0,1155,0.0,0.0,0.0
1800.0,1156,0.0,0.0,0.0
1800.0,1157,0.0,0.0,0.0
1800.0,1158,0.0,0.0,0.0
1800.0,1159,0.0,0.0,0.0
1800.0,1160,0.0,0.0,0.0
1800.0,1161,0.0,0.0,0.0
1800.0,1162,0.0,0.0,0.0
1800.0,1163,0.0,0.0,0.0
1800.0,1164,0.0,0.0,0.0
1800.0,1165,0.0,0.0,0.0
1800.0,1166,0.0,0.0,0.0
1800.0,1167,20.0,20.0,1.0
1800.0,1168,20.0,20.0,1.0
1800.0,1169,20.0,20.0,1.0
1800.0,1170,20.0,20.0,1.0
1800.0,1171,0.0,0.0,0.0
1800.0,1172,0.0,0.0,0.0
1800.0,1173,0.0,0.0,0.0
1800.0,1174,0.0,0.0,0.0
1800.0,1175,0.0,0.0,0.0
1800.0,1176,0.0,0.0,0.0
1800.0,1177,0.0,0.0,0.0
1800.0,1178,0.0,0.0,0.0
1800.0,1179,0.0,0.0,0.0
1800.0,1180,0.0,0.0,0.0
1800.0,1181,0.0,0.0,0.0
1800.0,1182,0.0,0.0,0.0
1800.0,1183,0.0,0.0,0.0
1800.0,1184,0.0,0.0,0.0
1800.0,1185,0.0,0.0,0.0
1800.0,1186,0.0,0.0,0.0
1800.0,1187,0.0,0.0,0.0
1800.0,1188,0.0,0.0,0.0
1800.0,1189,0.0,0.0,0.0
1800.0,1190,0.0,0.0,0.0
1800.0,1191,0.0,0.0,0.0
1800.0,1192,0.0,0.0,0.0
1800.0,1193,0.0,0.0,0.0
1800.0,1194,0.0,0.0,0.0
1800.0,1195,0.0,0.0,0.0
1800.0,1196,0.0,0.0,0.0
1800.0,1197,0.0,0.0,0.0
1800.0,1198,0.0,0.0,0.0
1800.0,1199,0.0,0.0,0.0
1800.0,1200,0.0,0.0,0.0
1800.0,1201,0.0,0.0,0.0
1800.0,1202,0.0,0.0,0.0
1800.0,1203,0.0,0.0,0.0
1800.0,1204,0.0,0.0,0.0
1800.0,1205,0.0,0.0,0.0
1800.0,1206,0.0,0.0,0.0
1800.0,1207,0.0,0.0,0.0
1800.0,1208,14.389801828328665,20.0,0.7194900914164333
1800.0,1209,20.0,20.0,1.0
1800.0,1210,20.0,20.0,1.0
1800.0,1211,20.0,20.0,1.0
1800.0,1212,20.0,20.0,1.0
1800.0,1213,20.0,20.0,1.0
1800.0,1214,0.0,0.0,0.0
1800.0,1215,0.0,0.0,0.0
1800.0,1216,0.0,0.0,0.0
1800.0,1217,0.0,0.0,0.0
1800.0,1218,0.0,0.0,0.0
1800.0,1219,0.0,0.0,0.0
1800.0,1220,0.0,0.0,0.0
1800.0,1221,0.0,0.0,0.0
1800.0,1222,0.0,0.0,0.0
1800.0,1223,0.0,0.0,0.0
1800.0,1224,0.0,0.0,0.0
1800.0,1225,0.0,0.0,0.0
1800.0,1226,0.0,0.0,0.0
1800.0,1227,0.0,0.0,0.0
1800.0,1228,0.0,0.0,0.0
1800.0,1229,0.0,0.0,0.0
1800.0,1230,0.0,0.0,0.0
1800.0,1231,0.0,0.0,0.0
1800.0,1232,0.0,0.0,0.0
1800.0,1233,0.0,0.0,0.0
1800.0,1234,0.0,0.0,0.0
1800.0,1235,0.0,0.0,0.0
1800.0,1236,0.0,0.0,0.0
1800.0,1237,0.0,0.0,0.0
1800.0,1238,0.0,0.0,0.0
1800.0,1239,0.0,0.0,0.0
1800.0,1240,0.0,0.0,0.0
1800.0,1241,0.0,0.0,0.0
1800.0,1242,0.0,0.0,0.0
1800.0,1243,0.0,0.0,0.0
1800.0,1244,0.0,0.0,0.0
1800.0,1245,0.0,0.0,0.0
1800.0,1246,0.0,0.0,0.0
1800.0,1247,0.0,0.0,0.0
1800.0,1248,0.0,0.0,0.0
1800.0,1249,0.0,0.0,0.0
1800.0,1250,20.0,20.0,1.0
1800.0,1251,20.0,20.0,1.0
1800.0,1252,20.0,20.0,1.0
1800.0,1253,20.0,20.0,1.0
1800.0,1254,20.0,20.0,1.0
1800.0,1255,20.0,20.0,1.0
1800.0,1256,20.0,20.0,1.0
1800.0,1257,0.0,0.0,0.0
1800.0,1258,0.0,0.0,0.0
1800.0,1259,0.0,0.0,0.0
1800.0,1260,0.0,0.0,0.0
1800.0,1261,0.0,0.0,0.0
1800.0,1262,0.0,0.0,0.0
1800.0,1263,0.0,0.0,0.0
1800.0,1264,0.0,0.0,0.0
1800.0,1265,0.0,0.0,0.0
1800.0,1266,0.0,0.0,0.0
1800.0,1267,0.0,0.0,0.0
1800.0,1268,0.0,0.0,0.0
1800.0,1269,0.0,0.0,0.0
1800.0,1270,0.0,0.0,0.0
1800.0,1271,0.0,0.0,0.0
1800.0,1272,0.0,0.0,0.0
1800.0,1273,0.0,0.0,0.0
1800.0,1274,0.0,0.0,0.0
1800.0,1275,0.0,0.0,0.0
1800.0,1276,0.0,0.0,0.0
1800.0,1277,0.0,0.0,0.0
1800.0,1278,0.0,0.0,0.0
1800.0,1279,0.0,0.0,0.0
1800.0,1280,0.0,0.0,0.0
1800.0,1281,0.0,0.0,0.0
1800.0,1282,0.0,0.0,0.0
1800.0,1283,0.0,0.0,0.0
1800.0,1284,0.0,0.0,0.0
1800.0,1285,0.0,0.0,0.0
1800.0,1286,0.0,0.0,0.0
1800.0,1287,0.0,0.0,0.0
1800.0,1288,0.0,0.0,0.0
1800.0,1289,0.0,0.0,0.0
1800.0,1290,0.0,0.0,0.0
1800.0,1291,0.0,0.0,0.0
1800.0,1292,8.719250974116733,20.0,0.4359625487058366
1800.0,1293,20.0,20.0,1.0
1800.0,1294,20.0,20.0,1.0
1800.0,1295,20.0,20.0,1.0
1800.0,1296,20.0,20.0,1.0
1800.0,1297,20.0,20.0,1.0
1800.0,1298,20.0,20.0,1.0
1800.0,1299,20.0,20.0,1.0
1800.0,1300,0.0,0.0,0.0
1800.0,1301,0.0,0.0,0.0
1800.0,1302,0.0,0.0,0.0
1800.0,1303,0.0,0.0,0.0
1800.0,1304,0.0,0.0,0.0
1800.0,1305,0.0,0.0,0.0
1800.0,1306,0.0,0.0,0.0
1800.0,1307,0.0,0.0,0.0
1800.0,1308,0.0,0.0,0.0
1800.0,1309,0.0,0.0,0.0
1800.0,1310,0.0,0.0,0.0
1800.0,1311,0.0,0.0,0.0
1800.0,1312,0.0,0.0,0.0
1800.0,1313,0.0,0.0,0.0
1800.0,1314,0.0,0.0,0.0
1800.0,1315,0.0,0.0,0.0
1800.0,1316,0.0,0.0,0.0
1800.0,1317,0.0,0.0,0.0
1800.0,1318,0.0,0.0,0.0
1800.0,1319,0.0,0.0,0.0
1800.0,1320,0.0,0.0,0.0
1800.0,1321,0.0,0.0,0.0
1800.0,1322,0.0,0.0,0.0
1800.0,1323,0.0,0.0,0.0
1800.0,1324,0.0,0.0,0.0
1800.0,1325,0.0,0.0,0.0
1800.0,1326,0.0,0.0,0.0
1800.0,1327,0.0,0.0,0.0
1800.0,1328,0.0,0.0,0.0
1800.0,1329,0.0,0.0,0.0
1800.0,1330,0.0,0.0,0.0
1800.0,1331,0.0,0.0,0.0
1800.0,1332,0.0,0.0,0.0
1800.0,1333,0.0,0.0,0.0
1800.0,1334,12.098604356095251,20.0,0.6049302178047625
1800.0,1335,20.0,20.0,1.0
1800.0,1336,20.0,20.0,1.0
1800.0,1337,19.999999999999996,20.0,0.9999999999999998
1800.0,1338,20.0,20.0,1.0
1800.0,1339,20.0,20.0,1.0
1800.0,1340,20.0,20.0,1.0
1800.0,1341,20.0,20.0,1.0
1800.0,1342,20.0,20.0,1.0
1800.0,1343,0.0,0.0,0.0
1800.0,1344,0.0,0.0,0.0
1800.0,1345,0.0,0.0,0.0
1800.0,1346,0.0,0.0,0.0
1800.0,1347,0.0,0.0,0.0
1800.0,1348,0.0,0.0,0.0
1800.0,1349,0.0,0.0,0.0
1800.0,1350,0.0,0.0,0.0
1800.0,1351,0.0,0.0,0.0
1800.0,1352,0.0,0.0,0.0
1800.0,1353,0.0,0.0,0.0
1800.0,1354,0.0,0.0,0.0
1800.0,1355,0.0,0.0,0.0
1800.0,1356,0.0,0.0,0.0
1800.0,1357,0.0,0.0,0.0
1800.0,1358,0.0,0.0,0.0
1800.0,1359,0.0,0.0,0.0
1800.0,1360,0.0,0.0,0.0
1800.0,1361,0.0,0.0,0.0
1800.0,1362,0.0,0.0,0.0
1800.0,1363,0.0,0.0,0.0
1800.0,1364,0.0,0.0,0.0
1800.0,1365,0.0,0.0,0.0
1800.0,1366,0.0,0.0,0.0
1800.0,1367,0.0,0.0,0.0
1800.0,1368,0.0,0.0,0.0
1800.0,1369,0.0,0.0,0.0
1800.0,1370,0.0,0.0,0.0
1800.0,1371,0.0,0.0,0.0
1800.0,1372,0.0,0.0,0.0
1800.0,1373,0.0,0.0,0.0
1800.0,1374,0.0,0.0,0.0
1800.0,1375,0.0,0.0,0.0
1800.0,1376,0.0,20.0,0.0
1800.0,1377,20.0,20.0,1.0
1800.0,1378,20.0,20.0,1.0
1800.0,1379,20.0,20.0,1.0
1800.0,1380,20.000000000000004,20.0,1.0000000000000002
1800.0,1381,20.0,20.0,1.0
1800.0,1382,19.999999999999996,20.0,0.9999999999999998
1800.0,1383,20.0,20.0,1.0
1800.0,1384,20.0,20.0,1.0
1800.0,1385,0.0,0.0,0.0
1800.0,1386,0.0,0.0,0.0
1800.0,1387,0.0,0.0,0.0
1800.0,1388,0.0,0.0,0.0
1800.0,1389,0.0,0.0,0.0
1800.0,1390,0.0,0.0,0.0
1800.0,1391,0.0,0.0,0.0
1800.0,1392,0.0,0.0,0.0
1800.0,1393,0.0,0.0,0.0
1800.0,1394,0.0,0.0,0.0
1800.0,1395,0.0,0.0,0.0
1800.0,1396,0.0,0.0,0.0
1800.0,1397,0.0,0.0,0.0
1800.0,1398,0.0,0.0,0.0
1800.0,1399,0.0,0.0,0.0
1800.0,1400,0.0,0.0,0.0
1800.0,1401,0.0,0.0,0.0
1800.0,1402,0.0,0.0,0.0
1800.0,1403,0.0,0.0,0.0
1800.0,1404,0.0,0.0,0.0
1800.0,1405,0.0,0.0,0.0
1800.0,1406,0.0,0.0,0.0
1800.0,1407,0.0,0.0,0.0
1800.0,1408,0.0,0.0,0.0
1800.0,1409,0.0,0.0,0.0
1800.0,1410,0.0,0.0,0.0
1800.0,1411,0.0,0.0,0.0
1800.0,1412,0.0,0.0,0.0
1800.0,1413,0.0,0.0,0.0
1800.0,1414,0.0,0.0,0.0
1800.0,1415,0.0,0.0,0.0
1800.0,1416,0.0,0.0,0.0
1800.0,1417,0.0,0.0,0.0
1800.0,1418,0.0,20.0,0.0
1800.0,1419,19.05853556475026,20.0,0.952926778237513
1800.0,1420,20.0,20.0,1.0
1800.0,1421,20.0,20.0,1.0
1800.0,1422,20.0,20.0,1.0
1800.0,1423,20.0,20.0,1.0
1800.0,1424,20.0,20.0,1.0
1800.0,1425,20.0,20.0,1.0
1800.0,1426,0.0,0.0,0.0
1800.0,1427,0.0,0.0,0.0
1800.0,1428,0.0,0.0,0.0
1800.0,1429,0.0,0.0,0.0
1800.0,1430,0.0,0.0,0.0
1800.0,1431,0.0,0.0,0.0
1800.0,1432,0.0,0.0,0.0
1800.0,1433,0.0,0.0,0.0
1800.0,1434,0.0,0.0,0.0
1800.0,1435,0.0,0.0,0.0
1800.0,1436,0.0,0.0,0.0
1800.0,1437,0.0,0.0,0.0
1800.0,1438,0.0,0.0,0.0
1800.0,1439,0.0,0.0,0.0
1800.0,1440,0.0,0.0,0.0
1800.0,1441,0.0,0.0,0.0
1800.0,1442,0.0,0.0,0.0
1800.0,1443,0.0,0.0,0.0
1800.0,1444,0.0,0.0,0.0
1800.0,1445,0.0,0.0,0.0
1800.0,1446,0.0,0.0,0.0
1800.0,1447,0.0,0.0,0.0
1800.0,1448,0.0,0.0,0.0
1800.0,1449,0.0,0.0,0.0
1800.0,1450,0.0,0.0,0.0
1800.0,1451,0.0,0.0,0.0
1800.0,1452,0.0,0.0,0.0
1800.0,1453,0.0,0.0,0.0
1800.0,1454,0.0,0.0,0.0
1800.0,1455,0.0,0.0,0.0
1800.0,1456,0.0,0.0,0.0
1800.0,1457,0.0,0.0,0.0
1800.0,1458,0.0,0.0,0.0
1800.0,1459,0.0,0.0,0.0
1800.0,1460,0.0,20.0,0.0
1800.0,1461,3.7769473816239807,20.0,0.18884736908119903
1800.0,1462,20.0,20.0,1.0
1800.0,1463,20.0,20.0,1.0
1800.0,1464,5.673259594389556,20.0,0.2836629797194778
1800.0,1465,19.660873310406494,20.0,0.9830436655203247
1800.0,1466,19.999999999999996,20.0,0.9999999999999998
1800.0,1467,0.0,20.0,0.0
1800.0,1468,0.0,0.0,0.0
1800.0,1469,0.0,0.0,0.0
1800.0,1470,0.0,0.0,0.0
1800.0,1471,0.0,0.0,0.0
1800.0,1472,0.0,0.0,0.0
1800.0,1473,0.0,0.0,0.0
1800.0,1474,0.0,0.0,0.0
1800.0,1475,0.0,0.0,0.0
1800.0,1476,0.0,0.0,0.0
1800.0,1477,0.0,0.0,0.0
1800.0,1478,0.0,0.0,0.0
1800.0,1479,0.0,0.0,0.0
1800.0,1480,0.0,0.0,0.0
1800.0,1481,0.0,0.0,0.0
1800.0,1482,0.0,0.0,0.0
1800.0,1483,0.0,0.0,0.0
1800.0,1484,0.0,0.0,0.0
1800.0,1485,0.0,0.0,0.0
1800.0,1486,0.0,0.0,0.0
1800.0,1487,0.0,0.0,0.0
1800.0,1488,0.0,0.0,0.0
1800.0,1489,0.0,0.0,0.0
1800.0,1490,0.0,0.0,0.0
1800.0,1491,0.0,0.0,0.0
1800.0,1492,0.0,0.0,0.0
1800.0,1493,0.0,0.0,0.0
1800.0,1494,0.0,0.0,0.0
1800.0,1495,0.0,0.0,0.0
2700.0,0,0.0,0.0,0.0
2700.0,1,0.0,0.0,0.0
2700.0,2,0.0,0.0,0.0
2700.0,3,0.0,0.0,0.0
2700.0,4,0.0,0.0,0.0
2700.0,5,0.0,0.0,0.0
2700.0,6,0.0,0.0,0.0
2700.0,7,0.0,0.0,0.0
2700.0,8,0.0,0.0,0.0
2700.0,9,0.0,0.0,0.0
2700.0,10,0.0,0.0,0.0
2700.0,11,0.0,0.0,0.0
2700.0,12,0.0,0.0,0.0
2700.0,13,0.0,0.0,0.0
2700.0,14,0.0,0.0,0.0
2700.0,15,0.0,0.0,0.0
2700.0,16,0.0,0.0,0.0
2700.0,17,0.0,0.0,0.0
2700.0,18,0.0,0.0,0.0
2700.0,19,0.0,0.0,0.0
2700.0,20,0.0,0.0,0.0
2700.0,21,0.0,0.0,0.0
2700.0,22,0.0,0.0,0.0
2700.0,23,0.0,0.0,0.0
2700.0,24,0.0,0.0,0.0
2700.0,25,0.0,0.0,0.0
2700.0,26,0.0,0.0,0.0
2700.0,27,0.0,0.0,0.0
2700.0,28,0.0,0.0,0.0
2700.0,29,0.0,0.0,0.0
2700.0,30,0.0,0.0,0.0
2700.0,31,0.0,0.0,0.0
2700.0,32,0.0,0.0,0.0
2700.0,33,7.044960892016407,20.0,0.3522480446008204
2700.0,34,0.0,20.0,0.0
2700.0,35,0.0,20.0,0.0
2700.0,36,0.0,20.0,0.0
2700.0,37,4.0196595657612955,20.0,0.20098297828806477
2700.0,38,20.0,20.0,1.0
2700.0,39,0.0,20.0,0.0
2700.0,40,0.0,0.0,0.0
2700.0,41,0.0,0.0,0.0
2700.0,42,0.0,0.0,0.0
2700.0,43,0.0,0.0,0.0
2700.0,44,0.0,0.0,0.0
2700.0,45,0.0,0.0,0.0
2700.0,46,0.0,0.0,0.0
2700.0,47,0.0,0.0,0.0
2700.0,48,0.0,0.0,0.0
2700.0,49,0.0,0.0,0.0
2700.0,50,0.0,0.0,0.0
2700.0,51,0.0,0.0,0.0
2700.0,52,0.0,0.0,0.0
2700.0,53,0.0,0.0,0.0
2700.0,54,0.0,0.0,0.0
2700.0,55,0.0,0.0,0.0
2700.0,56,0.0,0.0,0.0
2700.0,57,0.0,0.0,0.0
2700.0,58,0.0,0.0,0.0
2700.0,59,0.0,0.0,0.0
2700.0,60,0.0,0.0,0.0
2700.0,61,0.0,0.0,0.0
2700.0,62,0.0,0.0,0.0
2700.0,63,0.0,0.0,0.0
2700.0,64,0.0,0.0,0.0
2700.0,65,0.0,0.0,0.0
2700.0,66,0.0,0.0,0.0
2700.0,67,0.0,0.0,0.0
2700.0,68,0.0,0.0,0.0
2700.0,69,0.0,0.0,0.0
2700.0,70,0.0,0.0,0.0
2700.0,71,0.0,0.0,0.0
2700.0,72,0.0,0.0,0.0
2700.0,73,0.0,0.0,0.0
2700.0,74,0.0,0.0,0.0
2700.0,75,0.0,20.0,0.0
2700.0,76,20.0,20.0,1.0
2700.0,77,7.161360697437196,20.0,0.3580680348718598
2700.0,78,10.607502774191234,20.0,0.5303751387095617
2700.0,79,8.551276417703109,20.0,0.42756382088515543
2700.0,80,16.927992392726544,20.0,0.8463996196363273
2700.0,81,0.0,20.0,0.0
2700.0,82,0.0,0.0,0.0
2700.0,83,0.0,0.0,0.0
2700.0,84,0.0,0.0,0.0
2700.0,85,0.0,0.0,0.0
2700.0,86,0.0,0.0,0.0
2700.0,87,0.0,0.0,0.0
2700.0,88,0.0,0.0,0.0
2700.0,89,0.0,0.0,0.0
2700.0,90,0.0,0.0,0.0
2700.0,91,0.0,0.0,0.0
2700.0,92,0.0,0.0,0.0
2700.0,93,0.0,0.0,0.0
2700.0,94,0.0,0.0,0.0
2700.0,95,0.0,0.0,0.0
2700.0,96,0.0,0.0,0.0
2700.0,97,0.0,0.0,0.0
2700.0,98,0.0,0.0,0.0
2700.0,99,0.0,0.0,0.0
2700.0,100,0.0,0.0,0.0
2700.0,101,0.0,0.0,0.0
2700.0,102,0.0,0.0,0.0
2700.0,103,0.0,0.0,0.0
2700.0,104,0.0,0.0,0.0
2700.0,105,0.0,0.0,0.0
2700.0,106,0.0,0.0,0.0
2700.0,107,0.0,0.0,0.0
2700.0,108,0.0,0.0,0.0
2700.0,109,0.0,0.0,0.0
2700.0,110,0.0,0.0,0.0
2700.0,111,0.0,0.0,0.0
2700.0,112,0.0,0.0,0.0
2700.0,113,0.0,0.0,0.0
2700.0,114,0.0,0.0,0.0
2700.0,115,0.0,0.0,0.0
2700.0,116,0.0,0.0,0.0
2700.0,117,0.0,20.0,0.0
2700.0,118,20.0,20.0,1.0
2700.0,119,14.089921784032814,20.0,0.7044960892016408
2700.0,120,10.527379901857987,20.0,0.5263689950928994
2700.0,121,20.0,20.0,1.0
2700.0,122,19.651585549032514,20.0,0.9825792774516258
2700.0,123,0.0,20.0,0.0
2700.0,124,0.0,0.0,0.0
2700.0,125,0.0,0.0,0.0
2700.0,126,0.0,0.0,0.0
2700.0,127,0.0,0.0,0.0
2700.0,128,0.0,0.0,0.0
2700.0,129,0.0,0.0,0.0
2700.0,130,0.0,0.0,0.0
2700.0,131,0.0,0.0,0.0
2700.0,132,0.0,0.0,0.0
2700.0,133,0.0,0.0,0.0
2700.0,134,0.0,0.0,0.0
2700.0,135,0.0,0.0,0.0
2700.0,136,0.0,0.0,0.0
2700.0,137,0.0,0.0,0.0
2700.0,138,0.0,0.0,0.0
2700.0,139,0.0,0.0,0.0
2700.0,140,0.0,0.0,0.0
2700.0,141,0.0,0.0,0.0
2700.0,142,0.0,0.0,0.0
2700.0,143,0.0,0.0,0.0
2700.0,144,0.0,0.0,0.0
2700.0,145,0.0,0.0,0.0
2700.0,146,0.0,0.0,0.0
2700.0,147,0.0,0.0,0.0
2700.0,148,0.0,0.0,0.0
2700.0,149,0.0,0.0,0.0
2700.0,150,0.0,0.0,0.0
2700.0,151,0.0,0.0,0.0
2700.0,152,0.0,0.0,0.0
2700.0,153,0.0,0.0,0.0
2700.0,154,0.0,0.0,0.0
2700.0,155,0.0,0.0,0.0
2700.0,156,0.0,0.0,0.0
2700.0,157,0.0,0.0,0.0
2700.0,158,0.0,0.0,0.0
2700.0,159,7.501884295234112,20.0,0.3750942147617056
2700.0,160,19.999999999999996,20.0,0.9999999999999998
2700.0,161,14.95145215979777,20.0,0.7475726079898884
2700.0,162,20.0,20.0,1.0
2700.0,163,19.56875384568857,20.0,0.9784376922844285
2700.0,164,17.886225209907128,20.0,0.8943112604953564
2700.0,165,0.0,0.0,0.0
2700.0,166,0.0,0.0,0.0
2700.0,167,0.0,0.0,0.0
2700.0,168,0.0,0.0,0.0
2700.0,169,0.0,0.0,0.0
2700.0,170,0.0,0.0,0.0
2700.0,171,0.0,0.0,0.0
2700.0,172,0.0,0.0,0.0
2700.0,173,0.0,0.0,0.0
2700.0,174,0.0,0.0,0.0
2700.0,175,0.0,0.0,0.0
2700.0,176,0.0,0.0,0.0
2700.0,177,0.0,0.0,0.0
2700.0,178,0.0,0.0,0.0
2700.0,179,0.0,0.0,0.0
2700.0,180,0.0,0.0,0.0
2700.0,181,0.0,0.0,0.0
2700.0,182,0.0,0.0,0.0
2700.0,183,0.0,0.0,0.0
2700.0,184,0.0,0.0,0.0
2700.0,185,0.0,0.0,0.0
2700.0,186,0.0,0.0,0.0
2700.0,187,0.0,0.0,0.0
2700.0,188,0.0,0.0,0.0
2700.0,189,0.0,0.0,0.0
2700.0,190,0.0,0.0,0.0
2700.0,191,0.0,0.0,0.0
2700.0,192,0.0,0.0,0.0
2700.0,193,0.0,0.0,0.0
2700.0,194,0.0,0.0,0.0
2700.0,195,0.0,0.0,0.0
2700.0,196,0.0,0.0,0.0
2700.0,197,0.0,0.0,0.0
2700.0,198,0.0,0.0,0.0
2700.0,199,0.0,0.0,0.0
2700.0,200,0.0,0.0,0.0
2700.0,201,20.0,20.0,1.0
2700.0,202,20.0,20.0,1.0
2700.0,203,19.999999999999996,20.0,0.9999999999999998
2700.0,204,20.0,20.0,1.0
2700.0,205,0.0,20.0,0.0
2700.0,206,14.089921784032814,20.0,0.7044960892016408
2700.0,207,0.0,20.0,0.0
2700.0,208,0.0,0.0,0.0
2700.0,209,0.0,0.0,0.0
2700.0,210,0.0,0.0,0.0
2700.0,211,0.0,0.0,0.0
2700.0,212,0.0,0.0,0.0
2700.0,213,0.0,0.0,0.0
2700.0,214,0.0,0.0,0.0
2700.0,215,0.0,0.0,0.0
2700.0,216,0.0,0.0,0.0
2700.0,217,0.0,0.0,0.0
2700.0,218,0.0,0.0,0.0
2700.0,219,0.0,0.0,0.0
2700.0,220,0.0,0.0,0.0
2700.0,221,0.0,0.0,0.0
2700.0,222,0.0,0.0,0.0
2700.0,223,0.0,0.0,0.0
2700.0,224,0.0,0.0,0.0
2700.0,225,0.0,0.0,0.0
2700.0,226,0.0,0.0,0.0
2700.0,227,0.0,0.0,0.0
2700.0,228,0.0,0.0,0.0
2700.0,229,0.0,0.0,0.0
2700.0,230,0.0,0.0,0.0
2700.0,231,0.0,0.0,0.0
2700.0,232,0.0,0.0,0.0
2700.0,233,0.0,0.0,0.0
2700.0,234,0.0,0.0,0.0
2700.0,235,0.0,0.0,0.0
2700.0,236,0.0,0.0,0.0
2700.0,237,0.0,0.0,0.0
2700.0,238,0.0,0.0,0.0
2700.0,239,0.0,0.0,0.0
2700.0,240,0.0,0.0,0.0
2700.0,241,0.0,0.0,0.0
2700.0,242,0.0,0.0,0.0
2700.0,243,20.0,20.0,1.0
2700.0,244,20.0,20.0,1.0
2700.0,245,20.0,20.0,1.0
2700.0,246,19.999999999999996,20.0,0.9999999999999998
2700.0,247,11.388910277622943,20.0,0.5694455138811472
2700.0,248,0.0,20.0,0.0
2700.0,249,0.0,20.0,0.0
2700.0,250,0.0,0.0,0.0
2700.0,251,0.0,0.0,0.0
2700.0,252,0.0,0.0,0.0
2700.0,253,0.0,0.0,0.0
2700.0,254,0.0,0.0,0.0
2700.0,255,0.0,0.0,0.0
2700.0,256,0.0,0.0,0.0
2700.0,257,0.0,0.0,0.0
2700.0,258,0.0,0.0,0.0
2700.0,259,0.0,0.0,0.0
2700.0,260,0.0,0.0,0.0
2700.0,261,0.0,0.0,0.0
2700.0,262,0.0,0.0,0.0
2700.0,263,0.0,0.0,0.0
2700.0,264,0.0,0.0,0.0
2700.0,265,0.0,0.0,0.0
2700.0,266,0.0,0.0,0.0
2700.0,267,0.0,0.0,0.0
2700.0,268,0.0,0.0,0.0
2700.0,269,0.0,0.0,0.0
2700.0,270,0.0,0.0,0.0
2700.0,271,0.0,0.0,0.0
2700.0,272,0.0,0.0,0.0
2700.0,273,0.0,0.0,0.0
2700.0,274,0.0,0.0,0.0
2700.0,275,0.0,0.0,0.0
2700.0,276,0.0,0.0,0.0
2700.0,277,0.0,0.0,0.0
2700.0,278,0.0,0.0,0.0
2700.0,279,0.0,0.0,0.0
2700.0,280,0.0,0.0,0.0
2700.0,281,0.0,0.0,0.0
2700.0,282,0.0,0.0,0.0
2700.0,283,0.0,0.0,0.0
2700.0,284,20.0,20.0,1.0
2700.0,285,20.0,20.0,1.0
2700.0,286,20.0,20.0,1.0
2700.0,287,19.999999999999996,20.0,0.9999999999999998
2700.0,288,20.0,20.0,1.0
2700.0,289,12.058978697283887,20.0,0.6029489348641943
2700.0,290,0.0,20.0,0.0
2700.0,291,0.0,20.0,0.0
2700.0,292,0.0,0.0,0.0
2700.0,293,0.0,0.0,0.0
2700.0,294,0.0,0.0,0.0
2700.0,295,0.0,0.0,0.0
2700.0,296,0.0,0.0,0.0
2700.0,297,0.0,0.0,0.0
2700.0,298,0.0,0.0,0.0
2700.0,299,0.0,0.0,0.0
2700.0,300,0.0,0.0,0.0
2700.0,301,0.0,0.0,0.0
2700.0,302,0.0,0.0,0.0
2700.0,303,0.0,0.0,0.0
2700.0,304,0.0,0.0,0.0
2700.0,305,0.0,0.0,0.0
2700.0,306,0.0,0.0,0.0
2700.0,307,0.0,0.0,0.0
2700.0,308,0.0,0.0,0.0
2700.0,309,0.0,0.0,0.0
2700.0,310,0.0,0.0,0.0
2700.0,311,0.0,0.0,0.0
2700.0,312,0.0,0.0,0.0
2700.0,313,0.0,0.0,0.0
2700.0,314,0.0,0.0,0.0
2700.0,315,0.0,0.0,0.0
2700.0,316,0.0,0.0,0.0
2700.0,317,0.0,0.0,0.0
2700.0,318,0.0,0.0,0.0
2700.0,319,0.0,0.0,0.0
2700.0,320,0.0,0.0,0.0
2700.0,321,0.0,0.0,0.0
2700.0,322,0.0,0.0,0.0
2700.0,323,0.0,0.0,0.0
2700.0,324,0.0,0.0,0.0
2700.0,325,20.0,20.0,1.0
2700.0,326,20.0,20.0,1.0
2700.0,327,20.0,20.0,1.0
2700.0,328,20.0,20.0,1.0
2700.0,329,20.0,20.0,1.0
2700.0,330,20.0,20.0,1.0
2700.0,331,20.0,20.0,1.0
2700.0,332,20.0,20.0,1.0
2700.0,333,0.0,20.0,0.0
2700.0,334,0.0,0.0,0.0
2700.0,335,0.0,0.0,0.0
2700.0,336,0.0,0.0,0.0
2700.0,337,0.0,0.0,0.0
2700.0,338,0.0,0.0,0.0
2700.0,339,0.0,0.0,0.0
2700.0,340,0.0,0.0,0.0
2700.0,341,0.0,0.0,0.0
2700.0,342,0.0,0.0,0.0
2700.0,343,0.0,0.0,0.0
2700.0,344,0.0,0.0,0.0
2700.0,345,0.0,0.0,0.0
2700.0,346,0.0,0.0,0.0
2700.0,347,0.0,0.0,0.0
2700.0,348,0.0,0.0,0.0
2700.0,349,0.0,0.0,0.0
2700.0,350,0.0,0.0,0.0
2700.0,351,0.0,0.0,0.0
2700.0,352,0.0,0.0,0.0
2700.0,353,0.0,0.0,0.0
2700.0,354,0.0,0.0,0.0
2700.0,355,0.0,0.0,0.0
2700.0,356,0.0,0.0,0.0
2700.0,357,0.0,0.0,0.0
2700.0,358,0.0,0.0,0.0
2700.0,359,0.0,0.0,0.0
2700.0,360,0.0,0.0,0.0
2700.0,361,0.0,0.0,0.0
2700.0,362,0.0,0.0,0.0
2700.0,363,0.0,0.0,0.0
2700.0,364,0.0,0.0,0.0
2700.0,365,0.0,0.0,0.0
2700.0,366,0.0,0.0,0.0
2700.0,367,0.0,0.0,0.0
2700.0,368,20.0,20.0,1.0
2700.0,369,20.0,20.0,1.0
2700.0,370,20.0,20.0,1.0
2700.0,371,20.0,20.0,1.0
2700.0,372,20.0,20.0,1.0
2700.0,373,11.890121423502356,20.0,0.5945060711751178
2700.0,374,4.621326113722745,20.0,0.23106630568613723
2700.0,375,0.0,20.0,0.0
2700.0,376,0.0,0.0,0.0
2700.0,377,0.0,0.0,0.0
2700.0,378,0.0,0.0,0.0
2700.0,379,0.0,0.0,0.0
2700.0,380,0.0,0.0,0.0
2700.0,381,0.0,0.0,0.0
2700.0,382,0.0,0.0,0.0
2700.0,383,0.0,0.0,0.0
2700.0,384,0.0,0.0,0.0
2700.0,385,0.0,0.0,0.0
2700.0,386,0.0,0.0,0.0
2700.0,387,0.0,0.0,0.0
2700.0,388,0.0,0.0,0.0
2700.0,389,0.0,0.0,0.0
2700.0,390,0.0,0.0,0.0
2700.0,391,0.0,0.0,0.0
2700.0,392,0.0,0.0,0.0
2700.0,393,0.0,0.0,0.0
2700.0,394,0.0,0.0,0.0
2700.0,395,0.0,0.0,0.0
2700.0,396,0.0,0.0,0.0
2700.0,397,0.0,0.0,0.0
2700.0,398,0.0,0.0,0.0
2700.0,399,0.0,0.0,0.0
2700.0,400,0.0,0.0,0.0
2700.0,401,0.0,0.0,0.0
2700.0,402,0.0,0.0,0.0
2700.0,403,0.0,0.0,0.0
2700.0,404,0.0,0.0,0.0
2700.0,405,0.0,0.0,0.0
2700.0,406,0.0,0.0,0.0
2700.0,407,0.0,0.0,0.0
2700.0,408,0.0,0.0,0.0
2700.0,409,0.0,0.0,0.0
2700.0,410,0.0,0.0,0.0
2700.0,411,20.0,20.0,1.0
2700.0,412,20.0,20.0,1.0
2700.0,413,20.0,20.0,1.0
2700.0,414,20.0,20.0,1.0
2700.0,415,10.20766656624861,20.0,0.5103833283124305
2700.0,416,15.743942229624333,20.0,0.7871971114812166
2700.0,417,0.0,20.0,0.0
2700.0,418,0.0,20.0,0.0
2700.0,419,0.0,0.0,0.0
2700.0,420,0.0,0.0,0.0
2700.0,421,0.0,0.0,0.0
2700.0,422,0.0,0.0,0.0
2700.0,423,0.0,0.0,0.0
2700.0,424,0.0,0.0,0.0
2700.0,425,0.0,0.0,0.0
2700.0,426,0.0,0.0,0.0
2700.0,427,0.0,0.0,0.0
2700.0,428,0.0,0.0,0.0
2700.0,429,0.0,0.0,0.0
2700.0,430,0.0,0.0,0.0
2700.0,431,0.0,0.0,0.0
2700.0,432,0.0,0.0,0.0
2700.0,433,0.0,0.0,0.0
2700.0,434,0.0,0.0,0.0
2700.0,435,0.0,0.0,0.0
2700.0,436,0.0,0.0,0.0
2700.0,437,0.0,0.0,0.0
2700.0,438,0.0,0.0,0.0
2700.0,439,0.0,0.0,0.0
2700.0,440,0.0,0.0,0.0
2700.0,441,0.0,0.0,0.0
2700.0,442,0.0,0.0,0.0
2700.0,443,0.0,0.0,0.0
2700.0,444,0.0,0.0,0.0
2700.0,445,0.0,0.0,0.0
2700.0,446,0.0,0.0,0.0
2700.0,447,0.0,0.0,0.0
2700.0,448,0.0,0.0,0.0
2700.0,449,0.0,0.0,0.0
2700.0,450,0.0,0.0,0.0
2700.0,451,0.0,0.0,0.0
2700.0,452,0.0,0.0,0.0
2700.0,453,0.0,0.0,0.0
2700.0,454,20.0,20.0,1.0
2700.0,455,20.0,20.0,1.0
2700.0,456,20.0,20.0,1.0
2700.0,457,20.0,20.0,1.0
2700.0,458,7.145514689335128,20.0,0.3572757344667564
2700.0,459,9.55701896703659,20.0,0.4778509483518295
2700.0,460,0.0,0.0,0.0
2700.0,461,0.0,0.0,0.0
2700.0,462,0.0,0.0,0.0
2700.0,463,0.0,0.0,0.0
2700.0,464,0.0,0.0,0.0
2700.0,465,0.0,0.0,0.0
2700.0,466,0.0,0.0,0.0
2700.0,467,0.0,0.0,0.0
2700.0,468,0.0,0.0,0.0
2700.0,469,0.0,0.0,0.0
2700.0,470,0.0,0.0,0.0
2700.0,471,0.0,0.0,0.0
2700.0,472,0.0,0.0,0.0
2700.0,473,0.0,0.0,0.0
2700.0,474,0.0,0.0,0.0
2700.0,475,0.0,0.0,0.0
2700.0,476,0.0,0.0,0.0
2700.0,477,0.0,0.0,0.0
2700.0,478,0.0,0.0,0.0
2700.0,479,0.0,0.0,0.0
2700.0,480,0.0,0.0,0.0
2700.0,481,0.0,0.0,0.0
2700.0,482,0.0,0.0,0.0
2700.0,483,0.0,0.0,0.0
2700.0,484,0.0,0.0,0.0
2700.0,485,0.0,0.0,0.0
2700.0,486,0.0,0.0,0.0
2700.0,487,0.0,0.0,0.0
2700.0,488,0.0,0.0,0.0
2700.0,489,0.0,0.0,0.0
2700.0,490,0.0,0.0,0.0
2700.0,491,0.0,0.0,0.0
2700.0,492,0.0,0.0,0.0
2700.0,493,0.0,0.0,0.0
2700.0,494,0.0,0.0,0.0
2700.0,495,0.0,0.0,0.0
2700.0,496,0.0,0.0,0.0
2700.0,497,20.0,20.0,1.0
2700.0,498,20.0,20.0,1.0
2700.0,499,20.0,20.0,1.0
2700.0,500,20.0,20.0,1.0
2700.0,501,0.0,20.0,0.0
2700.0,502,0.0,0.0,0.0
2700.0,503,0.0,0.0,0.0
2700.0,504,0.0,0.0,0.0
2700.0,505,0.0,0.0,0.0
2700.0,506,0.0,0.0,0.0
2700.0,507,0.0,0.0,0.0
2700.0,508,0.0,0.0,0.0
2700.0,509,0.0,0.0,0.0
2700.0,510,0.0,0.0,0.0
2700.0,511,0.0,0.0,0.0
2700.0,512,0.0,0.0,0.0
2700.0,513,0.0,0.0,0.0
2700.0,514,0.0,0.0,0.0
2700.0,515,0.0,0.0,0.0
2700.0,516,0.0,0.0,0.0
2700.0,517,0.0,0.0,0.0
2700.0,518,0.0,0.0,0.0
2700.0,519,0.0,0.0,0.0
2700.0,520,0.0,0.0,0.0
2700.0,521,0.0,0.0,0.0
2700.0,522,0.0,0.0,0.0
2700.0,523,0.0,0.0,0.0
2700.0,524,0.0,0.0,0.0
2700.0,525,0.0,0.0,0.0
2700.0,526,0.0,0.0,0.0
2700.0,527,0.0,0.0,0.0
2700.0,528,0.0,0.0,0.0
2700.0,529,0.0,0.0,0.0
2700.0,530,0.0,0.0,0.0
2700.0,531,0.0,0.0,0.0
2700.0,532,0.0,0.0,0.0
2700.0,533,0.0,0.0,0.0
2700.0,534,0.0,0.0,0.0
2700.0,535,0.0,0.0,0.0
2700.0,536,0.0,0.0,0.0
2700.0,537,0.0,0.0,0.0
2700.0,538,0.0,0.0,0.0
2700.0,539,0.0,0.0,0.0
2700.0,540,20.0,20.0,1.0
2700.0,541,19.999999999999996,20.0,0.9999999999999998
2700.0,542,11.200585861569301,20.0,0.560029293078465
2700.0,543,0.0,0.0,0.0
2700.0,544,0.0,0.0,0.0
2700.0,545,0.0,0.0,0.0
2700.0,546,0.0,0.0,0.0
2700.0,547,0.0,0.0,0.0
2700.0,548,0.0,0.0,0.0
2700.0,549,0.0,0.0,0.0
2700.0,550,0.0,0.0,0.0
2700.0,551,0.0,0.0,0.0
2700.0,552,0.0,0.0,0.0
2700.0,553,0.0,0.0,0.0
2700.0,554,0.0,0.0,0.0
2700.0,555,0.0,0.0,0.0
2700.0,556,0.0,0.0,0.0
2700.0,557,0.0,0.0,0.0
2700.0,558,0.0,0.0,0.0
2700.0,559,0.0,0.0,0.0
2700.0,560,0.0,0.0,0.0
2700.0,561,0.0,0.0,0.0
2700.0,562,0.0,0.0,0.0
2700.0,563,0.0,0.0,0.0
2700.0,564,0.0,0.0,0.0
2700.0,565,0.0,0.0,0.0
2700.0,566,0.0,0.0,0.0
2700.0,567,0.0,0.0,0.0
2700.0,568,0.0,0.0,0.0
2700.0,569,0.0,0.0,0.0
2700.0,570,0.0,0.0,0.0
2700.0,571,0.0,0.0,0.0
2700.0,572,0.0,0.0,0.0
2700.0,573,0.0,0.0,0.0
2700.0,574,0.0,0.0,0.0
2700.0,575,0.0,0.0,0.0
2700.0,576,0.0,0.0,0.0
2700.0,577,0.0,0.0,0.0
2700.0,578,0.0,0.0,0.0
2700.0,579,0.0,0.0,0.0
2700.0,580,0.0,0.0,0.0
2700.0,581,0.0,0.0,0.0
2700.0,582,0.0,0.0,0.0
2700.0,583,17.288258369567053,20.0,0.8644129184783527
2700.0,584,0.0,0.0,0.0
2700.0,585,0.0,0.0,0.0
2700.0,586,0.0,0.0,0.0
2700.0,587,0.0,0.0,0.0
2700.0,588,0.0,0.0,0.0
2700.0,589,0.0,0.0,0.0
2700.0,590,0.0,0.0,0.0
2700.0,591,0.0,0.0,0.0
2700.0,592,0.0,0.0,0.0
2700.0,593,0.0,0.0,0.0
2700.0,594,0.0,0.0,0.0
2700.0,595,0.0,0.0,0.0
2700.0,596,0.0,0.0,0.0
2700.0,597,0.0,0.0,0.0
2700.0,598,0.0,0.0,0.0
2700.0,599,0.0,0.0,0.0
2700.0,600,0.0,0.0,0.0
2700.0,601,0.0,0.0,0.0
2700.0,602,0.0,0.0,0.0
2700.0,603,0.0,0.0,0.0
2700.0,604,0.0,0.0,0.0
2700.0,605,0.0,0.0,0.0
2700.0,606,0.0,0.0,0.0
2700.0,607,0.0,0.0,0.0
2700.0,608,0.0,0.0,0.0
2700.0,609,0.0,0.0,0.0
2700.0,610,0.0,0.0,0.0
2700.0,611,0.0,0.0,0.0
2700.0,612,0.0,0.0,0.0
2700.0,613,0.0,0.0,0.0
2700.0,614,0.0,0.0,0.0
2700.0,615,0.0,0.0,0.0
2700.0,616,0.0,0.0,0.0
2700.0,617,0.0,0.0,0.0
2700.0,618,0.0,0.0,0.0
2700.0,619,0.0,0.0,0.0
2700.0,620,0.0,0.0,0.0
2700.0,621,0.0,0.0,0.0
2700.0,622,0.0,0.0,0.0
2700.0,623,0.0,0.0,0.0
2700.0,624,0.0,0.0,0.0
2700.0,625,0.0,0.0,0.0
2700.0,626,0.0,0.0,0.0
2700.0,627,0.0,0.0,0.0
2700.0,628,0.0,0.0,0.0
2700.0,629,0.0,0.0,0.0
2700.0,630,0.0,0.0,0.0
2700.0,631,0.0,0.0,0.0
2700.0,632,0.0,0.0,0.0
2700.0,633,0.0,0.0,0.0
2700.0,634,0.0,0.0,0.0
2700.0,635,0.0,0.0,0.0
2700.0,636,0.0,0.0,0.0
2700.0,637,0.0,0.0,0.0
2700.0,638,0.0,0.0,0.0
2700.0,639,0.0,0.0,0.0
2700.0,640,0.0,0.0,0.0
2700.0,641,0.0,0.0,0.0
2700.0,642,0.0,0.0,0.0
2700.0,643,0.0,0.0,0.0
2700.0,644,0.0,0.0,0.0
2700.0,645,0.0,0.0,0.0
2700.0,646,0.0,0.0,0.0
2700.0,647,0.0,0.0,0.0
2700.0,648,0.0,0.0,0.0
2700.0,649,0.0,0.0,0.0
2700.0,650,0.0,0.0,0.0
2700.0,651,0.0,0.0,0.0
2700.0,652,0.0,0.0,0.0
2700.0,653,0.0,0.0,0.0
2700.0,654,0.0,0.0,0.0
2700.0,655,0.0,0.0,0.0
2700.0,656,0.0,0.0,0.0
2700.0,657,0.0,0.0,0.0
2700.0,658,0.0,0.0,0.0
2700.0,659,0.0,0.0,0.0
2700.0,660,0.0,0.0,0.0
2700.0,661,0.0,0.0,0.0
2700.0,662,0.0,0.0,0.0
2700.0,663,0.0,0.0,0.0
2700.0,664,0.0,0.0,0.0
2700.0,665,0.0,0.0,0.0
2700.0,666,0.0,0.0,0.0
2700.0,667,0.0,0.0,0.0
2700.0,668,0.0,0.0,0.0
2700.0,669,0.0,0.0,0.0
2700.0,670,0.0,0.0,0.0
2700.0,671,0.0,0.0,0.0
2700.0,672,0.0,0.0,0.0
2700.0,673,0.0,0.0,0.0
2700.0,674,0.0,0.0,0.0
2700.0,675,0.0,0.0,0.0
2700.0,676,0.0,0.0,0.0
2700.0,677,0.0,0.0,0.0
2700.0,678,0.0,0.0,0.0
2700.0,679,0.0,0.0,0.0
2700.0,680,0.0,0.0,0.0
2700.0,681,0.0,0.0,0.0
2700.0,682,0.0,0.0,0.0
2700.0,683,0.0,0.0,0.0
2700.0,684,0.0,0.0,0.0
2700.0,685,0.0,0.0,0.0
2700.0,686,0.0,0.0,0.0
2700.0,687,0.0,0.0,0.0
2700.0,688,0.0,0.0,0.0
2700.0,689,0.0,0.0,0.0
2700.0,690,0.0,0.0,0.0
2700.0,691,0.0,0.0,0.0
2700.0,692,0.0,0.0,0.0
2700.0,693,0.0,0.0,0.0
2700.0,694,0.0,0.0,0.0
2700.0,695,0.0,0.0,0.0
2700.0,696,0.0,0.0,0.0
2700.0,697,0.0,0.0,0.0
2700.0,698,0.0,0.0,0.0
2700.0,699,0.0,0.0,0.0
2700.0,700,0.0,0.0,0.0
2700.0,701,0.0,0.0,0.0
2700.0,702,0.0,0.0,0.0
2700.0,703,0.0,0.0,0.0
2700.0,704,0.0,0.0,0.0
2700.0,705,0.0,0.0,0.0
2700.0,706,0.0,0.0,0.0
2700.0,707,0.0,0.0,0.0
2700.0,708,0.0,0.0,0.0
2700.0,709,0.0,0.0,0.0
2700.0,710,0.0,0.0,0.0
2700.0,711,0.0,0.0,0.0
2700.0,712,0.0,0.0,0.0
2700.0,713,0.0,0.0,0.0
2700.0,714,0.0,0.0,0.0
2700.0,715,0.0,0.0,0.0
2700.0,716,0.0,0.0,0.0
2700.0,717,0.0,0.0,0.0
2700.0,718,0.0,0.0,0.0
2700.0,719,0.0,0.0,0.0
2700.0,720,0.0,0.0,0.0
2700.0,721,0.0,0.0,0.0
2700.0,722,0.0,0.0,0.0
2700.0,723,0.0,0.0,0.0
2700.0,724,0.0,0.0,0.0
2700.0,725,0.0,0.0,0.0
2700.0,726,0.0,0.0,0.0
2700.0,727,0.0,0.0,0.0
2700.0,728,0.0,0.0,0.0
2700.0,729,0.0,0.0,0.0
2700.0,730,0.0,0.0,0.0
2700.0,731,0.0,0.0,0.0
2700.0,732,0.0,0.0,0.0
2700.0,733,0.0,0.0,0.0
2700.0,734,0.0,0.0,0.0
2700.0,735,0.0,0.0,0.0
2700.0,736,0.0,0.0,0.0
2700.0,737,0.0,0.0,0.0
2700.0,738,0.0,0.0,0.0
2700.0,739,0.0,0.0,0.0
2700.0,740,0.0,0.0,0.0
2700.0,741,0.0,0.0,0.0
2700.0,742,0.0,0.0,0.0
2700.0,743,0.0,0.0,0.0
2700.0,744,0.0,0.0,0.0
2700.0,745,0.0,0.0,0.0
2700.0,746,0.0,0.0,0.0
2700.0,747,0.0,0.0,0.0
2700.0,748,0.0,0.0,0.0
2700.0,749,0.0,0.0,0.0
2700.0,750,0.0,0.0,0.0
2700.0,751,0.0,0.0,0.0
2700.0,752,0.0,0.0,0.0
2700.0,753,0.0,0.0,0.0
2700.0,754,0.0,0.0,0.0
2700.0,755,0.0,0.0,0.0
2700.0,756,0.0,0.0,0.0
2700.0,757,0.0,0.0,0.0
2700.0,758,0.0,0.0,0.0
2700.0,759,0.0,0.0,0.0
2700.0,760,0.0,0.0,0.0
2700.0,761,0.0,0.0,0.0
2700.0,762,0.0,0.0,0.0
2700.0,763,0.0,0.0,0.0
2700.0,764,0.0,0.0,0.0
2700.0,765,0.0,0.0,0.0
2700.0,766,0.0,0.0,0.0
2700.0,767,0.0,0.0,0.0
2700.0,768,0.0,0.0,0.0
2700.0,769,0.0,0.0,0.0
2700.0,770,0.0,0.0,0.0
2700.0,771,0.0,0.0,0.0
2700.0,772,0.0,0.0,0.0
2700.0,773,0.0,0.0,0.0
2700.0,774,0.0,0.0,0.0
2700.0,775,0.0,0.0,0.0
2700.0,776,0.0,0.0,0.0
2700.0,777,0.0,0.0,0.0
2700.0,778,0.0,0.0,0.0
2700.0,779,0.0,0.0,0.0
2700.0,780,0.0,0.0,0.0
2700.0,781,0.0,0.0,0.0
2700.0,782,0.0,0.0,0.0
2700.0,783,0.0,0.0,0.0
2700.0,784,0.0,0.0,0.0
2700.0,785,0.0,0.0,0.0
2700.0,786,0.0,0.0,0.0
2700.0,787,0.0,0.0,0.0
2700.0,788,0.0,0.0,0.0
2700.0,789,0.0,0.0,0.0
2700.0,790,0.0,0.0,0.0
2700.0,791,0.0,0.0,0.0
2700.0,792,0.0,0.0,0.0
2700.0,793,0.0,0.0,0.0
2700.0,794,0.0,0.0,0.0
2700.0,795,0.0,0.0,0.0
2700.0,796,0.0,0.0,0.0
2700.0,797,0.0,0.0,0.0
2700.0,798,0.0,0.0,0.0
2700.0,799,0.0,0.0,0.0
2700.0,800,0.0,0.0,0.0
2700.0,801,0.0,0.0,0.0
2700.0,802,0.0,0.0,0.0
2700.0,803,0.0,0.0,0.0
2700.0,804,0.0,0.0,0.0
2700.0,805,0.0,0.0,0.0
2700.0,806,0.0,0.0,0.0
2700.0,807,0.0,0.0,0.0
2700.0,808,0.0,0.0,0.0
2700.0,809,0.0,0.0,0.0
2700.0,810,0.0,0.0,0.0
2700.0,811,0.0,0.0,0.0
2700.0,812,0.0,0.0,0.0
2700.0,813,0.0,0.0,0.0
2700.0,814,0.0,0.0,0.0
2700.0,815,0.0,0.0,0.0
2700.0,816,0.0,0.0,0.0
2700.0,817,0.0,0.0,0.0
2700.0,818,0.0,0.0,0.0
2700.0,819,0.0,0.0,0.0
2700.0,820,0.0,0.0,0.0
2700.0,821,0.0,0.0,0.0
2700.0,822,0.0,0.0,0.0
2700.0,823,0.0,0.0,0.0
2700.0,824,0.0,0.0,0.0
2700.0,825,0.0,0.0,0.0
2700.0,826,0.0,0.0,0.0
2700.0,827,0.0,0.0,0.0
2700.0,828,0.0,0.0,0.0
2700.0,829,0.0,0.0,0.0
2700.0,830,0.0,0.0,0.0
2700.0,831,0.0,0.0,0.0
2700.0,832,0.0,0.0,0.0
2700.0,833,0.0,0.0,0.0
2700.0,834,0.0,0.0,0.0
2700.0,835,0.0,0.0,0.0
2700.0,836,0.0,0.0,0.0
2700.0,837,0.0,0.0,0.0
2700.0,838,0.0,0.0,0.0
2700.0,839,0.0,0.0,0.0
2700.0,840,0.0,0.0,0.0
2700.0,841,0.0,0.0,0.0
2700.0,842,0.0,0.0,0.0
2700.0,843,0.0,0.0,0.0
2700.0,844,0.0,0.0,0.0
2700.0,845,0.0,0.0,0.0
2700.0,846,0.0,0.0,0.0
2700.0,847,0.0,0.0,0.0
2700.0,848,0.0,0.0,0.0
2700.0,849,0.0,0.0,0.0
2700.0,850,0.0,0.0,0.0
2700.0,851,0.0,0.0,0.0
2700.0,852,0.0,0.0,0.0
2700.0,853,0.0,0.0,0.0
2700.0,854,0.0,0.0,0.0
2700.0,855,0.0,0.0,0.0
2700.0,856,0.0,0.0,0.0
2700.0,857,0.0,0.0,0.0
2700.0,858,0.0,0.0,0.0
2700.0,859,0.0,0.0,0.0
2700.0,860,0.0,0.0,0.0
2700.0,861,0.0,0.0,0.0
2700.0,862,0.0,0.0,0.0
2700.0,863,0.0,0.0,0.0
2700.0,864,0.0,0.0,0.0
2700.0,865,0.0,0.0,0.0
2700.0,866,0.0,0.0,0.0
2700.0,867,0.0,0.0,0.0
2700.0,868,0.0,0.0,0.0
2700.0,869,0.0,0.0,0.0
2700.0,870,0.0,0.0,0.0
2700.0,871,0.0,0.0,0.0
2700.0,872,0.0,0.0,0.0
2700.0,873,0.0,0.0,0.0
2700.0,874,0.0,0.0,0.0
2700.0,875,0.0,0.0,0.0
2700.0,876,0.0,0.0,0.0
2700.0,877,0.0,0.0,0.0
2700.0,878,0.0,0.0,0.0
2700.0,879,0.0,0.0,0.0
2700.0,880,0.0,0.0,0.0
2700.0,881,0.0,0.0,0.0
2700.0,882,0.0,0.0,0.0
2700.0,883,0.0,0.0,0.0
2700.0,884,0.0,0.0,0.0
2700.0,885,0.0,0.0,0.0
2700.0,886,0.0,0.0,0.0
2700.0,887,0.0,0.0,0.0
2700.0,888,0.0,0.0,0.0
2700.0,889,0.0,0.0,0.0
2700.0,890,0.0,0.0,0.0
2700.0,891,0.0,0.0,0.0
2700.0,892,0.0,0.0,0.0
2700.0,893,0.0,0.0,0.0
2700.0,894,0.0,0.0,0.0
2700.0,895,0.0,0.0,0.0
2700.0,896,0.0,0.0,0.0
2700.0,897,0.0,0.0,0.0
2700.0,898,0.0,0.0,0.0
2700.0,899,0.0,0.0,0.0
2700.0,900,0.0,0.0,0.0
2700.0,901,0.0,0.0,0.0
2700.0,902,0.0,0.0,0.0
2700.0,903,0.0,0.0,0.0
2700.0,904,0.0,0.0,0.0
2700.0,905,0.0,0.0,0.0
2700.0,906,0.0,0.0,0.0
2700.0,907,0.0,0.0,0.0
2700.0,908,0.0,0.0,0.0
2700.0,909,0.0,0.0,0.0
2700.0,910,0.0,0.0,0.0
2700.0,911,0.0,0.0,0.0
2700.0,912,0.0,0.0,0.0
2700.0,913,0.0,0.0,0.0
2700.0,914,0.0,0.0,0.0
2700.0,915,0.0,0.0,0.0
2700.0,916,0.0,0.0,0.0
2700.0,917,0.0,0.0,0.0
2700.0,918,0.0,0.0,0.0
2700.0,919,0.0,0.0,0.0
2700.0,920,0.0,0.0,0.0
2700.0,921,0.0,0.0,0.0
2700.0,922,0.0,0.0,0.0
2700.0,923,0.0,0.0,0.0
2700.0,924,0.0,0.0,0.0
2700.0,925,0.0,0.0,0.0
2700.0,926,0.0,0.0,0.0
2700.0,927,0.0,0.0,0.0
2700.0,928,0.0,0.0,0.0
2700.0,929,0.0,0.0,0.0
2700.0,930,0.0,0.0,0.0
2700.0,931,0.0,0.0,0.0
2700.0,932,0.0,0.0,0.0
2700.0,933,0.0,0.0,0.0
2700.0,934,0.0,0.0,0.0
2700.0,935,0.0,0.0,0.0
2700.0,936,0.0,0.0,0.0
2700.0,937,0.0,0.0,0.0
2700.0,938,0.0,0.0,0.0
2700.0,939,0.0,0.0,0.0
2700.0,940,0.0,0.0,0.0
2700.0,941,0.0,0.0,0.0
2700.0,942,0.0,0.0,0.0
2700.0,943,0.0,0.0,0.0
2700.0,944,0.0,0.0,0.0
2700.0,945,0.0,0.0,0.0
2700.0,946,0.0,0.0,0.0
2700.0,947,0.0,0.0,0.0
2700.0,948,0.0,0.0,0.0
2700.0,949,0.0,0.0,0.0
2700.0,950,0.0,0.0,0.0
2700.0,951,0.0,0.0,0.0
2700.0,952,0.0,0.0,0.0
2700.0,953,0.0,0.0,0.0
2700.0,954,0.0,0.0,0.0
2700.0,955,0.0,0.0,0.0
2700.0,956,0.0,0.0,0.0
2700.0,957,0.0,0.0,0.0
2700.0,958,0.0,0.0,0.0
2700.0,959,0.0,0.0,0.0
2700.0,960,0.0,0.0,0.0
2700.0,961,0.0,0.0,0.0
2700.0,962,0.0,0.0,0.0
2700.0,963,0.0,0.0,0.0
2700.0,964,0.0,0.0,0.0
2700.0,965,0.0,0.0,0.0
2700.0,966,0.0,0.0,0.0
2700.0,967,0.0,0.0,0.0
2700.0,968,0.0,0.0,0.0
2700.0,969,0.0,0.0,0.0
2700.0,970,0.0,0.0,0.0
2700.0,971,0.0,0.0,0.0
2700.0,972,0.0,0.0,0.0
2700.0,973,0.0,0.0,0.0
2700.0,974,0.0,0.0,0.0
2700.0,975,0.0,0.0,0.0
2700.0,976,0.0,0.0,0.0
2700.0,977,0.0,0.0,0.0
2700.0,978,0.0,0.0,0.0
2700.0,979,0.0,0.0,0.0
2700.0,980,0.0,0.0,0.0
2700.0,981,0.0,0.0,0.0
2700.0,982,0.0,0.0,0.0
2700.0,983,0.0,0.0,0.0
2700.0,984,0.0,0.0,0.0
2700.0,985,0.0,0.0,0.0
2700.0,986,0.0,0.0,0.0
2700.0,987,0.0,0.0,0.0
2700.0,988,0.0,0.0,0.0
2700.0,989,0.0,0.0,0.0
2700.0,990,0.0,0.0,0.0
2700.0,991,0.0,0.0,0.0
2700.0,992,0.0,0.0,0.0
2700.0,993,0.0,0.0,0.0
2700.0,994,0.0,0.0,0.0
2700.0,995,0.0,0.0,0.0
2700.0,996,0.0,0.0,0.0
2700.0,997,0.0,0.0,0.0
2700.0,998,0.0,0.0,0.0
2700.0,999,0.0,0.0,0.0
2700.0,1000,0.0,0.0,0.0
2700.0,1001,0.0,0.0,0.0
2700.0,1002,0.0,0.0,0.0
2700.0,1003,0.0,0.0,0.0
2700.0,1004,0.0,0.0,0.0
2700.0,1005,0.0,0.0,0.0
2700.0,1006,0.0,0.0,0.0
2700.0,1007,0.0,0.0,0.0
2700.0,1008,0.0,0.0,0.0
2700.0,1009,0.0,0.0,0.0
2700.0,1010,0.0,0.0,0.0
2700.0,1011,0.0,0.0,0.0
2700.0,1012,0.0,0.0,0.0
2700.0,1013,0.0,0.0,0.0
2700.0,1014,0.0,0.0,0.0
2700.0,1015,0.0,0.0,0.0
2700.0,1016,0.0,0.0,0.0
2700.0,1017,0.0,0.0,0.0
2700.0,1018,0.0,0.0,0.0
2700.0,1019,0.0,0.0,0.0
2700.0,1020,0.0,0.0,0.0
2700.0,1021,0.0,0.0,0.0
2700.0,1022,0.0,0.0,0.0
2700.0,1023,0.0,0.0,0.0
2700.0,1024,0.0,0.0,0.0
2700.0,1025,0.0,0.0,0.0
2700.0,1026,0.0,0.0,0.0
2700.0,1027,0.0,0.0,0.0
2700.0,1028,0.0,0.0,0.0
2700.0,1029,0.0,0.0,0.0
2700.0,1030,0.0,0.0,0.0
2700.0,1031,0.0,0.0,0.0
2700.0,1032,0.0,0.0,0.0
2700.0,1033,0.0,0.0,0.0
2700.0,1034,0.0,0.0,0.0
2700.0,1035,0.0,0.0,0.0
2700.0,1036,0.0,0.0,0.0
2700.0,1037,0.0,0.0,0.0
2700.0,1038,0.0,0.0,0.0
2700.0,1039,0.0,0.0,0.0
2700.0,1040,0.0,0.0,0.0
2700.0,1041,0.0,0.0,0.0
2700.0,1042,0.0,0.0,0.0
2700.0,1043,0.0,0.0,0.0
2700.0,1044,0.0,0.0,0.0
2700.0,1045,0.0,0.0,0.0
2700.0,1046,0.0,0.0,0.0
2700.0,1047,0.0,0.0,0.0
2700.0,1048,0.0,0.0,0.0
2700.0,1049,0.0,0.0,0.0
2700.0,1050,0.0,0.0,0.0
2700.0,1051,0.0,0.0,0.0
2700.0,1052,0.0,0.0,0.0
2700.0,1053,0.0,0.0,0.0
2700.0,1054,0.0,0.0,0.0
2700.0,1055,0.0,0.0,0.0
2700.0,1056,0.0,0.0,0.0
2700.0,1057,0.0,0.0,0.0
2700.0,1058,0.0,0.0,0.0
2700.0,1059,0.0,0.0,0.0
2700.0,1060,0.0,0.0,0.0
2700.0,1061,0.0,0.0,0.0
2700.0,1062,0.0,0.0,0.0
2700.0,1063,0.0,0.0,0.0
2700.0,1064,0.0,0.0,0.0
2700.0,1065,0.0,0.0,0.0
2700.0,1066,0.0,0.0,0.0
2700.0,1067,0.0,0.0,0.0
2700.0,1068,0.0,0.0,0.0
2700.0,1069,0.0,0.0,0.0
2700.0,1070,0.0,0.0,0.0
2700.0,1071,0.0,0.0,0.0
2700.0,1072,0.0,0.0,0.0
2700.0,1073,0.0,0.0,0.0
2700.0,1074,0.0,0.0,0.0
2700.0,1075,0.0,0.0,0.0
2700.0,1076,0.0,0.0,0.0
2700.0,1077,0.0,0.0,0.0
2700.0,1078,0.0,0.0,0.0
2700.0,1079,0.0,0.0,0.0
2700.0,1080,0.0,0.0,0.0
2700.0,1081,0.0,0.0,0.0
2700.0,1082,0.0,0.0,0.0
2700.0,1083,0.0,0.0,0.0
2700.0,1084,0.0,0.0,0.0
2700.0,1085,0.0,0.0,0.0
2700.0,1086,0.0,0.0,0.0
2700.0,1087,0.0,0.0,0.0
2700.0,1088,0.0,0.0,0.0
2700.0,1089,0.0,0.0,0.0
2700.0,1090,0.0,0.0,0.0
2700.0,1091,0.0,0.0,0.0
2700.0,1092,0.0,0.0,0.0
2700.0,1093,0.0,0.0,0.0
2700.0,1094,0.0,0.0,0.0
2700.0,1095,0.0,0.0,0.0
2700.0,1096,0.0,0.0,0.0
2700.0,1097,0.0,0.0,0.0
2700.0,1098,0.0,0.0,0.0
2700.0,1099,0.0,0.0,0.0
2700.0,1100,0.0,0.0,0.0
2700.0,1101,0.0,0.0,0.0
2700.0,1102,0.0,0.0,0.0
2700.0,1103,0.0,0.0,0.0
2700.0,1104,0.0,0.0,0.0
2700.0,1105,0.0,0.0,0.0
2700.0,1106,0.0,0.0,0.0
2700.0,1107,0.0,0.0,0.0
2700.0,1108,0.0,0.0,0.0
2700.0,1109,0.0,0.0,0.0
2700.0,1110,0.0,0.0,0.0
2700.0,1111,0.0,0.0,0.0
2700.0,1112,0.0,0.0,0.0
2700.0,1113,0.0,0.0,0.0
2700.0,1114,0.0,0.0,0.0
2700.0,1115,0.0,0.0,0.0
2700.0,1116,0.0,0.0,0.0
2700.0,1117,0.0,0.0,0.0
2700.0,1118,0.0,0.0,0.0
2700.0,1119,0.0,20.0,0.0
2700.0,1120,8.804085213639121,20.0,0.44020426068195606
2700.0,1121,0.0,0.0,0.0
2700.0,1122,0.0,0.0,0.0
2700.0,1123,0.0,0.0,0.0
2700.0,1124,0.0,0.0,0.0
2700.0,1125,0.0,0.0,0.0
2700.0,1126,0.0,0.0,0.0
2700.0,1127,0.0,0.0,0.0
2700.0,1128,0.0,0.0,0.0
2700.0,1129,0.0,0.0,0.0
2700.0,1130,0.0,0.0,0.0
2700.0,1131,0.0,0.0,0.0
2700.0,1132,0.0,0.0,0.0
2700.0,1133,0.0,0.0,0.0
2700.0,1134,0.0,0.0,0.0
2700.0,1135,0.0,0.0,0.0
2700.0,1136,0.0,0.0,0.0
2700.0,1137,0.0,0.0,0.0
2700.0,1138,0.0,0.0,0.0
2700.0,1139,0.0,0.0,0.0
2700.0,1140,0.0,0.0,0.0
2700.0,1141,0.0,0.0,0.0
2700.0,1142,0.0,0.0,0.0
2700.0,1143,0.0,0.0,0.0
2700.0,1144,0.0,0.0,0.0
2700.0,1145,0.0,0.0,0.0
2700.0,1146,0.0,0.0,0.0
2700.0,1147,0.0,0.0,0.0
2700.0,1148,0.0,0.0,0.0
2700.0,1149,0.0,0.0,0.0
2700.0,1150,0.0,0.0,0.0
2700.0,1151,0.0,0.0,0.0
2700.0,1152,0.0,0.0,0.0
2700.0,1153,0.0,0.0,0.0
2700.0,1154,0.0,0.0,0.0
2700.0,1155,0.0,0.0,0.0
2700.0,1156,0.0,0.0,0.0
2700.0,1157,0.0,0.0,0.0
2700.0,1158,0.0,0.0,0.0
2700.0,1159,0.0,0.0,0.0
2700.0,1160,0.0,20.0,0.0
2700.0,1161,13.070665373451494,20.0,0.6535332686725747
2700.0,1162,20.0,20.0,1.0
2700.0,1163,20.0,20.0,1.0
2700.0,1164,0.0,0.0,0.0
2700.0,1165,0.0,0.0,0.0
2700.0,1166,0.0,0.0,0.0
2700.0,1167,0.0,0.0,0.0
2700.0,1168,0.0,0.0,0.0
2700.0,1169,0.0,0.0,0.0
2700.0,1170,0.0,0.0,0.0
2700.0,1171,0.0,0.0,0.0
2700.0,1172,0.0,0.0,0.0
2700.0,1173,0.0,0.0,0.0
2700.0,1174,0.0,0.0,0.0
2700.0,1175,0.0,0.0,0.0
2700.0,1176,0.0,0.0,0.0
2700.0,1177,0.0,0.0,0.0
2700.0,1178,0.0,0.0,0.0
2700.0,1179,0.0,0.0,0.0
2700.0,1180,0.0,0.0,0.0
2700.0,1181,0.0,0.0,0.0
2700.0,1182,0.0,0.0,0.0
2700.0,1183,0.0,0.0,0.0
2700.0,1184,0.0,0.0,0.0
2700.0,1185,0.0,0.0,0.0
2700.0,1186,0.0,0.0,0.0
2700.0,1187,0.0,0.0,0.0
2700.0,1188,0.0,0.0,0.0
2700.0,1189,0.0,0.0,0.0
2700.0,1190,0.0,0.0,0.0
2700.0,1191,0.0,0.0,0.0
2700.0,1192,0.0,0.0,0.0
2700.0,1193,0.0,0.0,0.0
2700.0,1194,0.0,0.0,0.0
2700.0,1195,0.0,0.0,0.0
2700.0,1196,0.0,0.0,0.0
2700.0,1197,0.0,0.0,0.0
2700.0,1198,0.0,0.0,0.0
2700.0,1199,0.0,0.0,0.0
2700.0,1200,0.0,0.0,0.0
2700.0,1201,0.0,0.0,0.0
2700.0,1202,5.244374674818454,20.0,0.2622187337409227
2700.0,1203,17.4383611950797,20.0,0.8719180597539851
2700.0,1204,20.0,20.0,1.0
2700.0,1205,20.0,20.0,1.0
2700.0,1206,20.0,20.0,1.0
2700.0,1207,0.0,0.0,0.0
2700.0,1208,0.0,0.0,0.0
2700.0,1209,0.0,0.0,0.0
2700.0,1210,0.0,0.0,0.0
2700.0,1211,0.0,0.0,0.0
2700.0,1212,0.0,0.0,0.0
2700.0,1213,0.0,0.0,0.0
2700.0,1214,0.0,0.0,0.0
2700.0,1215,0.0,0.0,0.0
2700.0,1216,0.0,0.0,0.0
2700.0,1217,0.0,0.0,0.0
2700.0,1218,0.0,0.0,0.0
2700.0,1219,0.0,0.0,0.0
2700.0,1220,0.0,0.0,0.0
2700.0,1221,0.0,0.0,0.0
2700.0,1222,0.0,0.0,0.0
2700.0,1223,0.0,0.0,0.0
2700.0,1224,0.0,0.0,0.0
2700.0,1225,0.0,0.0,0.0
2700.0,1226,0.0,0.0,0.0
2700.0,1227,0.0,0.0,0.0
2700.0,1228,0.0,0.0,0.0
2700.0,1229,0.0,0.0,0.0
2700.0,1230,0.0,0.0,0.0
2700.0,1231,0.0,0.0,0.0
2700.0,1232,0.0,0.0,0.0
2700.0,1233,0.0,0.0,0.0
2700.0,1234,0.0,0.0,0.0
2700.0,1235,0.0,0.0,0.0
2700.0,1236,0.0,0.0,0.0
2700.0,1237,0.0,0.0,0.0
2700.0,1238,0.0,0.0,0.0
2700.0,1239,0.0,0.0,0.0
2700.0,1240,0.0,0.0,0.0
2700.0,1241,0.0,0.0,0.0
2700.0,1242,0.0,0.0,0.0
2700.0,1243,0.0,12.070347939487114,0.0
2700.0,1244,0.0,20.0,0.0
2700.0,1245,15.316866841710903,20.0,0.7658433420855452
2700.0,1246,20.0,20.0,1.0
2700.0,1247,20.0,20.0,1.0
2700.0,1248,20.0,20.0,1.0
2700.0,1249,19.315935579102206,20.0,0.9657967789551103
2700.0,1250,0.0,0.0,0.0
2700.0,1251,0.0,0.0,0.0
2700.0,1252,0.0,0.0,0.0
2700.0,1253,0.0,0.0,0.0
2700.0,1254,0.0,0.0,0.0
2700.0,1255,0.0,0.0,0.0
2700.0,1256,0.0,0.0,0.0
2700.0,1257,0.0,0.0,0.0
2700.0,1258,0.0,0.0,0.0
2700.0,1259,0.0,0.0,0.0
2700.0,1260,0.0,0.0,0.0
2700.0,1261,0.0,0.0,0.0
2700.0,1262,0.0,0.0,0.0
2700.0,1263,0.0,0.0,0.0
2700.0,1264,0.0,0.0,0.0
2700.0,1265,0.0,0.0,0.0
2700.0,1266,0.0,0.0,0.0
2700.0,1267,0.0,0.0,0.0
2700.0,1268,0.0,0.0,0.0
2700.0,1269,0.0,0.0,0.0
2700.0,1270,0.0,0.0,0.0
2700.0,1271,0.0,0.0,0.0
2700.0,1272,0.0,0.0,0.0
2700.0,1273,0.0,0.0,0.0
2700.0,1274,0.0,0.0,0.0
2700.0,1275,0.0,0.0,0.0
2700.0,1276,0.0,0.0,0.0
2700.0,1277,0.0,0.0,0.0
2700.0,1278,0.0,0.0,0.0
2700.0,1279,0.0,0.0,0.0
2700.0,1280,0.0,0.0,0.0
2700.0,1281,0.0,0.0,0.0
2700.0,1282,0.0,0.0,0.0
2700.0,1283,0.0,0.0,0.0
2700.0,1284,0.0,0.0,0.0
2700.0,1285,0.0,20.0,0.0
2700.0,1286,0.0,20.0,0.0
2700.0,1287,13.215745681899794,20.0,0.6607872840949897
2700.0,1288,6.212037725157946,20.0,0.3106018862578973
2700.0,1289,11.828647847624225,20.0,0.5914323923812113
2700.0,1290,20.0,20.0,1.0
2700.0,1291,20.0,20.0,1.0
2700.0,1292,20.0,20.0,1.0
2700.0,1293,0.0,0.0,0.0
2700.0,1294,0.0,0.0,0.0
2700.0,1295,0.0,0.0,0.0
2700.0,1296,0.0,0.0,0.0
2700.0,1297,0.0,0.0,0.0
2700.0,1298,0.0,0.0,0.0
2700.0,1299,0.0,0.0,0.0
2700.0,1300,0.0,0.0,0.0
2700.0,1301,0.0,0.0,0.0
2700.0,1302,0.0,0.0,0.0
2700.0,1303,0.0,0.0,0.0
2700.0,1304,0.0,0.0,0.0
2700.0,1305,0.0,0.0,0.0
2700.0,1306,0.0,0.0,0.0
2700.0,1307,0.0,0.0,0.0
2700.0,1308,0.0,0.0,0.0
2700.0,1309,0.0,0.0,0.0
2700.0,1310,0.0,0.0,0.0
2700.0,1311,0.0,0.0,0.0
2700.0,1312,0.0,0.0,0.0
2700.0,1313,0.0,0.0,0.0
2700.0,1314,0.0,0.0,0.0
2700.0,1315,0.0,0.0,0.0
2700.0,1316,0.0,0.0,0.0
2700.0,1317,0.0,0.0,0.0
2700.0,1318,0.0,0.0,0.0
2700.0,1319,0.0,0.0,0.0
2700.0,1320,0.0,0.0,0.0
2700.0,1321,0.0,0.0,0.0
2700.0,1322,0.0,0.0,0.0
2700.0,1323,0.0,0.0,0.0
2700.0,1324,0.0,0.0,0.0
2700.0,1325,0.0,0.0,0.0
2700.0,1326,0.0,0.0,0.0
2700.0,1327,0.0,20.0,0.0
2700.0,1328,0.0,20.0,0.0
2700.0,1329,0.0,20.0,0.0
2700.0,1330,20.0,20.0,1.0
2700.0,1331,20.0,20.0,1.0
2700.0,1332,20.0,20.0,1.0
2700.0,1333,20.0,20.0,1.0
2700.0,1334,20.0,20.0,1.0
2700.0,1335,20.0,20.0,1.0
2700.0,1336,0.0,0.0,0.0
2700.0,1337,0.0,0.0,0.0
2700.0,1338,0.0,0.0,0.0
2700.0,1339,0.0,0.0,0.0
2700.0,1340,0.0,0.0,0.0
2700.0,1341,0.0,0.0,0.0
2700.0,1342,0.0,0.0,0.0
2700.0,1343,0.0,0.0,0.0
2700.0,1344,0.0,0.0,0.0
2700.0,1345,0.0,0.0,0.0
2700.0,1346,0.0,0.0,0.0
2700.0,1347,0.0,0.0,0.0
2700.0,1348,0.0,0.0,0.0
2700.0,1349,0.0,0.0,0.0
2700.0,1350,0.0,0.0,0.0
2700.0,1351,0.0,0.0,0.0
2700.0,1352,0.0,0.0,0.0
2700.0,1353,0.0,0.0,0.0
2700.0,1354,0.0,0.0,0.0
2700.0,1355,0.0,0.0,0.0
2700.0,1356,0.0,0.0,0.0
2700.0,1357,0.0,0.0,0.0
2700.0,1358,0.0,0.0,0.0
2700.0,1359,0.0,0.0,0.0
2700.0,1360,0.0,0.0,0.0
2700.0,1361,0.0,0.0,0.0
2700.0,1362,0.0,0.0,0.0
2700.0,1363,0.0,0.0,0.0
2700.0,1364,0.0,0.0,0.0
2700.0,1365,0.0,0.0,0.0
2700.0,1366,0.0,0.0,0.0
2700.0,1367,0.0,0.0,0.0
2700.0,1368,0.0,0.0,0.0
2700.0,1369,0.0,20.0,0.0
2700.0,1370,0.0,20.0,0.0
2700.0,1371,0.0,20.0,0.0
2700.0,1372,6.717919161920198,20.0,0.3358959580960099
2700.0,1373,20.0,20.0,1.0
2700.0,1374,20.0,20.0,1.0
2700.0,1375,20.0,20.0,1.0
2700.0,1376,20.0,20.0,1.0
2700.0,1377,19.999999999999993,20.0,0.9999999999999997
2700.0,1378,5.7433953185771,20.0,0.287169765928855
2700.0,1379,0.0,0.0,0.0
2700.0,1380,0.0,0.0,0.0
2700.0,1381,0.0,0.0,0.0
2700.0,1382,0.0,0.0,0.0
2700.0,1383,0.0,0.0,0.0
2700.0,1384,0.0,0.0,0.0
2700.0,1385,0.0,0.0,0.0
2700.0,1386,0.0,0.0,0.0
2700.0,1387,0.0,0.0,0.0
2700.0,1388,0.0,0.0,0.0
2700.0,1389,0.0,0.0,0.0
2700.0,1390,0.0,0.0,0.0
2700.0,1391,0.0,0.0,0.0
2700.0,1392,0.0,0.0,0.0
2700.0,1393,0.0,0.0,0.0
2700.0,1394,0.0,0.0,0.0
2700.0,1395,0.0,0.0,0.0
2700.0,1396,0.0,0.0,0.0
2700.0,1397,0.0,0.0,0.0
2700.0,1398,0.0,0.0,0.0
2700.0,1399,0.0,0.0,0.0
2700.0,1400,0.0,0.0,0.0
2700.0,1401,0.0,0.0,0.0
2700.0,1402,0.0,0.0,0.0
2700.0,1403,0.0,0.0,0.0
2700.0,1404,0.0,0.0,0.0
2700.0,1405,0.0,0.0,0.0
2700.0,1406,0.0,0.0,0.0
2700.0,1407,0.0,0.0,0.0
2700.0,1408,0.0,0.0,0.0
2700.0,1409,0.0,0.0,0.0
2700.0,1410,0.0,0.0,0.0
2700.0,1411,0.0,0.0,0.0
2700.0,1412,0.0,20.0,0.0
2700.0,1413,0.0,20.0,0.0
2700.0,1414,8.039319131522591,20.0,0.40196595657612955
2700.0,1415,19.280266578359058,20.0,0.9640133289179529
2700.0,1416,18.837149179075034,20.0,0.9418574589537517
2700.0,1417,20.0,20.0,1.0
2700.0,1418,20.0,20.0,1.0
2700.0,1419,17.284139190317696,20.0,0.8642069595158848
2700.0,1420,0.0,0.0,0.0
2700.0,1421,0.0,0.0,0.0
2700.0,1422,0.0,0.0,0.0
2700.0,1423,0.0,0.0,0.0
2700.0,1424,0.0,0.0,0.0
2700.0,1425,0.0,0.0,0.0
2700.0,1426,0.0,0.0,0.0
2700.0,1427,0.0,0.0,0.0
2700.0,1428,0.0,0.0,0.0
2700.0,1429,0.0,0.0,0.0
2700.0,1430,0.0,0.0,0.0
2700.0,1431,0.0,0.0,0.0
2700.0,1432,0.0,0.0,0.0
2700.0,1433,0.0,0.0,0.0
2700.0,1434,0.0,0.0,0.0
2700.0,1435,0.0,0.0,0.0
2700.0,1436,0.0,0.0,0.0
2700.0,1437,0.0,0.0,0.0
2700.0,1438,0.0,0.0,0.0
2700.0,1439,0.0,0.0,0.0
2700.0,1440,0.0,0.0,0.0
2700.0,1441,0.0,0.0,0.0
2700.0,1442,0.0,0.0,0.0
2700.0,1443,0.0,0.0,0.0
2700.0,1444,0.0,0.0,0.0
2700.0,1445,0.0,0.0,0.0
2700.0,1446,0.0,0.0,0.0
2700.0,1447,0.0,0.0,0.0
2700.0,1448,0.0,0.0,0.0
2700.0,1449,0.0,0.0,0.0
2700.0,1450,0.0,0.0,0.0
2700.0,1451,0.0,0.0,0.0
2700.0,1452,0.0,0.0,0.0
2700.0,1453,0.0,0.0,0.0
2700.0,1454,0.0,20.0,0.0
2700.0,1455,1.8753590009104713,20.0,0.09376795004552356
2700.0,1456,0.0,20.0,0.0
2700.0,1457,0.0,20.0,0.0
2700.0,1458,13.298211053932327,20.0,0.6649105526966164
2700.0,1459,20.0,20.0,1.0
2700.0,1460,20.0,20.0,1.0
2700.0,1461,0.0,0.0,0.0
2700.0,1462,0.0,0.0,0.0
2700.0,1463,0.0,0.0,0.0
2700.0,1464,0.0,0.0,0.0
2700.0,1465,0.0,0.0,0.0
2700.0,1466,0.0,0.0,0.0
2700.0,1467,0.0,0.0,0.0
2700.0,1468,0.0,0.0,0.0
2700.0,1469,0.0,0.0,0.0
2700.0,1470,0.0,0.0,0.0
2700.0,1471,0.0,0.0,0.0
2700.0,1472,0.0,0.0,0.0
2700.0,1473,0.0,0.0,0.0
2700.0,1474,0.0,0.0,0.0
2700.0,1475,0.0,0.0,0.0
2700.0,1476,0.0,0.0,0.0
2700.0,1477,0.0,0.0,0.0
2700.0,1478,0.0,0.0,0.0
2700.0,1479,0.0,0.0,0.0
2700.0,1480,0.0,0.0,0.0
2700.0,1481,0.0,0.0,0.0
2700.0,1482,0.0,0.0,0.0
2700.0,1483,0.0,0.0,0.0
2700.0,1484,0.0,0.0,0.0
2700.0,1485,0.0,0.0,0.0
2700.0,1486,0.0,0.0,0.0
2700.0,1487,0.0,0.0,0.0
2700.0,1488,0.0,0.0,0.0
2700.0,1489,0.0,0.0,0.0
2700.0,1490,0.0,0.0,0.0
2700.0,1491,0.0,0.0,0.0
2700.0,1492,0.0,0.0,0.0
2700.0,1493,0.0,0.0,0.0
2700.0,1494,0.0,0.0,0.0
2700.0,1495,0.0,0.0,0.0
3600.0,0,0.0,0.0,0.0
3600.0,1,0.0,0.0,0.0
3600.0,2,0.0,0.0,0.0
3600.0,3,0.0,0.0,0.0
3600.0,4,0.0,0.0,0.0
3600.0,5,0.0,0.0,0.0
3600.0,6,0.0,0.0,0.0
3600.0,7,0.0,0.0,0.0
3600.0,8,0.0,0.0,0.0
3600.0,9,0.0,0.0,0.0
3600.0,10,0.0,0.0,0.0
3600.0,11,0.0,0.0,0.0
3600.0,12,0.0,0.0,0.0
3600.0,13,0.0,0.0,0.0
3600.0,14,0.0,0.0,0.0
3600.0,15,0.0,0.0,0.0
3600.0,16,0.0,0.0,0.0
3600.0,17,0.0,0.0,0.0
3600.0,18,0.0,0.0,0.0
3600.0,19,0.0,0.0,0.0
3600.0,20,0.0,0.0,0.0
3600.0,21,0.0,0.0,0.0
3600.0,22,0.0,0.0,0.0
3600.0,23,0.0,0.0,0.0
3600.0,24,0.0,0.0,0.0
3600.0,25,0.0,0.0,0.0
3600.0,26,0.0,20.0,0.0
3600.0,27,0.0,20.0,0.0
3600.0,28,10.889629302695152,20.0,0.5444814651347576
3600.0,29,20.0,20.0,1.0
3600.0,30,20.000000000000004,20.0,1.0000000000000002
3600.0,31,20.0,20.0,1.0
3600.0,32,20.0,20.0,1.0
3600.0,33,0.0,0.0,0.0
3600.0,34,0.0,0.0,0.0
3600.0,35,0.0,0.0,0.0
3600.0,36,0.0,0.0,0.0
3600.0,37,0.0,0.0,0.0
3600.0,38,0.0,0.0,0.0
3600.0,39,0.0,0.0,0.0
3600.0,40,0.0,0.0,0.0
3600.0,41,0.0,0.0,0.0
3600.0,42,0.0,0.0,0.0
3600.0,43,0.0,0.0,0.0
3600.0,44,0.0,0.0,0.0
3600.0,45,0.0,0.0,0.0
3600.0,46,0.0,0.0,0.0
3600.0,47,0.0,0.0,0.0
3600.0,48,0.0,0.0,0.0
3600.0,49,0.0,0.0,0.0
3600.0,50,0.0,0.0,0.0
3600.0,51,0.0,0.0,0.0
3600.0,52,0.0,0.0,0.0
3600.0,53,0.0,0.0,0.0
3600.0,54,0.0,0.0,0.0
3600.0,55,0.0,0.0,0.0
3600.0,56,0.0,0.0,0.0
3600.0,57,0.0,0.0,0.0
3600.0,58,0.0,0.0,0.0
3600.0,59,0.0,0.0,0.0
3600.0,60,0.0,0.0,0.0
3600.0,61,0.0,0.0,0.0
3600.0,62,0.0,0.0,0.0
3600.0,63,0.0,0.0,0.0
3600.0,64,0.0,0.0,0.0
3600.0,65,0.0,0.0,0.0
3600.0,66,0.0,0.0,0.0
3600.0,67,0.0,0.0,0.0
3600.0,68,0.0,0.0,0.0
3600.0,69,10.889629302695152,20.0,0.5444814651347576
3600.0,70,0.0,20.0,0.0
3600.0,71,13.076453071769574,20.0,0.6538226535884787
3600.0,72,20.0,20.0,1.0
3600.0,73,0.0,20.0,0.0
3600.0,74,12.634838031860479,20.0,0.6317419015930239
3600.0,75,0.0,0.0,0.0
3600.0,76,0.0,0.0,0.0
3600.0,77,0.0,0.0,0.0
3600.0,78,0.0,0.0,0.0
3600.0,79,0.0,0.0,0.0
3600.0,80,0.0,0.0,0.0
3600.0,81,0.0,0.0,0.0
3600.0,82,0.0,0.0,0.0
3600.0,83,0.0,0.0,0.0
3600.0,84,0.0,0.0,0.0
3600.0,85,0.0,0.0,0.0
3600.0,86,0.0,0.0,0.0
3600.0,87,0.0,0.0,0.0
3600.0,88,0.0,0.0,0.0
3600.0,89,0.0,0.0,0.0
3600.0,90,0.0,0.0,0.0
3600.0,91,0.0,0.0,0.0
3600.0,92,0.0,0.0,0.0
3600.0,93,0.0,0.0,0.0
3600.0,94,0.0,0.0,0.0
3600.0,95,0.0,0.0,0.0
3600.0,96,0.0,0.0,0.0
3600.0,97,0.0,0.0,0.0
3600.0,98,0.0,0.0,0.0
3600.0,99,0.0,0.0,0.0
3600.0,100,0.0,0.0,0.0
3600.0,101,0.0,0.0,0.0
3600.0,102,0.0,0.0,0.0
3600.0,103,0.0,0.0,0.0
3600.0,104,0.0,0.0,0.0
3600.0,105,0.0,0.0,0.0
3600.0,106,0.0,0.0,0.0
3600.0,107,0.0,0.0,0.0
3600.0,108,0.0,0.0,0.0
3600.0,109,0.0,0.0,0.0
3600.0,110,0.0,0.0,0.0
3600.0,111,3.685129712604255,20.0,0.18425648563021274
3600.0,112,6.355564138811687,20.0,0.31777820694058434
3600.0,113,0.0,20.0,0.0
3600.0,114,0.0,20.0,0.0
3600.0,115,0.0,20.0,0.0
3600.0,116,8.315953827494647,20.0,0.4157976913747324
3600.0,117,0.0,0.0,0.0
3600.0,118,0.0,0.0,0.0
3600.0,119,0.0,0.0,0.0
3600.0,120,0.0,0.0,0.0
3600.0,121,0.0,0.0,0.0
3600.0,122,0.0,0.0,0.0
3600.0,123,0.0,0.0,0.0
3600.0,124,0.0,0.0,0.0
3600.0,125,0.0,0.0,0.0
3600.0,126,0.0,0.0,0.0
3600.0,127,0.0,0.0,0.0
3600.0,128,0.0,0.0,0.0
3600.0,129,0.0,0.0,0.0
3600.0,130,0.0,0.0,0.0
3600.0,131,0.0,0.0,0.0
3600.0,132,0.0,0.0,0.0
3600.0,133,0.0,0.0,0.0
3600.0,134,0.0,0.0,0.0
3600.0,135,0.0,0.0,0.0
3600.0,136,0.0,0.0,0.0
3600.0,137,0.0,0.0,0.0
3600.0,138,0.0,0.0,0.0
3600.0,139,0.0,0.0,0.0
3600.0,140,0.0,0.0,0.0
3600.0,141,0.0,0.0,0.0
3600.0,142,0.0,0.0,0.0
3600.0,143,0.0,0.0,0.0
3600.0,144,0.0,0.0,0.0
3600.0,145,0.0,0.0,0.0
3600.0,146,0.0,0.0,0.0
3600.0,147,0.0,0.0,0.0
3600.0,148,0.0,0.0,0.0
3600.0,149,0.0,0.0,0.0
3600.0,150,0.0,0.0,0.0
3600.0,151,0.0,0.0,0.0
3600.0,152,0.0,0.0,0.0
3600.0,153,16.16982390983617,20.0,0.8084911954918084
3600.0,154,20.0,20.0,1.0
3600.0,155,0.0,20.0,0.0
3600.0,156,0.0,20.0,0.0
3600.0,157,14.574759015299406,20.0,0.7287379507649703
3600.0,158,0.0,20.0,0.0
3600.0,159,0.0,0.0,0.0
3600.0,160,0.0,0.0,0.0
3600.0,161,0.0,0.0,0.0
3600.0,162,0.0,0.0,0.0
3600.0,163,0.0,0.0,0.0
3600.0,164,0.0,0.0,0.0
3600.0,165,0.0,0.0,0.0
3600.0,166,0.0,0.0,0.0
3600.0,167,0.0,0.0,0.0
3600.0,168,0.0,0.0,0.0
3600.0,169,0.0,0.0,0.0
3600.0,170,0.0,0.0,0.0
3600.0,171,0.0,0.0,0.0
3600.0,172,0.0,0.0,0.0
3600.0,173,0.0,0.0,0.0
3600.0,174,0.0,0.0,0.0
3600.0,175,0.0,0.0,0.0
3600.0,176,0.0,0.0,0.0
3600.0,177,0.0,0.0,0.0
3600.0,178,0.0,0.0,0.0
3600.0,179,0.0,0.0,0.0
3600.0,180,0.0,0.0,0.0
3600.0,181,0.0,0.0,0.0
3600.0,182,0.0,0.0,0.0
3600.0,183,0.0,0.0,0.0
3600.0,184,0.0,0.0,0.0
3600.0,185,0.0,0.0,0.0
3600.0,186,0.0,0.0,0.0
3600.0,187,0.0,0.0,0.0
3600.0,188,0.0,0.0,0.0
3600.0,189,0.0,0.0,0.0
3600.0,190,0.0,0.0,0.0
3600.0,191,0.0,0.0,0.0
3600.0,192,0.0,0.0,0.0
3600.0,193,0.0,0.0,0.0
3600.0,194,0.0,0.0,0.0
3600.0,195,17.411120544079647,20.0,0.8705560272039824
3600.0,196,20.0,20.0,1.0
3600.0,197,18.584573974028974,20.0,0.9292286987014486
3600.0,198,3.602249795045448,20.0,0.1801124897522724
3600.0,199,0.0,20.0,0.0
3600.0,200,0.0,20.0,0.0
3600.0,201,0.0,0.0,0.0
3600.0,202,0.0,0.0,0.0
3600.0,203,0.0,0.0,0.0
3600.0,204,0.0,0.0,0.0
3600.0,205,0.0,0.0,0.0
3600.0,206,0.0,0.0,0.0
3600.0,207,0.0,0.0,0.0
3600.0,208,0.0,0.0,0.0
3600.0,209,0.0,0.0,0.0
3600.0,210,0.0,0.0,0.0
3600.0,211,0.0,0.0,0.0
3600.0,212,0.0,0.0,0.0
3600.0,213,0.0,0.0,0.0
3600.0,214,0.0,0.0,0.0
3600.0,215,0.0,0.0,0.0
3600.0,216,0.0,0.0,0.0
3600.0,217,0.0,0.0,0.0
3600.0,218,0.0,0.0,0.0
3600.0,219,0.0,0.0,0.0
3600.0,220,0.0,0.0,0.0
3600.0,221,0.0,0.0,0.0
3600.0,222,0.0,0.0,0.0
3600.0,223,0.0,0.0,0.0
3600.0,224,0.0,0.0,0.0
3600.0,225,0.0,0.0,0.0
3600.0,226,0.0,0.0,0.0
3600.0,227,0.0,0.0,0.0
3600.0,228,0.0,0.0,0.0
3600.0,229,0.0,0.0,0.0
3600.0,230,0.0,0.0,0.0
3600.0,231,0.0,0.0,0.0
3600.0,232,0.0,0.0,0.0
3600.0,233,0.0,0.0,0.0
3600.0,234,0.0,0.0,0.0
3600.0,235,0.0,0.0,0.0
3600.0,236,10.415706284391135,20.0,0.5207853142195568
3600.0,237,20.0,20.0,1.0
3600.0,238,20.0,20.0,1.0
3600.0,239,20.000000000000004,20.0,1.0000000000000002
3600.0,240,0.0,20.0,0.0
3600.0,241,7.287379507649703,20.0,0.36436897538248514
3600.0,242,11.214314548820463,20.0,0.5607157274410232
3600.0,243,0.0,0.0,0.0
3600.0,244,0.0,0.0,0.0
3600.0,245,0.0,0.0,0.0
3600.0,246,0.0,0.0,0.0
3600.0,247,0.0,0.0,0.0
3600.0,248,0.0,0.0,0.0
3600.0,249,0.0,0.0,0.0
3600.0,250,0.0,0.0,0.0
3600.0,251,0.0,0.0,0.0
3600.0,252,0.0,0.0,0.0
3600.0,253,0.0,0.0,0.0
3600.0,254,0.0,0.0,0.0
3600.0,255,0.0,0.0,0.0
3600.0,256,0.0,0.0,0.0
3600.0,257,0.0,0.0,0.0
3600.0,258,0.0,0.0,0.0
3600.0,259,0.0,0.0,0.0
3600.0,260,0.0,0.0,0.0
3600.0,261,0.0,0.0,0.0
3600.0,262,0.0,0.0,0.0
3600.0,263,0.0,0.0,0.0
3600.0,264,0.0,0.0,0.0
3600.0,265,0.0,0.0,0.0
3600.0,266,0.0,0.0,0.0
3600.0,267,0.0,0.0,0.0
3600.0,268,0.0,0.0,0.0
3600.0,269,0.0,0.0,0.0
3600.0,270,0.0,0.0,0.0
3600.0,271,0.0,0.0,0.0
3600.0,272,0.0,0.0,0.0
3600.0,273,0.0,0.0,0.0
3600.0,274,0.0,0.0,0.0
3600.0,275,0.0,0.0,0.0
3600.0,276,0.0,0.0,0.0
3600.0,277,0.0,0.0,0.0
3600.0,278,20.0,20.0,1.0
3600.0,279,20.0,20.0,1.0
3600.0,280,15.863155707975423,20.0,0.7931577853987711
3600.0,281,20.0,20.0,1.0
3600.0,282,8.412712778501575,20.0,0.42063563892507877
3600.0,283,5.789073564119869,20.0,0.28945367820599344
3600.0,284,18.501694056470168,20.0,0.9250847028235084
3600.0,285,0.0,20.0,0.0
3600.0,286,0.0,0.0,0.0
3600.0,287,0.0,0.0,0.0
3600.0,288,0.0,0.0,0.0
3600.0,289,0.0,0.0,0.0
3600.0,290,0.0,0.0,0.0
3600.0,291,0.0,0.0,0.0
3600.0,292,0.0,0.0,0.0
3600.0,293,0.0,0.0,0.0
3600.0,294,0.0,0.0,0.0
3600.0,295,0.0,0.0,0.0
3600.0,296,0.0,0.0,0.0
3600.0,297,0.0,0.0,0.0
3600.0,298,0.0,0.0,0.0
3600.0,299,0.0,0.0,0.0
3600.0,300,0.0,0.0,0.0
3600.0,301,0.0,0.0,0.0
3600.0,302,0.0,0.0,0.0
3600.0,303,0.0,0.0,0.0
3600.0,304,0.0,0.0,0.0
3600.0,305,0.0,0.0,0.0
3600.0,306,0.0,0.0,0.0
3600.0,307,0.0,0.0,0.0
3600.0,308,0.0,0.0,0.0
3600.0,309,0.0,0.0,0.0
3600.0,310,0.0,0.0,0.0
3600.0,311,0.0,0.0,0.0
3600.0,312,0.0,0.0,0.0
3600.0,313,0.0,0.0,0.0
3600.0,314,0.0,0.0,0.0
3600.0,315,0.0,0.0,0.0
3600.0,316,0.0,0.0,0.0
3600.0,317,0.0,0.0,0.0
3600.0,318,0.0,0.0,0.0
3600.0,319,20.0,20.0,1.0
3600.0,320,20.0,20.0,1.0
3600.0,321,20.0,20.0,1.0
3600.0,322,20.0,20.0,1.0
3600.0,323,20.0,20.0,1.0
3600.0,324,9.170536899421537,20.0,0.4585268449710768
3600.0,325,8.412712778501572,20.0,0.4206356389250786
3600.0,326,10.628746919165401,20.0,0.5314373459582701
3600.0,327,0.0,20.0,0.0
3600.0,328,0.0,0.0,0.0
3600.0,329,0.0,0.0,0.0
3600.0,330,0.0,0.0,0.0
3600.0,331,0.0,0.0,0.0
3600.0,332,0.0,0.0,0.0
3600.0,333,0.0,0.0,0.0
3600.0,334,0.0,0.0,0.0
3600.0,335,0.0,0.0,0.0
3600.0,336,0.0,0.0,0.0
3600.0,337,0.0,0.0,0.0
3600.0,338,0.0,0.0,0.0
3600.0,339,0.0,0.0,0.0
3600.0,340,0.0,0.0,0.0
3600.0,341,0.0,0.0,0.0
3600.0,342,0.0,0.0,0.0
3600.0,343,0.0,0.0,0.0
3600.0,344,0.0,0.0,0.0
3600.0,345,0.0,0.0,0.0
3600.0,346,0.0,0.0,0.0
3600.0,347,0.0,0.0,0.0
3600.0,348,0.0,0.0,0.0
3600.0,349,0.0,0.0,0.0
3600.0,350,0.0,0.0,0.0
3600.0,351,0.0,0.0,0.0
3600.0,352,0.0,0.0,0.0
3600.0,353,0.0,0.0,0.0
3600.0,354,0.0,0.0,0.0
3600.0,355,0.0,0.0,0.0
3600.0,356,0.0,0.0,0.0
3600.0,357,0.0,0.0,0.0
3600.0,358,0.0,0.0,0.0
3600.0,359,0.0,0.0,0.0
3600.0,360,0.0,0.0,0.0
3600.0,361,18.565438550445478,20.0,0.9282719275222739
3600.0,362,20.0,20.0,1.0
3600.0,363,20.0,20.0,1.0
3600.0,364,20.0,20.0,1.0
3600.0,365,20.0,20.0,1.0
3600.0,366,20.0,20.0,1.0
3600.0,367,15.851562041326023,20.0,0.7925781020663012
3600.0,368,20.0,20.0,1.0
3600.0,369,0.0,20.0,0.0
3600.0,370,0.0,0.0,0.0
3600.0,371,0.0,0.0,0.0
3600.0,372,0.0,0.0,0.0
3600.0,373,0.0,0.0,0.0
3600.0,374,0.0,0.0,0.0
3600.0,375,0.0,0.0,0.0
3600.0,376,0.0,0.0,0.0
3600.0,377,0.0,0.0,0.0
3600.0,378,0.0,0.0,0.0
3600.0,379,0.0,0.0,0.0
3600.0,380,0.0,0.0,0.0
3600.0,381,0.0,0.0,0.0
3600.0,382,0.0,0.0,0.0
3600.0,383,0.0,0.0,0.0
3600.0,384,0.0,0.0,0.0
3600.0,385,0.0,0.0,0.0
3600.0,386,0.0,0.0,0.0
3600.0,387,0.0,0.0,0.0
3600.0,388,0.0,0.0,0.0
3600.0,389,0.0,0.0,0.0
3600.0,390,0.0,0.0,0.0
3600.0,391,0.0,0.0,0.0
3600.0,392,0.0,0.0,0.0
3600.0,393,0.0,0.0,0.0
3600.0,394,0.0,0.0,0.0
3600.0,395,0.0,0.0,0.0
3600.0,396,0.0,0.0,0.0
3600.0,397,0.0,0.0,0.0
3600.0,398,0.0,0.0,0.0
3600.0,399,0.0,0.0,0.0
3600.0,400,0.0,0.0,0.0
3600.0,401,0.0,0.0,0.0
3600.0,402,0.0,0.0,0.0
3600.0,403,0.0,0.0,0.0
3600.0,404,20.0,20.0,1.0
3600.0,405,20.0,20.0,1.0
3600.0,406,20.0,20.0,1.0
3600.0,407,20.0,20.0,1.0
3600.0,408,19.713240605576495,20.0,0.9856620302788247
3600.0,409,19.573203572019363,20.0,0.9786601786009681
3600.0,410,4.780346936698245,20.0,0.23901734683491224
3600.0,411,0.0,20.0,0.0
3600.0,412,0.0,0.0,0.0
3600.0,413,0.0,0.0,0.0
3600.0,414,0.0,0.0,0.0
3600.0,415,0.0,0.0,0.0
3600.0,416,0.0,0.0,0.0
3600.0,417,0.0,0.0,0.0
3600.0,418,0.0,0.0,0.0
3600.0,419,0.0,0.0,0.0
3600.0,420,0.0,0.0,0.0
3600.0,421,0.0,0.0,0.0
3600.0,422,0.0,0.0,0.0
3600.0,423,0.0,0.0,0.0
3600.0,424,0.0,0.0,0.0
3600.0,425,0.0,0.0,0.0
3600.0,426,0.0,0.0,0.0
3600.0,427,0.0,0.0,0.0
3600.0,428,0.0,0.0,0.0
3600.0,429,0.0,0.0,0.0
3600.0,430,0.0,0.0,0.0
3600.0,431,0.0,0.0,0.0
3600.0,432,0.0,0.0,0.0
3600.0,433,0.0,0.0,0.0
3600.0,434,0.0,0.0,0.0
3600.0,435,0.0,0.0,0.0
3600.0,436,0.0,0.0,0.0
3600.0,437,0.0,0.0,0.0
3600.0,438,0.0,0.0,0.0
3600.0,439,0.0,0.0,0.0
3600.0,440,0.0,0.0,0.0
3600.0,441,0.0,0.0,0.0
3600.0,442,0.0,0.0,0.0
3600.0,443,0.0,0.0,0.0
3600.0,444,0.0,0.0,0.0
3600.0,445,0.0,0.0,0.0
3600.0,446,0.0,0.0,0.0
3600.0,447,20.0,20.0,1.0
3600.0,448,20.0,20.0,1.0
3600.0,449,19.999999999999996,20.0,0.9999999999999998
3600.0,450,20.0,20.0,1.0
3600.0,451,0.0,20.0,0.0
3600.0,452,20.0,20.0,1.0
3600.0,453,0.0,20.0,0.0
3600.0,454,0.0,0.0,0.0
3600.0,455,0.0,0.0,0.0
3600.0,456,0.0,0.0,0.0
3600.0,457,0.0,0.0,0.0
3600.0,458,0.0,0.0,0.0
3600.0,459,0.0,0.0,0.0
3600.0,460,0.0,0.0,0.0
3600.0,461,0.0,0.0,0.0
3600.0,462,0.0,0.0,0.0
3600.0,463,0.0,0.0,0.0
3600.0,464,0.0,0.0,0.0
3600.0,465,0.0,0.0,0.0
3600.0,466,0.0,0.0,0.0
3600.0,467,0.0,0.0,0.0
3600.0,468,0.0,0.0,0.0
3600.0,469,0.0,0.0,0.0
3600.0,470,0.0,0.0,0.0
3600.0,471,0.0,0.0,0.0
3600.0,472,0.0,0.0,0.0
3600.0,473,0.0,0.0,0.0
3600.0,474,0.0,0.0,0.0
3600.0,475,0.0,0.0,0.0
3600.0,476,0.0,0.0,0.0
3600.0,477,0.0,0.0,0.0
3600.0,478,0.0,0.0,0.0
3600.0,479,0.0,0.0,0.0
3600.0,480,0.0,0.0,0.0
3600.0,481,0.0,0.0,0.0
3600.0,482,0.0,0.0,0.0
3600.0,483,0.0,0.0,0.0
3600.0,484,0.0,0.0,0.0
3600.0,485,0.0,0.0,0.0
3600.0,486,0.0,0.0,0.0
3600.0,487,0.0,0.0,0.0
3600.0,488,0.0,0.0,0.0
3600.0,489,0.0,0.0,0.0
3600.0,490,20.0,20.0,1.0
3600.0,491,20.0,20.0,1.0
3600.0,492,20.0,20.0,1.0
3600.0,493,20.0,20.0,1.0
3600.0,494,11.54125625423044,20.0,0.577062812711522
3600.0,495,0.0,20.0,0.0
3600.0,496,0.0,0.0,0.0
3600.0,497,0.0,0.0,0.0
3600.0,498,0.0,0.0,0.0
3600.0,499,0.0,0.0,0.0
3600.0,500,0.0,0.0,0.0
3600.0,501,0.0,0.0,0.0
3600.0,502,0.0,0.0,0.0
3600.0,503,0.0,0.0,0.0
3600.0,504,0.0,0.0,0.0
3600.0,505,0.0,0.0,0.0
3600.0,506,0.0,0.0,0.0
3600.0,507,0.0,0.0,0.0
3600.0,508,0.0,0.0,0.0
3600.0,509,0.0,0.0,0.0
3600.0,510,0.0,0.0,0.0
3600.0,511,0.0,0.0,0.0
3600.0,512,0.0,0.0,0.0
3600.0,513,0.0,0.0,0.0
3600.0,514,0.0,0.0,0.0
3600.0,515,0.0,0.0,0.0
3600.0,516,0.0,0.0,0.0
3600.0,517,0.0,0.0,0.0
3600.0,518,0.0,0.0,0.0
3600.0,519,0.0,0.0,0.0
3600.0,520,0.0,0.0,0.0
3600.0,521,0.0,0.0,0.0
3600.0,522,0.0,0.0,0.0
3600.0,523,0.0,0.0,0.0
3600.0,524,0.0,0.0,0.0
3600.0,525,0.0,0.0,0.0
3600.0,526,0.0,0.0,0.0
3600.0,527,0.0,0.0,0.0
3600.0,528,0.0,0.0,0.0
3600.0,529,0.0,0.0,0.0
3600.0,530,0.0,0.0,0.0
3600.0,531,0.0,0.0,0.0
3600.0,532,0.0,0.0,0.0
3600.0,533,20.0,20.0,1.0
3600.0,534,20.0,20.0,1.0
3600.0,535,20.0,20.0,1.0
3600.0,536,11.20932792590424,20.0,0.560466396295212
3600.0,537,0.0,0.0,0.0
3600.0,538,0.0,0.0,0.0
3600.0,539,0.0,0.0,0.0
3600.0,540,0.0,0.0,0.0
3600.0,541,0.0,0.0,0.0
3600.0,542,0.0,0.0,0.0
3600.0,543,0.0,0.0,0.0
3600.0,544,0.0,0.0,0.0
3600.0,545,0.0,0.0,0.0
3600.0,546,0.0,0.0,0.0
3600.0,547,0.0,0.0,0.0
3600.0,548,0.0,0.0,0.0
3600.0,549,0.0,0.0,0.0
3600.0,550,0.0,0.0,0.0
3600.0,551,0.0,0.0,0.0
3600.0,552,0.0,0.0,0.0
3600.0,553,0.0,0.0,0.0
3600.0,554,0.0,0.0,0.0
3600.0,555,0.0,0.0,0.0
3600.0,556,0.0,0.0,0.0
3600.0,557,0.0,0.0,0.0
3600.0,558,0.0,0.0,0.0
3600.0,559,0.0,0.0,0.0
3600.0,560,0.0,0.0,0.0
3600.0,561,0.0,0.0,0.0
3600.0,562,0.0,0.0,0.0
3600.0,563,0.0,0.0,0.0
3600.0,564,0.0,0.0,0.0
3600.0,565,0.0,0.0,0.0
3600.0,566,0.0,0.0,0.0
3600.0,567,0.0,0.0,0.0
3600.0,568,0.0,0.0,0.0
3600.0,569,0.0,0.0,0.0
3600.0,570,0.0,0.0,0.0
3600.0,571,0.0,0.0,0.0
3600.0,572,0.0,0.0,0.0
3600.0,573,0.0,0.0,0.0
3600.0,574,0.0,0.0,0.0
3600.0,575,0.0,0.0,0.0
3600.0,576,20.0,20.0,1.0
3600.0,577,11.474908565858486,20.0,0.5737454282929243
3600.0,578,0.0,0.0,0.0
3600.0,579,0.0,0.0,0.0
3600.0,580,0.0,0.0,0.0
3600.0,581,0.0,0.0,0.0
3600.0,582,0.0,0.0,0.0
3600.0,583,0.0,0.0,0.0
3600.0,584,0.0,0.0,0.0
3600.0,585,0.0,0.0,0.0
3600.0,586,0.0,0.0,0.0
3600.0,587,0.0,0.0,0.0
3600.0,588,0.0,0.0,0.0
3600.0,589,0.0,0.0,0.0
3600.0,590,0.0,0.0,0.0
3600.0,591,0.0,0.0,0.0
3600.0,592,0.0,0.0,0.0
3600.0,593,0.0,0.0,0.0
3600.0,594,0.0,0.0,0.0
3600.0,595,0.0,0.0,0.0
3600.0,596,0.0,0.0,0.0
3600.0,597,0.0,0.0,0.0
3600.0,598,0.0,0.0,0.0
3600.0,599,0.0,0.0,0.0
3600.0,600,0.0,0.0,0.0
3600.0,601,0.0,0.0,0.0
3600.0,602,0.0,0.0,0.0
3600.0,603,0.0,0.0,0.0
3600.0,604,0.0,0.0,0.0
3600.0,605,0.0,0.0,0.0
3600.0,606,0.0,0.0,0.0
3600.0,607,0.0,0.0,0.0
3600.0,608,0.0,0.0,0.0
3600.0,609,0.0,0.0,0.0
3600.0,610,0.0,0.0,0.0
3600.0,611,0.0,0.0,0.0
3600.0,612,0.0,0.0,0.0
3600.0,613,0.0,0.0,0.0
3600.0,614,0.0,0.0,0.0
3600.0,615,0.0,0.0,0.0
3600.0,616,0.0,0.0,0.0
3600.0,617,0.0,0.0,0.0
3600.0,618,0.0,0.0,0.0
3600.0,619,0.0,0.0,0.0
3600.0,620,0.0,0.0,0.0
3600.0,621,0.0,0.0,0.0
3600.0,622,0.0,0.0,0.0
3600.0,623,0.0,0.0,0.0
3600.0,624,0.0,0.0,0.0
3600.0,625,0.0,0.0,0.0
3600.0,626,0.0,0.0,0.0
3600.0,627,0.0,0.0,0.0
3600.0,628,0.0,0.0,0.0
3600.0,629,0.0,0.0,0.0
3600.0,630,0.0,0.0,0.0
3600.0,631,0.0,0.0,0.0
3600.0,632,0.0,0.0,0.0
3600.0,633,0.0,0.0,0.0
3600.0,634,0.0,0.0,0.0
3600.0,635,0.0,0.0,0.0
3600.0,636,0.0,0.0,0.0
3600.0,637,0.0,0.0,0.0
3600.0,638,0.0,0.0,0.0
3600.0,639,0.0,0.0,0.0
3600.0,640,0.0,0.0,0.0
3600.0,641,0.0,0.0,0.0
3600.0,642,0.0,0.0,0.0
3600.0,643,0.0,0.0,0.0
3600.0,644,0.0,0.0,0.0
3600.0,645,0.0,0.0,0.0
3600.0,646,0.0,0.0,0.0
3600.0,647,0.0,0.0,0.0
3600.0,648,0.0,0.0,0.0
3600.0,649,0.0,0.0,0.0
3600.0,650,0.0,0.0,0.0
3600.0,651,0.0,0.0,0.0
3600.0,652,0.0,0.0,0.0
3600.0,653,0.0,0.0,0.0
3600.0,654,0.0,0.0,0.0
3600.0,655,0.0,0.0,0.0
3600.0,656,0.0,0.0,0.0
3600.0,657,0.0,0.0,0.0
3600.0,658,0.0,0.0,0.0
3600.0,659,0.0,0.0,0.0
3600.0,660,0.0,0.0,0.0
3600.0,661,0.0,0.0,0.0
3600.0,662,0.0,0.0,0.0
3600.0,663,0.0,0.0,0.0
3600.0,664,0.0,0.0,0.0
3600.0,665,0.0,0.0,0.0
3600.0,666,0.0,0.0,0.0
3600.0,667,0.0,0.0,0.0
3600.0,668,0.0,0.0,0.0
3600.0,669,0.0,0.0,0.0
3600.0,670,0.0,0.0,0.0
3600.0,671,0.0,0.0,0.0
3600.0,672,0.0,0.0,0.0
3600.0,673,0.0,0.0,0.0
3600.0,674,0.0,0.0,0.0
3600.0,675,0.0,0.0,0.0
3600.0,676,0.0,0.0,0.0
3600.0,677,0.0,0.0,0.0
3600.0,678,0.0,0.0,0.0
3600.0,679,0.0,0.0,0.0
3600.0,680,0.0,0.0,0.0
3600.0,681,0.0,0.0,0.0
3600.0,682,0.0,0.0,0.0
3600.0,683,0.0,0.0,0.0
3600.0,684,0.0,0.0,0.0
3600.0,685,0.0,0.0,0.0
3600.0,686,0.0,0.0,0.0
3600.0,687,0.0,0.0,0.0
3600.0,688,0.0,0.0,0.0
3600.0,689,0.0,0.0,0.0
3600.0,690,0.0,0.0,0.0
3600.0,691,0.0,0.0,0.0
3600.0,692,0.0,0.0,0.0
3600.0,693,0.0,0.0,0.0
3600.0,694,0.0,0.0,0.0
3600.0,695,0.0,0.0,0.0
3600.0,696,0.0,0.0,0.0
3600.0,697,0.0,0.0,0.0
3600.0,698,0.0,0.0,0.0
3600.0,699,0.0,0.0,0.0
3600.0,700,0.0,0.0,0.0
3600.0,701,0.0,0.0,0.0
3600.0,702,0.0,0.0,0.0
3600.0,703,0.0,0.0,0.0
3600.0,704,0.0,0.0,0.0
3600.0,705,0.0,0.0,0.0
3600.0,706,0.0,0.0,0.0
3600.0,707,0.0,0.0,0.0
3600.0,708,0.0,0.0,0.0
3600.0,709,0.0,0.0,0.0
3600.0,710,0.0,0.0,0.0
3600.0,711,0.0,0.0,0.0
3600.0,712,0.0,0.0,0.0
3600.0,713,0.0,0.0,0.0
3600.0,714,0.0,0.0,0.0
3600.0,715,0.0,0.0,0.0
3600.0,716,0.0,0.0,0.0
3600.0,717,0.0,0.0,0.0
3600.0,718,0.0,0.0,0.0
3600.0,719,0.0,0.0,0.0
3600.0,720,0.0,0.0,0.0
3600.0,721,0.0,0.0,0.0
3600.0,722,0.0,0.0,0.0
3600.0,723,0.0,0.0,0.0
3600.0,724,0.0,0.0,0.0
3600.0,725,0.0,0.0,0.0
3600.0,726,0.0,0.0,0.0
3600.0,727,0.0,0.0,0.0
3600.0,728,0.0,0.0,0.0
3600.0,729,0.0,0.0,0.0
3600.0,730,0.0,0.0,0.0
3600.0,731,0.0,0.0,0.0
3600.0,732,0.0,0.0,0.0
3600.0,733,0.0,0.0,0.0
3600.0,734,0.0,0.0,0.0
3600.0,735,0.0,0.0,0.0
3600.0,736,0.0,0.0,0.0
3600.0,737,0.0,0.0,0.0
3600.0,738,0.0,0.0,0.0
3600.0,739,0.0,0.0,0.0
3600.0,740,0.0,0.0,0.0
3600.0,741,0.0,0.0,0.0
3600.0,742,0.0,0.0,0.0
3600.0,743,0.0,0.0,0.0
3600.0,744,0.0,0.0,0.0
3600.0,745,0.0,0.0,0.0
3600.0,746,0.0,0.0,0.0
3600.0,747,0.0,0.0,0.0
3600.0,748,0.0,0.0,0.0
3600.0,749,0.0,0.0,0.0
3600.0,750,0.0,0.0,0.0
3600.0,751,0.0,0.0,0.0
3600.0,752,0.0,0.0,0.0
3600.0,753,0.0,0.0,0.0
3600.0,754,0.0,0.0,0.0
3600.0,755,0.0,0.0,0.0
3600.0,756,0.0,0.0,0.0
3600.0,757,0.0,0.0,0.0
3600.0,758,0.0,0.0,0.0
3600.0,759,0.0,0.0,0.0
3600.0,760,0.0,0.0,0.0
3600.0,761,0.0,0.0,0.0
3600.0,762,0.0,0.0,0.0
3600.0,763,0.0,0.0,0.0
3600.0,764,0.0,0.0,0.0
3600.0,765,0.0,0.0,0.0
3600.0,766,0.0,0.0,0.0
3600.0,767,0.0,0.0,0.0
3600.0,768,0.0,0.0,0.0
3600.0,769,0.0,0.0,0.0
3600.0,770,0.0,0.0,0.0
3600.0,771,0.0,0.0,0.0
3600.0,772,0.0,0.0,0.0
3600.0,773,0.0,0.0,0.0
3600.0,774,0.0,0.0,0.0
3600.0,775,0.0,0.0,0.0
3600.0,776,0.0,0.0,0.0
3600.0,777,0.0,0.0,0.0
3600.0,778,0.0,0.0,0.0
3600.0,779,0.0,0.0,0.0
3600.0,780,0.0,0.0,0.0
3600.0,781,0.0,0.0,0.0
3600.0,782,0.0,0.0,0.0
3600.0,783,0.0,0.0,0.0
3600.0,784,0.0,0.0,0.0
3600.0,785,0.0,0.0,0.0
3600.0,786,0.0,0.0,0.0
3600.0,787,0.0,0.0,0.0
3600.0,788,0.0,0.0,0.0
3600.0,789,0.0,0.0,0.0
3600.0,790,0.0,0.0,0.0
3600.0,791,0.0,0.0,0.0
3600.0,792,0.0,0.0,0.0
3600.0,793,0.0,0.0,0.0
3600.0,794,0.0,0.0,0.0
3600.0,795,0.0,0.0,0.0
3600.0,796,0.0,0.0,0.0
3600.0,797,0.0,0.0,0.0
3600.0,798,0.0,0.0,0.0
3600.0,799,0.0,0.0,0.0
3600.0,800,0.0,0.0,0.0
3600.0,801,0.0,0.0,0.0
3600.0,802,0.0,0.0,0.0
3600.0,803,0.0,0.0,0.0
3600.0,804,0.0,0.0,0.0
3600.0,805,0.0,0.0,0.0
3600.0,806,0.0,0.0,0.0
3600.0,807,0.0,0.0,0.0
3600.0,808,0.0,0.0,0.0
3600.0,809,0.0,0.0,0.0
3600.0,810,0.0,0.0,0.0
3600.0,811,0.0,0.0,0.0
3600.0,812,0.0,0.0,0.0
3600.0,813,0.0,0.0,0.0
3600.0,814,0.0,0.0,0.0
3600.0,815,0.0,0.0,0.0
3600.0,816,0.0,0.0,0.0
3600.0,817,0.0,0.0,0.0
3600.0,818,0.0,0.0,0.0
3600.0,819,0.0,0.0,0.0
3600.0,820,0.0,0.0,0.0
3600.0,821,0.0,0.0,0.0
3600.0,822,0.0,0.0,0.0
3600.0,823,0.0,0.0,0.0
3600.0,824,0.0,0.0,0.0
3600.0,825,0.0,0.0,0.0
3600.0,826,0.0,0.0,0.0
3600.0,827,0.0,0.0,0.0
3600.0,828,0.0,0.0,0.0
3600.0,829,0.0,0.0,0.0
3600.0,830,0.0,0.0,0.0
3600.0,831,0.0,0.0,0.0
3600.0,832,0.0,0.0,0.0
3600.0,833,0.0,0.0,0.0
3600.0,834,0.0,0.0,0.0
3600.0,835,0.0,0.0,0.0
3600.0,836,0.0,0.0,0.0
3600.0,837,0.0,0.0,0.0
3600.0,838,0.0,0.0,0.0
3600.0,839,0.0,0.0,0.0
3600.0,840,0.0,0.0,0.0
3600.0,841,0.0,0.0,0.0
3600.0,842,0.0,0.0,0.0
3600.0,843,0.0,0.0,0.0
3600.0,844,0.0,0.0,0.0
3600.0,845,0.0,0.0,0.0
3600.0,846,0.0,0.0,0.0
3600.0,847,0.0,0.0,0.0
3600.0,848,0.0,0.0,0.0
3600.0,849,0.0,0.0,0.0
3600.0,850,0.0,0.0,0.0
3600.0,851,0.0,0.0,0.0
3600.0,852,0.0,0.0,0.0
3600.0,853,0.0,0.0,0.0
3600.0,854,0.0,0.0,0.0
3600.0,855,0.0,0.0,0.0
3600.0,856,0.0,0.0,0.0
3600.0,857,0.0,0.0,0.0
3600.0,858,0.0,0.0,0.0
3600.0,859,0.0,0.0,0.0
3600.0,860,0.0,0.0,0.0
3600.0,861,0.0,0.0,0.0
3600.0,862,0.0,0.0,0.0
3600.0,863,0.0,0.0,0.0
3600.0,864,0.0,0.0,0.0
3600.0,865,0.0,0.0,0.0
3600.0,866,0.0,0.0,0.0
3600.0,867,0.0,0.0,0.0
3600.0,868,0.0,0.0,0.0
3600.0,869,0.0,0.0,0.0
3600.0,870,0.0,0.0,0.0
3600.0,871,0.0,0.0,0.0
3600.0,872,0.0,0.0,0.0
3600.0,873,0.0,0.0,0.0
3600.0,874,0.0,0.0,0.0
3600.0,875,0.0,0.0,0.0
3600.0,876,0.0,0.0,0.0
3600.0,877,0.0,0.0,0.0
3600.0,878,0.0,0.0,0.0
3600.0,879,0.0,0.0,0.0
3600.0,880,0.0,0.0,0.0
3600.0,881,0.0,0.0,0.0
3600.0,882,0.0,0.0,0.0
3600.0,883,0.0,0.0,0.0
3600.0,884,0.0,0.0,0.0
3600.0,885,0.0,0.0,0.0
3600.0,886,0.0,0.0,0.0
3600.0,887,0.0,0.0,0.0
3600.0,888,0.0,0.0,0.0
3600.0,889,0.0,0.0,0.0
3600.0,890,0.0,0.0,0.0
3600.0,891,0.0,0.0,0.0
3600.0,892,0.0,0.0,0.0
3600.0,893,0.0,0.0,0.0
3600.0,894,0.0,0.0,0.0
3600.0,895,0.0,0.0,0.0
3600.0,896,0.0,0.0,0.0
3600.0,897,0.0,0.0,0.0
3600.0,898,0.0,0.0,0.0
3600.0,899,0.0,0.0,0.0
3600.0,900,0.0,0.0,0.0
3600.0,901,0.0,0.0,0.0
3600.0,902,0.0,0.0,0.0
3600.0,903,0.0,0.0,0.0
3600.0,904,0.0,0.0,0.0
3600.0,905,0.0,0.0,0.0
3600.0,906,0.0,0.0,0.0
3600.0,907,0.0,0.0,0.0
3600.0,908,0.0,0.0,0.0
3600.0,909,0.0,0.0,0.0
3600.0,910,0.0,0.0,0.0
3600.0,911,0.0,0.0,0.0
3600.0,912,0.0,0.0,0.0
3600.0,913,0.0,0.0,0.0
3600.0,914,0.0,0.0,0.0
3600.0,915,0.0,0.0,0.0
3600.0,916,0.0,0.0,0.0
3600.0,917,0.0,0.0,0.0
3600.0,918,0.0,0.0,0.0
3600.0,919,0.0,0.0,0.0
3600.0,920,0.0,0.0,0.0
3600.0,921,0.0,0.0,0.0
3600.0,922,0.0,0.0,0.0
3600.0,923,0.0,0.0,0.0
3600.0,924,0.0,0.0,0.0
3600.0,925,0.0,0.0,0.0
3600.0,926,0.0,0.0,0.0
3600.0,927,0.0,0.0,0.0
3600.0,928,0.0,0.0,0.0
3600.0,929,0.0,0.0,0.0
3600.0,930,0.0,0.0,0.0
3600.0,931,0.0,0.0,0.0
3600.0,932,0.0,0.0,0.0
3600.0,933,0.0,0.0,0.0
3600.0,934,0.0,0.0,0.0
3600.0,935,0.0,0.0,0.0
3600.0,936,0.0,0.0,0.0
3600.0,937,0.0,0.0,0.0
3600.0,938,0.0,0.0,0.0
3600.0,939,0.0,0.0,0.0
3600.0,940,0.0,0.0,0.0
3600.0,941,0.0,0.0,0.0
3600.0,942,0.0,0.0,0.0
3600.0,943,0.0,0.0,0.0
3600.0,944,0.0,0.0,0.0
3600.0,945,0.0,0.0,0.0
3600.0,946,0.0,0.0,0.0
3600.0,947,0.0,0.0,0.0
3600.0,948,0.0,0.0,0.0
3600.0,949,0.0,0.0,0.0
3600.0,950,0.0,0.0,0.0
3600.0,951,0.0,0.0,0.0
3600.0,952,0.0,0.0,0.0
3600.0,953,0.0,0.0,0.0
3600.0,954,0.0,0.0,0.0
3600.0,955,0.0,0.0,0.0
3600.0,956,0.0,0.0,0.0
3600.0,957,0.0,0.0,0.0
3600.0,958,0.0,0.0,0.0
3600.0,959,0.0,0.0,0.0
3600.0,960,0.0,0.0,0.0
3600.0,961,0.0,0.0,0.0
3600.0,962,0.0,0.0,0.0
3600.0,963,0.0,0.0,0.0
3600.0,964,0.0,0.0,0.0
3600.0,965,0.0,0.0,0.0
3600.0,966,0.0,0.0,0.0
3600.0,967,0.0,0.0,0.0
3600.0,968,0.0,0.0,0.0
3600.0,969,0.0,0.0,0.0
3600.0,970,0.0,0.0,0.0
3600.0,971,0.0,0.0,0.0
3600.0,972,0.0,0.0,0.0
3600.0,973,0.0,0.0,0.0
3600.0,974,0.0,0.0,0.0
3600.0,975,0.0,0.0,0.0
3600.0,976,0.0,0.0,0.0
3600.0,977,0.0,0.0,0.0
3600.0,978,0.0,0.0,0.0
3600.0,979,0.0,0.0,0.0
3600.0,980,0.0,0.0,0.0
3600.0,981,0.0,0.0,0.0
3600.0,982,0.0,0.0,0.0
3600.0,983,0.0,0.0,0.0
3600.0,984,0.0,0.0,0.0
3600.0,985,0.0,0.0,0.0
3600.0,986,0.0,0.0,0.0
3600.0,987,0.0,0.0,0.0
3600.0,988,0.0,0.0,0.0
3600.0,989,0.0,0.0,0.0
3600.0,990,0.0,0.0,0.0
3600.0,991,0.0,0.0,0.0
3600.0,992,0.0,0.0,0.0
3600.0,993,0.0,0.0,0.0
3600.0,994,0.0,0.0,0.0
3600.0,995,0.0,0.0,0.0
3600.0,996,0.0,0.0,0.0
3600.0,997,0.0,0.0,0.0
3600.0,998,0.0,0.0,0.0
3600.0,999,0.0,0.0,0.0
3600.0,1000,0.0,0.0,0.0
3600.0,1001,0.0,0.0,0.0
3600.0,1002,0.0,0.0,0.0
3600.0,1003,0.0,0.0,0.0
3600.0,1004,0.0,0.0,0.0
3600.0,1005,0.0,0.0,0.0
3600.0,1006,0.0,0.0,0.0
3600.0,1007,0.0,0.0,0.0
3600.0,1008,0.0,0.0,0.0
3600.0,1009,0.0,0.0,0.0
3600.0,1010,0.0,0.0,0.0
3600.0,1011,0.0,0.0,0.0
3600.0,1012,0.0,0.0,0.0
3600.0,1013,0.0,0.0,0.0
3600.0,1014,0.0,0.0,0.0
3600.0,1015,0.0,0.0,0.0
3600.0,1016,0.0,0.0,0.0
3600.0,1017,0.0,0.0,0.0
3600.0,1018,0.0,0.0,0.0
3600.0,1019,0.0,0.0,0.0
3600.0,1020,0.0,0.0,0.0
3600.0,1021,0.0,0.0,0.0
3600.0,1022,0.0,0.0,0.0
3600.0,1023,0.0,0.0,0.0
3600.0,1024,0.0,0.0,0.0
3600.0,1025,0.0,0.0,0.0
3600.0,1026,0.0,0.0,0.0
3600.0,1027,0.0,0.0,0.0
3600.0,1028,0.0,0.0,0.0
3600.0,1029,0.0,0.0,0.0
3600.0,1030,0.0,0.0,0.0
3600.0,1031,0.0,0.0,0.0
3600.0,1032,0.0,0.0,0.0
3600.0,1033,0.0,0.0,0.0
3600.0,1034,0.0,0.0,0.0
3600.0,1035,0.0,0.0,0.0
3600.0,1036,0.0,0.0,0.0
3600.0,1037,0.0,0.0,0.0
3600.0,1038,0.0,0.0,0.0
3600.0,1039,0.0,0.0,0.0
3600.0,1040,0.0,0.0,0.0
3600.0,1041,0.0,0.0,0.0
3600.0,1042,0.0,0.0,0.0
3600.0,1043,0.0,0.0,0.0
3600.0,1044,0.0,0.0,0.0
3600.0,1045,0.0,0.0,0.0
3600.0,1046,0.0,0.0,0.0
3600.0,1047,0.0,0.0,0.0
3600.0,1048,0.0,0.0,0.0
3600.0,1049,0.0,0.0,0.0
3600.0,1050,0.0,0.0,0.0
3600.0,1051,0.0,0.0,0.0
3600.0,1052,0.0,0.0,0.0
3600.0,1053,0.0,0.0,0.0
3600.0,1054,0.0,0.0,0.0
3600.0,1055,0.0,0.0,0.0
3600.0,1056,0.0,0.0,0.0
3600.0,1057,0.0,0.0,0.0
3600.0,1058,0.0,0.0,0.0
3600.0,1059,0.0,0.0,0.0
3600.0,1060,0.0,0.0,0.0
3600.0,1061,0.0,0.0,0.0
3600.0,1062,0.0,0.0,0.0
3600.0,1063,0.0,0.0,0.0
3600.0,1064,0.0,0.0,0.0
3600.0,1065,0.0,0.0,0.0
3600.0,1066,0.0,0.0,0.0
3600.0,1067,0.0,0.0,0.0
3600.0,1068,0.0,0.0,0.0
3600.0,1069,0.0,0.0,0.0
3600.0,1070,0.0,0.0,0.0
3600.0,1071,0.0,0.0,0.0
3600.0,1072,0.0,0.0,0.0
3600.0,1073,0.0,0.0,0.0
3600.0,1074,0.0,0.0,0.0
3600.0,1075,0.0,0.0,0.0
3600.0,1076,0.0,0.0,0.0
3600.0,1077,0.0,0.0,0.0
3600.0,1078,0.0,0.0,0.0
3600.0,1079,0.0,0.0,0.0
3600.0,1080,0.0,0.0,0.0
3600.0,1081,0.0,0.0,0.0
3600.0,1082,0.0,0.0,0.0
3600.0,1083,0.0,0.0,0.0
3600.0,1084,0.0,0.0,0.0
3600.0,1085,0.0,0.0,0.0
3600.0,1086,0.0,0.0,0.0
3600.0,1087,0.0,0.0,0.0
3600.0,1088,0.0,0.0,0.0
3600.0,1089,0.0,0.0,0.0
3600.0,1090,0.0,0.0,0.0
3600.0,1091,0.0,0.0,0.0
3600.0,1092,0.0,0.0,0.0
3600.0,1093,0.0,0.0,0.0
3600.0,1094,0.0,0.0,0.0
3600.0,1095,0.0,0.0,0.0
3600.0,1096,0.0,0.0,0.0
3600.0,1097,0.0,0.0,0.0
3600.0,1098,0.0,0.0,0.0
3600.0,1099,0.0,0.0,0.0
3600.0,1100,0.0,0.0,0.0
3600.0,1101,0.0,0.0,0.0
3600.0,1102,0.0,0.0,0.0
3600.0,1103,0.0,0.0,0.0
3600.0,1104,0.0,0.0,0.0
3600.0,1105,0.0,0.0,0.0
3600.0,1106,0.0,0.0,0.0
3600.0,1107,0.0,0.0,0.0
3600.0,1108,0.0,0.0,0.0
3600.0,1109,0.0,0.0,0.0
3600.0,1110,0.0,0.0,0.0
3600.0,1111,0.0,0.0,0.0
3600.0,1112,0.0,0.0,0.0
3600.0,1113,7.09290505300522,20.0,0.354645252650261
3600.0,1114,0.0,0.0,0.0
3600.0,1115,0.0,0.0,0.0
3600.0,1116,0.0,0.0,0.0
3600.0,1117,0.0,0.0,0.0
3600.0,1118,0.0,0.0,0.0
3600.0,1119,0.0,0.0,0.0
3600.0,1120,0.0,0.0,0.0
3600.0,1121,0.0,0.0,0.0
3600.0,1122,0.0,0.0,0.0
3600.0,1123,0.0,0.0,0.0
3600.0,1124,0.0,0.0,0.0
3600.0,1125,0.0,0.0,0.0
3600.0,1126,0.0,0.0,0.0
3600.0,1127,0.0,0.0,0.0
3600.0,1128,0.0,0.0,0.0
3600.0,1129,0.0,0.0,0.0
3600.0,1130,0.0,0.0,0.0
3600.0,1131,0.0,0.0,0.0
3600.0,1132,0.0,0.0,0.0
3600.0,1133,0.0,0.0,0.0
3600.0,1134,0.0,0.0,0.0
3600.0,1135,0.0,0.0,0.0
3600.0,1136,0.0,0.0,0.0
3600.0,1137,0.0,0.0,0.0
3600.0,1138,0.0,0.0,0.0
3600.0,1139,0.0,0.0,0.0
3600.0,1140,0.0,0.0,0.0
3600.0,1141,0.0,0.0,0.0
3600.0,1142,0.0,0.0,0.0
3600.0,1143,0.0,0.0,0.0
3600.0,1144,0.0,0.0,0.0
3600.0,1145,0.0,0.0,0.0
3600.0,1146,0.0,0.0,0.0
3600.0,1147,0.0,0.0,0.0
3600.0,1148,0.0,0.0,0.0
3600.0,1149,0.0,0.0,0.0
3600.0,1150,0.0,0.0,0.0
3600.0,1151,0.0,0.0,0.0
3600.0,1152,0.0,0.0,0.0
3600.0,1153,0.0,0.0,0.0
3600.0,1154,11.413305713718913,20.0,0.5706652856859457
3600.0,1155,19.999999999999996,20.0,0.9999999999999998
3600.0,1156,20.000000000000004,20.0,1.0000000000000002
3600.0,1157,0.0,0.0,0.0
3600.0,1158,0.0,0.0,0.0
3600.0,1159,0.0,0.0,0.0
3600.0,1160,0.0,0.0,0.0
3600.0,1161,0.0,0.0,0.0
3600.0,1162,0.0,0.0,0.0
3600.0,1163,0.0,0.0,0.0
3600.0,1164,0.0,0.0,0.0
3600.0,1165,0.0,0.0,0.0
3600.0,1166,0.0,0.0,0.0
3600.0,1167,0.0,0.0,0.0
3600.0,1168,0.0,0.0,0.0
3600.0,1169,0.0,0.0,0.0
3600.0,1170,0.0,0.0,0.0
3600.0,1171,0.0,0.0,0.0
3600.0,1172,0.0,0.0,0.0
3600.0,1173,0.0,0.0,0.0
3600.0,1174,0.0,0.0,0.0
3600.0,1175,0.0,0.0,0.0
3600.0,1176,0.0,0.0,0.0
3600.0,1177,0.0,0.0,0.0
3600.0,1178,0.0,0.0,0.0
3600.0,1179,0.0,0.0,0.0
3600.0,1180,0.0,0.0,0.0
3600.0,1181,0.0,0.0,0.0
3600.0,1182,0.0,0.0,0.0
3600.0,1183,0.0,0.0,0.0
3600.0,1184,0.0,0.0,0.0
3600.0,1185,0.0,0.0,0.0
3600.0,1186,0.0,0.0,0.0
3600.0,1187,0.0,0.0,0.0
3600.0,1188,0.0,0.0,0.0
3600.0,1189,0.0,0.0,0.0
3600.0,1190,0.0,0.0,0.0
3600.0,1191,0.0,0.0,0.0
3600.0,1192,0.0,0.0,0.0
3600.0,1193,0.0,0.0,0.0
3600.0,1194,0.0,0.0,0.0
3600.0,1195,0.0,20.0,0.0
3600.0,1196,12.923878448186482,20.0,0.646193922409324
3600.0,1197,20.0,20.0,1.0
3600.0,1198,19.999999999999996,20.0,0.9999999999999998
3600.0,1199,20.0,20.0,1.0
3600.0,1200,0.0,0.0,0.0
3600.0,1201,0.0,0.0,0.0
3600.0,1202,0.0,0.0,0.0
3600.0,1203,0.0,0.0,0.0
3600.0,1204,0.0,0.0,0.0
3600.0,1205,0.0,0.0,0.0
3600.0,1206,0.0,0.0,0.0
3600.0,1207,0.0,0.0,0.0
3600.0,1208,0.0,0.0,0.0
3600.0,1209,0.0,0.0,0.0
3600.0,1210,0.0,0.0,0.0
3600.0,1211,0.0,0.0,0.0
3600.0,1212,0.0,0.0,0.0
3600.0,1213,0.0,0.0,0.0
3600.0,1214,0.0,0.0,0.0
3600.0,1215,0.0,0.0,0.0
3600.0,1216,0.0,0.0,0.0
3600.0,1217,0.0,0.0,0.0
3600.0,1218,0.0,0.0,0.0
3600.0,1219,0.0,0.0,0.0
3600.0,1220,0.0,0.0,0.0
3600.0,1221,0.0,0.0,0.0
3600.0,1222,0.0,0.0,0.0
3600.0,1223,0.0,0.0,0.0
3600.0,1224,0.0,0.0,0.0
3600.0,1225,0.0,0.0,0.0
3600.0,1226,0.0,0.0,0.0
3600.0,1227,0.0,0.0,0.0
3600.0,1228,0.0,0.0,0.0
3600.0,1229,0.0,0.0,0.0
3600.0,1230,0.0,0.0,0.0
3600.0,1231,0.0,0.0,0.0
3600.0,1232,0.0,0.0,0.0
3600.0,1233,0.0,0.0,0.0
3600.0,1234,0.0,0.0,0.0
3600.0,1235,0.0,0.0,0.0
3600.0,1236,0.0,0.0,0.0
3600.0,1237,0.0,20.0,0.0
3600.0,1238,11.247118853173408,20.0,0.5623559426586704
3600.0,1239,18.20888740119224,20.0,0.910444370059612
3600.0,1240,20.0,20.0,1.0
3600.0,1241,20.0,20.0,1.0
3600.0,1242,20.0,20.0,1.0
3600.0,1243,0.0,0.0,0.0
3600.0,1244,0.0,0.0,0.0
3600.0,1245,0.0,0.0,0.0
3600.0,1246,0.0,0.0,0.0
3600.0,1247,0.0,0.0,0.0
3600.0,1248,0.0,0.0,0.0
3600.0,1249,0.0,0.0,0.0
3600.0,1250,0.0,0.0,0.0
3600.0,1251,0.0,0.0,0.0
3600.0,1252,0.0,0.0,0.0
3600.0,1253,0.0,0.0,0.0
3600.0,1254,0.0,0.0,0.0
3600.0,1255,0.0,0.0,0.0
3600.0,1256,0.0,0.0,0.0
3600.0,1257,0.0,0.0,0.0
3600.0,1258,0.0,0.0,0.0
3600.0,1259,0.0,0.0,0.0
3600.0,1260,0.0,0.0,0.0
3600.0,1261,0.0,0.0,0.0
3600.0,1262,0.0,0.0,0.0
3600.0,1263,0.0,0.0,0.0
3600.0,1264,0.0,0.0,0.0
3600.0,1265,0.0,0.0,0.0
3600.0,1266,0.0,0.0,0.0
3600.0,1267,0.0,0.0,0.0
3600.0,1268,0.0,0.0,0.0
3600.0,1269,0.0,0.0,0.0
3600.0,1270,0.0,0.0,0.0
3600.0,1271,0.0,0.0,0.0
3600.0,1272,0.0,0.0,0.0
3600.0,1273,0.0,0.0,0.0
3600.0,1274,0.0,0.0,0.0
3600.0,1275,0.0,0.0,0.0
3600.0,1276,0.0,0.0,0.0
3600.0,1277,0.0,0.0,0.0
3600.0,1278,0.0,0.0,0.0
3600.0,1279,0.0,20.0,0.0
3600.0,1280,19.485339523416634,20.0,0.9742669761708317
3600.0,1281,20.0,20.0,1.0
3600.0,1282,20.0,20.0,1.0
3600.0,1283,19.999999999999996,20.0,0.9999999999999998
3600.0,1284,20.0,20.0,1.0
3600.0,1285,20.0,20.0,1.0
3600.0,1286,0.0,0.0,0.0
3600.0,1287,0.0,0.0,0.0
3600.0,1288,0.0,0.0,0.0
3600.0,1289,0.0,0.0,0.0
3600.0,1290,0.0,0.0,0.0
3600.0,1291,0.0,0.0,0.0
3600.0,1292,0.0,0.0,0.0
3600.0,1293,0.0,0.0,0.0
3600.0,1294,0.0,0.0,0.0
3600.0,1295,0.0,0.0,0.0
3600.0,1296,0.0,0.0,0.0
3600.0,1297,0.0,0.0,0.0
3600.0,1298,0.0,0.0,0.0
3600.0,1299,0.0,0.0,0.0
3600.0,1300,0.0,0.0,0.0
3600.0,1301,0.0,0.0,0.0
3600.0,1302,0.0,0.0,0.0
3600.0,1303,0.0,0.0,0.0
3600.0,1304,0.0,0.0,0.0
3600.0,1305,0.0,0.0,0.0
3600.0,1306,0.0,0.0,0.0
3600.0,1307,0.0,0.0,0.0
3600.0,1308,0.0,0.0,0.0
3600.0,1309,0.0,0.0,0.0
3600.0,1310,0.0,0.0,0.0
3600.0,1311,0.0,0.0,0.0
3600.0,1312,0.0,0.0,0.0
3600.0,1313,0.0,0.0,0.0
3600.0,1314,0.0,0.0,0.0
3600.0,1315,0.0,0.0,0.0
3600.0,1316,0.0,0.0,0.0
3600.0,1317,0.0,0.0,0.0
3600.0,1318,0.0,0.0,0.0
3600.0,1319,0.0,0.0,0.0
3600.0,1320,0.0,0.0,0.0
3600.0,1321,0.0,20.0,0.0
3600.0,1322,11.473939980705284,20.0,0.5736969990352642
3600.0,1323,20.0,20.0,1.0
3600.0,1324,20.0,20.0,1.0
3600.0,1325,20.0,20.0,1.0
3600.0,1326,20.0,20.0,1.0
3600.0,1327,20.0,20.0,1.0
3600.0,1328,20.0,20.0,1.0
3600.0,1329,0.0,0.0,0.0
3600.0,1330,0.0,0.0,0.0
3600.0,1331,0.0,0.0,0.0
3600.0,1332,0.0,0.0,0.0
3600.0,1333,0.0,0.0,0.0
3600.0,1334,0.0,0.0,0.0
3600.0,1335,0.0,0.0,0.0
3600.0,1336,0.0,0.0,0.0
3600.0,1337,0.0,0.0,0.0
3600.0,1338,0.0,0.0,0.0
3600.0,1339,0.0,0.0,0.0
3600.0,1340,0.0,0.0,0.0
3600.0,1341,0.0,0.0,0.0
3600.0,1342,0.0,0.0,0.0
3600.0,1343,0.0,0.0,0.0
3600.0,1344,0.0,0.0,0.0
3600.0,1345,0.0,0.0,0.0
3600.0,1346,0.0,0.0,0.0
3600.0,1347,0.0,0.0,0.0
3600.0,1348,0.0,0.0,0.0
3600.0,1349,0.0,0.0,0.0
3600.0,1350,0.0,0.0,0.0
3600.0,1351,0.0,0.0,0.0
3600.0,1352,0.0,0.0,0.0
3600.0,1353,0.0,0.0,0.0
3600.0,1354,0.0,0.0,0.0
3600.0,1355,0.0,0.0,0.0
3600.0,1356,0.0,0.0,0.0
3600.0,1357,0.0,0.0,0.0
3600.0,1358,0.0,0.0,0.0
3600.0,1359,0.0,0.0,0.0
3600.0,1360,0.0,0.0,0.0
3600.0,1361,0.0,0.0,0.0
3600.0,1362,0.0,0.0,0.0
3600.0,1363,0.0,0.0,0.0
3600.0,1364,1.0095297156100314,20.0,0.05047648578050157
3600.0,1365,4.3329234545802935,20.0,0.21664617272901468
3600.0,1366,20.0,20.0,1.0
3600.0,1367,19.999999999999996,20.0,0.9999999999999998
3600.0,1368,20.0,20.0,1.0
3600.0,1369,20.0,20.0,1.0
3600.0,1370,19.999999999999996,20.0,0.9999999999999998
3600.0,1371,20.0,20.0,1.0
3600.0,1372,0.0,0.0,0.0
3600.0,1373,0.0,0.0,0.0
3600.0,1374,0.0,0.0,0.0
3600.0,1375,0.0,0.0,0.0
3600.0,1376,0.0,0.0,0.0
3600.0,1377,0.0,0.0,0.0
3600.0,1378,0.0,0.0,0.0
3600.0,1379,0.0,0.0,0.0
3600.0,1380,0.0,0.0,0.0
3600.0,1381,0.0,0.0,0.0
3600.0,1382,0.0,0.0,0.0
3600.0,1383,0.0,0.0,0.0
3600.0,1384,0.0,0.0,0.0
3600.0,1385,0.0,0.0,0.0
3600.0,1386,0.0,0.0,0.0
3600.0,1387,0.0,0.0,0.0
3600.0,1388,0.0,0.0,0.0
3600.0,1389,0.0,0.0,0.0
3600.0,1390,0.0,0.0,0.0
3600.0,1391,0.0,0.0,0.0
3600.0,1392,0.0,0.0,0.0
3600.0,1393,0.0,0.0,0.0
3600.0,1394,0.0,0.0,0.0
3600.0,1395,0.0,0.0,0.0
3600.0,1396,0.0,0.0,0.0
3600.0,1397,0.0,0.0,0.0
3600.0,1398,0.0,0.0,0.0
3600.0,1399,0.0,0.0,0.0
3600.0,1400,0.0,0.0,0.0
3600.0,1401,0.0,0.0,0.0
3600.0,1402,0.0,0.0,0.0
3600.0,1403,0.0,0.0,0.0
3600.0,1404,0.0,0.0,0.0
3600.0,1405,0.0,0.0,0.0
3600.0,1406,0.0,0.0,0.0
3600.0,1407,0.0,20.0,0.0
3600.0,1408,20.0,20.0,1.0
3600.0,1409,20.0,20.0,1.0
3600.0,1410,20.0,20.0,1.0
3600.0,1411,20.0,20.0,1.0
3600.0,1412,20.0,20.0,1.0
3600.0,1413,11.726938712255059,20.0,0.586346935612753
3600.0,1414,0.0,0.0,0.0
3600.0,1415,0.0,0.0,0.0
3600.0,1416,0.0,0.0,0.0
3600.0,1417,0.0,0.0,0.0
3600.0,1418,0.0,0.0,0.0
3600.0,1419,0.0,0.0,0.0
3600.0,1420,0.0,0.0,0.0
3600.0,1421,0.0,0.0,0.0
3600.0,1422,0.0,0.0,0.0
3600.0,1423,0.0,0.0,0.0
3600.0,1424,0.0,0.0,0.0
3600.0,1425,0.0,0.0,0.0
3600.0,1426,0.0,0.0,0.0
3600.0,1427,0.0,0.0,0.0
3600.0,1428,0.0,0.0,0.0
3600.0,1429,0.0,0.0,0.0
3600.0,1430,0.0,0.0,0.0
3600.0,1431,0.0,0.0,0.0
3600.0,1432,0.0,0.0,0.0
3600.0,1433,0.0,0.0,0.0
3600.0,1434,0.0,0.0,0.0
3600.0,1435,0.0,0.0,0.0
3600.0,1436,0.0,0.0,0.0
3600.0,1437,0.0,0.0,0.0
3600.0,1438,0.0,0.0,0.0
3600.0,1439,0.0,0.0,0.0
3600.0,1440,0.0,0.0,0.0
3600.0,1441,0.0,0.0,0.0
3600.0,1442,0.0,0.0,0.0
3600.0,1443,0.0,0.0,0.0
3600.0,1444,0.0,0.0,0.0
3600.0,1445,0.0,0.0,0.0
3600.0,1446,0.0,0.0,0.0
3600.0,1447,0.0,0.0,0.0
3600.0,1448,0.0,0.0,0.0
3600.0,1449,0.0,20.0,0.0
3600.0,1450,0.0,20.0,0.0
3600.0,1451,0.3278008235834893,20.0,0.016390041179174464
3600.0,1452,20.0,20.0,1.0
3600.0,1453,20.0,20.0,1.0
3600.0,1454,16.399460881837904,20.0,0.8199730440918952
3600.0,1455,0.0,0.0,0.0
3600.0,1456,0.0,0.0,0.0
3600.0,1457,0.0,0.0,0.0
3600.0,1458,0.0,0.0,0.0
3600.0,1459,0.0,0.0,0.0
3600.0,1460,0.0,0.0,0.0
3600.0,1461,0.0,0.0,0.0
3600.0,1462,0.0,0.0,0.0
3600.0,1463,0.0,0.0,0.0
3600.0,1464,0.0,0.0,0.0
3600.0,1465,0.0,0.0,0.0
3600.0,1466,0.0,0.0,0.0
3600.0,1467,0.0,0.0,0.0
3600.0,1468,0.0,0.0,0.0
3600.0,1469,0.0,0.0,0.0
3600.0,1470,0.0,0.0,0.0
3600.0,1471,0.0,0.0,0.0
3600.0,1472,0.0,0.0,0.0
3600.0,1473,0.0,0.0,0.0
3600.0,1474,0.0,0.0,0.0
3600.0,1475,0.0,0.0,0.0
3600.0,1476,0.0,0.0,0.0
3600.0,1477,0.0,0.0,0.0
3600.0,1478,0.0,0.0,0.0
3600.0,1479,0.0,0.0,0.0
3600.0,1480,0.0,0.0,0.0
3600.0,1481,0.0,0.0,0.0
3600.0,1482,0.0,0.0,0.0
3600.0,1483,0.0,0.0,0.0
3600.0,1484,0.0,0.0,0.0
3600.0,1485,0.0,0.0,0.0
3600.0,1486,0.0,0.0,0.0
3600.0,1487,0.0,0.0,0.0
3600.0,1488,0.0,0.0,0.0
3600.0,1489,0.0,0.0,0.0
3600.0,1490,0.0,0.0,0.0
3600.0,1491,0.0,20.0,0.0
3600.0,1492,7.287379507649703,20.0,0.36436897538248514
3600.0,1493,3.92693504117076,20.0,0.196346752058538
3600.0,1494,20.0,20.0,1.0
3600.0,1495,20.0,20.0,1.0
4500.0,0,0.0,0.0,0.0
4500.0,1,0.0,0.0,0.0
4500.0,2,0.0,0.0,0.0
4500.0,3,0.0,0.0,0.0
4500.0,4,0.0,0.0,0.0
4500.0,5,0.0,0.0,0.0
4500.0,6,0.0,0.0,0.0
4500.0,7,0.0,0.0,0.0
4500.0,8,0.0,0.0,0.0
4500.0,9,0.0,0.0,0.0
4500.0,10,0.0,0.0,0.0
4500.0,11,0.0,0.0,0.0
4500.0,12,0.0,0.0,0.0
4500.0,13,0.0,0.0,0.0
4500.0,14,0.0,0.0,0.0
4500.0,15,0.0,0.0,0.0
4500.0,16,0.0,0.0,0.0
4500.0,17,0.0,0.0,0.0
4500.0,18,0.0,0.0,0.0
4500.0,19,0.0,0.0,0.0
4500.0,20,0.0,20.0,0.0
4500.0,21,16.133110340281654,20.0,0.8066555170140827
4500.0,22,20.0,20.0,1.0
4500.0,23,20.0,20.0,1.0
4500.0,24,9.110670913090733,20.0,0.45553354565453663
4500.0,25,20.0,20.0,1.0
4500.0,26,20.0,20.0,1.0
4500.0,27,0.0,0.0,0.0
4500.0,28,0.0,0.0,0.0
4500.0,29,0.0,0.0,0.0
4500.0,30,0.0,0.0,0.0
4500.0,31,0.0,0.0,0.0
4500.0,32,0.0,0.0,0.0
4500.0,33,0.0,0.0,0.0
4500.0,34,0.0,0.0,0.0
4500.0,35,0.0,0.0,0.0
4500.0,36,0.0,0.0,0.0
4500.0,37,0.0,0.0,0.0
4500.0,38,0.0,0.0,0.0
4500.0,39,0.0,0.0,0.0
4500.0,40,0.0,0.0,0.0
4500.0,41,0.0,0.0,0.0
4500.0,42,0.0,0.0,0.0
4500.0,43,0.0,0.0,0.0
4500.0,44,0.0,0.0,0.0
4500.0,45,0.0,0.0,0.0
4500.0,46,0.0,0.0,0.0
4500.0,47,0.0,0.0,0.0
4500.0,48,0.0,0.0,0.0
4500.0,49,0.0,0.0,0.0
4500.0,50,0.0,0.0,0.0
4500.0,51,0.0,0.0,0.0
4500.0,52,0.0,0.0,0.0
4500.0,53,0.0,0.0,0.0
4500.0,54,0.0,0.0,0.0
4500.0,55,0.0,0.0,0.0
4500.0,56,0.0,0.0,0.0
4500.0,57,0.0,0.0,0.0
4500.0,58,0.0,0.0,0.0
4500.0,59,0.0,0.0,0.0
4500.0,60,0.0,0.0,0.0
4500.0,61,0.0,0.0,0.0
4500.0,62,0.0,20.0,0.0
4500.0,63,7.934909535022774,20.0,0.3967454767511387
4500.0,64,20.000000000000004,20.0,1.0000000000000002
4500.0,65,20.0,20.0,1.0
4500.0,66,0.0,20.0,0.0
4500.0,67,14.978096160927148,20.0,0.7489048080463574
4500.0,68,0.0,20.0,0.0
4500.0,69,0.0,0.0,0.0
4500.0,70,0.0,0.0,0.0
4500.0,71,0.0,0.0,0.0
4500.0,72,0.0,0.0,0.0
4500.0,73,0.0,0.0,0.0
4500.0,74,0.0,0.0,0.0
4500.0,75,0.0,0.0,0.0
4500.0,76,0.0,0.0,0.0
4500.0,77,0.0,0.0,0.0
4500.0,78,0.0,0.0,0.0
4500.0,79,0.0,0.0,0.0
4500.0,80,0.0,0.0,0.0
4500.0,81,0.0,0.0,0.0
4500.0,82,0.0,0.0,0.0
4500.0,83,0.0,0.0,0.0
4500.0,84,0.0,0.0,0.0
4500.0,85,0.0,0.0,0.0
4500.0,86,0.0,0.0,0.0
4500.0,87,0.0,0.0,0.0
4500.0,88,0.0,0.0,0.0
4500.0,89,0.0,0.0,0.0
4500.0,90,0.0,0.0,0.0
4500.0,91,0.0,0.0,0.0
4500.0,92,0.0,0.0,0.0
4500.0,93,0.0,0.0,0.0
4500.0,94,0.0,0.0,0.0
4500.0,95,0.0,0.0,0.0
4500.0,96,0.0,0.0,0.0
4500.0,97,0.0,0.0,0.0
4500.0,98,0.0,0.0,0.0
4500.0,99,0.0,0.0,0.0
4500.0,100,0.0,0.0,0.0
4500.0,101,0.0,0.0,0.0
4500.0,102,0.0,0.0,0.0
4500.0,103,0.0,0.0,0.0
4500.0,104,4.527439613192181,20.0,0.22637198065960903
4500.0,105,3.922332604777243,20.0,0.19611663023886214
4500.0,106,3.922332604777243,20.0,0.19611663023886214
4500.0,107,0.0,20.0,0.0
4500.0,108,0.0,20.0,0.0
4500.0,109,0.0,20.0,0.0
4500.0,110,0.0,0.0,0.0
4500.0,111,0.0,0.0,0.0
4500.0,112,0.0,0.0,0.0
4500.0,113,0.0,0.0,0.0
4500.0,114,0.0,0.0,0.0
4500.0,115,0.0,0.0,0.0
4500.0,116,0.0,0.0,0.0
4500.0,117,0.0,0.0,0.0
4500.0,118,0.0,0.0,0.0
4500.0,119,0.0,0.0,0.0
4500.0,120,0.0,0.0,0.0
4500.0,121,0.0,0.0,0.0
4500.0,122,0.0,0.0,0.0
4500.0,123,0.0,0.0,0.0
4500.0,124,0.0,0.0,0.0
4500.0,125,0.0,0.0,0.0
4500.0,126,0.0,0.0,0.0
4500.0,127,0.0,0.0,0.0
4500.0,128,0.0,0.0,0.0
4500.0,129,0.0,0.0,0.0
4500.0,130,0.0,0.0,0.0
4500.0,131,0.0,0.0,0.0
4500.0,132,0.0,0.0,0.0
4500.0,133,0.0,0.0,0.0
4500.0,134,0.0,0.0,0.0
4500.0,135,0.0,0.0,0.0
4500.0,136,0.0,0.0,0.0
4500.0,137,0.0,0.0,0.0
4500.0,138,0.0,0.0,0.0
4500.0,139,0.0,0.0,0.0
4500.0,140,0.0,0.0,0.0
4500.0,141,0.0,0.0,0.0
4500.0,142,0.0,0.0,0.0
4500.0,143,0.0,0.0,0.0
4500.0,144,0.0,0.0,0.0
4500.0,145,0.0,0.0,0.0
4500.0,146,0.0,20.0,0.0
4500.0,147,0.0,20.0,0.0
4500.0,148,4.0125769302455305,20.0,0.20062884651227653
4500.0,149,3.922332604777243,20.0,0.19611663023886214
4500.0,150,0.0,20.0,0.0
4500.0,151,0.0,20.0,0.0
4500.0,152,0.0,0.0,0.0
4500.0,153,0.0,0.0,0.0
4500.0,154,0.0,0.0,0.0
4500.0,155,0.0,0.0,0.0
4500.0,156,0.0,0.0,0.0
4500.0,157,0.0,0.0,0.0
4500.0,158,0.0,0.0,0.0
4500.0,159,0.0,0.0,0.0
4500.0,160,0.0,0.0,0.0
4500.0,161,0.0,0.0,0.0
4500.0,162,0.0,0.0,0.0
4500.0,163,0.0,0.0,0.0
4500.0,164,0.0,0.0,0.0
4500.0,165,0.0,0.0,0.0
4500.0,166,0.0,0.0,0.0
4500.0,167,0.0,0.0,0.0
4500.0,168,0.0,0.0,0.0
4500.0,169,0.0,0.0,0.0
4500.0,170,0.0,0.0,0.0
4500.0,171,0.0,0.0,0.0
4500.0,172,0.0,0.0,0.0
4500.0,173,0.0,0.0,0.0
4500.0,174,0.0,0.0,0.0
4500.0,175,0.0,0.0,0.0
4500.0,176,0.0,0.0,0.0
4500.0,177,0.0,0.0,0.0
4500.0,178,0.0,0.0,0.0
4500.0,179,0.0,0.0,0.0
4500.0,180,0.0,0.0,0.0
4500.0,181,0.0,0.0,0.0
4500.0,182,0.0,0.0,0.0
4500.0,183,0.0,0.0,0.0
4500.0,184,0.0,0.0,0.0
4500.0,185,0.0,0.0,0.0
4500.0,186,0.0,0.0,0.0
4500.0,187,0.0,0.0,0.0
4500.0,188,9.759300348930482,20.0,0.4879650174465241
4500.0,189,20.0,20.0,1.0
4500.0,190,0.0,20.0,0.0
4500.0,191,4.0125769302455305,20.0,0.20062884651227653
4500.0,192,7.934909535022774,20.0,0.3967454767511387
4500.0,193,13.991297380339837,20.0,0.6995648690169919
4500.0,194,0.0,0.0,0.0
4500.0,195,0.0,0.0,0.0
4500.0,196,0.0,0.0,0.0
4500.0,197,0.0,0.0,0.0
4500.0,198,0.0,0.0,0.0
4500.0,199,0.0,0.0,0.0
4500.0,200,0.0,0.0,0.0
4500.0,201,0.0,0.0,0.0
4500.0,202,0.0,0.0,0.0
4500.0,203,0.0,0.0,0.0
4500.0,204,0.0,0.0,0.0
4500.0,205,0.0,0.0,0.0
4500.0,206,0.0,0.0,0.0
4500.0,207,0.0,0.0,0.0
4500.0,208,0.0,0.0,0.0
4500.0,209,0.0,0.0,0.0
4500.0,210,0.0,0.0,0.0
4500.0,211,0.0,0.0,0.0
4500.0,212,0.0,0.0,0.0
4500.0,213,0.0,0.0,0.0
4500.0,214,0.0,0.0,0.0
4500.0,215,0.0,0.0,0.0
4500.0,216,0.0,0.0,0.0
4500.0,217,0.0,0.0,0.0
4500.0,218,0.0,0.0,0.0
4500.0,219,0.0,0.0,0.0
4500.0,220,0.0,0.0,0.0
4500.0,221,0.0,0.0,0.0
4500.0,222,0.0,0.0,0.0
4500.0,223,0.0,0.0,0.0
4500.0,224,0.0,0.0,0.0
4500.0,225,0.0,0.0,0.0
4500.0,226,0.0,0.0,0.0
4500.0,227,0.0,0.0,0.0
4500.0,228,0.0,0.0,0.0
4500.0,229,0.0,0.0,0.0
4500.0,230,10.989849203282226,20.0,0.5494924601641114
4500.0,231,20.000000000000004,20.0,1.0000000000000002
4500.0,232,8.635272522699516,20.0,0.4317636261349758
4500.0,233,1.8824838278292795,20.0,0.09412419139146397
4500.0,234,16.133110340281654,20.0,0.8066555170140827
4500.0,235,16.22335466574994,20.0,0.811167733287497
4500.0,236,0.0,20.0,0.0
4500.0,237,0.0,0.0,0.0
4500.0,238,0.0,0.0,0.0
4500.0,239,0.0,0.0,0.0
4500.0,240,0.0,0.0,0.0
4500.0,241,0.0,0.0,0.0
4500.0,242,0.0,0.0,0.0
4500.0,243,0.0,0.0,0.0
4500.0,244,0.0,0.0,0.0
4500.0,245,0.0,0.0,0.0
4500.0,246,0.0,0.0,0.0
4500.0,247,0.0,0.0,0.0
4500.0,248,0.0,0.0,0.0
4500.0,249,0.0,0.0,0.0
4500.0,250,0.0,0.0,0.0
4500.0,251,0.0,0.0,0.0
4500.0,252,0.0,0.0,0.0
4500.0,253,0.0,0.0,0.0
4500.0,254,0.0,0.0,0.0
4500.0,255,0.0,0.0,0.0
4500.0,256,0.0,0.0,0.0
4500.0,257,0.0,0.0,0.0
4500.0,258,0.0,0.0,0.0
4500.0,259,0.0,0.0,0.0
4500.0,260,0.0,0.0,0.0
4500.0,261,0.0,0.0,0.0
4500.0,262,0.0,0.0,0.0
4500.0,263,0.0,0.0,0.0
4500.0,264,0.0,0.0,0.0
4500.0,265,0.0,0.0,0.0
4500.0,266,0.0,0.0,0.0
4500.0,267,0.0,0.0,0.0
4500.0,268,0.0,0.0,0.0
4500.0,269,0.0,0.0,0.0
4500.0,270,0.0,0.0,0.0
4500.0,271,11.949791497030752,20.0,0.5974895748515376
4500.0,272,19.999999999999996,20.0,0.9999999999999998
4500.0,273,20.0,20.0,1.0
4500.0,274,20.000000000000004,20.0,1.0000000000000002
4500.0,275,17.93692826733883,20.0,0.8968464133669414
4500.0,276,0.0,20.0,0.0
4500.0,277,13.224863284682645,20.0,0.6612431642341322
4500.0,278,0.0,20.0,0.0
4500.0,279,0.0,0.0,0.0
4500.0,280,0.0,0.0,0.0
4500.0,281,0.0,0.0,0.0
4500.0,282,0.0,0.0,0.0
4500.0,283,0.0,0.0,0.0
4500.0,284,0.0,0.0,0.0
4500.0,285,0.0,0.0,0.0
4500.0,286,0.0,0.0,0.0
4500.0,287,0.0,0.0,0.0
4500.0,288,0.0,0.0,0.0
4500.0,289,0.0,0.0,0.0
4500.0,290,0.0,0.0,0.0
4500.0,291,0.0,0.0,0.0
4500.0,292,0.0,0.0,0.0
4500.0,293,0.0,0.0,0.0
4500.0,294,0.0,0.0,0.0
4500.0,295,0.0,0.0,0.0
4500.0,296,0.0,0.0,0.0
4500.0,297,0.0,0.0,0.0
4500.0,298,0.0,0.0,0.0
4500.0,299,0.0,0.0,0.0
4500.0,300,0.0,0.0,0.0
4500.0,301,0.0,0.0,0.0
4500.0,302,0.0,0.0,0.0
4500.0,303,0.0,0.0,0.0
4500.0,304,0.0,0.0,0.0
4500.0,305,0.0,0.0,0.0
4500.0,306,0.0,0.0,0.0
4500.0,307,0.0,0.0,0.0
4500.0,308,0.0,0.0,0.0
4500.0,309,0.0,0.0,0.0
4500.0,310,0.0,0.0,0.0
4500.0,311,0.0,0.0,0.0
4500.0,312,0.0,18.984879465938754,0.0
4500.0,313,20.0,20.0,1.0
4500.0,314,20.0,20.0,1.0
4500.0,315,20.0,20.0,1.0
4500.0,316,20.0,20.0,1.0
4500.0,317,20.0,20.0,1.0
4500.0,318,10.819759054504717,20.0,0.5409879527252358
4500.0,319,20.0,20.0,1.0
4500.0,320,0.0,20.0,0.0
4500.0,321,0.0,0.0,0.0
4500.0,322,0.0,0.0,0.0
4500.0,323,0.0,0.0,0.0
4500.0,324,0.0,0.0,0.0
4500.0,325,0.0,0.0,0.0
4500.0,326,0.0,0.0,0.0
4500.0,327,0.0,0.0,0.0
4500.0,328,0.0,0.0,0.0
4500.0,329,0.0,0.0,0.0
4500.0,330,0.0,0.0,0.0
4500.0,331,0.0,0.0,0.0
4500.0,332,0.0,0.0,0.0
4500.0,333,0.0,0.0,0.0
4500.0,334,0.0,0.0,0.0
4500.0,335,0.0,0.0,0.0
4500.0,336,0.0,0.0,0.0
4500.0,337,0.0,0.0,0.0
4500.0,338,0.0,0.0,0.0
4500.0,339,0.0,0.0,0.0
4500.0,340,0.0,0.0,0.0
4500.0,341,0.0,0.0,0.0
4500.0,342,0.0,0.0,0.0
4500.0,343,0.0,0.0,0.0
4500.0,344,0.0,0.0,0.0
4500.0,345,0.0,0.0,0.0
4500.0,346,0.0,0.0,0.0
4500.0,347,0.0,0.0,0.0
4500.0,348,0.0,0.0,0.0
4500.0,349,0.0,0.0,0.0
4500.0,350,0.0,0.0,0.0
4500.0,351,0.0,0.0,0.0
4500.0,352,0.0,0.0,0.0
4500.0,353,0.0,0.0,0.0
4500.0,354,20.0,20.0,1.0
4500.0,355,20.0,20.0,1.0
4500.0,356,20.0,20.0,1.0
4500.0,357,20.0,20.0,1.0
4500.0,358,20.0,20.0,1.0
4500.0,359,20.0,20.0,1.0
4500.0,360,20.0,20.0,1.0
4500.0,361,20.0,20.0,1.0
4500.0,362,20.0,20.0,1.0
4500.0,363,0.0,0.0,0.0
4500.0,364,0.0,0.0,0.0
4500.0,365,0.0,0.0,0.0
4500.0,366,0.0,0.0,0.0
4500.0,367,0.0,0.0,0.0
4500.0,368,0.0,0.0,0.0
4500.0,369,0.0,0.0,0.0
4500.0,370,0.0,0.0,0.0
4500.0,371,0.0,0.0,0.0
4500.0,372,0.0,0.0,0.0
4500.0,373,0.0,0.0,0.0
4500.0,374,0.0,0.0,0.0
4500.0,375,0.0,0.0,0.0
4500.0,376,0.0,0.0,0.0
4500.0,377,0.0,0.0,0.0
4500.0,378,0.0,0.0,0.0
4500.0,379,0.0,0.0,0.0
4500.0,380,0.0,0.0,0.0
4500.0,381,0.0,0.0,0.0
4500.0,382,0.0,0.0,0.0
4500.0,383,0.0,0.0,0.0
4500.0,384,0.0,0.0,0.0
4500.0,385,0.0,0.0,0.0
4500.0,386,0.0,0.0,0.0
4500.0,387,0.0,0.0,0.0
4500.0,388,0.0,0.0,0.0
4500.0,389,0.0,0.0,0.0
4500.0,390,0.0,0.0,0.0
4500.0,391,0.0,0.0,0.0
4500.0,392,0.0,0.0,0.0
4500.0,393,0.0,0.0,0.0
4500.0,394,0.0,0.0,0.0
4500.0,395,0.0,0.0,0.0
4500.0,396,0.0,0.0,0.0
4500.0,397,20.0,20.0,1.0
4500.0,398,20.0,20.0,1.0
4500.0,399,20.0,20.0,1.0
4500.0,400,20.0,20.0,1.0
4500.0,401,20.0,20.0,1.0
4500.0,402,20.0,20.0,1.0
4500.0,403,20.0,20.0,1.0
4500.0,404,14.299804885864297,20.0,0.7149902442932149
4500.0,405,0.0,0.0,0.0
4500.0,406,0.0,0.0,0.0
4500.0,407,0.0,0.0,0.0
4500.0,408,0.0,0.0,0.0
4500.0,409,0.0,0.0,0.0
4500.0,410,0.0,0.0,0.0
4500.0,411,0.0,0.0,0.0
4500.0,412,0.0,0.0,0.0
4500.0,413,0.0,0.0,0.0
4500.0,414,0.0,0.0,0.0
4500.0,415,0.0,0.0,0.0
4500.0,416,0.0,0.0,0.0
4500.0,417,0.0,0.0,0.0
4500.0,418,0.0,0.0,0.0
4500.0,419,0.0,0.0,0.0
4500.0,420,0.0,0.0,0.0
4500.0,421,0.0,0.0,0.0
4500.0,422,0.0,0.0,0.0
4500.0,423,0.0,0.0,0.0
4500.0,424,0.0,0.0,0.0
4500.0,425,0.0,0.0,0.0
4500.0,426,0.0,0.0,0.0
4500.0,427,0.0,0.0,0.0
4500.0,428,0.0,0.0,0.0
4500.0,429,0.0,0.0,0.0
4500.0,430,0.0,0.0,0.0
4500.0,431,0.0,0.0,0.0
4500.0,432,0.0,0.0,0.0
4500.0,433,0.0,0.0,0.0
4500.0,434,0.0,0.0,0.0
4500.0,435,0.0,0.0,0.0
4500.0,436,0.0,0.0,0.0
4500.0,437,0.0,0.0,0.0
4500.0,438,0.0,0.0,0.0
4500.0,439,0.0,0.0,0.0
4500.0,440,20.0,20.0,1.0
4500.0,441,20.0,20.0,1.0
4500.0,442,20.0,20.0,1.0
4500.0,443,20.0,20.0,1.0
4500.0,444,20.0,20.0,1.0
4500.0,445,20.0,20.0,1.0
4500.0,446,13.606656644848261,20.0,0.680332832242413
4500.0,447,0.0,0.0,0.0
4500.0,448,0.0,0.0,0.0
4500.0,449,0.0,0.0,0.0
4500.0,450,0.0,0.0,0.0
4500.0,451,0.0,0.0,0.0
4500.0,452,0.0,0.0,0.0
4500.0,453,0.0,0.0,0.0
4500.0,454,0.0,0.0,0.0
4500.0,455,0.0,0.0,0.0
4500.0,456,0.0,0.0,0.0
4500.0,457,0.0,0.0,0.0
4500.0,458,0.0,0.0,0.0
4500.0,459,0.0,0.0,0.0
4500.0,460,0.0,0.0,0.0
4500.0,461,0.0,0.0,0.0
4500.0,462,0.0,0.0,0.0
4500.0,463,0.0,0.0,0.0
4500.0,464,0.0,0.0,0.0
4500.0,465,0.0,0.0,0.0
4500.0,466,0.0,0.0,0.0
4500.0,467,0.0,0.0,0.0
4500.0,468,0.0,0.0,0.0
4500.0,469,0.0,0.0,0.0
4500.0,470,0.0,0.0,0.0
4500.0,471,0.0,0.0,0.0
4500.0,472,0.0,0.0,0.0
4500.0,473,0.0,0.0,0.0
4500.0,474,0.0,0.0,0.0
4500.0,475,0.0,0.0,0.0
4500.0,476,0.0,0.0,0.0
4500.0,477,0.0,0.0,0.0
4500.0,478,0.0,0.0,0.0
4500.0,479,0.0,0.0,0.0
4500.0,480,0.0,0.0,0.0
4500.0,481,0.0,0.0,0.0
4500.0,482,0.0,0.0,0.0
4500.0,483,0.0,0.0,0.0
4500.0,484,20.0,20.0,1.0
4500.0,485,20.0,20.0,1.0
4500.0,486,20.0,20.0,1.0
4500.0,487,20.0,20.0,1.0
4500.0,488,2.3310572497761637,20.0,0.11655286248880818
4500.0,489,0.0,0.0,0.0
4500.0,490,0.0,0.0,0.0
4500.0,491,0.0,0.0,0.0
4500.0,492,0.0,0.0,0.0
4500.0,493,0.0,0.0,0.0
4500.0,494,0.0,0.0,0.0
4500.0,495,0.0,0.0,0.0
4500.0,496,0.0,0.0,0.0
4500.0,497,0.0,0.0,0.0
4500.0,498,0.0,0.0,0.0
4500.0,499,0.0,0.0,0.0
4500.0,500,0.0,0.0,0.0
4500.0,501,0.0,0.0,0.0
4500.0,502,0.0,0.0,0.0
4500.0,503,0.0,0.0,0.0
4500.0,504,0.0,0.0,0.0
4500.0,505,0.0,0.0,0.0
4500.0,506,0.0,0.0,0.0
4500.0,507,0.0,0.0,0.0
4500.0,508,0.0,0.0,0.0
4500.0,509,0.0,0.0,0.0
4500.0,510,0.0,0.0,0.0
4500.0,511,0.0,0.0,0.0
4500.0,512,0.0,0.0,0.0
4500.0,513,0.0,0.0,0.0
4500.0,514,0.0,0.0,0.0
4500.0,515,0.0,0.0,0.0
4500.0,516,0.0,0.0,0.0
4500.0,517,0.0,0.0,0.0
4500.0,518,0.0,0.0,0.0
4500.0,519,0.0,0.0,0.0
4500.0,520,0.0,0.0,0.0
4500.0,521,0.0,0.0,0.0
4500.0,522,0.0,0.0,0.0
4500.0,523,0.0,0.0,0.0
4500.0,524,0.0,0.0,0.0
4500.0,525,0.0,0.0,0.0
4500.0,526,0.0,0.0,0.0
4500.0,527,20.0,20.0,1.0
4500.0,528,20.0,20.0,1.0
4500.0,529,20.0,20.0,1.0
4500.0,530,2.68613986266854,20.0,0.134306993133427
4500.0,531,0.0,0.0,0.0
4500.0,532,0.0,0.0,0.0
4500.0,533,0.0,0.0,0.0
4500.0,534,0.0,0.0,0.0
4500.0,535,0.0,0.0,0.0
4500.0,536,0.0,0.0,0.0
4500.0,537,0.0,0.0,0.0
4500.0,538,0.0,0.0,0.0
4500.0,539,0.0,0.0,0.0
4500.0,540,0.0,0.0,0.0
4500.0,541,0.0,0.0,0.0
4500.0,542,0.0,0.0,0.0
4500.0,543,0.0,0.0,0.0
4500.0,544,0.0,0.0,0.0
4500.0,545,0.0,0.0,0.0
4500.0,546,0.0,0.0,0.0
4500.0,547,0.0,0.0,0.0
4500.0,548,0.0,0.0,0.0
4500.0,549,0.0,0.0,0.0
4500.0,550,0.0,0.0,0.0
4500.0,551,0.0,0.0,0.0
4500.0,552,0.0,0.0,0.0
4500.0,553,0.0,0.0,0.0
4500.0,554,0.0,0.0,0.0
4500.0,555,0.0,0.0,0.0
4500.0,556,0.0,0.0,0.0
4500.0,557,0.0,0.0,0.0
4500.0,558,0.0,0.0,0.0
4500.0,559,0.0,0.0,0.0
4500.0,560,0.0,0.0,0.0
4500.0,561,0.0,0.0,0.0
4500.0,562,0.0,0.0,0.0
4500.0,563,0.0,0.0,0.0
4500.0,564,0.0,0.0,0.0
4500.0,565,0.0,0.0,0.0
4500.0,566,0.0,0.0,0.0
4500.0,567,0.0,0.0,0.0
4500.0,568,0.0,0.0,0.0
4500.0,569,0.0,0.0,0.0
4500.0,570,20.0,20.0,1.0
4500.0,571,20.0,20.0,1.0
4500.0,572,0.0,0.0,0.0
4500.0,573,0.0,0.0,0.0
4500.0,574,0.0,0.0,0.0
4500.0,575,0.0,0.0,0.0
4500.0,576,0.0,0.0,0.0
4500.0,577,0.0,0.0,0.0
4500.0,578,0.0,0.0,0.0
4500.0,579,0.0,0.0,0.0
4500.0,580,0.0,0.0,0.0
4500.0,581,0.0,0.0,0.0
4500.0,582,0.0,0.0,0.0
4500.0,583,0.0,0.0,0.0
4500.0,584,0.0,0.0,0.0
4500.0,585,0.0,0.0,0.0
4500.0,586,0.0,0.0,0.0
4500.0,587,0.0,0.0,0.0
4500.0,588,0.0,0.0,0.0
4500.0,589,0.0,0.0,0.0
4500.0,590,0.0,0.0,0.0
4500.0,591,0.0,0.0,0.0
4500.0,592,0.0,0.0,0.0
4500.0,593,0.0,0.0,0.0
4500.0,594,0.0,0.0,0.0
4500.0,595,0.0,0.0,0.0
4500.0,596,0.0,0.0,0.0
4500.0,597,0.0,0.0,0.0
4500.0,598,0.0,0.0,0.0
4500.0,599,0.0,0.0,0.0
4500.0,600,0.0,0.0,0.0
4500.0,601,0.0,0.0,0.0
4500.0,602,0.0,0.0,0.0
4500.0,603,0.0,0.0,0.0
4500.0,604,0.0,0.0,0.0
4500.0,605,0.0,0.0,0.0
4500.0,606,0.0,0.0,0.0
4500.0,607,0.0,0.0,0.0
4500.0,608,0.0,0.0,0.0
4500.0,609,0.0,0.0,0.0
4500.0,610,0.0,0.0,0.0
4500.0,611,0.0,0.0,0.0
4500.0,612,0.0,0.0,0.0
4500.0,613,20.0,20.0,1.0
4500.0,614,19.999999999999996,20.0,0.9999999999999998
4500.0,615,18.880518465820955,20.0,0.9440259232910477
4500.0,616,0.0,0.0,0.0
4500.0,617,0.0,0.0,0.0
4500.0,618,0.0,0.0,0.0
4500.0,619,0.0,0.0,0.0
4500.0,620,0.0,0.0,0.0
4500.0,621,0.0,0.0,0.0
4500.0,622,0.0,0.0,0.0
4500.0,623,0.0,0.0,0.0
4500.0,624,0.0,0.0,0.0
4500.0,625,0.0,0.0,0.0
4500.0,626,0.0,0.0,0.0
4500.0,627,0.0,0.0,0.0
4500.0,628,0.0,0.0,0.0
4500.0,629,0.0,0.0,0.0
4500.0,630,0.0,0.0,0.0
4500.0,631,0.0,0.0,0.0
4500.0,632,0.0,0.0,0.0
4500.0,633,0.0,0.0,0.0
4500.0,634,0.0,0.0,0.0
4500.0,635,0.0,0.0,0.0
4500.0,636,0.0,0.0,0.0
4500.0,637,0.0,0.0,0.0
4500.0,638,0.0,0.0,0.0
4500.0,639,0.0,0.0,0.0
4500.0,640,0.0,0.0,0.0
4500.0,641,0.0,0.0,0.0
4500.0,642,0.0,0.0,0.0
4500.0,643,0.0,0.0,0.0
4500.0,644,0.0,0.0,0.0
4500.0,645,0.0,0.0,0.0
4500.0,646,0.0,0.0,0.0
4500.0,647,0.0,0.0,0.0
4500.0,648,0.0,0.0,0.0
4500.0,649,0.0,0.0,0.0
4500.0,650,0.0,0.0,0.0
4500.0,651,0.0,0.0,0.0
4500.0,652,0.0,0.0,0.0
4500.0,653,0.0,0.0,0.0
4500.0,654,0.0,0.0,0.0
4500.0,655,0.0,0.0,0.0
4500.0,656,0.0,20.0,0.0
4500.0,657,0.0,0.0,0.0
4500.0,658,0.0,0.0,0.0
4500.0,659,0.0,0.0,0.0
4500.0,660,0.0,0.0,0.0
4500.0,661,0.0,0.0,0.0
4500.0,662,0.0,0.0,0.0
4500.0,663,0.0,0.0,0.0
4500.0,664,0.0,0.0,0.0
4500.0,665,0.0,0.0,0.0
4500.0,666,0.0,0.0,0.0
4500.0,667,0.0,0.0,0.0
4500.0,668,0.0,0.0,0.0
4500.0,669,0.0,0.0,0.0
4500.0,670,0.0,0.0,0.0
4500.0,671,0.0,0.0,0.0
4500.0,672,0.0,0.0,0.0
4500.0,673,0.0,0.0,0.0
4500.0,674,0.0,0.0,0.0
4500.0,675,0.0,0.0,0.0
4500.0,676,0.0,0.0,0.0
4500.0,677,0.0,0.0,0.0
4500.0,678,0.0,0.0,0.0
4500.0,679,0.0,0.0,0.0
4500.0,680,0.0,0.0,0.0
4500.0,681,0.0,0.0,0.0
4500.0,682,0.0,0.0,0.0
4500.0,683,0.0,0.0,0.0
4500.0,684,0.0,0.0,0.0
4500.0,685,0.0,0.0,0.0
4500.0,686,0.0,0.0,0.0
4500.0,687,0.0,0.0,0.0
4500.0,688,0.0,0.0,0.0
4500.0,689,0.0,0.0,0.0
4500.0,690,0.0,0.0,0.0
4500.0,691,0.0,0.0,0.0
4500.0,692,0.0,0.0,0.0
4500.0,693,0.0,0.0,0.0
4500.0,694,0.0,0.0,0.0
4500.0,695,0.0,0.0,0.0
4500.0,696,0.0,0.0,0.0
4500.0,697,0.0,0.0,0.0
4500.0,698,0.0,0.0,0.0
4500.0,699,0.0,0.0,0.0
4500.0,700,0.0,0.0,0.0
4500.0,701,0.0,0.0,0.0
4500.0,702,0.0,0.0,0.0
4500.0,703,0.0,0.0,0.0
4500.0,704,0.0,0.0,0.0
4500.0,705,0.0,0.0,0.0
4500.0,706,0.0,0.0,0.0
4500.0,707,0.0,0.0,0.0
4500.0,708,0.0,0.0,0.0
4500.0,709,0.0,0.0,0.0
4500.0,710,0.0,0.0,0.0
4500.0,711,0.0,0.0,0.0
4500.0,712,0.0,0.0,0.0
4500.0,713,0.0,0.0,0.0
4500.0,714,0.0,0.0,0.0
4500.0,715,0.0,0.0,0.0
4500.0,716,0.0,0.0,0.0
4500.0,717,0.0,0.0,0.0
4500.0,718,0.0,0.0,0.0
4500.0,719,0.0,0.0,0.0
4500.0,720,0.0,0.0,0.0
4500.0,721,0.0,0.0,0.0
4500.0,722,0.0,0.0,0.0
4500.0,723,0.0,0.0,0.0
4500.0,724,0.0,0.0,0.0
4500.0,725,0.0,0.0,0.0
4500.0,726,0.0,0.0,0.0
4500.0,727,0.0,0.0,0.0
4500.0,728,0.0,0.0,0.0
4500.0,729,0.0,0.0,0.0
4500.0,730,0.0,0.0,0.0
4500.0,731,0.0,0.0,0.0
4500.0,732,0.0,0.0,0.0
4500.0,733,0.0,0.0,0.0
4500.0,734,0.0,0.0,0.0
4500.0,735,0.0,0.0,0.0
4500.0,736,0.0,0.0,0.0
4500.0,737,0.0,0.0,0.0
4500.0,738,0.0,0.0,0.0
4500.0,739,0.0,0.0,0.0
4500.0,740,0.0,0.0,0.0
4500.0,741,0.0,0.0,0.0
4500.0,742,0.0,0.0,0.0
4500.0,743,0.0,0.0,0.0
4500.0,744,0.0,0.0,0.0
4500.0,745,0.0,0.0,0.0
4500.0,746,0.0,0.0,0.0
4500.0,747,0.0,0.0,0.0
4500.0,748,0.0,0.0,0.0
4500.0,749,0.0,0.0,0.0
4500.0,750,0.0,0.0,0.0
4500.0,751,0.0,0.0,0.0
4500.0,752,0.0,0.0,0.0
4500.0,753,0.0,0.0,0.0
4500.0,754,0.0,0.0,0.0
4500.0,755,0.0,0.0,0.0
4500.0,756,0.0,0.0,0.0
4500.0,757,0.0,0.0,0.0
4500.0,758,0.0,0.0,0.0
4500.0,759,0.0,0.0,0.0
4500.0,760,0.0,0.0,0.0
4500.0,761,0.0,0.0,0.0
4500.0,762,0.0,0.0,0.0
4500.0,763,0.0,0.0,0.0
4500.0,764,0.0,0.0,0.0
4500.0,765,0.0,0.0,0.0
4500.0,766,0.0,0.0,0.0
4500.0,767,0.0,0.0,0.0
4500.0,768,0.0,0.0,0.0
4500.0,769,0.0,0.0,0.0
4500.0,770,0.0,0.0,0.0
4500.0,771,0.0,0.0,0.0
4500.0,772,0.0,0.0,0.0
4500.0,773,0.0,0.0,0.0
4500.0,774,0.0,0.0,0.0
4500.0,775,0.0,0.0,0.0
4500.0,776,0.0,0.0,0.0
4500.0,777,0.0,0.0,0.0
4500.0,778,0.0,0.0,0.0
4500.0,779,0.0,0.0,0.0
4500.0,780,0.0,0.0,0.0
4500.0,781,0.0,0.0,0.0
4500.0,782,0.0,0.0,0.0
4500.0,783,0.0,0.0,0.0
4500.0,784,0.0,0.0,0.0
4500.0,785,0.0,0.0,0.0
4500.0,786,0.0,0.0,0.0
4500.0,787,0.0,0.0,0.0
4500.0,788,0.0,0.0,0.0
4500.0,789,0.0,0.0,0.0
4500.0,790,0.0,0.0,0.0
4500.0,791,0.0,0.0,0.0
4500.0,792,0.0,0.0,0.0
4500.0,793,0.0,0.0,0.0
4500.0,794,0.0,0.0,0.0
4500.0,795,0.0,0.0,0.0
4500.0,796,0.0,0.0,0.0
4500.0,797,0.0,0.0,0.0
4500.0,798,0.0,0.0,0.0
4500.0,799,0.0,0.0,0.0
4500.0,800,0.0,0.0,0.0
4500.0,801,0.0,0.0,0.0
4500.0,802,0.0,0.0,0.0
4500.0,803,0.0,0.0,0.0
4500.0,804,0.0,0.0,0.0
4500.0,805,0.0,0.0,0.0
4500.0,806,0.0,0.0,0.0
4500.0,807,0.0,0.0,0.0
4500.0,808,0.0,0.0,0.0
4500.0,809,0.0,0.0,0.0
4500.0,810,0.0,0.0,0.0
4500.0,811,0.0,0.0,0.0
4500.0,812,0.0,0.0,0.0
4500.0,813,0.0,0.0,0.0
4500.0,814,0.0,0.0,0.0
4500.0,815,0.0,0.0,0.0
4500.0,816,0.0,0.0,0.0
4500.0,817,0.0,0.0,0.0
4500.0,818,0.0,0.0,0.0
4500.0,819,0.0,0.0,0.0
4500.0,820,0.0,0.0,0.0
4500.0,821,0.0,0.0,0.0
4500.0,822,0.0,0.0,0.0
4500.0,823,0.0,0.0,0.0
4500.0,824,0.0,0.0,0.0
4500.0,825,0.0,0.0,0.0
4500.0,826,0.0,0.0,0.0
4500.0,827,0.0,0.0,0.0
4500.0,828,0.0,0.0,0.0
4500.0,829,0.0,0.0,0.0
4500.0,830,0.0,0.0,0.0
4500.0,831,0.0,0.0,0.0
4500.0,832,0.0,0.0,0.0
4500.0,833,0.0,0.0,0.0
4500.0,834,0.0,0.0,0.0
4500.0,835,0.0,0.0,0.0
4500.0,836,0.0,0.0,0.0
4500.0,837,0.0,0.0,0.0
4500.0,838,0.0,0.0,0.0
4500.0,839,0.0,0.0,0.0
4500.0,840,0.0,0.0,0.0
4500.0,841,0.0,0.0,0.0
4500.0,842,0.0,0.0,0.0
4500.0,843,0.0,0.0,0.0
4500.0,844,0.0,0.0,0.0
4500.0,845,0.0,0.0,0.0
4500.0,846,0.0,0.0,0.0
4500.0,847,0.0,0.0,0.0
4500.0,848,0.0,0.0,0.0
4500.0,849,0.0,0.0,0.0
4500.0,850,0.0,0.0,0.0
4500.0,851,0.0,0.0,0.0
4500.0,852,0.0,0.0,0.0
4500.0,853,0.0,0.0,0.0
4500.0,854,0.0,0.0,0.0
4500.0,855,0.0,0.0,0.0
4500.0,856,0.0,0.0,0.0
4500.0,857,0.0,0.0,0.0
4500.0,858,0.0,0.0,0.0
4500.0,859,0.0,0.0,0.0
4500.0,860,0.0,0.0,0.0
4500.0,861,0.0,0.0,0.0
4500.0,862,0.0,0.0,0.0
4500.0,863,0.0,0.0,0.0
4500.0,864,0.0,0.0,0.0
4500.0,865,0.0,0.0,0.0
4500.0,866,0.0,0.0,0.0
4500.0,867,0.0,0.0,0.0
4500.0,868,0.0,0.0,0.0
4500.0,869,0.0,0.0,0.0
4500.0,870,0.0,0.0,0.0
4500.0,871,0.0,0.0,0.0
4500.0,872,0.0,0.0,0.0
4500.0,873,0.0,0.0,0.0
4500.0,874,0.0,0.0,0.0
4500.0,875,0.0,0.0,0.0
4500.0,876,0.0,0.0,0.0
4500.0,877,0.0,0.0,0.0
4500.0,878,0.0,0.0,0.0
4500.0,879,0.0,0.0,0.0
4500.0,880,0.0,0.0,0.0
4500.0,881,0.0,0.0,0.0
4500.0,882,0.0,0.0,0.0
4500.0,883,0.0,0.0,0.0
4500.0,884,0.0,0.0,0.0
4500.0,885,0.0,0.0,0.0
4500.0,886,0.0,0.0,0.0
4500.0,887,0.0,0.0,0.0
4500.0,888,0.0,0.0,0.0
4500.0,889,0.0,0.0,0.0
4500.0,890,0.0,0.0,0.0
4500.0,891,0.0,0.0,0.0
4500.0,892,0.0,0.0,0.0
4500.0,893,0.0,0.0,0.0
4500.0,894,0.0,0.0,0.0
4500.0,895,0.0,0.0,0.0
4500.0,896,0.0,0.0,0.0
4500.0,897,0.0,0.0,0.0
4500.0,898,0.0,0.0,0.0
4500.0,899,0.0,0.0,0.0
4500.0,900,0.0,0.0,0.0
4500.0,901,0.0,0.0,0.0
4500.0,902,0.0,0.0,0.0
4500.0,903,0.0,0.0,0.0
4500.0,904,0.0,0.0,0.0
4500.0,905,0.0,0.0,0.0
4500.0,906,0.0,0.0,0.0
4500.0,907,0.0,0.0,0.0
4500.0,908,0.0,0.0,0.0
4500.0,909,0.0,0.0,0.0
4500.0,910,0.0,0.0,0.0
4500.0,911,0.0,0.0,0.0
4500.0,912,0.0,0.0,0.0
4500.0,913,0.0,0.0,0.0
4500.0,914,0.0,0.0,0.0
4500.0,915,0.0,0.0,0.0
4500.0,916,0.0,0.0,0.0
4500.0,917,0.0,0.0,0.0
4500.0,918,0.0,0.0,0.0
4500.0,919,0.0,0.0,0.0
4500.0,920,0.0,0.0,0.0
4500.0,921,0.0,0.0,0.0
4500.0,922,0.0,0.0,0.0
4500.0,923,0.0,0.0,0.0
4500.0,924,0.0,0.0,0.0
4500.0,925,0.0,0.0,0.0
4500.0,926,0.0,0.0,0.0
4500.0,927,0.0,0.0,0.0
4500.0,928,0.0,0.0,0.0
4500.0,929,0.0,0.0,0.0
4500.0,930,0.0,0.0,0.0
4500.0,931,0.0,0.0,0.0
4500.0,932,0.0,0.0,0.0
4500.0,933,0.0,0.0,0.0
4500.0,934,0.0,0.0,0.0
4500.0,935,0.0,0.0,0.0
4500.0,936,0.0,0.0,0.0
4500.0,937,0.0,0.0,0.0
4500.0,938,0.0,0.0,0.0
4500.0,939,0.0,0.0,0.0
4500.0,940,0.0,0.0,0.0
4500.0,941,0.0,0.0,0.0
4500.0,942,0.0,0.0,0.0
4500.0,943,0.0,0.0,0.0
4500.0,944,0.0,0.0,0.0
4500.0,945,0.0,0.0,0.0
4500.0,946,0.0,0.0,0.0
4500.0,947,0.0,0.0,0.0
4500.0,948,0.0,0.0,0.0
4500.0,949,0.0,0.0,0.0
4500.0,950,0.0,0.0,0.0
4500.0,951,0.0,0.0,0.0
4500.0,952,0.0,0.0,0.0
4500.0,953,0.0,0.0,0.0
4500.0,954,0.0,0.0,0.0
4500.0,955,0.0,0.0,0.0
4500.0,956,0.0,0.0,0.0
4500.0,957,0.0,0.0,0.0
4500.0,958,0.0,0.0,0.0
4500.0,959,0.0,0.0,0.0
4500.0,960,0.0,0.0,0.0
4500.0,961,0.0,0.0,0.0
4500.0,962,0.0,0.0,0.0
4500.0,963,0.0,0.0,0.0
4500.0,964,0.0,0.0,0.0
4500.0,965,0.0,0.0,0.0
4500.0,966,0.0,0.0,0.0
4500.0,967,0.0,0.0,0.0
4500.0,968,0.0,0.0,0.0
4500.0,969,0.0,0.0,0.0
4500.0,970,0.0,0.0,0.0
4500.0,971,0.0,0.0,0.0
4500.0,972,0.0,0.0,0.0
4500.0,973,0.0,0.0,0.0
4500.0,974,0.0,0.0,0.0
4500.0,975,0.0,0.0,0.0
4500.0,976,0.0,0.0,0.0
4500.0,977,0.0,0.0,0.0
4500.0,978,0.0,0.0,0.0
4500.0,979,0.0,0.0,0.0
4500.0,980,0.0,0.0,0.0
4500.0,981,0.0,0.0,0.0
4500.0,982,0.0,0.0,0.0
4500.0,983,0.0,0.0,0.0
4500.0,984,0.0,0.0,0.0
4500.0,985,0.0,0.0,0.0
4500.0,986,0.0,0.0,0.0
4500.0,987,0.0,0.0,0.0
4500.0,988,0.0,0.0,0.0
4500.0,989,0.0,0.0,0.0
4500.0,990,0.0,0.0,0.0
4500.0,991,0.0,0.0,0.0
4500.0,992,0.0,0.0,0.0
4500.0,993,0.0,0.0,0.0
4500.0,994,0.0,0.0,0.0
4500.0,995,0.0,0.0,0.0
4500.0,996,0.0,0.0,0.0
4500.0,997,0.0,0.0,0.0
4500.0,998,0.0,0.0,0.0
4500.0,999,0.0,0.0,0.0
4500.0,1000,0.0,0.0,0.0
4500.0,1001,0.0,0.0,0.0
4500.0,1002,0.0,0.0,0.0
4500.0,1003,0.0,0.0,0.0
4500.0,1004,0.0,0.0,0.0
4500.0,1005,0.0,0.0,0.0
4500.0,1006,0.0,0.0,0.0
4500.0,1007,0.0,0.0,0.0
4500.0,1008,0.0,0.0,0.0
4500.0,1009,0.0,0.0,0.0
4500.0,1010,0.0,0.0,0.0
4500.0,1011,0.0,0.0,0.0
4500.0,1012,0.0,0.0,0.0
4500.0,1013,0.0,0.0,0.0
4500.0,1014,0.0,0.0,0.0
4500.0,1015,0.0,0.0,0.0
4500.0,1016,0.0,0.0,0.0
4500.0,1017,0.0,0.0,0.0
4500.0,1018,0.0,0.0,0.0
4500.0,1019,0.0,0.0,0.0
4500.0,1020,0.0,0.0,0.0
4500.0,1021,0.0,0.0,0.0
4500.0,1022,0.0,0.0,0.0
4500.0,1023,0.0,0.0,0.0
4500.0,1024,0.0,0.0,0.0
4500.0,1025,0.0,0.0,0.0
4500.0,1026,0.0,0.0,0.0
4500.0,1027,0.0,0.0,0.0
4500.0,1028,0.0,0.0,0.0
4500.0,1029,0.0,0.0,0.0
4500.0,1030,0.0,0.0,0.0
4500.0,1031,0.0,0.0,0.0
4500.0,1032,0.0,0.0,0.0
4500.0,1033,0.0,0.0,0.0
4500.0,1034,0.0,0.0,0.0
4500.0,1035,0.0,0.0,0.0
4500.0,1036,0.0,0.0,0.0
4500.0,1037,0.0,0.0,0.0
4500.0,1038,0.0,0.0,0.0
4500.0,1039,0.0,0.0,0.0
4500.0,1040,0.0,0.0,0.0
4500.0,1041,0.0,0.0,0.0
4500.0,1042,0.0,0.0,0.0
4500.0,1043,0.0,0.0,0.0
4500.0,1044,0.0,0.0,0.0
4500.0,1045,0.0,0.0,0.0
4500.0,1046,0.0,0.0,0.0
4500.0,1047,0.0,0.0,0.0
4500.0,1048,0.0,0.0,0.0
4500.0,1049,0.0,0.0,0.0
4500.0,1050,0.0,0.0,0.0
4500.0,1051,0.0,0.0,0.0
4500.0,1052,0.0,0.0,0.0
4500.0,1053,0.0,0.0,0.0
4500.0,1054,0.0,0.0,0.0
4500.0,1055,0.0,0.0,0.0
4500.0,1056,0.0,0.0,0.0
4500.0,1057,0.0,0.0,0.0
4500.0,1058,0.0,0.0,0.0
4500.0,1059,0.0,0.0,0.0
4500.0,1060,0.0,0.0,0.0
4500.0,1061,0.0,0.0,0.0
4500.0,1062,0.0,0.0,0.0
4500.0,1063,0.0,0.0,0.0
4500.0,1064,0.0,0.0,0.0
4500.0,1065,0.0,0.0,0.0
4500.0,1066,0.0,0.0,0.0
4500.0,1067,0.0,0.0,0.0
4500.0,1068,0.0,0.0,0.0
4500.0,1069,0.0,0.0,0.0
4500.0,1070,0.0,0.0,0.0
4500.0,1071,0.0,0.0,0.0
4500.0,1072,0.0,0.0,0.0
4500.0,1073,0.0,0.0,0.0
4500.0,1074,0.0,0.0,0.0
4500.0,1075,0.0,0.0,0.0
4500.0,1076,0.0,0.0,0.0
4500.0,1077,0.0,0.0,0.0
4500.0,1078,0.0,0.0,0.0
4500.0,1079,0.0,0.0,0.0
4500.0,1080,0.0,0.0,0.0
4500.0,1081,0.0,0.0,0.0
4500.0,1082,0.0,0.0,0.0
4500.0,1083,0.0,0.0,0.0
4500.0,1084,0.0,0.0,0.0
4500.0,1085,0.0,0.0,0.0
4500.0,1086,0.0,0.0,0.0
4500.0,1087,0.0,0.0,0.0
4500.0,1088,0.0,0.0,0.0
4500.0,1089,0.0,0.0,0.0
4500.0,1090,0.0,0.0,0.0
4500.0,1091,0.0,0.0,0.0
4500.0,1092,0.0,0.0,0.0
4500.0,1093,0.0,0.0,0.0
4500.0,1094,0.0,0.0,0.0
4500.0,1095,0.0,0.0,0.0
4500.0,1096,0.0,0.0,0.0
4500.0,1097,0.0,0.0,0.0
4500.0,1098,0.0,0.0,0.0
4500.0,1099,0.0,0.0,0.0
4500.0,1100,0.0,0.0,0.0
4500.0,1101,0.0,0.0,0.0
4500.0,1102,0.0,0.0,0.0
4500.0,1103,0.0,0.0,0.0
4500.0,1104,0.0,0.0,0.0
4500.0,1105,0.0,0.0,0.0
4500.0,1106,0.0,0.0,0.0
4500.0,1107,0.0,0.0,0.0
4500.0,1108,0.0,0.0,0.0
4500.0,1109,0.0,0.0,0.0
4500.0,1110,0.0,0.0,0.0
4500.0,1111,0.0,0.0,0.0
4500.0,1112,0.0,0.0,0.0
4500.0,1113,0.0,0.0,0.0
4500.0,1114,0.0,0.0,0.0
4500.0,1115,0.0,0.0,0.0
4500.0,1116,0.0,0.0,0.0
4500.0,1117,0.0,0.0,0.0
4500.0,1118,0.0,0.0,0.0
4500.0,1119,0.0,0.0,0.0
4500.0,1120,0.0,0.0,0.0
4500.0,1121,0.0,0.0,0.0
4500.0,1122,0.0,0.0,0.0
4500.0,1123,0.0,0.0,0.0
4500.0,1124,0.0,0.0,0.0
4500.0,1125,0.0,0.0,0.0
4500.0,1126,0.0,0.0,0.0
4500.0,1127,0.0,0.0,0.0
4500.0,1128,0.0,0.0,0.0
4500.0,1129,0.0,0.0,0.0
4500.0,1130,0.0,0.0,0.0
4500.0,1131,0.0,0.0,0.0
4500.0,1132,0.0,0.0,0.0
4500.0,1133,0.0,0.0,0.0
4500.0,1134,0.0,0.0,0.0
4500.0,1135,0.0,0.0,0.0
4500.0,1136,0.0,0.0,0.0
4500.0,1137,0.0,0.0,0.0
4500.0,1138,0.0,0.0,0.0
4500.0,1139,0.0,0.0,0.0
4500.0,1140,0.0,0.0,0.0
4500.0,1141,0.0,0.0,0.0
4500.0,1142,0.0,0.0,0.0
4500.0,1143,0.0,0.0,0.0
4500.0,1144,0.0,0.0,0.0
4500.0,1145,0.0,0.0,0.0
4500.0,1146,0.0,0.0,0.0
4500.0,1147,0.0,0.0,0.0
4500.0,1148,17.717350982425035,20.0,0.8858675491212518
4500.0,1149,20.0,20.0,1.0
4500.0,1150,0.0,0.0,0.0
4500.0,1151,0.0,0.0,0.0
4500.0,1152,0.0,0.0,0.0
4500.0,1153,0.0,0.0,0.0
4500.0,1154,0.0,0.0,0.0
4500.0,1155,0.0,0.0,0.0
4500.0,1156,0.0,0.0,0.0
4500.0,1157,0.0,0.0,0.0
4500.0,1158,0.0,0.0,0.0
4500.0,1159,0.0,0.0,0.0
4500.0,1160,0.0,0.0,0.0
4500.0,1161,0.0,0.0,0.0
4500.0,1162,0.0,0.0,0.0
4500.0,1163,0.0,0.0,0.0
4500.0,1164,0.0,0.0,0.0
4500.0,1165,0.0,0.0,0.0
4500.0,1166,0.0,0.0,0.0
4500.0,1167,0.0,0.0,0.0
4500.0,1168,0.0,0.0,0.0
4500.0,1169,0.0,0.0,0.0
4500.0,1170,0.0,0.0,0.0
4500.0,1171,0.0,0.0,0.0
4500.0,1172,0.0,0.0,0.0
4500.0,1173,0.0,0.0,0.0
4500.0,1174,0.0,0.0,0.0
4500.0,1175,0.0,0.0,0.0
4500.0,1176,0.0,0.0,0.0
4500.0,1177,0.0,0.0,0.0
4500.0,1178,0.0,0.0,0.0
4500.0,1179,0.0,0.0,0.0
4500.0,1180,0.0,0.0,0.0
4500.0,1181,0.0,0.0,0.0
4500.0,1182,0.0,0.0,0.0
4500.0,1183,0.0,0.0,0.0
4500.0,1184,0.0,0.0,0.0
4500.0,1185,0.0,0.0,0.0
4500.0,1186,0.0,0.0,0.0
4500.0,1187,0.0,0.0,0.0
4500.0,1188,0.0,0.0,0.0
4500.0,1189,0.0,20.0,0.0
4500.0,1190,20.0,20.0,1.0
4500.0,1191,20.0,20.0,1.0
4500.0,1192,20.0,20.0,1.0
4500.0,1193,0.0,0.0,0.0
4500.0,1194,0.0,0.0,0.0
4500.0,1195,0.0,0.0,0.0
4500.0,1196,0.0,0.0,0.0
4500.0,1197,0.0,0.0,0.0
4500.0,1198,0.0,0.0,0.0
4500.0,1199,0.0,0.0,0.0
4500.0,1200,0.0,0.0,0.0
4500.0,1201,0.0,0.0,0.0
4500.0,1202,0.0,0.0,0.0
4500.0,1203,0.0,0.0,0.0
4500.0,1204,0.0,0.0,0.0
4500.0,1205,0.0,0.0,0.0
4500.0,1206,0.0,0.0,0.0
4500.0,1207,0.0,0.0,0.0
4500.0,1208,0.0,0.0,0.0
4500.0,1209,0.0,0.0,0.0
4500.0,1210,0.0,0.0,0.0
4500.0,1211,0.0,0.0,0.0
4500.0,1212,0.0,0.0,0.0
4500.0,1213,0.0,0.0,0.0
4500.0,1214,0.0,0.0,0.0
4500.0,1215,0.0,0.0,0.0
4500.0,1216,0.0,0.0,0.0
4500.0,1217,0.0,0.0,0.0
4500.0,1218,0.0,0.0,0.0
4500.0,1219,0.0,0.0,0.0
4500.0,1220,0.0,0.0,0.0
4500.0,1221,0.0,0.0,0.0
4500.0,1222,0.0,0.0,0.0
4500.0,1223,0.0,0.0,0.0
4500.0,1224,0.0,0.0,0.0
4500.0,1225,0.0,0.0,0.0
4500.0,1226,0.0,0.0,0.0
4500.0,1227,0.0,0.0,0.0
4500.0,1228,0.0,0.0,0.0
4500.0,1229,0.0,0.0,0.0
4500.0,1230,0.0,0.0,0.0
4500.0,1231,0.0,0.0,0.0
4500.0,1232,20.000000000000004,20.0,1.0000000000000002
4500.0,1233,20.0,20.0,1.0
4500.0,1234,20.0,20.0,1.0
4500.0,1235,20.0,20.0,1.0
4500.0,1236,6.501628987582104,20.0,0.3250814493791052
4500.0,1237,0.0,0.0,0.0
4500.0,1238,0.0,0.0,0.0
4500.0,1239,0.0,0.0,0.0
4500.0,1240,0.0,0.0,0.0
4500.0,1241,0.0,0.0,0.0
4500.0,1242,0.0,0.0,0.0
4500.0,1243,0.0,0.0,0.0
4500.0,1244,0.0,0.0,0.0
4500.0,1245,0.0,0.0,0.0
4500.0,1246,0.0,0.0,0.0
4500.0,1247,0.0,0.0,0.0
4500.0,1248,0.0,0.0,0.0
4500.0,1249,0.0,0.0,0.0
4500.0,1250,0.0,0.0,0.0
4500.0,1251,0.0,0.0,0.0
4500.0,1252,0.0,0.0,0.0
4500.0,1253,0.0,0.0,0.0
4500.0,1254,0.0,0.0,0.0
4500.0,1255,0.0,0.0,0.0
4500.0,1256,0.0,0.0,0.0
4500.0,1257,0.0,0.0,0.0
4500.0,1258,0.0,0.0,0.0
4500.0,1259,0.0,0.0,0.0
4500.0,1260,0.0,0.0,0.0
4500.0,1261,0.0,0.0,0.0
4500.0,1262,0.0,0.0,0.0
4500.0,1263,0.0,0.0,0.0
4500.0,1264,0.0,0.0,0.0
4500.0,1265,0.0,0.0,0.0
4500.0,1266,0.0,0.0,0.0
4500.0,1267,0.0,0.0,0.0
4500.0,1268,0.0,0.0,0.0
4500.0,1269,0.0,0.0,0.0
4500.0,1270,0.0,0.0,0.0
4500.0,1271,0.0,0.0,0.0
4500.0,1272,0.0,0.0,0.0
4500.0,1273,0.0,0.0,0.0
4500.0,1274,0.0,11.61501216981815,0.0
4500.0,1275,14.343897519755785,20.0,0.7171948759877893
4500.0,1276,20.0,20.0,1.0
4500.0,1277,19.999999999999993,20.0,0.9999999999999997
4500.0,1278,20.0,20.0,1.0
4500.0,1279,12.442736576199202,20.0,0.6221368288099601
4500.0,1280,0.0,0.0,0.0
4500.0,1281,0.0,0.0,0.0
4500.0,1282,0.0,0.0,0.0
4500.0,1283,0.0,0.0,0.0
4500.0,1284,0.0,0.0,0.0
4500.0,1285,0.0,0.0,0.0
4500.0,1286,0.0,0.0,0.0
4500.0,1287,0.0,0.0,0.0
4500.0,1288,0.0,0.0,0.0
4500.0,1289,0.0,0.0,0.0
4500.0,1290,0.0,0.0,0.0
4500.0,1291,0.0,0.0,0.0
4500.0,1292,0.0,0.0,0.0
4500.0,1293,0.0,0.0,0.0
4500.0,1294,0.0,0.0,0.0
4500.0,1295,0.0,0.0,0.0
4500.0,1296,0.0,0.0,0.0
4500.0,1297,0.0,0.0,0.0
4500.0,1298,0.0,0.0,0.0
4500.0,1299,0.0,0.0,0.0
4500.0,1300,0.0,0.0,0.0
4500.0,1301,0.0,0.0,0.0
4500.0,1302,0.0,0.0,0.0
4500.0,1303,0.0,0.0,0.0
4500.0,1304,0.0,0.0,0.0
4500.0,1305,0.0,0.0,0.0
4500.0,1306,0.0,0.0,0.0
4500.0,1307,0.0,0.0,0.0
4500.0,1308,0.0,0.0,0.0
4500.0,1309,0.0,0.0,0.0
4500.0,1310,0.0,0.0,0.0
4500.0,1311,0.0,0.0,0.0
4500.0,1312,0.0,0.0,0.0
4500.0,1313,0.0,0.0,0.0
4500.0,1314,0.0,0.0,0.0
4500.0,1315,0.0,0.0,0.0
4500.0,1316,0.0,20.0,0.0
4500.0,1317,15.813479119141904,20.0,0.7906739559570952
4500.0,1318,20.0,20.0,1.0
4500.0,1319,20.0,20.0,1.0
4500.0,1320,20.0,20.0,1.0
4500.0,1321,20.0,20.0,1.0
4500.0,1322,6.501628987582104,20.0,0.3250814493791052
4500.0,1323,0.0,0.0,0.0
4500.0,1324,0.0,0.0,0.0
4500.0,1325,0.0,0.0,0.0
4500.0,1326,0.0,0.0,0.0
4500.0,1327,0.0,0.0,0.0
4500.0,1328,0.0,0.0,0.0
4500.0,1329,0.0,0.0,0.0
4500.0,1330,0.0,0.0,0.0
4500.0,1331,0.0,0.0,0.0
4500.0,1332,0.0,0.0,0.0
4500.0,1333,0.0,0.0,0.0
4500.0,1334,0.0,0.0,0.0
4500.0,1335,0.0,0.0,0.0
4500.0,1336,0.0,0.0,0.0
4500.0,1337,0.0,0.0,0.0
4500.0,1338,0.0,0.0,0.0
4500.0,1339,0.0,0.0,0.0
4500.0,1340,0.0,0.0,0.0
4500.0,1341,0.0,0.0,0.0
4500.0,1342,0.0,0.0,0.0
4500.0,1343,0.0,0.0,0.0
4500.0,1344,0.0,0.0,0.0
4500.0,1345,0.0,0.0,0.0
4500.0,1346,0.0,0.0,0.0
4500.0,1347,0.0,0.0,0.0
4500.0,1348,0.0,0.0,0.0
4500.0,1349,0.0,0.0,0.0
4500.0,1350,0.0,0.0,0.0
4500.0,1351,0.0,0.0,0.0
4500.0,1352,0.0,0.0,0.0
4500.0,1353,0.0,0.0,0.0
4500.0,1354,0.0,0.0,0.0
4500.0,1355,0.0,0.0,0.0
4500.0,1356,0.0,0.0,0.0
4500.0,1357,0.0,0.0,0.0
4500.0,1358,0.0,20.0,0.0
4500.0,1359,7.2464185556052,20.0,0.36232092778026004
4500.0,1360,20.0,20.0,1.0
4500.0,1361,20.0,20.0,1.0
4500.0,1362,20.000000000000004,20.0,1.0000000000000002
4500.0,1363,20.0,20.0,1.0
4500.0,1364,20.0,20.0,1.0
4500.0,1365,8.610940267359565,20.0,0.43054701336797824
4500.0,1366,0.0,0.0,0.0
4500.0,1367,0.0,0.0,0.0
4500.0,1368,0.0,0.0,0.0
4500.0,1369,0.0,0.0,0.0
4500.0,1370,0.0,0.0,0.0
4500.0,1371,0.0,0.0,0.0
4500.0,1372,0.0,0.0,0.0
4500.0,1373,0.0,0.0,0.0
4500.0,1374,0.0,0.0,0.0
4500.0,1375,0.0,0.0,0.0
4500.0,1376,0.0,0.0,0.0
4500.0,1377,0.0,0.0,0.0
4500.0,1378,0.0,0.0,0.0
4500.0,1379,0.0,0.0,0.0
4500.0,1380,0.0,0.0,0.0
4500.0,1381,0.0,0.0,0.0
4500.0,1382,0.0,0.0,0.0
4500.0,1383,0.0,0.0,0.0
4500.0,1384,0.0,0.0,0.0
4500.0,1385,0.0,0.0,0.0
4500.0,1386,0.0,0.0,0.0
4500.0,1387,0.0,0.0,0.0
4500.0,1388,0.0,0.0,0.0
4500.0,1389,0.0,0.0,0.0
4500.0,1390,0.0,0.0,0.0
4500.0,1391,0.0,0.0,0.0
4500.0,1392,0.0,0.0,0.0
4500.0,1393,0.0,0.0,0.0
4500.0,1394,0.0,0.0,0.0
4500.0,1395,0.0,0.0,0.0
4500.0,1396,0.0,0.0,0.0
4500.0,1397,0.0,0.0,0.0
4500.0,1398,0.0,0.0,0.0
4500.0,1399,0.0,0.0,0.0
4500.0,1400,0.0,20.0,0.0
4500.0,1401,4.527439613192181,20.0,0.22637198065960903
4500.0,1402,20.0,20.0,1.0
4500.0,1403,20.0,20.0,1.0
4500.0,1404,20.0,20.0,1.0
4500.0,1405,20.0,20.0,1.0
4500.0,1406,20.0,20.0,1.0
4500.0,1407,20.0,20.0,1.0
4500.0,1408,0.0,0.0,0.0
4500.0,1409,0.0,0.0,0.0
4500.0,1410,0.0,0.0,0.0
4500.0,1411,0.0,0.0,0.0
4500.0,1412,0.0,0.0,0.0
4500.0,1413,0.0,0.0,0.0
4500.0,1414,0.0,0.0,0.0
4500.0,1415,0.0,0.0,0.0
4500.0,1416,0.0,0.0,0.0
4500.0,1417,0.0,0.0,0.0
4500.0,1418,0.0,0.0,0.0
4500.0,1419,0.0,0.0,0.0
4500.0,1420,0.0,0.0,0.0
4500.0,1421,0.0,0.0,0.0
4500.0,1422,0.0,0.0,0.0
4500.0,1423,0.0,0.0,0.0
4500.0,1424,0.0,0.0,0.0
4500.0,1425,0.0,0.0,0.0
4500.0,1426,0.0,0.0,0.0
4500.0,1427,0.0,0.0,0.0
4500.0,1428,0.0,0.0,0.0
4500.0,1429,0.0,0.0,0.0
4500.0,1430,0.0,0.0,0.0
4500.0,1431,0.0,0.0,0.0
4500.0,1432,0.0,0.0,0.0
4500.0,1433,0.0,0.0,0.0
4500.0,1434,0.0,0.0,0.0
4500.0,1435,0.0,0.0,0.0
4500.0,1436,0.0,0.0,0.0
4500.0,1437,0.0,0.0,0.0
4500.0,1438,0.0,0.0,0.0
4500.0,1439,0.0,0.0,0.0
4500.0,1440,0.0,0.0,0.0
4500.0,1441,0.0,0.0,0.0
4500.0,1442,0.0,20.0,0.0
4500.0,1443,16.840181531690448,20.0,0.8420090765845224
4500.0,1444,20.0,20.0,1.0
4500.0,1445,20.0,20.0,1.0
4500.0,1446,20.0,20.0,1.0
4500.0,1447,20.0,20.0,1.0
4500.0,1448,20.000000000000004,20.0,1.0000000000000002
4500.0,1449,20.0,20.0,1.0
4500.0,1450,20.0,20.0,1.0
4500.0,1451,0.0,0.0,0.0
4500.0,1452,0.0,0.0,0.0
4500.0,1453,0.0,0.0,0.0
4500.0,1454,0.0,0.0,0.0
4500.0,1455,0.0,0.0,0.0
4500.0,1456,0.0,0.0,0.0
4500.0,1457,0.0,0.0,0.0
4500.0,1458,0.0,0.0,0.0
4500.0,1459,0.0,0.0,0.0
4500.0,1460,0.0,0.0,0.0
4500.0,1461,0.0,0.0,0.0
4500.0,1462,0.0,0.0,0.0
4500.0,1463,0.0,0.0,0.0
4500.0,1464,0.0,0.0,0.0
4500.0,1465,0.0,0.0,0.0
4500.0,1466,0.0,0.0,0.0
4500.0,1467,0.0,0.0,0.0
4500.0,1468,0.0,0.0,0.0
4500.0,1469,0.0,0.0,0.0
4500.0,1470,0.0,0.0,0.0
4500.0,1471,0.0,0.0,0.0
4500.0,1472,0.0,0.0,0.0
4500.0,1473,0.0,0.0,0.0
4500.0,1474,0.0,0.0,0.0
4500.0,1475,0.0,0.0,0.0
4500.0,1476,0.0,0.0,0.0
4500.0,1477,0.0,0.0,0.0
4500.0,1478,0.0,0.0,0.0
4500.0,1479,0.0,0.0,0.0
4500.0,1480,0.0,0.0,0.0
4500.0,1481,0.0,0.0,0.0
4500.0,1482,0.0,0.0,0.0
4500.0,1483,0.0,0.0,0.0
4500.0,1484,0.0,0.0,0.0
4500.0,1485,7.934909535022774,20.0,0.3967454767511387
4500.0,1486,20.0,20.0,1.0
4500.0,1487,20.0,20.0,1.0
4500.0,1488,20.0,20.0,1.0
4500.0,1489,20.0,20.0,1.0
4500.0,1490,20.0,20.0,1.0
4500.0,1491,20.0,20.0,1.0
4500.0,1492,6.162422330488667,20.0,0.30812111652443336
4500.0,1493,0.0,0.0,0.0
4500.0,1494,0.0,0.0,0.0
4500.0,1495,0.0,0.0,0.0
5400.0,0,0.0,0.0,0.0
5400.0,1,0.0,0.0,0.0
5400.0,2,0.0,0.0,0.0
5400.0,3,0.0,0.0,0.0
5400.0,4,0.0,0.0,0.0
5400.0,5,0.0,0.0,0.0
5400.0,6,0.0,0.0,0.0
5400.0,7,0.0,0.0,0.0
5400.0,8,0.0,0.0,0.0
5400.0,9,0.0,0.0,0.0
5400.0,10,0.0,0.0,0.0
5400.0,11,0.0,0.0,0.0
5400.0,12,0.0,0.0,0.0
5400.0,13,0.0,20.0,0.0
5400.0,14,12.344227994148063,20.0,0.6172113997074031
5400.0,15,0.4493918849804919,20.0,0.022469594249024595
5400.0,16,4.638282189583031,20.0,0.23191410947915156
5400.0,17,20.0,20.0,1.0
5400.0,18,20.0,20.0,1.0
5400.0,19,19.999999999999996,20.0,0.9999999999999998
5400.0,20,0.0,20.0,0.0
5400.0,21,0.0,0.0,0.0
5400.0,22,0.0,0.0,0.0
5400.0,23,0.0,0.0,0.0
5400.0,24,0.0,0.0,0.0
5400.0,25,0.0,0.0,0.0
5400.0,26,0.0,0.0,0.0
5400.0,27,0.0,0.0,0.0
5400.0,28,0.0,0.0,0.0
5400.0,29,0.0,0.0,0.0
5400.0,30,0.0,0.0,0.0
5400.0,31,0.0,0.0,0.0
5400.0,32,0.0,0.0,0.0
5400.0,33,0.0,0.0,0.0
5400.0,34,0.0,0.0,0.0
5400.0,35,0.0,0.0,0.0
5400.0,36,0.0,0.0,0.0
5400.0,37,0.0,0.0,0.0
5400.0,38,0.0,0.0,0.0
5400.0,39,0.0,0.0,0.0
5400.0,40,0.0,0.0,0.0
5400.0,41,0.0,0.0,0.0
5400.0,42,0.0,0.0,0.0
5400.0,43,0.0,0.0,0.0
5400.0,44,0.0,0.0,0.0
5400.0,45,0.0,0.0,0.0
5400.0,46,0.0,0.0,0.0
5400.0,47,0.0,0.0,0.0
5400.0,48,0.0,0.0,0.0
5400.0,49,0.0,0.0,0.0
5400.0,50,0.0,0.0,0.0
5400.0,51,0.0,0.0,0.0
5400.0,52,0.0,0.0,0.0
5400.0,53,0.0,0.0,0.0
5400.0,54,0.0,0.0,0.0
5400.0,55,0.0,20.0,0.0
5400.0,56,4.0525819454162155,20.0,0.20262909727081077
5400.0,57,8.105163890832431,20.0,0.40525819454162154
5400.0,58,4.1458230243659235,20.0,0.20729115121829617
5400.0,59,0.0,20.0,0.0
5400.0,60,20.0,20.0,1.0
5400.0,61,6.649387563107583,20.0,0.33246937815537914
5400.0,62,0.0,0.0,0.0
5400.0,63,0.0,0.0,0.0
5400.0,64,0.0,0.0,0.0
5400.0,65,0.0,0.0,0.0
5400.0,66,0.0,0.0,0.0
5400.0,67,0.0,0.0,0.0
5400.0,68,0.0,0.0,0.0
5400.0,69,0.0,0.0,0.0
5400.0,70,0.0,0.0,0.0
5400.0,71,0.0,0.0,0.0
5400.0,72,0.0,0.0,0.0
5400.0,73,0.0,0.0,0.0
5400.0,74,0.0,0.0,0.0
5400.0,75,0.0,0.0,0.0
5400.0,76,0.0,0.0,0.0
5400.0,77,0.0,0.0,0.0
5400.0,78,0.0,0.0,0.0
5400.0,79,0.0,0.0,0.0
5400.0,80,0.0,0.0,0.0
5400.0,81,0.0,0.0,0.0
5400.0,82,0.0,0.0,0.0
5400.0,83,0.0,0.0,0.0
5400.0,84,0.0,0.0,0.0
5400.0,85,0.0,0.0,0.0
5400.0,86,0.0,0.0,0.0
5400.0,87,0.0,0.0,0.0
5400.0,88,0.0,0.0,0.0
5400.0,89,0.0,0.0,0.0
5400.0,90,0.0,0.0,0.0
5400.0,91,0.0,0.0,0.0
5400.0,92,0.0,0.0,0.0
5400.0,93,0.0,0.0,0.0
5400.0,94,0.0,0.0,0.0
5400.0,95,0.0,0.0,0.0
5400.0,96,0.0,0.0,0.0
5400.0,97,0.0,0.0,0.0
5400.0,98,0.0,20.0,0.0
5400.0,99,0.0,20.0,0.0
5400.0,100,0.0,20.0,0.0
5400.0,101,0.0,20.0,0.0
5400.0,102,4.677782810422019,20.0,0.23388914052110094
5400.0,103,0.0,20.0,0.0
5400.0,104,0.0,0.0,0.0
5400.0,105,0.0,0.0,0.0
5400.0,106,0.0,0.0,0.0
5400.0,107,0.0,0.0,0.0
5400.0,108,0.0,0.0,0.0
5400.0,109,0.0,0.0,0.0
5400.0,110,0.0,0.0,0.0
5400.0,111,0.0,0.0,0.0
5400.0,112,0.0,0.0,0.0
5400.0,113,0.0,0.0,0.0
5400.0,114,0.0,0.0,0.0
5400.0,115,0.0,0.0,0.0
5400.0,116,0.0,0.0,0.0
5400.0,117,0.0,0.0,0.0
5400.0,118,0.0,0.0,0.0
5400.0,119,0.0,0.0,0.0
5400.0,120,0.0,0.0,0.0
5400.0,121,0.0,0.0,0.0
5400.0,122,0.0,0.0,0.0
5400.0,123,0.0,0.0,0.0
5400.0,124,0.0,0.0,0.0
5400.0,125,0.0,0.0,0.0
5400.0,126,0.0,0.0,0.0
5400.0,127,0.0,0.0,0.0
5400.0,128,0.0,0.0,0.0
5400.0,129,0.0,0.0,0.0
5400.0,130,0.0,0.0,0.0
5400.0,131,0.0,0.0,0.0
5400.0,132,0.0,0.0,0.0
5400.0,133,0.0,0.0,0.0
5400.0,134,0.0,0.0,0.0
5400.0,135,0.0,0.0,0.0
5400.0,136,0.0,0.0,0.0
5400.0,137,0.0,0.0,0.0
5400.0,138,0.0,0.0,0.0
5400.0,139,0.0,0.0,0.0
5400.0,140,0.0,20.0,0.0
5400.0,141,0.0,20.0,0.0
5400.0,142,4.0525819454162155,20.0,0.20262909727081077
5400.0,143,0.0,20.0,0.0
5400.0,144,0.0,20.0,0.0
5400.0,145,0.0,20.0,0.0
5400.0,146,0.0,0.0,0.0
5400.0,147,0.0,0.0,0.0
5400.0,148,0.0,0.0,0.0
5400.0,149,0.0,0.0,0.0
5400.0,150,0.0,0.0,0.0
5400.0,151,0.0,0.0,0.0
5400.0,152,0.0,0.0,0.0
5400.0,153,0.0,0.0,0.0
5400.0,154,0.0,0.0,0.0
5400.0,155,0.0,0.0,0.0
5400.0,156,0.0,0.0,0.0
5400.0,157,0.0,0.0,0.0
5400.0,158,0.0,0.0,0.0
5400.0,159,0.0,0.0,0.0
5400.0,160,0.0,0.0,0.0
5400.0,161,0.0,0.0,0.0
5400.0,162,0.0,0.0,0.0
5400.0,163,0.0,0.0,0.0
5400.0,164,0.0,0.0,0.0
5400.0,165,0.0,0.0,0.0
5400.0,166,0.0,0.0,0.0
5400.0,167,0.0,0.0,0.0
5400.0,168,0.0,0.0,0.0
5400.0,169,0.0,0.0,0.0
5400.0,170,0.0,0.0,0.0
5400.0,171,0.0,0.0,0.0
5400.0,172,0.0,0.0,0.0
5400.0,173,0.0,0.0,0.0
5400.0,174,0.0,0.0,0.0
5400.0,175,0.0,0.0,0.0
5400.0,176,0.0,0.0,0.0
5400.0,177,0.0,0.0,0.0
5400.0,178,0.0,0.0,0.0
5400.0,179,0.0,0.0,0.0
5400.0,180,0.0,0.0,0.0
5400.0,181,0.0,0.0,0.0
5400.0,182,0.0,20.0,0.0
5400.0,183,4.960490401401476,20.0,0.24802452007007378
5400.0,184,20.0,20.0,1.0
5400.0,185,0.930099258027302,20.0,0.0465049629013651
5400.0,186,5.258123488035411,20.0,0.26290617440177055
5400.0,187,0.0,20.0,0.0
5400.0,188,0.0,0.0,0.0
5400.0,189,0.0,0.0,0.0
5400.0,190,0.0,0.0,0.0
5400.0,191,0.0,0.0,0.0
5400.0,192,0.0,0.0,0.0
5400.0,193,0.0,0.0,0.0
5400.0,194,0.0,0.0,0.0
5400.0,195,0.0,0.0,0.0
5400.0,196,0.0,0.0,0.0
5400.0,197,0.0,0.0,0.0
5400.0,198,0.0,0.0,0.0
5400.0,199,0.0,0.0,0.0
5400.0,200,0.0,0.0,0.0
5400.0,201,0.0,0.0,0.0
5400.0,202,0.0,0.0,0.0
5400.0,203,0.0,0.0,0.0
5400.0,204,0.0,0.0,0.0
5400.0,205,0.0,0.0,0.0
5400.0,206,0.0,0.0,0.0
5400.0,207,0.0,0.0,0.0
5400.0,208,0.0,0.0,0.0
5400.0,209,0.0,0.0,0.0
5400.0,210,0.0,0.0,0.0
5400.0,211,0.0,0.0,0.0
5400.0,212,0.0,0.0,0.0
5400.0,213,0.0,0.0,0.0
5400.0,214,0.0,0.0,0.0
5400.0,215,0.0,0.0,0.0
5400.0,216,0.0,0.0,0.0
5400.0,217,0.0,0.0,0.0
5400.0,218,0.0,0.0,0.0
5400.0,219,0.0,0.0,0.0
5400.0,220,0.0,0.0,0.0
5400.0,221,0.0,0.0,0.0
5400.0,222,0.0,0.0,0.0
5400.0,223,0.0,11.85322674104755,0.0
5400.0,224,20.0,20.0,1.0
5400.0,225,10.214254551677694,20.0,0.5107127275838848
5400.0,226,20.0,20.0,1.0
5400.0,227,19.999999999999996,20.0,0.9999999999999998
5400.0,228,19.999999999999996,20.0,0.9999999999999998
5400.0,229,0.0,20.0,0.0
5400.0,230,0.0,0.0,0.0
5400.0,231,0.0,0.0,0.0
5400.0,232,0.0,0.0,0.0
5400.0,233,0.0,0.0,0.0
5400.0,234,0.0,0.0,0.0
5400.0,235,0.0,0.0,0.0
5400.0,236,0.0,0.0,0.0
5400.0,237,0.0,0.0,0.0
5400.0,238,0.0,0.0,0.0
5400.0,239,0.0,0.0,0.0
5400.0,240,0.0,0.0,0.0
5400.0,241,0.0,0.0,0.0
5400.0,242,0.0,0.0,0.0
5400.0,243,0.0,0.0,0.0
5400.0,244,0.0,0.0,0.0
5400.0,245,0.0,0.0,0.0
5400.0,246,0.0,0.0,0.0
5400.0,247,0.0,0.0,0.0
5400.0,248,0.0,0.0,0.0
5400.0,249,0.0,0.0,0.0
5400.0,250,0.0,0.0,0.0
5400.0,251,0.0,0.0,0.0
5400.0,252,0.0,0.0,0.0
5400.0,253,0.0,0.0,0.0
5400.0,254,0.0,0.0,0.0
5400.0,255,0.0,0.0,0.0
5400.0,256,0.0,0.0,0.0
5400.0,257,0.0,0.0,0.0
5400.0,258,0.0,0.0,0.0
5400.0,259,0.0,0.0,0.0
5400.0,260,0.0,0.0,0.0
5400.0,261,0.0,0.0,0.0
5400.0,262,0.0,0.0,0.0
5400.0,263,0.0,0.0,0.0
5400.0,264,0.0,0.0,0.0
5400.0,265,20.0,20.0,1.0
5400.0,266,20.0,20.0,1.0
5400.0,267,20.0,20.0,1.0
5400.0,268,20.0,20.0,1.0
5400.0,269,20.0,20.0,1.0
5400.0,270,20.0,20.0,1.0
5400.0,271,4.0525819454162155,20.0,0.20262909727081077
5400.0,272,0.0,0.0,0.0
5400.0,273,0.0,0.0,0.0
5400.0,274,0.0,0.0,0.0
5400.0,275,0.0,0.0,0.0
5400.0,276,0.0,0.0,0.0
5400.0,277,0.0,0.0,0.0
5400.0,278,0.0,0.0,0.0
5400.0,279,0.0,0.0,0.0
5400.0,280,0.0,0.0,0.0
5400.0,281,0.0,0.0,0.0
5400.0,282,0.0,0.0,0.0
5400.0,283,0.0,0.0,0.0
5400.0,284,0.0,0.0,0.0
5400.0,285,0.0,0.0,0.0
5400.0,286,0.0,0.0,0.0
5400.0,287,0.0,0.0,0.0
5400.0,288,0.0,0.0,0.0
5400.0,289,0.0,0.0,0.0
5400.0,290,0.0,0.0,0.0
5400.0,291,0.0,0.0,0.0
5400.0,292,0.0,0.0,0.0
5400.0,293,0.0,0.0,0.0
5400.0,294,0.0,0.0,0.0
5400.0,295,0.0,0.0,0.0
5400.0,296,0.0,0.0,0.0
5400.0,297,0.0,0.0,0.0
5400.0,298,0.0,0.0,0.0
5400.0,299,0.0,0.0,0.0
5400.0,300,0.0,0.0,0.0
5400.0,301,0.0,0.0,0.0
5400.0,302,0.0,0.0,0.0
5400.0,303,0.0,0.0,0.0
5400.0,304,0.0,0.0,0.0
5400.0,305,0.0,0.0,0.0
5400.0,306,0.0,0.0,0.0
5400.0,307,0.0,0.0,0.0
5400.0,308,20.0,20.0,1.0
5400.0,309,20.0,20.0,1.0
5400.0,310,20.0,20.0,1.0
5400.0,311,20.0,20.0,1.0
5400.0,312,20.0,20.0,1.0
5400.0,313,20.0,20.0,1.0
5400.0,314,0.0,20.0,0.0
5400.0,315,0.0,0.0,0.0
5400.0,316,0.0,0.0,0.0
5400.0,317,0.0,0.0,0.0
5400.0,318,0.0,0.0,0.0
5400.0,319,0.0,0.0,0.0
5400.0,320,0.0,0.0,0.0
5400.0,321,0.0,0.0,0.0
5400.0,322,0.0,0.0,0.0
5400.0,323,0.0,0.0,0.0
5400.0,324,0.0,0.0,0.0
5400.0,325,0.0,0.0,0.0
5400.0,326,0.0,0.0,0.0
5400.0,327,0.0,0.0,0.0
5400.0,328,0.0,0.0,0.0
5400.0,329,0.0,0.0,0.0
5400.0,330,0.0,0.0,0.0
5400.0,331,0.0,0.0,0.0
5400.0,332,0.0,0.0,0.0
5400.0,333,0.0,0.0,0.0
5400.0,334,0.0,0.0,0.0
5400.0,335,0.0,0.0,0.0
5400.0,336,0.0,0.0,0.0
5400.0,337,0.0,0.0,0.0
5400.0,338,0.0,0.0,0.0
5400.0,339,0.0,0.0,0.0
5400.0,340,0.0,0.0,0.0
5400.0,341,0.0,0.0,0.0
5400.0,342,0.0,0.0,0.0
5400.0,343,0.0,0.0,0.0
5400.0,344,0.0,0.0,0.0
5400.0,345,0.0,0.0,0.0
5400.0,346,0.0,0.0,0.0
5400.0,347,0.0,0.0,0.0
5400.0,348,0.0,0.0,0.0
5400.0,349,0.0,0.0,0.0
5400.0,350,19.401472854329132,20.0,0.9700736427164566
5400.0,351,20.0,20.0,1.0
5400.0,352,20.0,20.0,1.0
5400.0,353,20.0,20.0,1.0
5400.0,354,20.000000000000004,20.0,1.0000000000000002
5400.0,355,20.0,20.0,1.0
5400.0,356,0.0,20.0,0.0
5400.0,357,0.0,0.0,0.0
5400.0,358,0.0,0.0,0.0
5400.0,359,0.0,0.0,0.0
5400.0,360,0.0,0.0,0.0
5400.0,361,0.0,0.0,0.0
5400.0,362,0.0,0.0,0.0
5400.0,363,0.0,0.0,0.0
5400.0,364,0.0,0.0,0.0
5400.0,365,0.0,0.0,0.0
5400.0,366,0.0,0.0,0.0
5400.0,367,0.0,0.0,0.0
5400.0,368,0.0,0.0,0.0
5400.0,369,0.0,0.0,0.0
5400.0,370,0.0,0.0,0.0
5400.0,371,0.0,0.0,0.0
5400.0,372,0.0,0.0,0.0
5400.0,373,0.0,0.0,0.0
5400.0,374,0.0,0.0,0.0
5400.0,375,0.0,0.0,0.0
5400.0,376,0.0,0.0,0.0
5400.0,377,0.0,0.0,0.0
5400.0,378,0.0,0.0,0.0
5400.0,379,0.0,0.0,0.0
5400.0,380,0.0,0.0,0.0
5400.0,381,0.0,0.0,0.0
5400.0,382,0.0,0.0,0.0
5400.0,383,0.0,0.0,0.0
5400.0,384,0.0,0.0,0.0
5400.0,385,0.0,0.0,0.0
5400.0,386,0.0,0.0,0.0
5400.0,387,0.0,0.0,0.0
5400.0,388,0.0,0.0,0.0
5400.0,389,0.0,0.0,0.0
5400.0,390,0.0,0.0,0.0
5400.0,391,13.401268435227419,20.0,0.6700634217613709
5400.0,392,20.0,20.0,1.0
5400.0,393,20.0,20.0,1.0
5400.0,394,20.0,20.0,1.0
5400.0,395,20.0,20.0,1.0
5400.0,396,20.0,20.0,1.0
5400.0,397,20.0,20.0,1.0
5400.0,398,0.0,20.0,0.0
5400.0,399,0.0,0.0,0.0
5400.0,400,0.0,0.0,0.0
5400.0,401,0.0,0.0,0.0
5400.0,402,0.0,0.0,0.0
5400.0,403,0.0,0.0,0.0
5400.0,404,0.0,0.0,0.0
5400.0,405,0.0,0.0,0.0
5400.0,406,0.0,0.0,0.0
5400.0,407,0.0,0.0,0.0
5400.0,408,0.0,0.0,0.0
5400.0,409,0.0,0.0,0.0
5400.0,410,0.0,0.0,0.0
5400.0,411,0.0,0.0,0.0
5400.0,412,0.0,0.0,0.0
5400.0,413,0.0,0.0,0.0
5400.0,414,0.0,0.0,0.0
5400.0,415,0.0,0.0,0.0
5400.0,416,0.0,0.0,0.0
5400.0,417,0.0,0.0,0.0
5400.0,418,0.0,0.0,0.0
5400.0,419,0.0,0.0,0.0
5400.0,420,0.0,0.0,0.0
5400.0,421,0.0,0.0,0.0
5400.0,422,0.0,0.0,0.0
5400.0,423,0.0,0.0,0.0
5400.0,424,0.0,0.0,0.0
5400.0,425,0.0,0.0,0.0
5400.0,426,0.0,0.0,0.0
5400.0,427,0.0,0.0,0.0
5400.0,428,0.0,0.0,0.0
5400.0,429,0.0,0.0,0.0
5400.0,430,0.0,0.0,0.0
5400.0,431,0.0,0.0,0.0
5400.0,432,0.0,0.0,0.0
5400.0,433,0.0,0.0,0.0
5400.0,434,20.0,20.0,1.0
5400.0,435,20.0,20.0,1.0
5400.0,436,20.0,20.0,1.0
5400.0,437,20.0,20.0,1.0
5400.0,438,20.0,20.0,1.0
5400.0,439,20.0,20.0,1.0
5400.0,440,14.761161345378259,20.0,0.738058067268913
5400.0,441,0.0,0.0,0.0
5400.0,442,0.0,0.0,0.0
5400.0,443,0.0,0.0,0.0
5400.0,444,0.0,0.0,0.0
5400.0,445,0.0,0.0,0.0
5400.0,446,0.0,0.0,0.0
5400.0,447,0.0,0.0,0.0
5400.0,448,0.0,0.0,0.0
5400.0,449,0.0,0.0,0.0
5400.0,450,0.0,0.0,0.0
5400.0,451,0.0,0.0,0.0
5400.0,452,0.0,0.0,0.0
5400.0,453,0.0,0.0,0.0
5400.0,454,0.0,0.0,0.0
5400.0,455,0.0,0.0,0.0
5400.0,456,0.0,0.0,0.0
5400.0,457,0.0,0.0,0.0
5400.0,458,0.0,0.0,0.0
5400.0,459,0.0,0.0,0.0
5400.0,460,0.0,0.0,0.0
5400.0,461,0.0,0.0,0.0
5400.0,462,0.0,0.0,0.0
5400.0,463,0.0,0.0,0.0
5400.0,464,0.0,0.0,0.0
5400.0,465,0.0,0.0,0.0
5400.0,466,0.0,0.0,0.0
5400.0,467,0.0,0.0,0.0
5400.0,468,0.0,0.0,0.0
5400.0,469,0.0,0.0,0.0
5400.0,470,0.0,0.0,0.0
5400.0,471,0.0,0.0,0.0
5400.0,472,0.0,0.0,0.0
5400.0,473,0.0,0.0,0.0
5400.0,474,0.0,0.0,0.0
5400.0,475,0.0,0.0,0.0
5400.0,476,0.0,0.0,0.0
5400.0,477,20.0,20.0,1.0
5400.0,478,20.000000000000004,20.0,1.0000000000000002
5400.0,479,20.0,20.0,1.0
5400.0,480,20.0,20.0,1.0
5400.0,481,20.0,20.0,1.0
5400.0,482,20.0,20.0,1.0
5400.0,483,20.0,20.0,1.0
5400.0,484,0.0,0.0,0.0
5400.0,485,0.0,0.0,0.0
5400.0,486,0.0,0.0,0.0
5400.0,487,0.0,0.0,0.0
5400.0,488,0.0,0.0,0.0
5400.0,489,0.0,0.0,0.0
5400.0,490,0.0,0.0,0.0
5400.0,491,0.0,0.0,0.0
5400.0,492,0.0,0.0,0.0
5400.0,493,0.0,0.0,0.0
5400.0,494,0.0,0.0,0.0
5400.0,495,0.0,0.0,0.0
5400.0,496,0.0,0.0,0.0
5400.0,497,0.0,0.0,0.0
5400.0,498,0.0,0.0,0.0
5400.0,499,0.0,0.0,0.0
5400.0,500,0.0,0.0,0.0
5400.0,501,0.0,0.0,0.0
5400.0,502,0.0,0.0,0.0
5400.0,503,0.0,0.0,0.0
5400.0,504,0.0,0.0,0.0
5400.0,505,0.0,0.0,0.0
5400.0,506,0.0,0.0,0.0
5400.0,507,0.0,0.0,0.0
5400.0,508,0.0,0.0,0.0
5400.0,509,0.0,0.0,0.0
5400.0,510,0.0,0.0,0.0
5400.0,511,0.0,0.0,0.0
5400.0,512,0.0,0.0,0.0
5400.0,513,0.0,0.0,0.0
5400.0,514,0.0,0.0,0.0
5400.0,515,0.0,0.0,0.0
5400.0,516,0.0,0.0,0.0
5400.0,517,0.0,0.0,0.0
5400.0,518,0.0,0.0,0.0
5400.0,519,0.0,0.0,0.0
5400.0,520,20.0,20.0,1.0
5400.0,521,20.0,20.0,1.0
5400.0,522,20.0,20.0,1.0
5400.0,523,20.0,20.0,1.0
5400.0,524,20.0,20.0,1.0
5400.0,525,20.0,20.0,1.0
5400.0,526,0.0,20.0,0.0
5400.0,527,0.0,0.0,0.0
5400.0,528,0.0,0.0,0.0
5400.0,529,0.0,0.0,0.0
5400.0,530,0.0,0.0,0.0
5400.0,531,0.0,0.0,0.0
5400.0,532,0.0,0.0,0.0
5400.0,533,0.0,0.0,0.0
5400.0,534,0.0,0.0,0.0
5400.0,535,0.0,0.0,0.0
5400.0,536,0.0,0.0,0.0
5400.0,537,0.0,0.0,0.0
5400.0,538,0.0,0.0,0.0
5400.0,539,0.0,0.0,0.0
5400.0,540,0.0,0.0,0.0
5400.0,541,0.0,0.0,0.0
5400.0,542,0.0,0.0,0.0
5400.0,543,0.0,0.0,0.0
5400.0,544,0.0,0.0,0.0
5400.0,545,0.0,0.0,0.0
5400.0,546,0.0,0.0,0.0
5400.0,547,0.0,0.0,0.0
5400.0,548,0.0,0.0,0.0
5400.0,549,0.0,0.0,0.0
5400.0,550,0.0,0.0,0.0
5400.0,551,0.0,0.0,0.0
5400.0,552,0.0,0.0,0.0
5400.0,553,0.0,0.0,0.0
5400.0,554,0.0,0.0,0.0
5400.0,555,0.0,0.0,0.0
5400.0,556,0.0,0.0,0.0
5400.0,557,0.0,0.0,0.0
5400.0,558,0.0,0.0,0.0
5400.0,559,0.0,0.0,0.0
5400.0,560,0.0,0.0,0.0
5400.0,561,0.0,0.0,0.0
5400.0,562,0.0,0.0,0.0
5400.0,563,20.0,20.0,1.0
5400.0,564,20.0,20.0,1.0
5400.0,565,20.0,20.0,1.0
5400.0,566,20.0,20.0,1.0
5400.0,567,20.0,20.0,1.0
5400.0,568,0.0,0.0,0.0
5400.0,569,0.0,0.0,0.0
5400.0,570,0.0,0.0,0.0
5400.0,571,0.0,0.0,0.0
5400.0,572,0.0,0.0,0.0
5400.0,573,0.0,0.0,0.0
5400.0,574,0.0,0.0,0.0
5400.0,575,0.0,0.0,0.0
5400.0,576,0.0,0.0,0.0
5400.0,577,0.0,0.0,0.0
5400.0,578,0.0,0.0,0.0
5400.0,579,0.0,0.0,0.0
5400.0,580,0.0,0.0,0.0
5400.0,581,0.0,0.0,0.0
5400.0,582,0.0,0.0,0.0
5400.0,583,0.0,0.0,0.0
5400.0,584,0.0,0.0,0.0
5400.0,585,0.0,0.0,0.0
5400.0,586,0.0,0.0,0.0
5400.0,587,0.0,0.0,0.0
5400.0,588,0.0,0.0,0.0
5400.0,589,0.0,0.0,0.0
5400.0,590,0.0,0.0,0.0
5400.0,591,0.0,0.0,0.0
5400.0,592,0.0,0.0,0.0
5400.0,593,0.0,0.0,0.0
5400.0,594,0.0,0.0,0.0
5400.0,595,0.0,0.0,0.0
5400.0,596,0.0,0.0,0.0
5400.0,597,0.0,0.0,0.0
5400.0,598,0.0,0.0,0.0
5400.0,599,0.0,0.0,0.0
5400.0,600,0.0,0.0,0.0
5400.0,601,0.0,0.0,0.0
5400.0,602,0.0,0.0,0.0
5400.0,603,0.0,0.0,0.0
5400.0,604,0.0,0.0,0.0
5400.0,605,0.0,0.0,0.0
5400.0,606,20.0,20.0,1.0
5400.0,607,20.0,20.0,1.0
5400.0,608,20.0,20.0,1.0
5400.0,609,11.694376469922677,20.0,0.5847188234961338
5400.0,610,0.0,0.0,0.0
5400.0,611,0.0,0.0,0.0
5400.0,612,0.0,0.0,0.0
5400.0,613,0.0,0.0,0.0
5400.0,614,0.0,0.0,0.0
5400.0,615,0.0,0.0,0.0
5400.0,616,0.0,0.0,0.0
5400.0,617,0.0,0.0,0.0
5400.0,618,0.0,0.0,0.0
5400.0,619,0.0,0.0,0.0
5400.0,620,0.0,0.0,0.0
5400.0,621,0.0,0.0,0.0
5400.0,622,0.0,0.0,0.0
5400.0,623,0.0,0.0,0.0
5400.0,624,0.0,0.0,0.0
5400.0,625,0.0,0.0,0.0
5400.0,626,0.0,0.0,0.0
5400.0,627,0.0,0.0,0.0
5400.0,628,0.0,0.0,0.0
5400.0,629,0.0,0.0,0.0
5400.0,630,0.0,0.0,0.0
5400.0,631,0.0,0.0,0.0
5400.0,632,0.0,0.0,0.0
5400.0,633,0.0,0.0,0.0
5400.0,634,0.0,0.0,0.0
5400.0,635,0.0,0.0,0.0
5400.0,636,0.0,0.0,0.0
5400.0,637,0.0,0.0,0.0
5400.0,638,0.0,0.0,0.0
5400.0,639,0.0,0.0,0.0
5400.0,640,0.0,0.0,0.0
5400.0,641,0.0,0.0,0.0
5400.0,642,0.0,0.0,0.0
5400.0,643,0.0,0.0,0.0
5400.0,644,0.0,0.0,0.0
5400.0,645,0.0,0.0,0.0
5400.0,646,0.0,0.0,0.0
5400.0,647,0.0,0.0,0.0
5400.0,648,0.0,0.0,0.0
5400.0,649,20.0,20.0,1.0
5400.0,650,13.315368386329851,20.0,0.6657684193164926
5400.0,651,0.0,0.0,0.0
5400.0,652,0.0,0.0,0.0
5400.0,653,0.0,0.0,0.0
5400.0,654,0.0,0.0,0.0
5400.0,655,0.0,0.0,0.0
5400.0,656,0.0,0.0,0.0
5400.0,657,0.0,0.0,0.0
5400.0,658,0.0,0.0,0.0
5400.0,659,0.0,0.0,0.0
5400.0,660,0.0,0.0,0.0
5400.0,661,0.0,0.0,0.0
5400.0,662,0.0,0.0,0.0
5400.0,663,0.0,0.0,0.0
5400.0,664,0.0,0.0,0.0
5400.0,665,0.0,0.0,0.0
5400.0,666,0.0,0.0,0.0
5400.0,667,0.0,0.0,0.0
5400.0,668,0.0,0.0,0.0
5400.0,669,0.0,0.0,0.0
5400.0,670,0.0,0.0,0.0
5400.0,671,0.0,0.0,0.0
5400.0,672,0.0,0.0,0.0
5400.0,673,0.0,0.0,0.0
5400.0,674,0.0,0.0,0.0
5400.0,675,0.0,0.0,0.0
5400.0,676,0.0,0.0,0.0
5400.0,677,0.0,0.0,0.0
5400.0,678,0.0,0.0,0.0
5400.0,679,0.0,0.0,0.0
5400.0,680,0.0,0.0,0.0
5400.0,681,0.0,0.0,0.0
5400.0,682,0.0,0.0,0.0
5400.0,683,0.0,0.0,0.0
5400.0,684,0.0,0.0,0.0
5400.0,685,0.0,0.0,0.0
5400.0,686,0.0,0.0,0.0
5400.0,687,0.0,0.0,0.0
5400.0,688,0.0,0.0,0.0
5400.0,689,0.0,0.0,0.0
5400.0,690,0.0,0.0,0.0
5400.0,691,0.0,0.0,0.0
5400.0,692,0.0,0.0,0.0
5400.0,693,0.0,0.0,0.0
5400.0,694,0.0,0.0,0.0
5400.0,695,0.0,0.0,0.0
5400.0,696,0.0,0.0,0.0
5400.0,697,0.0,0.0,0.0
5400.0,698,0.0,0.0,0.0
5400.0,699,0.0,0.0,0.0
5400.0,700,0.0,0.0,0.0
5400.0,701,0.0,0.0,0.0
5400.0,702,0.0,0.0,0.0
5400.0,703,0.0,0.0,0.0
5400.0,704,0.0,0.0,0.0
5400.0,705,0.0,0.0,0.0
5400.0,706,0.0,0.0,0.0
5400.0,707,0.0,0.0,0.0
5400.0,708,0.0,0.0,0.0
5400.0,709,0.0,0.0,0.0
5400.0,710,0.0,0.0,0.0
5400.0,711,0.0,0.0,0.0
5400.0,712,0.0,0.0,0.0
5400.0,713,0.0,0.0,0.0
5400.0,714,0.0,0.0,0.0
5400.0,715,0.0,0.0,0.0
5400.0,716,0.0,0.0,0.0
5400.0,717,0.0,0.0,0.0
5400.0,718,0.0,0.0,0.0
5400.0,719,0.0,0.0,0.0
5400.0,720,0.0,0.0,0.0
5400.0,721,0.0,0.0,0.0
5400.0,722,0.0,0.0,0.0
5400.0,723,0.0,0.0,0.0
5400.0,724,0.0,0.0,0.0
5400.0,725,0.0,0.0,0.0
5400.0,726,0.0,0.0,0.0
5400.0,727,0.0,0.0,0.0
5400.0,728,0.0,0.0,0.0
5400.0,729,0.0,0.0,0.0
5400.0,730,0.0,0.0,0.0
5400.0,731,0.0,0.0,0.0
5400.0,732,0.0,0.0,0.0
5400.0,733,0.0,0.0,0.0
5400.0,734,0.0,0.0,0.0
5400.0,735,0.0,0.0,0.0
5400.0,736,0.0,0.0,0.0
5400.0,737,0.0,0.0,0.0
5400.0,738,0.0,0.0,0.0
5400.0,739,0.0,0.0,0.0
5400.0,740,0.0,0.0,0.0
5400.0,741,0.0,0.0,0.0
5400.0,742,0.0,0.0,0.0
5400.0,743,0.0,0.0,0.0
5400.0,744,0.0,0.0,0.0
5400.0,745,0.0,0.0,0.0
5400.0,746,0.0,0.0,0.0
5400.0,747,0.0,0.0,0.0
5400.0,748,0.0,0.0,0.0
5400.0,749,0.0,0.0,0.0
5400.0,750,0.0,0.0,0.0
5400.0,751,0.0,0.0,0.0
5400.0,752,0.0,0.0,0.0
5400.0,753,0.0,0.0,0.0
5400.0,754,0.0,0.0,0.0
5400.0,755,0.0,0.0,0.0
5400.0,756,0.0,0.0,0.0
5400.0,757,0.0,0.0,0.0
5400.0,758,0.0,0.0,0.0
5400.0,759,0.0,0.0,0.0
5400.0,760,0.0,0.0,0.0
5400.0,761,0.0,0.0,0.0
5400.0,762,0.0,0.0,0.0
5400.0,763,0.0,0.0,0.0
5400.0,764,0.0,0.0,0.0
5400.0,765,0.0,0.0,0.0
5400.0,766,0.0,0.0,0.0
5400.0,767,0.0,0.0,0.0
5400.0,768,0.0,0.0,0.0
5400.0,769,0.0,0.0,0.0
5400.0,770,0.0,0.0,0.0
5400.0,771,0.0,0.0,0.0
5400.0,772,0.0,0.0,0.0
5400.0,773,0.0,0.0,0.0
5400.0,774,0.0,0.0,0.0
5400.0,775,0.0,0.0,0.0
5400.0,776,0.0,0.0,0.0
5400.0,777,0.0,0.0,0.0
5400.0,778,0.0,0.0,0.0
5400.0,779,0.0,0.0,0.0
5400.0,780,0.0,0.0,0.0
5400.0,781,0.0,0.0,0.0
5400.0,782,0.0,0.0,0.0
5400.0,783,0.0,0.0,0.0
5400.0,784,0.0,0.0,0.0
5400.0,785,0.0,0.0,0.0
5400.0,786,0.0,0.0,0.0
5400.0,787,0.0,0.0,0.0
5400.0,788,0.0,0.0,0.0
5400.0,789,0.0,0.0,0.0
5400.0,790,0.0,0.0,0.0
5400.0,791,0.0,0.0,0.0
5400.0,792,0.0,0.0,0.0
5400.0,793,0.0,0.0,0.0
5400.0,794,0.0,0.0,0.0
5400.0,795,0.0,0.0,0.0
5400.0,796,0.0,0.0,0.0
5400.0,797,0.0,0.0,0.0
5400.0,798,0.0,0.0,0.0
5400.0,799,0.0,0.0,0.0
5400.0,800,0.0,0.0,0.0
5400.0,801,0.0,0.0,0.0
5400.0,802,0.0,0.0,0.0
5400.0,803,0.0,0.0,0.0
5400.0,804,0.0,0.0,0.0
5400.0,805,0.0,0.0,0.0
5400.0,806,0.0,0.0,0.0
5400.0,807,0.0,0.0,0.0
5400.0,808,0.0,0.0,0.0
5400.0,809,0.0,0.0,0.0
5400.0,810,0.0,0.0,0.0
5400.0,811,0.0,0.0,0.0
5400.0,812,0.0,0.0,0.0
5400.0,813,0.0,0.0,0.0
5400.0,814,0.0,0.0,0.0
5400.0,815,0.0,0.0,0.0
5400.0,816,0.0,0.0,0.0
5400.0,817,0.0,0.0,0.0
5400.0,818,0.0,0.0,0.0
5400.0,819,0.0,0.0,0.0
5400.0,820,0.0,0.0,0.0
5400.0,821,0.0,0.0,0.0
5400.0,822,0.0,0.0,0.0
5400.0,823,0.0,0.0,0.0
5400.0,824,0.0,0.0,0.0
5400.0,825,0.0,0.0,0.0
5400.0,826,0.0,0.0,0.0
5400.0,827,0.0,0.0,0.0
5400.0,828,0.0,0.0,0.0
5400.0,829,0.0,0.0,0.0
5400.0,830,0.0,0.0,0.0
5400.0,831,0.0,0.0,0.0
5400.0,832,0.0,0.0,0.0
5400.0,833,0.0,0.0,0.0
5400.0,834,0.0,0.0,0.0
5400.0,835,0.0,0.0,0.0
5400.0,836,0.0,0.0,0.0
5400.0,837,0.0,0.0,0.0
5400.0,838,0.0,0.0,0.0
5400.0,839,0.0,0.0,0.0
5400.0,840,0.0,0.0,0.0
5400.0,841,0.0,0.0,0.0
5400.0,842,0.0,0.0,0.0
5400.0,843,0.0,0.0,0.0
5400.0,844,0.0,0.0,0.0
5400.0,845,0.0,0.0,0.0
5400.0,846,0.0,0.0,0.0
5400.0,847,0.0,0.0,0.0
5400.0,848,0.0,0.0,0.0
5400.0,849,0.0,0.0,0.0
5400.0,850,0.0,0.0,0.0
5400.0,851,0.0,0.0,0.0
5400.0,852,0.0,0.0,0.0
5400.0,853,0.0,0.0,0.0
5400.0,854,0.0,0.0,0.0
5400.0,855,0.0,0.0,0.0
5400.0,856,0.0,0.0,0.0
5400.0,857,0.0,0.0,0.0
5400.0,858,0.0,0.0,0.0
5400.0,859,0.0,0.0,0.0
5400.0,860,0.0,0.0,0.0
5400.0,861,0.0,0.0,0.0
5400.0,862,0.0,0.0,0.0
5400.0,863,0.0,0.0,0.0
5400.0,864,0.0,0.0,0.0
5400.0,865,0.0,0.0,0.0
5400.0,866,0.0,0.0,0.0
5400.0,867,0.0,0.0,0.0
5400.0,868,0.0,0.0,0.0
5400.0,869,0.0,0.0,0.0
5400.0,870,0.0,0.0,0.0
5400.0,871,0.0,0.0,0.0
5400.0,872,0.0,0.0,0.0
5400.0,873,0.0,0.0,0.0
5400.0,874,0.0,0.0,0.0
5400.0,875,0.0,0.0,0.0
5400.0,876,0.0,0.0,0.0
5400.0,877,0.0,0.0,0.0
5400.0,878,0.0,0.0,0.0
5400.0,879,0.0,0.0,0.0
5400.0,880,0.0,0.0,0.0
5400.0,881,0.0,0.0,0.0
5400.0,882,0.0,0.0,0.0
5400.0,883,0.0,0.0,0.0
5400.0,884,0.0,0.0,0.0
5400.0,885,0.0,0.0,0.0
5400.0,886,0.0,0.0,0.0
5400.0,887,0.0,0.0,0.0
5400.0,888,0.0,0.0,0.0
5400.0,889,0.0,0.0,0.0
5400.0,890,0.0,0.0,0.0
5400.0,891,0.0,0.0,0.0
5400.0,892,0.0,0.0,0.0
5400.0,893,0.0,0.0,0.0
5400.0,894,0.0,0.0,0.0
5400.0,895,0.0,0.0,0.0
5400.0,896,0.0,0.0,0.0
5400.0,897,0.0,0.0,0.0
5400.0,898,0.0,0.0,0.0
5400.0,899,0.0,0.0,0.0
5400.0,900,0.0,0.0,0.0
5400.0,901,0.0,0.0,0.0
5400.0,902,0.0,0.0,0.0
5400.0,903,0.0,0.0,0.0
5400.0,904,0.0,0.0,0.0
5400.0,905,0.0,0.0,0.0
5400.0,906,0.0,0.0,0.0
5400.0,907,0.0,0.0,0.0
5400.0,908,0.0,0.0,0.0
5400.0,909,0.0,0.0,0.0
5400.0,910,0.0,0.0,0.0
5400.0,911,0.0,0.0,0.0
5400.0,912,0.0,0.0,0.0
5400.0,913,0.0,0.0,0.0
5400.0,914,0.0,0.0,0.0
5400.0,915,0.0,0.0,0.0
5400.0,916,0.0,0.0,0.0
5400.0,917,0.0,0.0,0.0
5400.0,918,0.0,0.0,0.0
5400.0,919,0.0,0.0,0.0
5400.0,920,0.0,0.0,0.0
5400.0,921,0.0,0.0,0.0
5400.0,922,0.0,0.0,0.0
5400.0,923,0.0,0.0,0.0
5400.0,924,0.0,0.0,0.0
5400.0,925,0.0,0.0,0.0
5400.0,926,0.0,0.0,0.0
5400.0,927,0.0,0.0,0.0
5400.0,928,0.0,0.0,0.0
5400.0,929,0.0,0.0,0.0
5400.0,930,0.0,0.0,0.0
5400.0,931,0.0,0.0,0.0
5400.0,932,0.0,0.0,0.0
5400.0,933,0.0,0.0,0.0
5400.0,934,0.0,0.0,0.0
5400.0,935,0.0,0.0,0.0
5400.0,936,0.0,0.0,0.0
5400.0,937,0.0,0.0,0.0
5400.0,938,0.0,0.0,0.0
5400.0,939,0.0,0.0,0.0
5400.0,940,0.0,0.0,0.0
5400.0,941,0.0,0.0,0.0
5400.0,942,0.0,0.0,0.0
5400.0,943,0.0,0.0,0.0
5400.0,944,0.0,0.0,0.0
5400.0,945,0.0,0.0,0.0
5400.0,946,0.0,0.0,0.0
5400.0,947,0.0,0.0,0.0
5400.0,948,0.0,0.0,0.0
5400.0,949,0.0,0.0,0.0
5400.0,950,0.0,0.0,0.0
5400.0,951,0.0,0.0,0.0
5400.0,952,0.0,0.0,0.0
5400.0,953,0.0,0.0,0.0
5400.0,954,0.0,0.0,0.0
5400.0,955,0.0,0.0,0.0
5400.0,956,0.0,0.0,0.0
5400.0,957,0.0,0.0,0.0
5400.0,958,0.0,0.0,0.0
5400.0,959,0.0,0.0,0.0
5400.0,960,0.0,0.0,0.0
5400.0,961,0.0,0.0,0.0
5400.0,962,0.0,0.0,0.0
5400.0,963,0.0,0.0,0.0
5400.0,964,0.0,0.0,0.0
5400.0,965,0.0,0.0,0.0
5400.0,966,0.0,0.0,0.0
5400.0,967,0.0,0.0,0.0
5400.0,968,0.0,0.0,0.0
5400.0,969,0.0,0.0,0.0
5400.0,970,0.0,0.0,0.0
5400.0,971,0.0,0.0,0.0
5400.0,972,0.0,0.0,0.0
5400.0,973,0.0,0.0,0.0
5400.0,974,0.0,0.0,0.0
5400.0,975,0.0,0.0,0.0
5400.0,976,0.0,0.0,0.0
5400.0,977,0.0,0.0,0.0
5400.0,978,0.0,0.0,0.0
5400.0,979,0.0,0.0,0.0
5400.0,980,0.0,0.0,0.0
5400.0,981,0.0,0.0,0.0
5400.0,982,0.0,0.0,0.0
5400.0,983,0.0,0.0,0.0
5400.0,984,0.0,0.0,0.0
5400.0,985,0.0,0.0,0.0
5400.0,986,0.0,0.0,0.0
5400.0,987,0.0,0.0,0.0
5400.0,988,0.0,0.0,0.0
5400.0,989,0.0,0.0,0.0
5400.0,990,0.0,0.0,0.0
5400.0,991,0.0,0.0,0.0
5400.0,992,0.0,0.0,0.0
5400.0,993,0.0,0.0,0.0
5400.0,994,0.0,0.0,0.0
5400.0,995,0.0,0.0,0.0
5400.0,996,0.0,0.0,0.0
5400.0,997,0.0,0.0,0.0
5400.0,998,0.0,0.0,0.0
5400.0,999,0.0,0.0,0.0
5400.0,1000,0.0,0.0,0.0
5400.0,1001,0.0,0.0,0.0
5400.0,1002,0.0,0.0,0.0
5400.0,1003,0.0,0.0,0.0
5400.0,1004,0.0,0.0,0.0
5400.0,1005,0.0,0.0,0.0
5400.0,1006,0.0,0.0,0.0
5400.0,1007,0.0,0.0,0.0
5400.0,1008,0.0,0.0,0.0
5400.0,1009,0.0,0.0,0.0
5400.0,1010,0.0,0.0,0.0
5400.0,1011,0.0,0.0,0.0
5400.0,1012,0.0,0.0,0.0
5400.0,1013,0.0,0.0,0.0
5400.0,1014,0.0,0.0,0.0
5400.0,1015,0.0,0.0,0.0
5400.0,1016,0.0,0.0,0.0
5400.0,1017,0.0,0.0,0.0
5400.0,1018,0.0,0.0,0.0
5400.0,1019,0.0,0.0,0.0
5400.0,1020,0.0,0.0,0.0
5400.0,1021,0.0,0.0,0.0
5400.0,1022,0.0,0.0,0.0
5400.0,1023,0.0,0.0,0.0
5400.0,1024,0.0,0.0,0.0
5400.0,1025,0.0,0.0,0.0
5400.0,1026,0.0,0.0,0.0
5400.0,1027,0.0,0.0,0.0
5400.0,1028,0.0,0.0,0.0
5400.0,1029,0.0,0.0,0.0
5400.0,1030,0.0,0.0,0.0
5400.0,1031,0.0,0.0,0.0
5400.0,1032,0.0,0.0,0.0
5400.0,1033,0.0,0.0,0.0
5400.0,1034,0.0,0.0,0.0
5400.0,1035,0.0,0.0,0.0
5400.0,1036,0.0,0.0,0.0
5400.0,1037,0.0,0.0,0.0
5400.0,1038,0.0,0.0,0.0
5400.0,1039,0.0,0.0,0.0
5400.0,1040,0.0,0.0,0.0
5400.0,1041,0.0,0.0,0.0
5400.0,1042,0.0,0.0,0.0
5400.0,1043,0.0,0.0,0.0
5400.0,1044,0.0,0.0,0.0
5400.0,1045,0.0,0.0,0.0
5400.0,1046,0.0,0.0,0.0
5400.0,1047,0.0,0.0,0.0
5400.0,1048,0.0,0.0,0.0
5400.0,1049,0.0,0.0,0.0
5400.0,1050,0.0,0.0,0.0
5400.0,1051,0.0,0.0,0.0
5400.0,1052,0.0,0.0,0.0
5400.0,1053,0.0,0.0,0.0
5400.0,1054,0.0,0.0,0.0
5400.0,1055,0.0,0.0,0.0
5400.0,1056,0.0,0.0,0.0
5400.0,1057,0.0,0.0,0.0
5400.0,1058,0.0,0.0,0.0
5400.0,1059,0.0,0.0,0.0
5400.0,1060,0.0,0.0,0.0
5400.0,1061,0.0,0.0,0.0
5400.0,1062,0.0,0.0,0.0
5400.0,1063,0.0,0.0,0.0
5400.0,1064,0.0,0.0,0.0
5400.0,1065,0.0,0.0,0.0
5400.0,1066,0.0,0.0,0.0
5400.0,1067,0.0,0.0,0.0
5400.0,1068,0.0,0.0,0.0
5400.0,1069,0.0,0.0,0.0
5400.0,1070,0.0,0.0,0.0
5400.0,1071,0.0,0.0,0.0
5400.0,1072,0.0,0.0,0.0
5400.0,1073,0.0,0.0,0.0
5400.0,1074,0.0,0.0,0.0
5400.0,1075,0.0,0.0,0.0
5400.0,1076,0.0,0.0,0.0
5400.0,1077,0.0,0.0,0.0
5400.0,1078,0.0,0.0,0.0
5400.0,1079,0.0,0.0,0.0
5400.0,1080,0.0,0.0,0.0
5400.0,1081,0.0,0.0,0.0
5400.0,1082,0.0,0.0,0.0
5400.0,1083,0.0,0.0,0.0
5400.0,1084,0.0,0.0,0.0
5400.0,1085,0.0,0.0,0.0
5400.0,1086,0.0,0.0,0.0
5400.0,1087,0.0,0.0,0.0
5400.0,1088,0.0,0.0,0.0
5400.0,1089,0.0,0.0,0.0
5400.0,1090,0.0,0.0,0.0
5400.0,1091,0.0,0.0,0.0
5400.0,1092,0.0,0.0,0.0
5400.0,1093,0.0,0.0,0.0
5400.0,1094,0.0,0.0,0.0
5400.0,1095,0.0,0.0,0.0
5400.0,1096,0.0,0.0,0.0
5400.0,1097,0.0,0.0,0.0
5400.0,1098,0.0,0.0,0.0
5400.0,1099,0.0,0.0,0.0
5400.0,1100,0.0,0.0,0.0
5400.0,1101,0.0,0.0,0.0
5400.0,1102,0.0,0.0,0.0
5400.0,1103,0.0,0.0,0.0
5400.0,1104,0.0,0.0,0.0
5400.0,1105,0.0,0.0,0.0
5400.0,1106,0.0,0.0,0.0
5400.0,1107,0.0,0.0,0.0
5400.0,1108,0.0,0.0,0.0
5400.0,1109,0.0,0.0,0.0
5400.0,1110,0.0,0.0,0.0
5400.0,1111,0.0,0.0,0.0
5400.0,1112,0.0,0.0,0.0
5400.0,1113,0.0,0.0,0.0
5400.0,1114,0.0,0.0,0.0
5400.0,1115,0.0,0.0,0.0
5400.0,1116,0.0,0.0,0.0
5400.0,1117,0.0,0.0,0.0
5400.0,1118,0.0,0.0,0.0
5400.0,1119,0.0,0.0,0.0
5400.0,1120,0.0,0.0,0.0
5400.0,1121,0.0,0.0,0.0
5400.0,1122,0.0,0.0,0.0
5400.0,1123,0.0,0.0,0.0
5400.0,1124,0.0,0.0,0.0
5400.0,1125,0.0,0.0,0.0
5400.0,1126,0.0,0.0,0.0
5400.0,1127,0.0,0.0,0.0
5400.0,1128,0.0,0.0,0.0
5400.0,1129,0.0,0.0,0.0
5400.0,1130,0.0,0.0,0.0
5400.0,1131,0.0,0.0,0.0
5400.0,1132,0.0,0.0,0.0
5400.0,1133,0.0,0.0,0.0
5400.0,1134,0.0,0.0,0.0
5400.0,1135,0.0,0.0,0.0
5400.0,1136,0.0,0.0,0.0
5400.0,1137,0.0,0.0,0.0
5400.0,1138,0.0,0.0,0.0
5400.0,1139,0.0,0.0,0.0
5400.0,1140,0.0,0.0,0.0
5400.0,1141,0.0,0.0,0.0
5400.0,1142,0.0,0.0,0.0
5400.0,1143,0.0,0.0,0.0
5400.0,1144,0.0,0.0,0.0
5400.0,1145,0.0,0.0,0.0
5400.0,1146,0.0,0.0,0.0
5400.0,1147,0.0,0.0,0.0
5400.0,1148,0.0,0.0,0.0
5400.0,1149,0.0,0.0,0.0
5400.0,1150,0.0,0.0,0.0
5400.0,1151,0.0,0.0,0.0
5400.0,1152,0.0,0.0,0.0
5400.0,1153,0.0,0.0,0.0
5400.0,1154,0.0,0.0,0.0
5400.0,1155,0.0,0.0,0.0
5400.0,1156,0.0,0.0,0.0
5400.0,1157,0.0,0.0,0.0
5400.0,1158,0.0,0.0,0.0
5400.0,1159,0.0,0.0,0.0
5400.0,1160,0.0,0.0,0.0
5400.0,1161,0.0,0.0,0.0
5400.0,1162,0.0,0.0,0.0
5400.0,1163,0.0,0.0,0.0
5400.0,1164,0.0,0.0,0.0
5400.0,1165,0.0,0.0,0.0
5400.0,1166,0.0,0.0,0.0
5400.0,1167,0.0,0.0,0.0
5400.0,1168,0.0,0.0,0.0
5400.0,1169,0.0,0.0,0.0
5400.0,1170,0.0,0.0,0.0
5400.0,1171,0.0,0.0,0.0
5400.0,1172,0.0,0.0,0.0
5400.0,1173,0.0,0.0,0.0
5400.0,1174,0.0,0.0,0.0
5400.0,1175,0.0,0.0,0.0
5400.0,1176,0.0,0.0,0.0
5400.0,1177,0.0,0.0,0.0
5400.0,1178,0.0,0.0,0.0
5400.0,1179,0.0,0.0,0.0
5400.0,1180,0.0,0.0,0.0
5400.0,1181,0.0,0.0,0.0
5400.0,1182,0.0,0.0,0.0
5400.0,1183,0.0,0.0,0.0
5400.0,1184,0.0,0.0,0.0
5400.0,1185,0.0,0.0,0.0
5400.0,1186,6.717529313750362,20.0,0.3358764656875181
5400.0,1187,3.2040139274354766,18.328339913127735,0.16020069637177384
5400.0,1188,0.0,0.0,0.0
5400.0,1189,0.0,0.0,0.0
5400.0,1190,0.0,0.0,0.0
5400.0,1191,0.0,0.0,0.0
5400.0,1192,0.0,0.0,0.0
5400.0,1193,0.0,0.0,0.0
5400.0,1194,0.0,0.0,0.0
5400.0,1195,0.0,0.0,0.0
5400.0,1196,0.0,0.0,0.0
5400.0,1197,0.0,0.0,0.0
5400.0,1198,0.0,0.0,0.0
5400.0,1199,0.0,0.0,0.0
5400.0,1200,0.0,0.0,0.0
5400.0,1201,0.0,0.0,0.0
5400.0,1202,0.0,0.0,0.0
5400.0,1203,0.0,0.0,0.0
5400.0,1204,0.0,0.0,0.0
5400.0,1205,0.0,0.0,0.0
5400.0,1206,0.0,0.0,0.0
5400.0,1207,0.0,0.0,0.0
5400.0,1208,0.0,0.0,0.0
5400.0,1209,0.0,0.0,0.0
5400.0,1210,0.0,0.0,0.0
5400.0,1211,0.0,0.0,0.0
5400.0,1212,0.0,0.0,0.0
5400.0,1213,0.0,0.0,0.0
5400.0,1214,0.0,0.0,0.0
5400.0,1215,0.0,0.0,0.0
5400.0,1216,0.0,0.0,0.0
5400.0,1217,0.0,0.0,0.0
5400.0,1218,0.0,0.0,0.0
5400.0,1219,0.0,0.0,0.0
5400.0,1220,0.0,0.0,0.0
5400.0,1221,0.0,0.0,0.0
5400.0,1222,0.0,0.0,0.0
5400.0,1223,0.0,0.0,0.0
5400.0,1224,0.0,0.0,0.0
5400.0,1225,0.0,0.0,0.0
5400.0,1226,0.0,0.0,0.0
5400.0,1227,7.543485596411213,20.0,0.3771742798205607
5400.0,1228,20.0,20.0,1.0
5400.0,1229,20.0,20.0,1.0
5400.0,1230,6.717529313750362,20.0,0.3358764656875181
5400.0,1231,0.0,0.0,0.0
5400.0,1232,0.0,0.0,0.0
5400.0,1233,0.0,0.0,0.0
5400.0,1234,0.0,0.0,0.0
5400.0,1235,0.0,0.0,0.0
5400.0,1236,0.0,0.0,0.0
5400.0,1237,0.0,0.0,0.0
5400.0,1238,0.0,0.0,0.0
5400.0,1239,0.0,0.0,0.0
5400.0,1240,0.0,0.0,0.0
5400.0,1241,0.0,0.0,0.0
5400.0,1242,0.0,0.0,0.0
5400.0,1243,0.0,0.0,0.0
5400.0,1244,0.0,0.0,0.0
5400.0,1245,0.0,0.0,0.0
5400.0,1246,0.0,0.0,0.0
5400.0,1247,0.0,0.0,0.0
5400.0,1248,0.0,0.0,0.0
5400.0,1249,0.0,0.0,0.0
5400.0,1250,0.0,0.0,0.0
5400.0,1251,0.0,0.0,0.0
5400.0,1252,0.0,0.0,0.0
5400.0,1253,0.0,0.0,0.0
5400.0,1254,0.0,0.0,0.0
5400.0,1255,0.0,0.0,0.0
5400.0,1256,0.0,0.0,0.0
5400.0,1257,0.0,0.0,0.0
5400.0,1258,0.0,0.0,0.0
5400.0,1259,0.0,0.0,0.0
5400.0,1260,0.0,0.0,0.0
5400.0,1261,0.0,0.0,0.0
5400.0,1262,0.0,0.0,0.0
5400.0,1263,0.0,0.0,0.0
5400.0,1264,0.0,0.0,0.0
5400.0,1265,0.0,0.0,0.0
5400.0,1266,0.0,0.0,0.0
5400.0,1267,0.0,0.0,0.0
5400.0,1268,0.0,20.0,0.0
5400.0,1269,20.0,20.0,1.0
5400.0,1270,20.0,20.0,1.0
5400.0,1271,20.0,20.0,1.0
5400.0,1272,20.0,20.0,1.0
5400.0,1273,13.435058627500725,20.0,0.6717529313750362
5400.0,1274,0.0,0.0,0.0
5400.0,1275,0.0,0.0,0.0
5400.0,1276,0.0,0.0,0.0
5400.0,1277,0.0,0.0,0.0
5400.0,1278,0.0,0.0,0.0
5400.0,1279,0.0,0.0,0.0
5400.0,1280,0.0,0.0,0.0
5400.0,1281,0.0,0.0,0.0
5400.0,1282,0.0,0.0,0.0
5400.0,1283,0.0,0.0,0.0
5400.0,1284,0.0,0.0,0.0
5400.0,1285,0.0,0.0,0.0
5400.0,1286,0.0,0.0,0.0
5400.0,1287,0.0,0.0,0.0
5400.0,1288,0.0,0.0,0.0
5400.0,1289,0.0,0.0,0.0
5400.0,1290,0.0,0.0,0.0
5400.0,1291,0.0,0.0,0.0
5400.0,1292,0.0,0.0,0.0
5400.0,1293,0.0,0.0,0.0
5400.0,1294,0.0,0.0,0.0
5400.0,1295,0.0,0.0,0.0
5400.0,1296,0.0,0.0,0.0
5400.0,1297,0.0,0.0,0.0
5400.0,1298,0.0,0.0,0.0
5400.0,1299,0.0,0.0,0.0
5400.0,1300,0.0,0.0,0.0
5400.0,1301,0.0,0.0,0.0
5400.0,1302,0.0,0.0,0.0
5400.0,1303,0.0,0.0,0.0
5400.0,1304,0.0,0.0,0.0
5400.0,1305,0.0,0.0,0.0
5400.0,1306,0.0,0.0,0.0
5400.0,1307,0.0,0.0,0.0
5400.0,1308,0.0,0.0,0.0
5400.0,1309,0.0,0.0,0.0
5400.0,1310,9.879639019051002,20.0,0.4939819509525501
5400.0,1311,20.0,20.0,1.0
5400.0,1312,19.999999999999996,20.0,0.9999999999999998
5400.0,1313,20.0,20.0,1.0
5400.0,1314,20.0,20.0,1.0
5400.0,1315,20.0,20.0,1.0
5400.0,1316,6.717529313750362,18.328339913127735,0.3358764656875181
5400.0,1317,0.0,0.0,0.0
5400.0,1318,0.0,0.0,0.0
5400.0,1319,0.0,0.0,0.0
5400.0,1320,0.0,0.0,0.0
5400.0,1321,0.0,0.0,0.0
5400.0,1322,0.0,0.0,0.0
5400.0,1323,0.0,0.0,0.0
5400.0,1324,0.0,0.0,0.0
5400.0,1325,0.0,0.0,0.0
5400.0,1326,0.0,0.0,0.0
5400.0,1327,0.0,0.0,0.0
5400.0,1328,0.0,0.0,0.0
5400.0,1329,0.0,0.0,0.0
5400.0,1330,0.0,0.0,0.0
5400.0,1331,0.0,0.0,0.0
5400.0,1332,0.0,0.0,0.0
5400.0,1333,0.0,0.0,0.0
5400.0,1334,0.0,0.0,0.0
5400.0,1335,0.0,0.0,0.0
5400.0,1336,0.0,0.0,0.0
5400.0,1337,0.0,0.0,0.0
5400.0,1338,0.0,0.0,0.0
5400.0,1339,0.0,0.0,0.0
5400.0,1340,0.0,0.0,0.0
5400.0,1341,0.0,0.0,0.0
5400.0,1342,0.0,0.0,0.0
5400.0,1343,0.0,0.0,0.0
5400.0,1344,0.0,0.0,0.0
5400.0,1345,0.0,0.0,0.0
5400.0,1346,0.0,0.0,0.0
5400.0,1347,0.0,0.0,0.0
5400.0,1348,0.0,0.0,0.0
5400.0,1349,0.0,0.0,0.0
5400.0,1350,0.0,0.0,0.0
5400.0,1351,0.0,0.0,0.0
5400.0,1352,20.0,20.0,1.0
5400.0,1353,20.0,20.0,1.0
5400.0,1354,20.0,20.0,1.0
5400.0,1355,20.0,20.0,1.0
5400.0,1356,20.0,20.0,1.0
5400.0,1357,20.0,20.0,1.0
5400.0,1358,20.0,20.0,1.0
5400.0,1359,6.836327062728143,20.0,0.3418163531364072
5400.0,1360,0.0,0.0,0.0
5400.0,1361,0.0,0.0,0.0
5400.0,1362,0.0,0.0,0.0
5400.0,1363,0.0,0.0,0.0
5400.0,1364,0.0,0.0,0.0
5400.0,1365,0.0,0.0,0.0
5400.0,1366,0.0,0.0,0.0
5400.0,1367,0.0,0.0,0.0
5400.0,1368,0.0,0.0,0.0
5400.0,1369,0.0,0.0,0.0
5400.0,1370,0.0,0.0,0.0
5400.0,1371,0.0,0.0,0.0
5400.0,1372,0.0,0.0,0.0
5400.0,1373,0.0,0.0,0.0
5400.0,1374,0.0,0.0,0.0
5400.0,1375,0.0,0.0,0.0
5400.0,1376,0.0,0.0,0.0
5400.0,1377,0.0,0.0,0.0
5400.0,1378,0.0,0.0,0.0
5400.0,1379,0.0,0.0,0.0
5400.0,1380,0.0,0.0,0.0
5400.0,1381,0.0,0.0,0.0
5400.0,1382,0.0,0.0,0.0
5400.0,1383,0.0,0.0,0.0
5400.0,1384,0.0,0.0,0.0
5400.0,1385,0.0,0.0,0.0
5400.0,1386,0.0,0.0,0.0
5400.0,1387,0.0,0.0,0.0
5400.0,1388,0.0,0.0,0.0
5400.0,1389,0.0,0.0,0.0
5400.0,1390,0.0,0.0,0.0
5400.0,1391,0.0,0.0,0.0
5400.0,1392,0.0,0.0,0.0
5400.0,1393,0.0,0.0,0.0
5400.0,1394,20.0,20.0,1.0
5400.0,1395,20.0,20.0,1.0
5400.0,1396,20.0,20.0,1.0
5400.0,1397,20.0,20.0,1.0
5400.0,1398,20.0,20.0,1.0
5400.0,1399,20.0,20.0,1.0
5400.0,1400,20.0,20.0,1.0
5400.0,1401,20.0,20.0,1.0
5400.0,1402,6.870117255001449,20.0,0.34350586275007244
5400.0,1403,0.0,0.0,0.0
5400.0,1404,0.0,0.0,0.0
5400.0,1405,0.0,0.0,0.0
5400.0,1406,0.0,0.0,0.0
5400.0,1407,0.0,0.0,0.0
5400.0,1408,0.0,0.0,0.0
5400.0,1409,0.0,0.0,0.0
5400.0,1410,0.0,0.0,0.0
5400.0,1411,0.0,0.0,0.0
5400.0,1412,0.0,0.0,0.0
5400.0,1413,0.0,0.0,0.0
5400.0,1414,0.0,0.0,0.0
5400.0,1415,0.0,0.0,0.0
5400.0,1416,0.0,0.0,0.0
5400.0,1417,0.0,0.0,0.0
5400.0,1418,0.0,0.0,0.0
5400.0,1419,0.0,0.0,0.0
5400.0,1420,0.0,0.0,0.0
5400.0,1421,0.0,0.0,0.0
5400.0,1422,0.0,0.0,0.0
5400.0,1423,0.0,0.0,0.0
5400.0,1424,0.0,0.0,0.0
5400.0,1425,0.0,0.0,0.0
5400.0,1426,0.0,0.0,0.0
5400.0,1427,0.0,0.0,0.0
5400.0,1428,0.0,0.0,0.0
5400.0,1429,0.0,0.0,0.0
5400.0,1430,0.0,0.0,0.0
5400.0,1431,0.0,0.0,0.0
5400.0,1432,0.0,0.0,0.0
5400.0,1433,0.0,0.0,0.0
5400.0,1434,0.0,0.0,0.0
5400.0,1435,0.0,0.0,0.0
5400.0,1436,12.07351965057337,20.0,0.6036759825286685
5400.0,1437,20.0,20.0,1.0
5400.0,1438,20.000000000000004,20.0,1.0000000000000002
5400.0,1439,20.0,20.0,1.0
5400.0,1440,20.0,20.0,1.0
5400.0,1441,20.0,20.0,1.0
5400.0,1442,20.0,20.0,1.0
5400.0,1443,20.0,20.0,1.0
5400.0,1444,13.315368386329851,20.0,0.6657684193164926
5400.0,1445,0.0,0.0,0.0
5400.0,1446,0.0,0.0,0.0
5400.0,1447,0.0,0.0,0.0
5400.0,1448,0.0,0.0,0.0
5400.0,1449,0.0,0.0,0.0
5400.0,1450,0.0,0.0,0.0
5400.0,1451,0.0,0.0,0.0
5400.0,1452,0.0,0.0,0.0
5400.0,1453,0.0,0.0,0.0
5400.0,1454,0.0,0.0,0.0
5400.0,1455,0.0,0.0,0.0
5400.0,1456,0.0,0.0,0.0
5400.0,1457,0.0,0.0,0.0
5400.0,1458,0.0,0.0,0.0
5400.0,1459,0.0,0.0,0.0
5400.0,1460,0.0,0.0,0.0
5400.0,1461,0.0,0.0,0.0
5400.0,1462,0.0,0.0,0.0
5400.0,1463,0.0,0.0,0.0
5400.0,1464,0.0,0.0,0.0
5400.0,1465,0.0,0.0,0.0
5400.0,1466,0.0,0.0,0.0
5400.0,1467,0.0,0.0,0.0
5400.0,1468,0.0,0.0,0.0
5400.0,1469,0.0,0.0,0.0
5400.0,1470,0.0,0.0,0.0
5400.0,1471,0.0,0.0,0.0
5400.0,1472,0.0,0.0,0.0
5400.0,1473,0.0,0.0,0.0
5400.0,1474,0.0,0.0,0.0
5400.0,1475,0.0,0.0,0.0
5400.0,1476,0.0,0.0,0.0
5400.0,1477,0.0,0.0,0.0
5400.0,1478,0.0,20.0,0.0
5400.0,1479,20.0,20.0,1.0
5400.0,1480,19.996424229882997,20.0,0.9998212114941498
5400.0,1481,20.0,20.0,1.0
5400.0,1482,20.0,20.0,1.0
5400.0,1483,20.0,20.0,1.0
5400.0,1484,20.0,20.0,1.0
5400.0,1485,20.0,20.0,1.0
5400.0,1486,0.0,0.0,0.0
5400.0,1487,0.0,0.0,0.0
5400.0,1488,0.0,0.0,0.0
5400.0,1489,0.0,0.0,0.0
5400.0,1490,0.0,0.0,0.0
5400.0,1491,0.0,0.0,0.0
5400.0,1492,0.0,0.0,0.0
5400.0,1493,0.0,0.0,0.0
5400.0,1494,0.0,0.0,0.0
5400.0,1495,0.0,0.0,0.0
6300.0,0,0.0,0.0,0.0
6300.0,1,0.0,0.0,0.0
6300.0,2,0.0,0.0,0.0
6300.0,3,0.0,0.0,0.0
6300.0,4,0.0,0.0,0.0
6300.0,5,0.0,0.0,0.0
6300.0,6,0.0,0.0,0.0
6300.0,7,14.658446475008333,20.0,0.7329223237504167
6300.0,8,20.0,20.0,1.0
6300.0,9,16.027196760260768,20.0,0.8013598380130385
6300.0,10,20.0,20.0,1.0
6300.0,11,20.0,20.0,1.0
6300.0,12,20.0,20.0,1.0
6300.0,13,12.782966273706082,20.0,0.6391483136853041
6300.0,14,0.0,0.0,0.0
6300.0,15,0.0,0.0,0.0
6300.0,16,0.0,0.0,0.0
6300.0,17,0.0,0.0,0.0
6300.0,18,0.0,0.0,0.0
6300.0,19,0.0,0.0,0.0
6300.0,20,0.0,0.0,0.0
6300.0,21,0.0,0.0,0.0
6300.0,22,0.0,0.0,0.0
6300.0,23,0.0,0.0,0.0
6300.0,24,0.0,0.0,0.0
6300.0,25,0.0,0.0,0.0
6300.0,26,0.0,0.0,0.0
6300.0,27,0.0,0.0,0.0
6300.0,28,0.0,0.0,0.0
6300.0,29,0.0,0.0,0.0
6300.0,30,0.0,0.0,0.0
6300.0,31,0.0,0.0,0.0
6300.0,32,0.0,0.0,0.0
6300.0,33,0.0,0.0,0.0
6300.0,34,0.0,0.0,0.0
6300.0,35,0.0,0.0,0.0
6300.0,36,0.0,0.0,0.0
6300.0,37,0.0,0.0,0.0
6300.0,38,0.0,0.0,0.0
6300.0,39,0.0,0.0,0.0
6300.0,40,0.0,0.0,0.0
6300.0,41,0.0,0.0,0.0
6300.0,42,0.0,0.0,0.0
6300.0,43,0.0,0.0,0.0
6300.0,44,0.0,0.0,0.0
6300.0,45,0.0,0.0,0.0
6300.0,46,0.0,0.0,0.0
6300.0,47,0.0,0.0,0.0
6300.0,48,0.0,0.0,0.0
6300.0,49,0.0,20.0,0.0
6300.0,50,7.43558678786885,20.0,0.3717793393934425
6300.0,51,18.497163560885404,20.0,0.9248581780442702
6300.0,52,4.242539883049746,20.0,0.2121269941524873
6300.0,53,20.0,20.0,1.0
6300.0,54,20.0,20.0,1.0
6300.0,55,0.0,20.0,0.0
6300.0,56,0.0,0.0,0.0
6300.0,57,0.0,0.0,0.0
6300.0,58,0.0,0.0,0.0
6300.0,59,0.0,0.0,0.0
6300.0,60,0.0,0.0,0.0
6300.0,61,0.0,0.0,0.0
6300.0,62,0.0,0.0,0.0
6300.0,63,0.0,0.0,0.0
6300.0,64,0.0,0.0,0.0
6300.0,65,0.0,0.0,0.0
6300.0,66,0.0,0.0,0.0
6300.0,67,0.0,0.0,0.0
6300.0,68,0.0,0.0,0.0
6300.0,69,0.0,0.0,0.0
6300.0,70,0.0,0.0,0.0
6300.0,71,0.0,0.0,0.0
6300.0,72,0.0,0.0,0.0
6300.0,73,0.0,0.0,0.0
6300.0,74,0.0,0.0,0.0
6300.0,75,0.0,0.0,0.0
6300.0,76,0.0,0.0,0.0
6300.0,77,0.0,0.0,0.0
6300.0,78,0.0,0.0,0.0
6300.0,79,0.0,0.0,0.0
6300.0,80,0.0,0.0,0.0
6300.0,81,0.0,0.0,0.0
6300.0,82,0.0,0.0,0.0
6300.0,83,0.0,0.0,0.0
6300.0,84,0.0,0.0,0.0
6300.0,85,0.0,0.0,0.0
6300.0,86,0.0,0.0,0.0
6300.0,87,0.0,0.0,0.0
6300.0,88,0.0,0.0,0.0
6300.0,89,0.0,0.0,0.0
6300.0,90,0.0,0.0,0.0
6300.0,91,0.0,20.0,0.0
6300.0,92,11.111097436727832,20.0,0.5555548718363916
6300.0,93,0.0,20.0,0.0
6300.0,94,18.631249714747568,20.0,0.9315624857373784
6300.0,95,12.020397570195577,20.0,0.6010198785097789
6300.0,96,19.999999999999996,20.0,0.9999999999999998
6300.0,97,0.0,0.0,0.0
6300.0,98,0.0,0.0,0.0
6300.0,99,0.0,0.0,0.0
6300.0,100,0.0,0.0,0.0
6300.0,101,0.0,0.0,0.0
6300.0,102,0.0,0.0,0.0
6300.0,103,0.0,0.0,0.0
6300.0,104,0.0,0.0,0.0
6300.0,105,0.0,0.0,0.0
6300.0,106,0.0,0.0,0.0
6300.0,107,0.0,0.0,0.0
6300.0,108,0.0,0.0,0.0
6300.0,109,0.0,0.0,0.0
6300.0,110,0.0,0.0,0.0
6300.0,111,0.0,0.0,0.0
6300.0,112,0.0,0.0,0.0
6300.0,113,0.0,0.0,0.0
6300.0,114,0.0,0.0,0.0
6300.0,115,0.0,0.0,0.0
6300.0,116,0.0,0.0,0.0
6300.0,117,0.0,0.0,0.0
6300.0,118,0.0,0.0,0.0
6300.0,119,0.0,0.0,0.0
6300.0,120,0.0,0.0,0.0
6300.0,121,0.0,0.0,0.0
6300.0,122,0.0,0.0,0.0
6300.0,123,0.0,0.0,0.0
6300.0,124,0.0,0.0,0.0
6300.0,125,0.0,0.0,0.0
6300.0,126,0.0,0.0,0.0
6300.0,127,0.0,0.0,0.0
6300.0,128,0.0,0.0,0.0
6300.0,129,0.0,0.0,0.0
6300.0,130,0.0,0.0,0.0
6300.0,131,0.0,0.0,0.0
6300.0,132,0.0,0.0,0.0
6300.0,133,0.0,20.0,0.0
6300.0,134,0.0,20.0,0.0
6300.0,135,7.43558678786885,20.0,0.3717793393934425
6300.0,136,0.0,20.0,0.0
6300.0,137,18.631249714747568,20.0,0.9315624857373784
6300.0,138,14.141174236610201,20.0,0.7070587118305101
6300.0,139,0.0,0.0,0.0
6300.0,140,0.0,0.0,0.0
6300.0,141,0.0,0.0,0.0
6300.0,142,0.0,0.0,0.0
6300.0,143,0.0,0.0,0.0
6300.0,144,0.0,0.0,0.0
6300.0,145,0.0,0.0,0.0
6300.0,146,0.0,0.0,0.0
6300.0,147,0.0,0.0,0.0
6300.0,148,0.0,0.0,0.0
6300.0,149,0.0,0.0,0.0
6300.0,150,0.0,0.0,0.0
6300.0,151,0.0,0.0,0.0
6300.0,152,0.0,0.0,0.0
6300.0,153,0.0,0.0,0.0
6300.0,154,0.0,0.0,0.0
6300.0,155,0.0,0.0,0.0
6300.0,156,0.0,0.0,0.0
6300.0,157,0.0,0.0,0.0
6300.0,158,0.0,0.0,0.0
6300.0,159,0.0,0.0,0.0
6300.0,160,0.0,0.0,0.0
6300.0,161,0.0,0.0,0.0
6300.0,162,0.0,0.0,0.0
6300.0,163,0.0,0.0,0.0
6300.0,164,0.0,0.0,0.0
6300.0,165,0.0,0.0,0.0
6300.0,166,0.0,0.0,0.0
6300.0,167,0.0,0.0,0.0
6300.0,168,0.0,0.0,0.0
6300.0,169,0.0,0.0,0.0
6300.0,170,0.0,0.0,0.0
6300.0,171,0.0,0.0,0.0
6300.0,172,0.0,0.0,0.0
6300.0,173,0.0,0.0,0.0
6300.0,174,0.0,0.0,0.0
6300.0,175,0.0,0.0,0.0
6300.0,176,0.0,20.0,0.0
6300.0,177,0.0,20.0,0.0
6300.0,178,11.111097436727832,20.0,0.5555548718363916
6300.0,179,0.0,20.0,0.0
6300.0,180,11.195662926878718,20.0,0.5597831463439359
6300.0,181,0.0,0.0,0.0
6300.0,182,0.0,0.0,0.0
6300.0,183,0.0,0.0,0.0
6300.0,184,0.0,0.0,0.0
6300.0,185,0.0,0.0,0.0
6300.0,186,0.0,0.0,0.0
6300.0,187,0.0,0.0,0.0
6300.0,188,0.0,0.0,0.0
6300.0,189,0.0,0.0,0.0
6300.0,190,0.0,0.0,0.0
6300.0,191,0.0,0.0,0.0
6300.0,192,0.0,0.0,0.0
6300.0,193,0.0,0.0,0.0
6300.0,194,0.0,0.0,0.0
6300.0,195,0.0,0.0,0.0
6300.0,196,0.0,0.0,0.0
6300.0,197,0.0,0.0,0.0
6300.0,198,0.0,0.0,0.0
6300.0,199,0.0,0.0,0.0
6300.0,200,0.0,0.0,0.0
6300.0,201,0.0,0.0,0.0
6300.0,202,0.0,0.0,0.0
6300.0,203,0.0,0.0,0.0
6300.0,204,0.0,0.0,0.0
6300.0,205,0.0,0.0,0.0
6300.0,206,0.0,0.0,0.0
6300.0,207,0.0,0.0,0.0
6300.0,208,0.0,0.0,0.0
6300.0,209,0.0,0.0,0.0
6300.0,210,0.0,0.0,0.0
6300.0,211,0.0,0.0,0.0
6300.0,212,0.0,0.0,0.0
6300.0,213,0.0,0.0,0.0
6300.0,214,0.0,0.0,0.0
6300.0,215,0.0,0.0,0.0
6300.0,216,0.0,0.0,0.0
6300.0,217,0.0,0.0,0.0
6300.0,218,0.0,0.0,0.0
6300.0,219,0.0,20.0,0.0
6300.0,220,7.43558678786885,20.0,0.3717793393934425
6300.0,221,0.0,20.0,0.0
6300.0,222,0.0,20.0,0.0
6300.0,223,0.0,4.4365611406589665,0.0
6300.0,224,0.0,0.0,0.0
6300.0,225,0.0,0.0,0.0
6300.0,226,0.0,0.0,0.0
6300.0,227,0.0,0.0,0.0
6300.0,228,0.0,0.0,0.0
6300.0,229,0.0,0.0,0.0
6300.0,230,0.0,0.0,0.0
6300.0,231,0.0,0.0,0.0
6300.0,232,0.0,0.0,0.0
6300.0,233,0.0,0.0,0.0
6300.0,234,0.0,0.0,0.0
6300.0,235,0.0,0.0,0.0
6300.0,236,0.0,0.0,0.0
6300.0,237,0.0,0.0,0.0
6300.0,238,0.0,0.0,0.0
6300.0,239,0.0,0.0,0.0
6300.0,240,0.0,0.0,0.0
6300.0,241,0.0,0.0,0.0
6300.0,242,0.0,0.0,0.0
6300.0,243,0.0,0.0,0.0
6300.0,244,0.0,0.0,0.0
6300.0,245,0.0,0.0,0.0
6300.0,246,0.0,0.0,0.0
6300.0,247,0.0,0.0,0.0
6300.0,248,0.0,0.0,0.0
6300.0,249,0.0,0.0,0.0
6300.0,250,0.0,0.0,0.0
6300.0,251,0.0,0.0,0.0
6300.0,252,0.0,0.0,0.0
6300.0,253,0.0,0.0,0.0
6300.0,254,0.0,0.0,0.0
6300.0,255,0.0,0.0,0.0
6300.0,256,0.0,0.0,0.0
6300.0,257,0.0,0.0,0.0
6300.0,258,0.0,0.0,0.0
6300.0,259,0.0,0.0,0.0
6300.0,260,0.0,0.0,0.0
6300.0,261,9.55608884570137,20.0,0.47780444228506846
6300.0,262,4.405680156496717,20.0,0.22028400782483587
6300.0,263,0.0,20.0,0.0
6300.0,264,7.351021297717963,20.0,0.36755106488589817
6300.0,265,0.0,20.0,0.0
6300.0,266,0.0,0.0,0.0
6300.0,267,0.0,0.0,0.0
6300.0,268,0.0,0.0,0.0
6300.0,269,0.0,0.0,0.0
6300.0,270,0.0,0.0,0.0
6300.0,271,0.0,0.0,0.0
6300.0,272,0.0,0.0,0.0
6300.0,273,0.0,0.0,0.0
6300.0,274,0.0,0.0,0.0
6300.0,275,0.0,0.0,0.0
6300.0,276,0.0,0.0,0.0
6300.0,277,0.0,0.0,0.0
6300.0,278,0.0,0.0,0.0
6300.0,279,0.0,0.0,0.0
6300.0,280,0.0,0.0,0.0
6300.0,281,0.0,0.0,0.0
6300.0,282,0.0,0.0,0.0
6300.0,283,0.0,0.0,0.0
6300.0,284,0.0,0.0,0.0
6300.0,285,0.0,0.0,0.0
6300.0,286,0.0,0.0,0.0
6300.0,287,0.0,0.0,0.0
6300.0,288,0.0,0.0,0.0
6300.0,289,0.0,0.0,0.0
6300.0,290,0.0,0.0,0.0
6300.0,291,0.0,0.0,0.0
6300.0,292,0.0,0.0,0.0
6300.0,293,0.0,0.0,0.0
6300.0,294,0.0,0.0,0.0
6300.0,295,0.0,0.0,0.0
6300.0,296,0.0,0.0,0.0
6300.0,297,0.0,0.0,0.0
6300.0,298,0.0,0.0,0.0
6300.0,299,0.0,0.0,0.0
6300.0,300,0.0,0.0,0.0
6300.0,301,0.0,0.0,0.0
6300.0,302,0.0,0.0,0.0
6300.0,303,8.01617710412102,20.0,0.40080885520605103
6300.0,304,5.116666178167815,20.0,0.25583330890839073
6300.0,305,4.466652069110192,20.0,0.2233326034555096
6300.0,306,0.0,20.0,0.0
6300.0,307,7.43558678786885,20.0,0.3717793393934425
6300.0,308,0.0,0.0,0.0
6300.0,309,0.0,0.0,0.0
6300.0,310,0.0,0.0,0.0
6300.0,311,0.0,0.0,0.0
6300.0,312,0.0,0.0,0.0
6300.0,313,0.0,0.0,0.0
6300.0,314,0.0,0.0,0.0
6300.0,315,0.0,0.0,0.0
6300.0,316,0.0,0.0,0.0
6300.0,317,0.0,0.0,0.0
6300.0,318,0.0,0.0,0.0
6300.0,319,0.0,0.0,0.0
6300.0,320,0.0,0.0,0.0
6300.0,321,0.0,0.0,0.0
6300.0,322,0.0,0.0,0.0
6300.0,323,0.0,0.0,0.0
6300.0,324,0.0,0.0,0.0
6300.0,325,0.0,0.0,0.0
6300.0,326,0.0,0.0,0.0
6300.0,327,0.0,0.0,0.0
6300.0,328,0.0,0.0,0.0
6300.0,329,0.0,0.0,0.0
6300.0,330,0.0,0.0,0.0
6300.0,331,0.0,0.0,0.0
6300.0,332,0.0,0.0,0.0
6300.0,333,0.0,0.0,0.0
6300.0,334,0.0,0.0,0.0
6300.0,335,0.0,0.0,0.0
6300.0,336,0.0,0.0,0.0
6300.0,337,0.0,0.0,0.0
6300.0,338,0.0,0.0,0.0
6300.0,339,0.0,0.0,0.0
6300.0,340,0.0,0.0,0.0
6300.0,341,0.0,0.0,0.0
6300.0,342,0.0,0.0,0.0
6300.0,343,0.0,0.0,0.0
6300.0,344,5.774637487624235,20.0,0.28873187438121173
6300.0,345,20.0,20.0,1.0
6300.0,346,20.0,20.0,1.0
6300.0,347,11.80998841805777,20.0,0.5904994209028885
6300.0,348,19.396912430321507,20.0,0.9698456215160753
6300.0,349,16.027196760260768,20.0,0.8013598380130385
6300.0,350,11.442385977934041,20.0,0.5721192988967021
6300.0,351,0.0,20.0,0.0
6300.0,352,0.0,0.0,0.0
6300.0,353,0.0,0.0,0.0
6300.0,354,0.0,0.0,0.0
6300.0,355,0.0,0.0,0.0
6300.0,356,0.0,0.0,0.0
6300.0,357,0.0,0.0,0.0
6300.0,358,0.0,0.0,0.0
6300.0,359,0.0,0.0,0.0
6300.0,360,0.0,0.0,0.0
6300.0,361,0.0,0.0,0.0
6300.0,362,0.0,0.0,0.0
6300.0,363,0.0,0.0,0.0
6300.0,364,0.0,0.0,0.0
6300.0,365,0.0,0.0,0.0
6300.0,366,0.0,0.0,0.0
6300.0,367,0.0,0.0,0.0
6300.0,368,0.0,0.0,0.0
6300.0,369,0.0,0.0,0.0
6300.0,370,0.0,0.0,0.0
6300.0,371,0.0,0.0,0.0
6300.0,372,0.0,0.0,0.0
6300.0,373,0.0,0.0,0.0
6300.0,374,0.0,0.0,0.0
6300.0,375,0.0,0.0,0.0
6300.0,376,0.0,0.0,0.0
6300.0,377,0.0,0.0,0.0
6300.0,378,0.0,0.0,0.0
6300.0,379,0.0,0.0,0.0
6300.0,380,0.0,0.0,0.0
6300.0,381,0.0,0.0,0.0
6300.0,382,0.0,0.0,0.0
6300.0,383,0.0,0.0,0.0
6300.0,384,0.0,0.0,0.0
6300.0,385,6.061852578445829,20.0,0.30309262892229144
6300.0,386,19.999999999999996,20.0,0.9999999999999998
6300.0,387,20.0,20.0,1.0
6300.0,388,20.0,20.0,1.0
6300.0,389,20.0,20.0,1.0
6300.0,390,20.0,20.0,1.0
6300.0,391,10.594227925590008,20.0,0.5297113962795004
6300.0,392,0.0,20.0,0.0
6300.0,393,0.0,20.0,0.0
6300.0,394,0.0,0.0,0.0
6300.0,395,0.0,0.0,0.0
6300.0,396,0.0,0.0,0.0
6300.0,397,0.0,0.0,0.0
6300.0,398,0.0,0.0,0.0
6300.0,399,0.0,0.0,0.0
6300.0,400,0.0,0.0,0.0
6300.0,401,0.0,0.0,0.0
6300.0,402,0.0,0.0,0.0
6300.0,403,0.0,0.0,0.0
6300.0,404,0.0,0.0,0.0
6300.0,405,0.0,0.0,0.0
6300.0,406,0.0,0.0,0.0
6300.0,407,0.0,0.0,0.0
6300.0,408,0.0,0.0,0.0
6300.0,409,0.0,0.0,0.0
6300.0,410,0.0,0.0,0.0
6300.0,411,0.0,0.0,0.0
6300.0,412,0.0,0.0,0.0
6300.0,413,0.0,0.0,0.0
6300.0,414,0.0,0.0,0.0
6300.0,415,0.0,0.0,0.0
6300.0,416,0.0,0.0,0.0
6300.0,417,0.0,0.0,0.0
6300.0,418,0.0,0.0,0.0
6300.0,419,0.0,0.0,0.0
6300.0,420,0.0,0.0,0.0
6300.0,421,0.0,0.0,0.0
6300.0,422,0.0,0.0,0.0
6300.0,423,0.0,0.0,0.0
6300.0,424,0.0,0.0,0.0
6300.0,425,0.0,0.0,0.0
6300.0,426,0.0,0.0,0.0
6300.0,427,12.184997544411667,20.0,0.6092498772205833
6300.0,428,20.0,20.0,1.0
6300.0,429,19.999999999999996,20.0,0.9999999999999998
6300.0,430,20.0,20.0,1.0
6300.0,431,20.0,20.0,1.0
6300.0,432,20.0,20.0,1.0
6300.0,433,20.0,20.0,1.0
6300.0,434,4.242539883049746,20.0,0.2121269941524873
6300.0,435,0.0,20.0,0.0
6300.0,436,0.0,0.0,0.0
6300.0,437,0.0,0.0,0.0
6300.0,438,0.0,0.0,0.0
6300.0,439,0.0,0.0,0.0
6300.0,440,0.0,0.0,0.0
6300.0,441,0.0,0.0,0.0
6300.0,442,0.0,0.0,0.0
6300.0,443,0.0,0.0,0.0
6300.0,444,0.0,0.0,0.0
6300.0,445,0.0,0.0,0.0
6300.0,446,0.0,0.0,0.0
6300.0,447,0.0,0.0,0.0
6300.0,448,0.0,0.0,0.0
6300.0,449,0.0,0.0,0.0
6300.0,450,0.0,0.0,0.0
6300.0,451,0.0,0.0,0.0
6300.0,452,0.0,0.0,0.0
6300.0,453,0.0,0.0,0.0
6300.0,454,0.0,0.0,0.0
6300.0,455,0.0,0.0,0.0
6300.0,456,0.0,0.0,0.0
6300.0,457,0.0,0.0,0.0
6300.0,458,0.0,0.0,0.0
6300.0,459,0.0,0.0,0.0
6300.0,460,0.0,0.0,0.0
6300.0,461,0.0,0.0,0.0
6300.0,462,0.0,0.0,0.0
6300.0,463,0.0,0.0,0.0
6300.0,464,0.0,0.0,0.0
6300.0,465,0.0,0.0,0.0
6300.0,466,0.0,0.0,0.0
6300.0,467,0.0,0.0,0.0
6300.0,468,0.0,0.0,0.0
6300.0,469,0.0,0.0,0.0
6300.0,470,19.052071725754846,20.0,0.9526035862877423
6300.0,471,20.0,20.0,1.0
6300.0,472,20.0,20.0,1.0
6300.0,473,20.0,20.0,1.0
6300.0,474,20.0,20.0,1.0
6300.0,475,20.0,20.0,1.0
6300.0,476,18.715768020619834,20.0,0.9357884010309917
6300.0,477,0.0,20.0,0.0
6300.0,478,0.0,0.0,0.0
6300.0,479,0.0,0.0,0.0
6300.0,480,0.0,0.0,0.0
6300.0,481,0.0,0.0,0.0
6300.0,482,0.0,0.0,0.0
6300.0,483,0.0,0.0,0.0
6300.0,484,0.0,0.0,0.0
6300.0,485,0.0,0.0,0.0
6300.0,486,0.0,0.0,0.0
6300.0,487,0.0,0.0,0.0
6300.0,488,0.0,0.0,0.0
6300.0,489,0.0,0.0,0.0
6300.0,490,0.0,0.0,0.0
6300.0,491,0.0,0.0,0.0
6300.0,492,0.0,0.0,0.0
6300.0,493,0.0,0.0,0.0
6300.0,494,0.0,0.0,0.0
6300.0,495,0.0,0.0,0.0
6300.0,496,0.0,0.0,0.0
6300.0,497,0.0,0.0,0.0
6300.0,498,0.0,0.0,0.0
6300.0,499,0.0,0.0,0.0
6300.0,500,0.0,0.0,0.0
6300.0,501,0.0,0.0,0.0
6300.0,502,0.0,0.0,0.0
6300.0,503,0.0,0.0,0.0
6300.0,504,0.0,0.0,0.0
6300.0,505,0.0,0.0,0.0
6300.0,506,0.0,0.0,0.0
6300.0,507,0.0,0.0,0.0
6300.0,508,0.0,0.0,0.0
6300.0,509,0.0,0.0,0.0
6300.0,510,0.0,0.0,0.0
6300.0,511,0.0,0.0,0.0
6300.0,512,0.0,0.0,0.0
6300.0,513,20.0,20.0,1.0
6300.0,514,20.0,20.0,1.0
6300.0,515,19.999999999999996,20.0,0.9999999999999998
6300.0,516,20.0,20.0,1.0
6300.0,517,20.0,20.0,1.0
6300.0,518,20.0,20.0,1.0
6300.0,519,8.668266537104108,20.0,0.4334133268552054
6300.0,520,0.0,0.0,0.0
6300.0,521,0.0,0.0,0.0
6300.0,522,0.0,0.0,0.0
6300.0,523,0.0,0.0,0.0
6300.0,524,0.0,0.0,0.0
6300.0,525,0.0,0.0,0.0
6300.0,526,0.0,0.0,0.0
6300.0,527,0.0,0.0,0.0
6300.0,528,0.0,0.0,0.0
6300.0,529,0.0,0.0,0.0
6300.0,530,0.0,0.0,0.0
6300.0,531,0.0,0.0,0.0
6300.0,532,0.0,0.0,0.0
6300.0,533,0.0,0.0,0.0
6300.0,534,0.0,0.0,0.0
6300.0,535,0.0,0.0,0.0
6300.0,536,0.0,0.0,0.0
6300.0,537,0.0,0.0,0.0
6300.0,538,0.0,0.0,0.0
6300.0,539,0.0,0.0,0.0
6300.0,540,0.0,0.0,0.0
6300.0,541,0.0,0.0,0.0
6300.0,542,0.0,0.0,0.0
6300.0,543,0.0,0.0,0.0
6300.0,544,0.0,0.0,0.0
6300.0,545,0.0,0.0,0.0
6300.0,546,0.0,0.0,0.0
6300.0,547,0.0,0.0,0.0
6300.0,548,0.0,0.0,0.0
6300.0,549,0.0,0.0,0.0
6300.0,550,0.0,0.0,0.0
6300.0,551,0.0,0.0,0.0
6300.0,552,0.0,0.0,0.0
6300.0,553,0.0,0.0,0.0
6300.0,554,0.0,0.0,0.0
6300.0,555,0.0,0.0,0.0
6300.0,556,12.184997544411667,20.0,0.6092498772205833
6300.0,557,20.0,20.0,1.0
6300.0,558,20.0,20.0,1.0
6300.0,559,20.0,20.0,1.0
6300.0,560,19.999999999999996,20.0,0.9999999999999998
6300.0,561,10.298287230109146,20.0,0.5149143615054573
6300.0,562,0.0,0.0,0.0
6300.0,563,0.0,0.0,0.0
6300.0,564,0.0,0.0,0.0
6300.0,565,0.0,0.0,0.0
6300.0,566,0.0,0.0,0.0
6300.0,567,0.0,0.0,0.0
6300.0,568,0.0,0.0,0.0
6300.0,569,0.0,0.0,0.0
6300.0,570,0.0,0.0,0.0
6300.0,571,0.0,0.0,0.0
6300.0,572,0.0,0.0,0.0
6300.0,573,0.0,0.0,0.0
6300.0,574,0.0,0.0,0.0
6300.0,575,0.0,0.0,0.0
6300.0,576,0.0,0.0,0.0
6300.0,577,0.0,0.0,0.0
6300.0,578,0.0,0.0,0.0
6300.0,579,0.0,0.0,0.0
6300.0,580,0.0,0.0,0.0
6300.0,581,0.0,0.0,0.0
6300.0,582,0.0,0.0,0.0
6300.0,583,0.0,0.0,0.0
6300.0,584,0.0,0.0,0.0
6300.0,585,0.0,0.0,0.0
6300.0,586,0.0,0.0,0.0
6300.0,587,0.0,0.0,0.0
6300.0,588,0.0,0.0,0.0
6300.0,589,0.0,0.0,0.0
6300.0,590,0.0,0.0,0.0
6300.0,591,0.0,0.0,0.0
6300.0,592,0.0,0.0,0.0
6300.0,593,0.0,0.0,0.0
6300.0,594,0.0,0.0,0.0
6300.0,595,0.0,0.0,0.0
6300.0,596,0.0,0.0,0.0
6300.0,597,0.0,0.0,0.0
6300.0,598,0.0,0.0,0.0
6300.0,599,18.2774963166175,20.0,0.913874815830875
6300.0,600,20.0,20.0,1.0
6300.0,601,20.0,20.0,1.0
6300.0,602,20.0,20.0,1.0
6300.0,603,0.0,0.0,0.0
6300.0,604,0.0,0.0,0.0
6300.0,605,0.0,0.0,0.0
6300.0,606,0.0,0.0,0.0
6300.0,607,0.0,0.0,0.0
6300.0,608,0.0,0.0,0.0
6300.0,609,0.0,0.0,0.0
6300.0,610,0.0,0.0,0.0
6300.0,611,0.0,0.0,0.0
6300.0,612,0.0,0.0,0.0
6300.0,613,0.0,0.0,0.0
6300.0,614,0.0,0.0,0.0
6300.0,615,0.0,0.0,0.0
6300.0,616,0.0,0.0,0.0
6300.0,617,0.0,0.0,0.0
6300.0,618,0.0,0.0,0.0
6300.0,619,0.0,0.0,0.0
6300.0,620,0.0,0.0,0.0
6300.0,621,0.0,0.0,0.0
6300.0,622,0.0,0.0,0.0
6300.0,623,0.0,0.0,0.0
6300.0,624,0.0,0.0,0.0
6300.0,625,0.0,0.0,0.0
6300.0,626,0.0,0.0,0.0
6300.0,627,0.0,0.0,0.0
6300.0,628,0.0,0.0,0.0
6300.0,629,0.0,0.0,0.0
6300.0,630,0.0,0.0,0.0
6300.0,631,0.0,0.0,0.0
6300.0,632,0.0,0.0,0.0
6300.0,633,0.0,0.0,0.0
6300.0,634,0.0,0.0,0.0
6300.0,635,0.0,0.0,0.0
6300.0,636,0.0,0.0,0.0
6300.0,637,0.0,0.0,0.0
6300.0,638,0.0,0.0,0.0
6300.0,639,0.0,0.0,0.0
6300.0,640,0.0,0.0,0.0
6300.0,641,0.0,0.0,0.0
6300.0,642,12.184997544411667,20.0,0.6092498772205833
6300.0,643,20.0,20.0,1.0
6300.0,644,3.6432620493477597,20.0,0.18216310246738798
6300.0,645,0.0,0.0,0.0
6300.0,646,0.0,0.0,0.0
6300.0,647,0.0,0.0,0.0
6300.0,648,0.0,0.0,0.0
6300.0,649,0.0,0.0,0.0
6300.0,650,0.0,0.0,0.0
6300.0,651,0.0,0.0,0.0
6300.0,652,0.0,0.0,0.0
6300.0,653,0.0,0.0,0.0
6300.0,654,0.0,0.0,0.0
6300.0,655,0.0,0.0,0.0
6300.0,656,0.0,0.0,0.0
6300.0,657,0.0,0.0,0.0
6300.0,658,0.0,0.0,0.0
6300.0,659,0.0,0.0,0.0
6300.0,660,0.0,0.0,0.0
6300.0,661,0.0,0.0,0.0
6300.0,662,0.0,0.0,0.0
6300.0,663,0.0,0.0,0.0
6300.0,664,0.0,0.0,0.0
6300.0,665,0.0,0.0,0.0
6300.0,666,0.0,0.0,0.0
6300.0,667,0.0,0.0,0.0
6300.0,668,0.0,0.0,0.0
6300.0,669,0.0,0.0,0.0
6300.0,670,0.0,0.0,0.0
6300.0,671,0.0,0.0,0.0
6300.0,672,0.0,0.0,0.0
6300.0,673,0.0,0.0,0.0
6300.0,674,0.0,0.0,0.0
6300.0,675,0.0,0.0,0.0
6300.0,676,0.0,0.0,0.0
6300.0,677,0.0,0.0,0.0
6300.0,678,0.0,0.0,0.0
6300.0,679,0.0,0.0,0.0
6300.0,680,0.0,0.0,0.0
6300.0,681,0.0,0.0,0.0
6300.0,682,0.0,0.0,0.0
6300.0,683,0.0,0.0,0.0
6300.0,684,0.0,0.0,0.0
6300.0,685,6.0924987722058335,20.0,0.30462493861029166
6300.0,686,0.0,0.0,0.0
6300.0,687,0.0,0.0,0.0
6300.0,688,0.0,0.0,0.0
6300.0,689,0.0,0.0,0.0
6300.0,690,0.0,0.0,0.0
6300.0,691,0.0,0.0,0.0
6300.0,692,0.0,0.0,0.0
6300.0,693,0.0,0.0,0.0
6300.0,694,0.0,0.0,0.0
6300.0,695,0.0,0.0,0.0
6300.0,696,0.0,0.0,0.0
6300.0,697,0.0,0.0,0.0
6300.0,698,0.0,0.0,0.0
6300.0,699,0.0,0.0,0.0
6300.0,700,0.0,0.0,0.0
6300.0,701,0.0,0.0,0.0
6300.0,702,0.0,0.0,0.0
6300.0,703,0.0,0.0,0.0
6300.0,704,0.0,0.0,0.0
6300.0,705,0.0,0.0,0.0
6300.0,706,0.0,0.0,0.0
6300.0,707,0.0,0.0,0.0
6300.0,708,0.0,0.0,0.0
6300.0,709,0.0,0.0,0.0
6300.0,710,0.0,0.0,0.0
6300.0,711,0.0,0.0,0.0
6300.0,712,0.0,0.0,0.0
6300.0,713,0.0,0.0,0.0
6300.0,714,0.0,0.0,0.0
6300.0,715,0.0,0.0,0.0
6300.0,716,0.0,0.0,0.0
6300.0,717,0.0,0.0,0.0
6300.0,718,0.0,0.0,0.0
6300.0,719,0.0,0.0,0.0
6300.0,720,0.0,0.0,0.0
6300.0,721,0.0,0.0,0.0
6300.0,722,0.0,0.0,0.0
6300.0,723,0.0,0.0,0.0
6300.0,724,0.0,0.0,0.0
6300.0,725,0.0,0.0,0.0
6300.0,726,0.0,0.0,0.0
6300.0,727,0.0,0.0,0.0
6300.0,728,0.0,0.0,0.0
6300.0,729,0.0,0.0,0.0
6300.0,730,0.0,0.0,0.0
6300.0,731,0.0,0.0,0.0
6300.0,732,0.0,0.0,0.0
6300.0,733,0.0,0.0,0.0
6300.0,734,0.0,0.0,0.0
6300.0,735,0.0,0.0,0.0
6300.0,736,0.0,0.0,0.0
6300.0,737,0.0,0.0,0.0
6300.0,738,0.0,0.0,0.0
6300.0,739,0.0,0.0,0.0
6300.0,740,0.0,0.0,0.0
6300.0,741,0.0,0.0,0.0
6300.0,742,0.0,0.0,0.0
6300.0,743,0.0,0.0,0.0
6300.0,744,0.0,0.0,0.0
6300.0,745,0.0,0.0,0.0
6300.0,746,0.0,0.0,0.0
6300.0,747,0.0,0.0,0.0
6300.0,748,0.0,0.0,0.0
6300.0,749,0.0,0.0,0.0
6300.0,750,0.0,0.0,0.0
6300.0,751,0.0,0.0,0.0
6300.0,752,0.0,0.0,0.0
6300.0,753,0.0,0.0,0.0
6300.0,754,0.0,0.0,0.0
6300.0,755,0.0,0.0,0.0
6300.0,756,0.0,0.0,0.0
6300.0,757,0.0,0.0,0.0
6300.0,758,0.0,0.0,0.0
6300.0,759,0.0,0.0,0.0
6300.0,760,0.0,0.0,0.0
6300.0,761,0.0,0.0,0.0
6300.0,762,0.0,0.0,0.0
6300.0,763,0.0,0.0,0.0
6300.0,764,0.0,0.0,0.0
6300.0,765,0.0,0.0,0.0
6300.0,766,0.0,0.0,0.0
6300.0,767,0.0,0.0,0.0
6300.0,768,0.0,0.0,0.0
6300.0,769,0.0,0.0,0.0
6300.0,770,0.0,0.0,0.0
6300.0,771,0.0,0.0,0.0
6300.0,772,0.0,0.0,0.0
6300.0,773,0.0,0.0,0.0
6300.0,774,0.0,0.0,0.0
6300.0,775,0.0,0.0,0.0
6300.0,776,0.0,0.0,0.0
6300.0,777,0.0,0.0,0.0
6300.0,778,0.0,0.0,0.0
6300.0,779,0.0,0.0,0.0
6300.0,780,0.0,0.0,0.0
6300.0,781,0.0,0.0,0.0
6300.0,782,0.0,0.0,0.0
6300.0,783,0.0,0.0,0.0
6300.0,784,0.0,0.0,0.0
6300.0,785,0.0,0.0,0.0
6300.0,786,0.0,0.0,0.0
6300.0,787,0.0,0.0,0.0
6300.0,788,0.0,0.0,0.0
6300.0,789,0.0,0.0,0.0
6300.0,790,0.0,0.0,0.0
6300.0,791,0.0,0.0,0.0
6300.0,792,0.0,0.0,0.0
6300.0,793,0.0,0.0,0.0
6300.0,794,0.0,0.0,0.0
6300.0,795,0.0,0.0,0.0
6300.0,796,0.0,0.0,0.0
6300.0,797,0.0,0.0,0.0
6300.0,798,0.0,0.0,0.0
6300.0,799,0.0,0.0,0.0
6300.0,800,0.0,0.0,0.0
6300.0,801,0.0,0.0,0.0
6300.0,802,0.0,0.0,0.0
6300.0,803,0.0,0.0,0.0
6300.0,804,0.0,0.0,0.0
6300.0,805,0.0,0.0,0.0
6300.0,806,0.0,0.0,0.0
6300.0,807,0.0,0.0,0.0
6300.0,808,0.0,0.0,0.0
6300.0,809,0.0,0.0,0.0
6300.0,810,0.0,0.0,0.0
6300.0,811,0.0,0.0,0.0
6300.0,812,0.0,0.0,0.0
6300.0,813,0.0,0.0,0.0
6300.0,814,0.0,0.0,0.0
6300.0,815,0.0,0.0,0.0
6300.0,816,0.0,0.0,0.0
6300.0,817,0.0,0.0,0.0
6300.0,818,0.0,0.0,0.0
6300.0,819,0.0,0.0,0.0
6300.0,820,0.0,0.0,0.0
6300.0,821,0.0,0.0,0.0
6300.0,822,0.0,0.0,0.0
6300.0,823,0.0,0.0,0.0
6300.0,824,0.0,0.0,0.0
6300.0,825,0.0,0.0,0.0
6300.0,826,0.0,0.0,0.0
6300.0,827,0.0,0.0,0.0
6300.0,828,0.0,0.0,0.0
6300.0,829,0.0,0.0,0.0
6300.0,830,0.0,0.0,0.0
6300.0,831,0.0,0.0,0.0
6300.0,832,0.0,0.0,0.0
6300.0,833,0.0,0.0,0.0
6300.0,834,0.0,0.0,0.0
6300.0,835,0.0,0.0,0.0
6300.0,836,0.0,0.0,0.0
6300.0,837,0.0,0.0,0.0
6300.0,838,0.0,0.0,0.0
6300.0,839,0.0,0.0,0.0
6300.0,840,0.0,0.0,0.0
6300.0,841,0.0,0.0,0.0
6300.0,842,0.0,0.0,0.0
6300.0,843,0.0,0.0,0.0
6300.0,844,0.0,0.0,0.0
6300.0,845,0.0,0.0,0.0
6300.0,846,0.0,0.0,0.0
6300.0,847,0.0,0.0,0.0
6300.0,848,0.0,0.0,0.0
6300.0,849,0.0,0.0,0.0
6300.0,850,0.0,0.0,0.0
6300.0,851,0.0,0.0,0.0
6300.0,852,0.0,0.0,0.0
6300.0,853,0.0,0.0,0.0
6300.0,854,0.0,0.0,0.0
6300.0,855,0.0,0.0,0.0
6300.0,856,0.0,0.0,0.0
6300.0,857,0.0,0.0,0.0
6300.0,858,0.0,0.0,0.0
6300.0,859,0.0,0.0,0.0
6300.0,860,0.0,0.0,0.0
6300.0,861,0.0,0.0,0.0
6300.0,862,0.0,0.0,0.0
6300.0,863,0.0,0.0,0.0
6300.0,864,0.0,0.0,0.0
6300.0,865,0.0,0.0,0.0
6300.0,866,0.0,0.0,0.0
6300.0,867,0.0,0.0,0.0
6300.0,868,0.0,0.0,0.0
6300.0,869,0.0,0.0,0.0
6300.0,870,0.0,0.0,0.0
6300.0,871,0.0,0.0,0.0
6300.0,872,0.0,0.0,0.0
6300.0,873,0.0,0.0,0.0
6300.0,874,0.0,0.0,0.0
6300.0,875,0.0,0.0,0.0
6300.0,876,0.0,0.0,0.0
6300.0,877,0.0,0.0,0.0
6300.0,878,0.0,0.0,0.0
6300.0,879,0.0,0.0,0.0
6300.0,880,0.0,0.0,0.0
6300.0,881,0.0,0.0,0.0
6300.0,882,0.0,0.0,0.0
6300.0,883,0.0,0.0,0.0
6300.0,884,0.0,0.0,0.0
6300.0,885,0.0,0.0,0.0
6300.0,886,0.0,0.0,0.0
6300.0,887,0.0,0.0,0.0
6300.0,888,0.0,0.0,0.0
6300.0,889,0.0,0.0,0.0
6300.0,890,0.0,0.0,0.0
6300.0,891,0.0,0.0,0.0
6300.0,892,0.0,0.0,0.0
6300.0,893,0.0,0.0,0.0
6300.0,894,0.0,0.0,0.0
6300.0,895,0.0,0.0,0.0
6300.0,896,0.0,0.0,0.0
6300.0,897,0.0,0.0,0.0
6300.0,898,0.0,0.0,0.0
6300.0,899,0.0,0.0,0.0
6300.0,900,0.0,0.0,0.0
6300.0,901,0.0,0.0,0.0
6300.0,902,0.0,0.0,0.0
6300.0,903,0.0,0.0,0.0
6300.0,904,0.0,0.0,0.0
6300.0,905,0.0,0.0,0.0
6300.0,906,0.0,0.0,0.0
6300.0,907,0.0,0.0,0.0
6300.0,908,0.0,0.0,0.0
6300.0,909,0.0,0.0,0.0
6300.0,910,0.0,0.0,0.0
6300.0,911,0.0,0.0,0.0
6300.0,912,0.0,0.0,0.0
6300.0,913,0.0,0.0,0.0
6300.0,914,0.0,0.0,0.0
6300.0,915,0.0,0.0,0.0
6300.0,916,0.0,0.0,0.0
6300.0,917,0.0,0.0,0.0
6300.0,918,0.0,0.0,0.0
6300.0,919,0.0,0.0,0.0
6300.0,920,0.0,0.0,0.0
6300.0,921,0.0,0.0,0.0
6300.0,922,0.0,0.0,0.0
6300.0,923,0.0,0.0,0.0
6300.0,924,0.0,0.0,0.0
6300.0,925,0.0,0.0,0.0
6300.0,926,0.0,0.0,0.0
6300.0,927,0.0,0.0,0.0
6300.0,928,0.0,0.0,0.0
6300.0,929,0.0,0.0,0.0
6300.0,930,0.0,0.0,0.0
6300.0,931,0.0,0.0,0.0
6300.0,932,0.0,0.0,0.0
6300.0,933,0.0,0.0,0.0
6300.0,934,0.0,0.0,0.0
6300.0,935,0.0,0.0,0.0
6300.0,936,0.0,0.0,0.0
6300.0,937,0.0,0.0,0.0
6300.0,938,0.0,0.0,0.0
6300.0,939,0.0,0.0,0.0
6300.0,940,0.0,0.0,0.0
6300.0,941,0.0,0.0,0.0
6300.0,942,0.0,0.0,0.0
6300.0,943,0.0,0.0,0.0
6300.0,944,0.0,0.0,0.0
6300.0,945,0.0,0.0,0.0
6300.0,946,0.0,0.0,0.0
6300.0,947,0.0,0.0,0.0
6300.0,948,0.0,0.0,0.0
6300.0,949,0.0,0.0,0.0
6300.0,950,0.0,0.0,0.0
6300.0,951,0.0,0.0,0.0
6300.0,952,0.0,0.0,0.0
6300.0,953,0.0,0.0,0.0
6300.0,954,0.0,0.0,0.0
6300.0,955,0.0,0.0,0.0
6300.0,956,0.0,0.0,0.0
6300.0,957,0.0,0.0,0.0
6300.0,958,0.0,0.0,0.0
6300.0,959,0.0,0.0,0.0
6300.0,960,0.0,0.0,0.0
6300.0,961,0.0,0.0,0.0
6300.0,962,0.0,0.0,0.0
6300.0,963,0.0,0.0,0.0
6300.0,964,0.0,0.0,0.0
6300.0,965,0.0,0.0,0.0
6300.0,966,0.0,0.0,0.0
6300.0,967,0.0,0.0,0.0
6300.0,968,0.0,0.0,0.0
6300.0,969,0.0,0.0,0.0
6300.0,970,0.0,0.0,0.0
6300.0,971,0.0,0.0,0.0
6300.0,972,0.0,0.0,0.0
6300.0,973,0.0,0.0,0.0
6300.0,974,0.0,0.0,0.0
6300.0,975,0.0,0.0,0.0
6300.0,976,0.0,0.0,0.0
6300.0,977,0.0,0.0,0.0
6300.0,978,0.0,0.0,0.0
6300.0,979,0.0,0.0,0.0
6300.0,980,0.0,0.0,0.0
6300.0,981,0.0,0.0,0.0
6300.0,982,0.0,0.0,0.0
6300.0,983,0.0,0.0,0.0
6300.0,984,0.0,0.0,0.0
6300.0,985,0.0,0.0,0.0
6300.0,986,0.0,0.0,0.0
6300.0,987,0.0,0.0,0.0
6300.0,988,0.0,0.0,0.0
6300.0,989,0.0,0.0,0.0
6300.0,990,0.0,0.0,0.0
6300.0,991,0.0,0.0,0.0
6300.0,992,0.0,0.0,0.0
6300.0,993,0.0,0.0,0.0
6300.0,994,0.0,0.0,0.0
6300.0,995,0.0,0.0,0.0
6300.0,996,0.0,0.0,0.0
6300.0,997,0.0,0.0,0.0
6300.0,998,0.0,0.0,0.0
6300.0,999,0.0,0.0,0.0
6300.0,1000,0.0,0.0,0.0
6300.0,1001,0.0,0.0,0.0
6300.0,1002,0.0,0.0,0.0
6300.0,1003,0.0,0.0,0.0
6300.0,1004,0.0,0.0,0.0
6300.0,1005,0.0,0.0,0.0
6300.0,1006,0.0,0.0,0.0
6300.0,1007,0.0,0.0,0.0
6300.0,1008,0.0,0.0,0.0
6300.0,1009,0.0,0.0,0.0
6300.0,1010,0.0,0.0,0.0
6300.0,1011,0.0,0.0,0.0
6300.0,1012,0.0,0.0,0.0
6300.0,1013,0.0,0.0,0.0
6300.0,1014,0.0,0.0,0.0
6300.0,1015,0.0,0.0,0.0
6300.0,1016,0.0,0.0,0.0
6300.0,1017,0.0,0.0,0.0
6300.0,1018,0.0,0.0,0.0
6300.0,1019,0.0,0.0,0.0
6300.0,1020,0.0,0.0,0.0
6300.0,1021,0.0,0.0,0.0
6300.0,1022,0.0,0.0,0.0
6300.0,1023,0.0,0.0,0.0
6300.0,1024,0.0,0.0,0.0
6300.0,1025,0.0,0.0,0.0
6300.0,1026,0.0,0.0,0.0
6300.0,1027,0.0,0.0,0.0
6300.0,1028,0.0,0.0,0.0
6300.0,1029,0.0,0.0,0.0
6300.0,1030,0.0,0.0,0.0
6300.0,1031,0.0,0.0,0.0
6300.0,1032,0.0,0.0,0.0
6300.0,1033,0.0,0.0,0.0
6300.0,1034,0.0,0.0,0.0
6300.0,1035,0.0,0.0,0.0
6300.0,1036,0.0,0.0,0.0
6300.0,1037,0.0,0.0,0.0
6300.0,1038,0.0,0.0,0.0
6300.0,1039,0.0,0.0,0.0
6300.0,1040,0.0,0.0,0.0
6300.0,1041,0.0,0.0,0.0
6300.0,1042,0.0,0.0,0.0
6300.0,1043,0.0,0.0,0.0
6300.0,1044,0.0,0.0,0.0
6300.0,1045,0.0,0.0,0.0
6300.0,1046,0.0,0.0,0.0
6300.0,1047,0.0,0.0,0.0
6300.0,1048,0.0,0.0,0.0
6300.0,1049,0.0,0.0,0.0
6300.0,1050,0.0,0.0,0.0
6300.0,1051,0.0,0.0,0.0
6300.0,1052,0.0,0.0,0.0
6300.0,1053,0.0,0.0,0.0
6300.0,1054,0.0,0.0,0.0
6300.0,1055,0.0,0.0,0.0
6300.0,1056,0.0,0.0,0.0
6300.0,1057,0.0,0.0,0.0
6300.0,1058,0.0,0.0,0.0
6300.0,1059,0.0,0.0,0.0
6300.0,1060,0.0,0.0,0.0
6300.0,1061,0.0,0.0,0.0
6300.0,1062,0.0,0.0,0.0
6300.0,1063,0.0,0.0,0.0
6300.0,1064,0.0,0.0,0.0
6300.0,1065,0.0,0.0,0.0
6300.0,1066,0.0,0.0,0.0
6300.0,1067,0.0,0.0,0.0
6300.0,1068,0.0,0.0,0.0
6300.0,1069,0.0,0.0,0.0
6300.0,1070,0.0,0.0,0.0
6300.0,1071,0.0,0.0,0.0
6300.0,1072,0.0,0.0,0.0
6300.0,1073,0.0,0.0,0.0
6300.0,1074,0.0,0.0,0.0
6300.0,1075,0.0,0.0,0.0
6300.0,1076,0.0,0.0,0.0
6300.0,1077,0.0,0.0,0.0
6300.0,1078,0.0,0.0,0.0
6300.0,1079,0.0,0.0,0.0
6300.0,1080,0.0,0.0,0.0
6300.0,1081,0.0,0.0,0.0
6300.0,1082,0.0,0.0,0.0
6300.0,1083,0.0,0.0,0.0
6300.0,1084,0.0,0.0,0.0
6300.0,1085,0.0,0.0,0.0
6300.0,1086,0.0,0.0,0.0
6300.0,1087,0.0,0.0,0.0
6300.0,1088,0.0,0.0,0.0
6300.0,1089,0.0,0.0,0.0
6300.0,1090,0.0,0.0,0.0
6300.0,1091,0.0,0.0,0.0
6300.0,1092,0.0,0.0,0.0
6300.0,1093,0.0,0.0,0.0
6300.0,1094,0.0,0.0,0.0
6300.0,1095,0.0,0.0,0.0
6300.0,1096,0.0,0.0,0.0
6300.0,1097,0.0,0.0,0.0
6300.0,1098,0.0,0.0,0.0
6300.0,1099,0.0,0.0,0.0
6300.0,1100,0.0,0.0,0.0
6300.0,1101,0.0,0.0,0.0
6300.0,1102,0.0,0.0,0.0
6300.0,1103,0.0,0.0,0.0
6300.0,1104,0.0,0.0,0.0
6300.0,1105,0.0,0.0,0.0
6300.0,1106,0.0,0.0,0.0
6300.0,1107,0.0,0.0,0.0
6300.0,1108,0.0,0.0,0.0
6300.0,1109,0.0,0.0,0.0
6300.0,1110,0.0,0.0,0.0
6300.0,1111,0.0,0.0,0.0
6300.0,1112,0.0,0.0,0.0
6300.0,1113,0.0,0.0,0.0
6300.0,1114,0.0,0.0,0.0
6300.0,1115,0.0,0.0,0.0
6300.0,1116,0.0,0.0,0.0
6300.0,1117,0.0,0.0,0.0
6300.0,1118,0.0,0.0,0.0
6300.0,1119,0.0,0.0,0.0
6300.0,1120,0.0,0.0,0.0
6300.0,1121,0.0,0.0,0.0
6300.0,1122,0.0,0.0,0.0
6300.0,1123,0.0,0.0,0.0
6300.0,1124,0.0,0.0,0.0
6300.0,1125,0.0,0.0,0.0
6300.0,1126,0.0,0.0,0.0
6300.0,1127,0.0,0.0,0.0
6300.0,1128,0.0,0.0,0.0
6300.0,1129,0.0,0.0,0.0
6300.0,1130,0.0,0.0,0.0
6300.0,1131,0.0,0.0,0.0
6300.0,1132,0.0,0.0,0.0
6300.0,1133,0.0,0.0,0.0
6300.0,1134,0.0,0.0,0.0
6300.0,1135,0.0,0.0,0.0
6300.0,1136,0.0,0.0,0.0
6300.0,1137,0.0,0.0,0.0
6300.0,1138,0.0,0.0,0.0
6300.0,1139,0.0,0.0,0.0
6300.0,1140,0.0,0.0,0.0
6300.0,1141,0.0,0.0,0.0
6300.0,1142,0.0,0.0,0.0
6300.0,1143,0.0,0.0,0.0
6300.0,1144,0.0,0.0,0.0
6300.0,1145,0.0,0.0,0.0
6300.0,1146,0.0,0.0,0.0
6300.0,1147,0.0,0.0,0.0
6300.0,1148,0.0,0.0,0.0
6300.0,1149,0.0,0.0,0.0
6300.0,1150,0.0,0.0,0.0
6300.0,1151,0.0,0.0,0.0
6300.0,1152,0.0,0.0,0.0
6300.0,1153,0.0,0.0,0.0
6300.0,1154,0.0,0.0,0.0
6300.0,1155,0.0,0.0,0.0
6300.0,1156,0.0,0.0,0.0
6300.0,1157,0.0,0.0,0.0
6300.0,1158,0.0,0.0,0.0
6300.0,1159,0.0,0.0,0.0
6300.0,1160,0.0,0.0,0.0
6300.0,1161,0.0,0.0,0.0
6300.0,1162,0.0,0.0,0.0
6300.0,1163,0.0,0.0,0.0
6300.0,1164,0.0,0.0,0.0
6300.0,1165,0.0,0.0,0.0
6300.0,1166,0.0,0.0,0.0
6300.0,1167,0.0,0.0,0.0
6300.0,1168,0.0,0.0,0.0
6300.0,1169,0.0,0.0,0.0
6300.0,1170,0.0,0.0,0.0
6300.0,1171,0.0,0.0,0.0
6300.0,1172,0.0,0.0,0.0
6300.0,1173,0.0,0.0,0.0
6300.0,1174,0.0,0.0,0.0
6300.0,1175,0.0,0.0,0.0
6300.0,1176,0.0,0.0,0.0
6300.0,1177,0.0,0.0,0.0
6300.0,1178,0.0,0.0,0.0
6300.0,1179,0.0,16.96986650245443,0.0
6300.0,1180,0.0,20.0,0.0
6300.0,1181,0.0,0.0,0.0
6300.0,1182,0.0,0.0,0.0
6300.0,1183,0.0,0.0,0.0
6300.0,1184,0.0,0.0,0.0
6300.0,1185,0.0,0.0,0.0
6300.0,1186,0.0,0.0,0.0
6300.0,1187,0.0,0.0,0.0
6300.0,1188,0.0,0.0,0.0
6300.0,1189,0.0,0.0,0.0
6300.0,1190,0.0,0.0,0.0
6300.0,1191,0.0,0.0,0.0
6300.0,1192,0.0,0.0,0.0
6300.0,1193,0.0,0.0,0.0
6300.0,1194,0.0,0.0,0.0
6300.0,1195,0.0,0.0,0.0
6300.0,1196,0.0,0.0,0.0
6300.0,1197,0.0,0.0,0.0
6300.0,1198,0.0,0.0,0.0
6300.0,1199,0.0,0.0,0.0
6300.0,1200,0.0,0.0,0.0
6300.0,1201,0.0,0.0,0.0
6300.0,1202,0.0,0.0,0.0
6300.0,1203,0.0,0.0,0.0
6300.0,1204,0.0,0.0,0.0
6300.0,1205,0.0,0.0,0.0
6300.0,1206,0.0,0.0,0.0
6300.0,1207,0.0,0.0,0.0
6300.0,1208,0.0,0.0,0.0
6300.0,1209,0.0,0.0,0.0
6300.0,1210,0.0,0.0,0.0
6300.0,1211,0.0,0.0,0.0
6300.0,1212,0.0,0.0,0.0
6300.0,1213,0.0,0.0,0.0
6300.0,1214,0.0,0.0,0.0
6300.0,1215,0.0,0.0,0.0
6300.0,1216,0.0,0.0,0.0
6300.0,1217,0.0,0.0,0.0
6300.0,1218,0.0,0.0,0.0
6300.0,1219,0.0,0.0,0.0
6300.0,1220,0.0,15.218206687611648,0.0
6300.0,1221,13.539225709256156,20.0,0.6769612854628078
6300.0,1222,20.0,20.0,1.0
6300.0,1223,6.0924987722058335,20.0,0.30462493861029166
6300.0,1224,0.0,0.0,0.0
6300.0,1225,0.0,0.0,0.0
6300.0,1226,0.0,0.0,0.0
6300.0,1227,0.0,0.0,0.0
6300.0,1228,0.0,0.0,0.0
6300.0,1229,0.0,0.0,0.0
6300.0,1230,0.0,0.0,0.0
6300.0,1231,0.0,0.0,0.0
6300.0,1232,0.0,0.0,0.0
6300.0,1233,0.0,0.0,0.0
6300.0,1234,0.0,0.0,0.0
6300.0,1235,0.0,0.0,0.0
6300.0,1236,0.0,0.0,0.0
6300.0,1237,0.0,0.0,0.0
6300.0,1238,0.0,0.0,0.0
6300.0,1239,0.0,0.0,0.0
6300.0,1240,0.0,0.0,0.0
6300.0,1241,0.0,0.0,0.0
6300.0,1242,0.0,0.0,0.0
6300.0,1243,0.0,0.0,0.0
6300.0,1244,0.0,0.0,0.0
6300.0,1245,0.0,0.0,0.0
6300.0,1246,0.0,0.0,0.0
6300.0,1247,0.0,0.0,0.0
6300.0,1248,0.0,0.0,0.0
6300.0,1249,0.0,0.0,0.0
6300.0,1250,0.0,0.0,0.0
6300.0,1251,0.0,0.0,0.0
6300.0,1252,0.0,0.0,0.0
6300.0,1253,0.0,0.0,0.0
6300.0,1254,0.0,0.0,0.0
6300.0,1255,0.0,0.0,0.0
6300.0,1256,0.0,0.0,0.0
6300.0,1257,0.0,0.0,0.0
6300.0,1258,0.0,0.0,0.0
6300.0,1259,0.0,0.0,0.0
6300.0,1260,0.0,0.0,0.0
6300.0,1261,0.0,0.0,0.0
6300.0,1262,11.197822909124618,20.0,0.5598911454562309
6300.0,1263,20.0,20.0,1.0
6300.0,1264,20.0,20.0,1.0
6300.0,1265,20.0,20.0,1.0
6300.0,1266,0.231657307286131,20.0,0.01158286536430655
6300.0,1267,0.0,0.0,0.0
6300.0,1268,0.0,0.0,0.0
6300.0,1269,0.0,0.0,0.0
6300.0,1270,0.0,0.0,0.0
6300.0,1271,0.0,0.0,0.0
6300.0,1272,0.0,0.0,0.0
6300.0,1273,0.0,0.0,0.0
6300.0,1274,0.0,0.0,0.0
6300.0,1275,0.0,0.0,0.0
6300.0,1276,0.0,0.0,0.0
6300.0,1277,0.0,0.0,0.0
6300.0,1278,0.0,0.0,0.0
6300.0,1279,0.0,0.0,0.0
6300.0,1280,0.0,0.0,0.0
6300.0,1281,0.0,0.0,0.0
6300.0,1282,0.0,0.0,0.0
6300.0,1283,0.0,0.0,0.0
6300.0,1284,0.0,0.0,0.0
6300.0,1285,0.0,0.0,0.0
6300.0,1286,0.0,0.0,0.0
6300.0,1287,0.0,0.0,0.0
6300.0,1288,0.0,0.0,0.0
6300.0,1289,0.0,0.0,0.0
6300.0,1290,0.0,0.0,0.0
6300.0,1291,0.0,0.0,0.0
6300.0,1292,0.0,0.0,0.0
6300.0,1293,0.0,0.0,0.0
6300.0,1294,0.0,0.0,0.0
6300.0,1295,0.0,0.0,0.0
6300.0,1296,0.0,0.0,0.0
6300.0,1297,0.0,0.0,0.0
6300.0,1298,0.0,0.0,0.0
6300.0,1299,0.0,0.0,0.0
6300.0,1300,0.0,0.0,0.0
6300.0,1301,0.0,0.0,0.0
6300.0,1302,0.0,0.0,0.0
6300.0,1303,0.0,20.0,0.0
6300.0,1304,20.000000000000004,20.0,1.0000000000000002
6300.0,1305,20.0,20.0,1.0
6300.0,1306,20.0,20.0,1.0
6300.0,1307,20.0,20.0,1.0
6300.0,1308,19.999999999999996,20.0,0.9999999999999998
6300.0,1309,6.0924987722058335,20.0,0.30462493861029166
6300.0,1310,0.0,0.0,0.0
6300.0,1311,0.0,0.0,0.0
6300.0,1312,0.0,0.0,0.0
6300.0,1313,0.0,0.0,0.0
6300.0,1314,0.0,0.0,0.0
6300.0,1315,0.0,0.0,0.0
6300.0,1316,0.0,0.0,0.0
6300.0,1317,0.0,0.0,0.0
6300.0,1318,0.0,0.0,0.0
6300.0,1319,0.0,0.0,0.0
6300.0,1320,0.0,0.0,0.0
6300.0,1321,0.0,0.0,0.0
6300.0,1322,0.0,0.0,0.0
6300.0,1323,0.0,0.0,0.0
6300.0,1324,0.0,0.0,0.0
6300.0,1325,0.0,0.0,0.0
6300.0,1326,0.0,0.0,0.0
6300.0,1327,0.0,0.0,0.0
6300.0,1328,0.0,0.0,0.0
6300.0,1329,0.0,0.0,0.0
6300.0,1330,0.0,0.0,0.0
6300.0,1331,0.0,0.0,0.0
6300.0,1332,0.0,0.0,0.0
6300.0,1333,0.0,0.0,0.0
6300.0,1334,0.0,0.0,0.0
6300.0,1335,0.0,0.0,0.0
6300.0,1336,0.0,0.0,0.0
6300.0,1337,0.0,0.0,0.0
6300.0,1338,0.0,0.0,0.0
6300.0,1339,0.0,0.0,0.0
6300.0,1340,0.0,0.0,0.0
6300.0,1341,0.0,0.0,0.0
6300.0,1342,0.0,0.0,0.0
6300.0,1343,0.0,0.0,0.0
6300.0,1344,0.0,0.0,0.0
6300.0,1345,0.0,20.0,0.0
6300.0,1346,15.004055775980387,20.0,0.7502027887990194
6300.0,1347,14.450875240447587,20.0,0.7225437620223794
6300.0,1348,20.0,20.0,1.0
6300.0,1349,20.0,20.0,1.0
6300.0,1350,20.0,20.0,1.0
6300.0,1351,20.0,20.0,1.0
6300.0,1352,6.0924987722058335,20.0,0.30462493861029166
6300.0,1353,0.0,0.0,0.0
6300.0,1354,0.0,0.0,0.0
6300.0,1355,0.0,0.0,0.0
6300.0,1356,0.0,0.0,0.0
6300.0,1357,0.0,0.0,0.0
6300.0,1358,0.0,0.0,0.0
6300.0,1359,0.0,0.0,0.0
6300.0,1360,0.0,0.0,0.0
6300.0,1361,0.0,0.0,0.0
6300.0,1362,0.0,0.0,0.0
6300.0,1363,0.0,0.0,0.0
6300.0,1364,0.0,0.0,0.0
6300.0,1365,0.0,0.0,0.0
6300.0,1366,0.0,0.0,0.0
6300.0,1367,0.0,0.0,0.0
6300.0,1368,0.0,0.0,0.0
6300.0,1369,0.0,0.0,0.0
6300.0,1370,0.0,0.0,0.0
6300.0,1371,0.0,0.0,0.0
6300.0,1372,0.0,0.0,0.0
6300.0,1373,0.0,0.0,0.0
6300.0,1374,0.0,0.0,0.0
6300.0,1375,0.0,0.0,0.0
6300.0,1376,0.0,0.0,0.0
6300.0,1377,0.0,0.0,0.0
6300.0,1378,0.0,0.0,0.0
6300.0,1379,0.0,0.0,0.0
6300.0,1380,0.0,0.0,0.0
6300.0,1381,0.0,0.0,0.0
6300.0,1382,0.0,0.0,0.0
6300.0,1383,0.0,0.0,0.0
6300.0,1384,0.0,0.0,0.0
6300.0,1385,0.0,0.0,0.0
6300.0,1386,0.0,0.0,0.0
6300.0,1387,8.709191952159937,20.0,0.43545959760799685
6300.0,1388,20.0,20.0,1.0
6300.0,1389,20.0,20.0,1.0
6300.0,1390,20.0,20.0,1.0
6300.0,1391,20.0,20.0,1.0
6300.0,1392,20.0,20.0,1.0
6300.0,1393,19.999999999999996,20.0,0.9999999999999998
6300.0,1394,20.0,20.0,1.0
6300.0,1395,6.0924987722058335,20.0,0.30462493861029166
6300.0,1396,0.0,0.0,0.0
6300.0,1397,0.0,0.0,0.0
6300.0,1398,0.0,0.0,0.0
6300.0,1399,0.0,0.0,0.0
6300.0,1400,0.0,0.0,0.0
6300.0,1401,0.0,0.0,0.0
6300.0,1402,0.0,0.0,0.0
6300.0,1403,0.0,0.0,0.0
6300.0,1404,0.0,0.0,0.0
6300.0,1405,0.0,0.0,0.0
6300.0,1406,0.0,0.0,0.0
6300.0,1407,0.0,0.0,0.0
6300.0,1408,0.0,0.0,0.0
6300.0,1409,0.0,0.0,0.0
6300.0,1410,0.0,0.0,0.0
6300.0,1411,0.0,0.0,0.0
6300.0,1412,0.0,0.0,0.0
6300.0,1413,0.0,0.0,0.0
6300.0,1414,0.0,0.0,0.0
6300.0,1415,0.0,0.0,0.0
6300.0,1416,0.0,0.0,0.0
6300.0,1417,0.0,0.0,0.0
6300.0,1418,0.0,0.0,0.0
6300.0,1419,0.0,0.0,0.0
6300.0,1420,0.0,0.0,0.0
6300.0,1421,0.0,0.0,0.0
6300.0,1422,0.0,0.0,0.0
6300.0,1423,0.0,0.0,0.0
6300.0,1424,0.0,0.0,0.0
6300.0,1425,0.0,0.0,0.0
6300.0,1426,0.0,0.0,0.0
6300.0,1427,0.0,0.0,0.0
6300.0,1428,0.0,0.0,0.0
6300.0,1429,0.0,20.0,0.0
6300.0,1430,20.0,20.0,1.0
6300.0,1431,20.000000000000004,20.0,1.0000000000000002
6300.0,1432,20.0,20.0,1.0
6300.0,1433,20.0,20.0,1.0
6300.0,1434,20.0,20.0,1.0
6300.0,1435,20.0,20.0,1.0
6300.0,1436,19.999999999999996,20.0,0.9999999999999998
6300.0,1437,20.0,20.0,1.0
6300.0,1438,6.0924987722058335,20.0,0.30462493861029166
6300.0,1439,0.0,0.0,0.0
6300.0,1440,0.0,0.0,0.0
6300.0,1441,0.0,0.0,0.0
6300.0,1442,0.0,0.0,0.0
6300.0,1443,0.0,0.0,0.0
6300.0,1444,0.0,0.0,0.0
6300.0,1445,0.0,0.0,0.0
6300.0,1446,0.0,0.0,0.0
6300.0,1447,0.0,0.0,0.0
6300.0,1448,0.0,0.0,0.0
6300.0,1449,0.0,0.0,0.0
6300.0,1450,0.0,0.0,0.0
6300.0,1451,0.0,0.0,0.0
6300.0,1452,0.0,0.0,0.0
6300.0,1453,0.0,0.0,0.0
6300.0,1454,0.0,0.0,0.0
6300.0,1455,0.0,0.0,0.0
6300.0,1456,0.0,0.0,0.0
6300.0,1457,0.0,0.0,0.0
6300.0,1458,0.0,0.0,0.0
6300.0,1459,0.0,0.0,0.0
6300.0,1460,0.0,0.0,0.0
6300.0,1461,0.0,0.0,0.0
6300.0,1462,0.0,0.0,0.0
6300.0,1463,0.0,0.0,0.0
6300.0,1464,0.0,0.0,0.0
6300.0,1465,0.0,0.0,0.0
6300.0,1466,0.0,0.0,0.0
6300.0,1467,0.0,0.0,0.0
6300.0,1468,0.0,0.0,0.0
6300.0,1469,0.0,0.0,0.0
6300.0,1470,0.0,0.0,0.0
6300.0,1471,0.0,20.0,0.0
6300.0,1472,20.000000000000004,20.0,1.0000000000000002
6300.0,1473,20.0,20.0,1.0
6300.0,1474,20.000000000000004,20.0,1.0000000000000002
6300.0,1475,20.0,20.0,1.0
6300.0,1476,19.999999999999996,20.0,0.9999999999999998
6300.0,1477,20.0,20.0,1.0
6300.0,1478,20.0,20.0,1.0
6300.0,1479,20.0,20.0,1.0
6300.0,1480,0.0,0.0,0.0
6300.0,1481,0.0,0.0,0.0
6300.0,1482,0.0,0.0,0.0
6300.0,1483,0.0,0.0,0.0
6300.0,1484,0.0,0.0,0.0
6300.0,1485,0.0,0.0,0.0
6300.0,1486,0.0,0.0,0.0
6300.0,1487,0.0,0.0,0.0
6300.0,1488,0.0,0.0,0.0
6300.0,1489,0.0,0.0,0.0
6300.0,1490,0.0,0.0,0.0
6300.0,1491,0.0,0.0,0.0
6300.0,1492,0.0,0.0,0.0
6300.0,1493,0.0,0.0,0.0
6300.0,1494,0.0,0.0,0.0
6300.0,1495,0.0,0.0,0.0
