time_seconds,source_satellite,target_satellite,link_type,distance_km,line_of_sight,link_on,plane_pair
0.0,0,1,same_plane,944.6114857937757,True,True,0-0
0.0,1,2,same_plane,944.6114857937755,True,True,0-0
0.0,2,3,same_plane,944.6114857937754,True,True,0-0
0.0,3,4,same_plane,944.6114857937757,True,True,0-0
0.0,4,5,same_plane,944.6114857937766,True,True,0-0
0.0,5,6,same_plane,944.6114857937754,True,True,0-0
0.0,6,7,same_plane,944.6114857937749,True,True,0-0
0.0,7,8,same_plane,944.6114857937756,True,True,0-0
0.0,8,9,same_plane,944.611485793775,True,True,0-0
0.0,9,10,same_plane,944.6114857937782,True,True,0-0
0.0,10,11,same_plane,944.6114857937721,True,True,0-0
0.0,11,12,same_plane,944.6114857937781,True,True,0-0
0.0,12,13,same_plane,944.6114857937757,True,True,0-0
0.0,13,14,same_plane,944.611485793775,True,True,0-0
0.0,14,15,same_plane,944.6114857937749,True,True,0-0
0.0,15,16,same_plane,944.6114857937762,True,True,0-0
0.0,16,17,same_plane,944.6114857937781,True,True,0-0
0.0,17,18,same_plane,944.6114857937713,True,True,0-0
0.0,18,19,same_plane,944.6114857937763,True,True,0-0
0.0,19,20,same_plane,944.6114857937778,True,True,0-0
0.0,20,21,same_plane,944.6114857937752,True,True,0-0
0.0,21,22,same_plane,944.6114857937721,True,True,0-0
0.0,22,23,same_plane,944.6114857937783,True,True,0-0
0.0,23,24,same_plane,944.6114857937754,True,True,0-0
0.0,24,25,same_plane,944.611485793778,True,True,0-0
0.0,25,26,same_plane,944.611485793775,True,True,0-0
0.0,26,27,same_plane,944.6114857937725,True,True,0-0
0.0,27,28,same_plane,944.6114857937788,True,True,0-0
0.0,28,29,same_plane,944.6114857937746,True,True,0-0
0.0,29,30,same_plane,944.6114857937795,True,True,0-0
0.0,30,31,same_plane,944.6114857937713,True,True,0-0
0.0,31,32,same_plane,944.6114857937786,True,True,0-0
0.0,32,33,same_plane,944.6114857937779,True,True,0-0
0.0,33,34,same_plane,944.6114857937787,True,True,0-0
0.0,34,35,same_plane,944.6114857937724,True,True,0-0
0.0,35,36,same_plane,944.611485793772,True,True,0-0
0.0,36,37,same_plane,944.6114857937783,True,True,0-0
0.0,37,38,same_plane,944.6114857937722,True,True,0-0
0.0,38,39,same_plane,944.6114857937789,True,True,0-0
0.0,39,40,same_plane,944.6114857937775,True,True,0-0
0.0,40,41,same_plane,944.6114857937722,True,True,0-0
0.0,41,42,same_plane,944.6114857937786,True,True,0-0
0.0,42,43,same_plane,944.6114857937721,True,True,0-0
0.0,43,44,same_plane,944.611485793772,True,True,0-0
0.0,44,45,same_plane,944.6114857937844,True,True,0-0
0.0,0,45,same_plane,944.6114857937714,True,True,0-0
0.0,46,47,same_plane,944.6114857937755,True,True,1-1
0.0,47,48,same_plane,944.6114857937753,True,True,1-1
0.0,48,49,same_plane,944.6114857937752,True,True,1-1
0.0,49,50,same_plane,944.6114857937768,True,True,1-1
0.0,50,51,same_plane,944.611485793775,True,True,1-1
0.0,51,52,same_plane,944.6114857937752,True,True,1-1
0.0,52,53,same_plane,944.6114857937756,True,True,1-1
0.0,53,54,same_plane,944.6114857937755,True,True,1-1
0.0,54,55,same_plane,944.6114857937748,True,True,1-1
0.0,55,56,same_plane,944.6114857937787,True,True,1-1
0.0,56,57,same_plane,944.6114857937719,True,True,1-1
0.0,57,58,same_plane,944.6114857937787,True,True,1-1
0.0,58,59,same_plane,944.6114857937754,True,True,1-1
0.0,59,60,same_plane,944.6114857937732,True,True,1-1
0.0,60,61,same_plane,944.6114857937754,True,True,1-1
0.0,61,62,same_plane,944.6114857937756,True,True,1-1
0.0,62,63,same_plane,944.6114857937772,True,True,1-1
0.0,63,64,same_plane,944.6114857937727,True,True,1-1
0.0,64,65,same_plane,944.6114857937754,True,True,1-1
0.0,65,66,same_plane,944.6114857937781,True,True,1-1
0.0,66,67,same_plane,944.611485793775,True,True,1-1
0.0,67,68,same_plane,944.611485793772,True,True,1-1
0.0,68,69,same_plane,944.6114857937783,True,True,1-1
0.0,69,70,same_plane,944.6114857937754,True,True,1-1
0.0,70,71,same_plane,944.6114857937783,True,True,1-1
0.0,71,72,same_plane,944.611485793775,True,True,1-1
0.0,72,73,same_plane,944.6114857937729,True,True,1-1
0.0,73,74,same_plane,944.611485793778,True,True,1-1
0.0,74,75,same_plane,944.611485793778,True,True,1-1
0.0,75,76,same_plane,944.6114857937782,True,True,1-1
0.0,76,77,same_plane,944.6114857937721,True,True,1-1
0.0,77,78,same_plane,944.6114857937783,True,True,1-1
0.0,78,79,same_plane,944.6114857937782,True,True,1-1
0.0,79,80,same_plane,944.6114857937782,True,True,1-1
0.0,80,81,same_plane,944.6114857937723,True,True,1-1
0.0,81,82,same_plane,944.611485793772,True,True,1-1
0.0,82,83,same_plane,944.6114857937789,True,True,1-1
0.0,83,84,same_plane,944.6114857937727,True,True,1-1
0.0,84,85,same_plane,944.6114857937771,True,True,1-1
0.0,85,86,same_plane,944.6114857937783,True,True,1-1
0.0,86,87,same_plane,944.6114857937727,True,True,1-1
0.0,87,88,same_plane,944.6114857937781,True,True,1-1
0.0,88,89,same_plane,944.6114857937723,True,True,1-1
0.0,89,90,same_plane,944.611485793772,True,True,1-1
0.0,90,91,same_plane,944.6114857937843,True,True,1-1
0.0,46,91,same_plane,944.6114857937699,True,True,1-1
0.0,92,93,same_plane,944.6114857937768,True,True,2-2
0.0,93,94,same_plane,944.6114857937745,True,True,2-2
0.0,94,95,same_plane,944.6114857937755,True,True,2-2
0.0,95,96,same_plane,944.6114857937754,True,True,2-2
0.0,96,97,same_plane,944.6114857937757,True,True,2-2
0.0,97,98,same_plane,944.611485793776,True,True,2-2
0.0,98,99,same_plane,944.6114857937752,True,True,2-2
0.0,99,100,same_plane,944.6114857937755,True,True,2-2
0.0,100,101,same_plane,944.611485793775,True,True,2-2
0.0,101,102,same_plane,944.611485793778,True,True,2-2
0.0,102,103,same_plane,944.6114857937724,True,True,2-2
0.0,103,104,same_plane,944.6114857937778,True,True,2-2
0.0,104,105,same_plane,944.6114857937749,True,True,2-2
0.0,105,106,same_plane,944.6114857937761,True,True,2-2
0.0,106,107,same_plane,944.6114857937746,True,True,2-2
0.0,107,108,same_plane,944.6114857937755,True,True,2-2
0.0,108,109,same_plane,944.6114857937785,True,True,2-2
0.0,109,110,same_plane,944.6114857937717,True,True,2-2
0.0,110,111,same_plane,944.6114857937754,True,True,2-2
0.0,111,112,same_plane,944.6114857937785,True,True,2-2
0.0,112,113,same_plane,944.6114857937752,True,True,2-2
0.0,113,114,same_plane,944.6114857937719,True,True,2-2
0.0,114,115,same_plane,944.6114857937783,True,True,2-2
0.0,115,116,same_plane,944.6114857937757,True,True,2-2
0.0,116,117,same_plane,944.6114857937775,True,True,2-2
0.0,117,118,same_plane,944.6114857937755,True,True,2-2
0.0,118,119,same_plane,944.6114857937721,True,True,2-2
0.0,119,120,same_plane,944.6114857937779,True,True,2-2
0.0,120,121,same_plane,944.6114857937722,True,True,2-2
0.0,121,122,same_plane,944.6114857937781,True,True,2-2
0.0,122,123,same_plane,944.6114857937724,True,True,2-2
0.0,123,124,same_plane,944.6114857937783,True,True,2-2
0.0,124,125,same_plane,944.6114857937778,True,True,2-2
0.0,125,126,same_plane,944.6114857937781,True,True,2-2
0.0,126,127,same_plane,944.6114857937724,True,True,2-2
0.0,127,128,same_plane,944.6114857937722,True,True,2-2
0.0,128,129,same_plane,944.6114857937778,True,True,2-2
0.0,129,130,same_plane,944.6114857937729,True,True,2-2
0.0,130,131,same_plane,944.6114857937778,True,True,2-2
0.0,131,132,same_plane,944.6114857937781,True,True,2-2
0.0,132,133,same_plane,944.6114857937725,True,True,2-2
0.0,133,134,same_plane,944.6114857937783,True,True,2-2
0.0,134,135,same_plane,944.6114857937721,True,True,2-2
0.0,135,136,same_plane,944.6114857937722,True,True,2-2
0.0,136,137,same_plane,944.6114857937843,True,True,2-2
0.0,92,137,same_plane,944.611485793774,True,True,2-2
0.0,138,139,same_plane,944.6114857937754,True,True,3-3
0.0,139,140,same_plane,944.6114857937749,True,True,3-3
0.0,140,141,same_plane,944.6114857937763,True,True,3-3
0.0,141,142,same_plane,944.6114857937756,True,True,3-3
0.0,142,143,same_plane,944.6114857937744,True,True,3-3
0.0,143,144,same_plane,944.6114857937756,True,True,3-3
0.0,144,145,same_plane,944.6114857937752,True,True,3-3
0.0,145,146,same_plane,944.6114857937754,True,True,3-3
0.0,146,147,same_plane,944.6114857937756,True,True,3-3
0.0,147,148,same_plane,944.6114857937783,True,True,3-3
0.0,148,149,same_plane,944.6114857937715,True,True,3-3
0.0,149,150,same_plane,944.6114857937783,True,True,3-3
0.0,150,151,same_plane,944.6114857937744,True,True,3-3
0.0,151,152,same_plane,944.6114857937766,True,True,3-3
0.0,152,153,same_plane,944.6114857937738,True,True,3-3
0.0,153,154,same_plane,944.611485793776,True,True,3-3
0.0,154,155,same_plane,944.6114857937779,True,True,3-3
0.0,155,156,same_plane,944.6114857937719,True,True,3-3
0.0,156,157,same_plane,944.6114857937756,True,True,3-3
0.0,157,158,same_plane,944.6114857937781,True,True,3-3
0.0,158,159,same_plane,944.6114857937754,True,True,3-3
0.0,159,160,same_plane,944.6114857937715,True,True,3-3
0.0,160,161,same_plane,944.6114857937788,True,True,3-3
0.0,161,162,same_plane,944.6114857937756,True,True,3-3
0.0,162,163,same_plane,944.6114857937773,True,True,3-3
0.0,163,164,same_plane,944.611485793776,True,True,3-3
0.0,164,165,same_plane,944.6114857937745,True,True,3-3
0.0,165,166,same_plane,944.6114857937788,True,True,3-3
0.0,166,167,same_plane,944.6114857937724,True,True,3-3
0.0,167,168,same_plane,944.611485793778,True,True,3-3
0.0,168,169,same_plane,944.6114857937721,True,True,3-3
0.0,169,170,same_plane,944.6114857937783,True,True,3-3
0.0,170,171,same_plane,944.6114857937779,True,True,3-3
0.0,171,172,same_plane,944.6114857937781,True,True,3-3
0.0,172,173,same_plane,944.6114857937721,True,True,3-3
0.0,173,174,same_plane,944.6114857937722,True,True,3-3
0.0,174,175,same_plane,944.6114857937787,True,True,3-3
0.0,175,176,same_plane,944.6114857937713,True,True,3-3
0.0,176,177,same_plane,944.611485793779,True,True,3-3
0.0,177,178,same_plane,944.6114857937786,True,True,3-3
0.0,178,179,same_plane,944.6114857937716,True,True,3-3
0.0,179,180,same_plane,944.6114857937785,True,True,3-3
0.0,180,181,same_plane,944.611485793772,True,True,3-3
0.0,181,182,same_plane,944.6114857937719,True,True,3-3
0.0,182,183,same_plane,944.6114857937848,True,True,3-3
0.0,138,183,same_plane,944.6114857937722,True,True,3-3
0.0,184,185,same_plane,944.6114857937757,True,True,4-4
0.0,185,186,same_plane,944.6114857937749,True,True,4-4
0.0,186,187,same_plane,944.611485793776,True,True,4-4
0.0,187,188,same_plane,944.611485793776,True,True,4-4
0.0,188,189,same_plane,944.611485793776,True,True,4-4
0.0,189,190,same_plane,944.6114857937746,True,True,4-4
0.0,190,191,same_plane,944.6114857937752,True,True,4-4
0.0,191,192,same_plane,944.6114857937754,True,True,4-4
0.0,192,193,same_plane,944.6114857937754,True,True,4-4
0.0,193,194,same_plane,944.6114857937781,True,True,4-4
0.0,194,195,same_plane,944.6114857937728,True,True,4-4
0.0,195,196,same_plane,944.6114857937796,True,True,4-4
0.0,196,197,same_plane,944.611485793775,True,True,4-4
0.0,197,198,same_plane,944.6114857937756,True,True,4-4
0.0,198,199,same_plane,944.6114857937752,True,True,4-4
0.0,199,200,same_plane,944.6114857937747,True,True,4-4
0.0,200,201,same_plane,944.6114857937785,True,True,4-4
0.0,201,202,same_plane,944.6114857937721,True,True,4-4
0.0,202,203,same_plane,944.6114857937752,True,True,4-4
0.0,203,204,same_plane,944.6114857937781,True,True,4-4
0.0,204,205,same_plane,944.6114857937758,True,True,4-4
0.0,205,206,same_plane,944.6114857937719,True,True,4-4
0.0,206,207,same_plane,944.6114857937785,True,True,4-4
0.0,207,208,same_plane,944.6114857937755,True,True,4-4
0.0,208,209,same_plane,944.6114857937778,True,True,4-4
0.0,209,210,same_plane,944.6114857937715,True,True,4-4
0.0,210,211,same_plane,944.6114857937727,True,True,4-4
0.0,211,212,same_plane,944.6114857937787,True,True,4-4
0.0,212,213,same_plane,944.6114857937779,True,True,4-4
0.0,213,214,same_plane,944.6114857937786,True,True,4-4
0.0,214,215,same_plane,944.6114857937719,True,True,4-4
0.0,215,216,same_plane,944.6114857937789,True,True,4-4
0.0,216,217,same_plane,944.6114857937783,True,True,4-4
0.0,217,218,same_plane,944.6114857937782,True,True,4-4
0.0,218,219,same_plane,944.6114857937721,True,True,4-4
0.0,219,220,same_plane,944.6114857937722,True,True,4-4
0.0,220,221,same_plane,944.6114857937786,True,True,4-4
0.0,221,222,same_plane,944.6114857937727,True,True,4-4
0.0,222,223,same_plane,944.6114857937775,True,True,4-4
0.0,223,224,same_plane,944.6114857937778,True,True,4-4
0.0,224,225,same_plane,944.6114857937725,True,True,4-4
0.0,225,226,same_plane,944.6114857937788,True,True,4-4
0.0,226,227,same_plane,944.6114857937715,True,True,4-4
0.0,227,228,same_plane,944.6114857937728,True,True,4-4
0.0,228,229,same_plane,944.6114857937844,True,True,4-4
0.0,184,229,same_plane,944.6114857937698,True,True,4-4
0.0,230,231,same_plane,944.6114857937757,True,True,5-5
0.0,231,232,same_plane,944.611485793776,True,True,5-5
0.0,232,233,same_plane,944.6114857937762,True,True,5-5
0.0,233,234,same_plane,944.6114857937748,True,True,5-5
0.0,234,235,same_plane,944.6114857937766,True,True,5-5
0.0,235,236,same_plane,944.6114857937754,True,True,5-5
0.0,236,237,same_plane,944.6114857937755,True,True,5-5
0.0,237,238,same_plane,944.6114857937745,True,True,5-5
0.0,238,239,same_plane,944.6114857937758,True,True,5-5
0.0,239,240,same_plane,944.6114857937782,True,True,5-5
0.0,240,241,same_plane,944.611485793772,True,True,5-5
0.0,241,242,same_plane,944.611485793779,True,True,5-5
0.0,242,243,same_plane,944.6114857937748,True,True,5-5
0.0,243,244,same_plane,944.6114857937748,True,True,5-5
0.0,244,245,same_plane,944.6114857937761,True,True,5-5
0.0,245,246,same_plane,944.6114857937745,True,True,5-5
0.0,246,247,same_plane,944.6114857937783,True,True,5-5
0.0,247,248,same_plane,944.6114857937727,True,True,5-5
0.0,248,249,same_plane,944.6114857937747,True,True,5-5
0.0,249,250,same_plane,944.6114857937783,True,True,5-5
0.0,250,251,same_plane,944.6114857937758,True,True,5-5
0.0,251,252,same_plane,944.6114857937719,True,True,5-5
0.0,252,253,same_plane,944.6114857937783,True,True,5-5
0.0,253,254,same_plane,944.6114857937741,True,True,5-5
0.0,254,255,same_plane,944.6114857937794,True,True,5-5
0.0,255,256,same_plane,944.6114857937749,True,True,5-5
0.0,256,257,same_plane,944.6114857937715,True,True,5-5
0.0,257,258,same_plane,944.6114857937791,True,True,5-5
0.0,258,259,same_plane,944.6114857937722,True,True,5-5
0.0,259,260,same_plane,944.6114857937787,True,True,5-5
0.0,260,261,same_plane,944.6114857937712,True,True,5-5
0.0,261,262,same_plane,944.6114857937781,True,True,5-5
0.0,262,263,same_plane,944.6114857937788,True,True,5-5
0.0,263,264,same_plane,944.6114857937779,True,True,5-5
0.0,264,265,same_plane,944.611485793772,True,True,5-5
0.0,265,266,same_plane,944.6114857937721,True,True,5-5
0.0,266,267,same_plane,944.6114857937787,True,True,5-5
0.0,267,268,same_plane,944.6114857937721,True,True,5-5
0.0,268,269,same_plane,944.6114857937787,True,True,5-5
0.0,269,270,same_plane,944.6114857937781,True,True,5-5
0.0,270,271,same_plane,944.6114857937719,True,True,5-5
0.0,271,272,same_plane,944.6114857937781,True,True,5-5
0.0,272,273,same_plane,944.6114857937727,True,True,5-5
0.0,273,274,same_plane,944.6114857937725,True,True,5-5
0.0,274,275,same_plane,944.6114857937839,True,True,5-5
0.0,230,275,same_plane,944.6114857937737,True,True,5-5
0.0,276,277,same_plane,944.6114857937758,True,True,6-6
0.0,277,278,same_plane,944.6114857937754,True,True,6-6
0.0,278,279,same_plane,944.6114857937752,True,True,6-6
0.0,279,280,same_plane,944.611485793775,True,True,6-6
0.0,280,281,same_plane,944.6114857937763,True,True,6-6
0.0,281,282,same_plane,944.6114857937756,True,True,6-6
0.0,282,283,same_plane,944.6114857937749,True,True,6-6
0.0,283,284,same_plane,944.6114857937752,True,True,6-6
0.0,284,285,same_plane,944.6114857937755,True,True,6-6
0.0,285,286,same_plane,944.6114857937794,True,True,6-6
0.0,286,287,same_plane,944.6114857937722,True,True,6-6
0.0,287,288,same_plane,944.6114857937783,True,True,6-6
0.0,288,289,same_plane,944.6114857937721,True,True,6-6
0.0,289,290,same_plane,944.6114857937778,True,True,6-6
0.0,290,291,same_plane,944.6114857937722,True,True,6-6
0.0,291,292,same_plane,944.611485793778,True,True,6-6
0.0,292,293,same_plane,944.6114857937789,True,True,6-6
0.0,293,294,same_plane,944.6114857937715,True,True,6-6
0.0,294,295,same_plane,944.6114857937724,True,True,6-6
0.0,295,296,same_plane,944.6114857937781,True,True,6-6
0.0,296,297,same_plane,944.611485793778,True,True,6-6
0.0,297,298,same_plane,944.6114857937723,True,True,6-6
0.0,298,299,same_plane,944.6114857937788,True,True,6-6
0.0,299,300,same_plane,944.6114857937715,True,True,6-6
0.0,300,301,same_plane,944.611485793779,True,True,6-6
0.0,301,302,same_plane,944.6114857937781,True,True,6-6
0.0,302,303,same_plane,944.611485793772,True,True,6-6
0.0,303,304,same_plane,944.6114857937779,True,True,6-6
0.0,304,305,same_plane,944.6114857937721,True,True,6-6
0.0,305,306,same_plane,944.6114857937786,True,True,6-6
0.0,306,307,same_plane,944.6114857937713,True,True,6-6
0.0,307,308,same_plane,944.6114857937787,True,True,6-6
0.0,308,309,same_plane,944.611485793778,True,True,6-6
0.0,309,310,same_plane,944.6114857937779,True,True,6-6
0.0,310,311,same_plane,944.611485793773,True,True,6-6
0.0,311,312,same_plane,944.6114857937713,True,True,6-6
0.0,312,313,same_plane,944.6114857937778,True,True,6-6
0.0,313,314,same_plane,944.6114857937729,True,True,6-6
0.0,314,315,same_plane,944.6114857937774,True,True,6-6
0.0,315,316,same_plane,944.6114857937783,True,True,6-6
0.0,316,317,same_plane,944.6114857937721,True,True,6-6
0.0,317,318,same_plane,944.6114857937785,True,True,6-6
0.0,318,319,same_plane,944.6114857937727,True,True,6-6
0.0,319,320,same_plane,944.6114857937719,True,True,6-6
0.0,320,321,same_plane,944.6114857937844,True,True,6-6
0.0,276,321,same_plane,944.6114857937735,True,True,6-6
0.0,322,323,same_plane,944.6114857937752,True,True,7-7
0.0,323,324,same_plane,944.6114857937752,True,True,7-7
0.0,324,325,same_plane,944.6114857937772,True,True,7-7
0.0,325,326,same_plane,944.6114857937749,True,True,7-7
0.0,326,327,same_plane,944.6114857937763,True,True,7-7
0.0,327,328,same_plane,944.6114857937755,True,True,7-7
0.0,328,329,same_plane,944.6114857937752,True,True,7-7
0.0,329,330,same_plane,944.6114857937753,True,True,7-7
0.0,330,331,same_plane,944.6114857937752,True,True,7-7
0.0,331,332,same_plane,944.6114857937783,True,True,7-7
0.0,332,333,same_plane,944.611485793772,True,True,7-7
0.0,333,334,same_plane,944.6114857937779,True,True,7-7
0.0,334,335,same_plane,944.6114857937756,True,True,7-7
0.0,335,336,same_plane,944.6114857937746,True,True,7-7
0.0,336,337,same_plane,944.6114857937754,True,True,7-7
0.0,337,338,same_plane,944.6114857937756,True,True,7-7
0.0,338,339,same_plane,944.6114857937785,True,True,7-7
0.0,339,340,same_plane,944.611485793772,True,True,7-7
0.0,340,341,same_plane,944.6114857937754,True,True,7-7
0.0,341,342,same_plane,944.6114857937783,True,True,7-7
0.0,342,343,same_plane,944.6114857937749,True,True,7-7
0.0,343,344,same_plane,944.6114857937731,True,True,7-7
0.0,344,345,same_plane,944.611485793778,True,True,7-7
0.0,345,346,same_plane,944.6114857937745,True,True,7-7
0.0,346,347,same_plane,944.6114857937794,True,True,7-7
0.0,347,348,same_plane,944.6114857937708,True,True,7-7
0.0,348,349,same_plane,944.6114857937731,True,True,7-7
0.0,349,350,same_plane,944.611485793778,True,True,7-7
0.0,350,351,same_plane,944.6114857937779,True,True,7-7
0.0,351,352,same_plane,944.6114857937783,True,True,7-7
0.0,352,353,same_plane,944.6114857937721,True,True,7-7
0.0,353,354,same_plane,944.6114857937783,True,True,7-7
0.0,354,355,same_plane,944.6114857937781,True,True,7-7
0.0,355,356,same_plane,944.6114857937783,True,True,7-7
0.0,356,357,same_plane,944.6114857937728,True,True,7-7
0.0,357,358,same_plane,944.6114857937714,True,True,7-7
0.0,358,359,same_plane,944.6114857937788,True,True,7-7
0.0,359,360,same_plane,944.6114857937719,True,True,7-7
0.0,360,361,same_plane,944.6114857937779,True,True,7-7
0.0,361,362,same_plane,944.6114857937789,True,True,7-7
0.0,362,363,same_plane,944.611485793772,True,True,7-7
0.0,363,364,same_plane,944.6114857937781,True,True,7-7
0.0,364,365,same_plane,944.6114857937722,True,True,7-7
0.0,365,366,same_plane,944.6114857937723,True,True,7-7
0.0,366,367,same_plane,944.6114857937844,True,True,7-7
0.0,322,367,same_plane,944.611485793771,True,True,7-7
0.0,368,369,same_plane,944.6114857937755,True,True,8-8
0.0,369,370,same_plane,944.6114857937769,True,True,8-8
0.0,370,371,same_plane,944.611485793774,True,True,8-8
0.0,371,372,same_plane,944.6114857937757,True,True,8-8
0.0,372,373,same_plane,944.611485793775,True,True,8-8
0.0,373,374,same_plane,944.6114857937754,True,True,8-8
0.0,374,375,same_plane,944.611485793775,True,True,8-8
0.0,375,376,same_plane,944.6114857937754,True,True,8-8
0.0,376,377,same_plane,944.611485793775,True,True,8-8
0.0,377,378,same_plane,944.6114857937782,True,True,8-8
0.0,378,379,same_plane,944.6114857937721,True,True,8-8
0.0,379,380,same_plane,944.611485793778,True,True,8-8
0.0,380,381,same_plane,944.6114857937757,True,True,8-8
0.0,381,382,same_plane,944.6114857937749,True,True,8-8
0.0,382,383,same_plane,944.6114857937752,True,True,8-8
0.0,383,384,same_plane,944.6114857937753,True,True,8-8
0.0,384,385,same_plane,944.611485793778,True,True,8-8
0.0,385,386,same_plane,944.6114857937722,True,True,8-8
0.0,386,387,same_plane,944.611485793775,True,True,8-8
0.0,387,388,same_plane,944.6114857937783,True,True,8-8
0.0,388,389,same_plane,944.6114857937757,True,True,8-8
0.0,389,390,same_plane,944.6114857937721,True,True,8-8
0.0,390,391,same_plane,944.6114857937781,True,True,8-8
0.0,391,392,same_plane,944.6114857937785,True,True,8-8
0.0,392,393,same_plane,944.6114857937772,True,True,8-8
0.0,393,394,same_plane,944.6114857937728,True,True,8-8
0.0,394,395,same_plane,944.6114857937717,True,True,8-8
0.0,395,396,same_plane,944.6114857937783,True,True,8-8
0.0,396,397,same_plane,944.6114857937783,True,True,8-8
0.0,397,398,same_plane,944.6114857937781,True,True,8-8
0.0,398,399,same_plane,944.6114857937725,True,True,8-8
0.0,399,400,same_plane,944.6114857937773,True,True,8-8
0.0,400,401,same_plane,944.6114857937787,True,True,8-8
0.0,401,402,same_plane,944.6114857937787,True,True,8-8
0.0,402,403,same_plane,944.6114857937717,True,True,8-8
0.0,403,404,same_plane,944.6114857937711,True,True,8-8
0.0,404,405,same_plane,944.6114857937788,True,True,8-8
0.0,405,406,same_plane,944.6114857937724,True,True,8-8
0.0,406,407,same_plane,944.6114857937781,True,True,8-8
0.0,407,408,same_plane,944.6114857937783,True,True,8-8
0.0,408,409,same_plane,944.6114857937722,True,True,8-8
0.0,409,410,same_plane,944.6114857937781,True,True,8-8
0.0,410,411,same_plane,944.6114857937721,True,True,8-8
0.0,411,412,same_plane,944.6114857937728,True,True,8-8
0.0,412,413,same_plane,944.611485793784,True,True,8-8
0.0,368,413,same_plane,944.6114857937691,True,True,8-8
0.0,414,415,same_plane,944.611485793776,True,True,9-9
0.0,415,416,same_plane,944.6114857937739,True,True,9-9
0.0,416,417,same_plane,944.6114857937771,True,True,9-9
0.0,417,418,same_plane,944.6114857937748,True,True,9-9
0.0,418,419,same_plane,944.611485793777,True,True,9-9
0.0,419,420,same_plane,944.6114857937752,True,True,9-9
0.0,420,421,same_plane,944.6114857937755,True,True,9-9
0.0,421,422,same_plane,944.6114857937753,True,True,9-9
0.0,422,423,same_plane,944.6114857937747,True,True,9-9
0.0,423,424,same_plane,944.6114857937788,True,True,9-9
0.0,424,425,same_plane,944.6114857937712,True,True,9-9
0.0,425,426,same_plane,944.6114857937791,True,True,9-9
0.0,426,427,same_plane,944.6114857937746,True,True,9-9
0.0,427,428,same_plane,944.6114857937754,True,True,9-9
0.0,428,429,same_plane,944.6114857937754,True,True,9-9
0.0,429,430,same_plane,944.6114857937752,True,True,9-9
0.0,430,431,same_plane,944.6114857937781,True,True,9-9
0.0,431,432,same_plane,944.6114857937722,True,True,9-9
0.0,432,433,same_plane,944.611485793775,True,True,9-9
0.0,433,434,same_plane,944.6114857937785,True,True,9-9
0.0,434,435,same_plane,944.6114857937744,True,True,9-9
0.0,435,436,same_plane,944.6114857937729,True,True,9-9
0.0,436,437,same_plane,944.6114857937785,True,True,9-9
0.0,437,438,same_plane,944.6114857937717,True,True,9-9
0.0,438,439,same_plane,944.611485793778,True,True,9-9
0.0,439,440,same_plane,944.6114857937786,True,True,9-9
0.0,440,441,same_plane,944.6114857937719,True,True,9-9
0.0,441,442,same_plane,944.6114857937785,True,True,9-9
0.0,442,443,same_plane,944.6114857937722,True,True,9-9
0.0,443,444,same_plane,944.6114857937783,True,True,9-9
0.0,444,445,same_plane,944.611485793772,True,True,9-9
0.0,445,446,same_plane,944.6114857937788,True,True,9-9
0.0,446,447,same_plane,944.611485793778,True,True,9-9
0.0,447,448,same_plane,944.611485793778,True,True,9-9
0.0,448,449,same_plane,944.6114857937721,True,True,9-9
0.0,449,450,same_plane,944.6114857937716,True,True,9-9
0.0,450,451,same_plane,944.6114857937786,True,True,9-9
0.0,451,452,same_plane,944.6114857937719,True,True,9-9
0.0,452,453,same_plane,944.6114857937785,True,True,9-9
0.0,453,454,same_plane,944.6114857937785,True,True,9-9
0.0,454,455,same_plane,944.6114857937721,True,True,9-9
0.0,455,456,same_plane,944.6114857937782,True,True,9-9
0.0,456,457,same_plane,944.6114857937728,True,True,9-9
0.0,457,458,same_plane,944.6114857937712,True,True,9-9
0.0,458,459,same_plane,944.6114857937843,True,True,9-9
0.0,414,459,same_plane,944.6114857937746,True,True,9-9
0.0,460,461,same_plane,944.6114857937754,True,True,10-10
0.0,461,462,same_plane,944.611485793775,True,True,10-10
0.0,462,463,same_plane,944.611485793777,True,True,10-10
0.0,463,464,same_plane,944.611485793775,True,True,10-10
0.0,464,465,same_plane,944.611485793777,True,True,10-10
0.0,465,466,same_plane,944.611485793775,True,True,10-10
0.0,466,467,same_plane,944.6114857937753,True,True,10-10
0.0,467,468,same_plane,944.6114857937752,True,True,10-10
0.0,468,469,same_plane,944.6114857937754,True,True,10-10
0.0,469,470,same_plane,944.6114857937781,True,True,10-10
0.0,470,471,same_plane,944.6114857937717,True,True,10-10
0.0,471,472,same_plane,944.6114857937791,True,True,10-10
0.0,472,473,same_plane,944.6114857937749,True,True,10-10
0.0,473,474,same_plane,944.6114857937748,True,True,10-10
0.0,474,475,same_plane,944.6114857937754,True,True,10-10
0.0,475,476,same_plane,944.6114857937754,True,True,10-10
0.0,476,477,same_plane,944.611485793778,True,True,10-10
0.0,477,478,same_plane,944.6114857937723,True,True,10-10
0.0,478,479,same_plane,944.6114857937756,True,True,10-10
0.0,479,480,same_plane,944.6114857937773,True,True,10-10
0.0,480,481,same_plane,944.611485793776,True,True,10-10
0.0,481,482,same_plane,944.6114857937688,True,True,10-10
0.0,482,483,same_plane,944.6114857937791,True,True,10-10
0.0,483,484,same_plane,944.6114857937779,True,True,10-10
0.0,484,485,same_plane,944.6114857937786,True,True,10-10
0.0,485,486,same_plane,944.6114857937724,True,True,10-10
0.0,486,487,same_plane,944.6114857937721,True,True,10-10
0.0,487,488,same_plane,944.6114857937785,True,True,10-10
0.0,488,489,same_plane,944.6114857937781,True,True,10-10
0.0,489,490,same_plane,944.6114857937783,True,True,10-10
0.0,490,491,same_plane,944.6114857937727,True,True,10-10
0.0,491,492,same_plane,944.6114857937779,True,True,10-10
0.0,492,493,same_plane,944.6114857937778,True,True,10-10
0.0,493,494,same_plane,944.6114857937786,True,True,10-10
0.0,494,495,same_plane,944.6114857937725,True,True,10-10
0.0,495,496,same_plane,944.6114857937722,True,True,10-10
0.0,496,497,same_plane,944.6114857937779,True,True,10-10
0.0,497,498,same_plane,944.6114857937723,True,True,10-10
0.0,498,499,same_plane,944.6114857937783,True,True,10-10
0.0,499,500,same_plane,944.6114857937783,True,True,10-10
0.0,500,501,same_plane,944.6114857937721,True,True,10-10
0.0,501,502,same_plane,944.611485793778,True,True,10-10
0.0,502,503,same_plane,944.611485793772,True,True,10-10
0.0,503,504,same_plane,944.6114857937729,True,True,10-10
0.0,504,505,same_plane,944.6114857937845,True,True,10-10
0.0,460,505,same_plane,944.6114857937705,True,True,10-10
0.0,506,507,same_plane,944.6114857937752,True,True,11-11
0.0,507,508,same_plane,944.6114857937755,True,True,11-11
0.0,508,509,same_plane,944.611485793775,True,True,11-11
0.0,509,510,same_plane,944.6114857937752,True,True,11-11
0.0,510,511,same_plane,944.6114857937769,True,True,11-11
0.0,511,512,same_plane,944.6114857937748,True,True,11-11
0.0,512,513,same_plane,944.6114857937737,True,True,11-11
0.0,513,514,same_plane,944.6114857937786,True,True,11-11
0.0,514,515,same_plane,944.6114857937722,True,True,11-11
0.0,515,516,same_plane,944.6114857937772,True,True,11-11
0.0,516,517,same_plane,944.611485793773,True,True,11-11
0.0,517,518,same_plane,944.6114857937783,True,True,11-11
0.0,518,519,same_plane,944.6114857937781,True,True,11-11
0.0,519,520,same_plane,944.611485793772,True,True,11-11
0.0,520,521,same_plane,944.6114857937785,True,True,11-11
0.0,521,522,same_plane,944.6114857937721,True,True,11-11
0.0,522,523,same_plane,944.6114857937783,True,True,11-11
0.0,523,524,same_plane,944.6114857937721,True,True,11-11
0.0,524,525,same_plane,944.6114857937785,True,True,11-11
0.0,525,526,same_plane,944.6114857937783,True,True,11-11
0.0,526,527,same_plane,944.6114857937723,True,True,11-11
0.0,527,528,same_plane,944.6114857937711,True,True,11-11
0.0,528,529,same_plane,944.6114857937789,True,True,11-11
0.0,529,530,same_plane,944.6114857937779,True,True,11-11
0.0,530,531,same_plane,944.6114857937783,True,True,11-11
0.0,531,532,same_plane,944.6114857937721,True,True,11-11
0.0,532,533,same_plane,944.611485793772,True,True,11-11
0.0,533,534,same_plane,944.6114857937779,True,True,11-11
0.0,534,535,same_plane,944.6114857937786,True,True,11-11
0.0,535,536,same_plane,944.6114857937787,True,True,11-11
0.0,536,537,same_plane,944.611485793772,True,True,11-11
0.0,537,538,same_plane,944.6114857937773,True,True,11-11
0.0,538,539,same_plane,944.6114857937783,True,True,11-11
0.0,539,540,same_plane,944.6114857937788,True,True,11-11
0.0,540,541,same_plane,944.6114857937719,True,True,11-11
0.0,541,542,same_plane,944.6114857937725,True,True,11-11
0.0,542,543,same_plane,944.611485793778,True,True,11-11
0.0,543,544,same_plane,944.611485793772,True,True,11-11
0.0,544,545,same_plane,944.6114857937781,True,True,11-11
0.0,545,546,same_plane,944.6114857937787,True,True,11-11
0.0,546,547,same_plane,944.6114857937719,True,True,11-11
0.0,547,548,same_plane,944.6114857937781,True,True,11-11
0.0,548,549,same_plane,944.6114857937723,True,True,11-11
0.0,549,550,same_plane,944.6114857937722,True,True,11-11
0.0,550,551,same_plane,944.6114857937844,True,True,11-11
0.0,506,551,same_plane,944.6114857937706,True,True,11-11
0.0,552,553,same_plane,944.6114857937772,True,True,12-12
0.0,553,554,same_plane,944.6114857937754,True,True,12-12
0.0,554,555,same_plane,944.6114857937749,True,True,12-12
0.0,555,556,same_plane,944.6114857937771,True,True,12-12
0.0,556,557,same_plane,944.6114857937748,True,True,12-12
0.0,557,558,same_plane,944.6114857937749,True,True,12-12
0.0,558,559,same_plane,944.6114857937757,True,True,12-12
0.0,559,560,same_plane,944.6114857937747,True,True,12-12
0.0,560,561,same_plane,944.6114857937756,True,True,12-12
0.0,561,562,same_plane,944.6114857937785,True,True,12-12
0.0,562,563,same_plane,944.6114857937719,True,True,12-12
0.0,563,564,same_plane,944.6114857937789,True,True,12-12
0.0,564,565,same_plane,944.6114857937748,True,True,12-12
0.0,565,566,same_plane,944.6114857937754,True,True,12-12
0.0,566,567,same_plane,944.6114857937749,True,True,12-12
0.0,567,568,same_plane,944.6114857937752,True,True,12-12
0.0,568,569,same_plane,944.6114857937793,True,True,12-12
0.0,569,570,same_plane,944.6114857937719,True,True,12-12
0.0,570,571,same_plane,944.6114857937748,True,True,12-12
0.0,571,572,same_plane,944.6114857937785,True,True,12-12
0.0,572,573,same_plane,944.6114857937752,True,True,12-12
0.0,573,574,same_plane,944.6114857937721,True,True,12-12
0.0,574,575,same_plane,944.6114857937786,True,True,12-12
0.0,575,576,same_plane,944.6114857937785,True,True,12-12
0.0,576,577,same_plane,944.6114857937786,True,True,12-12
0.0,577,578,same_plane,944.6114857937714,True,True,12-12
0.0,578,579,same_plane,944.6114857937724,True,True,12-12
0.0,579,580,same_plane,944.6114857937786,True,True,12-12
0.0,580,581,same_plane,944.611485793778,True,True,12-12
0.0,581,582,same_plane,944.611485793778,True,True,12-12
0.0,582,583,same_plane,944.6114857937663,True,True,12-12
0.0,583,584,same_plane,944.6114857937777,True,True,12-12
0.0,584,585,same_plane,944.6114857937787,True,True,12-12
0.0,585,586,same_plane,944.6114857937783,True,True,12-12
0.0,586,587,same_plane,944.6114857937785,True,True,12-12
0.0,587,588,same_plane,944.6114857937658,True,True,12-12
0.0,588,589,same_plane,944.6114857937787,True,True,12-12
0.0,589,590,same_plane,944.611485793778,True,True,12-12
0.0,590,591,same_plane,944.6114857937786,True,True,12-12
0.0,591,592,same_plane,944.6114857937785,True,True,12-12
0.0,592,593,same_plane,944.6114857937666,True,True,12-12
0.0,593,594,same_plane,944.6114857937781,True,True,12-12
0.0,594,595,same_plane,944.6114857937778,True,True,12-12
0.0,595,596,same_plane,944.6114857937657,True,True,12-12
0.0,596,597,same_plane,944.6114857937912,True,True,12-12
0.0,552,597,same_plane,944.6114857937672,True,True,12-12
0.0,598,599,same_plane,944.6114857937765,True,True,13-13
0.0,599,600,same_plane,944.6114857937763,True,True,13-13
0.0,600,601,same_plane,944.6114857937741,True,True,13-13
0.0,601,602,same_plane,944.6114857937769,True,True,13-13
0.0,602,603,same_plane,944.6114857937752,True,True,13-13
0.0,603,604,same_plane,944.6114857937752,True,True,13-13
0.0,604,605,same_plane,944.6114857937765,True,True,13-13
0.0,605,606,same_plane,944.6114857937739,True,True,13-13
0.0,606,607,same_plane,944.6114857937764,True,True,13-13
0.0,607,608,same_plane,944.6114857937778,True,True,13-13
0.0,608,609,same_plane,944.6114857937719,True,True,13-13
0.0,609,610,same_plane,944.6114857937782,True,True,13-13
0.0,610,611,same_plane,944.6114857937756,True,True,13-13
0.0,611,612,same_plane,944.6114857937754,True,True,13-13
0.0,612,613,same_plane,944.6114857937755,True,True,13-13
0.0,613,614,same_plane,944.6114857937752,True,True,13-13
0.0,614,615,same_plane,944.6114857937785,True,True,13-13
0.0,615,616,same_plane,944.6114857937714,True,True,13-13
0.0,616,617,same_plane,944.6114857937752,True,True,13-13
0.0,617,618,same_plane,944.6114857937785,True,True,13-13
0.0,618,619,same_plane,944.6114857937787,True,True,13-13
0.0,619,620,same_plane,944.6114857937656,True,True,13-13
0.0,620,621,same_plane,944.6114857937783,True,True,13-13
0.0,621,622,same_plane,944.6114857937782,True,True,13-13
0.0,622,623,same_plane,944.6114857937789,True,True,13-13
0.0,623,624,same_plane,944.6114857937777,True,True,13-13
0.0,624,625,same_plane,944.6114857937667,True,True,13-13
0.0,625,626,same_plane,944.6114857937773,True,True,13-13
0.0,626,627,same_plane,944.6114857937783,True,True,13-13
0.0,627,628,same_plane,944.6114857937785,True,True,13-13
0.0,628,629,same_plane,944.6114857937719,True,True,13-13
0.0,629,630,same_plane,944.611485793779,True,True,13-13
0.0,630,631,same_plane,944.6114857937785,True,True,13-13
0.0,631,632,same_plane,944.6114857937785,True,True,13-13
0.0,632,633,same_plane,944.6114857937721,True,True,13-13
0.0,633,634,same_plane,944.611485793772,True,True,13-13
0.0,634,635,same_plane,944.6114857937781,True,True,13-13
0.0,635,636,same_plane,944.6114857937725,True,True,13-13
0.0,636,637,same_plane,944.6114857937783,True,True,13-13
0.0,637,638,same_plane,944.611485793778,True,True,13-13
0.0,638,639,same_plane,944.6114857937721,True,True,13-13
0.0,639,640,same_plane,944.6114857937781,True,True,13-13
0.0,640,641,same_plane,944.6114857937723,True,True,13-13
0.0,641,642,same_plane,944.6114857937719,True,True,13-13
0.0,642,643,same_plane,944.6114857937846,True,True,13-13
0.0,598,643,same_plane,944.6114857937711,True,True,13-13
0.0,644,645,same_plane,944.6114857937752,True,True,14-14
0.0,645,646,same_plane,944.6114857937754,True,True,14-14
0.0,646,647,same_plane,944.6114857937752,True,True,14-14
0.0,647,648,same_plane,944.6114857937748,True,True,14-14
0.0,648,649,same_plane,944.6114857937756,True,True,14-14
0.0,649,650,same_plane,944.6114857937781,True,True,14-14
0.0,650,651,same_plane,944.611485793772,True,True,14-14
0.0,651,652,same_plane,944.6114857937786,True,True,14-14
0.0,652,653,same_plane,944.6114857937725,True,True,14-14
0.0,653,654,same_plane,944.6114857937775,True,True,14-14
0.0,654,655,same_plane,944.6114857937724,True,True,14-14
0.0,655,656,same_plane,944.6114857937783,True,True,14-14
0.0,656,657,same_plane,944.6114857937779,True,True,14-14
0.0,657,658,same_plane,944.6114857937728,True,True,14-14
0.0,658,659,same_plane,944.6114857937781,True,True,14-14
0.0,659,660,same_plane,944.6114857937716,True,True,14-14
0.0,660,661,same_plane,944.6114857937789,True,True,14-14
0.0,661,662,same_plane,944.6114857937715,True,True,14-14
0.0,662,663,same_plane,944.6114857937778,True,True,14-14
0.0,663,664,same_plane,944.6114857937791,True,True,14-14
0.0,664,665,same_plane,944.611485793772,True,True,14-14
0.0,665,666,same_plane,944.6114857937728,True,True,14-14
0.0,666,667,same_plane,944.6114857937781,True,True,14-14
0.0,667,668,same_plane,944.6114857937778,True,True,14-14
0.0,668,669,same_plane,944.6114857937786,True,True,14-14
0.0,669,670,same_plane,944.6114857937717,True,True,14-14
0.0,670,671,same_plane,944.6114857937725,True,True,14-14
0.0,671,672,same_plane,944.6114857937786,True,True,14-14
0.0,672,673,same_plane,944.6114857937778,True,True,14-14
0.0,673,674,same_plane,944.6114857937781,True,True,14-14
0.0,674,675,same_plane,944.6114857937727,True,True,14-14
0.0,675,676,same_plane,944.6114857937781,True,True,14-14
0.0,676,677,same_plane,944.6114857937772,True,True,14-14
0.0,677,678,same_plane,944.6114857937791,True,True,14-14
0.0,678,679,same_plane,944.6114857937716,True,True,14-14
0.0,679,680,same_plane,944.6114857937725,True,True,14-14
0.0,680,681,same_plane,944.6114857937785,True,True,14-14
0.0,681,682,same_plane,944.611485793772,True,True,14-14
0.0,682,683,same_plane,944.611485793778,True,True,14-14
0.0,683,684,same_plane,944.6114857937785,True,True,14-14
0.0,684,685,same_plane,944.611485793773,True,True,14-14
0.0,685,686,same_plane,944.6114857937778,True,True,14-14
0.0,686,687,same_plane,944.6114857937716,True,True,14-14
0.0,687,688,same_plane,944.6114857937724,True,True,14-14
0.0,688,689,same_plane,944.6114857937843,True,True,14-14
0.0,644,689,same_plane,944.6114857937707,True,True,14-14
0.0,690,691,same_plane,944.6114857937757,True,True,15-15
0.0,691,692,same_plane,944.611485793775,True,True,15-15
0.0,692,693,same_plane,944.6114857937752,True,True,15-15
0.0,693,694,same_plane,944.611485793777,True,True,15-15
0.0,694,695,same_plane,944.6114857937758,True,True,15-15
0.0,695,696,same_plane,944.6114857937745,True,True,15-15
0.0,696,697,same_plane,944.6114857937753,True,True,15-15
0.0,697,698,same_plane,944.6114857937755,True,True,15-15
0.0,698,699,same_plane,944.6114857937745,True,True,15-15
0.0,699,700,same_plane,944.6114857937783,True,True,15-15
0.0,700,701,same_plane,944.6114857937727,True,True,15-15
0.0,701,702,same_plane,944.6114857937777,True,True,15-15
0.0,702,703,same_plane,944.6114857937754,True,True,15-15
0.0,703,704,same_plane,944.6114857937754,True,True,15-15
0.0,704,705,same_plane,944.6114857937757,True,True,15-15
0.0,705,706,same_plane,944.6114857937747,True,True,15-15
0.0,706,707,same_plane,944.6114857937787,True,True,15-15
0.0,707,708,same_plane,944.6114857937721,True,True,15-15
0.0,708,709,same_plane,944.6114857937777,True,True,15-15
0.0,709,710,same_plane,944.6114857937781,True,True,15-15
0.0,710,711,same_plane,944.6114857937727,True,True,15-15
0.0,711,712,same_plane,944.6114857937722,True,True,15-15
0.0,712,713,same_plane,944.6114857937787,True,True,15-15
0.0,713,714,same_plane,944.6114857937773,True,True,15-15
0.0,714,715,same_plane,944.6114857937786,True,True,15-15
0.0,715,716,same_plane,944.6114857937719,True,True,15-15
0.0,716,717,same_plane,944.611485793772,True,True,15-15
0.0,717,718,same_plane,944.6114857937781,True,True,15-15
0.0,718,719,same_plane,944.6114857937779,True,True,15-15
0.0,719,720,same_plane,944.6114857937786,True,True,15-15
0.0,720,721,same_plane,944.611485793766,True,True,15-15
0.0,721,722,same_plane,944.6114857937787,True,True,15-15
0.0,722,723,same_plane,944.6114857937781,True,True,15-15
0.0,723,724,same_plane,944.6114857937778,True,True,15-15
0.0,724,725,same_plane,944.6114857937787,True,True,15-15
0.0,725,726,same_plane,944.6114857937661,True,True,15-15
0.0,726,727,same_plane,944.6114857937778,True,True,15-15
0.0,727,728,same_plane,944.6114857937787,True,True,15-15
0.0,728,729,same_plane,944.6114857937783,True,True,15-15
0.0,729,730,same_plane,944.6114857937785,True,True,15-15
0.0,730,731,same_plane,944.6114857937654,True,True,15-15
0.0,731,732,same_plane,944.6114857937786,True,True,15-15
0.0,732,733,same_plane,944.6114857937785,True,True,15-15
0.0,733,734,same_plane,944.6114857937658,True,True,15-15
0.0,734,735,same_plane,944.61148579379,True,True,15-15
0.0,690,735,same_plane,944.6114857937685,True,True,15-15
0.0,736,737,same_plane,944.6114857937746,True,True,16-16
0.0,737,738,same_plane,944.6114857937752,True,True,16-16
0.0,738,739,same_plane,944.6114857937754,True,True,16-16
0.0,739,740,same_plane,944.6114857937748,True,True,16-16
0.0,740,741,same_plane,944.6114857937783,True,True,16-16
0.0,741,742,same_plane,944.6114857937721,True,True,16-16
0.0,742,743,same_plane,944.6114857937778,True,True,16-16
0.0,743,744,same_plane,944.6114857937722,True,True,16-16
0.0,744,745,same_plane,944.611485793778,True,True,16-16
0.0,745,746,same_plane,944.6114857937789,True,True,16-16
0.0,746,747,same_plane,944.6114857937715,True,True,16-16
0.0,747,748,same_plane,944.6114857937787,True,True,16-16
0.0,748,749,same_plane,944.6114857937719,True,True,16-16
0.0,749,750,same_plane,944.611485793778,True,True,16-16
0.0,750,751,same_plane,944.6114857937723,True,True,16-16
0.0,751,752,same_plane,944.6114857937788,True,True,16-16
0.0,752,753,same_plane,944.6114857937781,True,True,16-16
0.0,753,754,same_plane,944.6114857937723,True,True,16-16
0.0,754,755,same_plane,944.6114857937714,True,True,16-16
0.0,755,756,same_plane,944.6114857937788,True,True,16-16
0.0,756,757,same_plane,944.6114857937779,True,True,16-16
0.0,757,758,same_plane,944.6114857937721,True,True,16-16
0.0,758,759,same_plane,944.6114857937786,True,True,16-16
0.0,759,760,same_plane,944.6114857937713,True,True,16-16
0.0,760,761,same_plane,944.6114857937787,True,True,16-16
0.0,761,762,same_plane,944.611485793778,True,True,16-16
0.0,762,763,same_plane,944.6114857937713,True,True,16-16
0.0,763,764,same_plane,944.6114857937795,True,True,16-16
0.0,764,765,same_plane,944.6114857937713,True,True,16-16
0.0,765,766,same_plane,944.6114857937778,True,True,16-16
0.0,766,767,same_plane,944.6114857937729,True,True,16-16
0.0,767,768,same_plane,944.6114857937774,True,True,16-16
0.0,768,769,same_plane,944.6114857937783,True,True,16-16
0.0,769,770,same_plane,944.6114857937785,True,True,16-16
0.0,770,771,same_plane,944.6114857937721,True,True,16-16
0.0,771,772,same_plane,944.6114857937727,True,True,16-16
0.0,772,773,same_plane,944.611485793778,True,True,16-16
0.0,773,774,same_plane,944.6114857937721,True,True,16-16
0.0,774,775,same_plane,944.611485793778,True,True,16-16
0.0,775,776,same_plane,944.6114857937788,True,True,16-16
0.0,776,777,same_plane,944.6114857937717,True,True,16-16
0.0,777,778,same_plane,944.6114857937789,True,True,16-16
0.0,778,779,same_plane,944.6114857937715,True,True,16-16
0.0,779,780,same_plane,944.6114857937719,True,True,16-16
0.0,780,781,same_plane,944.6114857937852,True,True,16-16
0.0,736,781,same_plane,944.6114857937737,True,True,16-16
0.0,782,783,same_plane,944.611485793775,True,True,17-17
0.0,783,784,same_plane,944.6114857937752,True,True,17-17
0.0,784,785,same_plane,944.6114857937747,True,True,17-17
0.0,785,786,same_plane,944.6114857937755,True,True,17-17
0.0,786,787,same_plane,944.6114857937763,True,True,17-17
0.0,787,788,same_plane,944.6114857937778,True,True,17-17
0.0,788,789,same_plane,944.6114857937721,True,True,17-17
0.0,789,790,same_plane,944.6114857937778,True,True,17-17
0.0,790,791,same_plane,944.611485793772,True,True,17-17
0.0,791,792,same_plane,944.6114857937786,True,True,17-17
0.0,792,793,same_plane,944.611485793772,True,True,17-17
0.0,793,794,same_plane,944.6114857937787,True,True,17-17
0.0,794,795,same_plane,944.611485793778,True,True,17-17
0.0,795,796,same_plane,944.6114857937719,True,True,17-17
0.0,796,797,same_plane,944.611485793779,True,True,17-17
0.0,797,798,same_plane,944.6114857937715,True,True,17-17
0.0,798,799,same_plane,944.6114857937785,True,True,17-17
0.0,799,800,same_plane,944.6114857937727,True,True,17-17
0.0,800,801,same_plane,944.6114857937777,True,True,17-17
0.0,801,802,same_plane,944.6114857937791,True,True,17-17
0.0,802,803,same_plane,944.6114857937721,True,True,17-17
0.0,803,804,same_plane,944.6114857937719,True,True,17-17
0.0,804,805,same_plane,944.6114857937787,True,True,17-17
0.0,805,806,same_plane,944.6114857937779,True,True,17-17
0.0,806,807,same_plane,944.6114857937781,True,True,17-17
0.0,807,808,same_plane,944.6114857937716,True,True,17-17
0.0,808,809,same_plane,944.6114857937714,True,True,17-17
0.0,809,810,same_plane,944.61148579378,True,True,17-17
0.0,810,811,same_plane,944.6114857937777,True,True,17-17
0.0,811,812,same_plane,944.6114857937788,True,True,17-17
0.0,812,813,same_plane,944.611485793772,True,True,17-17
0.0,813,814,same_plane,944.6114857937777,True,True,17-17
0.0,814,815,same_plane,944.6114857937791,True,True,17-17
0.0,815,816,same_plane,944.6114857937781,True,True,17-17
0.0,816,817,same_plane,944.6114857937721,True,True,17-17
0.0,817,818,same_plane,944.6114857937721,True,True,17-17
0.0,818,819,same_plane,944.6114857937789,True,True,17-17
0.0,819,820,same_plane,944.6114857937714,True,True,17-17
0.0,820,821,same_plane,944.6114857937786,True,True,17-17
0.0,821,822,same_plane,944.6114857937779,True,True,17-17
0.0,822,823,same_plane,944.611485793773,True,True,17-17
0.0,823,824,same_plane,944.6114857937778,True,True,17-17
0.0,824,825,same_plane,944.6114857937722,True,True,17-17
0.0,825,826,same_plane,944.6114857937724,True,True,17-17
0.0,826,827,same_plane,944.6114857937843,True,True,17-17
0.0,782,827,same_plane,944.6114857937712,True,True,17-17
0.0,828,829,same_plane,944.6114857937754,True,True,18-18
0.0,829,830,same_plane,944.6114857937745,True,True,18-18
0.0,830,831,same_plane,944.6114857937754,True,True,18-18
0.0,831,832,same_plane,944.611485793775,True,True,18-18
0.0,832,833,same_plane,944.6114857937755,True,True,18-18
0.0,833,834,same_plane,944.6114857937779,True,True,18-18
0.0,834,835,same_plane,944.6114857937727,True,True,18-18
0.0,835,836,same_plane,944.611485793778,True,True,18-18
0.0,836,837,same_plane,944.6114857937725,True,True,18-18
0.0,837,838,same_plane,944.611485793778,True,True,18-18
0.0,838,839,same_plane,944.6114857937724,True,True,18-18
0.0,839,840,same_plane,944.6114857937783,True,True,18-18
0.0,840,841,same_plane,944.6114857937779,True,True,18-18
0.0,841,842,same_plane,944.6114857937727,True,True,18-18
0.0,842,843,same_plane,944.6114857937781,True,True,18-18
0.0,843,844,same_plane,944.6114857937728,True,True,18-18
0.0,844,845,same_plane,944.6114857937779,True,True,18-18
0.0,845,846,same_plane,944.6114857937722,True,True,18-18
0.0,846,847,same_plane,944.6114857937779,True,True,18-18
0.0,847,848,same_plane,944.6114857937786,True,True,18-18
0.0,848,849,same_plane,944.611485793772,True,True,18-18
0.0,849,850,same_plane,944.6114857937721,True,True,18-18
0.0,850,851,same_plane,944.6114857937781,True,True,18-18
0.0,851,852,same_plane,944.6114857937785,True,True,18-18
0.0,852,853,same_plane,944.6114857937778,True,True,18-18
0.0,853,854,same_plane,944.611485793773,True,True,18-18
0.0,854,855,same_plane,944.6114857937714,True,True,18-18
0.0,855,856,same_plane,944.611485793778,True,True,18-18
0.0,856,857,same_plane,944.6114857937777,True,True,18-18
0.0,857,858,same_plane,944.6114857937787,True,True,18-18
0.0,858,859,same_plane,944.6114857937727,True,True,18-18
0.0,859,860,same_plane,944.6114857937779,True,True,18-18
0.0,860,861,same_plane,944.6114857937783,True,True,18-18
0.0,861,862,same_plane,944.6114857937785,True,True,18-18
0.0,862,863,same_plane,944.611485793772,True,True,18-18
0.0,863,864,same_plane,944.611485793772,True,True,18-18
0.0,864,865,same_plane,944.6114857937783,True,True,18-18
0.0,865,866,same_plane,944.611485793772,True,True,18-18
0.0,866,867,same_plane,944.6114857937777,True,True,18-18
0.0,867,868,same_plane,944.6114857937793,True,True,18-18
0.0,868,869,same_plane,944.6114857937717,True,True,18-18
0.0,869,870,same_plane,944.6114857937783,True,True,18-18
0.0,870,871,same_plane,944.6114857937722,True,True,18-18
0.0,871,872,same_plane,944.6114857937722,True,True,18-18
0.0,872,873,same_plane,944.6114857937843,True,True,18-18
0.0,828,873,same_plane,944.6114857937708,True,True,18-18
0.0,874,875,same_plane,944.6114857937752,True,True,19-19
0.0,875,876,same_plane,944.611485793775,True,True,19-19
0.0,876,877,same_plane,944.6114857937755,True,True,19-19
0.0,877,878,same_plane,944.6114857937745,True,True,19-19
0.0,878,879,same_plane,944.6114857937794,True,True,19-19
0.0,879,880,same_plane,944.6114857937712,True,True,19-19
0.0,880,881,same_plane,944.6114857937786,True,True,19-19
0.0,881,882,same_plane,944.6114857937721,True,True,19-19
0.0,882,883,same_plane,944.6114857937783,True,True,19-19
0.0,883,884,same_plane,944.6114857937783,True,True,19-19
0.0,884,885,same_plane,944.6114857937722,True,True,19-19
0.0,885,886,same_plane,944.6114857937781,True,True,19-19
0.0,886,887,same_plane,944.6114857937725,True,True,19-19
0.0,887,888,same_plane,944.6114857937773,True,True,19-19
0.0,888,889,same_plane,944.6114857937727,True,True,19-19
0.0,889,890,same_plane,944.6114857937788,True,True,19-19
0.0,890,891,same_plane,944.6114857937786,True,True,19-19
0.0,891,892,same_plane,944.6114857937712,True,True,19-19
0.0,892,893,same_plane,944.611485793772,True,True,19-19
0.0,893,894,same_plane,944.6114857937785,True,True,19-19
0.0,894,895,same_plane,944.6114857937783,True,True,19-19
0.0,895,896,same_plane,944.6114857937723,True,True,19-19
0.0,896,897,same_plane,944.6114857937781,True,True,19-19
0.0,897,898,same_plane,944.611485793772,True,True,19-19
0.0,898,899,same_plane,944.611485793779,True,True,19-19
0.0,899,900,same_plane,944.6114857937775,True,True,19-19
0.0,900,901,same_plane,944.6114857937721,True,True,19-19
0.0,901,902,same_plane,944.6114857937779,True,True,19-19
0.0,902,903,same_plane,944.6114857937721,True,True,19-19
0.0,903,904,same_plane,944.6114857937786,True,True,19-19
0.0,904,905,same_plane,944.6114857937719,True,True,19-19
0.0,905,906,same_plane,944.6114857937785,True,True,19-19
0.0,906,907,same_plane,944.6114857937785,True,True,19-19
0.0,907,908,same_plane,944.6114857937781,True,True,19-19
0.0,908,909,same_plane,944.6114857937722,True,True,19-19
0.0,909,910,same_plane,944.611485793773,True,True,19-19
0.0,910,911,same_plane,944.6114857937769,True,True,19-19
0.0,911,912,same_plane,944.6114857937722,True,True,19-19
0.0,912,913,same_plane,944.6114857937793,True,True,19-19
0.0,913,914,same_plane,944.6114857937785,True,True,19-19
0.0,914,915,same_plane,944.6114857937714,True,True,19-19
0.0,915,916,same_plane,944.6114857937782,True,True,19-19
0.0,916,917,same_plane,944.6114857937719,True,True,19-19
0.0,917,918,same_plane,944.6114857937722,True,True,19-19
0.0,918,919,same_plane,944.6114857937844,True,True,19-19
0.0,874,919,same_plane,944.6114857937739,True,True,19-19
0.0,920,921,same_plane,944.6114857937757,True,True,20-20
0.0,921,922,same_plane,944.6114857937754,True,True,20-20
0.0,922,923,same_plane,944.6114857937742,True,True,20-20
0.0,923,924,same_plane,944.6114857937755,True,True,20-20
0.0,924,925,same_plane,944.6114857937761,True,True,20-20
0.0,925,926,same_plane,944.6114857937781,True,True,20-20
0.0,926,927,same_plane,944.6114857937721,True,True,20-20
0.0,927,928,same_plane,944.6114857937783,True,True,20-20
0.0,928,929,same_plane,944.6114857937721,True,True,20-20
0.0,929,930,same_plane,944.6114857937785,True,True,20-20
0.0,930,931,same_plane,944.611485793772,True,True,20-20
0.0,931,932,same_plane,944.6114857937783,True,True,20-20
0.0,932,933,same_plane,944.6114857937775,True,True,20-20
0.0,933,934,same_plane,944.611485793773,True,True,20-20
0.0,934,935,same_plane,944.6114857937777,True,True,20-20
0.0,935,936,same_plane,944.611485793773,True,True,20-20
0.0,936,937,same_plane,944.6114857937777,True,True,20-20
0.0,937,938,same_plane,944.6114857937727,True,True,20-20
0.0,938,939,same_plane,944.6114857937783,True,True,20-20
0.0,939,940,same_plane,944.6114857937782,True,True,20-20
0.0,940,941,same_plane,944.6114857937721,True,True,20-20
0.0,941,942,same_plane,944.6114857937723,True,True,20-20
0.0,942,943,same_plane,944.6114857937788,True,True,20-20
0.0,943,944,same_plane,944.6114857937785,True,True,20-20
0.0,944,945,same_plane,944.6114857937778,True,True,20-20
0.0,945,946,same_plane,944.6114857937722,True,True,20-20
0.0,946,947,same_plane,944.6114857937715,True,True,20-20
0.0,947,948,same_plane,944.6114857937786,True,True,20-20
0.0,948,949,same_plane,944.6114857937786,True,True,20-20
0.0,949,950,same_plane,944.611485793778,True,True,20-20
0.0,950,951,same_plane,944.6114857937723,True,True,20-20
0.0,951,952,same_plane,944.6114857937783,True,True,20-20
0.0,952,953,same_plane,944.6114857937783,True,True,20-20
0.0,953,954,same_plane,944.6114857937787,True,True,20-20
0.0,954,955,same_plane,944.6114857937716,True,True,20-20
0.0,955,956,same_plane,944.611485793772,True,True,20-20
0.0,956,957,same_plane,944.6114857937783,True,True,20-20
0.0,957,958,same_plane,944.6114857937721,True,True,20-20
0.0,958,959,same_plane,944.6114857937796,True,True,20-20
0.0,959,960,same_plane,944.611485793778,True,True,20-20
0.0,960,961,same_plane,944.6114857937721,True,True,20-20
0.0,961,962,same_plane,944.611485793778,True,True,20-20
0.0,962,963,same_plane,944.6114857937724,True,True,20-20
0.0,963,964,same_plane,944.6114857937721,True,True,20-20
0.0,964,965,same_plane,944.6114857937786,True,True,20-20
0.0,920,965,same_plane,944.6114857937764,True,True,20-20
0.0,966,967,same_plane,944.6114857937745,True,True,21-21
0.0,967,968,same_plane,944.6114857937756,True,True,21-21
0.0,968,969,same_plane,944.6114857937777,True,True,21-21
0.0,969,970,same_plane,944.6114857937761,True,True,21-21
0.0,970,971,same_plane,944.6114857937752,True,True,21-21
0.0,971,972,same_plane,944.611485793775,True,True,21-21
0.0,972,973,same_plane,944.6114857937754,True,True,21-21
0.0,973,974,same_plane,944.6114857937749,True,True,21-21
0.0,974,975,same_plane,944.6114857937752,True,True,21-21
0.0,975,976,same_plane,944.6114857937783,True,True,21-21
0.0,976,977,same_plane,944.6114857937719,True,True,21-21
0.0,977,978,same_plane,944.6114857937788,True,True,21-21
0.0,978,979,same_plane,944.6114857937746,True,True,21-21
0.0,979,980,same_plane,944.6114857937757,True,True,21-21
0.0,980,981,same_plane,944.6114857937785,True,True,21-21
0.0,981,982,same_plane,944.6114857937722,True,True,21-21
0.0,982,983,same_plane,944.6114857937779,True,True,21-21
0.0,983,984,same_plane,944.611485793772,True,True,21-21
0.0,984,985,same_plane,944.6114857937785,True,True,21-21
0.0,985,986,same_plane,944.6114857937779,True,True,21-21
0.0,986,987,same_plane,944.6114857937719,True,True,21-21
0.0,987,988,same_plane,944.6114857937729,True,True,21-21
0.0,988,989,same_plane,944.6114857937781,True,True,21-21
0.0,989,990,same_plane,944.6114857937786,True,True,21-21
0.0,990,991,same_plane,944.6114857937775,True,True,21-21
0.0,991,992,same_plane,944.6114857937714,True,True,21-21
0.0,992,993,same_plane,944.611485793773,True,True,21-21
0.0,993,994,same_plane,944.6114857937782,True,True,21-21
0.0,994,995,same_plane,944.6114857937786,True,True,21-21
0.0,995,996,same_plane,944.6114857937781,True,True,21-21
0.0,996,997,same_plane,944.6114857937657,True,True,21-21
0.0,997,998,same_plane,944.6114857937786,True,True,21-21
0.0,998,999,same_plane,944.6114857937781,True,True,21-21
0.0,999,1000,same_plane,944.6114857937781,True,True,21-21
0.0,1000,1001,same_plane,944.6114857937788,True,True,21-21
0.0,1001,1002,same_plane,944.6114857937658,True,True,21-21
0.0,1002,1003,same_plane,944.611485793778,True,True,21-21
0.0,1003,1004,same_plane,944.6114857937782,True,True,21-21
0.0,1004,1005,same_plane,944.611485793778,True,True,21-21
0.0,1005,1006,same_plane,944.6114857937788,True,True,21-21
0.0,1006,1007,same_plane,944.6114857937661,True,True,21-21
0.0,1007,1008,same_plane,944.6114857937785,True,True,21-21
0.0,1008,1009,same_plane,944.611485793778,True,True,21-21
0.0,1009,1010,same_plane,944.6114857937661,True,True,21-21
0.0,1010,1011,same_plane,944.6114857937903,True,True,21-21
0.0,966,1011,same_plane,944.6114857937683,True,True,21-21
0.0,1012,1013,same_plane,944.6114857937755,True,True,22-22
0.0,1013,1014,same_plane,944.6114857937754,True,True,22-22
0.0,1014,1015,same_plane,944.6114857937788,True,True,22-22
0.0,1015,1016,same_plane,944.6114857937748,True,True,22-22
0.0,1016,1017,same_plane,944.6114857937754,True,True,22-22
0.0,1017,1018,same_plane,944.6114857937749,True,True,22-22
0.0,1018,1019,same_plane,944.6114857937754,True,True,22-22
0.0,1019,1020,same_plane,944.6114857937752,True,True,22-22
0.0,1020,1021,same_plane,944.6114857937752,True,True,22-22
0.0,1021,1022,same_plane,944.6114857937789,True,True,22-22
0.0,1022,1023,same_plane,944.611485793771,True,True,22-22
0.0,1023,1024,same_plane,944.6114857937791,True,True,22-22
0.0,1024,1025,same_plane,944.6114857937742,True,True,22-22
0.0,1025,1026,same_plane,944.6114857937756,True,True,22-22
0.0,1026,1027,same_plane,944.6114857937728,True,True,22-22
0.0,1027,1028,same_plane,944.6114857937779,True,True,22-22
0.0,1028,1029,same_plane,944.6114857937786,True,True,22-22
0.0,1029,1030,same_plane,944.611485793772,True,True,22-22
0.0,1030,1031,same_plane,944.6114857937721,True,True,22-22
0.0,1031,1032,same_plane,944.6114857937786,True,True,22-22
0.0,1032,1033,same_plane,944.6114857937778,True,True,22-22
0.0,1033,1034,same_plane,944.6114857937722,True,True,22-22
0.0,1034,1035,same_plane,944.6114857937781,True,True,22-22
0.0,1035,1036,same_plane,944.6114857937725,True,True,22-22
0.0,1036,1037,same_plane,944.6114857937779,True,True,22-22
0.0,1037,1038,same_plane,944.6114857937781,True,True,22-22
0.0,1038,1039,same_plane,944.6114857937725,True,True,22-22
0.0,1039,1040,same_plane,944.6114857937779,True,True,22-22
0.0,1040,1041,same_plane,944.6114857937721,True,True,22-22
0.0,1041,1042,same_plane,944.6114857937785,True,True,22-22
0.0,1042,1043,same_plane,944.611485793778,True,True,22-22
0.0,1043,1044,same_plane,944.6114857937781,True,True,22-22
0.0,1044,1045,same_plane,944.6114857937786,True,True,22-22
0.0,1045,1046,same_plane,944.611485793779,True,True,22-22
0.0,1046,1047,same_plane,944.6114857937655,True,True,22-22
0.0,1047,1048,same_plane,944.6114857937783,True,True,22-22
0.0,1048,1049,same_plane,944.6114857937779,True,True,22-22
0.0,1049,1050,same_plane,944.6114857937661,True,True,22-22
0.0,1050,1051,same_plane,944.6114857937786,True,True,22-22
0.0,1051,1052,same_plane,944.6114857937781,True,True,22-22
0.0,1052,1053,same_plane,944.6114857937783,True,True,22-22
0.0,1053,1054,same_plane,944.6114857937779,True,True,22-22
0.0,1054,1055,same_plane,944.6114857937662,True,True,22-22
0.0,1055,1056,same_plane,944.6114857937778,True,True,22-22
0.0,1056,1057,same_plane,944.6114857937789,True,True,22-22
0.0,1012,1057,same_plane,944.6114857937733,True,True,22-22
0.0,1058,1059,same_plane,944.6114857937742,True,True,23-23
0.0,1059,1060,same_plane,944.6114857937788,True,True,23-23
0.0,1060,1061,same_plane,944.6114857937752,True,True,23-23
0.0,1061,1062,same_plane,944.6114857937758,True,True,23-23
0.0,1062,1063,same_plane,944.6114857937742,True,True,23-23
0.0,1063,1064,same_plane,944.6114857937756,True,True,23-23
0.0,1064,1065,same_plane,944.6114857937756,True,True,23-23
0.0,1065,1066,same_plane,944.6114857937752,True,True,23-23
0.0,1066,1067,same_plane,944.6114857937748,True,True,23-23
0.0,1067,1068,same_plane,944.6114857937787,True,True,23-23
0.0,1068,1069,same_plane,944.6114857937714,True,True,23-23
0.0,1069,1070,same_plane,944.6114857937793,True,True,23-23
0.0,1070,1071,same_plane,944.6114857937741,True,True,23-23
0.0,1071,1072,same_plane,944.6114857937787,True,True,23-23
0.0,1072,1073,same_plane,944.6114857937724,True,True,23-23
0.0,1073,1074,same_plane,944.6114857937717,True,True,23-23
0.0,1074,1075,same_plane,944.6114857937781,True,True,23-23
0.0,1075,1076,same_plane,944.6114857937789,True,True,23-23
0.0,1076,1077,same_plane,944.6114857937717,True,True,23-23
0.0,1077,1078,same_plane,944.6114857937785,True,True,23-23
0.0,1078,1079,same_plane,944.6114857937721,True,True,23-23
0.0,1079,1080,same_plane,944.611485793778,True,True,23-23
0.0,1080,1081,same_plane,944.6114857937778,True,True,23-23
0.0,1081,1082,same_plane,944.6114857937725,True,True,23-23
0.0,1082,1083,same_plane,944.6114857937787,True,True,23-23
0.0,1083,1084,same_plane,944.611485793772,True,True,23-23
0.0,1084,1085,same_plane,944.6114857937786,True,True,23-23
0.0,1085,1086,same_plane,944.6114857937781,True,True,23-23
0.0,1086,1087,same_plane,944.611485793772,True,True,23-23
0.0,1087,1088,same_plane,944.6114857937781,True,True,23-23
0.0,1088,1089,same_plane,944.6114857937721,True,True,23-23
0.0,1089,1090,same_plane,944.6114857937786,True,True,23-23
0.0,1090,1091,same_plane,944.6114857937774,True,True,23-23
0.0,1091,1092,same_plane,944.6114857937793,True,True,23-23
0.0,1092,1093,same_plane,944.6114857937714,True,True,23-23
0.0,1093,1094,same_plane,944.6114857937725,True,True,23-23
0.0,1094,1095,same_plane,944.6114857937783,True,True,23-23
0.0,1095,1096,same_plane,944.6114857937716,True,True,23-23
0.0,1096,1097,same_plane,944.6114857937788,True,True,23-23
0.0,1097,1098,same_plane,944.6114857937779,True,True,23-23
0.0,1098,1099,same_plane,944.6114857937728,True,True,23-23
0.0,1099,1100,same_plane,944.6114857937778,True,True,23-23
0.0,1100,1101,same_plane,944.6114857937783,True,True,23-23
0.0,1101,1102,same_plane,944.6114857937656,True,True,23-23
0.0,1102,1103,same_plane,944.6114857937908,True,True,23-23
0.0,1058,1103,same_plane,944.6114857937649,True,True,23-23
0.0,1104,1105,same_plane,944.6114857937748,True,True,24-24
0.0,1105,1106,same_plane,944.6114857937783,True,True,24-24
0.0,1106,1107,same_plane,944.6114857937752,True,True,24-24
0.0,1107,1108,same_plane,944.6114857937749,True,True,24-24
0.0,1108,1109,same_plane,944.611485793775,True,True,24-24
0.0,1109,1110,same_plane,944.611485793775,True,True,24-24
0.0,1110,1111,same_plane,944.6114857937758,True,True,24-24
0.0,1111,1112,same_plane,944.611485793775,True,True,24-24
0.0,1112,1113,same_plane,944.6114857937752,True,True,24-24
0.0,1113,1114,same_plane,944.6114857937786,True,True,24-24
0.0,1114,1115,same_plane,944.6114857937713,True,True,24-24
0.0,1115,1116,same_plane,944.6114857937819,True,True,24-24
0.0,1116,1117,same_plane,944.6114857937717,True,True,24-24
0.0,1117,1118,same_plane,944.611485793772,True,True,24-24
0.0,1118,1119,same_plane,944.6114857937782,True,True,24-24
0.0,1119,1120,same_plane,944.6114857937786,True,True,24-24
0.0,1120,1121,same_plane,944.611485793778,True,True,24-24
0.0,1121,1122,same_plane,944.611485793766,True,True,24-24
0.0,1122,1123,same_plane,944.6114857937779,True,True,24-24
0.0,1123,1124,same_plane,944.6114857937789,True,True,24-24
0.0,1124,1125,same_plane,944.6114857937781,True,True,24-24
0.0,1125,1126,same_plane,944.6114857937655,True,True,24-24
0.0,1126,1127,same_plane,944.6114857937787,True,True,24-24
0.0,1127,1128,same_plane,944.6114857937788,True,True,24-24
0.0,1128,1129,same_plane,944.6114857937781,True,True,24-24
0.0,1129,1130,same_plane,944.6114857937772,True,True,24-24
0.0,1130,1131,same_plane,944.6114857937667,True,True,24-24
0.0,1131,1132,same_plane,944.6114857937787,True,True,24-24
0.0,1132,1133,same_plane,944.6114857937778,True,True,24-24
0.0,1133,1134,same_plane,944.6114857937785,True,True,24-24
0.0,1134,1135,same_plane,944.611485793772,True,True,24-24
0.0,1135,1136,same_plane,944.611485793778,True,True,24-24
0.0,1136,1137,same_plane,944.6114857937785,True,True,24-24
0.0,1137,1138,same_plane,944.6114857937789,True,True,24-24
0.0,1138,1139,same_plane,944.6114857937719,True,True,24-24
0.0,1139,1140,same_plane,944.6114857937716,True,True,24-24
0.0,1140,1141,same_plane,944.6114857937787,True,True,24-24
0.0,1141,1142,same_plane,944.6114857937716,True,True,24-24
0.0,1142,1143,same_plane,944.6114857937783,True,True,24-24
0.0,1143,1144,same_plane,944.6114857937781,True,True,24-24
0.0,1144,1145,same_plane,944.6114857937721,True,True,24-24
0.0,1145,1146,same_plane,944.6114857937717,True,True,24-24
0.0,1146,1147,same_plane,944.6114857937791,True,True,24-24
0.0,1147,1148,same_plane,944.611485793778,True,True,24-24
0.0,1148,1149,same_plane,944.6114857937778,True,True,24-24
0.0,1104,1149,same_plane,944.6114857937714,True,True,24-24
0.0,1150,1151,same_plane,944.6114857937748,True,True,25-25
0.0,1151,1152,same_plane,944.611485793778,True,True,25-25
0.0,1152,1153,same_plane,944.6114857937756,True,True,25-25
0.0,1153,1154,same_plane,944.6114857937755,True,True,25-25
0.0,1154,1155,same_plane,944.6114857937747,True,True,25-25
0.0,1155,1156,same_plane,944.6114857937755,True,True,25-25
0.0,1156,1157,same_plane,944.6114857937753,True,True,25-25
0.0,1157,1158,same_plane,944.6114857937756,True,True,25-25
0.0,1158,1159,same_plane,944.6114857937747,True,True,25-25
0.0,1159,1160,same_plane,944.6114857937777,True,True,25-25
0.0,1160,1161,same_plane,944.6114857937728,True,True,25-25
0.0,1161,1162,same_plane,944.6114857937816,True,True,25-25
0.0,1162,1163,same_plane,944.6114857937717,True,True,25-25
0.0,1163,1164,same_plane,944.6114857937724,True,True,25-25
0.0,1164,1165,same_plane,944.6114857937783,True,True,25-25
0.0,1165,1166,same_plane,944.611485793779,True,True,25-25
0.0,1166,1167,same_plane,944.6114857937778,True,True,25-25
0.0,1167,1168,same_plane,944.6114857937658,True,True,25-25
0.0,1168,1169,same_plane,944.6114857937786,True,True,25-25
0.0,1169,1170,same_plane,944.6114857937782,True,True,25-25
0.0,1170,1171,same_plane,944.6114857937781,True,True,25-25
0.0,1171,1172,same_plane,944.6114857937664,True,True,25-25
0.0,1172,1173,same_plane,944.6114857937787,True,True,25-25
0.0,1173,1174,same_plane,944.6114857937777,True,True,25-25
0.0,1174,1175,same_plane,944.611485793778,True,True,25-25
0.0,1175,1176,same_plane,944.6114857937779,True,True,25-25
0.0,1176,1177,same_plane,944.6114857937674,True,True,25-25
0.0,1177,1178,same_plane,944.6114857937772,True,True,25-25
0.0,1178,1179,same_plane,944.611485793779,True,True,25-25
0.0,1179,1180,same_plane,944.6114857937778,True,True,25-25
0.0,1180,1181,same_plane,944.6114857937727,True,True,25-25
0.0,1181,1182,same_plane,944.6114857937783,True,True,25-25
0.0,1182,1183,same_plane,944.6114857937778,True,True,25-25
0.0,1183,1184,same_plane,944.6114857937787,True,True,25-25
0.0,1184,1185,same_plane,944.611485793772,True,True,25-25
0.0,1185,1186,same_plane,944.6114857937725,True,True,25-25
0.0,1186,1187,same_plane,944.611485793778,True,True,25-25
0.0,1187,1188,same_plane,944.6114857937719,True,True,25-25
0.0,1188,1189,same_plane,944.6114857937788,True,True,25-25
0.0,1189,1190,same_plane,944.611485793778,True,True,25-25
0.0,1190,1191,same_plane,944.6114857937662,True,True,25-25
0.0,1191,1192,same_plane,944.6114857937899,True,True,25-25
0.0,1192,1193,same_plane,944.6114857937664,True,True,25-25
0.0,1193,1194,same_plane,944.6114857937662,True,True,25-25
0.0,1194,1195,same_plane,944.6114857937898,True,True,25-25
0.0,1150,1195,same_plane,944.6114857937719,True,True,25-25
0.0,1196,1197,same_plane,944.6114857937754,True,True,26-26
0.0,1197,1198,same_plane,944.6114857937774,True,True,26-26
0.0,1198,1199,same_plane,944.6114857937754,True,True,26-26
0.0,1199,1200,same_plane,944.6114857937749,True,True,26-26
0.0,1200,1201,same_plane,944.6114857937758,True,True,26-26
0.0,1201,1202,same_plane,944.6114857937748,True,True,26-26
0.0,1202,1203,same_plane,944.6114857937754,True,True,26-26
0.0,1203,1204,same_plane,944.6114857937755,True,True,26-26
0.0,1204,1205,same_plane,944.611485793775,True,True,26-26
0.0,1205,1206,same_plane,944.6114857937785,True,True,26-26
0.0,1206,1207,same_plane,944.611485793769,True,True,26-26
0.0,1207,1208,same_plane,944.6114857937779,True,True,26-26
0.0,1208,1209,same_plane,944.6114857937794,True,True,26-26
0.0,1209,1210,same_plane,944.6114857937778,True,True,26-26
0.0,1210,1211,same_plane,944.6114857937719,True,True,26-26
0.0,1211,1212,same_plane,944.6114857937719,True,True,26-26
0.0,1212,1213,same_plane,944.6114857937787,True,True,26-26
0.0,1213,1214,same_plane,944.6114857937786,True,True,26-26
0.0,1214,1215,same_plane,944.611485793772,True,True,26-26
0.0,1215,1216,same_plane,944.611485793778,True,True,26-26
0.0,1216,1217,same_plane,944.6114857937727,True,True,26-26
0.0,1217,1218,same_plane,944.611485793778,True,True,26-26
0.0,1218,1219,same_plane,944.6114857937777,True,True,26-26
0.0,1219,1220,same_plane,944.6114857937725,True,True,26-26
0.0,1220,1221,same_plane,944.6114857937787,True,True,26-26
0.0,1221,1222,same_plane,944.6114857937722,True,True,26-26
0.0,1222,1223,same_plane,944.6114857937774,True,True,26-26
0.0,1223,1224,same_plane,944.6114857937788,True,True,26-26
0.0,1224,1225,same_plane,944.6114857937724,True,True,26-26
0.0,1225,1226,same_plane,944.6114857937786,True,True,26-26
0.0,1226,1227,same_plane,944.6114857937715,True,True,26-26
0.0,1227,1228,same_plane,944.6114857937788,True,True,26-26
0.0,1228,1229,same_plane,944.6114857937777,True,True,26-26
0.0,1229,1230,same_plane,944.6114857937789,True,True,26-26
0.0,1230,1231,same_plane,944.611485793772,True,True,26-26
0.0,1231,1232,same_plane,944.6114857937722,True,True,26-26
0.0,1232,1233,same_plane,944.6114857937783,True,True,26-26
0.0,1233,1234,same_plane,944.6114857937721,True,True,26-26
0.0,1234,1235,same_plane,944.6114857937782,True,True,26-26
0.0,1235,1236,same_plane,944.6114857937837,True,True,26-26
0.0,1236,1237,same_plane,944.6114857937669,True,True,26-26
0.0,1237,1238,same_plane,944.6114857937778,True,True,26-26
0.0,1238,1239,same_plane,944.6114857937785,True,True,26-26
0.0,1239,1240,same_plane,944.6114857937656,True,True,26-26
0.0,1240,1241,same_plane,944.6114857937907,True,True,26-26
0.0,1196,1241,same_plane,944.6114857937652,True,True,26-26
0.0,1242,1243,same_plane,944.6114857937748,True,True,27-27
0.0,1243,1244,same_plane,944.6114857937786,True,True,27-27
0.0,1244,1245,same_plane,944.6114857937755,True,True,27-27
0.0,1245,1246,same_plane,944.6114857937749,True,True,27-27
0.0,1246,1247,same_plane,944.6114857937752,True,True,27-27
0.0,1247,1248,same_plane,944.6114857937756,True,True,27-27
0.0,1248,1249,same_plane,944.6114857937748,True,True,27-27
0.0,1249,1250,same_plane,944.611485793776,True,True,27-27
0.0,1250,1251,same_plane,944.6114857937752,True,True,27-27
0.0,1251,1252,same_plane,944.6114857937745,True,True,27-27
0.0,1252,1253,same_plane,944.611485793779,True,True,27-27
0.0,1253,1254,same_plane,944.6114857937779,True,True,27-27
0.0,1254,1255,same_plane,944.6114857937725,True,True,27-27
0.0,1255,1256,same_plane,944.611485793772,True,True,27-27
0.0,1256,1257,same_plane,944.6114857937779,True,True,27-27
0.0,1257,1258,same_plane,944.6114857937782,True,True,27-27
0.0,1258,1259,same_plane,944.6114857937783,True,True,27-27
0.0,1259,1260,same_plane,944.6114857937663,True,True,27-27
0.0,1260,1261,same_plane,944.6114857937781,True,True,27-27
0.0,1261,1262,same_plane,944.6114857937781,True,True,27-27
0.0,1262,1263,same_plane,944.611485793779,True,True,27-27
0.0,1263,1264,same_plane,944.6114857937654,True,True,27-27
0.0,1264,1265,same_plane,944.6114857937783,True,True,27-27
0.0,1265,1266,same_plane,944.6114857937783,True,True,27-27
0.0,1266,1267,same_plane,944.6114857937777,True,True,27-27
0.0,1267,1268,same_plane,944.6114857937788,True,True,27-27
0.0,1268,1269,same_plane,944.6114857937662,True,True,27-27
0.0,1269,1270,same_plane,944.6114857937781,True,True,27-27
0.0,1270,1271,same_plane,944.6114857937781,True,True,27-27
0.0,1271,1272,same_plane,944.6114857937786,True,True,27-27
0.0,1272,1273,same_plane,944.6114857937717,True,True,27-27
0.0,1273,1274,same_plane,944.6114857937783,True,True,27-27
0.0,1274,1275,same_plane,944.6114857937779,True,True,27-27
0.0,1275,1276,same_plane,944.6114857937794,True,True,27-27
0.0,1276,1277,same_plane,944.6114857937715,True,True,27-27
0.0,1277,1278,same_plane,944.6114857937723,True,True,27-27
0.0,1278,1279,same_plane,944.6114857937786,True,True,27-27
0.0,1279,1280,same_plane,944.6114857937717,True,True,27-27
0.0,1280,1281,same_plane,944.611485793778,True,True,27-27
0.0,1281,1282,same_plane,944.6114857937787,True,True,27-27
0.0,1282,1283,same_plane,944.6114857937783,True,True,27-27
0.0,1283,1284,same_plane,944.6114857937655,True,True,27-27
0.0,1284,1285,same_plane,944.6114857937787,True,True,27-27
0.0,1285,1286,same_plane,944.6114857937778,True,True,27-27
0.0,1286,1287,same_plane,944.6114857937795,True,True,27-27
0.0,1242,1287,same_plane,944.61148579377,True,True,27-27
0.0,1288,1289,same_plane,944.6114857937748,True,True,28-28
0.0,1289,1290,same_plane,944.6114857937753,True,True,28-28
0.0,1290,1291,same_plane,944.6114857937781,True,True,28-28
0.0,1291,1292,same_plane,944.6114857937754,True,True,28-28
0.0,1292,1293,same_plane,944.6114857937752,True,True,28-28
0.0,1293,1294,same_plane,944.6114857937752,True,True,28-28
0.0,1294,1295,same_plane,944.611485793775,True,True,28-28
0.0,1295,1296,same_plane,944.6114857937754,True,True,28-28
0.0,1296,1297,same_plane,944.6114857937754,True,True,28-28
0.0,1297,1298,same_plane,944.6114857937778,True,True,28-28
0.0,1298,1299,same_plane,944.6114857937721,True,True,28-28
0.0,1299,1300,same_plane,944.6114857937781,True,True,28-28
0.0,1300,1301,same_plane,944.6114857937791,True,True,28-28
0.0,1301,1302,same_plane,944.6114857937719,True,True,28-28
0.0,1302,1303,same_plane,944.6114857937721,True,True,28-28
0.0,1303,1304,same_plane,944.6114857937782,True,True,28-28
0.0,1304,1305,same_plane,944.6114857937783,True,True,28-28
0.0,1305,1306,same_plane,944.6114857937722,True,True,28-28
0.0,1306,1307,same_plane,944.6114857937715,True,True,28-28
0.0,1307,1308,same_plane,944.6114857937786,True,True,28-28
0.0,1308,1309,same_plane,944.6114857937782,True,True,28-28
0.0,1309,1310,same_plane,944.6114857937723,True,True,28-28
0.0,1310,1311,same_plane,944.6114857937783,True,True,28-28
0.0,1311,1312,same_plane,944.611485793772,True,True,28-28
0.0,1312,1313,same_plane,944.6114857937783,True,True,28-28
0.0,1313,1314,same_plane,944.6114857937781,True,True,28-28
0.0,1314,1315,same_plane,944.6114857937724,True,True,28-28
0.0,1315,1316,same_plane,944.6114857937781,True,True,28-28
0.0,1316,1317,same_plane,944.6114857937721,True,True,28-28
0.0,1317,1318,same_plane,944.6114857937787,True,True,28-28
0.0,1318,1319,same_plane,944.6114857937787,True,True,28-28
0.0,1319,1320,same_plane,944.6114857937769,True,True,28-28
0.0,1320,1321,same_plane,944.611485793779,True,True,28-28
0.0,1321,1322,same_plane,944.6114857937785,True,True,28-28
0.0,1322,1323,same_plane,944.611485793766,True,True,28-28
0.0,1323,1324,same_plane,944.6114857937786,True,True,28-28
0.0,1324,1325,same_plane,944.6114857937781,True,True,28-28
0.0,1325,1326,same_plane,944.6114857937662,True,True,28-28
0.0,1326,1327,same_plane,944.6114857937782,True,True,28-28
0.0,1327,1328,same_plane,944.6114857937785,True,True,28-28
0.0,1328,1329,same_plane,944.6114857937778,True,True,28-28
0.0,1329,1330,same_plane,944.6114857937786,True,True,28-28
0.0,1330,1331,same_plane,944.611485793766,True,True,28-28
0.0,1331,1332,same_plane,944.611485793778,True,True,28-28
0.0,1332,1333,same_plane,944.6114857937788,True,True,28-28
0.0,1288,1333,same_plane,944.6114857937737,True,True,28-28
0.0,1334,1335,same_plane,944.6114857937749,True,True,29-29
0.0,1335,1336,same_plane,944.6114857937786,True,True,29-29
0.0,1336,1337,same_plane,944.6114857937752,True,True,29-29
0.0,1337,1338,same_plane,944.611485793775,True,True,29-29
0.0,1338,1339,same_plane,944.611485793775,True,True,29-29
0.0,1339,1340,same_plane,944.6114857937756,True,True,29-29
0.0,1340,1341,same_plane,944.6114857937752,True,True,29-29
0.0,1341,1342,same_plane,944.6114857937749,True,True,29-29
0.0,1342,1343,same_plane,944.6114857937788,True,True,29-29
0.0,1343,1344,same_plane,944.6114857937779,True,True,29-29
0.0,1344,1345,same_plane,944.6114857937652,True,True,29-29
0.0,1345,1346,same_plane,944.6114857937787,True,True,29-29
0.0,1346,1347,same_plane,944.611485793778,True,True,29-29
0.0,1347,1348,same_plane,944.6114857937781,True,True,29-29
0.0,1348,1349,same_plane,944.6114857937721,True,True,29-29
0.0,1349,1350,same_plane,944.6114857937722,True,True,29-29
0.0,1350,1351,same_plane,944.6114857937781,True,True,29-29
0.0,1351,1352,same_plane,944.611485793778,True,True,29-29
0.0,1352,1353,same_plane,944.6114857937724,True,True,29-29
0.0,1353,1354,same_plane,944.611485793778,True,True,29-29
0.0,1354,1355,same_plane,944.611485793772,True,True,29-29
0.0,1355,1356,same_plane,944.6114857937782,True,True,29-29
0.0,1356,1357,same_plane,944.6114857937786,True,True,29-29
0.0,1357,1358,same_plane,944.6114857937719,True,True,29-29
0.0,1358,1359,same_plane,944.6114857937786,True,True,29-29
0.0,1359,1360,same_plane,944.6114857937721,True,True,29-29
0.0,1360,1361,same_plane,944.6114857937782,True,True,29-29
0.0,1361,1362,same_plane,944.6114857937785,True,True,29-29
0.0,1362,1363,same_plane,944.6114857937727,True,True,29-29
0.0,1363,1364,same_plane,944.6114857937772,True,True,29-29
0.0,1364,1365,same_plane,944.6114857937727,True,True,29-29
0.0,1365,1366,same_plane,944.6114857937786,True,True,29-29
0.0,1366,1367,same_plane,944.611485793779,True,True,29-29
0.0,1367,1368,same_plane,944.6114857937771,True,True,29-29
0.0,1368,1369,same_plane,944.6114857937721,True,True,29-29
0.0,1369,1370,same_plane,944.6114857937721,True,True,29-29
0.0,1370,1371,same_plane,944.6114857937783,True,True,29-29
0.0,1371,1372,same_plane,944.6114857937781,True,True,29-29
0.0,1372,1373,same_plane,944.6114857937662,True,True,29-29
0.0,1373,1374,same_plane,944.6114857937904,True,True,29-29
0.0,1374,1375,same_plane,944.6114857937663,True,True,29-29
0.0,1375,1376,same_plane,944.6114857937778,True,True,29-29
0.0,1376,1377,same_plane,944.6114857937783,True,True,29-29
0.0,1377,1378,same_plane,944.6114857937656,True,True,29-29
0.0,1378,1379,same_plane,944.6114857937906,True,True,29-29
0.0,1334,1379,same_plane,944.6114857937647,True,True,29-29
0.0,1380,1381,same_plane,944.6114857937753,True,True,30-30
0.0,1381,1382,same_plane,944.6114857937783,True,True,30-30
0.0,1382,1383,same_plane,944.6114857937753,True,True,30-30
0.0,1383,1384,same_plane,944.611485793775,True,True,30-30
0.0,1384,1385,same_plane,944.6114857937754,True,True,30-30
0.0,1385,1386,same_plane,944.6114857937749,True,True,30-30
0.0,1386,1387,same_plane,944.6114857937761,True,True,30-30
0.0,1387,1388,same_plane,944.6114857937748,True,True,30-30
0.0,1388,1389,same_plane,944.6114857937727,True,True,30-30
0.0,1389,1390,same_plane,944.6114857937778,True,True,30-30
0.0,1390,1391,same_plane,944.6114857937783,True,True,30-30
0.0,1391,1392,same_plane,944.6114857937781,True,True,30-30
0.0,1392,1393,same_plane,944.6114857937722,True,True,30-30
0.0,1393,1394,same_plane,944.6114857937723,True,True,30-30
0.0,1394,1395,same_plane,944.6114857937778,True,True,30-30
0.0,1395,1396,same_plane,944.6114857937786,True,True,30-30
0.0,1396,1397,same_plane,944.6114857937781,True,True,30-30
0.0,1397,1398,same_plane,944.6114857937664,True,True,30-30
0.0,1398,1399,same_plane,944.6114857937779,True,True,30-30
0.0,1399,1400,same_plane,944.6114857937787,True,True,30-30
0.0,1400,1401,same_plane,944.6114857937783,True,True,30-30
0.0,1401,1402,same_plane,944.6114857937657,True,True,30-30
0.0,1402,1403,same_plane,944.6114857937783,True,True,30-30
0.0,1403,1404,same_plane,944.6114857937781,True,True,30-30
0.0,1404,1405,same_plane,944.6114857937783,True,True,30-30
0.0,1405,1406,same_plane,944.6114857937781,True,True,30-30
0.0,1406,1407,same_plane,944.6114857937664,True,True,30-30
0.0,1407,1408,same_plane,944.6114857937779,True,True,30-30
0.0,1408,1409,same_plane,944.6114857937778,True,True,30-30
0.0,1409,1410,same_plane,944.6114857937787,True,True,30-30
0.0,1410,1411,same_plane,944.6114857937721,True,True,30-30
0.0,1411,1412,same_plane,944.6114857937786,True,True,30-30
0.0,1412,1413,same_plane,944.611485793778,True,True,30-30
0.0,1413,1414,same_plane,944.6114857937783,True,True,30-30
0.0,1414,1415,same_plane,944.611485793772,True,True,30-30
0.0,1415,1416,same_plane,944.6114857937721,True,True,30-30
0.0,1416,1417,same_plane,944.6114857937783,True,True,30-30
0.0,1417,1418,same_plane,944.6114857937722,True,True,30-30
0.0,1418,1419,same_plane,944.6114857937786,True,True,30-30
0.0,1419,1420,same_plane,944.6114857937781,True,True,30-30
0.0,1420,1421,same_plane,944.6114857937786,True,True,30-30
0.0,1421,1422,same_plane,944.6114857937661,True,True,30-30
0.0,1422,1423,same_plane,944.6114857937778,True,True,30-30
0.0,1423,1424,same_plane,944.6114857937783,True,True,30-30
0.0,1424,1425,same_plane,944.6114857937779,True,True,30-30
0.0,1380,1425,same_plane,944.6114857937707,True,True,30-30
0.0,1426,1427,same_plane,944.6114857937752,True,True,31-31
0.0,1427,1428,same_plane,944.6114857937752,True,True,31-31
0.0,1428,1429,same_plane,944.6114857937785,True,True,31-31
0.0,1429,1430,same_plane,944.6114857937748,True,True,31-31
0.0,1430,1431,same_plane,944.6114857937752,True,True,31-31
0.0,1431,1432,same_plane,944.6114857937758,True,True,31-31
0.0,1432,1433,same_plane,944.6114857937745,True,True,31-31
0.0,1433,1434,same_plane,944.6114857937791,True,True,31-31
0.0,1434,1435,same_plane,944.6114857937716,True,True,31-31
0.0,1435,1436,same_plane,944.6114857937777,True,True,31-31
0.0,1436,1437,same_plane,944.6114857937725,True,True,31-31
0.0,1437,1438,same_plane,944.6114857937782,True,True,31-31
0.0,1438,1439,same_plane,944.6114857937782,True,True,31-31
0.0,1439,1440,same_plane,944.6114857937721,True,True,31-31
0.0,1440,1441,same_plane,944.6114857937717,True,True,31-31
0.0,1441,1442,same_plane,944.6114857937786,True,True,31-31
0.0,1442,1443,same_plane,944.6114857937788,True,True,31-31
0.0,1443,1444,same_plane,944.611485793772,True,True,31-31
0.0,1444,1445,same_plane,944.6114857937715,True,True,31-31
0.0,1445,1446,same_plane,944.6114857937785,True,True,31-31
0.0,1446,1447,same_plane,944.611485793778,True,True,31-31
0.0,1447,1448,same_plane,944.6114857937725,True,True,31-31
0.0,1448,1449,same_plane,944.6114857937783,True,True,31-31
0.0,1449,1450,same_plane,944.6114857937719,True,True,31-31
0.0,1450,1451,same_plane,944.6114857937786,True,True,31-31
0.0,1451,1452,same_plane,944.6114857937783,True,True,31-31
0.0,1452,1453,same_plane,944.6114857937721,True,True,31-31
0.0,1453,1454,same_plane,944.6114857937783,True,True,31-31
0.0,1454,1455,same_plane,944.611485793772,True,True,31-31
0.0,1455,1456,same_plane,944.6114857937779,True,True,31-31
0.0,1456,1457,same_plane,944.611485793779,True,True,31-31
0.0,1457,1458,same_plane,944.6114857937771,True,True,31-31
0.0,1458,1459,same_plane,944.6114857937793,True,True,31-31
0.0,1459,1460,same_plane,944.6114857937778,True,True,31-31
0.0,1460,1461,same_plane,944.6114857937661,True,True,31-31
0.0,1461,1462,same_plane,944.6114857937783,True,True,31-31
0.0,1462,1463,same_plane,944.611485793778,True,True,31-31
0.0,1463,1464,same_plane,944.6114857937658,True,True,31-31
0.0,1464,1465,same_plane,944.6114857937785,True,True,31-31
0.0,1465,1466,same_plane,944.6114857937788,True,True,31-31
0.0,1466,1467,same_plane,944.6114857937783,True,True,31-31
0.0,1467,1468,same_plane,944.6114857937773,True,True,31-31
0.0,1468,1469,same_plane,944.6114857937666,True,True,31-31
0.0,1469,1470,same_plane,944.6114857937783,True,True,31-31
0.0,1470,1471,same_plane,944.6114857937781,True,True,31-31
0.0,1426,1471,same_plane,944.6114857937737,True,True,31-31
0.0,1472,1473,same_plane,944.6114857937752,True,True,32-32
0.0,1473,1474,same_plane,944.6114857937752,True,True,32-32
0.0,1474,1475,same_plane,944.6114857937787,True,True,32-32
0.0,1475,1476,same_plane,944.6114857937741,True,True,32-32
0.0,1476,1477,same_plane,944.6114857937758,True,True,32-32
0.0,1477,1478,same_plane,944.6114857937742,True,True,32-32
0.0,1478,1479,same_plane,944.6114857937757,True,True,32-32
0.0,1479,1480,same_plane,944.6114857937722,True,True,32-32
0.0,1480,1481,same_plane,944.6114857937781,True,True,32-32
0.0,1481,1482,same_plane,944.6114857937786,True,True,32-32
0.0,1482,1483,same_plane,944.611485793772,True,True,32-32
0.0,1483,1484,same_plane,944.6114857937781,True,True,32-32
0.0,1484,1485,same_plane,944.6114857937729,True,True,32-32
0.0,1485,1486,same_plane,944.6114857937778,True,True,32-32
0.0,1486,1487,same_plane,944.6114857937775,True,True,32-32
0.0,1487,1488,same_plane,944.6114857937727,True,True,32-32
0.0,1488,1489,same_plane,944.6114857937786,True,True,32-32
0.0,1489,1490,same_plane,944.611485793772,True,True,32-32
0.0,1490,1491,same_plane,944.611485793778,True,True,32-32
0.0,1491,1492,same_plane,944.6114857937785,True,True,32-32
0.0,1492,1493,same_plane,944.6114857937721,True,True,32-32
0.0,1493,1494,same_plane,944.6114857937721,True,True,32-32
0.0,1494,1495,same_plane,944.6114857937785,True,True,32-32
0.0,1495,1496,same_plane,944.611485793778,True,True,32-32
0.0,1496,1497,same_plane,944.6114857937785,True,True,32-32
0.0,1497,1498,same_plane,944.6114857937724,True,True,32-32
0.0,1498,1499,same_plane,944.6114857937722,True,True,32-32
0.0,1499,1500,same_plane,944.6114857937785,True,True,32-32
0.0,1500,1501,same_plane,944.6114857937783,True,True,32-32
0.0,1501,1502,same_plane,944.6114857937779,True,True,32-32
0.0,1502,1503,same_plane,944.6114857937658,True,True,32-32
0.0,1503,1504,same_plane,944.6114857937786,True,True,32-32
0.0,1504,1505,same_plane,944.6114857937782,True,True,32-32
0.0,1505,1506,same_plane,944.6114857937785,True,True,32-32
0.0,1506,1507,same_plane,944.6114857937777,True,True,32-32
0.0,1507,1508,same_plane,944.6114857937664,True,True,32-32
0.0,1508,1509,same_plane,944.6114857937778,True,True,32-32
0.0,1509,1510,same_plane,944.6114857937789,True,True,32-32
0.0,1510,1511,same_plane,944.6114857937773,True,True,32-32
0.0,1511,1512,same_plane,944.611485793779,True,True,32-32
0.0,1512,1513,same_plane,944.6114857937656,True,True,32-32
0.0,1513,1514,same_plane,944.611485793778,True,True,32-32
0.0,1514,1515,same_plane,944.6114857937788,True,True,32-32
0.0,1515,1516,same_plane,944.6114857937661,True,True,32-32
0.0,1516,1517,same_plane,944.6114857937903,True,True,32-32
0.0,1472,1517,same_plane,944.6114857937681,True,True,32-32
0.0,1518,1519,same_plane,944.611485793775,True,True,33-33
0.0,1519,1520,same_plane,944.6114857937789,True,True,33-33
0.0,1520,1521,same_plane,944.6114857937746,True,True,33-33
0.0,1521,1522,same_plane,944.6114857937755,True,True,33-33
0.0,1522,1523,same_plane,944.6114857937755,True,True,33-33
0.0,1523,1524,same_plane,944.6114857937745,True,True,33-33
0.0,1524,1525,same_plane,944.6114857937789,True,True,33-33
0.0,1525,1526,same_plane,944.6114857937722,True,True,33-33
0.0,1526,1527,same_plane,944.6114857937713,True,True,33-33
0.0,1527,1528,same_plane,944.6114857937788,True,True,33-33
0.0,1528,1529,same_plane,944.6114857937786,True,True,33-33
0.0,1529,1530,same_plane,944.6114857937774,True,True,33-33
0.0,1530,1531,same_plane,944.6114857937727,True,True,33-33
0.0,1531,1532,same_plane,944.611485793773,True,True,33-33
0.0,1532,1533,same_plane,944.6114857937772,True,True,33-33
0.0,1533,1534,same_plane,944.6114857937787,True,True,33-33
0.0,1534,1535,same_plane,944.6114857937788,True,True,33-33
0.0,1535,1536,same_plane,944.6114857937649,True,True,33-33
0.0,1536,1537,same_plane,944.611485793779,True,True,33-33
0.0,1537,1538,same_plane,944.6114857937778,True,True,33-33
0.0,1538,1539,same_plane,944.6114857937786,True,True,33-33
0.0,1539,1540,same_plane,944.6114857937657,True,True,33-33
0.0,1540,1541,same_plane,944.6114857937787,True,True,33-33
0.0,1541,1542,same_plane,944.611485793778,True,True,33-33
0.0,1542,1543,same_plane,944.6114857937786,True,True,33-33
0.0,1543,1544,same_plane,944.6114857937772,True,True,33-33
0.0,1544,1545,same_plane,944.6114857937675,True,True,33-33
0.0,1545,1546,same_plane,944.611485793777,True,True,33-33
0.0,1546,1547,same_plane,944.6114857937787,True,True,33-33
0.0,1547,1548,same_plane,944.6114857937785,True,True,33-33
0.0,1548,1549,same_plane,944.6114857937724,True,True,33-33
0.0,1549,1550,same_plane,944.611485793778,True,True,33-33
0.0,1550,1551,same_plane,944.6114857937781,True,True,33-33
0.0,1551,1552,same_plane,944.6114857937783,True,True,33-33
0.0,1552,1553,same_plane,944.6114857937713,True,True,33-33
0.0,1553,1554,same_plane,944.6114857937786,True,True,33-33
0.0,1554,1555,same_plane,944.6114857937666,True,True,33-33
0.0,1555,1556,same_plane,944.6114857937778,True,True,33-33
0.0,1556,1557,same_plane,944.6114857937788,True,True,33-33
0.0,1557,1558,same_plane,944.6114857937788,True,True,33-33
0.0,1558,1559,same_plane,944.6114857937773,True,True,33-33
0.0,1559,1560,same_plane,944.6114857937662,True,True,33-33
0.0,1560,1561,same_plane,944.6114857937781,True,True,33-33
0.0,1561,1562,same_plane,944.6114857937783,True,True,33-33
0.0,1562,1563,same_plane,944.6114857937781,True,True,33-33
0.0,1518,1563,same_plane,944.6114857937707,True,True,33-33
0.0,1564,1565,same_plane,944.6114857937747,True,True,34-34
0.0,1565,1566,same_plane,944.6114857937752,True,True,34-34
0.0,1566,1567,same_plane,944.6114857937793,True,True,34-34
0.0,1567,1568,same_plane,944.6114857937746,True,True,34-34
0.0,1568,1569,same_plane,944.6114857937752,True,True,34-34
0.0,1569,1570,same_plane,944.6114857937722,True,True,34-34
0.0,1570,1571,same_plane,944.6114857937783,True,True,34-34
0.0,1571,1572,same_plane,944.6114857937785,True,True,34-34
0.0,1572,1573,same_plane,944.6114857937728,True,True,34-34
0.0,1573,1574,same_plane,944.611485793778,True,True,34-34
0.0,1574,1575,same_plane,944.6114857937719,True,True,34-34
0.0,1575,1576,same_plane,944.6114857937775,True,True,34-34
0.0,1576,1577,same_plane,944.611485793779,True,True,34-34
0.0,1577,1578,same_plane,944.6114857937724,True,True,34-34
0.0,1578,1579,same_plane,944.6114857937712,True,True,34-34
0.0,1579,1580,same_plane,944.6114857937787,True,True,34-34
0.0,1580,1581,same_plane,944.611485793779,True,True,34-34
0.0,1581,1582,same_plane,944.6114857937719,True,True,34-34
0.0,1582,1583,same_plane,944.6114857937719,True,True,34-34
0.0,1583,1584,same_plane,944.6114857937789,True,True,34-34
0.0,1584,1585,same_plane,944.6114857937777,True,True,34-34
0.0,1585,1586,same_plane,944.6114857937729,True,True,34-34
0.0,1586,1587,same_plane,944.6114857937772,True,True,34-34
0.0,1587,1588,same_plane,944.6114857937732,True,True,34-34
0.0,1588,1589,same_plane,944.6114857937775,True,True,34-34
0.0,1589,1590,same_plane,944.6114857937785,True,True,34-34
0.0,1590,1591,same_plane,944.6114857937724,True,True,34-34
0.0,1591,1592,same_plane,944.6114857937779,True,True,34-34
0.0,1592,1593,same_plane,944.6114857937728,True,True,34-34
0.0,1593,1594,same_plane,944.6114857937778,True,True,34-34
0.0,1594,1595,same_plane,944.6114857937781,True,True,34-34
0.0,1595,1596,same_plane,944.6114857937785,True,True,34-34
0.0,1596,1597,same_plane,944.611485793778,True,True,34-34
0.0,1597,1598,same_plane,944.6114857937789,True,True,34-34
0.0,1598,1599,same_plane,944.6114857937661,True,True,34-34
0.0,1599,1600,same_plane,944.6114857937777,True,True,34-34
0.0,1600,1601,same_plane,944.6114857937783,True,True,34-34
0.0,1601,1602,same_plane,944.6114857937662,True,True,34-34
0.0,1602,1603,same_plane,944.6114857937785,True,True,34-34
0.0,1603,1604,same_plane,944.6114857937781,True,True,34-34
0.0,1604,1605,same_plane,944.611485793778,True,True,34-34
0.0,1605,1606,same_plane,944.6114857937786,True,True,34-34
0.0,1606,1607,same_plane,944.6114857937656,True,True,34-34
0.0,1607,1608,same_plane,944.6114857937783,True,True,34-34
0.0,1608,1609,same_plane,944.6114857937785,True,True,34-34
0.0,1564,1609,same_plane,944.6114857937737,True,True,34-34
0.0,1610,1611,same_plane,944.611485793775,True,True,35-35
0.0,1611,1612,same_plane,944.6114857937747,True,True,35-35
0.0,1612,1613,same_plane,944.6114857937789,True,True,35-35
0.0,1613,1614,same_plane,944.6114857937749,True,True,35-35
0.0,1614,1615,same_plane,944.6114857937752,True,True,35-35
0.0,1615,1616,same_plane,944.6114857937781,True,True,35-35
0.0,1616,1617,same_plane,944.6114857937724,True,True,35-35
0.0,1617,1618,same_plane,944.6114857937721,True,True,35-35
0.0,1618,1619,same_plane,944.611485793778,True,True,35-35
0.0,1619,1620,same_plane,944.611485793778,True,True,35-35
0.0,1620,1621,same_plane,944.6114857937725,True,True,35-35
0.0,1621,1622,same_plane,944.6114857937783,True,True,35-35
0.0,1622,1623,same_plane,944.6114857937715,True,True,35-35
0.0,1623,1624,same_plane,944.6114857937785,True,True,35-35
0.0,1624,1625,same_plane,944.6114857937781,True,True,35-35
0.0,1625,1626,same_plane,944.6114857937711,True,True,35-35
0.0,1626,1627,same_plane,944.6114857937787,True,True,35-35
0.0,1627,1628,same_plane,944.6114857937725,True,True,35-35
0.0,1628,1629,same_plane,944.6114857937785,True,True,35-35
0.0,1629,1630,same_plane,944.6114857937781,True,True,35-35
0.0,1630,1631,same_plane,944.6114857937716,True,True,35-35
0.0,1631,1632,same_plane,944.6114857937727,True,True,35-35
0.0,1632,1633,same_plane,944.611485793778,True,True,35-35
0.0,1633,1634,same_plane,944.6114857937783,True,True,35-35
0.0,1634,1635,same_plane,944.6114857937786,True,True,35-35
0.0,1635,1636,same_plane,944.6114857937721,True,True,35-35
0.0,1636,1637,same_plane,944.6114857937719,True,True,35-35
0.0,1637,1638,same_plane,944.6114857937782,True,True,35-35
0.0,1638,1639,same_plane,944.6114857937786,True,True,35-35
0.0,1639,1640,same_plane,944.6114857937778,True,True,35-35
0.0,1640,1641,same_plane,944.6114857937666,True,True,35-35
0.0,1641,1642,same_plane,944.6114857937786,True,True,35-35
0.0,1642,1643,same_plane,944.6114857937773,True,True,35-35
0.0,1643,1644,same_plane,944.6114857937795,True,True,35-35
0.0,1644,1645,same_plane,944.6114857937768,True,True,35-35
0.0,1645,1646,same_plane,944.6114857937663,True,True,35-35
0.0,1646,1647,same_plane,944.6114857937788,True,True,35-35
0.0,1647,1648,same_plane,944.6114857937785,True,True,35-35
0.0,1648,1649,same_plane,944.6114857937778,True,True,35-35
0.0,1649,1650,same_plane,944.611485793778,True,True,35-35
0.0,1650,1651,same_plane,944.6114857937665,True,True,35-35
0.0,1651,1652,same_plane,944.6114857937786,True,True,35-35
0.0,1652,1653,same_plane,944.6114857937777,True,True,35-35
0.0,1653,1654,same_plane,944.6114857937656,True,True,35-35
0.0,1654,1655,same_plane,944.6114857937913,True,True,35-35
0.0,1610,1655,same_plane,944.6114857937675,True,True,35-35
0.0,1656,1657,same_plane,944.6114857937757,True,True,36-36
0.0,1657,1658,same_plane,944.611485793775,True,True,36-36
0.0,1658,1659,same_plane,944.6114857937779,True,True,36-36
0.0,1659,1660,same_plane,944.6114857937731,True,True,36-36
0.0,1660,1661,same_plane,944.611485793778,True,True,36-36
0.0,1661,1662,same_plane,944.6114857937722,True,True,36-36
0.0,1662,1663,same_plane,944.6114857937778,True,True,36-36
0.0,1663,1664,same_plane,944.6114857937777,True,True,36-36
0.0,1664,1665,same_plane,944.6114857937727,True,True,36-36
0.0,1665,1666,same_plane,944.6114857937783,True,True,36-36
0.0,1666,1667,same_plane,944.6114857937721,True,True,36-36
0.0,1667,1668,same_plane,944.6114857937779,True,True,36-36
0.0,1668,1669,same_plane,944.6114857937781,True,True,36-36
0.0,1669,1670,same_plane,944.6114857937725,True,True,36-36
0.0,1670,1671,same_plane,944.6114857937713,True,True,36-36
0.0,1671,1672,same_plane,944.611485793778,True,True,36-36
0.0,1672,1673,same_plane,944.6114857937783,True,True,36-36
0.0,1673,1674,same_plane,944.6114857937728,True,True,36-36
0.0,1674,1675,same_plane,944.6114857937719,True,True,36-36
0.0,1675,1676,same_plane,944.6114857937777,True,True,36-36
0.0,1676,1677,same_plane,944.611485793779,True,True,36-36
0.0,1677,1678,same_plane,944.6114857937721,True,True,36-36
0.0,1678,1679,same_plane,944.611485793778,True,True,36-36
0.0,1679,1680,same_plane,944.6114857937722,True,True,36-36
0.0,1680,1681,same_plane,944.6114857937785,True,True,36-36
0.0,1681,1682,same_plane,944.6114857937782,True,True,36-36
0.0,1682,1683,same_plane,944.6114857937722,True,True,36-36
0.0,1683,1684,same_plane,944.6114857937785,True,True,36-36
0.0,1684,1685,same_plane,944.6114857937717,True,True,36-36
0.0,1685,1686,same_plane,944.611485793778,True,True,36-36
0.0,1686,1687,same_plane,944.6114857937787,True,True,36-36
0.0,1687,1688,same_plane,944.6114857937779,True,True,36-36
0.0,1688,1689,same_plane,944.6114857937786,True,True,36-36
0.0,1689,1690,same_plane,944.6114857937785,True,True,36-36
0.0,1690,1691,same_plane,944.6114857937661,True,True,36-36
0.0,1691,1692,same_plane,944.6114857937781,True,True,36-36
0.0,1692,1693,same_plane,944.6114857937778,True,True,36-36
0.0,1693,1694,same_plane,944.611485793767,True,True,36-36
0.0,1694,1695,same_plane,944.6114857937778,True,True,36-36
0.0,1695,1696,same_plane,944.6114857937783,True,True,36-36
0.0,1696,1697,same_plane,944.6114857937779,True,True,36-36
0.0,1697,1698,same_plane,944.6114857937788,True,True,36-36
0.0,1698,1699,same_plane,944.6114857937656,True,True,36-36
0.0,1699,1700,same_plane,944.6114857937785,True,True,36-36
0.0,1700,1701,same_plane,944.6114857937787,True,True,36-36
0.0,1656,1701,same_plane,944.611485793773,True,True,36-36
0.0,1702,1703,same_plane,944.6114857937762,True,True,37-37
0.0,1703,1704,same_plane,944.6114857937746,True,True,37-37
0.0,1704,1705,same_plane,944.6114857937781,True,True,37-37
0.0,1705,1706,same_plane,944.6114857937724,True,True,37-37
0.0,1706,1707,same_plane,944.6114857937774,True,True,37-37
0.0,1707,1708,same_plane,944.6114857937729,True,True,37-37
0.0,1708,1709,same_plane,944.6114857937781,True,True,37-37
0.0,1709,1710,same_plane,944.6114857937783,True,True,37-37
0.0,1710,1711,same_plane,944.6114857937721,True,True,37-37
0.0,1711,1712,same_plane,944.611485793778,True,True,37-37
0.0,1712,1713,same_plane,944.6114857937722,True,True,37-37
0.0,1713,1714,same_plane,944.6114857937781,True,True,37-37
0.0,1714,1715,same_plane,944.6114857937786,True,True,37-37
0.0,1715,1716,same_plane,944.6114857937725,True,True,37-37
0.0,1716,1717,same_plane,944.6114857937719,True,True,37-37
0.0,1717,1718,same_plane,944.6114857937783,True,True,37-37
0.0,1718,1719,same_plane,944.6114857937786,True,True,37-37
0.0,1719,1720,same_plane,944.611485793772,True,True,37-37
0.0,1720,1721,same_plane,944.6114857937721,True,True,37-37
0.0,1721,1722,same_plane,944.6114857937785,True,True,37-37
0.0,1722,1723,same_plane,944.6114857937781,True,True,37-37
0.0,1723,1724,same_plane,944.6114857937722,True,True,37-37
0.0,1724,1725,same_plane,944.6114857937779,True,True,37-37
0.0,1725,1726,same_plane,944.6114857937722,True,True,37-37
0.0,1726,1727,same_plane,944.6114857937779,True,True,37-37
0.0,1727,1728,same_plane,944.6114857937791,True,True,37-37
0.0,1728,1729,same_plane,944.6114857937719,True,True,37-37
0.0,1729,1730,same_plane,944.6114857937783,True,True,37-37
0.0,1730,1731,same_plane,944.611485793772,True,True,37-37
0.0,1731,1732,same_plane,944.6114857937783,True,True,37-37
0.0,1732,1733,same_plane,944.6114857937786,True,True,37-37
0.0,1733,1734,same_plane,944.611485793778,True,True,37-37
0.0,1734,1735,same_plane,944.6114857937785,True,True,37-37
0.0,1735,1736,same_plane,944.6114857937782,True,True,37-37
0.0,1736,1737,same_plane,944.6114857937655,True,True,37-37
0.0,1737,1738,same_plane,944.6114857937791,True,True,37-37
0.0,1738,1739,same_plane,944.6114857937777,True,True,37-37
0.0,1739,1740,same_plane,944.6114857937667,True,True,37-37
0.0,1740,1741,same_plane,944.6114857937777,True,True,37-37
0.0,1741,1742,same_plane,944.6114857937789,True,True,37-37
0.0,1742,1743,same_plane,944.6114857937775,True,True,37-37
0.0,1743,1744,same_plane,944.6114857937788,True,True,37-37
0.0,1744,1745,same_plane,944.6114857937656,True,True,37-37
0.0,1745,1746,same_plane,944.6114857937785,True,True,37-37
0.0,1746,1747,same_plane,944.6114857937781,True,True,37-37
0.0,1702,1747,same_plane,944.6114857937737,True,True,37-37
0.0,1748,1749,same_plane,944.6114857937756,True,True,38-38
0.0,1749,1750,same_plane,944.6114857937754,True,True,38-38
0.0,1750,1751,same_plane,944.6114857937779,True,True,38-38
0.0,1751,1752,same_plane,944.6114857937719,True,True,38-38
0.0,1752,1753,same_plane,944.6114857937783,True,True,38-38
0.0,1753,1754,same_plane,944.6114857937787,True,True,38-38
0.0,1754,1755,same_plane,944.6114857937722,True,True,38-38
0.0,1755,1756,same_plane,944.611485793772,True,True,38-38
0.0,1756,1757,same_plane,944.6114857937785,True,True,38-38
0.0,1757,1758,same_plane,944.6114857937783,True,True,38-38
0.0,1758,1759,same_plane,944.6114857937721,True,True,38-38
0.0,1759,1760,same_plane,944.6114857937785,True,True,38-38
0.0,1760,1761,same_plane,944.6114857937713,True,True,38-38
0.0,1761,1762,same_plane,944.611485793779,True,True,38-38
0.0,1762,1763,same_plane,944.6114857937779,True,True,38-38
0.0,1763,1764,same_plane,944.6114857937728,True,True,38-38
0.0,1764,1765,same_plane,944.6114857937785,True,True,38-38
0.0,1765,1766,same_plane,944.6114857937719,True,True,38-38
0.0,1766,1767,same_plane,944.6114857937786,True,True,38-38
0.0,1767,1768,same_plane,944.6114857937781,True,True,38-38
0.0,1768,1769,same_plane,944.6114857937721,True,True,38-38
0.0,1769,1770,same_plane,944.6114857937721,True,True,38-38
0.0,1770,1771,same_plane,944.6114857937787,True,True,38-38
0.0,1771,1772,same_plane,944.6114857937787,True,True,38-38
0.0,1772,1773,same_plane,944.6114857937769,True,True,38-38
0.0,1773,1774,same_plane,944.6114857937727,True,True,38-38
0.0,1774,1775,same_plane,944.6114857937721,True,True,38-38
0.0,1775,1776,same_plane,944.6114857937781,True,True,38-38
0.0,1776,1777,same_plane,944.6114857937786,True,True,38-38
0.0,1777,1778,same_plane,944.6114857937785,True,True,38-38
0.0,1778,1779,same_plane,944.6114857937661,True,True,38-38
0.0,1779,1780,same_plane,944.6114857937782,True,True,38-38
0.0,1780,1781,same_plane,944.6114857937785,True,True,38-38
0.0,1781,1782,same_plane,944.6114857937775,True,True,38-38
0.0,1782,1783,same_plane,944.6114857937786,True,True,38-38
0.0,1783,1784,same_plane,944.6114857937656,True,True,38-38
0.0,1784,1785,same_plane,944.6114857937785,True,True,38-38
0.0,1785,1786,same_plane,944.6114857937788,True,True,38-38
0.0,1786,1787,same_plane,944.6114857937781,True,True,38-38
0.0,1787,1788,same_plane,944.6114857937782,True,True,38-38
0.0,1788,1789,same_plane,944.6114857937661,True,True,38-38
0.0,1789,1790,same_plane,944.6114857937781,True,True,38-38
0.0,1790,1791,same_plane,944.6114857937781,True,True,38-38
0.0,1791,1792,same_plane,944.611485793766,True,True,38-38
0.0,1792,1793,same_plane,944.6114857937911,True,True,38-38
0.0,1748,1793,same_plane,944.6114857937674,True,True,38-38
0.0,1794,1795,same_plane,944.6114857937757,True,True,39-39
0.0,1795,1796,same_plane,944.6114857937755,True,True,39-39
0.0,1796,1797,same_plane,944.6114857937785,True,True,39-39
0.0,1797,1798,same_plane,944.6114857937717,True,True,39-39
0.0,1798,1799,same_plane,944.6114857937777,True,True,39-39
0.0,1799,1800,same_plane,944.6114857937723,True,True,39-39
0.0,1800,1801,same_plane,944.6114857937785,True,True,39-39
0.0,1801,1802,same_plane,944.6114857937781,True,True,39-39
0.0,1802,1803,same_plane,944.6114857937725,True,True,39-39
0.0,1803,1804,same_plane,944.6114857937777,True,True,39-39
0.0,1804,1805,same_plane,944.6114857937727,True,True,39-39
0.0,1805,1806,same_plane,944.6114857937786,True,True,39-39
0.0,1806,1807,same_plane,944.6114857937783,True,True,39-39
0.0,1807,1808,same_plane,944.6114857937719,True,True,39-39
0.0,1808,1809,same_plane,944.6114857937716,True,True,39-39
0.0,1809,1810,same_plane,944.6114857937783,True,True,39-39
0.0,1810,1811,same_plane,944.6114857937782,True,True,39-39
0.0,1811,1812,same_plane,944.6114857937722,True,True,39-39
0.0,1812,1813,same_plane,944.6114857937721,True,True,39-39
0.0,1813,1814,same_plane,944.6114857937781,True,True,39-39
0.0,1814,1815,same_plane,944.6114857937785,True,True,39-39
0.0,1815,1816,same_plane,944.6114857937727,True,True,39-39
0.0,1816,1817,same_plane,944.6114857937771,True,True,39-39
0.0,1817,1818,same_plane,944.6114857937729,True,True,39-39
0.0,1818,1819,same_plane,944.6114857937786,True,True,39-39
0.0,1819,1820,same_plane,944.6114857937785,True,True,39-39
0.0,1820,1821,same_plane,944.6114857937712,True,True,39-39
0.0,1821,1822,same_plane,944.6114857937783,True,True,39-39
0.0,1822,1823,same_plane,944.6114857937721,True,True,39-39
0.0,1823,1824,same_plane,944.6114857937785,True,True,39-39
0.0,1824,1825,same_plane,944.6114857937783,True,True,39-39
0.0,1825,1826,same_plane,944.6114857937783,True,True,39-39
0.0,1826,1827,same_plane,944.6114857937785,True,True,39-39
0.0,1827,1828,same_plane,944.611485793778,True,True,39-39
0.0,1828,1829,same_plane,944.611485793766,True,True,39-39
0.0,1829,1830,same_plane,944.6114857937786,True,True,39-39
0.0,1830,1831,same_plane,944.6114857937781,True,True,39-39
0.0,1831,1832,same_plane,944.6114857937657,True,True,39-39
0.0,1832,1833,same_plane,944.6114857937785,True,True,39-39
0.0,1833,1834,same_plane,944.611485793778,True,True,39-39
0.0,1834,1835,same_plane,944.6114857937783,True,True,39-39
0.0,1835,1836,same_plane,944.6114857937783,True,True,39-39
0.0,1836,1837,same_plane,944.6114857937661,True,True,39-39
0.0,1837,1838,same_plane,944.611485793778,True,True,39-39
0.0,1838,1839,same_plane,944.6114857937788,True,True,39-39
0.0,1794,1839,same_plane,944.6114857937729,True,True,39-39
0.0,0,91,cross_plane,930.1668988639017,True,True,0-1
0.0,1,46,cross_plane,917.6475626501059,True,True,0-1
0.0,2,47,cross_plane,891.5704627545606,True,True,0-1
0.0,3,48,cross_plane,852.7438329324787,True,True,0-1
0.0,4,49,cross_plane,802.4477733869705,True,True,0-1
0.0,5,50,cross_plane,742.5114722555402,True,True,0-1
0.0,6,51,cross_plane,675.4570834990064,True,True,0-1
0.0,7,52,cross_plane,604.7570657438239,True,True,0-1
0.0,8,53,cross_plane,535.2593727251698,True,True,0-1
0.0,9,54,cross_plane,473.743338256337,True,True,0-1
0.0,10,55,cross_plane,429.0979007371885,True,True,0-1
0.0,11,56,cross_plane,410.57132212605933,True,True,0-1
0.0,12,57,cross_plane,422.9868662013409,True,True,0-1
0.0,13,58,cross_plane,463.0385511958405,True,True,0-1
0.0,14,59,cross_plane,521.9169942359415,True,True,0-1
0.0,15,60,cross_plane,590.4191616462031,True,True,0-1
0.0,16,61,cross_plane,661.3212511552,True,True,0-1
0.0,17,62,cross_plane,729.4299999192726,True,True,0-1
0.0,18,63,cross_plane,791.0351745583073,True,True,0-1
0.0,19,64,cross_plane,843.4479232480935,True,True,0-1
0.0,20,65,cross_plane,884.7133971298385,True,True,0-1
0.0,21,66,cross_plane,913.44832724429,True,True,0-1
0.0,22,67,cross_plane,928.7531546868605,True,True,0-1
0.0,23,68,cross_plane,930.1668988638976,True,True,0-1
0.0,24,69,cross_plane,917.6475626501048,True,True,0-1
0.0,25,70,cross_plane,891.5704627545589,True,True,0-1
0.0,26,71,cross_plane,852.7438329324783,True,True,0-1
0.0,27,72,cross_plane,802.4477733869714,True,True,0-1
0.0,28,73,cross_plane,742.5114722555379,True,True,0-1
0.0,29,74,cross_plane,675.4570834990056,True,True,0-1
0.0,30,75,cross_plane,604.757065743823,True,True,0-1
0.0,31,76,cross_plane,535.2593727251736,True,True,0-1
0.0,32,77,cross_plane,473.74333825633494,True,True,0-1
0.0,33,78,cross_plane,429.0979007371901,True,True,0-1
0.0,34,79,cross_plane,410.57132212605455,True,True,0-1
0.0,35,80,cross_plane,422.9868662013487,True,True,0-1
0.0,36,81,cross_plane,463.0385511958449,True,True,0-1
0.0,37,82,cross_plane,521.9169942359398,True,True,0-1
0.0,38,83,cross_plane,590.4191616462073,True,True,0-1
0.0,39,84,cross_plane,661.3212511552002,True,True,0-1
0.0,40,85,cross_plane,729.4299999192749,True,True,0-1
0.0,41,86,cross_plane,791.0351745583084,True,True,0-1
0.0,42,87,cross_plane,843.4479232480938,True,True,0-1
0.0,43,88,cross_plane,884.7133971298429,True,True,0-1
0.0,44,89,cross_plane,913.4483272442927,True,True,0-1
0.0,45,90,cross_plane,928.7531546868564,True,True,0-1
0.0,46,137,cross_plane,922.8521627148822,True,True,1-2
0.0,47,92,cross_plane,900.7777305687327,True,True,1-2
0.0,48,93,cross_plane,865.6640888466653,True,True,1-2
0.0,49,94,cross_plane,818.6438166898238,True,True,1-2
0.0,50,95,cross_plane,761.3700297901165,True,True,1-2
0.0,51,96,cross_plane,696.1362405712837,True,True,1-2
0.0,52,97,cross_plane,626.093664835938,True,True,1-2
0.0,53,98,cross_plane,555.6219889110226,True,True,1-2
0.0,54,99,cross_plane,490.8660994530403,True,True,1-2
0.0,55,100,cross_plane,440.1367858418174,True,True,1-2
0.0,56,101,cross_plane,412.9541761453307,True,True,1-2
0.0,57,102,cross_plane,416.0548658214642,True,True,1-2
0.0,58,103,cross_plane,448.59920572312933,True,True,1-2
0.0,59,104,cross_plane,502.85480458641683,True,True,1-2
0.0,60,105,cross_plane,569.3313858122175,True,True,1-2
0.0,61,106,cross_plane,640.141315345041,True,True,1-2
0.0,62,107,cross_plane,709.5345369842184,True,True,1-2
0.0,63,108,cross_plane,773.4126206511658,True,True,1-2
0.0,64,109,cross_plane,828.8177376160619,True,True,1-2
0.0,65,110,cross_plane,873.5964428850913,True,True,1-2
0.0,66,111,cross_plane,906.2058368772858,True,True,1-2
0.0,67,112,cross_plane,925.6074925344616,True,True,1-2
0.0,68,113,cross_plane,931.211857989702,True,True,1-2
0.0,69,114,cross_plane,922.8521627148815,True,True,1-2
0.0,70,115,cross_plane,900.7777305687339,True,True,1-2
0.0,71,116,cross_plane,865.6640888466652,True,True,1-2
0.0,72,117,cross_plane,818.6438166898248,True,True,1-2
0.0,73,118,cross_plane,761.3700297901196,True,True,1-2
0.0,74,119,cross_plane,696.1362405712841,True,True,1-2
0.0,75,120,cross_plane,626.0936648359368,True,True,1-2
0.0,76,121,cross_plane,555.6219889110163,True,True,1-2
0.0,77,122,cross_plane,490.86609945303945,True,True,1-2
0.0,78,123,cross_plane,440.1367858418103,True,True,1-2
0.0,79,124,cross_plane,412.9541761453264,True,True,1-2
0.0,80,125,cross_plane,416.05486582145346,True,True,1-2
0.0,81,126,cross_plane,448.599205723131,True,True,1-2
0.0,82,127,cross_plane,502.8548045864162,True,True,1-2
0.0,83,128,cross_plane,569.3313858122116,True,True,1-2
0.0,84,129,cross_plane,640.1413153450386,True,True,1-2
0.0,85,130,cross_plane,709.5345369842138,True,True,1-2
0.0,86,131,cross_plane,773.4126206511625,True,True,1-2
0.0,87,132,cross_plane,828.8177376160586,True,True,1-2
0.0,88,133,cross_plane,873.5964428850873,True,True,1-2
0.0,89,134,cross_plane,906.2058368772858,True,True,1-2
0.0,90,135,cross_plane,925.6074925344601,True,True,1-2
0.0,91,136,cross_plane,931.2118579896938,True,True,1-2
0.0,92,183,cross_plane,908.8083775612506,True,True,2-3
0.0,93,138,cross_plane,877.5092429880839,True,True,2-3
0.0,94,139,cross_plane,833.9127566223543,True,True,2-3
0.0,95,140,cross_plane,779.5064715410836,True,True,2-3
0.0,96,141,cross_plane,716.3744020953947,True,True,2-3
0.0,97,142,cross_plane,647.37960934478,True,True,2-3
0.0,98,143,cross_plane,576.4832440684672,True,True,2-3
0.0,99,144,cross_plane,509.2397701078498,True,True,2-3
0.0,100,145,cross_plane,453.3118689041607,True,True,2-3
0.0,101,146,cross_plane,418.1208386138092,True,True,2-3
0.0,102,147,cross_plane,411.82484331381033,True,True,2-3
0.0,103,148,cross_plane,436.1229038679382,True,True,2-3
0.0,104,149,cross_plane,484.87877508311857,True,True,2-3
0.0,105,150,cross_plane,548.6183348306704,True,True,2-3
0.0,106,151,cross_plane,618.8226871605999,True,True,2-3
0.0,107,152,cross_plane,689.1351044867304,True,True,2-3
0.0,108,153,cross_plane,755.0221362674102,True,True,2-3
0.0,109,154,cross_plane,813.2270829596692,True,True,2-3
0.0,110,155,cross_plane,861.3808501758255,True,True,2-3
0.0,111,156,cross_plane,897.7716112594635,True,True,2-3
0.0,112,157,cross_plane,921.2172050459632,True,True,2-3
0.0,113,158,cross_plane,930.9972258742622,True,True,2-3
0.0,114,159,cross_plane,926.8195450087535,True,True,2-3
0.0,115,160,cross_plane,908.808377561247,True,True,2-3
0.0,116,161,cross_plane,877.5092429880833,True,True,2-3
0.0,117,162,cross_plane,833.9127566223523,True,True,2-3
0.0,118,163,cross_plane,779.506471541083,True,True,2-3
0.0,119,164,cross_plane,716.3744020953955,True,True,2-3
0.0,120,165,cross_plane,647.3796093447792,True,True,2-3
0.0,121,166,cross_plane,576.4832440684722,True,True,2-3
0.0,122,167,cross_plane,509.2397701078502,True,True,2-3
0.0,123,168,cross_plane,453.31186890416603,True,True,2-3
0.0,124,169,cross_plane,418.1208386138092,True,True,2-3
0.0,125,170,cross_plane,411.8248433138131,True,True,2-3
0.0,126,171,cross_plane,436.1229038679354,True,True,2-3
0.0,127,172,cross_plane,484.8787750831259,True,True,2-3
0.0,128,173,cross_plane,548.6183348306744,True,True,2-3
0.0,129,174,cross_plane,618.8226871606007,True,True,2-3
0.0,130,175,cross_plane,689.1351044867337,True,True,2-3
0.0,131,176,cross_plane,755.0221362674102,True,True,2-3
0.0,132,177,cross_plane,813.2270829596708,True,True,2-3
0.0,133,178,cross_plane,861.3808501758269,True,True,2-3
0.0,134,179,cross_plane,897.771611259464,True,True,2-3
0.0,135,180,cross_plane,921.2172050459674,True,True,2-3
0.0,136,181,cross_plane,930.997225874265,True,True,2-3
0.0,137,182,cross_plane,926.8195450087488,True,True,2-3
0.0,138,229,cross_plane,888.244284058402,True,True,3-4
0.0,139,184,cross_plane,848.2048146577899,True,True,3-4
0.0,140,185,cross_plane,796.8523961453868,True,True,3-4
0.0,141,186,cross_plane,736.0775985717379,True,True,3-4
0.0,142,187,cross_plane,668.4836487075031,True,True,3-4
0.0,143,188,cross_plane,597.65831998951,True,True,3-4
0.0,144,189,cross_plane,528.6172967038929,True,True,3-4
0.0,145,190,cross_plane,468.35859238135,True,True,3-4
0.0,146,191,cross_plane,425.936191047546,True,True,3-4
0.0,147,192,cross_plane,410.4090002002199,True,True,3-4
0.0,148,193,cross_plane,425.86924736687064,True,True,3-4
0.0,149,194,cross_plane,468.24134184127007,True,True,3-4
0.0,150,195,cross_plane,528.4711726128322,True,True,3-4
0.0,151,196,cross_plane,597.5013038987529,True,True,3-4
0.0,152,197,cross_plane,668.3288516354033,True,True,3-4
0.0,153,198,cross_plane,735.934350663328,True,True,3-4
0.0,154,199,cross_plane,796.7274247537404,True,True,3-4
0.0,155,200,cross_plane,848.1030224272117,True,True,3-4
0.0,156,201,cross_plane,888.1691980408044,True,True,3-4
0.0,157,202,cross_plane,915.5941110657352,True,True,3-4
0.0,158,203,cross_plane,929.5235732103321,True,True,3-4
0.0,159,204,cross_plane,929.5390538883337,True,True,3-4
0.0,160,205,cross_plane,915.6400932792525,True,True,3-4
0.0,161,206,cross_plane,888.2442840583998,True,True,3-4
0.0,162,207,cross_plane,848.2048146577915,True,True,3-4
0.0,163,208,cross_plane,796.8523961453869,True,True,3-4
0.0,164,209,cross_plane,736.0775985717393,True,True,3-4
0.0,165,210,cross_plane,668.4836487075034,True,True,3-4
0.0,166,211,cross_plane,597.6583199895042,True,True,3-4
0.0,167,212,cross_plane,528.617296703891,True,True,3-4
0.0,168,213,cross_plane,468.3585923813487,True,True,3-4
0.0,169,214,cross_plane,425.9361910475504,True,True,3-4
0.0,170,215,cross_plane,410.40900020021826,True,True,3-4
0.0,171,216,cross_plane,425.86924736687274,True,True,3-4
0.0,172,217,cross_plane,468.2413418412671,True,True,3-4
0.0,173,218,cross_plane,528.4711726128386,True,True,3-4
0.0,174,219,cross_plane,597.5013038987553,True,True,3-4
0.0,175,220,cross_plane,668.3288516354019,True,True,3-4
0.0,176,221,cross_plane,735.93435066333,True,True,3-4
0.0,177,222,cross_plane,796.7274247537388,True,True,3-4
0.0,178,223,cross_plane,848.103022427212,True,True,3-4
0.0,179,224,cross_plane,888.1691980408034,True,True,3-4
0.0,180,225,cross_plane,915.5941110657344,True,True,3-4
0.0,181,226,cross_plane,929.5235732103353,True,True,3-4
0.0,182,227,cross_plane,929.5390538883353,True,True,3-4
0.0,183,228,cross_plane,915.6400932792461,True,True,3-4
0.0,184,275,cross_plane,861.4749460325331,True,True,4-5
0.0,185,230,cross_plane,813.3455463541426,True,True,4-5
0.0,186,231,cross_plane,755.1605130081442,True,True,4-5
0.0,187,232,cross_plane,689.2872786943209,True,True,4-5
0.0,188,233,cross_plane,618.9802159157792,True,True,4-5
0.0,189,234,cross_plane,548.7693819779904,True,True,4-5
0.0,190,235,cross_plane,485.00686395598035,True,True,4-5
0.0,191,236,cross_plane,436.2071519637495,True,True,4-5
0.0,192,237,cross_plane,411.8458494729752,True,True,4-5
0.0,193,238,cross_plane,418.0727982426591,True,True,4-5
0.0,194,239,cross_plane,453.2074420500854,True,True,4-5
0.0,195,240,cross_plane,509.1001919657593,True,True,4-5
0.0,196,241,cross_plane,576.3279113290158,True,True,4-5
0.0,197,242,cross_plane,647.2230208494965,True,True,4-5
0.0,198,243,cross_plane,716.2268832867303,True,True,4-5
0.0,199,244,cross_plane,779.3754304439593,True,True,4-5
0.0,200,245,cross_plane,833.8035838479299,True,True,4-5
0.0,201,246,cross_plane,877.42584525741,True,True,4-5
0.0,202,247,cross_plane,908.7534736173584,True,True,4-5
0.0,203,248,cross_plane,926.7948235998681,True,True,4-5
0.0,204,249,cross_plane,931.003424556223,True,True,4-5
0.0,205,250,cross_plane,921.2541401358737,True,True,4-5
0.0,206,251,cross_plane,897.838170623828,True,True,4-5
0.0,207,252,cross_plane,861.4749460325312,True,True,4-5
0.0,208,253,cross_plane,813.3455463541421,True,True,4-5
0.0,209,254,cross_plane,755.1605130081423,True,True,4-5
0.0,210,255,cross_plane,689.2872786943232,True,True,4-5
0.0,211,256,cross_plane,618.9802159157833,True,True,4-5
0.0,212,257,cross_plane,548.7693819779904,True,True,4-5
0.0,213,258,cross_plane,485.00686395597853,True,True,4-5
0.0,214,259,cross_plane,436.20715196374226,True,True,4-5
0.0,215,260,cross_plane,411.8458494729746,True,True,4-5
0.0,216,261,cross_plane,418.0727982426519,True,True,4-5
0.0,217,262,cross_plane,453.2074420500807,True,True,4-5
0.0,218,263,cross_plane,509.10019196575104,True,True,4-5
0.0,219,264,cross_plane,576.3279113290174,True,True,4-5
0.0,220,265,cross_plane,647.2230208494955,True,True,4-5
0.0,221,266,cross_plane,716.226883286726,True,True,4-5
0.0,222,267,cross_plane,779.3754304439605,True,True,4-5
0.0,223,268,cross_plane,833.8035838479257,True,True,4-5
0.0,224,269,cross_plane,877.4258452574097,True,True,4-5
0.0,225,270,cross_plane,908.7534736173573,True,True,4-5
0.0,226,271,cross_plane,926.7948235998645,True,True,4-5
0.0,227,272,cross_plane,931.0034245562242,True,True,4-5
0.0,228,273,cross_plane,921.2541401358742,True,True,4-5
0.0,229,274,cross_plane,897.8381706238207,True,True,4-5
0.0,230,321,cross_plane,828.9292945993502,True,True,5-6
0.0,231,276,cross_plane,773.5455802048768,True,True,5-6
0.0,232,277,cross_plane,709.6833357926258,True,True,5-6
0.0,233,278,cross_plane,640.298301181168,True,True,5-6
0.0,234,279,cross_plane,569.48587572692,True,True,5-6
0.0,235,280,cross_plane,502.99181586081096,True,True,5-6
0.0,236,281,cross_plane,448.69891390395406,True,True,5-6
0.0,237,282,cross_plane,416.09631041765664,True,True,5-6
0.0,238,283,cross_plane,412.92626719778644,True,True,5-6
0.0,239,284,cross_plane,440.0471709331873,True,True,5-6
0.0,240,285,cross_plane,490.7348284232507,True,True,5-6
0.0,241,286,cross_plane,555.4696366855795,True,True,5-6
0.0,242,287,cross_plane,625.9362051122077,True,True,5-6
0.0,243,288,cross_plane,695.9851115166846,True,True,5-6
0.0,244,289,cross_plane,761.233400630185,True,True,5-6
0.0,245,290,cross_plane,818.5276130448505,True,True,5-6
0.0,246,291,cross_plane,865.5726230616572,True,True,5-6
0.0,247,292,cross_plane,900.7140563695676,True,True,5-6
0.0,248,293,cross_plane,922.8182667605357,True,True,5-6
0.0,249,294,cross_plane,931.2087581910106,True,True,5-6
0.0,250,295,cross_plane,925.6352807154361,True,True,5-6
0.0,251,296,cross_plane,906.2636823741948,True,True,5-6
0.0,252,297,cross_plane,873.6825584911858,True,True,5-6
0.0,253,298,cross_plane,828.9292945993482,True,True,5-6
0.0,254,299,cross_plane,773.5455802048778,True,True,5-6
0.0,255,300,cross_plane,709.6833357926216,True,True,5-6
0.0,256,301,cross_plane,640.2983011811673,True,True,5-6
0.0,257,302,cross_plane,569.4858757269244,True,True,5-6
0.0,258,303,cross_plane,502.9918158608118,True,True,5-6
0.0,259,304,cross_plane,448.69891390395827,True,True,5-6
0.0,260,305,cross_plane,416.0963104176547,True,True,5-6
0.0,261,306,cross_plane,412.9262671977912,True,True,5-6
0.0,262,307,cross_plane,440.047170933186,True,True,5-6
0.0,263,308,cross_plane,490.7348284232526,True,True,5-6
0.0,264,309,cross_plane,555.469636685576,True,True,5-6
0.0,265,310,cross_plane,625.9362051122121,True,True,5-6
0.0,266,311,cross_plane,695.9851115166875,True,True,5-6
0.0,267,312,cross_plane,761.2334006301837,True,True,5-6
0.0,268,313,cross_plane,818.527613044853,True,True,5-6
0.0,269,314,cross_plane,865.5726230616572,True,True,5-6
0.0,270,315,cross_plane,900.7140563695671,True,True,5-6
0.0,271,316,cross_plane,922.8182667605357,True,True,5-6
0.0,272,317,cross_plane,931.2087581910092,True,True,5-6
0.0,273,318,cross_plane,925.6352807154391,True,True,5-6
0.0,274,319,cross_plane,906.2636823741982,True,True,5-6
0.0,275,320,cross_plane,873.6825584911805,True,True,5-6
0.0,276,367,cross_plane,791.1622199475316,True,True,6-7
0.0,277,322,cross_plane,729.5747410036693,True,True,6-7
0.0,278,323,cross_plane,661.4767419202855,True,True,6-7
0.0,279,324,cross_plane,590.5757527167684,True,True,6-7
0.0,280,325,cross_plane,522.0611236842848,True,True,6-7
0.0,281,326,cross_plane,463.15174953088257,True,True,6-7
0.0,282,327,cross_plane,423.047670656688,True,True,6-7
0.0,283,328,cross_plane,410.5642914615847,True,True,6-7
0.0,284,329,cross_plane,429.02499654034824,True,True,6-7
0.0,285,330,cross_plane,473.62225665125106,True,True,6-7
0.0,286,331,cross_plane,535.1114343435875,True,True,6-7
0.0,287,332,cross_plane,604.599754614159,True,True,6-7
0.0,288,333,cross_plane,675.3030724210971,True,True,6-7
0.0,289,334,cross_plane,742.36978416909,True,True,6-7
0.0,290,335,cross_plane,802.3249246634965,True,True,6-7
0.0,291,336,cross_plane,852.6445726811039,True,True,6-7
0.0,292,337,cross_plane,891.4981964601712,True,True,6-7
0.0,293,338,cross_plane,917.6045834850717,True,True,6-7
0.0,294,339,cross_plane,930.1545088253417,True,True,6-7
0.0,295,340,cross_plane,928.7717214204299,True,True,6-7
0.0,296,341,cross_plane,913.4972985775904,True,True,6-7
0.0,297,342,cross_plane,884.791278996542,True,True,6-7
0.0,298,343,cross_plane,843.5522123811445,True,True,6-7
0.0,299,344,cross_plane,791.1622199475279,True,True,6-7
0.0,300,345,cross_plane,729.5747410036715,True,True,6-7
0.0,301,346,cross_plane,661.476741920285,True,True,6-7
0.0,302,347,cross_plane,590.5757527167676,True,True,6-7
0.0,303,348,cross_plane,522.0611236842827,True,True,6-7
0.0,304,349,cross_plane,463.15174953087745,True,True,6-7
0.0,305,350,cross_plane,423.047670656687,True,True,6-7
0.0,306,351,cross_plane,410.5642914615825,True,True,6-7
0.0,307,352,cross_plane,429.02499654035273,True,True,6-7
0.0,308,353,cross_plane,473.622256651249,True,True,6-7
0.0,309,354,cross_plane,535.1114343435895,True,True,6-7
0.0,310,355,cross_plane,604.5997546141573,True,True,6-7
0.0,311,356,cross_plane,675.3030724211027,True,True,6-7
0.0,312,357,cross_plane,742.3697841690924,True,True,6-7
0.0,313,358,cross_plane,802.3249246634962,True,True,6-7
0.0,314,359,cross_plane,852.6445726811058,True,True,6-7
0.0,315,360,cross_plane,891.4981964601718,True,True,6-7
0.0,316,361,cross_plane,917.6045834850735,True,True,6-7
0.0,317,362,cross_plane,930.1545088253436,True,True,6-7
0.0,318,363,cross_plane,928.7717214204293,True,True,6-7
0.0,319,364,cross_plane,913.4972985775926,True,True,6-7
0.0,320,365,cross_plane,884.791278996545,True,True,6-7
0.0,321,366,cross_plane,843.5522123811405,True,True,6-7
0.0,322,413,cross_plane,748.873400280747,True,True,7-8
0.0,323,368,cross_plane,682.3929481099399,True,True,7-8
0.0,324,369,cross_plane,611.8662218368369,True,True,7-8
0.0,325,370,cross_plane,541.9793287887968,True,True,7-8
0.0,326,371,cross_plane,479.296042024723,True,True,7-8
0.0,327,372,cross_plane,432.5244767770719,True,True,7-8
0.0,328,373,cross_plane,411.05076000222437,True,True,7-8
0.0,329,374,cross_plane,420.3856477970548,True,True,7-8
0.0,330,375,cross_plane,458.02390195105545,True,True,7-8
0.0,331,376,cross_plane,515.457166362501,True,True,7-8
0.0,332,377,cross_plane,583.3593028541538,True,True,7-8
0.0,333,378,cross_plane,654.2845120507991,True,True,7-8
0.0,334,379,cross_plane,722.8597913194801,True,True,7-8
0.0,335,380,cross_plane,785.2504080155444,True,True,7-8
0.0,336,381,cross_plane,838.6808875801781,True,True,7-8
0.0,337,382,cross_plane,881.1318961565761,True,True,7-8
0.0,338,383,cross_plane,911.1678832106606,True,True,7-8
0.0,339,384,cross_plane,927.8434815209193,True,True,7-8
0.0,340,385,cross_plane,930.6550705355527,True,True,7-8
0.0,341,386,cross_plane,919.5190996416433,True,True,7-8
0.0,342,387,cross_plane,894.7687608303437,True,True,7-8
0.0,343,388,cross_plane,857.1677108778665,True,True,7-8
0.0,344,389,cross_plane,807.9461886408745,True,True,7-8
0.0,345,390,cross_plane,748.8734002807419,True,True,7-8
0.0,346,391,cross_plane,682.39294810994,True,True,7-8
0.0,347,392,cross_plane,611.8662218368358,True,True,7-8
0.0,348,393,cross_plane,541.9793287888003,True,True,7-8
0.0,349,394,cross_plane,479.29604202472734,True,True,7-8
0.0,350,395,cross_plane,432.52447677707136,True,True,7-8
0.0,351,396,cross_plane,411.05076000222454,True,True,7-8
0.0,352,397,cross_plane,420.3856477970546,True,True,7-8
0.0,353,398,cross_plane,458.02390195106176,True,True,7-8
0.0,354,399,cross_plane,515.4571663625011,True,True,7-8
0.0,355,400,cross_plane,583.359302854156,True,True,7-8
0.0,356,401,cross_plane,654.2845120507961,True,True,7-8
0.0,357,402,cross_plane,722.859791319486,True,True,7-8
0.0,358,403,cross_plane,785.2504080155478,True,True,7-8
0.0,359,404,cross_plane,838.6808875801767,True,True,7-8
0.0,360,405,cross_plane,881.1318961565783,True,True,7-8
0.0,361,406,cross_plane,911.1678832106605,True,True,7-8
0.0,362,407,cross_plane,927.8434815209206,True,True,7-8
0.0,363,408,cross_plane,930.6550705355539,True,True,7-8
0.0,364,409,cross_plane,919.5190996416437,True,True,7-8
0.0,365,410,cross_plane,894.7687608303476,True,True,7-8
0.0,366,411,cross_plane,857.1677108778691,True,True,7-8
0.0,367,412,cross_plane,807.9461886408698,True,True,7-8
0.0,368,459,cross_plane,702.9361232699086,True,True,8-9
0.0,369,414,cross_plane,633.2013680727921,True,True,8-9
0.0,370,415,cross_plane,562.5298438605787,True,True,8-9
0.0,371,416,cross_plane,496.86420432099766,True,True,8-9
0.0,372,417,cross_plane,444.30393388504547,True,True,8-9
0.0,373,418,cross_plane,414.3724034371442,True,True,8-9
0.0,374,419,cross_plane,414.3376753088765,True,True,8-9
0.0,375,420,cross_plane,444.2091640922658,True,True,8-9
0.0,376,421,cross_plane,496.72996056364696,True,True,8-9
0.0,377,422,cross_plane,562.3763457644037,True,True,8-9
0.0,378,423,cross_plane,633.0440905982256,True,True,8-9
0.0,379,424,cross_plane,702.7861202135743,True,True,8-9
0.0,380,425,cross_plane,767.3644331702391,True,True,8-9
0.0,381,426,cross_plane,823.7251328151275,True,True,8-9
0.0,382,427,cross_plane,869.644936459387,True,True,8-9
0.0,383,428,cross_plane,903.5257554859975,True,True,8-9
0.0,384,429,cross_plane,924.2818417776532,True,True,8-9
0.0,385,430,cross_plane,931.2803092724745,True,True,8-9
0.0,386,431,cross_plane,924.3126884508063,True,True,8-9
0.0,387,432,cross_plane,903.5865247305715,True,True,8-9
0.0,388,433,cross_plane,869.7337417860682,True,True,8-9
0.0,389,434,cross_plane,823.8390338672192,True,True,8-9
0.0,390,435,cross_plane,767.4992559968299,True,True,8-9
0.0,391,436,cross_plane,702.9361232699077,True,True,8-9
0.0,392,437,cross_plane,633.2013680727907,True,True,8-9
0.0,393,438,cross_plane,562.529843860574,True,True,8-9
0.0,394,439,cross_plane,496.8642043209971,True,True,8-9
0.0,395,440,cross_plane,444.30393388505,True,True,8-9
0.0,396,441,cross_plane,414.37240343714296,True,True,8-9
0.0,397,442,cross_plane,414.3376753088736,True,True,8-9
0.0,398,443,cross_plane,444.20916409225674,True,True,8-9
0.0,399,444,cross_plane,496.729960563644,True,True,8-9
0.0,400,445,cross_plane,562.3763457643971,True,True,8-9
0.0,401,446,cross_plane,633.0440905982235,True,True,8-9
0.0,402,447,cross_plane,702.7861202135672,True,True,8-9
0.0,403,448,cross_plane,767.3644331702395,True,True,8-9
0.0,404,449,cross_plane,823.7251328151267,True,True,8-9
0.0,405,450,cross_plane,869.6449364593832,True,True,8-9
0.0,406,451,cross_plane,903.5257554859965,True,True,8-9
0.0,407,452,cross_plane,924.281841777649,True,True,8-9
0.0,408,453,cross_plane,931.2803092724718,True,True,8-9
0.0,409,454,cross_plane,924.3126884508033,True,True,8-9
0.0,410,455,cross_plane,903.5865247305672,True,True,8-9
0.0,411,456,cross_plane,869.7337417860684,True,True,8-9
0.0,412,457,cross_plane,823.8390338672181,True,True,8-9
0.0,413,458,cross_plane,767.4992559968205,True,True,8-9
0.0,414,505,cross_plane,654.440601051214,True,True,9-10
0.0,415,460,cross_plane,583.5153343711949,True,True,9-10
0.0,416,461,cross_plane,515.5991155522825,True,True,9-10
0.0,417,462,cross_plane,458.13282579658704,True,True,9-10
0.0,418,463,cross_plane,420.44014655176545,True,True,9-10
0.0,419,464,cross_plane,411.0367201948763,True,True,9-10
0.0,420,465,cross_plane,432.44580142081395,True,True,9-10
0.0,421,466,cross_plane,479.1713485329022,True,True,9-10
0.0,422,467,cross_plane,541.8297511601085,True,True,9-10
0.0,423,468,cross_plane,611.7087412403558,True,True,9-10
0.0,424,469,cross_plane,682.2398122927546,True,True,9-10
0.0,425,470,cross_plane,748.7333365853019,True,True,9-10
0.0,426,471,cross_plane,807.825509741325,True,True,9-10
0.0,427,472,cross_plane,857.0710164784911,True,True,9-10
0.0,428,473,cross_plane,894.6993370957452,True,True,9-10
0.0,429,474,cross_plane,919.4791365004724,True,True,9-10
0.0,430,475,cross_plane,930.6457748014891,True,True,9-10
0.0,431,476,cross_plane,927.8651288056525,True,True,9-10
0.0,432,477,cross_plane,911.2198287759098,True,True,9-10
0.0,433,478,cross_plane,881.2125489485552,True,True,9-10
0.0,434,479,cross_plane,838.7876373117979,True,True,9-10
0.0,435,480,cross_plane,785.3794771742078,True,True,9-10
0.0,436,481,cross_plane,723.0059567813796,True,True,9-10
0.0,437,482,cross_plane,654.4406010512074,True,True,9-10
0.0,438,483,cross_plane,583.5153343711968,True,True,9-10
0.0,439,484,cross_plane,515.5991155522826,True,True,9-10
0.0,440,485,cross_plane,458.1328257965886,True,True,9-10
0.0,441,486,cross_plane,420.4401465517651,True,True,9-10
0.0,442,487,cross_plane,411.0367201948716,True,True,9-10
0.0,443,488,cross_plane,432.44580142081367,True,True,9-10
0.0,444,489,cross_plane,479.1713485329024,True,True,9-10
0.0,445,490,cross_plane,541.8297511601136,True,True,9-10
0.0,446,491,cross_plane,611.7087412403556,True,True,9-10
0.0,447,492,cross_plane,682.2398122927564,True,True,9-10
0.0,448,493,cross_plane,748.7333365852999,True,True,9-10
0.0,449,494,cross_plane,807.8255097413299,True,True,9-10
0.0,450,495,cross_plane,857.0710164784936,True,True,9-10
0.0,451,496,cross_plane,894.6993370957454,True,True,9-10
0.0,452,497,cross_plane,919.4791365004752,True,True,9-10
0.0,453,498,cross_plane,930.6457748014891,True,True,9-10
0.0,454,499,cross_plane,927.8651288056539,True,True,9-10
0.0,455,500,cross_plane,911.2198287759113,True,True,9-10
0.0,456,501,cross_plane,881.2125489485554,True,True,9-10
0.0,457,502,cross_plane,838.7876373118022,True,True,9-10
0.0,458,503,cross_plane,785.3794771742115,True,True,9-10
0.0,459,504,cross_plane,723.0059567813753,True,True,9-10
0.0,460,551,cross_plane,604.7570657438267,True,True,10-11
0.0,461,506,cross_plane,535.2593727251705,True,True,10-11
0.0,462,507,cross_plane,473.74333825633687,True,True,10-11
0.0,463,508,cross_plane,429.0979007371907,True,True,10-11
0.0,464,509,cross_plane,410.57132212605507,True,True,10-11
0.0,465,510,cross_plane,422.98686620134146,True,True,10-11
0.0,466,511,cross_plane,463.0385511958404,True,True,10-11
0.0,467,512,cross_plane,521.9169942359403,True,True,10-11
0.0,468,513,cross_plane,590.4191616462022,True,True,10-11
0.0,469,514,cross_plane,661.3212511552016,True,True,10-11
0.0,470,515,cross_plane,729.4299999192715,True,True,10-11
0.0,471,516,cross_plane,791.035174558306,True,True,10-11
0.0,472,517,cross_plane,843.4479232480907,True,True,10-11
0.0,473,518,cross_plane,884.7133971298388,True,True,10-11
0.0,474,519,cross_plane,913.4483272442902,True,True,10-11
0.0,475,520,cross_plane,928.7531546868576,True,True,10-11
0.0,476,521,cross_plane,930.1668988638988,True,True,10-11
0.0,477,522,cross_plane,917.6475626501025,True,True,10-11
0.0,478,523,cross_plane,891.5704627545604,True,True,10-11
0.0,479,524,cross_plane,852.7438329324765,True,True,10-11
0.0,480,525,cross_plane,802.4477733869694,True,True,10-11
0.0,481,526,cross_plane,742.5114722555402,True,True,10-11
0.0,482,527,cross_plane,675.4570834990099,True,True,10-11
0.0,483,528,cross_plane,604.7570657438217,True,True,10-11
0.0,484,529,cross_plane,535.2593727251681,True,True,10-11
0.0,485,530,cross_plane,473.7433382563343,True,True,10-11
0.0,486,531,cross_plane,429.09790073719506,True,True,10-11
0.0,487,532,cross_plane,410.5713221260598,True,True,10-11
0.0,488,533,cross_plane,422.98686620134146,True,True,10-11
0.0,489,534,cross_plane,463.0385511958383,True,True,10-11
0.0,490,535,cross_plane,521.9169942359391,True,True,10-11
0.0,491,536,cross_plane,590.419161646206,True,True,10-11
0.0,492,537,cross_plane,661.3212511551995,True,True,10-11
0.0,493,538,cross_plane,729.4299999192734,True,True,10-11
0.0,494,539,cross_plane,791.0351745583042,True,True,10-11
0.0,495,540,cross_plane,843.4479232480958,True,True,10-11
0.0,496,541,cross_plane,884.7133971298415,True,True,10-11
0.0,497,542,cross_plane,913.448327244289,True,True,10-11
0.0,498,543,cross_plane,928.7531546868605,True,True,10-11
0.0,499,544,cross_plane,930.1668988638974,True,True,10-11
0.0,500,545,cross_plane,917.6475626501034,True,True,10-11
0.0,501,546,cross_plane,891.5704627545615,True,True,10-11
0.0,502,547,cross_plane,852.7438329324767,True,True,10-11
0.0,503,548,cross_plane,802.4477733869719,True,True,10-11
0.0,504,549,cross_plane,742.5114722555415,True,True,10-11
0.0,505,550,cross_plane,675.4570834990009,True,True,10-11
0.0,506,597,cross_plane,555.6219889110267,True,True,11-12
0.0,507,552,cross_plane,490.8660994530402,True,True,11-12
0.0,508,553,cross_plane,440.13678584181804,True,True,11-12
0.0,509,554,cross_plane,412.9541761453349,True,True,11-12
0.0,510,555,cross_plane,416.0548658214618,True,True,11-12
0.0,511,556,cross_plane,448.59920572313297,True,True,11-12
0.0,512,557,cross_plane,502.8548045864178,True,True,11-12
0.0,513,558,cross_plane,569.3313858122183,True,True,11-12
0.0,514,559,cross_plane,640.1413153450393,True,True,11-12
0.0,515,560,cross_plane,709.5345369842191,True,True,11-12
0.0,516,561,cross_plane,773.4126206511664,True,True,11-12
0.0,517,562,cross_plane,828.8177376160628,True,True,11-12
0.0,518,563,cross_plane,873.5964428850907,True,True,11-12
0.0,519,564,cross_plane,906.2058368772872,True,True,11-12
0.0,520,565,cross_plane,925.6074925344626,True,True,11-12
0.0,521,566,cross_plane,931.2118579897002,True,True,11-12
0.0,522,567,cross_plane,922.8521627148839,True,True,11-12
0.0,523,568,cross_plane,900.7777305687333,True,True,11-12
0.0,524,569,cross_plane,865.6640888466685,True,True,11-12
0.0,525,570,cross_plane,818.6438166898249,True,True,11-12
0.0,526,571,cross_plane,761.3700297901165,True,True,11-12
0.0,527,572,cross_plane,696.1362405712863,True,True,11-12
0.0,528,573,cross_plane,626.0936648359428,True,True,11-12
0.0,529,574,cross_plane,555.621988911022,True,True,11-12
0.0,530,575,cross_plane,490.8660994530403,True,True,11-12
0.0,531,576,cross_plane,440.1367858418165,True,True,11-12
0.0,532,577,cross_plane,412.9541761453393,True,True,11-12
0.0,533,578,cross_plane,416.054865821466,True,True,11-12
0.0,534,579,cross_plane,448.59920572313155,True,True,11-12
0.0,535,580,cross_plane,502.8548045864171,True,True,11-12
0.0,536,581,cross_plane,569.331385812217,True,True,11-12
0.0,537,582,cross_plane,640.1413153450442,True,True,11-12
0.0,538,583,cross_plane,709.5345369842148,True,True,11-12
0.0,539,584,cross_plane,773.4126206511634,True,True,11-12
0.0,540,585,cross_plane,828.817737616057,True,True,11-12
0.0,541,586,cross_plane,873.5964428850913,True,True,11-12
0.0,542,587,cross_plane,906.2058368772894,True,True,11-12
0.0,543,588,cross_plane,925.6074925344581,True,True,11-12
0.0,544,589,cross_plane,931.2118579897004,True,True,11-12
0.0,545,590,cross_plane,922.8521627148828,True,True,11-12
0.0,546,591,cross_plane,900.7777305687337,True,True,11-12
0.0,547,592,cross_plane,865.664088846668,True,True,11-12
0.0,548,593,cross_plane,818.6438166898215,True,True,11-12
0.0,549,594,cross_plane,761.3700297901181,True,True,11-12
0.0,550,595,cross_plane,696.1362405712883,True,True,11-12
0.0,551,596,cross_plane,626.0936648359296,True,True,11-12
0.0,552,643,cross_plane,509.23977010785364,True,True,12-13
0.0,553,598,cross_plane,453.31186890415944,True,True,12-13
0.0,554,599,cross_plane,418.120838613809,True,True,12-13
0.0,555,600,cross_plane,411.8248433138138,True,True,12-13
0.0,556,601,cross_plane,436.12290386793313,True,True,12-13
0.0,557,602,cross_plane,484.87877508312107,True,True,12-13
0.0,558,603,cross_plane,548.6183348306702,True,True,12-13
0.0,559,604,cross_plane,618.8226871606009,True,True,12-13
0.0,560,605,cross_plane,689.1351044867309,True,True,12-13
0.0,561,606,cross_plane,755.0221362674106,True,True,12-13
0.0,562,607,cross_plane,813.2270829596698,True,True,12-13
0.0,563,608,cross_plane,861.3808501758261,True,True,12-13
0.0,564,609,cross_plane,897.7716112594625,True,True,12-13
0.0,565,610,cross_plane,921.2172050459644,True,True,12-13
0.0,566,611,cross_plane,930.9972258742627,True,True,12-13
0.0,567,612,cross_plane,926.8195450087525,True,True,12-13
0.0,568,613,cross_plane,908.8083775612498,True,True,12-13
0.0,569,614,cross_plane,877.5092429880827,True,True,12-13
0.0,570,615,cross_plane,833.912756622355,True,True,12-13
0.0,571,616,cross_plane,779.5064715410837,True,True,12-13
0.0,572,617,cross_plane,716.3744020953918,True,True,12-13
0.0,573,618,cross_plane,647.3796093447796,True,True,12-13
0.0,574,619,cross_plane,576.4832440684726,True,True,12-13
0.0,575,620,cross_plane,509.23977010784535,True,True,12-13
0.0,576,621,cross_plane,453.3118689041552,True,True,12-13
0.0,577,622,cross_plane,418.12083861380313,True,True,12-13
0.0,578,623,cross_plane,411.8248433138138,True,True,12-13
0.0,579,624,cross_plane,436.12290386794103,True,True,12-13
0.0,580,625,cross_plane,484.8787750831157,True,True,12-13
0.0,581,626,cross_plane,548.6183348306655,True,True,12-13
0.0,582,627,cross_plane,618.8226871605964,True,True,12-13
0.0,583,628,cross_plane,689.1351044867336,True,True,12-13
0.0,584,629,cross_plane,755.0221362674106,True,True,12-13
0.0,585,630,cross_plane,813.2270829596708,True,True,12-13
0.0,586,631,cross_plane,861.3808501758244,True,True,12-13
0.0,587,632,cross_plane,897.771611259465,True,True,12-13
0.0,588,633,cross_plane,921.2172050459683,True,True,12-13
0.0,589,634,cross_plane,930.9972258742627,True,True,12-13
0.0,590,635,cross_plane,926.819545008752,True,True,12-13
0.0,591,636,cross_plane,908.8083775612463,True,True,12-13
0.0,592,637,cross_plane,877.5092429880812,True,True,12-13
0.0,593,638,cross_plane,833.9127566223566,True,True,12-13
0.0,594,639,cross_plane,779.5064715410841,True,True,12-13
0.0,595,640,cross_plane,716.3744020953936,True,True,12-13
0.0,596,641,cross_plane,647.3796093447849,True,True,12-13
0.0,597,642,cross_plane,576.4832440684596,True,True,12-13
0.0,598,689,cross_plane,468.3585923813546,True,True,13-14
0.0,599,644,cross_plane,425.9361910475463,True,True,13-14
0.0,600,645,cross_plane,410.40900020021957,True,True,13-14
0.0,601,646,cross_plane,425.8692473668744,True,True,13-14
0.0,602,647,cross_plane,468.241341841267,True,True,13-14
0.0,603,648,cross_plane,528.4711726128331,True,True,13-14
0.0,604,649,cross_plane,597.5013038987506,True,True,13-14
0.0,605,650,cross_plane,668.3288516354035,True,True,13-14
0.0,606,651,cross_plane,735.9343506633263,True,True,13-14
0.0,607,652,cross_plane,796.72742475374,True,True,13-14
0.0,608,653,cross_plane,848.1030224272105,True,True,13-14
0.0,609,654,cross_plane,888.169198040803,True,True,13-14
0.0,610,655,cross_plane,915.5941110657332,True,True,13-14
0.0,611,656,cross_plane,929.5235732103322,True,True,13-14
0.0,612,657,cross_plane,929.5390538883335,True,True,13-14
0.0,613,658,cross_plane,915.6400932792487,True,True,13-14
0.0,614,659,cross_plane,888.2442840584005,True,True,13-14
0.0,615,660,cross_plane,848.2048146577886,True,True,13-14
0.0,616,661,cross_plane,796.8523961453878,True,True,13-14
0.0,617,662,cross_plane,736.0775985717378,True,True,13-14
0.0,618,663,cross_plane,668.4836487075027,True,True,13-14
0.0,619,664,cross_plane,597.6583199895083,True,True,13-14
0.0,620,665,cross_plane,528.6172967038958,True,True,13-14
0.0,621,666,cross_plane,468.35859238134935,True,True,13-14
0.0,622,667,cross_plane,425.93619104754515,True,True,13-14
0.0,623,668,cross_plane,410.40900020021826,True,True,13-14
0.0,624,669,cross_plane,425.8692473668728,True,True,13-14
0.0,625,670,cross_plane,468.24134184127115,True,True,13-14
0.0,626,671,cross_plane,528.4711726128329,True,True,13-14
0.0,627,672,cross_plane,597.5013038987507,True,True,13-14
0.0,628,673,cross_plane,668.3288516354024,True,True,13-14
0.0,629,674,cross_plane,735.93435066333,True,True,13-14
0.0,630,675,cross_plane,796.7274247537391,True,True,13-14
0.0,631,676,cross_plane,848.1030224272124,True,True,13-14
0.0,632,677,cross_plane,888.1691980408009,True,True,13-14
0.0,633,678,cross_plane,915.5941110657377,True,True,13-14
0.0,634,679,cross_plane,929.5235732103342,True,True,13-14
0.0,635,680,cross_plane,929.5390538883328,True,True,13-14
0.0,636,681,cross_plane,915.6400932792513,True,True,13-14
0.0,637,682,cross_plane,888.2442840583992,True,True,13-14
0.0,638,683,cross_plane,848.2048146577894,True,True,13-14
0.0,639,684,cross_plane,796.8523961453884,True,True,13-14
0.0,640,685,cross_plane,736.0775985717379,True,True,13-14
0.0,641,686,cross_plane,668.4836487075056,True,True,13-14
0.0,642,687,cross_plane,597.6583199895127,True,True,13-14
0.0,643,688,cross_plane,528.617296703886,True,True,13-14
0.0,644,735,cross_plane,436.20715196375437,True,True,14-15
0.0,645,690,cross_plane,411.8458494729739,True,True,14-15
0.0,646,691,cross_plane,418.0727982426592,True,True,14-15
0.0,647,692,cross_plane,453.207442050087,True,True,14-15
0.0,648,693,cross_plane,509.1001919657569,True,True,14-15
0.0,649,694,cross_plane,576.3279113290203,True,True,14-15
0.0,650,695,cross_plane,647.2230208494965,True,True,14-15
0.0,651,696,cross_plane,716.2268832867318,True,True,14-15
0.0,652,697,cross_plane,779.3754304439605,True,True,14-15
0.0,653,698,cross_plane,833.8035838479306,True,True,14-15
0.0,654,699,cross_plane,877.4258452574107,True,True,14-15
0.0,655,700,cross_plane,908.7534736173596,True,True,14-15
0.0,656,701,cross_plane,926.7948235998678,True,True,14-15
0.0,657,702,cross_plane,931.0034245562242,True,True,14-15
0.0,658,703,cross_plane,921.2541401358751,True,True,14-15
0.0,659,704,cross_plane,897.8381706238258,True,True,14-15
0.0,660,705,cross_plane,861.4749460325335,True,True,14-15
0.0,661,706,cross_plane,813.3455463541421,True,True,14-15
0.0,662,707,cross_plane,755.1605130081476,True,True,14-15
0.0,663,708,cross_plane,689.2872786943212,True,True,14-15
0.0,664,709,cross_plane,618.9802159157781,True,True,14-15
0.0,665,710,cross_plane,548.7693819779952,True,True,14-15
0.0,666,711,cross_plane,485.00686395598336,True,True,14-15
0.0,667,712,cross_plane,436.2071519637477,True,True,14-15
0.0,668,713,cross_plane,411.8458494729742,True,True,14-15
0.0,669,714,cross_plane,418.07279824265794,True,True,14-15
0.0,670,715,cross_plane,453.20744205009214,True,True,14-15
0.0,671,716,cross_plane,509.10019196576036,True,True,14-15
0.0,672,717,cross_plane,576.3279113290178,True,True,14-15
0.0,673,718,cross_plane,647.2230208494951,True,True,14-15
0.0,674,719,cross_plane,716.2268832867296,True,True,14-15
0.0,675,720,cross_plane,779.3754304439633,True,True,14-15
0.0,676,721,cross_plane,833.803583847925,True,True,14-15
0.0,677,722,cross_plane,877.4258452574092,True,True,14-15
0.0,678,723,cross_plane,908.753473617354,True,True,14-15
0.0,679,724,cross_plane,926.7948235998676,True,True,14-15
0.0,680,725,cross_plane,931.003424556227,True,True,14-15
0.0,681,726,cross_plane,921.2541401358717,True,True,14-15
0.0,682,727,cross_plane,897.8381706238258,True,True,14-15
0.0,683,728,cross_plane,861.4749460325323,True,True,14-15
0.0,684,729,cross_plane,813.3455463541426,True,True,14-15
0.0,685,730,cross_plane,755.160513008147,True,True,14-15
0.0,686,731,cross_plane,689.2872786943168,True,True,14-15
0.0,687,732,cross_plane,618.980215915778,True,True,14-15
0.0,688,733,cross_plane,548.7693819779954,True,True,14-15
0.0,689,734,cross_plane,485.00686395596847,True,True,14-15
0.0,690,781,cross_plane,416.0963104176598,True,True,15-16
0.0,691,736,cross_plane,412.9262671977871,True,True,15-16
0.0,692,737,cross_plane,440.0471709331881,True,True,15-16
0.0,693,738,cross_plane,490.7348284232541,True,True,15-16
0.0,694,739,cross_plane,555.4696366855757,True,True,15-16
0.0,695,740,cross_plane,625.936205112208,True,True,15-16
0.0,696,741,cross_plane,695.9851115166852,True,True,15-16
0.0,697,742,cross_plane,761.2334006301845,True,True,15-16
0.0,698,743,cross_plane,818.5276130448513,True,True,15-16
0.0,699,744,cross_plane,865.5726230616577,True,True,15-16
0.0,700,745,cross_plane,900.7140563695683,True,True,15-16
0.0,701,746,cross_plane,922.8182667605362,True,True,15-16
0.0,702,747,cross_plane,931.2087581910099,True,True,15-16
0.0,703,748,cross_plane,925.6352807154393,True,True,15-16
0.0,704,749,cross_plane,906.263682374196,True,True,15-16
0.0,705,750,cross_plane,873.6825584911846,True,True,15-16
0.0,706,751,cross_plane,828.9292945993486,True,True,15-16
0.0,707,752,cross_plane,773.5455802048762,True,True,15-16
0.0,708,753,cross_plane,709.6833357926276,True,True,15-16
0.0,709,754,cross_plane,640.2983011811682,True,True,15-16
0.0,710,755,cross_plane,569.4858757269152,True,True,15-16
0.0,711,756,cross_plane,502.99181586081227,True,True,15-16
0.0,712,757,cross_plane,448.69891390395867,True,True,15-16
0.0,713,758,cross_plane,416.09631041765505,True,True,15-16
0.0,714,759,cross_plane,412.9262671977854,True,True,15-16
0.0,715,760,cross_plane,440.0471709331804,True,True,15-16
0.0,716,761,cross_plane,490.7348284232529,True,True,15-16
0.0,717,762,cross_plane,555.4696366855798,True,True,15-16
0.0,718,763,cross_plane,625.9362051122084,True,True,15-16
0.0,719,764,cross_plane,695.9851115166846,True,True,15-16
0.0,720,765,cross_plane,761.2334006301816,True,True,15-16
0.0,721,766,cross_plane,818.5276130448538,True,True,15-16
0.0,722,767,cross_plane,865.5726230616577,True,True,15-16
0.0,723,768,cross_plane,900.7140563695676,True,True,15-16
0.0,724,769,cross_plane,922.8182667605337,True,True,15-16
0.0,725,770,cross_plane,931.2087581910093,True,True,15-16
0.0,726,771,cross_plane,925.6352807154396,True,True,15-16
0.0,727,772,cross_plane,906.2636823741964,True,True,15-16
0.0,728,773,cross_plane,873.6825584911835,True,True,15-16
0.0,729,774,cross_plane,828.9292945993453,True,True,15-16
0.0,730,775,cross_plane,773.5455802048724,True,True,15-16
0.0,731,776,cross_plane,709.6833357926287,True,True,15-16
0.0,732,777,cross_plane,640.2983011811684,True,True,15-16
0.0,733,778,cross_plane,569.4858757269193,True,True,15-16
0.0,734,779,cross_plane,502.9918158608165,True,True,15-16
0.0,735,780,cross_plane,448.69891390394156,True,True,15-16
0.0,736,827,cross_plane,410.5642914615867,True,True,16-17
0.0,737,782,cross_plane,429.02499654034676,True,True,16-17
0.0,738,783,cross_plane,473.6222566512494,True,True,16-17
0.0,739,784,cross_plane,535.1114343435889,True,True,16-17
0.0,740,785,cross_plane,604.5997546141557,True,True,16-17
0.0,741,786,cross_plane,675.3030724210968,True,True,16-17
0.0,742,787,cross_plane,742.3697841690881,True,True,16-17
0.0,743,788,cross_plane,802.3249246634965,True,True,16-17
0.0,744,789,cross_plane,852.6445726811032,True,True,16-17
0.0,745,790,cross_plane,891.4981964601712,True,True,16-17
0.0,746,791,cross_plane,917.6045834850698,True,True,16-17
0.0,747,792,cross_plane,930.1545088253398,True,True,16-17
0.0,748,793,cross_plane,928.7717214204253,True,True,16-17
0.0,749,794,cross_plane,913.4972985775904,True,True,16-17
0.0,750,795,cross_plane,884.7912789965417,True,True,16-17
0.0,751,796,cross_plane,843.5522123811429,True,True,16-17
0.0,752,797,cross_plane,791.1622199475288,True,True,16-17
0.0,753,798,cross_plane,729.5747410036655,True,True,16-17
0.0,754,799,cross_plane,661.476741920285,True,True,16-17
0.0,755,800,cross_plane,590.5757527167684,True,True,16-17
0.0,756,801,cross_plane,522.0611236842827,True,True,16-17
0.0,757,802,cross_plane,463.15174953088285,True,True,16-17
0.0,758,803,cross_plane,423.047670656687,True,True,16-17
0.0,759,804,cross_plane,410.5642914615764,True,True,16-17
0.0,760,805,cross_plane,429.02499654034693,True,True,16-17
0.0,761,806,cross_plane,473.6222566512488,True,True,16-17
0.0,762,807,cross_plane,535.1114343435893,True,True,16-17
0.0,763,808,cross_plane,604.5997546141562,True,True,16-17
0.0,764,809,cross_plane,675.3030724210934,True,True,16-17
0.0,765,810,cross_plane,742.3697841690883,True,True,16-17
0.0,766,811,cross_plane,802.3249246634956,True,True,16-17
0.0,767,812,cross_plane,852.6445726811053,True,True,16-17
0.0,768,813,cross_plane,891.4981964601715,True,True,16-17
0.0,769,814,cross_plane,917.6045834850727,True,True,16-17
0.0,770,815,cross_plane,930.1545088253403,True,True,16-17
0.0,771,816,cross_plane,928.7717214204317,True,True,16-17
0.0,772,817,cross_plane,913.4972985775926,True,True,16-17
0.0,773,818,cross_plane,884.791278996542,True,True,16-17
0.0,774,819,cross_plane,843.5522123811462,True,True,16-17
0.0,775,820,cross_plane,791.1622199475293,True,True,16-17
0.0,776,821,cross_plane,729.5747410036694,True,True,16-17
0.0,777,822,cross_plane,661.4767419202885,True,True,16-17
0.0,778,823,cross_plane,590.5757527167681,True,True,16-17
0.0,779,824,cross_plane,522.0611236842885,True,True,16-17
0.0,780,825,cross_plane,463.1517495308882,True,True,16-17
0.0,781,826,cross_plane,423.0476706566802,True,True,16-17
0.0,782,873,cross_plane,420.3856477970619,True,True,17-18
0.0,783,828,cross_plane,458.0239019510583,True,True,17-18
0.0,784,829,cross_plane,515.4571663625036,True,True,17-18
0.0,785,830,cross_plane,583.3593028541585,True,True,17-18
0.0,786,831,cross_plane,654.2845120507991,True,True,17-18
0.0,787,832,cross_plane,722.8597913194833,True,True,17-18
0.0,788,833,cross_plane,785.2504080155444,True,True,17-18
0.0,789,834,cross_plane,838.6808875801794,True,True,17-18
0.0,790,835,cross_plane,881.1318961565757,True,True,17-18
0.0,791,836,cross_plane,911.167883210663,True,True,17-18
0.0,792,837,cross_plane,927.8434815209207,True,True,17-18
0.0,793,838,cross_plane,930.655070535554,True,True,17-18
0.0,794,839,cross_plane,919.519099641643,True,True,17-18
0.0,795,840,cross_plane,894.7687608303452,True,True,17-18
0.0,796,841,cross_plane,857.1677108778692,True,True,17-18
0.0,797,842,cross_plane,807.9461886408732,True,True,17-18
0.0,798,843,cross_plane,748.8734002807466,True,True,17-18
0.0,799,844,cross_plane,682.39294810994,True,True,17-18
0.0,800,845,cross_plane,611.8662218368402,True,True,17-18
0.0,801,846,cross_plane,541.9793287887964,True,True,17-18
0.0,802,847,cross_plane,479.29604202472166,True,True,17-18
0.0,803,848,cross_plane,432.52447677707744,True,True,17-18
0.0,804,849,cross_plane,411.0507600022307,True,True,17-18
0.0,805,850,cross_plane,420.3856477970544,True,True,17-18
0.0,806,851,cross_plane,458.02390195105585,True,True,17-18
0.0,807,852,cross_plane,515.4571663625009,True,True,17-18
0.0,808,853,cross_plane,583.3593028541604,True,True,17-18
0.0,809,854,cross_plane,654.2845120508022,True,True,17-18
0.0,810,855,cross_plane,722.859791319482,True,True,17-18
0.0,811,856,cross_plane,785.2504080155442,True,True,17-18
0.0,812,857,cross_plane,838.6808875801773,True,True,17-18
0.0,813,858,cross_plane,881.1318961565783,True,True,17-18
0.0,814,859,cross_plane,911.1678832106614,True,True,17-18
0.0,815,860,cross_plane,927.8434815209206,True,True,17-18
0.0,816,861,cross_plane,930.6550705355511,True,True,17-18
0.0,817,862,cross_plane,919.5190996416459,True,True,17-18
0.0,818,863,cross_plane,894.7687608303476,True,True,17-18
0.0,819,864,cross_plane,857.1677108778657,True,True,17-18
0.0,820,865,cross_plane,807.9461886408759,True,True,17-18
0.0,821,866,cross_plane,748.8734002807425,True,True,17-18
0.0,822,867,cross_plane,682.3929481099392,True,True,17-18
0.0,823,868,cross_plane,611.8662218368397,True,True,17-18
0.0,824,869,cross_plane,541.9793287887953,True,True,17-18
0.0,825,870,cross_plane,479.2960420247275,True,True,17-18
0.0,826,871,cross_plane,432.5244767770777,True,True,17-18
0.0,827,872,cross_plane,411.0507600022187,True,True,17-18
0.0,828,919,cross_plane,444.2091640922642,True,True,18-19
0.0,829,874,cross_plane,496.7299605636441,True,True,18-19
0.0,830,875,cross_plane,562.3763457644012,True,True,18-19
0.0,831,876,cross_plane,633.0440905982252,True,True,18-19
0.0,832,877,cross_plane,702.7861202135706,True,True,18-19
0.0,833,878,cross_plane,767.3644331702387,True,True,18-19
0.0,834,879,cross_plane,823.7251328151268,True,True,18-19
0.0,835,880,cross_plane,869.6449364593857,True,True,18-19
0.0,836,881,cross_plane,903.5257554859965,True,True,18-19
0.0,837,882,cross_plane,924.2818417776516,True,True,18-19
0.0,838,883,cross_plane,931.2803092724744,True,True,18-19
0.0,839,884,cross_plane,924.3126884508059,True,True,18-19
0.0,840,885,cross_plane,903.5865247305699,True,True,18-19
0.0,841,886,cross_plane,869.7337417860681,True,True,18-19
0.0,842,887,cross_plane,823.839033867218,True,True,18-19
0.0,843,888,cross_plane,767.4992559968268,True,True,18-19
0.0,844,889,cross_plane,702.9361232699075,True,True,18-19
0.0,845,890,cross_plane,633.2013680727906,True,True,18-19
0.0,846,891,cross_plane,562.5298438605829,True,True,18-19
0.0,847,892,cross_plane,496.86420432099703,True,True,18-19
0.0,848,893,cross_plane,444.303933885038,True,True,18-19
0.0,849,894,cross_plane,414.37240343714274,True,True,18-19
0.0,850,895,cross_plane,414.33767530887934,True,True,18-19
0.0,851,896,cross_plane,444.20916409226226,True,True,18-19
0.0,852,897,cross_plane,496.729960563644,True,True,18-19
0.0,853,898,cross_plane,562.3763457643967,True,True,18-19
0.0,854,899,cross_plane,633.0440905982252,True,True,18-19
0.0,855,900,cross_plane,702.7861202135737,True,True,18-19
0.0,856,901,cross_plane,767.3644331702395,True,True,18-19
0.0,857,902,cross_plane,823.7251328151259,True,True,18-19
0.0,858,903,cross_plane,869.6449364593832,True,True,18-19
0.0,859,904,cross_plane,903.5257554859961,True,True,18-19
0.0,860,905,cross_plane,924.281841777649,True,True,18-19
0.0,861,906,cross_plane,931.2803092724718,True,True,18-19
0.0,862,907,cross_plane,924.3126884508006,True,True,18-19
0.0,863,908,cross_plane,903.5865247305697,True,True,18-19
0.0,864,909,cross_plane,869.7337417860683,True,True,18-19
0.0,865,910,cross_plane,823.8390338672148,True,True,18-19
0.0,866,911,cross_plane,767.4992559968273,True,True,18-19
0.0,867,912,cross_plane,702.9361232699042,True,True,18-19
0.0,868,913,cross_plane,633.2013680727866,True,True,18-19
0.0,869,914,cross_plane,562.5298438605784,True,True,18-19
0.0,870,915,cross_plane,496.8642043209924,True,True,18-19
0.0,871,916,cross_plane,444.30393388504393,True,True,18-19
0.0,872,917,cross_plane,414.37240343714274,True,True,18-19
0.0,873,918,cross_plane,414.33767530886144,True,True,18-19
0.0,874,965,cross_plane,479.1713485329011,True,True,19-20
0.0,875,920,cross_plane,541.8297511601088,True,True,19-20
0.0,876,921,cross_plane,611.7087412403566,True,True,19-20
0.0,877,922,cross_plane,682.2398122927568,True,True,19-20
0.0,878,923,cross_plane,748.7333365853002,True,True,19-20
0.0,879,924,cross_plane,807.8255097413246,True,True,19-20
0.0,880,925,cross_plane,857.0710164784905,True,True,19-20
0.0,881,926,cross_plane,894.6993370957456,True,True,19-20
0.0,882,927,cross_plane,919.4791365004728,True,True,19-20
0.0,883,928,cross_plane,930.6457748014892,True,True,19-20
0.0,884,929,cross_plane,927.8651288056512,True,True,19-20
0.0,885,930,cross_plane,911.219828775909,True,True,19-20
0.0,886,931,cross_plane,881.2125489485529,True,True,19-20
0.0,887,932,cross_plane,838.7876373117994,True,True,19-20
0.0,888,933,cross_plane,785.3794771742081,True,True,19-20
0.0,889,934,cross_plane,723.0059567813785,True,True,19-20
0.0,890,935,cross_plane,654.4406010512117,True,True,19-20
0.0,891,936,cross_plane,583.5153343711912,True,True,19-20
0.0,892,937,cross_plane,515.5991155522826,True,True,19-20
0.0,893,938,cross_plane,458.13282579658926,True,True,19-20
0.0,894,939,cross_plane,420.4401465517651,True,True,19-20
0.0,895,940,cross_plane,411.0367201948778,True,True,19-20
0.0,896,941,cross_plane,432.4458014208137,True,True,19-20
0.0,897,942,cross_plane,479.17134853289764,True,True,19-20
0.0,898,943,cross_plane,541.8297511601091,True,True,19-20
0.0,899,944,cross_plane,611.7087412403563,True,True,19-20
0.0,900,945,cross_plane,682.2398122927565,True,True,19-20
0.0,901,946,cross_plane,748.7333365853005,True,True,19-20
0.0,902,947,cross_plane,807.8255097413235,True,True,19-20
0.0,903,948,cross_plane,857.0710164784904,True,True,19-20
0.0,904,949,cross_plane,894.6993370957454,True,True,19-20
0.0,905,950,cross_plane,919.4791365004754,True,True,19-20
0.0,906,951,cross_plane,930.6457748014891,True,True,19-20
0.0,907,952,cross_plane,927.8651288056539,True,True,19-20
0.0,908,953,cross_plane,911.2198287759087,True,True,19-20
0.0,909,954,cross_plane,881.2125489485583,True,True,19-20
0.0,910,955,cross_plane,838.7876373118019,True,True,19-20
0.0,911,956,cross_plane,785.3794771742081,True,True,19-20
0.0,912,957,cross_plane,723.0059567813811,True,True,19-20
0.0,913,958,cross_plane,654.4406010512109,True,True,19-20
0.0,914,959,cross_plane,583.5153343711961,True,True,19-20
0.0,915,960,cross_plane,515.5991155522877,True,True,19-20
0.0,916,961,cross_plane,458.13282579658875,True,True,19-20
0.0,917,962,cross_plane,420.4401465517711,True,True,19-20
0.0,918,963,cross_plane,411.03672019488386,True,True,19-20
0.0,919,964,cross_plane,432.44580142080764,True,True,19-20
0.0,920,1011,cross_plane,521.9169942359462,True,True,20-21
0.0,921,966,cross_plane,590.4191616462031,True,True,20-21
0.0,922,967,cross_plane,661.3212511551995,True,True,20-21
0.0,923,968,cross_plane,729.4299999192741,True,True,20-21
0.0,924,969,cross_plane,791.0351745583073,True,True,20-21
0.0,925,970,cross_plane,843.4479232480953,True,True,20-21
0.0,926,971,cross_plane,884.71339712984,True,True,20-21
0.0,927,972,cross_plane,913.4483272442915,True,True,20-21
0.0,928,973,cross_plane,928.7531546868593,True,True,20-21
0.0,929,974,cross_plane,930.1668988639,True,True,20-21
0.0,930,975,cross_plane,917.6475626501045,True,True,20-21
0.0,931,976,cross_plane,891.5704627545626,True,True,20-21
0.0,932,977,cross_plane,852.7438329324773,True,True,20-21
0.0,933,978,cross_plane,802.4477733869705,True,True,20-21
0.0,934,979,cross_plane,742.5114722555409,True,True,20-21
0.0,935,980,cross_plane,675.4570834990056,True,True,20-21
0.0,936,981,cross_plane,604.7570657438281,True,True,20-21
0.0,937,982,cross_plane,535.2593727251689,True,True,20-21
0.0,938,983,cross_plane,473.74333825634034,True,True,20-21
0.0,939,984,cross_plane,429.0979007371901,True,True,20-21
0.0,940,985,cross_plane,410.5713221260545,True,True,20-21
0.0,941,986,cross_plane,422.98686620134845,True,True,20-21
0.0,942,987,cross_plane,463.0385511958435,True,True,20-21
0.0,943,988,cross_plane,521.9169942359398,True,True,20-21
0.0,944,989,cross_plane,590.4191616462024,True,True,20-21
0.0,945,990,cross_plane,661.3212511552007,True,True,20-21
0.0,946,991,cross_plane,729.4299999192772,True,True,20-21
0.0,947,992,cross_plane,791.0351745583087,True,True,20-21
0.0,948,993,cross_plane,843.4479232480933,True,True,20-21
0.0,949,994,cross_plane,884.7133971298401,True,True,20-21
0.0,950,995,cross_plane,913.4483272442903,True,True,20-21
0.0,951,996,cross_plane,928.753154686862,True,True,20-21
0.0,952,997,cross_plane,930.166898863896,True,True,20-21
0.0,953,998,cross_plane,917.6475626501021,True,True,20-21
0.0,954,999,cross_plane,891.5704627545566,True,True,20-21
0.0,955,1000,cross_plane,852.7438329324775,True,True,20-21
0.0,956,1001,cross_plane,802.4477733869735,True,True,20-21
0.0,957,1002,cross_plane,742.5114722555367,True,True,20-21
0.0,958,1003,cross_plane,675.4570834990066,True,True,20-21
0.0,959,1004,cross_plane,604.7570657438222,True,True,20-21
0.0,960,1005,cross_plane,535.2593727251676,True,True,20-21
0.0,961,1006,cross_plane,473.74333825634034,True,True,20-21
0.0,962,1007,cross_plane,429.0979007371843,True,True,20-21
0.0,963,1008,cross_plane,410.5713221260546,True,True,20-21
0.0,964,1009,cross_plane,422.9868662013485,True,True,20-21
0.0,965,1010,cross_plane,463.0385511958336,True,True,20-21
0.0,966,1057,cross_plane,569.3313858122165,True,True,21-22
0.0,967,1012,cross_plane,640.1413153450387,True,True,21-22
0.0,968,1013,cross_plane,709.5345369842161,True,True,21-22
0.0,969,1014,cross_plane,773.4126206511636,True,True,21-22
0.0,970,1015,cross_plane,828.817737616058,True,True,21-22
0.0,971,1016,cross_plane,873.5964428850887,True,True,21-22
0.0,972,1017,cross_plane,906.2058368772844,True,True,21-22
0.0,973,1018,cross_plane,925.6074925344582,True,True,21-22
0.0,974,1019,cross_plane,931.2118579896975,True,True,21-22
0.0,975,1020,cross_plane,922.8521627148801,True,True,21-22
0.0,976,1021,cross_plane,900.7777305687297,True,True,21-22
0.0,977,1022,cross_plane,865.6640888466657,True,True,21-22
0.0,978,1023,cross_plane,818.64381668982,True,True,21-22
0.0,979,1024,cross_plane,761.3700297901163,True,True,21-22
0.0,980,1025,cross_plane,696.1362405712832,True,True,21-22
0.0,981,1026,cross_plane,626.093664835934,True,True,21-22
0.0,982,1027,cross_plane,555.621988911019,True,True,21-22
0.0,983,1028,cross_plane,490.86609945303775,True,True,21-22
0.0,984,1029,cross_plane,440.13678584182,True,True,21-22
0.0,985,1030,cross_plane,412.95417614533034,True,True,21-22
0.0,986,1031,cross_plane,416.0548658214518,True,True,21-22
0.0,987,1032,cross_plane,448.5992057231296,True,True,21-22
0.0,988,1033,cross_plane,502.8548045864183,True,True,21-22
0.0,989,1034,cross_plane,569.3313858122137,True,True,21-22
0.0,990,1035,cross_plane,640.1413153450369,True,True,21-22
0.0,991,1036,cross_plane,709.5345369842116,True,True,21-22
0.0,992,1037,cross_plane,773.4126206511631,True,True,21-22
0.0,993,1038,cross_plane,828.8177376160595,True,True,21-22
0.0,994,1039,cross_plane,873.5964428850874,True,True,21-22
0.0,995,1040,cross_plane,906.2058368772829,True,True,21-22
0.0,996,1041,cross_plane,925.6074925344543,True,True,21-22
0.0,997,1042,cross_plane,931.2118579896992,True,True,21-22
0.0,998,1043,cross_plane,922.8521627148813,True,True,21-22
0.0,999,1044,cross_plane,900.7777305687326,True,True,21-22
0.0,1000,1045,cross_plane,865.6640888466645,True,True,21-22
0.0,1001,1046,cross_plane,818.6438166898232,True,True,21-22
0.0,1002,1047,cross_plane,761.3700297901174,True,True,21-22
0.0,1003,1048,cross_plane,696.1362405712852,True,True,21-22
0.0,1004,1049,cross_plane,626.0936648359391,True,True,21-22
0.0,1005,1050,cross_plane,555.6219889110142,True,True,21-22
0.0,1006,1051,cross_plane,490.8660994530323,True,True,21-22
0.0,1007,1052,cross_plane,440.13678584181986,True,True,21-22
0.0,1008,1053,cross_plane,412.9541761453363,True,True,21-22
0.0,1009,1054,cross_plane,416.0548658214638,True,True,21-22
0.0,1010,1055,cross_plane,448.599205723134,True,True,21-22
0.0,1011,1056,cross_plane,502.8548045864089,True,True,21-22
0.0,1012,1103,cross_plane,618.8226871606099,True,True,22-23
0.0,1013,1058,cross_plane,689.1351044867325,True,True,22-23
0.0,1014,1059,cross_plane,755.022136267412,True,True,22-23
0.0,1015,1060,cross_plane,813.2270829596728,True,True,22-23
0.0,1016,1061,cross_plane,861.3808501758266,True,True,22-23
0.0,1017,1062,cross_plane,897.7716112594674,True,True,22-23
0.0,1018,1063,cross_plane,921.2172050459668,True,True,22-23
0.0,1019,1064,cross_plane,930.997225874265,True,True,22-23
0.0,1020,1065,cross_plane,926.8195450087547,True,True,22-23
0.0,1021,1066,cross_plane,908.8083775612516,True,True,22-23
0.0,1022,1067,cross_plane,877.5092429880838,True,True,22-23
0.0,1023,1068,cross_plane,833.9127566223581,True,True,22-23
0.0,1024,1069,cross_plane,779.5064715410841,True,True,22-23
0.0,1025,1070,cross_plane,716.3744020953969,True,True,22-23
0.0,1026,1071,cross_plane,647.3796093447821,True,True,22-23
0.0,1027,1072,cross_plane,576.4832440684743,True,True,22-23
0.0,1028,1073,cross_plane,509.23977010785165,True,True,22-23
0.0,1029,1074,cross_plane,453.31186890415677,True,True,22-23
0.0,1030,1075,cross_plane,418.120838613811,True,True,22-23
0.0,1031,1076,cross_plane,411.8248433138211,True,True,22-23
0.0,1032,1077,cross_plane,436.1229038679364,True,True,22-23
0.0,1033,1078,cross_plane,484.8787750831229,True,True,22-23
0.0,1034,1079,cross_plane,548.6183348306716,True,True,22-23
0.0,1035,1080,cross_plane,618.8226871606022,True,True,22-23
0.0,1036,1081,cross_plane,689.1351044867349,True,True,22-23
0.0,1037,1082,cross_plane,755.0221362674124,True,True,22-23
0.0,1038,1083,cross_plane,813.2270829596725,True,True,22-23
0.0,1039,1084,cross_plane,861.3808501758259,True,True,22-23
0.0,1040,1085,cross_plane,897.7716112594671,True,True,22-23
0.0,1041,1086,cross_plane,921.2172050459701,True,True,22-23
0.0,1042,1087,cross_plane,930.997225874265,True,True,22-23
0.0,1043,1088,cross_plane,926.8195450087544,True,True,22-23
0.0,1044,1089,cross_plane,908.8083775612483,True,True,22-23
0.0,1045,1090,cross_plane,877.5092429880837,True,True,22-23
0.0,1046,1091,cross_plane,833.9127566223518,True,True,22-23
0.0,1047,1092,cross_plane,779.5064715410896,True,True,22-23
0.0,1048,1093,cross_plane,716.3744020953958,True,True,22-23
0.0,1049,1094,cross_plane,647.3796093447779,True,True,22-23
0.0,1050,1095,cross_plane,576.4832440684747,True,True,22-23
0.0,1051,1096,cross_plane,509.2397701078516,True,True,22-23
0.0,1052,1097,cross_plane,453.3118689041623,True,True,22-23
0.0,1053,1098,cross_plane,418.12083861381075,True,True,22-23
0.0,1054,1099,cross_plane,411.8248433138092,True,True,22-23
0.0,1055,1100,cross_plane,436.12290386794297,True,True,22-23
0.0,1056,1101,cross_plane,484.8787750831288,True,True,22-23
0.0,1057,1102,cross_plane,548.6183348306671,True,True,22-23
0.0,1058,1149,cross_plane,668.3288516354069,True,True,23-24
0.0,1059,1104,cross_plane,735.9343506633289,True,True,23-24
0.0,1060,1105,cross_plane,796.7274247537391,True,True,23-24
0.0,1061,1106,cross_plane,848.103022427214,True,True,23-24
0.0,1062,1107,cross_plane,888.169198040803,True,True,23-24
0.0,1063,1108,cross_plane,915.5941110657365,True,True,23-24
0.0,1064,1109,cross_plane,929.523573210334,True,True,23-24
0.0,1065,1110,cross_plane,929.5390538883338,True,True,23-24
0.0,1066,1111,cross_plane,915.6400932792507,True,True,23-24
0.0,1067,1112,cross_plane,888.2442840584018,True,True,23-24
0.0,1068,1113,cross_plane,848.2048146577902,True,True,23-24
0.0,1069,1114,cross_plane,796.8523961453895,True,True,23-24
0.0,1070,1115,cross_plane,736.0775985717371,True,True,23-24
0.0,1071,1116,cross_plane,668.4836487075064,True,True,23-24
0.0,1072,1117,cross_plane,597.6583199895088,True,True,23-24
0.0,1073,1118,cross_plane,528.6172967038914,True,True,23-24
0.0,1074,1119,cross_plane,468.35859238135447,True,True,23-24
0.0,1075,1120,cross_plane,425.9361910475511,True,True,23-24
0.0,1076,1121,cross_plane,410.409000200225,True,True,23-24
0.0,1077,1122,cross_plane,425.8692473668732,True,True,23-24
0.0,1078,1123,cross_plane,468.24134184126655,True,True,23-24
0.0,1079,1124,cross_plane,528.4711726128381,True,True,23-24
0.0,1080,1125,cross_plane,597.5013038987559,True,True,23-24
0.0,1081,1126,cross_plane,668.3288516353986,True,True,23-24
0.0,1082,1127,cross_plane,735.9343506633263,True,True,23-24
0.0,1083,1128,cross_plane,796.7274247537398,True,True,23-24
0.0,1084,1129,cross_plane,848.1030224272162,True,True,23-24
0.0,1085,1130,cross_plane,888.1691980408037,True,True,23-24
0.0,1086,1131,cross_plane,915.5941110657324,True,True,23-24
0.0,1087,1132,cross_plane,929.5235732103333,True,True,23-24
0.0,1088,1133,cross_plane,929.5390538883335,True,True,23-24
0.0,1089,1134,cross_plane,915.6400932792527,True,True,23-24
0.0,1090,1135,cross_plane,888.2442840583998,True,True,23-24
0.0,1091,1136,cross_plane,848.2048146577906,True,True,23-24
0.0,1092,1137,cross_plane,796.8523961453859,True,True,23-24
0.0,1093,1138,cross_plane,736.0775985717412,True,True,23-24
0.0,1094,1139,cross_plane,668.4836487075063,True,True,23-24
0.0,1095,1140,cross_plane,597.6583199895086,True,True,23-24
0.0,1096,1141,cross_plane,528.6172967038965,True,True,23-24
0.0,1097,1142,cross_plane,468.3585923813489,True,True,23-24
0.0,1098,1143,cross_plane,425.93619104754515,True,True,23-24
0.0,1099,1144,cross_plane,410.40900020022474,True,True,23-24
0.0,1100,1145,cross_plane,425.8692473668728,True,True,23-24
0.0,1101,1146,cross_plane,468.2413418412608,True,True,23-24
0.0,1102,1147,cross_plane,528.4711726128392,True,True,23-24
0.0,1103,1148,cross_plane,597.501303898748,True,True,23-24
0.0,1104,1195,cross_plane,716.2268832867301,True,True,24-25
0.0,1105,1150,cross_plane,779.3754304439581,True,True,24-25
0.0,1106,1151,cross_plane,833.8035838479253,True,True,24-25
0.0,1107,1152,cross_plane,877.425845257409,True,True,24-25
0.0,1108,1153,cross_plane,908.7534736173553,True,True,24-25
0.0,1109,1154,cross_plane,926.7948235998662,True,True,24-25
0.0,1110,1155,cross_plane,931.0034245562223,True,True,24-25
0.0,1111,1156,cross_plane,921.254140135872,True,True,24-25
0.0,1112,1157,cross_plane,897.8381706238239,True,True,24-25
0.0,1113,1158,cross_plane,861.4749460325303,True,True,24-25
0.0,1114,1159,cross_plane,813.3455463541385,True,True,24-25
0.0,1115,1160,cross_plane,755.1605130081432,True,True,24-25
0.0,1116,1161,cross_plane,689.287278694315,True,True,24-25
0.0,1117,1162,cross_plane,618.9802159157779,True,True,24-25
0.0,1118,1163,cross_plane,548.7693819779904,True,True,24-25
0.0,1119,1164,cross_plane,485.00686395597273,True,True,24-25
0.0,1120,1165,cross_plane,436.2071519637412,True,True,24-25
0.0,1121,1166,cross_plane,411.8458494729672,True,True,24-25
0.0,1122,1167,cross_plane,418.0727982426635,True,True,24-25
0.0,1123,1168,cross_plane,453.20744205008,True,True,24-25
0.0,1124,1169,cross_plane,509.10019196574996,True,True,24-25
0.0,1125,1170,cross_plane,576.3279113290131,True,True,24-25
0.0,1126,1171,cross_plane,647.2230208494991,True,True,24-25
0.0,1127,1172,cross_plane,716.2268832867259,True,True,24-25
0.0,1128,1173,cross_plane,779.3754304439564,True,True,24-25
0.0,1129,1174,cross_plane,833.8035838479245,True,True,24-25
0.0,1130,1175,cross_plane,877.4258452574079,True,True,24-25
0.0,1131,1176,cross_plane,908.7534736173582,True,True,24-25
0.0,1132,1177,cross_plane,926.7948235998645,True,True,24-25
0.0,1133,1178,cross_plane,931.0034245562204,True,True,24-25
0.0,1134,1179,cross_plane,921.2541401358714,True,True,24-25
0.0,1135,1180,cross_plane,897.8381706238256,True,True,24-25
0.0,1136,1181,cross_plane,861.4749460325291,True,True,24-25
0.0,1137,1182,cross_plane,813.3455463541392,True,True,24-25
0.0,1138,1183,cross_plane,755.1605130081392,True,True,24-25
0.0,1139,1184,cross_plane,689.2872786943211,True,True,24-25
0.0,1140,1185,cross_plane,618.9802159157778,True,True,24-25
0.0,1141,1186,cross_plane,548.7693819779855,True,True,24-25
0.0,1142,1187,cross_plane,485.00686395597825,True,True,24-25
0.0,1143,1188,cross_plane,436.207151963741,True,True,24-25
0.0,1144,1189,cross_plane,411.8458494729669,True,True,24-25
0.0,1145,1190,cross_plane,418.0727982426576,True,True,24-25
0.0,1146,1191,cross_plane,453.2074420500806,True,True,24-25
0.0,1147,1192,cross_plane,509.10019196575985,True,True,24-25
0.0,1148,1193,cross_plane,576.3279113290123,True,True,24-25
0.0,1149,1194,cross_plane,647.2230208494834,True,True,24-25
0.0,1150,1241,cross_plane,761.2334006301899,True,True,25-26
0.0,1151,1196,cross_plane,818.5276130448498,True,True,25-26
0.0,1152,1197,cross_plane,865.5726230616559,True,True,25-26
0.0,1153,1198,cross_plane,900.7140563695672,True,True,25-26
0.0,1154,1199,cross_plane,922.8182667605319,True,True,25-26
0.0,1155,1200,cross_plane,931.2087581910083,True,True,25-26
0.0,1156,1201,cross_plane,925.6352807154368,True,True,25-26
0.0,1157,1202,cross_plane,906.2636823741948,True,True,25-26
0.0,1158,1203,cross_plane,873.6825584911821,True,True,25-26
0.0,1159,1204,cross_plane,828.9292945993485,True,True,25-26
0.0,1160,1205,cross_plane,773.545580204875,True,True,25-26
0.0,1161,1206,cross_plane,709.6833357926259,True,True,25-26
0.0,1162,1207,cross_plane,640.2983011811629,True,True,25-26
0.0,1163,1208,cross_plane,569.4858757269178,True,True,25-26
0.0,1164,1209,cross_plane,502.9918158608158,True,True,25-26
0.0,1165,1210,cross_plane,448.6989139039573,True,True,25-26
0.0,1166,1211,cross_plane,416.0963104176531,True,True,25-26
0.0,1167,1212,cross_plane,412.92626719777655,True,True,25-26
0.0,1168,1213,cross_plane,440.0471709331901,True,True,25-26
0.0,1169,1214,cross_plane,490.7348284232556,True,True,25-26
0.0,1170,1215,cross_plane,555.4696366855728,True,True,25-26
0.0,1171,1216,cross_plane,625.936205112206,True,True,25-26
0.0,1172,1217,cross_plane,695.985111516685,True,True,25-26
0.0,1173,1218,cross_plane,761.2334006301857,True,True,25-26
0.0,1174,1219,cross_plane,818.5276130448509,True,True,25-26
0.0,1175,1220,cross_plane,865.5726230616552,True,True,25-26
0.0,1176,1221,cross_plane,900.7140563695671,True,True,25-26
0.0,1177,1222,cross_plane,922.8182667605331,True,True,25-26
0.0,1178,1223,cross_plane,931.2087581910096,True,True,25-26
0.0,1179,1224,cross_plane,925.6352807154369,True,True,25-26
0.0,1180,1225,cross_plane,906.2636823741932,True,True,25-26
0.0,1181,1226,cross_plane,873.6825584911837,True,True,25-26
0.0,1182,1227,cross_plane,828.9292945993458,True,True,25-26
0.0,1183,1228,cross_plane,773.5455802048743,True,True,25-26
0.0,1184,1229,cross_plane,709.683335792621,True,True,25-26
0.0,1185,1230,cross_plane,640.2983011811701,True,True,25-26
0.0,1186,1231,cross_plane,569.4858757269219,True,True,25-26
0.0,1187,1232,cross_plane,502.99181586081,True,True,25-26
0.0,1188,1233,cross_plane,448.6989139039576,True,True,25-26
0.0,1189,1234,cross_plane,416.0963104176538,True,True,25-26
0.0,1190,1235,cross_plane,412.9262671977832,True,True,25-26
0.0,1191,1236,cross_plane,440.04717093320113,True,True,25-26
0.0,1192,1237,cross_plane,490.7348284232458,True,True,25-26
0.0,1193,1238,cross_plane,555.4696366855785,True,True,25-26
0.0,1194,1239,cross_plane,625.9362051122181,True,True,25-26
0.0,1195,1240,cross_plane,695.9851115166772,True,True,25-26
0.0,1196,1287,cross_plane,802.3249246635048,True,True,26-27
0.0,1197,1242,cross_plane,852.644572681109,True,True,26-27
0.0,1198,1243,cross_plane,891.4981964601765,True,True,26-27
0.0,1199,1244,cross_plane,917.6045834850798,True,True,26-27
0.0,1200,1245,cross_plane,930.1545088253473,True,True,26-27
0.0,1201,1246,cross_plane,928.7717214204351,True,True,26-27
0.0,1202,1247,cross_plane,913.497298577597,True,True,26-27
0.0,1203,1248,cross_plane,884.7912789965491,True,True,26-27
0.0,1204,1249,cross_plane,843.5522123811489,True,True,26-27
0.0,1205,1250,cross_plane,791.1622199475354,True,True,26-27
0.0,1206,1251,cross_plane,729.574741003674,True,True,26-27
0.0,1207,1252,cross_plane,661.4767419202923,True,True,26-27
0.0,1208,1253,cross_plane,590.5757527167765,True,True,26-27
0.0,1209,1254,cross_plane,522.0611236842916,True,True,26-27
0.0,1210,1255,cross_plane,463.15174953088615,True,True,26-27
0.0,1211,1256,cross_plane,423.04767065669057,True,True,26-27
0.0,1212,1257,cross_plane,410.56429146159303,True,True,26-27
0.0,1213,1258,cross_plane,429.0249965403561,True,True,26-27
0.0,1214,1259,cross_plane,473.6222566512588,True,True,26-27
0.0,1215,1260,cross_plane,535.1114343435928,True,True,26-27
0.0,1216,1261,cross_plane,604.5997546141607,True,True,26-27
0.0,1217,1262,cross_plane,675.3030724211059,True,True,26-27
0.0,1218,1263,cross_plane,742.3697841690962,True,True,26-27
0.0,1219,1264,cross_plane,802.3249246634978,True,True,26-27
0.0,1220,1265,cross_plane,852.6445726811082,True,True,26-27
0.0,1221,1266,cross_plane,891.4981964601765,True,True,26-27
0.0,1222,1267,cross_plane,917.6045834850801,True,True,26-27
0.0,1223,1268,cross_plane,930.1545088253487,True,True,26-27
0.0,1224,1269,cross_plane,928.7717214204321,True,True,26-27
0.0,1225,1270,cross_plane,913.497298577596,True,True,26-27
0.0,1226,1271,cross_plane,884.7912789965471,True,True,26-27
0.0,1227,1272,cross_plane,843.5522123811511,True,True,26-27
0.0,1228,1273,cross_plane,791.162219947534,True,True,26-27
0.0,1229,1274,cross_plane,729.5747410036743,True,True,26-27
0.0,1230,1275,cross_plane,661.476741920289,True,True,26-27
0.0,1231,1276,cross_plane,590.575752716776,True,True,26-27
0.0,1232,1277,cross_plane,522.0611236842923,True,True,26-27
0.0,1233,1278,cross_plane,463.15174953088615,True,True,26-27
0.0,1234,1279,cross_plane,423.0476706566966,True,True,26-27
0.0,1235,1280,cross_plane,410.56429146158655,True,True,26-27
0.0,1236,1281,cross_plane,429.024996540345,True,True,26-27
0.0,1237,1282,cross_plane,473.62225665125874,True,True,26-27
0.0,1238,1283,cross_plane,535.1114343435985,True,True,26-27
0.0,1239,1284,cross_plane,604.5997546141567,True,True,26-27
0.0,1240,1285,cross_plane,675.303072421107,True,True,26-27
0.0,1241,1286,cross_plane,742.36978416909,True,True,26-27
0.0,1242,1333,cross_plane,838.6808875801731,True,True,27-28
0.0,1243,1288,cross_plane,881.1318961565706,True,True,27-28
0.0,1244,1289,cross_plane,911.1678832106537,True,True,27-28
0.0,1245,1290,cross_plane,927.8434815209134,True,True,27-28
0.0,1246,1291,cross_plane,930.6550705355455,True,True,27-28
0.0,1247,1292,cross_plane,919.5190996416377,True,True,27-28
0.0,1248,1293,cross_plane,894.7687608303388,True,True,27-28
0.0,1249,1294,cross_plane,857.1677108778613,True,True,27-28
0.0,1250,1295,cross_plane,807.9461886408674,True,True,27-28
0.0,1251,1296,cross_plane,748.8734002807381,True,True,27-28
0.0,1252,1297,cross_plane,682.392948109936,True,True,27-28
0.0,1253,1298,cross_plane,611.8662218368312,True,True,27-28
0.0,1254,1299,cross_plane,541.9793287887865,True,True,27-28
0.0,1255,1300,cross_plane,479.2960420247177,True,True,27-28
0.0,1256,1301,cross_plane,432.52447677707414,True,True,27-28
0.0,1257,1302,cross_plane,411.050760002221,True,True,27-28
0.0,1258,1303,cross_plane,420.385647797045,True,True,27-28
0.0,1259,1304,cross_plane,458.0239019510465,True,True,27-28
0.0,1260,1305,cross_plane,515.4571663625018,True,True,27-28
0.0,1261,1306,cross_plane,583.3593028541522,True,True,27-28
0.0,1262,1307,cross_plane,654.2845120507877,True,True,27-28
0.0,1263,1308,cross_plane,722.8597913194737,True,True,27-28
0.0,1264,1309,cross_plane,785.250408015542,True,True,27-28
0.0,1265,1310,cross_plane,838.6808875801717,True,True,27-28
0.0,1266,1311,cross_plane,881.1318961565703,True,True,27-28
0.0,1267,1312,cross_plane,911.1678832106526,True,True,27-28
0.0,1268,1313,cross_plane,927.8434815209124,True,True,27-28
0.0,1269,1314,cross_plane,930.6550705355478,True,True,27-28
0.0,1270,1315,cross_plane,919.5190996416376,True,True,27-28
0.0,1271,1316,cross_plane,894.7687608303394,True,True,27-28
0.0,1272,1317,cross_plane,857.1677108778583,True,True,27-28
0.0,1273,1318,cross_plane,807.9461886408676,True,True,27-28
0.0,1274,1319,cross_plane,748.8734002807385,True,True,27-28
0.0,1275,1320,cross_plane,682.3929481099345,True,True,27-28
0.0,1276,1321,cross_plane,611.8662218368308,True,True,27-28
0.0,1277,1322,cross_plane,541.9793287887952,True,True,27-28
0.0,1278,1323,cross_plane,479.29604202471796,True,True,27-28
0.0,1279,1324,cross_plane,432.52447677706743,True,True,27-28
0.0,1280,1325,cross_plane,411.05076000222664,True,True,27-28
0.0,1281,1326,cross_plane,420.38564779704507,True,True,27-28
0.0,1282,1327,cross_plane,458.0239019510465,True,True,27-28
0.0,1283,1328,cross_plane,515.4571663624921,True,True,27-28
0.0,1284,1329,cross_plane,583.3593028541557,True,True,27-28
0.0,1285,1330,cross_plane,654.2845120507959,True,True,27-28
0.0,1286,1331,cross_plane,722.8597913194741,True,True,27-28
0.0,1287,1332,cross_plane,785.2504080155359,True,True,27-28
0.0,1288,1379,cross_plane,869.6449364593964,True,True,28-29
0.0,1289,1334,cross_plane,903.5257554860021,True,True,28-29
0.0,1290,1335,cross_plane,924.2818417776573,True,True,28-29
0.0,1291,1336,cross_plane,931.2803092724805,True,True,28-29
0.0,1292,1337,cross_plane,924.3126884508093,True,True,28-29
0.0,1293,1338,cross_plane,903.5865247305758,True,True,28-29
0.0,1294,1339,cross_plane,869.7337417860738,True,True,28-29
0.0,1295,1340,cross_plane,823.8390338672237,True,True,28-29
0.0,1296,1341,cross_plane,767.4992559968327,True,True,28-29
0.0,1297,1342,cross_plane,702.9361232699125,True,True,28-29
0.0,1298,1343,cross_plane,633.2013680727961,True,True,28-29
0.0,1299,1344,cross_plane,562.5298438605874,True,True,28-29
0.0,1300,1345,cross_plane,496.86420432099675,True,True,28-29
0.0,1301,1346,cross_plane,444.3039338850425,True,True,28-29
0.0,1302,1347,cross_plane,414.37240343714683,True,True,28-29
0.0,1303,1348,cross_plane,414.3376753088835,True,True,28-29
0.0,1304,1349,cross_plane,444.2091640922663,True,True,28-29
0.0,1305,1350,cross_plane,496.7299605636437,True,True,28-29
0.0,1306,1351,cross_plane,562.3763457644048,True,True,28-29
0.0,1307,1352,cross_plane,633.0440905982346,True,True,28-29
0.0,1308,1353,cross_plane,702.7861202135749,True,True,28-29
0.0,1309,1354,cross_plane,767.3644331702448,True,True,28-29
0.0,1310,1355,cross_plane,823.7251328151307,True,True,28-29
0.0,1311,1356,cross_plane,869.6449364593911,True,True,28-29
0.0,1312,1357,cross_plane,903.5257554860048,True,True,28-29
0.0,1313,1358,cross_plane,924.2818417776573,True,True,28-29
0.0,1314,1359,cross_plane,931.2803092724805,True,True,28-29
0.0,1315,1360,cross_plane,924.3126884508093,True,True,28-29
0.0,1316,1361,cross_plane,903.5865247305758,True,True,28-29
0.0,1317,1362,cross_plane,869.733741786077,True,True,28-29
0.0,1318,1363,cross_plane,823.8390338672236,True,True,28-29
0.0,1319,1364,cross_plane,767.4992559968321,True,True,28-29
0.0,1320,1365,cross_plane,702.9361232699091,True,True,28-29
0.0,1321,1366,cross_plane,633.2013680727918,True,True,28-29
0.0,1322,1367,cross_plane,562.5298438605785,True,True,28-29
0.0,1323,1368,cross_plane,496.8642043210069,True,True,28-29
0.0,1324,1369,cross_plane,444.30393388504774,True,True,28-29
0.0,1325,1370,cross_plane,414.372403437141,True,True,28-29
0.0,1326,1371,cross_plane,414.3376753088834,True,True,28-29
0.0,1327,1372,cross_plane,444.2091640922721,True,True,28-29
0.0,1328,1373,cross_plane,496.72996056364315,True,True,28-29
0.0,1329,1374,cross_plane,562.3763457644103,True,True,28-29
0.0,1330,1375,cross_plane,633.0440905982272,True,True,28-29
0.0,1331,1376,cross_plane,702.7861202135788,True,True,28-29
0.0,1332,1377,cross_plane,767.364433170248,True,True,28-29
0.0,1333,1378,cross_plane,823.7251328151274,True,True,28-29
0.0,1334,1425,cross_plane,894.699337095743,True,True,29-30
0.0,1335,1380,cross_plane,919.4791365004683,True,True,29-30
0.0,1336,1381,cross_plane,930.6457748014831,True,True,29-30
0.0,1337,1382,cross_plane,927.8651288056491,True,True,29-30
0.0,1338,1383,cross_plane,911.2198287759041,True,True,29-30
0.0,1339,1384,cross_plane,881.2125489485508,True,True,29-30
0.0,1340,1385,cross_plane,838.7876373117948,True,True,29-30
0.0,1341,1386,cross_plane,785.3794771742039,True,True,29-30
0.0,1342,1387,cross_plane,723.0059567813748,True,True,29-30
0.0,1343,1388,cross_plane,654.4406010512065,True,True,29-30
0.0,1344,1389,cross_plane,583.5153343711875,True,True,29-30
0.0,1345,1390,cross_plane,515.5991155522839,True,True,29-30
0.0,1346,1391,cross_plane,458.1328257965895,True,True,29-30
0.0,1347,1392,cross_plane,420.4401465517668,True,True,29-30
0.0,1348,1393,cross_plane,411.03672019487374,True,True,29-30
0.0,1349,1394,cross_plane,432.44580142081,True,True,29-30
0.0,1350,1395,cross_plane,479.17134853290264,True,True,29-30
0.0,1351,1396,cross_plane,541.8297511601095,True,True,29-30
0.0,1352,1397,cross_plane,611.7087412403557,True,True,29-30
0.0,1353,1398,cross_plane,682.2398122927511,True,True,29-30
0.0,1354,1399,cross_plane,748.7333365852952,True,True,29-30
0.0,1355,1400,cross_plane,807.825509741325,True,True,29-30
0.0,1356,1401,cross_plane,857.0710164784882,True,True,29-30
0.0,1357,1402,cross_plane,894.6993370957367,True,True,29-30
0.0,1358,1403,cross_plane,919.479136500467,True,True,29-30
0.0,1359,1404,cross_plane,930.6457748014831,True,True,29-30
0.0,1360,1405,cross_plane,927.8651288056506,True,True,29-30
0.0,1361,1406,cross_plane,911.2198287759055,True,True,29-30
0.0,1362,1407,cross_plane,881.2125489485468,True,True,29-30
0.0,1363,1408,cross_plane,838.7876373117939,True,True,29-30
0.0,1364,1409,cross_plane,785.3794771742025,True,True,29-30
0.0,1365,1410,cross_plane,723.0059567813764,True,True,29-30
0.0,1366,1411,cross_plane,654.4406010512066,True,True,29-30
0.0,1367,1412,cross_plane,583.5153343711912,True,True,29-30
0.0,1368,1413,cross_plane,515.599115552278,True,True,29-30
0.0,1369,1414,cross_plane,458.13282579659017,True,True,29-30
0.0,1370,1415,cross_plane,420.440146551767,True,True,29-30
0.0,1371,1416,cross_plane,411.03672019487374,True,True,29-30
0.0,1372,1417,cross_plane,432.4458014208097,True,True,29-30
0.0,1373,1418,cross_plane,479.17134853290355,True,True,29-30
0.0,1374,1419,cross_plane,541.829751160101,True,True,29-30
0.0,1375,1420,cross_plane,611.7087412403557,True,True,29-30
0.0,1376,1421,cross_plane,682.2398122927553,True,True,29-30
0.0,1377,1422,cross_plane,748.733336585292,True,True,29-30
0.0,1378,1423,cross_plane,807.825509741325,True,True,29-30
0.0,1379,1424,cross_plane,857.0710164784826,True,True,29-30
0.0,1380,1471,cross_plane,913.4483272442967,True,True,30-31
0.0,1381,1426,cross_plane,928.7531546868652,True,True,30-31
0.0,1382,1427,cross_plane,930.1668988639036,True,True,30-31
0.0,1383,1428,cross_plane,917.6475626501095,True,True,30-31
0.0,1384,1429,cross_plane,891.570462754566,True,True,30-31
0.0,1385,1430,cross_plane,852.7438329324837,True,True,30-31
0.0,1386,1431,cross_plane,802.4477733869758,True,True,30-31
0.0,1387,1432,cross_plane,742.5114722555448,True,True,30-31
0.0,1388,1433,cross_plane,675.4570834990099,True,True,30-31
0.0,1389,1434,cross_plane,604.7570657438325,True,True,30-31
0.0,1390,1435,cross_plane,535.2593727251726,True,True,30-31
0.0,1391,1436,cross_plane,473.743338256339,True,True,30-31
0.0,1392,1437,cross_plane,429.0979007371884,True,True,30-31
0.0,1393,1438,cross_plane,410.5713221260585,True,True,30-31
0.0,1394,1439,cross_plane,422.9868662013525,True,True,30-31
0.0,1395,1440,cross_plane,463.03855119584387,True,True,30-31
0.0,1396,1441,cross_plane,521.916994235939,True,True,30-31
0.0,1397,1442,cross_plane,590.4191616462034,True,True,30-31
0.0,1398,1443,cross_plane,661.3212511552093,True,True,30-31
0.0,1399,1444,cross_plane,729.429999919279,True,True,30-31
0.0,1400,1445,cross_plane,791.0351745583072,True,True,30-31
0.0,1401,1446,cross_plane,843.4479232480961,True,True,30-31
0.0,1402,1447,cross_plane,884.7133971298484,True,True,30-31
0.0,1403,1448,cross_plane,913.4483272442957,True,True,30-31
0.0,1404,1449,cross_plane,928.7531546868652,True,True,30-31
0.0,1405,1450,cross_plane,930.1668988639021,True,True,30-31
0.0,1406,1451,cross_plane,917.6475626501084,True,True,30-31
0.0,1407,1452,cross_plane,891.5704627545686,True,True,30-31
0.0,1408,1453,cross_plane,852.7438329324837,True,True,30-31
0.0,1409,1454,cross_plane,802.4477733869761,True,True,30-31
0.0,1410,1455,cross_plane,742.511472255541,True,True,30-31
0.0,1411,1456,cross_plane,675.4570834990107,True,True,30-31
0.0,1412,1457,cross_plane,604.7570657438274,True,True,30-31
0.0,1413,1458,cross_plane,535.2593727251718,True,True,30-31
0.0,1414,1459,cross_plane,473.7433382563394,True,True,30-31
0.0,1415,1460,cross_plane,429.0979007371996,True,True,30-31
0.0,1416,1461,cross_plane,410.57132212605853,True,True,30-31
0.0,1417,1462,cross_plane,422.986866201347,True,True,30-31
0.0,1418,1463,cross_plane,463.0385511958488,True,True,30-31
0.0,1419,1464,cross_plane,521.9169942359387,True,True,30-31
0.0,1420,1465,cross_plane,590.4191616462028,True,True,30-31
0.0,1421,1466,cross_plane,661.3212511552019,True,True,30-31
0.0,1422,1467,cross_plane,729.4299999192827,True,True,30-31
0.0,1423,1468,cross_plane,791.0351745583141,True,True,30-31
0.0,1424,1469,cross_plane,843.4479232480965,True,True,30-31
0.0,1425,1470,cross_plane,884.713397129843,True,True,30-31
0.0,1426,1517,cross_plane,925.6074925344587,True,True,31-32
0.0,1427,1472,cross_plane,931.2118579896947,True,True,31-32
0.0,1428,1473,cross_plane,922.8521627148774,True,True,31-32
0.0,1429,1474,cross_plane,900.777730568727,True,True,31-32
0.0,1430,1475,cross_plane,865.6640888466611,True,True,31-32
0.0,1431,1476,cross_plane,818.6438166898192,True,True,31-32
0.0,1432,1477,cross_plane,761.3700297901125,True,True,31-32
0.0,1433,1478,cross_plane,696.1362405712811,True,True,31-32
0.0,1434,1479,cross_plane,626.0936648359317,True,True,31-32
0.0,1435,1480,cross_plane,555.6219889110168,True,True,31-32
0.0,1436,1481,cross_plane,490.86609945303627,True,True,31-32
0.0,1437,1482,cross_plane,440.13678584181787,True,True,31-32
0.0,1438,1483,cross_plane,412.95417614532846,True,True,31-32
0.0,1439,1484,cross_plane,416.0548658214553,True,True,31-32
0.0,1440,1485,cross_plane,448.59920572312706,True,True,31-32
0.0,1441,1486,cross_plane,502.85480458641706,True,True,31-32
0.0,1442,1487,cross_plane,569.3313858122153,True,True,31-32
0.0,1443,1488,cross_plane,640.1413153450341,True,True,31-32
0.0,1444,1489,cross_plane,709.5345369842157,True,True,31-32
0.0,1445,1490,cross_plane,773.4126206511636,True,True,31-32
0.0,1446,1491,cross_plane,828.8177376160564,True,True,31-32
0.0,1447,1492,cross_plane,873.5964428850875,True,True,31-32
0.0,1448,1493,cross_plane,906.2058368772826,True,True,31-32
0.0,1449,1494,cross_plane,925.607492534454,True,True,31-32
0.0,1450,1495,cross_plane,931.2118579896959,True,True,31-32
0.0,1451,1496,cross_plane,922.8521627148781,True,True,31-32
0.0,1452,1497,cross_plane,900.7777305687299,True,True,31-32
0.0,1453,1498,cross_plane,865.6640888466623,True,True,31-32
0.0,1454,1499,cross_plane,818.6438166898173,True,True,31-32
0.0,1455,1500,cross_plane,761.3700297901153,True,True,31-32
0.0,1456,1501,cross_plane,696.1362405712833,True,True,31-32
0.0,1457,1502,cross_plane,626.0936648359365,True,True,31-32
0.0,1458,1503,cross_plane,555.6219889110125,True,True,31-32
0.0,1459,1504,cross_plane,490.86609945302996,True,True,31-32
0.0,1460,1505,cross_plane,440.1367858418064,True,True,31-32
0.0,1461,1506,cross_plane,412.9541761453346,True,True,31-32
0.0,1462,1507,cross_plane,416.0548658214616,True,True,31-32
0.0,1463,1508,cross_plane,448.5992057231213,True,True,31-32
0.0,1464,1509,cross_plane,502.8548045864163,True,True,31-32
0.0,1465,1510,cross_plane,569.331385812216,True,True,31-32
0.0,1466,1511,cross_plane,640.1413153450383,True,True,31-32
0.0,1467,1512,cross_plane,709.5345369842161,True,True,31-32
0.0,1468,1513,cross_plane,773.4126206511571,True,True,31-32
0.0,1469,1514,cross_plane,828.8177376160558,True,True,31-32
0.0,1470,1515,cross_plane,873.5964428850873,True,True,31-32
0.0,1471,1516,cross_plane,906.2058368772774,True,True,31-32
0.0,1472,1563,cross_plane,930.9972258742697,True,True,32-33
0.0,1473,1518,cross_plane,926.8195450087571,True,True,32-33
0.0,1474,1519,cross_plane,908.8083775612536,True,True,32-33
0.0,1475,1520,cross_plane,877.5092429880885,True,True,32-33
0.0,1476,1521,cross_plane,833.9127566223588,True,True,32-33
0.0,1477,1522,cross_plane,779.5064715410889,True,True,32-33
0.0,1478,1523,cross_plane,716.3744020953991,True,True,32-33
0.0,1479,1524,cross_plane,647.3796093447841,True,True,32-33
0.0,1480,1525,cross_plane,576.4832440684766,True,True,32-33
0.0,1481,1526,cross_plane,509.23977010785364,True,True,32-33
0.0,1482,1527,cross_plane,453.3118689041585,True,True,32-33
0.0,1483,1528,cross_plane,418.12083861381313,True,True,32-33
0.0,1484,1529,cross_plane,411.82484331381704,True,True,32-33
0.0,1485,1530,cross_plane,436.1229038679436,True,True,32-33
0.0,1486,1531,cross_plane,484.8787750831245,True,True,32-33
0.0,1487,1532,cross_plane,548.6183348306705,True,True,32-33
0.0,1488,1533,cross_plane,618.8226871606046,True,True,32-33
0.0,1489,1534,cross_plane,689.1351044867349,True,True,32-33
0.0,1490,1535,cross_plane,755.0221362674191,True,True,32-33
0.0,1491,1536,cross_plane,813.227082959672,True,True,32-33
0.0,1492,1537,cross_plane,861.3808501758269,True,True,32-33
0.0,1493,1538,cross_plane,897.7716112594695,True,True,32-33
0.0,1494,1539,cross_plane,921.2172050459733,True,True,32-33
0.0,1495,1540,cross_plane,930.9972258742649,True,True,32-33
0.0,1496,1541,cross_plane,926.8195450087551,True,True,32-33
0.0,1497,1542,cross_plane,908.8083775612508,True,True,32-33
0.0,1498,1543,cross_plane,877.509242988089,True,True,32-33
0.0,1499,1544,cross_plane,833.9127566223609,True,True,32-33
0.0,1500,1545,cross_plane,779.506471541086,True,True,32-33
0.0,1501,1546,cross_plane,716.3744020953948,True,True,32-33
0.0,1502,1547,cross_plane,647.3796093447803,True,True,32-33
0.0,1503,1548,cross_plane,576.4832440684766,True,True,32-33
0.0,1504,1549,cross_plane,509.2397701078539,True,True,32-33
0.0,1505,1550,cross_plane,453.31186890416427,True,True,32-33
0.0,1506,1551,cross_plane,418.1208386138127,True,True,32-33
0.0,1507,1552,cross_plane,411.824843313817,True,True,32-33
0.0,1508,1553,cross_plane,436.12290386794393,True,True,32-33
0.0,1509,1554,cross_plane,484.87877508313,True,True,32-33
0.0,1510,1555,cross_plane,548.6183348306695,True,True,32-33
0.0,1511,1556,cross_plane,618.8226871606004,True,True,32-33
0.0,1512,1557,cross_plane,689.1351044867316,True,True,32-33
0.0,1513,1558,cross_plane,755.0221362674191,True,True,32-33
0.0,1514,1559,cross_plane,813.2270829596794,True,True,32-33
0.0,1515,1560,cross_plane,861.3808501758268,True,True,32-33
0.0,1516,1561,cross_plane,897.7716112594725,True,True,32-33
0.0,1517,1562,cross_plane,921.2172050459683,True,True,32-33
0.0,1518,1609,cross_plane,929.5390538883281,True,True,33-34
0.0,1519,1564,cross_plane,915.6400932792437,True,True,33-34
0.0,1520,1565,cross_plane,888.2442840583923,True,True,33-34
0.0,1521,1566,cross_plane,848.2048146577839,True,True,33-34
0.0,1522,1567,cross_plane,796.8523961453809,True,True,33-34
0.0,1523,1568,cross_plane,736.0775985717332,True,True,33-34
0.0,1524,1569,cross_plane,668.4836487074987,True,True,33-34
0.0,1525,1570,cross_plane,597.6583199895005,True,True,33-34
0.0,1526,1571,cross_plane,528.6172967038868,True,True,33-34
0.0,1527,1572,cross_plane,468.3585923813509,True,True,33-34
0.0,1528,1573,cross_plane,425.93619104754146,True,True,33-34
0.0,1529,1574,cross_plane,410.40900020021525,True,True,33-34
0.0,1530,1575,cross_plane,425.8692473668637,True,True,33-34
0.0,1531,1576,cross_plane,468.24134184126234,True,True,33-34
0.0,1532,1577,cross_plane,528.4711726128337,True,True,33-34
0.0,1533,1578,cross_plane,597.5013038987464,True,True,33-34
0.0,1534,1579,cross_plane,668.3288516353931,True,True,33-34
0.0,1535,1580,cross_plane,735.9343506633174,True,True,33-34
0.0,1536,1581,cross_plane,796.727424753737,True,True,33-34
0.0,1537,1582,cross_plane,848.1030224272059,True,True,33-34
0.0,1538,1583,cross_plane,888.169198040793,True,True,33-34
0.0,1539,1584,cross_plane,915.5941110657271,True,True,33-34
0.0,1540,1585,cross_plane,929.5235732103298,True,True,33-34
0.0,1541,1586,cross_plane,929.5390538883282,True,True,33-34
0.0,1542,1587,cross_plane,915.6400932792432,True,True,33-34
0.0,1543,1588,cross_plane,888.2442840583922,True,True,33-34
0.0,1544,1589,cross_plane,848.2048146577836,True,True,33-34
0.0,1545,1590,cross_plane,796.8523961453847,True,True,33-34
0.0,1546,1591,cross_plane,736.0775985717332,True,True,33-34
0.0,1547,1592,cross_plane,668.4836487074983,True,True,33-34
0.0,1548,1593,cross_plane,597.6583199895011,True,True,33-34
0.0,1549,1594,cross_plane,528.6172967038872,True,True,33-34
0.0,1550,1595,cross_plane,468.35859238134486,True,True,33-34
0.0,1551,1596,cross_plane,425.9361910475412,True,True,33-34
0.0,1552,1597,cross_plane,410.409000200215,True,True,33-34
0.0,1553,1598,cross_plane,425.8692473668763,True,True,33-34
0.0,1554,1599,cross_plane,468.2413418412586,True,True,33-34
0.0,1555,1600,cross_plane,528.4711726128342,True,True,33-34
0.0,1556,1601,cross_plane,597.5013038987515,True,True,33-34
0.0,1557,1602,cross_plane,668.3288516353932,True,True,33-34
0.0,1558,1603,cross_plane,735.9343506633178,True,True,33-34
0.0,1559,1604,cross_plane,796.727424753731,True,True,33-34
0.0,1560,1605,cross_plane,848.1030224272089,True,True,33-34
0.0,1561,1606,cross_plane,888.1691980407988,True,True,33-34
0.0,1562,1607,cross_plane,915.594111065726,True,True,33-34
0.0,1563,1608,cross_plane,929.523573210324,True,True,33-34
0.0,1564,1655,cross_plane,921.2541401358848,True,True,34-35
0.0,1565,1610,cross_plane,897.8381706238334,True,True,34-35
0.0,1566,1611,cross_plane,861.4749460325386,True,True,34-35
0.0,1567,1612,cross_plane,813.3455463541464,True,True,34-35
0.0,1568,1613,cross_plane,755.1605130081497,True,True,34-35
0.0,1569,1614,cross_plane,689.2872786943273,True,True,34-35
0.0,1570,1615,cross_plane,618.9802159157867,True,True,34-35
0.0,1571,1616,cross_plane,548.7693819779992,True,True,34-35
0.0,1572,1617,cross_plane,485.0068639559823,True,True,34-35
0.0,1573,1618,cross_plane,436.2071519637509,True,True,34-35
0.0,1574,1619,cross_plane,411.8458494729765,True,True,34-35
0.0,1575,1620,cross_plane,418.0727982426674,True,True,34-35
0.0,1576,1621,cross_plane,453.2074420500903,True,True,34-35
0.0,1577,1622,cross_plane,509.10019196575945,True,True,34-35
0.0,1578,1623,cross_plane,576.3279113290221,True,True,34-35
0.0,1579,1624,cross_plane,647.2230208495042,True,True,34-35
0.0,1580,1625,cross_plane,716.2268832867384,True,True,34-35
0.0,1581,1626,cross_plane,779.3754304439647,True,True,34-35
0.0,1582,1627,cross_plane,833.8035838479369,True,True,34-35
0.0,1583,1628,cross_plane,877.4258452574192,True,True,34-35
0.0,1584,1629,cross_plane,908.7534736173642,True,True,34-35
0.0,1585,1630,cross_plane,926.7948235998757,True,True,34-35
0.0,1586,1631,cross_plane,931.0034245562307,True,True,34-35
0.0,1587,1632,cross_plane,921.2541401358806,True,True,34-35
0.0,1588,1633,cross_plane,897.8381706238337,True,True,34-35
0.0,1589,1634,cross_plane,861.4749460325394,True,True,34-35
0.0,1590,1635,cross_plane,813.3455463541497,True,True,34-35
0.0,1591,1636,cross_plane,755.1605130081521,True,True,34-35
0.0,1592,1637,cross_plane,689.2872786943254,True,True,34-35
0.0,1593,1638,cross_plane,618.9802159157863,True,True,34-35
0.0,1594,1639,cross_plane,548.7693819779992,True,True,34-35
0.0,1595,1640,cross_plane,485.0068639559869,True,True,34-35
0.0,1596,1641,cross_plane,436.20715196374533,True,True,34-35
0.0,1597,1642,cross_plane,411.8458494729713,True,True,34-35
0.0,1598,1643,cross_plane,418.07279824265487,True,True,34-35
0.0,1599,1644,cross_plane,453.2074420500955,True,True,34-35
0.0,1600,1645,cross_plane,509.1001919657643,True,True,34-35
0.0,1601,1646,cross_plane,576.3279113290171,True,True,34-35
0.0,1602,1647,cross_plane,647.2230208495034,True,True,34-35
0.0,1603,1648,cross_plane,716.2268832867388,True,True,34-35
0.0,1604,1649,cross_plane,779.3754304439678,True,True,34-35
0.0,1605,1650,cross_plane,833.8035838479373,True,True,34-35
0.0,1606,1651,cross_plane,877.4258452574137,True,True,34-35
0.0,1607,1652,cross_plane,908.7534736173657,True,True,34-35
0.0,1608,1653,cross_plane,926.7948235998757,True,True,34-35
0.0,1609,1654,cross_plane,931.003424556226,True,True,34-35
0.0,1610,1701,cross_plane,906.2636823741917,True,True,35-36
0.0,1611,1656,cross_plane,873.6825584911786,True,True,35-36
0.0,1612,1657,cross_plane,828.9292945993448,True,True,35-36
0.0,1613,1658,cross_plane,773.5455802048708,True,True,35-36
0.0,1614,1659,cross_plane,709.6833357926201,True,True,35-36
0.0,1615,1660,cross_plane,640.2983011811632,True,True,35-36
0.0,1616,1661,cross_plane,569.4858757269149,True,True,35-36
0.0,1617,1662,cross_plane,502.99181586080726,True,True,35-36
0.0,1618,1663,cross_plane,448.69891390395446,True,True,35-36
0.0,1619,1664,cross_plane,416.096310417657,True,True,35-36
0.0,1620,1665,cross_plane,412.92626719778093,True,True,35-36
0.0,1621,1666,cross_plane,440.0471709331879,True,True,35-36
0.0,1622,1667,cross_plane,490.7348284232484,True,True,35-36
0.0,1623,1668,cross_plane,555.4696366855748,True,True,35-36
0.0,1624,1669,cross_plane,625.936205112208,True,True,35-36
0.0,1625,1670,cross_plane,695.9851115166789,True,True,35-36
0.0,1626,1671,cross_plane,761.2334006301797,True,True,35-36
0.0,1627,1672,cross_plane,818.5276130448445,True,True,35-36
0.0,1628,1673,cross_plane,865.5726230616539,True,True,35-36
0.0,1629,1674,cross_plane,900.7140563695627,True,True,35-36
0.0,1630,1675,cross_plane,922.8182667605247,True,True,35-36
0.0,1631,1676,cross_plane,931.2087581910034,True,True,35-36
0.0,1632,1677,cross_plane,925.6352807154342,True,True,35-36
0.0,1633,1678,cross_plane,906.2636823741897,True,True,35-36
0.0,1634,1679,cross_plane,873.6825584911775,True,True,35-36
0.0,1635,1680,cross_plane,828.9292945993401,True,True,35-36
0.0,1636,1681,cross_plane,773.545580204871,True,True,35-36
0.0,1637,1682,cross_plane,709.6833357926228,True,True,35-36
0.0,1638,1683,cross_plane,640.2983011811631,True,True,35-36
0.0,1639,1684,cross_plane,569.4858757269147,True,True,35-36
0.0,1640,1685,cross_plane,502.99181586080186,True,True,35-36
0.0,1641,1686,cross_plane,448.6989139039539,True,True,35-36
0.0,1642,1687,cross_plane,416.09631041765664,True,True,35-36
0.0,1643,1688,cross_plane,412.92626719778644,True,True,35-36
0.0,1644,1689,cross_plane,440.04717093318726,True,True,35-36
0.0,1645,1690,cross_plane,490.73482842325376,True,True,35-36
0.0,1646,1691,cross_plane,555.4696366855757,True,True,35-36
0.0,1647,1692,cross_plane,625.9362051122081,True,True,35-36
0.0,1648,1693,cross_plane,695.9851115166816,True,True,35-36
0.0,1649,1694,cross_plane,761.2334006301763,True,True,35-36
0.0,1650,1695,cross_plane,818.5276130448418,True,True,35-36
0.0,1651,1696,cross_plane,865.5726230616539,True,True,35-36
0.0,1652,1697,cross_plane,900.7140563695641,True,True,35-36
0.0,1653,1698,cross_plane,922.8182667605306,True,True,35-36
0.0,1654,1699,cross_plane,931.2087581910067,True,True,35-36
0.0,1655,1700,cross_plane,925.635280715428,True,True,35-36
0.0,1656,1747,cross_plane,884.7912789965474,True,True,36-37
0.0,1657,1702,cross_plane,843.5522123811472,True,True,36-37
0.0,1658,1703,cross_plane,791.1622199475333,True,True,36-37
0.0,1659,1704,cross_plane,729.5747410036719,True,True,36-37
0.0,1660,1705,cross_plane,661.4767419202892,True,True,36-37
0.0,1661,1706,cross_plane,590.5757527167685,True,True,36-37
0.0,1662,1707,cross_plane,522.0611236842872,True,True,36-37
0.0,1663,1708,cross_plane,463.1517495308811,True,True,36-37
0.0,1664,1709,cross_plane,423.04767065668506,True,True,36-37
0.0,1665,1710,cross_plane,410.56429146158695,True,True,36-37
0.0,1666,1711,cross_plane,429.02499654034483,True,True,36-37
0.0,1667,1712,cross_plane,473.6222566512533,True,True,36-37
0.0,1668,1713,cross_plane,535.1114343435888,True,True,36-37
0.0,1669,1714,cross_plane,604.5997546141565,True,True,36-37
0.0,1670,1715,cross_plane,675.3030724211028,True,True,36-37
0.0,1671,1716,cross_plane,742.3697841690935,True,True,36-37
0.0,1672,1717,cross_plane,802.3249246634979,True,True,36-37
0.0,1673,1718,cross_plane,852.6445726811062,True,True,36-37
0.0,1674,1719,cross_plane,891.4981964601769,True,True,36-37
0.0,1675,1720,cross_plane,917.6045834850793,True,True,36-37
0.0,1676,1721,cross_plane,930.1545088253437,True,True,36-37
0.0,1677,1722,cross_plane,928.7717214204321,True,True,36-37
0.0,1678,1723,cross_plane,913.4972985775962,True,True,36-37
0.0,1679,1724,cross_plane,884.7912789965454,True,True,36-37
0.0,1680,1725,cross_plane,843.5522123811484,True,True,36-37
0.0,1681,1726,cross_plane,791.162219947531,True,True,36-37
0.0,1682,1727,cross_plane,729.5747410036711,True,True,36-37
0.0,1683,1728,cross_plane,661.4767419202904,True,True,36-37
0.0,1684,1729,cross_plane,590.5757527167684,True,True,36-37
0.0,1685,1730,cross_plane,522.0611236842886,True,True,36-37
0.0,1686,1731,cross_plane,463.1517495308816,True,True,36-37
0.0,1687,1732,cross_plane,423.0476706566848,True,True,36-37
0.0,1688,1733,cross_plane,410.56429146158166,True,True,36-37
0.0,1689,1734,cross_plane,429.0249965403452,True,True,36-37
0.0,1690,1735,cross_plane,473.622256651249,True,True,36-37
0.0,1691,1736,cross_plane,535.1114343435985,True,True,36-37
0.0,1692,1737,cross_plane,604.5997546141566,True,True,36-37
0.0,1693,1738,cross_plane,675.3030724211005,True,True,36-37
0.0,1694,1739,cross_plane,742.3697841690964,True,True,36-37
0.0,1695,1740,cross_plane,802.3249246634985,True,True,36-37
0.0,1696,1741,cross_plane,852.6445726811055,True,True,36-37
0.0,1697,1742,cross_plane,891.4981964601748,True,True,36-37
0.0,1698,1743,cross_plane,917.6045834850758,True,True,36-37
0.0,1699,1744,cross_plane,930.1545088253491,True,True,36-37
0.0,1700,1745,cross_plane,928.7717214204321,True,True,36-37
0.0,1701,1746,cross_plane,913.497298577593,True,True,36-37
0.0,1702,1793,cross_plane,857.167710877866,True,True,37-38
0.0,1703,1748,cross_plane,807.9461886408689,True,True,37-38
0.0,1704,1749,cross_plane,748.8734002807398,True,True,37-38
0.0,1705,1750,cross_plane,682.3929481099358,True,True,37-38
0.0,1706,1751,cross_plane,611.8662218368356,True,True,37-38
0.0,1707,1752,cross_plane,541.9793287887917,True,True,37-38
0.0,1708,1753,cross_plane,479.29604202472365,True,True,37-38
0.0,1709,1754,cross_plane,432.52447677707414,True,True,37-38
0.0,1710,1755,cross_plane,411.050760002221,True,True,37-38
0.0,1711,1756,cross_plane,420.38564779705064,True,True,37-38
0.0,1712,1757,cross_plane,458.02390195105176,True,True,37-38
0.0,1713,1758,cross_plane,515.4571663625017,True,True,37-38
0.0,1714,1759,cross_plane,583.3593028541518,True,True,37-38
0.0,1715,1760,cross_plane,654.2845120507922,True,True,37-38
0.0,1716,1761,cross_plane,722.859791319476,True,True,37-38
0.0,1717,1762,cross_plane,785.250408015542,True,True,37-38
0.0,1718,1763,cross_plane,838.6808875801746,True,True,37-38
0.0,1719,1764,cross_plane,881.1318961565695,True,True,37-38
0.0,1720,1765,cross_plane,911.1678832106571,True,True,37-38
0.0,1721,1766,cross_plane,927.8434815209172,True,True,37-38
0.0,1722,1767,cross_plane,930.655070535548,True,True,37-38
0.0,1723,1768,cross_plane,919.5190996416401,True,True,37-38
0.0,1724,1769,cross_plane,894.7687608303419,True,True,37-38
0.0,1725,1770,cross_plane,857.1677108778615,True,True,37-38
0.0,1726,1771,cross_plane,807.9461886408712,True,True,37-38
0.0,1727,1772,cross_plane,748.8734002807421,True,True,37-38
0.0,1728,1773,cross_plane,682.3929481099383,True,True,37-38
0.0,1729,1774,cross_plane,611.8662218368356,True,True,37-38
0.0,1730,1775,cross_plane,541.9793287887913,True,True,37-38
0.0,1731,1776,cross_plane,479.29604202472365,True,True,37-38
0.0,1732,1777,cross_plane,432.5244767770738,True,True,37-38
0.0,1733,1778,cross_plane,411.05076000222664,True,True,37-38
0.0,1734,1779,cross_plane,420.3856477970449,True,True,37-38
0.0,1735,1780,cross_plane,458.0239019510465,True,True,37-38
0.0,1736,1781,cross_plane,515.4571663624922,True,True,37-38
0.0,1737,1782,cross_plane,583.3593028541561,True,True,37-38
0.0,1738,1783,cross_plane,654.2845120507956,True,True,37-38
0.0,1739,1784,cross_plane,722.8597913194741,True,True,37-38
0.0,1740,1785,cross_plane,785.2504080155416,True,True,37-38
0.0,1741,1786,cross_plane,838.6808875801751,True,True,37-38
0.0,1742,1787,cross_plane,881.1318961565729,True,True,37-38
0.0,1743,1788,cross_plane,911.1678832106579,True,True,37-38
0.0,1744,1789,cross_plane,927.8434815209121,True,True,37-38
0.0,1745,1790,cross_plane,930.6550705355482,True,True,37-38
0.0,1746,1791,cross_plane,919.5190996416403,True,True,37-38
0.0,1747,1792,cross_plane,894.7687608303368,True,True,37-38
0.0,1748,1839,cross_plane,823.8390338672257,True,True,38-39
0.0,1749,1794,cross_plane,767.4992559968337,True,True,38-39
0.0,1750,1795,cross_plane,702.9361232699138,True,True,38-39
0.0,1751,1796,cross_plane,633.2013680727954,True,True,38-39
0.0,1752,1797,cross_plane,562.5298438605876,True,True,38-39
0.0,1753,1798,cross_plane,496.8642043210018,True,True,38-39
0.0,1754,1799,cross_plane,444.30393388504706,True,True,38-39
0.0,1755,1800,cross_plane,414.37240343714643,True,True,38-39
0.0,1756,1801,cross_plane,414.3376753088834,True,True,38-39
0.0,1757,1802,cross_plane,444.20916409227226,True,True,38-39
0.0,1758,1803,cross_plane,496.72996056364906,True,True,38-39
0.0,1759,1804,cross_plane,562.3763457644098,True,True,38-39
0.0,1760,1805,cross_plane,633.0440905982313,True,True,38-39
0.0,1761,1806,cross_plane,702.7861202135798,True,True,38-39
0.0,1762,1807,cross_plane,767.3644331702492,True,True,38-39
0.0,1763,1808,cross_plane,823.7251328151324,True,True,38-39
0.0,1764,1809,cross_plane,869.6449364593915,True,True,38-39
0.0,1765,1810,cross_plane,903.5257554860019,True,True,38-39
0.0,1766,1811,cross_plane,924.2818417776608,True,True,38-39
0.0,1767,1812,cross_plane,931.2803092724803,True,True,38-39
0.0,1768,1813,cross_plane,924.3126884508067,True,True,38-39
0.0,1769,1814,cross_plane,903.5865247305757,True,True,38-39
0.0,1770,1815,cross_plane,869.7337417860768,True,True,38-39
0.0,1771,1816,cross_plane,823.8390338672234,True,True,38-39
0.0,1772,1817,cross_plane,767.4992559968321,True,True,38-39
0.0,1773,1818,cross_plane,702.9361232699088,True,True,38-39
0.0,1774,1819,cross_plane,633.2013680727957,True,True,38-39
0.0,1775,1820,cross_plane,562.5298438605876,True,True,38-39
0.0,1776,1821,cross_plane,496.8642043210016,True,True,38-39
0.0,1777,1822,cross_plane,444.30393388504774,True,True,38-39
0.0,1778,1823,cross_plane,414.3724034371405,True,True,38-39
0.0,1779,1824,cross_plane,414.33767530888326,True,True,38-39
0.0,1780,1825,cross_plane,444.20916409227203,True,True,38-39
0.0,1781,1826,cross_plane,496.7299605636535,True,True,38-39
0.0,1782,1827,cross_plane,562.3763457644105,True,True,38-39
0.0,1783,1828,cross_plane,633.0440905982355,True,True,38-39
0.0,1784,1829,cross_plane,702.7861202135786,True,True,38-39
0.0,1785,1830,cross_plane,767.3644331702484,True,True,38-39
0.0,1786,1831,cross_plane,823.7251328151345,True,True,38-39
0.0,1787,1832,cross_plane,869.6449364593888,True,True,38-39
0.0,1788,1833,cross_plane,903.525755485999,True,True,38-39
0.0,1789,1834,cross_plane,924.2818417776601,True,True,38-39
0.0,1790,1835,cross_plane,931.280309272483,True,True,38-39
0.0,1791,1836,cross_plane,924.312688450812,True,True,38-39
0.0,1792,1837,cross_plane,903.5865247305785,True,True,38-39
0.0,1793,1838,cross_plane,869.7337417860707,True,True,38-39
0.0,27,1794,cross_plane,785.3794771742055,True,True,39-0
0.0,28,1795,cross_plane,723.0059567813772,True,True,39-0
0.0,29,1796,cross_plane,654.4406010512105,True,True,39-0
0.0,30,1797,cross_plane,583.515334371195,True,True,39-0
0.0,31,1798,cross_plane,515.5991155522813,True,True,39-0
0.0,32,1799,cross_plane,458.13282579658835,True,True,39-0
0.0,33,1800,cross_plane,420.44014655177,True,True,39-0
0.0,34,1801,cross_plane,411.03672019488306,True,True,39-0
0.0,35,1802,cross_plane,432.44580142081315,True,True,39-0
0.0,36,1803,cross_plane,479.17134853290133,True,True,39-0
0.0,37,1804,cross_plane,541.8297511601085,True,True,39-0
0.0,38,1805,cross_plane,611.7087412403546,True,True,39-0
0.0,39,1806,cross_plane,682.2398122927557,True,True,39-0
0.0,40,1807,cross_plane,748.7333365852983,True,True,39-0
0.0,41,1808,cross_plane,807.8255097413256,True,True,39-0
0.0,42,1809,cross_plane,857.0710164784927,True,True,39-0
0.0,43,1810,cross_plane,894.6993370957442,True,True,39-0
0.0,44,1811,cross_plane,919.4791365004686,True,True,39-0
0.0,45,1812,cross_plane,930.6457748014905,True,True,39-0
0.0,0,1813,cross_plane,927.865128805655,True,True,39-0
0.0,1,1814,cross_plane,911.2198287759088,True,True,39-0
0.0,2,1815,cross_plane,881.2125489485541,True,True,39-0
0.0,3,1816,cross_plane,838.7876373117997,True,True,39-0
0.0,4,1817,cross_plane,785.379477174207,True,True,39-0
0.0,5,1818,cross_plane,723.0059567813797,True,True,39-0
0.0,6,1819,cross_plane,654.4406010512116,True,True,39-0
0.0,7,1820,cross_plane,583.5153343711938,True,True,39-0
0.0,8,1821,cross_plane,515.599115552283,True,True,39-0
0.0,9,1822,cross_plane,458.13282579658687,True,True,39-0
0.0,10,1823,cross_plane,420.44014655176903,True,True,39-0
0.0,11,1824,cross_plane,411.0367201948755,True,True,39-0
0.0,12,1825,cross_plane,432.44580142081156,True,True,39-0
0.0,13,1826,cross_plane,479.17134853289855,True,True,39-0
0.0,14,1827,cross_plane,541.8297511601024,True,True,39-0
0.0,15,1828,cross_plane,611.7087412403481,True,True,39-0
0.0,16,1829,cross_plane,682.2398122927552,True,True,39-0
0.0,17,1830,cross_plane,748.7333365852988,True,True,39-0
0.0,18,1831,cross_plane,807.8255097413219,True,True,39-0
0.0,19,1832,cross_plane,857.07101647849,True,True,39-0
0.0,20,1833,cross_plane,894.6993370957448,True,True,39-0
0.0,21,1834,cross_plane,919.4791365004709,True,True,39-0
0.0,22,1835,cross_plane,930.6457748014845,True,True,39-0
0.0,23,1836,cross_plane,927.8651288056493,True,True,39-0
0.0,24,1837,cross_plane,911.2198287759084,True,True,39-0
0.0,25,1838,cross_plane,881.2125489485546,True,True,39-0
0.0,26,1839,cross_plane,838.7876373117967,True,True,39-0
