plane_index,satellite_index,inclination_deg,raan_deg,initial_argument_of_latitude_deg,phase_factor,altitude_km
0,0,50.331343634531606,3.594136750965014,4.295683725698838,28,550.0
0,1,50.331343634531606,3.594136750965014,12.121770682220577,28,550.0
0,2,50.331343634531606,3.594136750965014,19.947857638742317,28,550.0
0,3,50.331343634531606,3.594136750965014,27.773944595264055,28,550.0
0,4,50.331343634531606,3.594136750965014,35.6000315517858,28,550.0
0,5,50.331343634531606,3.594136750965014,43.42611850830754,28,550.0
0,6,50.331343634531606,3.594136750965014,51.252205464829274,28,550.0
0,7,50.331343634531606,3.594136750965014,59.07829242135101,28,550.0
0,8,50.331343634531606,3.594136750965014,66.90437937787274,28,550.0
0,9,50.331343634531606,3.594136750965014,74.73046633439448,28,550.0
0,10,50.331343634531606,3.594136750965014,82.55655329091624,28,550.0
0,11,50.331343634531606,3.594136750965014,90.38264024743795,28,550.0
0,12,50.331343634531606,3.594136750965014,98.20872720395971,28,550.0
0,13,50.331343634531606,3.594136750965014,106.03481416048145,28,550.0
0,14,50.331343634531606,3.594136750965014,113.86090111700318,28,550.0
0,15,50.331343634531606,3.594136750965014,121.68698807352492,28,550.0
0,16,50.331343634531606,3.594136750965014,129.51307503004665,28,550.0
0,17,50.331343634531606,3.594136750965014,137.33916198656843,28,550.0
0,18,50.331343634531606,3.594136750965014,145.16524894309012,28,550.0
0,19,50.331343634531606,3.594136750965014,152.99133589961187,28,550.0
0,20,50.331343634531606,3.594136750965014,160.81742285613362,28,550.0
0,21,50.331343634531606,3.594136750965014,168.64350981265537,28,550.0
0,22,50.331343634531606,3.594136750965014,176.46959676917706,28,550.0
0,23,50.331343634531606,3.594136750965014,184.29568372569884,28,550.0
0,24,50.331343634531606,3.594136750965014,192.12177068222056,28,550.0
0,25,50.331343634531606,3.594136750965014,199.94785763874233,28,550.0
0,26,50.331343634531606,3.594136750965014,207.77394459526406,28,550.0
0,27,50.331343634531606,3.594136750965014,215.60003155178578,28,550.0
0,28,50.331343634531606,3.594136750965014,223.42611850830752,28,550.0
0,29,50.331343634531606,3.594136750965014,231.25220546482927,28,550.0
0,30,50.331343634531606,3.594136750965014,239.07829242135102,28,550.0
0,31,50.331343634531606,3.594136750965014,246.90437937787274,28,550.0
0,32,50.331343634531606,3.594136750965014,254.7304663343945,28,550.0
0,33,50.331343634531606,3.594136750965014,262.55655329091627,28,550.0
0,34,50.331343634531606,3.594136750965014,270.382640247438,28,550.0
0,35,50.331343634531606,3.594136750965014,278.2087272039597,28,550.0
0,36,50.331343634531606,3.594136750965014,286.03481416048146,28,550.0
0,37,50.331343634531606,3.594136750965014,293.8609011170032,28,550.0
0,38,50.331343634531606,3.594136750965014,301.6869880735249,28,550.0
0,39,50.331343634531606,3.594136750965014,309.5130750300467,28,550.0
0,40,50.331343634531606,3.594136750965014,317.33916198656846,28,550.0
0,41,50.331343634531606,3.594136750965014,325.16524894309015,28,550.0
0,42,50.331343634531606,3.594136750965014,332.9913358996119,28,550.0
0,43,50.331343634531606,3.594136750965014,340.81742285613365,28,550.0
0,44,50.331343634531606,3.594136750965014,348.64350981265534,28,550.0
0,45,50.331343634531606,3.594136750965014,356.46959676917714,28,550.0
1,0,50.331343634531606,12.594136750965014,9.773944595264055,28,550.0
1,1,50.331343634531606,12.594136750965014,17.600031551785793,28,550.0
1,2,50.331343634531606,12.594136750965014,25.426118508307532,28,550.0
1,3,50.331343634531606,12.594136750965014,33.252205464829274,28,550.0
1,4,50.331343634531606,12.594136750965014,41.078292421351016,28,550.0
1,5,50.331343634531606,12.594136750965014,48.90437937787276,28,550.0
1,6,50.331343634531606,12.594136750965014,56.73046633439449,28,550.0
1,7,50.331343634531606,12.594136750965014,64.55655329091623,28,550.0
1,8,50.331343634531606,12.594136750965014,72.38264024743796,28,550.0
1,9,50.331343634531606,12.594136750965014,80.2087272039597,28,550.0
1,10,50.331343634531606,12.594136750965014,88.03481416048146,28,550.0
1,11,50.331343634531606,12.594136750965014,95.86090111700317,28,550.0
1,12,50.331343634531606,12.594136750965014,103.68698807352493,28,550.0
1,13,50.331343634531606,12.594136750965014,111.51307503004666,28,550.0
1,14,50.331343634531606,12.594136750965014,119.33916198656839,28,550.0
1,15,50.331343634531606,12.594136750965014,127.16524894309013,28,550.0
1,16,50.331343634531606,12.594136750965014,134.99133589961187,28,550.0
1,17,50.331343634531606,12.594136750965014,142.81742285613362,28,550.0
1,18,50.331343634531606,12.594136750965014,150.64350981265534,28,550.0
1,19,50.331343634531606,12.594136750965014,158.46959676917706,28,550.0
1,20,50.331343634531606,12.594136750965014,166.29568372569884,28,550.0
1,21,50.331343634531606,12.594136750965014,174.12177068222056,28,550.0
1,22,50.331343634531606,12.594136750965014,181.94785763874228,28,550.0
1,23,50.331343634531606,12.594136750965014,189.77394459526403,28,550.0
1,24,50.331343634531606,12.594136750965014,197.60003155178578,28,550.0
1,25,50.331343634531606,12.594136750965014,205.42611850830752,28,550.0
1,26,50.331343634531606,12.594136750965014,213.25220546482927,28,550.0
1,27,50.331343634531606,12.594136750965014,221.078292421351,28,550.0
1,28,50.331343634531606,12.594136750965014,228.90437937787274,28,550.0
1,29,50.331343634531606,12.594136750965014,236.7304663343945,28,550.0
1,30,50.331343634531606,12.594136750965014,244.55655329091627,28,550.0
1,31,50.331343634531606,12.594136750965014,252.38264024743796,28,550.0
1,32,50.331343634531606,12.594136750965014,260.2087272039597,28,550.0
1,33,50.331343634531606,12.594136750965014,268.0348141604815,28,550.0
1,34,50.331343634531606,12.594136750965014,275.86090111700327,28,550.0
1,35,50.331343634531606,12.594136750965014,283.68698807352496,28,550.0
1,36,50.331343634531606,12.594136750965014,291.5130750300467,28,550.0
1,37,50.331343634531606,12.594136750965014,299.33916198656846,28,550.0
1,38,50.331343634531606,12.594136750965014,307.16524894309015,28,550.0
1,39,50.331343634531606,12.594136750965014,314.9913358996119,28,550.0
1,40,50.331343634531606,12.594136750965014,322.81742285613365,28,550.0
1,41,50.331343634531606,12.594136750965014,330.6435098126554,28,550.0
1,42,50.331343634531606,12.594136750965014,338.46959676917714,28,550.0
1,43,50.331343634531606,12.594136750965014,346.29568372569884,28,550.0
1,44,50.331343634531606,12.594136750965014,354.1217706822206,28,550.0
1,45,50.331343634531606,12.594136750965014,1.9478576387423914,28,550.0
2,0,50.331343634531606,21.594136750965014,15.252205464829272,28,550.0
2,1,50.331343634531606,21.594136750965014,23.078292421351016,28,550.0
2,2,50.331343634531606,21.594136750965014,30.90437937787275,28,550.0
2,3,50.331343634531606,21.594136750965014,38.73046633439449,28,550.0
2,4,50.331343634531606,21.594136750965014,46.55655329091623,28,550.0
2,5,50.331343634531606,21.594136750965014,54.38264024743797,28,550.0
2,6,50.331343634531606,21.594136750965014,62.20872720395971,28,550.0
2,7,50.331343634531606,21.594136750965014,70.03481416048145,28,550.0
2,8,50.331343634531606,21.594136750965014,77.86090111700318,28,550.0
2,9,50.331343634531606,21.594136750965014,85.68698807352492,28,550.0
2,10,50.331343634531606,21.594136750965014,93.51307503004668,28,550.0
2,11,50.331343634531606,21.594136750965014,101.33916198656839,28,550.0
2,12,50.331343634531606,21.594136750965014,109.16524894309015,28,550.0
2,13,50.331343634531606,21.594136750965014,116.99133589961188,28,550.0
2,14,50.331343634531606,21.594136750965014,124.81742285613362,28,550.0
2,15,50.331343634531606,21.594136750965014,132.64350981265537,28,550.0
2,16,50.331343634531606,21.594136750965014,140.4695967691771,28,550.0
2,17,50.331343634531606,21.594136750965014,148.29568372569886,28,550.0
2,18,50.331343634531606,21.594136750965014,156.12177068222056,28,550.0
2,19,50.331343634531606,21.594136750965014,163.9478576387423,28,550.0
2,20,50.331343634531606,21.594136750965014,171.77394459526406,28,550.0
2,21,50.331343634531606,21.594136750965014,179.6000315517858,28,550.0
2,22,50.331343634531606,21.594136750965014,187.4261185083075,28,550.0
2,23,50.331343634531606,21.594136750965014,195.25220546482927,28,550.0
2,24,50.331343634531606,21.594136750965014,203.078292421351,28,550.0
2,25,50.331343634531606,21.594136750965014,210.90437937787277,28,550.0
2,26,50.331343634531606,21.594136750965014,218.7304663343945,28,550.0
2,27,50.331343634531606,21.594136750965014,226.5565532909162,28,550.0
2,28,50.331343634531606,21.594136750965014,234.38264024743796,28,550.0
2,29,50.331343634531606,21.594136750965014,242.20872720395968,28,550.0
2,30,50.331343634531606,21.594136750965014,250.03481416048146,28,550.0
2,31,50.331343634531606,21.594136750965014,257.86090111700315,28,550.0
2,32,50.331343634531606,21.594136750965014,265.6869880735249,28,550.0
2,33,50.331343634531606,21.594136750965014,273.5130750300467,28,550.0
2,34,50.331343634531606,21.594136750965014,281.33916198656846,28,550.0
2,35,50.331343634531606,21.594136750965014,289.16524894309015,28,550.0
2,36,50.331343634531606,21.594136750965014,296.99133589961184,28,550.0
2,37,50.331343634531606,21.594136750965014,304.81742285613365,28,550.0
2,38,50.331343634531606,21.594136750965014,312.64350981265534,28,550.0
2,39,50.331343634531606,21.594136750965014,320.4695967691771,28,550.0
2,40,50.331343634531606,21.594136750965014,328.29568372569884,28,550.0
2,41,50.331343634531606,21.594136750965014,336.1217706822206,28,550.0
2,42,50.331343634531606,21.594136750965014,343.94785763874233,28,550.0
2,43,50.331343634531606,21.594136750965014,351.773944595264,28,550.0
2,44,50.331343634531606,21.594136750965014,359.6000315517858,28,550.0
2,45,50.331343634531606,21.594136750965014,7.426118508307582,28,550.0
3,0,50.331343634531606,30.594136750965014,20.730466334394492,28,550.0
3,1,50.331343634531606,30.594136750965014,28.55655329091623,28,550.0
3,2,50.331343634531606,30.594136750965014,36.38264024743797,28,550.0
3,3,50.331343634531606,30.594136750965014,44.20872720395971,28,550.0
3,4,50.331343634531606,30.594136750965014,52.034814160481446,28,550.0
3,5,50.331343634531606,30.594136750965014,59.86090111700318,28,550.0
3,6,50.331343634531606,30.594136750965014,67.68698807352492,28,550.0
3,7,50.331343634531606,30.594136750965014,75.51307503004665,28,550.0
3,8,50.331343634531606,30.594136750965014,83.33916198656839,28,550.0
3,9,50.331343634531606,30.594136750965014,91.16524894309013,28,550.0
3,10,50.331343634531606,30.594136750965014,98.99133589961188,28,550.0
3,11,50.331343634531606,30.594136750965014,106.8174228561336,28,550.0
3,12,50.331343634531606,30.594136750965014,114.64350981265537,28,550.0
3,13,50.331343634531606,30.594136750965014,122.4695967691771,28,550.0
3,14,50.331343634531606,30.594136750965014,130.29568372569884,28,550.0
3,15,50.331343634531606,30.594136750965014,138.12177068222056,28,550.0
3,16,50.331343634531606,30.594136750965014,145.9478576387423,28,550.0
3,17,50.331343634531606,30.594136750965014,153.77394459526406,28,550.0
3,18,50.331343634531606,30.594136750965014,161.60003155178578,28,550.0
3,19,50.331343634531606,30.594136750965014,169.4261185083075,28,550.0
3,20,50.331343634531606,30.594136750965014,177.25220546482927,28,550.0
3,21,50.331343634531606,30.594136750965014,185.078292421351,28,550.0
3,22,50.331343634531606,30.594136750965014,192.90437937787271,28,550.0
3,23,50.331343634531606,30.594136750965014,200.7304663343945,28,550.0
3,24,50.331343634531606,30.594136750965014,208.5565532909162,28,550.0
3,25,50.331343634531606,30.594136750965014,216.38264024743796,28,550.0
3,26,50.331343634531606,30.594136750965014,224.2087272039597,28,550.0
3,27,50.331343634531606,30.594136750965014,232.03481416048146,28,550.0
3,28,50.331343634531606,30.594136750965014,239.8609011170032,28,550.0
3,29,50.331343634531606,30.594136750965014,247.68698807352493,28,550.0
3,30,50.331343634531606,30.594136750965014,255.51307503004668,28,550.0
3,31,50.331343634531606,30.594136750965014,263.3391619865684,28,550.0
3,32,50.331343634531606,30.594136750965014,271.16524894309015,28,550.0
3,33,50.331343634531606,30.594136750965014,278.9913358996119,28,550.0
3,34,50.331343634531606,30.594136750965014,286.81742285613365,28,550.0
3,35,50.331343634531606,30.594136750965014,294.6435098126554,28,550.0
3,36,50.331343634531606,30.594136750965014,302.4695967691771,28,550.0
3,37,50.331343634531606,30.594136750965014,310.29568372569884,28,550.0
3,38,50.331343634531606,30.594136750965014,318.1217706822206,28,550.0
3,39,50.331343634531606,30.594136750965014,325.94785763874233,28,550.0
3,40,50.331343634531606,30.594136750965014,333.7739445952641,28,550.0
3,41,50.331343634531606,30.594136750965014,341.6000315517858,28,550.0
3,42,50.331343634531606,30.594136750965014,349.4261185083076,28,550.0
3,43,50.331343634531606,30.594136750965014,357.2522054648293,28,550.0
3,44,50.331343634531606,30.594136750965014,5.078292421350966,28,550.0
3,45,50.331343634531606,30.594136750965014,12.904379377872772,28,550.0
4,0,50.331343634531606,39.59413675096501,26.20872720395971,28,550.0
4,1,50.331343634531606,39.59413675096501,34.034814160481446,28,550.0
4,2,50.331343634531606,39.59413675096501,41.86090111700319,28,550.0
4,3,50.331343634531606,39.59413675096501,49.68698807352493,28,550.0
4,4,50.331343634531606,39.59413675096501,57.51307503004667,28,550.0
4,5,50.331343634531606,39.59413675096501,65.3391619865684,28,550.0
4,6,50.331343634531606,39.59413675096501,73.16524894309013,28,550.0
4,7,50.331343634531606,39.59413675096501,80.99133589961187,28,550.0
4,8,50.331343634531606,39.59413675096501,88.81742285613362,28,550.0
4,9,50.331343634531606,39.59413675096501,96.64350981265535,28,550.0
4,10,50.331343634531606,39.59413675096501,104.4695967691771,28,550.0
4,11,50.331343634531606,39.59413675096501,112.29568372569882,28,550.0
4,12,50.331343634531606,39.59413675096501,120.1217706822206,28,550.0
4,13,50.331343634531606,39.59413675096501,127.94785763874233,28,550.0
4,14,50.331343634531606,39.59413675096501,135.77394459526406,28,550.0
4,15,50.331343634531606,39.59413675096501,143.6000315517858,28,550.0
4,16,50.331343634531606,39.59413675096501,151.42611850830752,28,550.0
4,17,50.331343634531606,39.59413675096501,159.2522054648293,28,550.0
4,18,50.331343634531606,39.59413675096501,167.078292421351,28,550.0
4,19,50.331343634531606,39.59413675096501,174.90437937787274,28,550.0
4,20,50.331343634531606,39.59413675096501,182.7304663343945,28,550.0
4,21,50.331343634531606,39.59413675096501,190.55655329091624,28,550.0
4,22,50.331343634531606,39.59413675096501,198.38264024743796,28,550.0
4,23,50.331343634531606,39.59413675096501,206.2087272039597,28,550.0
4,24,50.331343634531606,39.59413675096501,214.03481416048146,28,550.0
4,25,50.331343634531606,39.59413675096501,221.8609011170032,28,550.0
4,26,50.331343634531606,39.59413675096501,229.68698807352493,28,550.0
4,27,50.331343634531606,39.59413675096501,237.51307503004662,28,550.0
4,28,50.331343634531606,39.59413675096501,245.3391619865684,28,550.0
4,29,50.331343634531606,39.59413675096501,253.16524894309015,28,550.0
4,30,50.331343634531606,39.59413675096501,260.9913358996119,28,550.0
4,31,50.331343634531606,39.59413675096501,268.81742285613365,28,550.0
4,32,50.331343634531606,39.59413675096501,276.6435098126554,28,550.0
4,33,50.331343634531606,39.59413675096501,284.46959676917714,28,550.0
4,34,50.331343634531606,39.59413675096501,292.2956837256989,28,550.0
4,35,50.331343634531606,39.59413675096501,300.12177068222064,28,550.0
4,36,50.331343634531606,39.59413675096501,307.94785763874233,28,550.0
4,37,50.331343634531606,39.59413675096501,315.7739445952641,28,550.0
4,38,50.331343634531606,39.59413675096501,323.6000315517858,28,550.0
4,39,50.331343634531606,39.59413675096501,331.4261185083076,28,550.0
4,40,50.331343634531606,39.59413675096501,339.25220546482933,28,550.0
4,41,50.331343634531606,39.59413675096501,347.078292421351,28,550.0
4,42,50.331343634531606,39.59413675096501,354.9043793778728,28,550.0
4,43,50.331343634531606,39.59413675096501,2.730466334394521,28,550.0
4,44,50.331343634531606,39.59413675096501,10.556553290916213,28,550.0
4,45,50.331343634531606,39.59413675096501,18.38264024743802,28,550.0
5,0,50.331343634531606,48.59413675096501,31.68698807352492,28,550.0
5,1,50.331343634531606,48.59413675096501,39.513075030046664,28,550.0
5,2,50.331343634531606,48.59413675096501,47.339161986568406,28,550.0
5,3,50.331343634531606,48.59413675096501,55.16524894309014,28,550.0
5,4,50.331343634531606,48.59413675096501,62.991335899611876,28,550.0
5,5,50.331343634531606,48.59413675096501,70.81742285613362,28,550.0
5,6,50.331343634531606,48.59413675096501,78.64350981265537,28,550.0
5,7,50.331343634531606,48.59413675096501,86.4695967691771,28,550.0
5,8,50.331343634531606,48.59413675096501,94.29568372569884,28,550.0
5,9,50.331343634531606,48.59413675096501,102.12177068222057,28,550.0
5,10,50.331343634531606,48.59413675096501,109.94785763874233,28,550.0
5,11,50.331343634531606,48.59413675096501,117.77394459526404,28,550.0
5,12,50.331343634531606,48.59413675096501,125.6000315517858,28,550.0
5,13,50.331343634531606,48.59413675096501,133.42611850830752,28,550.0
5,14,50.331343634531606,48.59413675096501,141.25220546482927,28,550.0
5,15,50.331343634531606,48.59413675096501,149.078292421351,28,550.0
5,16,50.331343634531606,48.59413675096501,156.90437937787274,28,550.0
5,17,50.331343634531606,48.59413675096501,164.7304663343945,28,550.0
5,18,50.331343634531606,48.59413675096501,172.5565532909162,28,550.0
5,19,50.331343634531606,48.59413675096501,180.38264024743796,28,550.0
5,20,50.331343634531606,48.59413675096501,188.2087272039597,28,550.0
5,21,50.331343634531606,48.59413675096501,196.03481416048146,28,550.0
5,22,50.331343634531606,48.59413675096501,203.86090111700315,28,550.0
5,23,50.331343634531606,48.59413675096501,211.68698807352493,28,550.0
5,24,50.331343634531606,48.59413675096501,219.51307503004665,28,550.0
5,25,50.331343634531606,48.59413675096501,227.33916198656843,28,550.0
5,26,50.331343634531606,48.59413675096501,235.16524894309015,28,550.0
5,27,50.331343634531606,48.59413675096501,242.99133589961187,28,550.0
5,28,50.331343634531606,48.59413675096501,250.81742285613362,28,550.0
5,29,50.331343634531606,48.59413675096501,258.64350981265534,28,550.0
5,30,50.331343634531606,48.59413675096501,266.4695967691771,28,550.0
5,31,50.331343634531606,48.59413675096501,274.2956837256988,28,550.0
5,32,50.331343634531606,48.59413675096501,282.1217706822206,28,550.0
5,33,50.331343634531606,48.59413675096501,289.94785763874233,28,550.0
5,34,50.331343634531606,48.59413675096501,297.7739445952641,28,550.0
5,35,50.331343634531606,48.59413675096501,305.6000315517858,28,550.0
5,36,50.331343634531606,48.59413675096501,313.4261185083075,28,550.0
5,37,50.331343634531606,48.59413675096501,321.2522054648293,28,550.0
5,38,50.331343634531606,48.59413675096501,329.07829242135097,28,550.0
5,39,50.331343634531606,48.59413675096501,336.9043793778727,28,550.0
5,40,50.331343634531606,48.59413675096501,344.7304663343945,28,550.0
5,41,50.331343634531606,48.59413675096501,352.5565532909162,28,550.0
5,42,50.331343634531606,48.59413675096501,0.382640247437962,28,550.0
5,43,50.331343634531606,48.59413675096501,8.208727203959711,28,550.0
5,44,50.331343634531606,48.59413675096501,16.034814160481403,28,550.0
5,45,50.331343634531606,48.59413675096501,23.86090111700321,28,550.0
6,0,50.331343634531606,57.59413675096501,37.16524894309015,28,550.0
6,1,50.331343634531606,57.59413675096501,44.99133589961189,28,550.0
6,2,50.331343634531606,57.59413675096501,52.817422856133625,28,550.0
6,3,50.331343634531606,57.59413675096501,60.64350981265536,28,550.0
6,4,50.331343634531606,57.59413675096501,68.4695967691771,28,550.0
6,5,50.331343634531606,57.59413675096501,76.29568372569885,28,550.0
6,6,50.331343634531606,57.59413675096501,84.12177068222059,28,550.0
6,7,50.331343634531606,57.59413675096501,91.94785763874232,28,550.0
6,8,50.331343634531606,57.59413675096501,99.77394459526406,28,550.0
6,9,50.331343634531606,57.59413675096501,107.60003155178579,28,550.0
6,10,50.331343634531606,57.59413675096501,115.42611850830757,28,550.0
6,11,50.331343634531606,57.59413675096501,123.25220546482927,28,550.0
6,12,50.331343634531606,57.59413675096501,131.07829242135102,28,550.0
6,13,50.331343634531606,57.59413675096501,138.90437937787274,28,550.0
6,14,50.331343634531606,57.59413675096501,146.7304663343945,28,550.0
6,15,50.331343634531606,57.59413675096501,154.5565532909162,28,550.0
6,16,50.331343634531606,57.59413675096501,162.382640247438,28,550.0
6,17,50.331343634531606,57.59413675096501,170.20872720395974,28,550.0
6,18,50.331343634531606,57.59413675096501,178.03481416048146,28,550.0
6,19,50.331343634531606,57.59413675096501,185.86090111700315,28,550.0
6,20,50.331343634531606,57.59413675096501,193.68698807352493,28,550.0
6,21,50.331343634531606,57.59413675096501,201.51307503004668,28,550.0
6,22,50.331343634531606,57.59413675096501,209.3391619865684,28,550.0
6,23,50.331343634531606,57.59413675096501,217.16524894309015,28,550.0
6,24,50.331343634531606,57.59413675096501,224.99133589961187,28,550.0
6,25,50.331343634531606,57.59413675096501,232.81742285613362,28,550.0
6,26,50.331343634531606,57.59413675096501,240.6435098126554,28,550.0
6,27,50.331343634531606,57.59413675096501,248.4695967691771,28,550.0
6,28,50.331343634531606,57.59413675096501,256.29568372569884,28,550.0
6,29,50.331343634531606,57.59413675096501,264.1217706822206,28,550.0
6,30,50.331343634531606,57.59413675096501,271.94785763874233,28,550.0
6,31,50.331343634531606,57.59413675096501,279.773944595264,28,550.0
6,32,50.331343634531606,57.59413675096501,287.6000315517858,28,550.0
6,33,50.331343634531606,57.59413675096501,295.4261185083076,28,550.0
6,34,50.331343634531606,57.59413675096501,303.25220546482933,28,550.0
6,35,50.331343634531606,57.59413675096501,311.078292421351,28,550.0
6,36,50.331343634531606,57.59413675096501,318.9043793778727,28,550.0
6,37,50.331343634531606,57.59413675096501,326.7304663343945,28,550.0
6,38,50.331343634531606,57.59413675096501,334.5565532909162,28,550.0
6,39,50.331343634531606,57.59413675096501,342.38264024743796,28,550.0
6,40,50.331343634531606,57.59413675096501,350.2087272039597,28,550.0
6,41,50.331343634531606,57.59413675096501,358.03481416048146,28,550.0
6,42,50.331343634531606,57.59413675096501,5.860901117003209,28,550.0
6,43,50.331343634531606,57.59413675096501,13.686988073524901,28,550.0
6,44,50.331343634531606,57.59413675096501,21.51307503004665,28,550.0
6,45,50.331343634531606,57.59413675096501,29.339161986568456,28,550.0
7,0,50.331343634531606,66.594136750965,42.64350981265536,28,550.0
7,1,50.331343634531606,66.594136750965,50.469596769177095,28,550.0
7,2,50.331343634531606,66.594136750965,58.29568372569883,28,550.0
7,3,50.331343634531606,66.594136750965,66.12177068222059,28,550.0
7,4,50.331343634531606,66.594136750965,73.94785763874232,28,550.0
7,5,50.331343634531606,66.594136750965,81.77394459526407,28,550.0
7,6,50.331343634531606,66.594136750965,89.6000315517858,28,550.0
7,7,50.331343634531606,66.594136750965,97.42611850830754,28,550.0
7,8,50.331343634531606,66.594136750965,105.25220546482927,28,550.0
7,9,50.331343634531606,66.594136750965,113.07829242135101,28,550.0
7,10,50.331343634531606,66.594136750965,120.90437937787277,28,550.0
7,11,50.331343634531606,66.594136750965,128.7304663343945,28,550.0
7,12,50.331343634531606,66.594136750965,136.55655329091624,28,550.0
7,13,50.331343634531606,66.594136750965,144.382640247438,28,550.0
7,14,50.331343634531606,66.594136750965,152.2087272039597,28,550.0
7,15,50.331343634531606,66.594136750965,160.03481416048146,28,550.0
7,16,50.331343634531606,66.594136750965,167.86090111700318,28,550.0
7,17,50.331343634531606,66.594136750965,175.68698807352496,28,550.0
7,18,50.331343634531606,66.594136750965,183.51307503004665,28,550.0
7,19,50.331343634531606,66.594136750965,191.3391619865684,28,550.0
7,20,50.331343634531606,66.594136750965,199.16524894309015,28,550.0
7,21,50.331343634531606,66.594136750965,206.9913358996119,28,550.0
7,22,50.331343634531606,66.594136750965,214.8174228561336,28,550.0
7,23,50.331343634531606,66.594136750965,222.64350981265537,28,550.0
7,24,50.331343634531606,66.594136750965,230.4695967691771,28,550.0
7,25,50.331343634531606,66.594136750965,238.29568372569886,28,550.0
7,26,50.331343634531606,66.594136750965,246.12177068222056,28,550.0
7,27,50.331343634531606,66.594136750965,253.94785763874228,28,550.0
7,28,50.331343634531606,66.594136750965,261.773944595264,28,550.0
7,29,50.331343634531606,66.594136750965,269.6000315517858,28,550.0
7,30,50.331343634531606,66.594136750965,277.4261185083076,28,550.0
7,31,50.331343634531606,66.594136750965,285.2522054648293,28,550.0
7,32,50.331343634531606,66.594136750965,293.078292421351,28,550.0
7,33,50.331343634531606,66.594136750965,300.9043793778728,28,550.0
7,34,50.331343634531606,66.594136750965,308.7304663343946,28,550.0
7,35,50.331343634531606,66.594136750965,316.55655329091627,28,550.0
7,36,50.331343634531606,66.594136750965,324.38264024743796,28,550.0
7,37,50.331343634531606,66.594136750965,332.2087272039597,28,550.0
7,38,50.331343634531606,66.594136750965,340.03481416048146,28,550.0
7,39,50.331343634531606,66.594136750965,347.8609011170032,28,550.0
7,40,50.331343634531606,66.594136750965,355.68698807352496,28,550.0
7,41,50.331343634531606,66.594136750965,3.513075030046707,28,550.0
7,42,50.331343634531606,66.594136750965,11.339161986568456,28,550.0
7,43,50.331343634531606,66.594136750965,19.16524894309015,28,550.0
7,44,50.331343634531606,66.594136750965,26.99133589961184,28,550.0
7,45,50.331343634531606,66.594136750965,34.817422856133646,28,550.0
8,0,50.331343634531606,75.594136750965,48.12177068222058,28,550.0
8,1,50.331343634531606,75.594136750965,55.94785763874231,28,550.0
8,2,50.331343634531606,75.594136750965,63.77394459526406,28,550.0
8,3,50.331343634531606,75.594136750965,71.6000315517858,28,550.0
8,4,50.331343634531606,75.594136750965,79.42611850830754,28,550.0
8,5,50.331343634531606,75.594136750965,87.25220546482927,28,550.0
8,6,50.331343634531606,75.594136750965,95.07829242135101,28,550.0
8,7,50.331343634531606,75.594136750965,102.90437937787274,28,550.0
8,8,50.331343634531606,75.594136750965,110.73046633439448,28,550.0
8,9,50.331343634531606,75.594136750965,118.55655329091621,28,550.0
8,10,50.331343634531606,75.594136750965,126.38264024743798,28,550.0
8,11,50.331343634531606,75.594136750965,134.20872720395968,28,550.0
8,12,50.331343634531606,75.594136750965,142.03481416048146,28,550.0
8,13,50.331343634531606,75.594136750965,149.86090111700318,28,550.0
8,14,50.331343634531606,75.594136750965,157.68698807352493,28,550.0
8,15,50.331343634531606,75.594136750965,165.51307503004665,28,550.0
8,16,50.331343634531606,75.594136750965,173.3391619865684,28,550.0
8,17,50.331343634531606,75.594136750965,181.16524894309015,28,550.0
8,18,50.331343634531606,75.594136750965,188.99133589961187,28,550.0
8,19,50.331343634531606,75.594136750965,196.8174228561336,28,550.0
8,20,50.331343634531606,75.594136750965,204.64350981265537,28,550.0
8,21,50.331343634531606,75.594136750965,212.4695967691771,28,550.0
8,22,50.331343634531606,75.594136750965,220.2956837256988,28,550.0
8,23,50.331343634531606,75.594136750965,228.12177068222056,28,550.0
8,24,50.331343634531606,75.594136750965,235.94785763874233,28,550.0
8,25,50.331343634531606,75.594136750965,243.77394459526408,28,550.0
8,26,50.331343634531606,75.594136750965,251.6000315517858,28,550.0
8,27,50.331343634531606,75.594136750965,259.4261185083075,28,550.0
8,28,50.331343634531606,75.594136750965,267.2522054648293,28,550.0
8,29,50.331343634531606,75.594136750965,275.078292421351,28,550.0
8,30,50.331343634531606,75.594136750965,282.9043793778728,28,550.0
8,31,50.331343634531606,75.594136750965,290.7304663343945,28,550.0
8,32,50.331343634531606,75.594136750965,298.55655329091627,28,550.0
8,33,50.331343634531606,75.594136750965,306.382640247438,28,550.0
8,34,50.331343634531606,75.594136750965,314.20872720395977,28,550.0
8,35,50.331343634531606,75.594136750965,322.0348141604815,28,550.0
8,36,50.331343634531606,75.594136750965,329.8609011170032,28,550.0
8,37,50.331343634531606,75.594136750965,337.68698807352496,28,550.0
8,38,50.331343634531606,75.594136750965,345.5130750300467,28,550.0
8,39,50.331343634531606,75.594136750965,353.33916198656846,28,550.0
8,40,50.331343634531606,75.594136750965,1.165248943090205,28,550.0
8,41,50.331343634531606,75.594136750965,8.991335899611897,28,550.0
8,42,50.331343634531606,75.594136750965,16.817422856133646,28,550.0
8,43,50.331343634531606,75.594136750965,24.643509812655395,28,550.0
8,44,50.331343634531606,75.594136750965,32.46959676917709,28,550.0
8,45,50.331343634531606,75.594136750965,40.29568372569889,28,550.0
9,0,50.331343634531606,84.594136750965,53.6000315517858,28,550.0
9,1,50.331343634531606,84.594136750965,61.42611850830754,28,550.0
9,2,50.331343634531606,84.594136750965,69.25220546482927,28,550.0
9,3,50.331343634531606,84.594136750965,77.07829242135102,28,550.0
9,4,50.331343634531606,84.594136750965,84.90437937787276,28,550.0
9,5,50.331343634531606,84.594136750965,92.7304663343945,28,550.0
9,6,50.331343634531606,84.594136750965,100.55655329091624,28,550.0
9,7,50.331343634531606,84.594136750965,108.38264024743798,28,550.0
9,8,50.331343634531606,84.594136750965,116.20872720395971,28,550.0
9,9,50.331343634531606,84.594136750965,124.03481416048145,28,550.0
9,10,50.331343634531606,84.594136750965,131.8609011170032,28,550.0
9,11,50.331343634531606,84.594136750965,139.68698807352493,28,550.0
9,12,50.331343634531606,84.594136750965,147.51307503004668,28,550.0
9,13,50.331343634531606,84.594136750965,155.33916198656843,28,550.0
9,14,50.331343634531606,84.594136750965,163.16524894309015,28,550.0
9,15,50.331343634531606,84.594136750965,170.9913358996119,28,550.0
9,16,50.331343634531606,84.594136750965,178.81742285613362,28,550.0
9,17,50.331343634531606,84.594136750965,186.6435098126554,28,550.0
9,18,50.331343634531606,84.594136750965,194.4695967691771,28,550.0
9,19,50.331343634531606,84.594136750965,202.29568372569884,28,550.0
9,20,50.331343634531606,84.594136750965,210.12177068222059,28,550.0
9,21,50.331343634531606,84.594136750965,217.94785763874233,28,550.0
9,22,50.331343634531606,84.594136750965,225.77394459526403,28,550.0
9,23,50.331343634531606,84.594136750965,233.6000315517858,28,550.0
9,24,50.331343634531606,84.594136750965,241.4261185083075,28,550.0
9,25,50.331343634531606,84.594136750965,249.25220546482927,28,550.0
9,26,50.331343634531606,84.594136750965,257.078292421351,28,550.0
9,27,50.331343634531606,84.594136750965,264.9043793778727,28,550.0
9,28,50.331343634531606,84.594136750965,272.7304663343945,28,550.0
9,29,50.331343634531606,84.594136750965,280.5565532909162,28,550.0
9,30,50.331343634531606,84.594136750965,288.38264024743796,28,550.0
9,31,50.331343634531606,84.594136750965,296.2087272039597,28,550.0
9,32,50.331343634531606,84.594136750965,304.03481416048146,28,550.0
9,33,50.331343634531606,84.594136750965,311.8609011170032,28,550.0
9,34,50.331343634531606,84.594136750965,319.68698807352496,28,550.0
9,35,50.331343634531606,84.594136750965,327.5130750300467,28,550.0
9,36,50.331343634531606,84.594136750965,335.3391619865684,28,550.0
9,37,50.331343634531606,84.594136750965,343.16524894309015,28,550.0
9,38,50.331343634531606,84.594136750965,350.99133589961184,28,550.0
9,39,50.331343634531606,84.594136750965,358.81742285613365,28,550.0
9,40,50.331343634531606,84.594136750965,6.643509812655395,28,550.0
9,41,50.331343634531606,84.594136750965,14.469596769177087,28,550.0
9,42,50.331343634531606,84.594136750965,22.295683725698836,28,550.0
9,43,50.331343634531606,84.594136750965,30.121770682220586,28,550.0
9,44,50.331343634531606,84.594136750965,37.94785763874228,28,550.0
9,45,50.331343634531606,84.594136750965,45.77394459526408,28,550.0
10,0,50.331343634531606,93.594136750965,59.07829242135101,28,550.0
10,1,50.331343634531606,93.594136750965,66.90437937787274,28,550.0
10,2,50.331343634531606,93.594136750965,74.73046633439448,28,550.0
10,3,50.331343634531606,93.594136750965,82.55655329091623,28,550.0
10,4,50.331343634531606,93.594136750965,90.38264024743796,28,550.0
10,5,50.331343634531606,93.594136750965,98.20872720395971,28,550.0
10,6,50.331343634531606,93.594136750965,106.03481416048145,28,550.0
10,7,50.331343634531606,93.594136750965,113.86090111700318,28,550.0
10,8,50.331343634531606,93.594136750965,121.68698807352492,28,550.0
10,9,50.331343634531606,93.594136750965,129.51307503004665,28,550.0
10,10,50.331343634531606,93.594136750965,137.33916198656843,28,550.0
10,11,50.331343634531606,93.594136750965,145.16524894309012,28,550.0
10,12,50.331343634531606,93.594136750965,152.9913358996119,28,550.0
10,13,50.331343634531606,93.594136750965,160.81742285613362,28,550.0
10,14,50.331343634531606,93.594136750965,168.64350981265537,28,550.0
10,15,50.331343634531606,93.594136750965,176.4695967691771,28,550.0
10,16,50.331343634531606,93.594136750965,184.29568372569884,28,550.0
10,17,50.331343634531606,93.594136750965,192.12177068222059,28,550.0
10,18,50.331343634531606,93.594136750965,199.9478576387423,28,550.0
10,19,50.331343634531606,93.594136750965,207.77394459526403,28,550.0
10,20,50.331343634531606,93.594136750965,215.6000315517858,28,550.0
10,21,50.331343634531606,93.594136750965,223.42611850830752,28,550.0
10,22,50.331343634531606,93.594136750965,231.25220546482922,28,550.0
10,23,50.331343634531606,93.594136750965,239.078292421351,28,550.0
10,24,50.331343634531606,93.594136750965,246.90437937787274,28,550.0
10,25,50.331343634531606,93.594136750965,254.7304663343945,28,550.0
10,26,50.331343634531606,93.594136750965,262.5565532909162,28,550.0
10,27,50.331343634531606,93.594136750965,270.3826402474379,28,550.0
10,28,50.331343634531606,93.594136750965,278.2087272039597,28,550.0
10,29,50.331343634531606,93.594136750965,286.03481416048146,28,550.0
10,30,50.331343634531606,93.594136750965,293.8609011170032,28,550.0
10,31,50.331343634531606,93.594136750965,301.6869880735249,28,550.0
10,32,50.331343634531606,93.594136750965,309.5130750300467,28,550.0
10,33,50.331343634531606,93.594136750965,317.33916198656846,28,550.0
10,34,50.331343634531606,93.594136750965,325.1652489430902,28,550.0
10,35,50.331343634531606,93.594136750965,332.9913358996119,28,550.0
10,36,50.331343634531606,93.594136750965,340.81742285613365,28,550.0
10,37,50.331343634531606,93.594136750965,348.6435098126554,28,550.0
10,38,50.331343634531606,93.594136750965,356.4695967691771,28,550.0
10,39,50.331343634531606,93.594136750965,4.2956837256988365,28,550.0
10,40,50.331343634531606,93.594136750965,12.121770682220642,28,550.0
10,41,50.331343634531606,93.594136750965,19.947857638742335,28,550.0
10,42,50.331343634531606,93.594136750965,27.773944595264084,28,550.0
10,43,50.331343634531606,93.594136750965,35.600031551785776,28,550.0
10,44,50.331343634531606,93.594136750965,43.426118508307525,28,550.0
10,45,50.331343634531606,93.594136750965,51.25220546482933,28,550.0
11,0,50.331343634531606,102.594136750965,64.55655329091624,28,550.0
11,1,50.331343634531606,102.594136750965,72.38264024743798,28,550.0
11,2,50.331343634531606,102.594136750965,80.20872720395971,28,550.0
11,3,50.331343634531606,102.594136750965,88.03481416048145,28,550.0
11,4,50.331343634531606,102.594136750965,95.86090111700318,28,550.0
11,5,50.331343634531606,102.594136750965,103.68698807352493,28,550.0
11,6,50.331343634531606,102.594136750965,111.51307503004666,28,550.0
11,7,50.331343634531606,102.594136750965,119.33916198656839,28,550.0
11,8,50.331343634531606,102.594136750965,127.16524894309015,28,550.0
11,9,50.331343634531606,102.594136750965,134.99133589961187,28,550.0
11,10,50.331343634531606,102.594136750965,142.81742285613362,28,550.0
11,11,50.331343634531606,102.594136750965,150.64350981265534,28,550.0
11,12,50.331343634531606,102.594136750965,158.4695967691771,28,550.0
11,13,50.331343634531606,102.594136750965,166.29568372569886,28,550.0
11,14,50.331343634531606,102.594136750965,174.12177068222056,28,550.0
11,15,50.331343634531606,102.594136750965,181.94785763874233,28,550.0
11,16,50.331343634531606,102.594136750965,189.77394459526403,28,550.0
11,17,50.331343634531606,102.594136750965,197.6000315517858,28,550.0
11,18,50.331343634531606,102.594136750965,205.4261185083075,28,550.0
11,19,50.331343634531606,102.594136750965,213.25220546482927,28,550.0
11,20,50.331343634531606,102.594136750965,221.07829242135102,28,550.0
11,21,50.331343634531606,102.594136750965,228.90437937787274,28,550.0
11,22,50.331343634531606,102.594136750965,236.73046633439446,28,550.0
11,23,50.331343634531606,102.594136750965,244.5565532909162,28,550.0
11,24,50.331343634531606,102.594136750965,252.38264024743796,28,550.0
11,25,50.331343634531606,102.594136750965,260.2087272039597,28,550.0
11,26,50.331343634531606,102.594136750965,268.03481416048146,28,550.0
11,27,50.331343634531606,102.594136750965,275.86090111700315,28,550.0
11,28,50.331343634531606,102.594136750965,283.6869880735249,28,550.0
11,29,50.331343634531606,102.594136750965,291.5130750300467,28,550.0
11,30,50.331343634531606,102.594136750965,299.33916198656846,28,550.0
11,31,50.331343634531606,102.594136750965,307.16524894309015,28,550.0
11,32,50.331343634531606,102.594136750965,314.9913358996119,28,550.0
11,33,50.331343634531606,102.594136750965,322.81742285613365,28,550.0
11,34,50.331343634531606,102.594136750965,330.64350981265545,28,550.0
11,35,50.331343634531606,102.594136750965,338.46959676917714,28,550.0
11,36,50.331343634531606,102.594136750965,346.29568372569884,28,550.0
11,37,50.331343634531606,102.594136750965,354.12177068222064,28,550.0
11,38,50.331343634531606,102.594136750965,1.9478576387423345,28,550.0
11,39,50.331343634531606,102.594136750965,9.773944595264084,28,550.0
11,40,50.331343634531606,102.594136750965,17.600031551785833,28,550.0
11,41,50.331343634531606,102.594136750965,25.42611850830758,28,550.0
11,42,50.331343634531606,102.594136750965,33.25220546482933,28,550.0
11,43,50.331343634531606,102.594136750965,41.07829242135102,28,550.0
11,44,50.331343634531606,102.594136750965,48.904379377872715,28,550.0
11,45,50.331343634531606,102.594136750965,56.73046633439458,28,550.0
12,0,50.331343634531606,111.594136750965,70.03481416048145,28,550.0
12,1,50.331343634531606,111.594136750965,77.8609011170032,28,550.0
12,2,50.331343634531606,111.594136750965,85.68698807352493,28,550.0
12,3,50.331343634531606,111.594136750965,93.51307503004666,28,550.0
12,4,50.331343634531606,111.594136750965,101.33916198656841,28,550.0
12,5,50.331343634531606,111.594136750965,109.16524894309015,28,550.0
12,6,50.331343634531606,111.594136750965,116.99133589961188,28,550.0
12,7,50.331343634531606,111.594136750965,124.81742285613362,28,550.0
12,8,50.331343634531606,111.594136750965,132.64350981265537,28,550.0
12,9,50.331343634531606,111.594136750965,140.4695967691771,28,550.0
12,10,50.331343634531606,111.594136750965,148.29568372569886,28,550.0
12,11,50.331343634531606,111.594136750965,156.12177068222056,28,550.0
12,12,50.331343634531606,111.594136750965,163.94785763874233,28,550.0
12,13,50.331343634531606,111.594136750965,171.77394459526406,28,550.0
12,14,50.331343634531606,111.594136750965,179.6000315517858,28,550.0
12,15,50.331343634531606,111.594136750965,187.42611850830752,28,550.0
12,16,50.331343634531606,111.594136750965,195.25220546482927,28,550.0
12,17,50.331343634531606,111.594136750965,203.07829242135102,28,550.0
12,18,50.331343634531606,111.594136750965,210.90437937787274,28,550.0
12,19,50.331343634531606,111.594136750965,218.7304663343945,28,550.0
12,20,50.331343634531606,111.594136750965,226.55655329091624,28,550.0
12,21,50.331343634531606,111.594136750965,234.38264024743796,28,550.0
12,22,50.331343634531606,111.594136750965,242.20872720395968,28,550.0
12,23,50.331343634531606,111.594136750965,250.03481416048146,28,550.0
12,24,50.331343634531606,111.594136750965,257.8609011170032,28,550.0
12,25,50.331343634531606,111.594136750965,265.68698807352496,28,550.0
12,26,50.331343634531606,111.594136750965,273.5130750300467,28,550.0
12,27,50.331343634531606,111.594136750965,281.3391619865684,28,550.0
12,28,50.331343634531606,111.594136750965,289.16524894309015,28,550.0
12,29,50.331343634531606,111.594136750965,296.9913358996119,28,550.0
12,30,50.331343634531606,111.594136750965,304.81742285613365,28,550.0
12,31,50.331343634531606,111.594136750965,312.64350981265534,28,550.0
12,32,50.331343634531606,111.594136750965,320.4695967691771,28,550.0
12,33,50.331343634531606,111.594136750965,328.29568372569884,28,550.0
12,34,50.331343634531606,111.594136750965,336.12177068222064,28,550.0
12,35,50.331343634531606,111.594136750965,343.9478576387424,28,550.0
12,36,50.331343634531606,111.594136750965,351.773944595264,28,550.0
12,37,50.331343634531606,111.594136750965,359.6000315517858,28,550.0
12,38,50.331343634531606,111.594136750965,7.426118508307582,28,550.0
12,39,50.331343634531606,111.594136750965,15.25220546482933,28,550.0
12,40,50.331343634531606,111.594136750965,23.07829242135108,28,550.0
12,41,50.331343634531606,111.594136750965,30.904379377872715,28,550.0
12,42,50.331343634531606,111.594136750965,38.73046633439452,28,550.0
12,43,50.331343634531606,111.594136750965,46.55655329091627,28,550.0
12,44,50.331343634531606,111.594136750965,54.382640247437905,28,550.0
12,45,50.331343634531606,111.594136750965,62.20872720395977,28,550.0
13,0,50.331343634531606,120.594136750965,75.51307503004665,28,550.0
13,1,50.331343634531606,120.594136750965,83.3391619865684,28,550.0
13,2,50.331343634531606,120.594136750965,91.16524894309013,28,550.0
13,3,50.331343634531606,120.594136750965,98.99133589961187,28,550.0
13,4,50.331343634531606,120.594136750965,106.81742285613362,28,550.0
13,5,50.331343634531606,120.594136750965,114.64350981265537,28,550.0
13,6,50.331343634531606,120.594136750965,122.4695967691771,28,550.0
13,7,50.331343634531606,120.594136750965,130.29568372569884,28,550.0
13,8,50.331343634531606,120.594136750965,138.12177068222056,28,550.0
13,9,50.331343634531606,120.594136750965,145.9478576387423,28,550.0
13,10,50.331343634531606,120.594136750965,153.77394459526406,28,550.0
13,11,50.331343634531606,120.594136750965,161.60003155178578,28,550.0
13,12,50.331343634531606,120.594136750965,169.42611850830752,28,550.0
13,13,50.331343634531606,120.594136750965,177.25220546482927,28,550.0
13,14,50.331343634531606,120.594136750965,185.078292421351,28,550.0
13,15,50.331343634531606,120.594136750965,192.90437937787274,28,550.0
13,16,50.331343634531606,120.594136750965,200.7304663343945,28,550.0
13,17,50.331343634531606,120.594136750965,208.55655329091624,28,550.0
13,18,50.331343634531606,120.594136750965,216.38264024743796,28,550.0
13,19,50.331343634531606,120.594136750965,224.20872720395968,28,550.0
13,20,50.331343634531606,120.594136750965,232.03481416048146,28,550.0
13,21,50.331343634531606,120.594136750965,239.8609011170032,28,550.0
13,22,50.331343634531606,120.594136750965,247.68698807352487,28,550.0
13,23,50.331343634531606,120.594136750965,255.51307503004662,28,550.0
13,24,50.331343634531606,120.594136750965,263.3391619865684,28,550.0
13,25,50.331343634531606,120.594136750965,271.16524894309015,28,550.0
13,26,50.331343634531606,120.594136750965,278.9913358996119,28,550.0
13,27,50.331343634531606,120.594136750965,286.8174228561336,28,550.0
13,28,50.331343634531606,120.594136750965,294.64350981265534,28,550.0
13,29,50.331343634531606,120.594136750965,302.4695967691771,28,550.0
13,30,50.331343634531606,120.594136750965,310.29568372569884,28,550.0
13,31,50.331343634531606,120.594136750965,318.1217706822206,28,550.0
13,32,50.331343634531606,120.594136750965,325.94785763874233,28,550.0
13,33,50.331343634531606,120.594136750965,333.7739445952641,28,550.0
13,34,50.331343634531606,120.594136750965,341.60003155178583,28,550.0
13,35,50.331343634531606,120.594136750965,349.4261185083076,28,550.0
13,36,50.331343634531606,120.594136750965,357.2522054648293,28,550.0
13,37,50.331343634531606,120.594136750965,5.078292421351023,28,550.0
13,38,50.331343634531606,120.594136750965,12.904379377872715,28,550.0
13,39,50.331343634531606,120.594136750965,20.73046633439452,28,550.0
13,40,50.331343634531606,120.594136750965,28.55655329091627,28,550.0
13,41,50.331343634531606,120.594136750965,36.38264024743796,28,550.0
13,42,50.331343634531606,120.594136750965,44.20872720395971,28,550.0
13,43,50.331343634531606,120.594136750965,52.03481416048146,28,550.0
13,44,50.331343634531606,120.594136750965,59.86090111700315,28,550.0
13,45,50.331343634531606,120.594136750965,67.68698807352496,28,550.0
14,0,50.331343634531606,129.59413675096502,80.99133589961188,28,550.0
14,1,50.331343634531606,129.59413675096502,88.81742285613362,28,550.0
14,2,50.331343634531606,129.59413675096502,96.64350981265537,28,550.0
14,3,50.331343634531606,129.59413675096502,104.4695967691771,28,550.0
14,4,50.331343634531606,129.59413675096502,112.29568372569884,28,550.0
14,5,50.331343634531606,129.59413675096502,120.12177068222057,28,550.0
14,6,50.331343634531606,129.59413675096502,127.94785763874233,28,550.0
14,7,50.331343634531606,129.59413675096502,135.77394459526403,28,550.0
14,8,50.331343634531606,129.59413675096502,143.6000315517858,28,550.0
14,9,50.331343634531606,129.59413675096502,151.42611850830752,28,550.0
14,10,50.331343634531606,129.59413675096502,159.25220546482927,28,550.0
14,11,50.331343634531606,129.59413675096502,167.078292421351,28,550.0
14,12,50.331343634531606,129.59413675096502,174.90437937787274,28,550.0
14,13,50.331343634531606,129.59413675096502,182.7304663343945,28,550.0
14,14,50.331343634531606,129.59413675096502,190.5565532909162,28,550.0
14,15,50.331343634531606,129.59413675096502,198.38264024743796,28,550.0
14,16,50.331343634531606,129.59413675096502,206.20872720395968,28,550.0
14,17,50.331343634531606,129.59413675096502,214.03481416048146,28,550.0
14,18,50.331343634531606,129.59413675096502,221.86090111700315,28,550.0
14,19,50.331343634531606,129.59413675096502,229.68698807352493,28,550.0
14,20,50.331343634531606,129.59413675096502,237.51307503004668,28,550.0
14,21,50.331343634531606,129.59413675096502,245.3391619865684,28,550.0
14,22,50.331343634531606,129.59413675096502,253.1652489430901,28,550.0
14,23,50.331343634531606,129.59413675096502,260.99133589961184,28,550.0
14,24,50.331343634531606,129.59413675096502,268.81742285613365,28,550.0
14,25,50.331343634531606,129.59413675096502,276.6435098126554,28,550.0
14,26,50.331343634531606,129.59413675096502,284.4695967691771,28,550.0
14,27,50.331343634531606,129.59413675096502,292.2956837256988,28,550.0
14,28,50.331343634531606,129.59413675096502,300.1217706822206,28,550.0
14,29,50.331343634531606,129.59413675096502,307.94785763874233,28,550.0
14,30,50.331343634531606,129.59413675096502,315.7739445952641,28,550.0
14,31,50.331343634531606,129.59413675096502,323.6000315517858,28,550.0
14,32,50.331343634531606,129.59413675096502,331.4261185083076,28,550.0
14,33,50.331343634531606,129.59413675096502,339.25220546482933,28,550.0
14,34,50.331343634531606,129.59413675096502,347.0782924213511,28,550.0
14,35,50.331343634531606,129.59413675096502,354.9043793778728,28,550.0
14,36,50.331343634531606,129.59413675096502,2.730466334394521,28,550.0
14,37,50.331343634531606,129.59413675096502,10.55655329091627,28,550.0
14,38,50.331343634531606,129.59413675096502,18.382640247437962,28,550.0
14,39,50.331343634531606,129.59413675096502,26.20872720395971,28,550.0
14,40,50.331343634531606,129.59413675096502,34.03481416048152,28,550.0
14,41,50.331343634531606,129.59413675096502,41.86090111700321,28,550.0
14,42,50.331343634531606,129.59413675096502,49.68698807352496,28,550.0
14,43,50.331343634531606,129.59413675096502,57.51307503004671,28,550.0
14,44,50.331343634531606,129.59413675096502,65.3391619865684,28,550.0
14,45,50.331343634531606,129.59413675096502,73.1652489430902,28,550.0
15,0,50.331343634531606,138.59413675096502,86.4695967691771,28,550.0
15,1,50.331343634531606,138.59413675096502,94.29568372569885,28,550.0
15,2,50.331343634531606,138.59413675096502,102.12177068222059,28,550.0
15,3,50.331343634531606,138.59413675096502,109.94785763874232,28,550.0
15,4,50.331343634531606,138.59413675096502,117.77394459526407,28,550.0
15,5,50.331343634531606,138.59413675096502,125.6000315517858,28,550.0
15,6,50.331343634531606,138.59413675096502,133.42611850830752,28,550.0
15,7,50.331343634531606,138.59413675096502,141.25220546482927,28,550.0
15,8,50.331343634531606,138.59413675096502,149.078292421351,28,550.0
15,9,50.331343634531606,138.59413675096502,156.90437937787274,28,550.0
15,10,50.331343634531606,138.59413675096502,164.7304663343945,28,550.0
15,11,50.331343634531606,138.59413675096502,172.5565532909162,28,550.0
15,12,50.331343634531606,138.59413675096502,180.38264024743796,28,550.0
15,13,50.331343634531606,138.59413675096502,188.2087272039597,28,550.0
15,14,50.331343634531606,138.59413675096502,196.03481416048146,28,550.0
15,15,50.331343634531606,138.59413675096502,203.86090111700318,28,550.0
15,16,50.331343634531606,138.59413675096502,211.68698807352493,28,550.0
15,17,50.331343634531606,138.59413675096502,219.51307503004668,28,550.0
15,18,50.331343634531606,138.59413675096502,227.3391619865684,28,550.0
15,19,50.331343634531606,138.59413675096502,235.16524894309015,28,550.0
15,20,50.331343634531606,138.59413675096502,242.99133589961193,28,550.0
15,21,50.331343634531606,138.59413675096502,250.81742285613362,28,550.0
15,22,50.331343634531606,138.59413675096502,258.64350981265534,28,550.0
15,23,50.331343634531606,138.59413675096502,266.4695967691771,28,550.0
15,24,50.331343634531606,138.59413675096502,274.29568372569884,28,550.0
15,25,50.331343634531606,138.59413675096502,282.12177068222064,28,550.0
15,26,50.331343634531606,138.59413675096502,289.94785763874233,28,550.0
15,27,50.331343634531606,138.59413675096502,297.773944595264,28,550.0
15,28,50.331343634531606,138.59413675096502,305.6000315517858,28,550.0
15,29,50.331343634531606,138.59413675096502,313.4261185083076,28,550.0
15,30,50.331343634531606,138.59413675096502,321.25220546482933,28,550.0
15,31,50.331343634531606,138.59413675096502,329.07829242135097,28,550.0
15,32,50.331343634531606,138.59413675096502,336.9043793778727,28,550.0
15,33,50.331343634531606,138.59413675096502,344.7304663343945,28,550.0
15,34,50.331343634531606,138.59413675096502,352.55655329091627,28,550.0
15,35,50.331343634531606,138.59413675096502,0.38264024743801883,28,550.0
15,36,50.331343634531606,138.59413675096502,8.208727203959711,28,550.0
15,37,50.331343634531606,138.59413675096502,16.03481416048146,28,550.0
15,38,50.331343634531606,138.59413675096502,23.86090111700321,28,550.0
15,39,50.331343634531606,138.59413675096502,31.686988073524958,28,550.0
15,40,50.331343634531606,138.59413675096502,39.51307503004671,28,550.0
15,41,50.331343634531606,138.59413675096502,47.3391619865684,28,550.0
15,42,50.331343634531606,138.59413675096502,55.16524894309015,28,550.0
15,43,50.331343634531606,138.59413675096502,62.9913358996119,28,550.0
15,44,50.331343634531606,138.59413675096502,70.81742285613359,28,550.0
15,45,50.331343634531606,138.59413675096502,78.64350981265545,28,550.0
16,0,50.331343634531606,147.59413675096502,91.94785763874233,28,550.0
16,1,50.331343634531606,147.59413675096502,99.77394459526407,28,550.0
16,2,50.331343634531606,147.59413675096502,107.6000315517858,28,550.0
16,3,50.331343634531606,147.59413675096502,115.42611850830754,28,550.0
16,4,50.331343634531606,147.59413675096502,123.25220546482927,28,550.0
16,5,50.331343634531606,147.59413675096502,131.07829242135102,28,550.0
16,6,50.331343634531606,147.59413675096502,138.90437937787274,28,550.0
16,7,50.331343634531606,147.59413675096502,146.7304663343945,28,550.0
16,8,50.331343634531606,147.59413675096502,154.5565532909162,28,550.0
16,9,50.331343634531606,147.59413675096502,162.382640247438,28,550.0
16,10,50.331343634531606,147.59413675096502,170.20872720395974,28,550.0
16,11,50.331343634531606,147.59413675096502,178.03481416048146,28,550.0
16,12,50.331343634531606,147.59413675096502,185.8609011170032,28,550.0
16,13,50.331343634531606,147.59413675096502,193.68698807352493,28,550.0
16,14,50.331343634531606,147.59413675096502,201.51307503004668,28,550.0
16,15,50.331343634531606,147.59413675096502,209.3391619865684,28,550.0
16,16,50.331343634531606,147.59413675096502,217.16524894309015,28,550.0
16,17,50.331343634531606,147.59413675096502,224.99133589961193,28,550.0
16,18,50.331343634531606,147.59413675096502,232.81742285613362,28,550.0
16,19,50.331343634531606,147.59413675096502,240.64350981265534,28,550.0
16,20,50.331343634531606,147.59413675096502,248.4695967691771,28,550.0
16,21,50.331343634531606,147.59413675096502,256.29568372569884,28,550.0
16,22,50.331343634531606,147.59413675096502,264.1217706822206,28,550.0
16,23,50.331343634531606,147.59413675096502,271.94785763874233,28,550.0
16,24,50.331343634531606,147.59413675096502,279.773944595264,28,550.0
16,25,50.331343634531606,147.59413675096502,287.6000315517858,28,550.0
16,26,50.331343634531606,147.59413675096502,295.4261185083076,28,550.0
16,27,50.331343634531606,147.59413675096502,303.2522054648293,28,550.0
16,28,50.331343634531606,147.59413675096502,311.078292421351,28,550.0
16,29,50.331343634531606,147.59413675096502,318.9043793778727,28,550.0
16,30,50.331343634531606,147.59413675096502,326.7304663343945,28,550.0
16,31,50.331343634531606,147.59413675096502,334.5565532909162,28,550.0
16,32,50.331343634531606,147.59413675096502,342.38264024743796,28,550.0
16,33,50.331343634531606,147.59413675096502,350.2087272039597,28,550.0
16,34,50.331343634531606,147.59413675096502,358.0348141604815,28,550.0
16,35,50.331343634531606,147.59413675096502,5.860901117003209,28,550.0
16,36,50.331343634531606,147.59413675096502,13.686988073524901,28,550.0
16,37,50.331343634531606,147.59413675096502,21.513075030046707,28,550.0
16,38,50.331343634531606,147.59413675096502,29.3391619865684,28,550.0
16,39,50.331343634531606,147.59413675096502,37.16524894309015,28,550.0
16,40,50.331343634531606,147.59413675096502,44.9913358996119,28,550.0
16,41,50.331343634531606,147.59413675096502,52.817422856133646,28,550.0
16,42,50.331343634531606,147.59413675096502,60.643509812655395,28,550.0
16,43,50.331343634531606,147.59413675096502,68.46959676917709,28,550.0
16,44,50.331343634531606,147.59413675096502,76.29568372569878,28,550.0
16,45,50.331343634531606,147.59413675096502,84.12177068222064,28,550.0
17,0,50.331343634531606,156.59413675096502,97.42611850830754,28,550.0
17,1,50.331343634531606,156.59413675096502,105.25220546482927,28,550.0
17,2,50.331343634531606,156.59413675096502,113.07829242135101,28,550.0
17,3,50.331343634531606,156.59413675096502,120.90437937787274,28,550.0
17,4,50.331343634531606,156.59413675096502,128.7304663343945,28,550.0
17,5,50.331343634531606,156.59413675096502,136.5565532909162,28,550.0
17,6,50.331343634531606,156.59413675096502,144.382640247438,28,550.0
17,7,50.331343634531606,156.59413675096502,152.20872720395968,28,550.0
17,8,50.331343634531606,156.59413675096502,160.03481416048146,28,550.0
17,9,50.331343634531606,156.59413675096502,167.86090111700315,28,550.0
17,10,50.331343634531606,156.59413675096502,175.68698807352493,28,550.0
17,11,50.331343634531606,156.59413675096502,183.51307503004662,28,550.0
17,12,50.331343634531606,156.59413675096502,191.3391619865684,28,550.0
17,13,50.331343634531606,156.59413675096502,199.16524894309015,28,550.0
17,14,50.331343634531606,156.59413675096502,206.99133589961187,28,550.0
17,15,50.331343634531606,156.59413675096502,214.81742285613362,28,550.0
17,16,50.331343634531606,156.59413675096502,222.64350981265534,28,550.0
17,17,50.331343634531606,156.59413675096502,230.4695967691771,28,550.0
17,18,50.331343634531606,156.59413675096502,238.2956837256988,28,550.0
17,19,50.331343634531606,156.59413675096502,246.12177068222056,28,550.0
17,20,50.331343634531606,156.59413675096502,253.94785763874233,28,550.0
17,21,50.331343634531606,156.59413675096502,261.773944595264,28,550.0
17,22,50.331343634531606,156.59413675096502,269.6000315517858,28,550.0
17,23,50.331343634531606,156.59413675096502,277.4261185083075,28,550.0
17,24,50.331343634531606,156.59413675096502,285.2522054648293,28,550.0
17,25,50.331343634531606,156.59413675096502,293.078292421351,28,550.0
17,26,50.331343634531606,156.59413675096502,300.9043793778727,28,550.0
17,27,50.331343634531606,156.59413675096502,308.73046633439446,28,550.0
17,28,50.331343634531606,156.59413675096502,316.5565532909162,28,550.0
17,29,50.331343634531606,156.59413675096502,324.38264024743796,28,550.0
17,30,50.331343634531606,156.59413675096502,332.2087272039597,28,550.0
17,31,50.331343634531606,156.59413675096502,340.03481416048146,28,550.0
17,32,50.331343634531606,156.59413675096502,347.8609011170032,28,550.0
17,33,50.331343634531606,156.59413675096502,355.68698807352496,28,550.0
17,34,50.331343634531606,156.59413675096502,3.513075030046707,28,550.0
17,35,50.331343634531606,156.59413675096502,11.339161986568456,28,550.0
17,36,50.331343634531606,156.59413675096502,19.16524894309015,28,550.0
17,37,50.331343634531606,156.59413675096502,26.991335899611897,28,550.0
17,38,50.331343634531606,156.59413675096502,34.817422856133646,28,550.0
17,39,50.331343634531606,156.59413675096502,42.643509812655395,28,550.0
17,40,50.331343634531606,156.59413675096502,50.469596769177144,28,550.0
17,41,50.331343634531606,156.59413675096502,58.29568372569884,28,550.0
17,42,50.331343634531606,156.59413675096502,66.12177068222064,28,550.0
17,43,50.331343634531606,156.59413675096502,73.94785763874233,28,550.0
17,44,50.331343634531606,156.59413675096502,81.77394459526403,28,550.0
17,45,50.331343634531606,156.59413675096502,89.60003155178583,28,550.0
18,0,50.331343634531606,165.59413675096502,102.90437937787277,28,550.0
18,1,50.331343634531606,165.59413675096502,110.7304663343945,28,550.0
18,2,50.331343634531606,165.59413675096502,118.55655329091624,28,550.0
18,3,50.331343634531606,165.59413675096502,126.38264024743798,28,550.0
18,4,50.331343634531606,165.59413675096502,134.2087272039597,28,550.0
18,5,50.331343634531606,165.59413675096502,142.03481416048146,28,550.0
18,6,50.331343634531606,165.59413675096502,149.8609011170032,28,550.0
18,7,50.331343634531606,165.59413675096502,157.68698807352493,28,550.0
18,8,50.331343634531606,165.59413675096502,165.51307503004668,28,550.0
18,9,50.331343634531606,165.59413675096502,173.3391619865684,28,550.0
18,10,50.331343634531606,165.59413675096502,181.16524894309015,28,550.0
18,11,50.331343634531606,165.59413675096502,188.99133589961187,28,550.0
18,12,50.331343634531606,165.59413675096502,196.81742285613362,28,550.0
18,13,50.331343634531606,165.59413675096502,204.6435098126554,28,550.0
18,14,50.331343634531606,165.59413675096502,212.4695967691771,28,550.0
18,15,50.331343634531606,165.59413675096502,220.29568372569886,28,550.0
18,16,50.331343634531606,165.59413675096502,228.12177068222056,28,550.0
18,17,50.331343634531606,165.59413675096502,235.94785763874233,28,550.0
18,18,50.331343634531606,165.59413675096502,243.77394459526403,28,550.0
18,19,50.331343634531606,165.59413675096502,251.6000315517858,28,550.0
18,20,50.331343634531606,165.59413675096502,259.4261185083076,28,550.0
18,21,50.331343634531606,165.59413675096502,267.2522054648293,28,550.0
18,22,50.331343634531606,165.59413675096502,275.07829242135097,28,550.0
18,23,50.331343634531606,165.59413675096502,282.9043793778727,28,550.0
18,24,50.331343634531606,165.59413675096502,290.7304663343945,28,550.0
18,25,50.331343634531606,165.59413675096502,298.55655329091627,28,550.0
18,26,50.331343634531606,165.59413675096502,306.38264024743796,28,550.0
18,27,50.331343634531606,165.59413675096502,314.2087272039597,28,550.0
18,28,50.331343634531606,165.59413675096502,322.03481416048146,28,550.0
18,29,50.331343634531606,165.59413675096502,329.8609011170032,28,550.0
18,30,50.331343634531606,165.59413675096502,337.68698807352496,28,550.0
18,31,50.331343634531606,165.59413675096502,345.5130750300467,28,550.0
18,32,50.331343634531606,165.59413675096502,353.33916198656846,28,550.0
18,33,50.331343634531606,165.59413675096502,1.165248943090205,28,550.0
18,34,50.331343634531606,165.59413675096502,8.991335899611954,28,550.0
18,35,50.331343634531606,165.59413675096502,16.817422856133646,28,550.0
18,36,50.331343634531606,165.59413675096502,24.643509812655395,28,550.0
18,37,50.331343634531606,165.59413675096502,32.469596769177144,28,550.0
18,38,50.331343634531606,165.59413675096502,40.29568372569884,28,550.0
18,39,50.331343634531606,165.59413675096502,48.12177068222064,28,550.0
18,40,50.331343634531606,165.59413675096502,55.94785763874239,28,550.0
18,41,50.331343634531606,165.59413675096502,63.77394459526408,28,550.0
18,42,50.331343634531606,165.59413675096502,71.60003155178583,28,550.0
18,43,50.331343634531606,165.59413675096502,79.42611850830758,28,550.0
18,44,50.331343634531606,165.59413675096502,87.25220546482927,28,550.0
18,45,50.331343634531606,165.59413675096502,95.07829242135108,28,550.0
19,0,50.331343634531606,174.59413675096502,108.38264024743798,28,550.0
19,1,50.331343634531606,174.59413675096502,116.20872720395971,28,550.0
19,2,50.331343634531606,174.59413675096502,124.03481416048145,28,550.0
19,3,50.331343634531606,174.59413675096502,131.86090111700318,28,550.0
19,4,50.331343634531606,174.59413675096502,139.68698807352493,28,550.0
19,5,50.331343634531606,174.59413675096502,147.51307503004668,28,550.0
19,6,50.331343634531606,174.59413675096502,155.3391619865684,28,550.0
19,7,50.331343634531606,174.59413675096502,163.16524894309015,28,550.0
19,8,50.331343634531606,174.59413675096502,170.99133589961187,28,550.0
19,9,50.331343634531606,174.59413675096502,178.81742285613362,28,550.0
19,10,50.331343634531606,174.59413675096502,186.6435098126554,28,550.0
19,11,50.331343634531606,174.59413675096502,194.4695967691771,28,550.0
19,12,50.331343634531606,174.59413675096502,202.29568372569886,28,550.0
19,13,50.331343634531606,174.59413675096502,210.12177068222056,28,550.0
19,14,50.331343634531606,174.59413675096502,217.94785763874233,28,550.0
19,15,50.331343634531606,174.59413675096502,225.77394459526403,28,550.0
19,16,50.331343634531606,174.59413675096502,233.6000315517858,28,550.0
19,17,50.331343634531606,174.59413675096502,241.42611850830755,28,550.0
19,18,50.331343634531606,174.59413675096502,249.25220546482927,28,550.0
19,19,50.331343634531606,174.59413675096502,257.07829242135097,28,550.0
19,20,50.331343634531606,174.59413675096502,264.9043793778727,28,550.0
19,21,50.331343634531606,174.59413675096502,272.7304663343945,28,550.0
19,22,50.331343634531606,174.59413675096502,280.5565532909162,28,550.0
19,23,50.331343634531606,174.59413675096502,288.38264024743796,28,550.0
19,24,50.331343634531606,174.59413675096502,296.2087272039597,28,550.0
19,25,50.331343634531606,174.59413675096502,304.03481416048146,28,550.0
19,26,50.331343634531606,174.59413675096502,311.8609011170032,28,550.0
19,27,50.331343634531606,174.59413675096502,319.6869880735249,28,550.0
19,28,50.331343634531606,174.59413675096502,327.5130750300467,28,550.0
19,29,50.331343634531606,174.59413675096502,335.3391619865684,28,550.0
19,30,50.331343634531606,174.59413675096502,343.16524894309015,28,550.0
19,31,50.331343634531606,174.59413675096502,350.99133589961184,28,550.0
19,32,50.331343634531606,174.59413675096502,358.81742285613365,28,550.0
19,33,50.331343634531606,174.59413675096502,6.643509812655395,28,550.0
19,34,50.331343634531606,174.59413675096502,14.469596769177144,28,550.0
19,35,50.331343634531606,174.59413675096502,22.295683725698836,28,550.0
19,36,50.331343634531606,174.59413675096502,30.121770682220586,28,550.0
19,37,50.331343634531606,174.59413675096502,37.947857638742335,28,550.0
19,38,50.331343634531606,174.59413675096502,45.77394459526403,28,550.0
19,39,50.331343634531606,174.59413675096502,53.600031551785776,28,550.0
19,40,50.331343634531606,174.59413675096502,61.42611850830758,28,550.0
19,41,50.331343634531606,174.59413675096502,69.25220546482927,28,550.0
19,42,50.331343634531606,174.59413675096502,77.07829242135102,28,550.0
19,43,50.331343634531606,174.59413675096502,84.90437937787271,28,550.0
19,44,50.331343634531606,174.59413675096502,92.73046633439446,28,550.0
19,45,50.331343634531606,174.59413675096502,100.55655329091627,28,550.0
20,0,50.331343634531606,183.59413675096502,113.86090111700318,28,550.0
20,1,50.331343634531606,183.59413675096502,121.68698807352492,28,550.0
20,2,50.331343634531606,183.59413675096502,129.51307503004665,28,550.0
20,3,50.331343634531606,183.59413675096502,137.3391619865684,28,550.0
20,4,50.331343634531606,183.59413675096502,145.16524894309012,28,550.0
20,5,50.331343634531606,183.59413675096502,152.99133589961187,28,550.0
20,6,50.331343634531606,183.59413675096502,160.81742285613362,28,550.0
20,7,50.331343634531606,183.59413675096502,168.64350981265534,28,550.0
20,8,50.331343634531606,183.59413675096502,176.4695967691771,28,550.0
20,9,50.331343634531606,183.59413675096502,184.2956837256988,28,550.0
20,10,50.331343634531606,183.59413675096502,192.12177068222056,28,550.0
20,11,50.331343634531606,183.59413675096502,199.94785763874228,28,550.0
20,12,50.331343634531606,183.59413675096502,207.77394459526403,28,550.0
20,13,50.331343634531606,183.59413675096502,215.6000315517858,28,550.0
20,14,50.331343634531606,183.59413675096502,223.4261185083075,28,550.0
20,15,50.331343634531606,183.59413675096502,231.25220546482927,28,550.0
20,16,50.331343634531606,183.59413675096502,239.078292421351,28,550.0
20,17,50.331343634531606,183.59413675096502,246.90437937787274,28,550.0
20,18,50.331343634531606,183.59413675096502,254.73046633439446,28,550.0
20,19,50.331343634531606,183.59413675096502,262.5565532909162,28,550.0
20,20,50.331343634531606,183.59413675096502,270.38264024743796,28,550.0
20,21,50.331343634531606,183.59413675096502,278.2087272039597,28,550.0
20,22,50.331343634531606,183.59413675096502,286.0348141604814,28,550.0
20,23,50.331343634531606,183.59413675096502,293.86090111700315,28,550.0
20,24,50.331343634531606,183.59413675096502,301.6869880735249,28,550.0
20,25,50.331343634531606,183.59413675096502,309.5130750300467,28,550.0
20,26,50.331343634531606,183.59413675096502,317.3391619865684,28,550.0
20,27,50.331343634531606,183.59413675096502,325.1652489430901,28,550.0
20,28,50.331343634531606,183.59413675096502,332.99133589961184,28,550.0
20,29,50.331343634531606,183.59413675096502,340.81742285613365,28,550.0
20,30,50.331343634531606,183.59413675096502,348.6435098126554,28,550.0
20,31,50.331343634531606,183.59413675096502,356.4695967691771,28,550.0
20,32,50.331343634531606,183.59413675096502,4.2956837256988365,28,550.0
20,33,50.331343634531606,183.59413675096502,12.121770682220642,28,550.0
20,34,50.331343634531606,183.59413675096502,19.94785763874239,28,550.0
20,35,50.331343634531606,183.59413675096502,27.773944595264084,28,550.0
20,36,50.331343634531606,183.59413675096502,35.600031551785776,28,550.0
20,37,50.331343634531606,183.59413675096502,43.42611850830758,28,550.0
20,38,50.331343634531606,183.59413675096502,51.252205464829274,28,550.0
20,39,50.331343634531606,183.59413675096502,59.07829242135102,28,550.0
20,40,50.331343634531606,183.59413675096502,66.90437937787277,28,550.0
20,41,50.331343634531606,183.59413675096502,74.73046633439452,28,550.0
20,42,50.331343634531606,183.59413675096502,82.55655329091627,28,550.0
20,43,50.331343634531606,183.59413675096502,90.38264024743796,28,550.0
20,44,50.331343634531606,183.59413675096502,98.20872720395971,28,550.0
20,45,50.331343634531606,183.59413675096502,106.03481416048146,28,550.0
21,0,50.331343634531606,192.59413675096502,119.33916198656839,28,550.0
21,1,50.331343634531606,192.59413675096502,127.16524894309013,28,550.0
21,2,50.331343634531606,192.59413675096502,134.99133589961187,28,550.0
21,3,50.331343634531606,192.59413675096502,142.81742285613362,28,550.0
21,4,50.331343634531606,192.59413675096502,150.64350981265537,28,550.0
21,5,50.331343634531606,192.59413675096502,158.4695967691771,28,550.0
21,6,50.331343634531606,192.59413675096502,166.29568372569884,28,550.0
21,7,50.331343634531606,192.59413675096502,174.12177068222056,28,550.0
21,8,50.331343634531606,192.59413675096502,181.9478576387423,28,550.0
21,9,50.331343634531606,192.59413675096502,189.77394459526403,28,550.0
21,10,50.331343634531606,192.59413675096502,197.6000315517858,28,550.0
21,11,50.331343634531606,192.59413675096502,205.4261185083075,28,550.0
21,12,50.331343634531606,192.59413675096502,213.25220546482927,28,550.0
21,13,50.331343634531606,192.59413675096502,221.078292421351,28,550.0
21,14,50.331343634531606,192.59413675096502,228.90437937787274,28,550.0
21,15,50.331343634531606,192.59413675096502,236.7304663343945,28,550.0
21,16,50.331343634531606,192.59413675096502,244.5565532909162,28,550.0
21,17,50.331343634531606,192.59413675096502,252.38264024743796,28,550.0
21,18,50.331343634531606,192.59413675096502,260.2087272039597,28,550.0
21,19,50.331343634531606,192.59413675096502,268.03481416048146,28,550.0
21,20,50.331343634531606,192.59413675096502,275.8609011170032,28,550.0
21,21,50.331343634531606,192.59413675096502,283.6869880735249,28,550.0
21,22,50.331343634531606,192.59413675096502,291.51307503004665,28,550.0
21,23,50.331343634531606,192.59413675096502,299.3391619865684,28,550.0
21,24,50.331343634531606,192.59413675096502,307.16524894309015,28,550.0
21,25,50.331343634531606,192.59413675096502,314.9913358996119,28,550.0
21,26,50.331343634531606,192.59413675096502,322.81742285613365,28,550.0
21,27,50.331343634531606,192.59413675096502,330.64350981265534,28,550.0
21,28,50.331343634531606,192.59413675096502,338.4695967691771,28,550.0
21,29,50.331343634531606,192.59413675096502,346.29568372569884,28,550.0
21,30,50.331343634531606,192.59413675096502,354.12177068222064,28,550.0
21,31,50.331343634531606,192.59413675096502,1.9478576387422777,28,550.0
21,32,50.331343634531606,192.59413675096502,9.773944595264027,28,550.0
21,33,50.331343634531606,192.59413675096502,17.600031551785776,28,550.0
21,34,50.331343634531606,192.59413675096502,25.42611850830758,28,550.0
21,35,50.331343634531606,192.59413675096502,33.25220546482933,28,550.0
21,36,50.331343634531606,192.59413675096502,41.078292421350966,28,550.0
21,37,50.331343634531606,192.59413675096502,48.904379377872715,28,550.0
21,38,50.331343634531606,192.59413675096502,56.73046633439452,28,550.0
21,39,50.331343634531606,192.59413675096502,64.55655329091627,28,550.0
21,40,50.331343634531606,192.59413675096502,72.38264024743802,28,550.0
21,41,50.331343634531606,192.59413675096502,80.20872720395971,28,550.0
21,42,50.331343634531606,192.59413675096502,88.03481416048146,28,550.0
21,43,50.331343634531606,192.59413675096502,95.86090111700321,28,550.0
21,44,50.331343634531606,192.59413675096502,103.68698807352484,28,550.0
21,45,50.331343634531606,192.59413675096502,111.5130750300467,28,550.0
22,0,50.331343634531606,201.594136750965,124.81742285613362,28,550.0
22,1,50.331343634531606,201.594136750965,132.64350981265537,28,550.0
22,2,50.331343634531606,201.594136750965,140.4695967691771,28,550.0
22,3,50.331343634531606,201.594136750965,148.29568372569886,28,550.0
22,4,50.331343634531606,201.594136750965,156.12177068222059,28,550.0
22,5,50.331343634531606,201.594136750965,163.94785763874233,28,550.0
22,6,50.331343634531606,201.594136750965,171.77394459526406,28,550.0
22,7,50.331343634531606,201.594136750965,179.6000315517858,28,550.0
22,8,50.331343634531606,201.594136750965,187.42611850830752,28,550.0
22,9,50.331343634531606,201.594136750965,195.25220546482927,28,550.0
22,10,50.331343634531606,201.594136750965,203.07829242135102,28,550.0
22,11,50.331343634531606,201.594136750965,210.90437937787274,28,550.0
22,12,50.331343634531606,201.594136750965,218.7304663343945,28,550.0
22,13,50.331343634531606,201.594136750965,226.55655329091624,28,550.0
22,14,50.331343634531606,201.594136750965,234.38264024743796,28,550.0
22,15,50.331343634531606,201.594136750965,242.20872720395968,28,550.0
22,16,50.331343634531606,201.594136750965,250.03481416048146,28,550.0
22,17,50.331343634531606,201.594136750965,257.8609011170032,28,550.0
22,18,50.331343634531606,201.594136750965,265.6869880735249,28,550.0
22,19,50.331343634531606,201.594136750965,273.51307503004665,28,550.0
22,20,50.331343634531606,201.594136750965,281.3391619865684,28,550.0
22,21,50.331343634531606,201.594136750965,289.16524894309015,28,550.0
22,22,50.331343634531606,201.594136750965,296.99133589961184,28,550.0
22,23,50.331343634531606,201.594136750965,304.81742285613365,28,550.0
22,24,50.331343634531606,201.594136750965,312.64350981265534,28,550.0
22,25,50.331343634531606,201.594136750965,320.4695967691771,28,550.0
22,26,50.331343634531606,201.594136750965,328.29568372569884,28,550.0
22,27,50.331343634531606,201.594136750965,336.1217706822206,28,550.0
22,28,50.331343634531606,201.594136750965,343.94785763874233,28,550.0
22,29,50.331343634531606,201.594136750965,351.773944595264,28,550.0
22,30,50.331343634531606,201.594136750965,359.6000315517858,28,550.0
22,31,50.331343634531606,201.594136750965,7.426118508307582,28,550.0
22,32,50.331343634531606,201.594136750965,15.25220546482933,28,550.0
22,33,50.331343634531606,201.594136750965,23.07829242135108,28,550.0
22,34,50.331343634531606,201.594136750965,30.90437937787283,28,550.0
22,35,50.331343634531606,201.594136750965,38.73046633439452,28,550.0
22,36,50.331343634531606,201.594136750965,46.55655329091627,28,550.0
22,37,50.331343634531606,201.594136750965,54.38264024743802,28,550.0
22,38,50.331343634531606,201.594136750965,62.20872720395971,28,550.0
22,39,50.331343634531606,201.594136750965,70.03481416048146,28,550.0
22,40,50.331343634531606,201.594136750965,77.86090111700321,28,550.0
22,41,50.331343634531606,201.594136750965,85.68698807352496,28,550.0
22,42,50.331343634531606,201.594136750965,93.5130750300467,28,550.0
22,43,50.331343634531606,201.594136750965,101.3391619865684,28,550.0
22,44,50.331343634531606,201.594136750965,109.16524894309015,28,550.0
22,45,50.331343634531606,201.594136750965,116.9913358996119,28,550.0
23,0,50.331343634531606,210.59413675096502,130.29568372569884,28,550.0
23,1,50.331343634531606,210.59413675096502,138.12177068222056,28,550.0
23,2,50.331343634531606,210.59413675096502,145.94785763874233,28,550.0
23,3,50.331343634531606,210.59413675096502,153.77394459526406,28,550.0
23,4,50.331343634531606,210.59413675096502,161.6000315517858,28,550.0
23,5,50.331343634531606,210.59413675096502,169.42611850830752,28,550.0
23,6,50.331343634531606,210.59413675096502,177.25220546482927,28,550.0
23,7,50.331343634531606,210.59413675096502,185.078292421351,28,550.0
23,8,50.331343634531606,210.59413675096502,192.90437937787274,28,550.0
23,9,50.331343634531606,210.59413675096502,200.7304663343945,28,550.0
23,10,50.331343634531606,210.59413675096502,208.55655329091624,28,550.0
23,11,50.331343634531606,210.59413675096502,216.38264024743796,28,550.0
23,12,50.331343634531606,210.59413675096502,224.2087272039597,28,550.0
23,13,50.331343634531606,210.59413675096502,232.03481416048146,28,550.0
23,14,50.331343634531606,210.59413675096502,239.8609011170032,28,550.0
23,15,50.331343634531606,210.59413675096502,247.68698807352493,28,550.0
23,16,50.331343634531606,210.59413675096502,255.51307503004662,28,550.0
23,17,50.331343634531606,210.59413675096502,263.3391619865684,28,550.0
23,18,50.331343634531606,210.59413675096502,271.16524894309015,28,550.0
23,19,50.331343634531606,210.59413675096502,278.99133589961184,28,550.0
23,20,50.331343634531606,210.59413675096502,286.81742285613365,28,550.0
23,21,50.331343634531606,210.59413675096502,294.64350981265534,28,550.0
23,22,50.331343634531606,210.59413675096502,302.4695967691771,28,550.0
23,23,50.331343634531606,210.59413675096502,310.29568372569884,28,550.0
23,24,50.331343634531606,210.59413675096502,318.1217706822206,28,550.0
23,25,50.331343634531606,210.59413675096502,325.94785763874233,28,550.0
23,26,50.331343634531606,210.59413675096502,333.773944595264,28,550.0
23,27,50.331343634531606,210.59413675096502,341.6000315517858,28,550.0
23,28,50.331343634531606,210.59413675096502,349.4261185083076,28,550.0
23,29,50.331343634531606,210.59413675096502,357.2522054648293,28,550.0
23,30,50.331343634531606,210.59413675096502,5.078292421351023,28,550.0
23,31,50.331343634531606,210.59413675096502,12.904379377872715,28,550.0
23,32,50.331343634531606,210.59413675096502,20.73046633439452,28,550.0
23,33,50.331343634531606,210.59413675096502,28.55655329091627,28,550.0
23,34,50.331343634531606,210.59413675096502,36.38264024743802,28,550.0
23,35,50.331343634531606,210.59413675096502,44.20872720395971,28,550.0
23,36,50.331343634531606,210.59413675096502,52.03481416048146,28,550.0
23,37,50.331343634531606,210.59413675096502,59.86090111700321,28,550.0
23,38,50.331343634531606,210.59413675096502,67.6869880735249,28,550.0
23,39,50.331343634531606,210.59413675096502,75.5130750300467,28,550.0
23,40,50.331343634531606,210.59413675096502,83.33916198656846,28,550.0
23,41,50.331343634531606,210.59413675096502,91.16524894309015,28,550.0
23,42,50.331343634531606,210.59413675096502,98.9913358996119,28,550.0
23,43,50.331343634531606,210.59413675096502,106.81742285613365,28,550.0
23,44,50.331343634531606,210.59413675096502,114.64350981265534,28,550.0
23,45,50.331343634531606,210.59413675096502,122.4695967691772,28,550.0
24,0,50.331343634531606,219.59413675096502,135.77394459526406,28,550.0
24,1,50.331343634531606,219.59413675096502,143.6000315517858,28,550.0
24,2,50.331343634531606,219.59413675096502,151.42611850830755,28,550.0
24,3,50.331343634531606,219.59413675096502,159.2522054648293,28,550.0
24,4,50.331343634531606,219.59413675096502,167.07829242135102,28,550.0
24,5,50.331343634531606,219.59413675096502,174.90437937787277,28,550.0
24,6,50.331343634531606,219.59413675096502,182.7304663343945,28,550.0
24,7,50.331343634531606,219.59413675096502,190.55655329091624,28,550.0
24,8,50.331343634531606,219.59413675096502,198.38264024743796,28,550.0
24,9,50.331343634531606,219.59413675096502,206.2087272039597,28,550.0
24,10,50.331343634531606,219.59413675096502,214.03481416048146,28,550.0
24,11,50.331343634531606,219.59413675096502,221.86090111700318,28,550.0
24,12,50.331343634531606,219.59413675096502,229.68698807352496,28,550.0
24,13,50.331343634531606,219.59413675096502,237.51307503004668,28,550.0
24,14,50.331343634531606,219.59413675096502,245.3391619865684,28,550.0
24,15,50.331343634531606,219.59413675096502,253.16524894309015,28,550.0
24,16,50.331343634531606,219.59413675096502,260.9913358996119,28,550.0
24,17,50.331343634531606,219.59413675096502,268.81742285613365,28,550.0
24,18,50.331343634531606,219.59413675096502,276.64350981265534,28,550.0
24,19,50.331343634531606,219.59413675096502,284.4695967691771,28,550.0
24,20,50.331343634531606,219.59413675096502,292.29568372569884,28,550.0
24,21,50.331343634531606,219.59413675096502,300.12177068222064,28,550.0
24,22,50.331343634531606,219.59413675096502,307.9478576387423,28,550.0
24,23,50.331343634531606,219.59413675096502,315.773944595264,28,550.0
24,24,50.331343634531606,219.59413675096502,323.6000315517858,28,550.0
24,25,50.331343634531606,219.59413675096502,331.4261185083076,28,550.0
24,26,50.331343634531606,219.59413675096502,339.25220546482933,28,550.0
24,27,50.331343634531606,219.59413675096502,347.07829242135097,28,550.0
24,28,50.331343634531606,219.59413675096502,354.9043793778727,28,550.0
24,29,50.331343634531606,219.59413675096502,2.730466334394521,28,550.0
24,30,50.331343634531606,219.59413675096502,10.55655329091627,28,550.0
24,31,50.331343634531606,219.59413675096502,18.382640247437962,28,550.0
24,32,50.331343634531606,219.59413675096502,26.20872720395971,28,550.0
24,33,50.331343634531606,219.59413675096502,34.03481416048152,28,550.0
24,34,50.331343634531606,219.59413675096502,41.860901117003266,28,550.0
24,35,50.331343634531606,219.59413675096502,49.68698807352496,28,550.0
24,36,50.331343634531606,219.59413675096502,57.51307503004671,28,550.0
24,37,50.331343634531606,219.59413675096502,65.33916198656846,28,550.0
24,38,50.331343634531606,219.59413675096502,73.16524894309015,28,550.0
24,39,50.331343634531606,219.59413675096502,80.9913358996119,28,550.0
24,40,50.331343634531606,219.59413675096502,88.81742285613365,28,550.0
24,41,50.331343634531606,219.59413675096502,96.6435098126554,28,550.0
24,42,50.331343634531606,219.59413675096502,104.46959676917709,28,550.0
24,43,50.331343634531606,219.59413675096502,112.29568372569884,28,550.0
24,44,50.331343634531606,219.59413675096502,120.12177068222064,28,550.0
24,45,50.331343634531606,219.59413675096502,127.94785763874239,28,550.0
25,0,50.331343634531606,228.59413675096502,141.25220546482925,28,550.0
25,1,50.331343634531606,228.59413675096502,149.078292421351,28,550.0
25,2,50.331343634531606,228.59413675096502,156.90437937787274,28,550.0
25,3,50.331343634531606,228.59413675096502,164.7304663343945,28,550.0
25,4,50.331343634531606,228.59413675096502,172.5565532909162,28,550.0
25,5,50.331343634531606,228.59413675096502,180.38264024743796,28,550.0
25,6,50.331343634531606,228.59413675096502,188.20872720395968,28,550.0
25,7,50.331343634531606,228.59413675096502,196.03481416048143,28,550.0
25,8,50.331343634531606,228.59413675096502,203.86090111700315,28,550.0
25,9,50.331343634531606,228.59413675096502,211.6869880735249,28,550.0
25,10,50.331343634531606,228.59413675096502,219.51307503004665,28,550.0
25,11,50.331343634531606,228.59413675096502,227.33916198656837,28,550.0
25,12,50.331343634531606,228.59413675096502,235.16524894309015,28,550.0
25,13,50.331343634531606,228.59413675096502,242.99133589961187,28,550.0
25,14,50.331343634531606,228.59413675096502,250.81742285613356,28,550.0
25,15,50.331343634531606,228.59413675096502,258.64350981265534,28,550.0
25,16,50.331343634531606,228.59413675096502,266.4695967691771,28,550.0
25,17,50.331343634531606,228.59413675096502,274.29568372569884,28,550.0
25,18,50.331343634531606,228.59413675096502,282.12177068222053,28,550.0
25,19,50.331343634531606,228.59413675096502,289.9478576387423,28,550.0
25,20,50.331343634531606,228.59413675096502,297.773944595264,28,550.0
25,21,50.331343634531606,228.59413675096502,305.6000315517858,28,550.0
25,22,50.331343634531606,228.59413675096502,313.42611850830747,28,550.0
25,23,50.331343634531606,228.59413675096502,321.2522054648292,28,550.0
25,24,50.331343634531606,228.59413675096502,329.07829242135097,28,550.0
25,25,50.331343634531606,228.59413675096502,336.9043793778727,28,550.0
25,26,50.331343634531606,228.59413675096502,344.7304663343945,28,550.0
25,27,50.331343634531606,228.59413675096502,352.55655329091616,28,550.0
25,28,50.331343634531606,228.59413675096502,0.38264024743790515,28,550.0
25,29,50.331343634531606,228.59413675096502,8.208727203959711,28,550.0
25,30,50.331343634531606,228.59413675096502,16.03481416048146,28,550.0
25,31,50.331343634531606,228.59413675096502,23.860901117003152,28,550.0
25,32,50.331343634531606,228.59413675096502,31.6869880735249,28,550.0
25,33,50.331343634531606,228.59413675096502,39.51307503004671,28,550.0
25,34,50.331343634531606,228.59413675096502,47.339161986568456,28,550.0
25,35,50.331343634531606,228.59413675096502,55.16524894309015,28,550.0
25,36,50.331343634531606,228.59413675096502,62.99133589961184,28,550.0
25,37,50.331343634531606,228.59413675096502,70.81742285613365,28,550.0
25,38,50.331343634531606,228.59413675096502,78.64350981265534,28,550.0
25,39,50.331343634531606,228.59413675096502,86.46959676917709,28,550.0
25,40,50.331343634531606,228.59413675096502,94.29568372569884,28,550.0
25,41,50.331343634531606,228.59413675096502,102.12177068222053,28,550.0
25,42,50.331343634531606,228.59413675096502,109.94785763874239,28,550.0
25,43,50.331343634531606,228.59413675096502,117.77394459526403,28,550.0
25,44,50.331343634531606,228.59413675096502,125.60003155178572,28,550.0
25,45,50.331343634531606,228.59413675096502,133.42611850830758,28,550.0
26,0,50.331343634531606,237.594136750965,146.7304663343945,28,550.0
26,1,50.331343634531606,237.594136750965,154.5565532909162,28,550.0
26,2,50.331343634531606,237.594136750965,162.382640247438,28,550.0
26,3,50.331343634531606,237.594136750965,170.2087272039597,28,550.0
26,4,50.331343634531606,237.594136750965,178.03481416048146,28,550.0
26,5,50.331343634531606,237.594136750965,185.86090111700318,28,550.0
26,6,50.331343634531606,237.594136750965,193.68698807352493,28,550.0
26,7,50.331343634531606,237.594136750965,201.51307503004665,28,550.0
26,8,50.331343634531606,237.594136750965,209.3391619865684,28,550.0
26,9,50.331343634531606,237.594136750965,217.16524894309012,28,550.0
26,10,50.331343634531606,237.594136750965,224.9913358996119,28,550.0
26,11,50.331343634531606,237.594136750965,232.81742285613356,28,550.0
26,12,50.331343634531606,237.594136750965,240.64350981265534,28,550.0
26,13,50.331343634531606,237.594136750965,248.4695967691771,28,550.0
26,14,50.331343634531606,237.594136750965,256.29568372569884,28,550.0
26,15,50.331343634531606,237.594136750965,264.1217706822206,28,550.0
26,16,50.331343634531606,237.594136750965,271.9478576387423,28,550.0
26,17,50.331343634531606,237.594136750965,279.773944595264,28,550.0
26,18,50.331343634531606,237.594136750965,287.6000315517858,28,550.0
26,19,50.331343634531606,237.594136750965,295.4261185083075,28,550.0
26,20,50.331343634531606,237.594136750965,303.2522054648293,28,550.0
26,21,50.331343634531606,237.594136750965,311.07829242135097,28,550.0
26,22,50.331343634531606,237.594136750965,318.9043793778727,28,550.0
26,23,50.331343634531606,237.594136750965,326.7304663343945,28,550.0
26,24,50.331343634531606,237.594136750965,334.5565532909162,28,550.0
26,25,50.331343634531606,237.594136750965,342.38264024743796,28,550.0
26,26,50.331343634531606,237.594136750965,350.2087272039597,28,550.0
26,27,50.331343634531606,237.594136750965,358.03481416048146,28,550.0
26,28,50.331343634531606,237.594136750965,5.860901117003209,28,550.0
26,29,50.331343634531606,237.594136750965,13.686988073524901,28,550.0
26,30,50.331343634531606,237.594136750965,21.513075030046707,28,550.0
26,31,50.331343634531606,237.594136750965,29.3391619865684,28,550.0
26,32,50.331343634531606,237.594136750965,37.16524894309015,28,550.0
26,33,50.331343634531606,237.594136750965,44.9913358996119,28,550.0
26,34,50.331343634531606,237.594136750965,52.817422856133646,28,550.0
26,35,50.331343634531606,237.594136750965,60.643509812655395,28,550.0
26,36,50.331343634531606,237.594136750965,68.46959676917709,28,550.0
26,37,50.331343634531606,237.594136750965,76.29568372569884,28,550.0
26,38,50.331343634531606,237.594136750965,84.12177068222059,28,550.0
26,39,50.331343634531606,237.594136750965,91.94785763874233,28,550.0
26,40,50.331343634531606,237.594136750965,99.77394459526414,28,550.0
26,41,50.331343634531606,237.594136750965,107.60003155178578,28,550.0
26,42,50.331343634531606,237.594136750965,115.42611850830758,28,550.0
26,43,50.331343634531606,237.594136750965,123.25220546482933,28,550.0
26,44,50.331343634531606,237.594136750965,131.07829242135097,28,550.0
26,45,50.331343634531606,237.594136750965,138.90437937787283,28,550.0
27,0,50.331343634531606,246.59413675096505,152.2087272039597,28,550.0
27,1,50.331343634531606,246.59413675096505,160.03481416048146,28,550.0
27,2,50.331343634531606,246.59413675096505,167.8609011170032,28,550.0
27,3,50.331343634531606,246.59413675096505,175.68698807352496,28,550.0
27,4,50.331343634531606,246.59413675096505,183.51307503004668,28,550.0
27,5,50.331343634531606,246.59413675096505,191.33916198656843,28,550.0
27,6,50.331343634531606,246.59413675096505,199.16524894309015,28,550.0
27,7,50.331343634531606,246.59413675096505,206.9913358996119,28,550.0
27,8,50.331343634531606,246.59413675096505,214.81742285613362,28,550.0
27,9,50.331343634531606,246.59413675096505,222.64350981265537,28,550.0
27,10,50.331343634531606,246.59413675096505,230.4695967691771,28,550.0
27,11,50.331343634531606,246.59413675096505,238.29568372569886,28,550.0
27,12,50.331343634531606,246.59413675096505,246.1217706822206,28,550.0
27,13,50.331343634531606,246.59413675096505,253.94785763874233,28,550.0
27,14,50.331343634531606,246.59413675096505,261.773944595264,28,550.0
27,15,50.331343634531606,246.59413675096505,269.6000315517858,28,550.0
27,16,50.331343634531606,246.59413675096505,277.4261185083076,28,550.0
27,17,50.331343634531606,246.59413675096505,285.25220546482933,28,550.0
27,18,50.331343634531606,246.59413675096505,293.07829242135097,28,550.0
27,19,50.331343634531606,246.59413675096505,300.9043793778727,28,550.0
27,20,50.331343634531606,246.59413675096505,308.7304663343945,28,550.0
27,21,50.331343634531606,246.59413675096505,316.55655329091627,28,550.0
27,22,50.331343634531606,246.59413675096505,324.3826402474379,28,550.0
27,23,50.331343634531606,246.59413675096505,332.2087272039597,28,550.0
27,24,50.331343634531606,246.59413675096505,340.03481416048146,28,550.0
27,25,50.331343634531606,246.59413675096505,347.8609011170032,28,550.0
27,26,50.331343634531606,246.59413675096505,355.68698807352496,28,550.0
27,27,50.331343634531606,246.59413675096505,3.5130750300466502,28,550.0
27,28,50.331343634531606,246.59413675096505,11.3391619865684,28,550.0
27,29,50.331343634531606,246.59413675096505,19.16524894309015,28,550.0
27,30,50.331343634531606,246.59413675096505,26.991335899611897,28,550.0
27,31,50.331343634531606,246.59413675096505,34.817422856133646,28,550.0
27,32,50.331343634531606,246.59413675096505,42.643509812655395,28,550.0
27,33,50.331343634531606,246.59413675096505,50.469596769177144,28,550.0
27,34,50.331343634531606,246.59413675096505,58.29568372569889,28,550.0
27,35,50.331343634531606,246.59413675096505,66.12177068222064,28,550.0
27,36,50.331343634531606,246.59413675096505,73.94785763874233,28,550.0
27,37,50.331343634531606,246.59413675096505,81.77394459526408,28,550.0
27,38,50.331343634531606,246.59413675096505,89.60003155178578,28,550.0
27,39,50.331343634531606,246.59413675096505,97.42611850830758,28,550.0
27,40,50.331343634531606,246.59413675096505,105.25220546482933,28,550.0
27,41,50.331343634531606,246.59413675096505,113.07829242135108,28,550.0
27,42,50.331343634531606,246.59413675096505,120.90437937787271,28,550.0
27,43,50.331343634531606,246.59413675096505,128.73046633439452,28,550.0
27,44,50.331343634531606,246.59413675096505,136.55655329091627,28,550.0
27,45,50.331343634531606,246.59413675096505,144.38264024743802,28,550.0
28,0,50.331343634531606,255.594136750965,157.68698807352493,28,550.0
28,1,50.331343634531606,255.594136750965,165.51307503004665,28,550.0
28,2,50.331343634531606,255.594136750965,173.3391619865684,28,550.0
28,3,50.331343634531606,255.594136750965,181.16524894309015,28,550.0
28,4,50.331343634531606,255.594136750965,188.9913358996119,28,550.0
28,5,50.331343634531606,255.594136750965,196.81742285613362,28,550.0
28,6,50.331343634531606,255.594136750965,204.64350981265537,28,550.0
28,7,50.331343634531606,255.594136750965,212.4695967691771,28,550.0
28,8,50.331343634531606,255.594136750965,220.29568372569884,28,550.0
28,9,50.331343634531606,255.594136750965,228.12177068222056,28,550.0
28,10,50.331343634531606,255.594136750965,235.94785763874233,28,550.0
28,11,50.331343634531606,255.594136750965,243.77394459526403,28,550.0
28,12,50.331343634531606,255.594136750965,251.6000315517858,28,550.0
28,13,50.331343634531606,255.594136750965,259.4261185083076,28,550.0
28,14,50.331343634531606,255.594136750965,267.2522054648293,28,550.0
28,15,50.331343634531606,255.594136750965,275.07829242135097,28,550.0
28,16,50.331343634531606,255.594136750965,282.9043793778727,28,550.0
28,17,50.331343634531606,255.594136750965,290.7304663343945,28,550.0
28,18,50.331343634531606,255.594136750965,298.5565532909162,28,550.0
28,19,50.331343634531606,255.594136750965,306.3826402474379,28,550.0
28,20,50.331343634531606,255.594136750965,314.2087272039597,28,550.0
28,21,50.331343634531606,255.594136750965,322.03481416048146,28,550.0
28,22,50.331343634531606,255.594136750965,329.86090111700315,28,550.0
28,23,50.331343634531606,255.594136750965,337.6869880735249,28,550.0
28,24,50.331343634531606,255.594136750965,345.51307503004665,28,550.0
28,25,50.331343634531606,255.594136750965,353.3391619865684,28,550.0
28,26,50.331343634531606,255.594136750965,1.1652489430901483,28,550.0
28,27,50.331343634531606,255.594136750965,8.99133589961184,28,550.0
28,28,50.331343634531606,255.594136750965,16.817422856133646,28,550.0
28,29,50.331343634531606,255.594136750965,24.64350981265534,28,550.0
28,30,50.331343634531606,255.594136750965,32.46959676917709,28,550.0
28,31,50.331343634531606,255.594136750965,40.29568372569884,28,550.0
28,32,50.331343634531606,255.594136750965,48.12177068222064,28,550.0
28,33,50.331343634531606,255.594136750965,55.94785763874239,28,550.0
28,34,50.331343634531606,255.594136750965,63.77394459526414,28,550.0
28,35,50.331343634531606,255.594136750965,71.60003155178578,28,550.0
28,36,50.331343634531606,255.594136750965,79.42611850830758,28,550.0
28,37,50.331343634531606,255.594136750965,87.25220546482933,28,550.0
28,38,50.331343634531606,255.594136750965,95.07829242135097,28,550.0
28,39,50.331343634531606,255.594136750965,102.90437937787271,28,550.0
28,40,50.331343634531606,255.594136750965,110.73046633439452,28,550.0
28,41,50.331343634531606,255.594136750965,118.55655329091627,28,550.0
28,42,50.331343634531606,255.594136750965,126.38264024743802,28,550.0
28,43,50.331343634531606,255.594136750965,134.2087272039597,28,550.0
28,44,50.331343634531606,255.594136750965,142.03481416048146,28,550.0
28,45,50.331343634531606,255.594136750965,149.8609011170032,28,550.0
29,0,50.331343634531606,264.59413675096505,163.16524894309012,28,550.0
29,1,50.331343634531606,264.59413675096505,170.99133589961187,28,550.0
29,2,50.331343634531606,264.59413675096505,178.81742285613362,28,550.0
29,3,50.331343634531606,264.59413675096505,186.64350981265537,28,550.0
29,4,50.331343634531606,264.59413675096505,194.4695967691771,28,550.0
29,5,50.331343634531606,264.59413675096505,202.29568372569884,28,550.0
29,6,50.331343634531606,264.59413675096505,210.12177068222056,28,550.0
29,7,50.331343634531606,264.59413675096505,217.9478576387423,28,550.0
29,8,50.331343634531606,264.59413675096505,225.77394459526403,28,550.0
29,9,50.331343634531606,264.59413675096505,233.6000315517858,28,550.0
29,10,50.331343634531606,264.59413675096505,241.42611850830755,28,550.0
29,11,50.331343634531606,264.59413675096505,249.25220546482922,28,550.0
29,12,50.331343634531606,264.59413675096505,257.07829242135097,28,550.0
29,13,50.331343634531606,264.59413675096505,264.9043793778727,28,550.0
29,14,50.331343634531606,264.59413675096505,272.7304663343945,28,550.0
29,15,50.331343634531606,264.59413675096505,280.5565532909162,28,550.0
29,16,50.331343634531606,264.59413675096505,288.3826402474379,28,550.0
29,17,50.331343634531606,264.59413675096505,296.2087272039597,28,550.0
29,18,50.331343634531606,264.59413675096505,304.03481416048146,28,550.0
29,19,50.331343634531606,264.59413675096505,311.86090111700315,28,550.0
29,20,50.331343634531606,264.59413675096505,319.6869880735249,28,550.0
29,21,50.331343634531606,264.59413675096505,327.51307503004665,28,550.0
29,22,50.331343634531606,264.59413675096505,335.3391619865684,28,550.0
29,23,50.331343634531606,264.59413675096505,343.16524894309015,28,550.0
29,24,50.331343634531606,264.59413675096505,350.99133589961184,28,550.0
29,25,50.331343634531606,264.59413675096505,358.81742285613365,28,550.0
29,26,50.331343634531606,264.59413675096505,6.6435098126553385,28,550.0
29,27,50.331343634531606,264.59413675096505,14.469596769177087,28,550.0
29,28,50.331343634531606,264.59413675096505,22.295683725698836,28,550.0
29,29,50.331343634531606,264.59413675096505,30.121770682220586,28,550.0
29,30,50.331343634531606,264.59413675096505,37.947857638742335,28,550.0
29,31,50.331343634531606,264.59413675096505,45.77394459526403,28,550.0
29,32,50.331343634531606,264.59413675096505,53.600031551785776,28,550.0
29,33,50.331343634531606,264.59413675096505,61.42611850830758,28,550.0
29,34,50.331343634531606,264.59413675096505,69.25220546482933,28,550.0
29,35,50.331343634531606,264.59413675096505,77.07829242135102,28,550.0
29,36,50.331343634531606,264.59413675096505,84.90437937787271,28,550.0
29,37,50.331343634531606,264.59413675096505,92.73046633439452,28,550.0
29,38,50.331343634531606,264.59413675096505,100.55655329091627,28,550.0
29,39,50.331343634531606,264.59413675096505,108.3826402474379,28,550.0
29,40,50.331343634531606,264.59413675096505,116.20872720395977,28,550.0
29,41,50.331343634531606,264.59413675096505,124.03481416048146,28,550.0
29,42,50.331343634531606,264.59413675096505,131.8609011170032,28,550.0
29,43,50.331343634531606,264.59413675096505,139.68698807352496,28,550.0
29,44,50.331343634531606,264.59413675096505,147.51307503004665,28,550.0
29,45,50.331343634531606,264.59413675096505,155.33916198656846,28,550.0
30,0,50.331343634531606,273.594136750965,168.64350981265537,28,550.0
30,1,50.331343634531606,273.594136750965,176.4695967691771,28,550.0
30,2,50.331343634531606,273.594136750965,184.29568372569886,28,550.0
30,3,50.331343634531606,273.594136750965,192.12177068222059,28,550.0
30,4,50.331343634531606,273.594136750965,199.94785763874233,28,550.0
30,5,50.331343634531606,273.594136750965,207.77394459526406,28,550.0
30,6,50.331343634531606,273.594136750965,215.6000315517858,28,550.0
30,7,50.331343634531606,273.594136750965,223.42611850830752,28,550.0
30,8,50.331343634531606,273.594136750965,231.25220546482927,28,550.0
30,9,50.331343634531606,273.594136750965,239.078292421351,28,550.0
30,10,50.331343634531606,273.594136750965,246.90437937787274,28,550.0
30,11,50.331343634531606,273.594136750965,254.7304663343945,28,550.0
30,12,50.331343634531606,273.594136750965,262.55655329091627,28,550.0
30,13,50.331343634531606,273.594136750965,270.38264024743796,28,550.0
30,14,50.331343634531606,273.594136750965,278.2087272039597,28,550.0
30,15,50.331343634531606,273.594136750965,286.03481416048146,28,550.0
30,16,50.331343634531606,273.594136750965,293.8609011170032,28,550.0
30,17,50.331343634531606,273.594136750965,301.68698807352496,28,550.0
30,18,50.331343634531606,273.594136750965,309.51307503004665,28,550.0
30,19,50.331343634531606,273.594136750965,317.3391619865684,28,550.0
30,20,50.331343634531606,273.594136750965,325.16524894309015,28,550.0
30,21,50.331343634531606,273.594136750965,332.9913358996119,28,550.0
30,22,50.331343634531606,273.594136750965,340.8174228561336,28,550.0
30,23,50.331343634531606,273.594136750965,348.64350981265534,28,550.0
30,24,50.331343634531606,273.594136750965,356.4695967691771,28,550.0
30,25,50.331343634531606,273.594136750965,4.2956837256988365,28,550.0
30,26,50.331343634531606,273.594136750965,12.121770682220642,28,550.0
30,27,50.331343634531606,273.594136750965,19.947857638742278,28,550.0
30,28,50.331343634531606,273.594136750965,27.773944595264027,28,550.0
30,29,50.331343634531606,273.594136750965,35.600031551785776,28,550.0
30,30,50.331343634531606,273.594136750965,43.42611850830758,28,550.0
30,31,50.331343634531606,273.594136750965,51.252205464829274,28,550.0
30,32,50.331343634531606,273.594136750965,59.07829242135102,28,550.0
30,33,50.331343634531606,273.594136750965,66.90437937787277,28,550.0
30,34,50.331343634531606,273.594136750965,74.73046633439458,28,550.0
30,35,50.331343634531606,273.594136750965,82.55655329091627,28,550.0
30,36,50.331343634531606,273.594136750965,90.38264024743796,28,550.0
30,37,50.331343634531606,273.594136750965,98.20872720395971,28,550.0
30,38,50.331343634531606,273.594136750965,106.03481416048146,28,550.0
30,39,50.331343634531606,273.594136750965,113.86090111700321,28,550.0
30,40,50.331343634531606,273.594136750965,121.68698807352496,28,550.0
30,41,50.331343634531606,273.594136750965,129.5130750300467,28,550.0
30,42,50.331343634531606,273.594136750965,137.3391619865684,28,550.0
30,43,50.331343634531606,273.594136750965,145.16524894309015,28,550.0
30,44,50.331343634531606,273.594136750965,152.99133589961195,28,550.0
30,45,50.331343634531606,273.594136750965,160.8174228561337,28,550.0
31,0,50.331343634531606,282.59413675096505,174.12177068222056,28,550.0
31,1,50.331343634531606,282.59413675096505,181.9478576387423,28,550.0
31,2,50.331343634531606,282.59413675096505,189.77394459526403,28,550.0
31,3,50.331343634531606,282.59413675096505,197.6000315517858,28,550.0
31,4,50.331343634531606,282.59413675096505,205.42611850830752,28,550.0
31,5,50.331343634531606,282.59413675096505,213.25220546482927,28,550.0
31,6,50.331343634531606,282.59413675096505,221.078292421351,28,550.0
31,7,50.331343634531606,282.59413675096505,228.90437937787274,28,550.0
31,8,50.331343634531606,282.59413675096505,236.7304663343945,28,550.0
31,9,50.331343634531606,282.59413675096505,244.5565532909162,28,550.0
31,10,50.331343634531606,282.59413675096505,252.38264024743796,28,550.0
31,11,50.331343634531606,282.59413675096505,260.2087272039597,28,550.0
31,12,50.331343634531606,282.59413675096505,268.03481416048146,28,550.0
31,13,50.331343634531606,282.59413675096505,275.8609011170032,28,550.0
31,14,50.331343634531606,282.59413675096505,283.6869880735249,28,550.0
31,15,50.331343634531606,282.59413675096505,291.51307503004665,28,550.0
31,16,50.331343634531606,282.59413675096505,299.3391619865684,28,550.0
31,17,50.331343634531606,282.59413675096505,307.16524894309015,28,550.0
31,18,50.331343634531606,282.59413675096505,314.99133589961184,28,550.0
31,19,50.331343634531606,282.59413675096505,322.8174228561336,28,550.0
31,20,50.331343634531606,282.59413675096505,330.64350981265534,28,550.0
31,21,50.331343634531606,282.59413675096505,338.4695967691771,28,550.0
31,22,50.331343634531606,282.59413675096505,346.2956837256988,28,550.0
31,23,50.331343634531606,282.59413675096505,354.1217706822206,28,550.0
31,24,50.331343634531606,282.59413675096505,1.9478576387422777,28,550.0
31,25,50.331343634531606,282.59413675096505,9.773944595264027,28,550.0
31,26,50.331343634531606,282.59413675096505,17.600031551785776,28,550.0
31,27,50.331343634531606,282.59413675096505,25.426118508307525,28,550.0
31,28,50.331343634531606,282.59413675096505,33.252205464829274,28,550.0
31,29,50.331343634531606,282.59413675096505,41.078292421350966,28,550.0
31,30,50.331343634531606,282.59413675096505,48.904379377872715,28,550.0
31,31,50.331343634531606,282.59413675096505,56.73046633439452,28,550.0
31,32,50.331343634531606,282.59413675096505,64.55655329091627,28,550.0
31,33,50.331343634531606,282.59413675096505,72.38264024743802,28,550.0
31,34,50.331343634531606,282.59413675096505,80.20872720395977,28,550.0
31,35,50.331343634531606,282.59413675096505,88.03481416048146,28,550.0
31,36,50.331343634531606,282.59413675096505,95.86090111700321,28,550.0
31,37,50.331343634531606,282.59413675096505,103.68698807352496,28,550.0
31,38,50.331343634531606,282.59413675096505,111.51307503004665,28,550.0
31,39,50.331343634531606,282.59413675096505,119.3391619865684,28,550.0
31,40,50.331343634531606,282.59413675096505,127.16524894309015,28,550.0
31,41,50.331343634531606,282.59413675096505,134.9913358996119,28,550.0
31,42,50.331343634531606,282.59413675096505,142.81742285613365,28,550.0
31,43,50.331343634531606,282.59413675096505,150.64350981265534,28,550.0
31,44,50.331343634531606,282.59413675096505,158.4695967691771,28,550.0
31,45,50.331343634531606,282.59413675096505,166.29568372569884,28,550.0
32,0,50.331343634531606,291.594136750965,179.6000315517858,28,550.0
32,1,50.331343634531606,291.594136750965,187.42611850830752,28,550.0
32,2,50.331343634531606,291.594136750965,195.25220546482927,28,550.0
32,3,50.331343634531606,291.594136750965,203.07829242135102,28,550.0
32,4,50.331343634531606,291.594136750965,210.90437937787277,28,550.0
32,5,50.331343634531606,291.594136750965,218.7304663343945,28,550.0
32,6,50.331343634531606,291.594136750965,226.55655329091624,28,550.0
32,7,50.331343634531606,291.594136750965,234.38264024743796,28,550.0
32,8,50.331343634531606,291.594136750965,242.20872720395968,28,550.0
32,9,50.331343634531606,291.594136750965,250.03481416048146,28,550.0
32,10,50.331343634531606,291.594136750965,257.8609011170032,28,550.0
32,11,50.331343634531606,291.594136750965,265.6869880735249,28,550.0
32,12,50.331343634531606,291.594136750965,273.5130750300467,28,550.0
32,13,50.331343634531606,291.594136750965,281.3391619865684,28,550.0
32,14,50.331343634531606,291.594136750965,289.16524894309015,28,550.0
32,15,50.331343634531606,291.594136750965,296.9913358996119,28,550.0
32,16,50.331343634531606,291.594136750965,304.81742285613365,28,550.0
32,17,50.331343634531606,291.594136750965,312.6435098126554,28,550.0
32,18,50.331343634531606,291.594136750965,320.4695967691771,28,550.0
32,19,50.331343634531606,291.594136750965,328.29568372569884,28,550.0
32,20,50.331343634531606,291.594136750965,336.12177068222064,28,550.0
32,21,50.331343634531606,291.594136750965,343.94785763874233,28,550.0
32,22,50.331343634531606,291.594136750965,351.773944595264,28,550.0
32,23,50.331343634531606,291.594136750965,359.6000315517858,28,550.0
32,24,50.331343634531606,291.594136750965,7.426118508307582,28,550.0
32,25,50.331343634531606,291.594136750965,15.25220546482933,28,550.0
32,26,50.331343634531606,291.594136750965,23.078292421351023,28,550.0
32,27,50.331343634531606,291.594136750965,30.904379377872715,28,550.0
32,28,50.331343634531606,291.594136750965,38.73046633439452,28,550.0
32,29,50.331343634531606,291.594136750965,46.55655329091627,28,550.0
32,30,50.331343634531606,291.594136750965,54.38264024743802,28,550.0
32,31,50.331343634531606,291.594136750965,62.20872720395971,28,550.0
32,32,50.331343634531606,291.594136750965,70.03481416048146,28,550.0
32,33,50.331343634531606,291.594136750965,77.86090111700321,28,550.0
32,34,50.331343634531606,291.594136750965,85.68698807352496,28,550.0
32,35,50.331343634531606,291.594136750965,93.5130750300467,28,550.0
32,36,50.331343634531606,291.594136750965,101.3391619865684,28,550.0
32,37,50.331343634531606,291.594136750965,109.16524894309015,28,550.0
32,38,50.331343634531606,291.594136750965,116.9913358996119,28,550.0
32,39,50.331343634531606,291.594136750965,124.81742285613365,28,550.0
32,40,50.331343634531606,291.594136750965,132.64350981265545,28,550.0
32,41,50.331343634531606,291.594136750965,140.4695967691771,28,550.0
32,42,50.331343634531606,291.594136750965,148.29568372569884,28,550.0
32,43,50.331343634531606,291.594136750965,156.12177068222059,28,550.0
32,44,50.331343634531606,291.594136750965,163.94785763874222,28,550.0
32,45,50.331343634531606,291.594136750965,171.77394459526408,28,550.0
33,0,50.331343634531606,300.59413675096505,185.078292421351,28,550.0
33,1,50.331343634531606,300.59413675096505,192.90437937787274,28,550.0
33,2,50.331343634531606,300.59413675096505,200.7304663343945,28,550.0
33,3,50.331343634531606,300.59413675096505,208.55655329091624,28,550.0
33,4,50.331343634531606,300.59413675096505,216.38264024743796,28,550.0
33,5,50.331343634531606,300.59413675096505,224.2087272039597,28,550.0
33,6,50.331343634531606,300.59413675096505,232.03481416048146,28,550.0
33,7,50.331343634531606,300.59413675096505,239.8609011170032,28,550.0
33,8,50.331343634531606,300.59413675096505,247.68698807352493,28,550.0
33,9,50.331343634531606,300.59413675096505,255.51307503004662,28,550.0
33,10,50.331343634531606,300.59413675096505,263.3391619865684,28,550.0
33,11,50.331343634531606,300.59413675096505,271.16524894309015,28,550.0
33,12,50.331343634531606,300.59413675096505,278.9913358996119,28,550.0
33,13,50.331343634531606,300.59413675096505,286.81742285613365,28,550.0
33,14,50.331343634531606,300.59413675096505,294.64350981265534,28,550.0
33,15,50.331343634531606,300.59413675096505,302.4695967691771,28,550.0
33,16,50.331343634531606,300.59413675096505,310.29568372569884,28,550.0
33,17,50.331343634531606,300.59413675096505,318.12177068222064,28,550.0
33,18,50.331343634531606,300.59413675096505,325.9478576387423,28,550.0
33,19,50.331343634531606,300.59413675096505,333.773944595264,28,550.0
33,20,50.331343634531606,300.59413675096505,341.6000315517858,28,550.0
33,21,50.331343634531606,300.59413675096505,349.4261185083076,28,550.0
33,22,50.331343634531606,300.59413675096505,357.2522054648292,28,550.0
33,23,50.331343634531606,300.59413675096505,5.078292421350966,28,550.0
33,24,50.331343634531606,300.59413675096505,12.904379377872715,28,550.0
33,25,50.331343634531606,300.59413675096505,20.73046633439452,28,550.0
33,26,50.331343634531606,300.59413675096505,28.55655329091627,28,550.0
33,27,50.331343634531606,300.59413675096505,36.382640247437905,28,550.0
33,28,50.331343634531606,300.59413675096505,44.20872720395971,28,550.0
33,29,50.331343634531606,300.59413675096505,52.03481416048146,28,550.0
33,30,50.331343634531606,300.59413675096505,59.86090111700321,28,550.0
33,31,50.331343634531606,300.59413675096505,67.6869880735249,28,550.0
33,32,50.331343634531606,300.59413675096505,75.5130750300467,28,550.0
33,33,50.331343634531606,300.59413675096505,83.33916198656846,28,550.0
33,34,50.331343634531606,300.59413675096505,91.1652489430902,28,550.0
33,35,50.331343634531606,300.59413675096505,98.9913358996119,28,550.0
33,36,50.331343634531606,300.59413675096505,106.81742285613365,28,550.0
33,37,50.331343634531606,300.59413675096505,114.64350981265534,28,550.0
33,38,50.331343634531606,300.59413675096505,122.46959676917709,28,550.0
33,39,50.331343634531606,300.59413675096505,130.29568372569884,28,550.0
33,40,50.331343634531606,300.59413675096505,138.12177068222064,28,550.0
33,41,50.331343634531606,300.59413675096505,145.9478576387424,28,550.0
33,42,50.331343634531606,300.59413675096505,153.77394459526408,28,550.0
33,43,50.331343634531606,300.59413675096505,161.60003155178583,28,550.0
33,44,50.331343634531606,300.59413675096505,169.42611850830758,28,550.0
33,45,50.331343634531606,300.59413675096505,177.25220546482933,28,550.0
34,0,50.331343634531606,309.594136750965,190.5565532909162,28,550.0
34,1,50.331343634531606,309.594136750965,198.38264024743796,28,550.0
34,2,50.331343634531606,309.594136750965,206.20872720395968,28,550.0
34,3,50.331343634531606,309.594136750965,214.03481416048146,28,550.0
34,4,50.331343634531606,309.594136750965,221.86090111700318,28,550.0
34,5,50.331343634531606,309.594136750965,229.68698807352493,28,550.0
34,6,50.331343634531606,309.594136750965,237.51307503004662,28,550.0
34,7,50.331343634531606,309.594136750965,245.3391619865684,28,550.0
34,8,50.331343634531606,309.594136750965,253.16524894309015,28,550.0
34,9,50.331343634531606,309.594136750965,260.99133589961184,28,550.0
34,10,50.331343634531606,309.594136750965,268.81742285613365,28,550.0
34,11,50.331343634531606,309.594136750965,276.64350981265534,28,550.0
34,12,50.331343634531606,309.594136750965,284.4695967691771,28,550.0
34,13,50.331343634531606,309.594136750965,292.29568372569884,28,550.0
34,14,50.331343634531606,309.594136750965,300.1217706822206,28,550.0
34,15,50.331343634531606,309.594136750965,307.9478576387423,28,550.0
34,16,50.331343634531606,309.594136750965,315.773944595264,28,550.0
34,17,50.331343634531606,309.594136750965,323.6000315517858,28,550.0
34,18,50.331343634531606,309.594136750965,331.4261185083075,28,550.0
34,19,50.331343634531606,309.594136750965,339.2522054648292,28,550.0
34,20,50.331343634531606,309.594136750965,347.07829242135097,28,550.0
34,21,50.331343634531606,309.594136750965,354.9043793778727,28,550.0
34,22,50.331343634531606,309.594136750965,2.730466334394464,28,550.0
34,23,50.331343634531606,309.594136750965,10.556553290916213,28,550.0
34,24,50.331343634531606,309.594136750965,18.382640247437905,28,550.0
34,25,50.331343634531606,309.594136750965,26.20872720395971,28,550.0
34,26,50.331343634531606,309.594136750965,34.03481416048146,28,550.0
34,27,50.331343634531606,309.594136750965,41.86090111700315,28,550.0
34,28,50.331343634531606,309.594136750965,49.6869880735249,28,550.0
34,29,50.331343634531606,309.594136750965,57.51307503004665,28,550.0
34,30,50.331343634531606,309.594136750965,65.3391619865684,28,550.0
34,31,50.331343634531606,309.594136750965,73.16524894309015,28,550.0
34,32,50.331343634531606,309.594136750965,80.9913358996119,28,550.0
34,33,50.331343634531606,309.594136750965,88.81742285613365,28,550.0
34,34,50.331343634531606,309.594136750965,96.64350981265545,28,550.0
34,35,50.331343634531606,309.594136750965,104.46959676917709,28,550.0
34,36,50.331343634531606,309.594136750965,112.29568372569884,28,550.0
34,37,50.331343634531606,309.594136750965,120.12177068222064,28,550.0
34,38,50.331343634531606,309.594136750965,127.94785763874228,28,550.0
34,39,50.331343634531606,309.594136750965,135.77394459526403,28,550.0
34,40,50.331343634531606,309.594136750965,143.60003155178578,28,550.0
34,41,50.331343634531606,309.594136750965,151.42611850830758,28,550.0
34,42,50.331343634531606,309.594136750965,159.25220546482933,28,550.0
34,43,50.331343634531606,309.594136750965,167.07829242135097,28,550.0
34,44,50.331343634531606,309.594136750965,174.90437937787271,28,550.0
34,45,50.331343634531606,309.594136750965,182.73046633439446,28,550.0
35,0,50.331343634531606,318.59413675096505,196.03481416048146,28,550.0
35,1,50.331343634531606,318.59413675096505,203.86090111700318,28,550.0
35,2,50.331343634531606,318.59413675096505,211.68698807352493,28,550.0
35,3,50.331343634531606,318.59413675096505,219.51307503004668,28,550.0
35,4,50.331343634531606,318.59413675096505,227.33916198656843,28,550.0
35,5,50.331343634531606,318.59413675096505,235.16524894309015,28,550.0
35,6,50.331343634531606,318.59413675096505,242.99133589961193,28,550.0
35,7,50.331343634531606,318.59413675096505,250.81742285613362,28,550.0
35,8,50.331343634531606,318.59413675096505,258.64350981265534,28,550.0
35,9,50.331343634531606,318.59413675096505,266.4695967691771,28,550.0
35,10,50.331343634531606,318.59413675096505,274.29568372569884,28,550.0
35,11,50.331343634531606,318.59413675096505,282.1217706822206,28,550.0
35,12,50.331343634531606,318.59413675096505,289.94785763874233,28,550.0
35,13,50.331343634531606,318.59413675096505,297.773944595264,28,550.0
35,14,50.331343634531606,318.59413675096505,305.6000315517858,28,550.0
35,15,50.331343634531606,318.59413675096505,313.4261185083076,28,550.0
35,16,50.331343634531606,318.59413675096505,321.2522054648293,28,550.0
35,17,50.331343634531606,318.59413675096505,329.078292421351,28,550.0
35,18,50.331343634531606,318.59413675096505,336.9043793778727,28,550.0
35,19,50.331343634531606,318.59413675096505,344.7304663343945,28,550.0
35,20,50.331343634531606,318.59413675096505,352.55655329091627,28,550.0
35,21,50.331343634531606,318.59413675096505,0.382640247437962,28,550.0
35,22,50.331343634531606,318.59413675096505,8.208727203959711,28,550.0
35,23,50.331343634531606,318.59413675096505,16.03481416048146,28,550.0
35,24,50.331343634531606,318.59413675096505,23.86090111700321,28,550.0
35,25,50.331343634531606,318.59413675096505,31.686988073524958,28,550.0
35,26,50.331343634531606,318.59413675096505,39.51307503004671,28,550.0
35,27,50.331343634531606,318.59413675096505,47.3391619865684,28,550.0
35,28,50.331343634531606,318.59413675096505,55.16524894309015,28,550.0
35,29,50.331343634531606,318.59413675096505,62.9913358996119,28,550.0
35,30,50.331343634531606,318.59413675096505,70.81742285613365,28,550.0
35,31,50.331343634531606,318.59413675096505,78.64350981265534,28,550.0
35,32,50.331343634531606,318.59413675096505,86.46959676917709,28,550.0
35,33,50.331343634531606,318.59413675096505,94.29568372569884,28,550.0
35,34,50.331343634531606,318.59413675096505,102.12177068222064,28,550.0
35,35,50.331343634531606,318.59413675096505,109.94785763874239,28,550.0
35,36,50.331343634531606,318.59413675096505,117.77394459526403,28,550.0
35,37,50.331343634531606,318.59413675096505,125.60003155178578,28,550.0
35,38,50.331343634531606,318.59413675096505,133.42611850830758,28,550.0
35,39,50.331343634531606,318.59413675096505,141.25220546482933,28,550.0
35,40,50.331343634531606,318.59413675096505,149.07829242135108,28,550.0
35,41,50.331343634531606,318.59413675096505,156.90437937787271,28,550.0
35,42,50.331343634531606,318.59413675096505,164.73046633439446,28,550.0
35,43,50.331343634531606,318.59413675096505,172.5565532909162,28,550.0
35,44,50.331343634531606,318.59413675096505,180.38264024743796,28,550.0
35,45,50.331343634531606,318.59413675096505,188.20872720395982,28,550.0
36,0,50.331343634531606,327.594136750965,201.51307503004668,28,550.0
36,1,50.331343634531606,327.594136750965,209.33916198656843,28,550.0
36,2,50.331343634531606,327.594136750965,217.16524894309015,28,550.0
36,3,50.331343634531606,327.594136750965,224.99133589961193,28,550.0
36,4,50.331343634531606,327.594136750965,232.81742285613362,28,550.0
36,5,50.331343634531606,327.594136750965,240.6435098126554,28,550.0
36,6,50.331343634531606,327.594136750965,248.4695967691771,28,550.0
36,7,50.331343634531606,327.594136750965,256.29568372569884,28,550.0
36,8,50.331343634531606,327.594136750965,264.12177068222064,28,550.0
36,9,50.331343634531606,327.594136750965,271.94785763874233,28,550.0
36,10,50.331343634531606,327.594136750965,279.7739445952641,28,550.0
36,11,50.331343634531606,327.594136750965,287.6000315517858,28,550.0
36,12,50.331343634531606,327.594136750965,295.4261185083076,28,550.0
36,13,50.331343634531606,327.594136750965,303.25220546482933,28,550.0
36,14,50.331343634531606,327.594136750965,311.078292421351,28,550.0
36,15,50.331343634531606,327.594136750965,318.9043793778727,28,550.0
36,16,50.331343634531606,327.594136750965,326.7304663343945,28,550.0
36,17,50.331343634531606,327.594136750965,334.55655329091627,28,550.0
36,18,50.331343634531606,327.594136750965,342.38264024743796,28,550.0
36,19,50.331343634531606,327.594136750965,350.2087272039597,28,550.0
36,20,50.331343634531606,327.594136750965,358.03481416048146,28,550.0
36,21,50.331343634531606,327.594136750965,5.860901117003209,28,550.0
36,22,50.331343634531606,327.594136750965,13.686988073524901,28,550.0
36,23,50.331343634531606,327.594136750965,21.513075030046707,28,550.0
36,24,50.331343634531606,327.594136750965,29.3391619865684,28,550.0
36,25,50.331343634531606,327.594136750965,37.16524894309015,28,550.0
36,26,50.331343634531606,327.594136750965,44.9913358996119,28,550.0
36,27,50.331343634531606,327.594136750965,52.817422856133646,28,550.0
36,28,50.331343634531606,327.594136750965,60.643509812655395,28,550.0
36,29,50.331343634531606,327.594136750965,68.46959676917709,28,550.0
36,30,50.331343634531606,327.594136750965,76.29568372569884,28,550.0
36,31,50.331343634531606,327.594136750965,84.12177068222064,28,550.0
36,32,50.331343634531606,327.594136750965,91.94785763874239,28,550.0
36,33,50.331343634531606,327.594136750965,99.77394459526414,28,550.0
36,34,50.331343634531606,327.594136750965,107.60003155178589,28,550.0
36,35,50.331343634531606,327.594136750965,115.42611850830758,28,550.0
36,36,50.331343634531606,327.594136750965,123.25220546482933,28,550.0
36,37,50.331343634531606,327.594136750965,131.07829242135108,28,550.0
36,38,50.331343634531606,327.594136750965,138.90437937787271,28,550.0
36,39,50.331343634531606,327.594136750965,146.73046633439452,28,550.0
36,40,50.331343634531606,327.594136750965,154.5565532909162,28,550.0
36,41,50.331343634531606,327.594136750965,162.38264024743808,28,550.0
36,42,50.331343634531606,327.594136750965,170.20872720395982,28,550.0
36,43,50.331343634531606,327.594136750965,178.03481416048146,28,550.0
36,44,50.331343634531606,327.594136750965,185.8609011170032,28,550.0
36,45,50.331343634531606,327.594136750965,193.68698807352496,28,550.0
37,0,50.331343634531606,336.59413675096505,206.99133589961187,28,550.0
37,1,50.331343634531606,336.59413675096505,214.8174228561336,28,550.0
37,2,50.331343634531606,336.59413675096505,222.64350981265534,28,550.0
37,3,50.331343634531606,336.59413675096505,230.4695967691771,28,550.0
37,4,50.331343634531606,336.59413675096505,238.2956837256988,28,550.0
37,5,50.331343634531606,336.59413675096505,246.12177068222056,28,550.0
37,6,50.331343634531606,336.59413675096505,253.94785763874228,28,550.0
37,7,50.331343634531606,336.59413675096505,261.773944595264,28,550.0
37,8,50.331343634531606,336.59413675096505,269.6000315517858,28,550.0
37,9,50.331343634531606,336.59413675096505,277.4261185083075,28,550.0
37,10,50.331343634531606,336.59413675096505,285.2522054648293,28,550.0
37,11,50.331343634531606,336.59413675096505,293.07829242135097,28,550.0
37,12,50.331343634531606,336.59413675096505,300.9043793778727,28,550.0
37,13,50.331343634531606,336.59413675096505,308.7304663343945,28,550.0
37,14,50.331343634531606,336.59413675096505,316.5565532909162,28,550.0
37,15,50.331343634531606,336.59413675096505,324.3826402474379,28,550.0
37,16,50.331343634531606,336.59413675096505,332.2087272039597,28,550.0
37,17,50.331343634531606,336.59413675096505,340.03481416048146,28,550.0
37,18,50.331343634531606,336.59413675096505,347.86090111700315,28,550.0
37,19,50.331343634531606,336.59413675096505,355.68698807352484,28,550.0
37,20,50.331343634531606,336.59413675096505,3.5130750300466502,28,550.0
37,21,50.331343634531606,336.59413675096505,11.3391619865684,28,550.0
37,22,50.331343634531606,336.59413675096505,19.16524894309009,28,550.0
37,23,50.331343634531606,336.59413675096505,26.99133589961184,28,550.0
37,24,50.331343634531606,336.59413675096505,34.81742285613359,28,550.0
37,25,50.331343634531606,336.59413675096505,42.64350981265534,28,550.0
37,26,50.331343634531606,336.59413675096505,50.46959676917709,28,550.0
37,27,50.331343634531606,336.59413675096505,58.29568372569878,28,550.0
37,28,50.331343634531606,336.59413675096505,66.12177068222059,28,550.0
37,29,50.331343634531606,336.59413675096505,73.94785763874228,28,550.0
37,30,50.331343634531606,336.59413675096505,81.77394459526403,28,550.0
37,31,50.331343634531606,336.59413675096505,89.60003155178578,28,550.0
37,32,50.331343634531606,336.59413675096505,97.42611850830758,28,550.0
37,33,50.331343634531606,336.59413675096505,105.25220546482933,28,550.0
37,34,50.331343634531606,336.59413675096505,113.07829242135108,28,550.0
37,35,50.331343634531606,336.59413675096505,120.90437937787271,28,550.0
37,36,50.331343634531606,336.59413675096505,128.73046633439452,28,550.0
37,37,50.331343634531606,336.59413675096505,136.55655329091627,28,550.0
37,38,50.331343634531606,336.59413675096505,144.3826402474379,28,550.0
37,39,50.331343634531606,336.59413675096505,152.2087272039597,28,550.0
37,40,50.331343634531606,336.59413675096505,160.03481416048146,28,550.0
37,41,50.331343634531606,336.59413675096505,167.8609011170032,28,550.0
37,42,50.331343634531606,336.59413675096505,175.68698807352496,28,550.0
37,43,50.331343634531606,336.59413675096505,183.5130750300466,28,550.0
37,44,50.331343634531606,336.59413675096505,191.33916198656834,28,550.0
37,45,50.331343634531606,336.59413675096505,199.1652489430902,28,550.0
38,0,50.331343634531606,345.594136750965,212.4695967691771,28,550.0
38,1,50.331343634531606,345.594136750965,220.29568372569884,28,550.0
38,2,50.331343634531606,345.594136750965,228.12177068222056,28,550.0
38,3,50.331343634531606,345.594136750965,235.94785763874233,28,550.0
38,4,50.331343634531606,345.594136750965,243.77394459526403,28,550.0
38,5,50.331343634531606,345.594136750965,251.6000315517858,28,550.0
38,6,50.331343634531606,345.594136750965,259.4261185083076,28,550.0
38,7,50.331343634531606,345.594136750965,267.2522054648293,28,550.0
38,8,50.331343634531606,345.594136750965,275.07829242135097,28,550.0
38,9,50.331343634531606,345.594136750965,282.9043793778727,28,550.0
38,10,50.331343634531606,345.594136750965,290.7304663343945,28,550.0
38,11,50.331343634531606,345.594136750965,298.5565532909162,28,550.0
38,12,50.331343634531606,345.594136750965,306.38264024743796,28,550.0
38,13,50.331343634531606,345.594136750965,314.2087272039597,28,550.0
38,14,50.331343634531606,345.594136750965,322.03481416048146,28,550.0
38,15,50.331343634531606,345.594136750965,329.8609011170032,28,550.0
38,16,50.331343634531606,345.594136750965,337.6869880735249,28,550.0
38,17,50.331343634531606,345.594136750965,345.5130750300467,28,550.0
38,18,50.331343634531606,345.594136750965,353.3391619865684,28,550.0
38,19,50.331343634531606,345.594136750965,1.1652489430901483,28,550.0
38,20,50.331343634531606,345.594136750965,8.991335899611897,28,550.0
38,21,50.331343634531606,345.594136750965,16.817422856133646,28,550.0
38,22,50.331343634531606,345.594136750965,24.64350981265534,28,550.0
38,23,50.331343634531606,345.594136750965,32.46959676917709,28,550.0
38,24,50.331343634531606,345.594136750965,40.29568372569884,28,550.0
38,25,50.331343634531606,345.594136750965,48.12177068222064,28,550.0
38,26,50.331343634531606,345.594136750965,55.947857638742335,28,550.0
38,27,50.331343634531606,345.594136750965,63.77394459526403,28,550.0
38,28,50.331343634531606,345.594136750965,71.60003155178578,28,550.0
38,29,50.331343634531606,345.594136750965,79.42611850830758,28,550.0
38,30,50.331343634531606,345.594136750965,87.25220546482933,28,550.0
38,31,50.331343634531606,345.594136750965,95.07829242135097,28,550.0
38,32,50.331343634531606,345.594136750965,102.90437937787271,28,550.0
38,33,50.331343634531606,345.594136750965,110.73046633439452,28,550.0
38,34,50.331343634531606,345.594136750965,118.55655329091627,28,550.0
38,35,50.331343634531606,345.594136750965,126.38264024743802,28,550.0
38,36,50.331343634531606,345.594136750965,134.2087272039597,28,550.0
38,37,50.331343634531606,345.594136750965,142.03481416048146,28,550.0
38,38,50.331343634531606,345.594136750965,149.8609011170032,28,550.0
38,39,50.331343634531606,345.594136750965,157.68698807352496,28,550.0
38,40,50.331343634531606,345.594136750965,165.5130750300467,28,550.0
38,41,50.331343634531606,345.594136750965,173.33916198656834,28,550.0
38,42,50.331343634531606,345.594136750965,181.1652489430902,28,550.0
38,43,50.331343634531606,345.594136750965,188.99133589961195,28,550.0
38,44,50.331343634531606,345.594136750965,196.8174228561336,28,550.0
38,45,50.331343634531606,345.594136750965,204.64350981265545,28,550.0
39,0,50.331343634531606,354.59413675096505,217.94785763874233,28,550.0
39,1,50.331343634531606,354.59413675096505,225.77394459526406,28,550.0
39,2,50.331343634531606,354.59413675096505,233.6000315517858,28,550.0
39,3,50.331343634531606,354.59413675096505,241.42611850830755,28,550.0
39,4,50.331343634531606,354.59413675096505,249.25220546482927,28,550.0
39,5,50.331343634531606,354.59413675096505,257.078292421351,28,550.0
39,6,50.331343634531606,354.59413675096505,264.9043793778727,28,550.0
39,7,50.331343634531606,354.59413675096505,272.7304663343945,28,550.0
39,8,50.331343634531606,354.59413675096505,280.55655329091627,28,550.0
39,9,50.331343634531606,354.59413675096505,288.38264024743796,28,550.0
39,10,50.331343634531606,354.59413675096505,296.2087272039597,28,550.0
39,11,50.331343634531606,354.59413675096505,304.03481416048146,28,550.0
39,12,50.331343634531606,354.59413675096505,311.8609011170032,28,550.0
39,13,50.331343634531606,354.59413675096505,319.68698807352496,28,550.0
39,14,50.331343634531606,354.59413675096505,327.5130750300467,28,550.0
39,15,50.331343634531606,354.59413675096505,335.3391619865684,28,550.0
39,16,50.331343634531606,354.59413675096505,343.16524894309015,28,550.0
39,17,50.331343634531606,354.59413675096505,350.9913358996119,28,550.0
39,18,50.331343634531606,354.59413675096505,358.81742285613365,28,550.0
39,19,50.331343634531606,354.59413675096505,6.6435098126553385,28,550.0
39,20,50.331343634531606,354.59413675096505,14.469596769177087,28,550.0
39,21,50.331343634531606,354.59413675096505,22.295683725698836,28,550.0
39,22,50.331343634531606,354.59413675096505,30.121770682220586,28,550.0
39,23,50.331343634531606,354.59413675096505,37.947857638742335,28,550.0
39,24,50.331343634531606,354.59413675096505,45.77394459526403,28,550.0
39,25,50.331343634531606,354.59413675096505,53.600031551785776,28,550.0
39,26,50.331343634531606,354.59413675096505,61.42611850830758,28,550.0
39,27,50.331343634531606,354.59413675096505,69.25220546482927,28,550.0
39,28,50.331343634531606,354.59413675096505,77.07829242135102,28,550.0
39,29,50.331343634531606,354.59413675096505,84.90437937787271,28,550.0
39,30,50.331343634531606,354.59413675096505,92.73046633439452,28,550.0
39,31,50.331343634531606,354.59413675096505,100.55655329091627,28,550.0
39,32,50.331343634531606,354.59413675096505,108.38264024743802,28,550.0
39,33,50.331343634531606,354.59413675096505,116.20872720395977,28,550.0
39,34,50.331343634531606,354.59413675096505,124.03481416048157,28,550.0
39,35,50.331343634531606,354.59413675096505,131.8609011170032,28,550.0
39,36,50.331343634531606,354.59413675096505,139.68698807352496,28,550.0
39,37,50.331343634531606,354.59413675096505,147.5130750300467,28,550.0
39,38,50.331343634531606,354.59413675096505,155.33916198656834,28,550.0
39,39,50.331343634531606,354.59413675096505,163.1652489430902,28,550.0
39,40,50.331343634531606,354.59413675096505,170.99133589961195,28,550.0
39,41,50.331343634531606,354.59413675096505,178.8174228561337,28,550.0
39,42,50.331343634531606,354.59413675096505,186.64350981265545,28,550.0
39,43,50.331343634531606,354.59413675096505,194.4695967691771,28,550.0
39,44,50.331343634531606,354.59413675096505,202.29568372569884,28,550.0
39,45,50.331343634531606,354.59413675096505,210.12177068222059,28,550.0
