latitude_deg,longitude_deg,area_weight,availability1,availability2,mean_multiplicity,max_gap_time_min,max_double_gap_time_min
4.0,73.0,0.0003586800573888092,1.0,0.8722222222222222,1.9333333333333333,0.0,4.0
4.0,73.991669423385,0.0003586800573888092,1.0,0.8722222222222222,1.9430555555555555,0.0,4.0
4.0,74.98333884677,0.0003586800573888092,1.0,0.8722222222222222,1.9444444444444444,0.0,6.0
4.0,75.975008270154,0.0003586800573888092,1.0,0.8611111111111112,1.9388888888888889,0.0,4.0
4.0,76.966677693539,0.0003586800573888092,1.0,0.8652777777777778,1.9388888888888889,0.0,6.0
4.0,77.958347116924,0.0003586800573888092,1.0,0.8486111111111111,1.9166666666666667,0.0,6.0
4.0,78.950016540309,0.0003586800573888092,1.0,0.8444444444444444,1.9097222222222223,0.0,4.0
4.0,79.941685963694,0.0003586800573888092,1.0,0.8375,1.9097222222222223,0.0,6.0
4.0,80.933355387079,0.0003586800573888092,1.0,0.8291666666666667,1.9,0.0,6.0
4.0,81.925024810464,0.0003586800573888092,1.0,0.8263888888888888,1.9041666666666666,0.0,6.0
4.0,82.916694233848,0.0003586800573888092,1.0,0.8305555555555556,1.9,0.0,4.0
4.0,83.908363657233,0.0003586800573888092,1.0,0.8236111111111111,1.8930555555555555,0.0,6.0
4.0,84.900033080618,0.0003586800573888092,1.0,0.8222222222222222,1.8958333333333333,0.0,6.0
4.0,85.891702504003,0.0003586800573888092,1.0,0.8291666666666667,1.9027777777777777,0.0,6.0
4.0,86.883371927388,0.0003586800573888092,1.0,0.8291666666666667,1.9041666666666666,0.0,6.0
4.0,87.875041350773,0.0003586800573888092,1.0,0.8347222222222223,1.9111111111111112,0.0,6.0
4.0,88.866710774157,0.0003586800573888092,1.0,0.8416666666666667,1.9180555555555556,0.0,6.0
4.0,89.858380197542,0.0003586800573888092,1.0,0.8527777777777777,1.9222222222222223,0.0,6.0
4.0,90.850049620927,0.0003586800573888092,1.0,0.8555555555555555,1.926388888888889,0.0,4.0
4.0,91.841719044312,0.0003586800573888092,1.0,0.8625,1.9375,0.0,6.0
4.0,92.833388467697,0.0003586800573888092,1.0,0.8652777777777778,1.9347222222222222,0.0,4.0
4.0,93.825057891082,0.0003586800573888092,1.0,0.875,1.9416666666666667,0.0,4.0
4.0,94.816727314466,0.0003586800573888092,1.0,0.8708333333333333,1.9388888888888889,0.0,4.0
4.0,95.808396737851,0.0003586800573888092,1.0,0.8722222222222222,1.9430555555555555,0.0,4.0
4.0,96.800066161236,0.0003586800573888092,1.0,0.8680555555555556,1.9361111111111111,0.0,6.0
4.0,97.791735584621,0.0003586800573888092,1.0,0.8527777777777777,1.9208333333333334,0.0,4.0
4.0,98.783405008006,0.0003586800573888092,1.0,0.8597222222222223,1.9319444444444445,0.0,6.0
4.0,99.775074431391,0.0003586800573888092,1.0,0.8486111111111111,1.9222222222222223,0.0,6.0
4.0,100.766743854775,0.0003586800573888092,1.0,0.8458333333333333,1.9208333333333334,0.0,6.0
4.0,101.75841327816,0.0003586800573888092,1.0,0.8319444444444445,1.898611111111111,0.0,4.0
4.0,102.750082701545,0.0003586800573888092,1.0,0.8305555555555556,1.9055555555555554,0.0,6.0
4.0,103.74175212493,0.0003586800573888092,1.0,0.8263888888888888,1.8972222222222221,0.0,6.0
4.0,104.733421548315,0.0003586800573888092,1.0,0.8222222222222222,1.8958333333333333,0.0,4.0
4.0,105.7250909717,0.0003586800573888092,1.0,0.8291666666666667,1.9027777777777777,0.0,4.0
4.0,106.716760395084,0.0003586800573888092,1.0,0.825,1.9055555555555554,0.0,6.0
4.0,107.708429818469,0.0003586800573888092,1.0,0.8208333333333333,1.8916666666666666,0.0,6.0
4.0,108.700099241854,0.0003586800573888092,1.0,0.8333333333333334,1.9097222222222223,0.0,6.0
4.0,109.691768665239,0.0003586800573888092,1.0,0.8416666666666667,1.9083333333333334,0.0,4.0
4.0,110.683438088624,0.0003586800573888092,1.0,0.8458333333333333,1.9208333333333334,0.0,6.0
4.0,111.675107512009,0.0003586800573888092,1.0,0.8597222222222223,1.9333333333333333,0.0,6.0
4.0,112.666776935393,0.0003586800573888092,1.0,0.8597222222222223,1.9333333333333333,0.0,4.0
4.0,113.658446358778,0.0003586800573888092,1.0,0.8625,1.9388888888888889,0.0,6.0
4.0,114.650115782163,0.0003586800573888092,1.0,0.8722222222222222,1.9375,0.0,4.0
4.0,115.641785205548,0.0003586800573888092,1.0,0.8777777777777778,1.9444444444444444,0.0,4.0
4.0,116.633454628933,0.0003586800573888092,1.0,0.8694444444444445,1.9361111111111111,0.0,4.0
4.0,117.625124052318,0.0003586800573888092,1.0,0.8652777777777778,1.9402777777777778,0.0,4.0
4.0,118.616793475702,0.0003586800573888092,1.0,0.8611111111111112,1.9319444444444445,0.0,4.0
4.0,119.608462899087,0.0003586800573888092,1.0,0.8611111111111112,1.9375,0.0,6.0
4.0,120.600132322472,0.0003586800573888092,1.0,0.8486111111111111,1.9236111111111112,0.0,6.0
4.0,121.591801745857,0.0003586800573888092,1.0,0.8402777777777778,1.9083333333333334,0.0,6.0
4.0,122.583471169242,0.0003586800573888092,1.0,0.8416666666666667,1.9180555555555556,0.0,4.0
4.0,123.575140592627,0.0003586800573888092,1.0,0.825,1.898611111111111,0.0,6.0
4.0,124.566810016011,0.0003586800573888092,1.0,0.8319444444444445,1.913888888888889,0.0,6.0
4.0,125.558479439396,0.0003586800573888092,1.0,0.8305555555555556,1.9027777777777777,0.0,6.0
4.0,126.550148862781,0.0003586800573888092,1.0,0.8236111111111111,1.8930555555555555,0.0,4.0
4.0,127.541818286166,0.0003586800573888092,1.0,0.8208333333333333,1.8916666666666666,0.0,6.0
4.0,128.533487709551,0.0003586800573888092,1.0,0.8305555555555556,1.9013888888888888,0.0,6.0
4.0,129.525157132936,0.0003586800573888092,1.0,0.825,1.9013888888888888,0.0,6.0
4.0,130.51682655632,0.0003586800573888092,1.0,0.8402777777777778,1.913888888888889,0.0,6.0
4.0,131.508495979705,0.0003586800573888092,1.0,0.8472222222222222,1.925,0.0,4.0
4.0,132.50016540309,0.0003586800573888092,1.0,0.85,1.9236111111111112,0.0,6.0
4.0,133.491834826475,0.0003586800573888092,1.0,0.8555555555555555,1.9319444444444445,0.0,6.0
4.0,134.48350424986,0.0003586800573888092,1.0,0.8638888888888889,1.9305555555555556,0.0,6.0
4.0,135.0,0.0003586800573888092,1.0,0.8263888888888888,1.9027777777777777,0.0,6.0
4.989253766511,73.0,0.0003586800573888092,1.0,0.8361111111111111,1.9527777777777777,0.0,4.0
4.989253766511,73.993016278126,0.0003586800573888092,1.0,0.8347222222222223,1.9444444444444444,0.0,6.0
4.989253766511,74.986032556251,0.0003586800573888092,1.0,0.8375,1.9583333333333333,0.0,4.0
4.989253766511,75.979048834377,0.0003586800573888092,1.0,0.8347222222222223,1.9416666666666667,0.0,6.0
4.989253766511,76.972065112503,0.0003586800573888092,1.0,0.8180555555555555,1.9430555555555555,0.0,6.0
4.989253766511,77.965081390629,0.0003586800573888092,1.0,0.8152777777777778,1.9222222222222223,0.0,4.0
4.989253766511,78.958097668754,0.0003586800573888092,1.0,0.8069444444444445,1.9194444444444445,0.0,6.0
4.989253766511,79.95111394688,0.0003586800573888092,1.0,0.7958333333333333,1.9083333333333334,0.0,6.0
4.989253766511,80.944130225006,0.0003586800573888092,1.0,0.7902777777777777,1.9111111111111112,0.0,6.0
4.989253766511,81.937146503132,0.0003586800573888092,1.0,0.7888888888888889,1.9069444444444446,0.0,6.0
4.989253766511,82.930162781257,0.0003586800573888092,1.0,0.7777777777777778,1.8944444444444444,0.0,6.0
4.989253766511,83.923179059383,0.0003586800573888092,1.0,0.7805555555555556,1.8972222222222221,0.0,6.0
4.989253766511,84.916195337509,0.0003586800573888092,1.0,0.7833333333333333,1.8944444444444444,0.0,6.0
4.989253766511,85.909211615634,0.0003586800573888092,1.0,0.7861111111111111,1.9013888888888888,0.0,6.0
4.989253766511,86.90222789376,0.0003586800573888092,1.0,0.7972222222222223,1.9111111111111112,0.0,6.0
4.989253766511,87.895244171886,0.0003586800573888092,1.0,0.8041666666666667,1.9236111111111112,0.0,6.0
4.989253766511,88.888260450012,0.0003586800573888092,1.0,0.8097222222222222,1.9236111111111112,0.0,4.0
4.989253766511,89.881276728137,0.0003586800573888092,1.0,0.8138888888888889,1.9222222222222223,0.0,4.0
4.989253766511,90.874293006263,0.0003586800573888092,1.0,0.825,1.9361111111111111,0.0,6.0
4.989253766511,91.867309284389,0.0003586800573888092,1.0,0.8291666666666667,1.9444444444444444,0.0,6.0
4.989253766511,92.860325562514,0.0003586800573888092,1.0,0.8319444444444445,1.9416666666666667,0.0,6.0
4.989253766511,93.85334184064,0.0003586800573888092,1.0,0.8375,1.95,0.0,6.0
4.989253766511,94.846358118766,0.0003586800573888092,1.0,0.8416666666666667,1.9541666666666666,0.0,6.0
4.989253766511,95.839374396892,0.0003586800573888092,1.0,0.8347222222222223,1.9458333333333333,0.0,6.0
4.989253766511,96.832390675017,0.0003586800573888092,1.0,0.8305555555555556,1.9472222222222222,0.0,4.0
4.989253766511,97.825406953143,0.0003586800573888092,1.0,0.8194444444444444,1.925,0.0,4.0
4.989253766511,98.818423231269,0.0003586800573888092,1.0,0.8180555555555555,1.9347222222222222,0.0,6.0
4.989253766511,99.811439509394,0.0003586800573888092,1.0,0.8013888888888889,1.9152777777777779,0.0,6.0
4.989253766511,100.80445578752,0.0003586800573888092,1.0,0.7972222222222223,1.9180555555555556,0.0,6.0
4.989253766511,101.797472065646,0.0003586800573888092,1.0,0.7888888888888889,1.898611111111111,0.0,6.0
4.989253766511,102.790488343772,0.0003586800573888092,1.0,0.7847222222222222,1.8916666666666666,0.0,6.0
4.989253766511,103.783504621897,0.0003586800573888092,1.0,0.7763888888888889,1.886111111111111,0.0,6.0
4.989253766511,104.776520900023,0.0003586800573888092,1.0,0.7805555555555556,1.9,0.0,6.0
4.989253766511,105.769537178149,0.0003586800573888092,1.0,0.7791666666666667,1.8972222222222221,0.0,6.0
4.989253766511,106.762553456275,0.0003586800573888092,1.0,0.7902777777777777,1.9097222222222223,0.0,6.0
4.989253766511,107.7555697344,0.0003586800573888092,1.0,0.7958333333333333,1.9055555555555554,0.0,6.0
4.989253766511,108.748586012526,0.0003586800573888092,1.0,0.8013888888888889,1.913888888888889,0.0,6.0
4.989253766511,109.741602290652,0.0003586800573888092,1.0,0.8055555555555556,1.9208333333333334,0.0,6.0
4.989253766511,110.734618568777,0.0003586800573888092,1.0,0.8194444444444444,1.9333333333333333,0.0,6.0
4.989253766511,111.727634846903,0.0003586800573888092,1.0,0.8263888888888888,1.9430555555555555,0.0,4.0
4.989253766511,112.720651125029,0.0003586800573888092,1.0,0.8347222222222223,1.9416666666666667,0.0,4.0
4.989253766511,113.713667403155,0.0003586800573888092,1.0,0.8333333333333334,1.95,0.0,6.0
4.989253766511,114.70668368128,0.0003586800573888092,1.0,0.8319444444444445,1.9333333333333333,0.0,6.0
4.989253766511,115.699699959406,0.0003586800573888092,1.0,0.8333333333333334,1.9527777777777777,0.0,6.0
4.989253766511,116.692716237532,0.0003586800573888092,1.0,0.8319444444444445,1.9305555555555556,0.0,6.0
4.989253766511,117.685732515658,0.0003586800573888092,1.0,0.8319444444444445,1.9472222222222222,0.0,4.0
4.989253766511,118.678748793783,0.0003586800573888092,1.0,0.8208333333333333,1.9319444444444445,0.0,6.0
4.989253766511,119.671765071909,0.0003586800573888092,1.0,0.8083333333333333,1.926388888888889,0.0,6.0
4.989253766511,120.664781350035,0.0003586800573888092,1.0,0.7958333333333333,1.9069444444444446,0.0,6.0
4.989253766511,121.65779762816,0.0003586800573888092,1.0,0.7972222222222223,1.9083333333333334,0.0,6.0
4.989253766511,122.650813906286,0.0003586800573888092,1.0,0.7875,1.9083333333333334,0.0,6.0
4.989253766511,123.643830184412,0.0003586800573888092,1.0,0.775,1.8930555555555555,0.0,6.0
4.989253766511,124.636846462538,0.0003586800573888092,1.0,0.7819444444444444,1.9027777777777777,0.0,6.0
4.989253766511,125.629862740663,0.0003586800573888092,1.0,0.7777777777777778,1.8930555555555555,0.0,6.0
4.989253766511,126.622879018789,0.0003586800573888092,1.0,0.7833333333333333,1.8930555555555555,0.0,6.0
4.989253766511,127.615895296915,0.0003586800573888092,1.0,0.7902777777777777,1.9013888888888888,0.0,6.0
4.989253766511,128.60891157504,0.0003586800573888092,1.0,0.7972222222222223,1.9194444444444445,0.0,6.0
4.989253766511,129.601927853166,0.0003586800573888092,1.0,0.8013888888888889,1.913888888888889,0.0,6.0
4.989253766511,130.594944131292,0.0003586800573888092,1.0,0.8111111111111111,1.9291666666666667,0.0,6.0
4.989253766511,131.587960409418,0.0003586800573888092,1.0,0.825,1.9347222222222222,0.0,4.0
4.989253766511,132.580976687543,0.0003586800573888092,1.0,0.825,1.9416666666666667,0.0,4.0
4.989253766511,133.573992965669,0.0003586800573888092,1.0,0.8333333333333334,1.9472222222222222,0.0,6.0
4.989253766511,134.567009243795,0.0003586800573888092,1.0,0.8388888888888889,1.948611111111111,0.0,6.0
4.989253766511,135.0,0.0003586800573888092,1.0,0.7847222222222222,1.898611111111111,0.0,6.0
5.978507533021,73.0,0.0003586800573888092,1.0,0.8666666666666667,1.9527777777777777,0.0,4.0
5.978507533021,73.994663707083,0.0003586800573888092,1.0,0.8680555555555556,1.9513888888888888,0.0,6.0
5.978507533021,74.989327414166,0.0003586800573888092,1.0,0.8611111111111112,1.9416666666666667,0.0,6.0
5.978507533021,75.983991121249,0.0003586800573888092,1.0,0.8541666666666666,1.9388888888888889,0.0,6.0
5.978507533021,76.978654828332,0.0003586800573888092,1.0,0.8541666666666666,1.9416666666666667,0.0,4.0
5.978507533021,77.973318535414,0.0003586800573888092,1.0,0.85,1.9388888888888889,0.0,6.0
5.978507533021,78.967982242497,0.0003586800573888092,1.0,0.8361111111111111,1.9194444444444445,0.0,6.0
5.978507533021,79.96264594958,0.0003586800573888092,1.0,0.8319444444444445,1.9152777777777779,0.0,6.0
5.978507533021,80.957309656663,0.0003586800573888092,1.0,0.8277777777777777,1.9166666666666667,0.0,6.0
5.978507533021,81.951973363746,0.0003586800573888092,1.0,0.8208333333333333,1.9097222222222223,0.0,6.0
5.978507533021,82.946637070829,0.0003586800573888092,1.0,0.8194444444444444,1.9013888888888888,0.0,6.0
5.978507533021,83.941300777912,0.0003586800573888092,1.0,0.8263888888888888,1.9055555555555554,0.0,4.0
5.978507533021,84.935964484995,0.0003586800573888092,1.0,0.8208333333333333,1.9027777777777777,0.0,6.0
5.978507533021,85.930628192077,0.0003586800573888092,1.0,0.825,1.9111111111111112,0.0,6.0
5.978507533021,86.92529189916,0.0003586800573888092,1.0,0.8319444444444445,1.9194444444444445,0.0,6.0
5.978507533021,87.919955606243,0.0003586800573888092,1.0,0.8416666666666667,1.9333333333333333,0.0,6.0
5.978507533021,88.914619313326,0.0003586800573888092,1.0,0.85,1.9319444444444445,0.0,4.0
5.978507533021,89.909283020409,0.0003586800573888092,1.0,0.8513888888888889,1.9375,0.0,6.0
5.978507533021,90.903946727492,0.0003586800573888092,1.0,0.8583333333333333,1.9430555555555555,0.0,4.0
5.978507533021,91.898610434575,0.0003586800573888092,1.0,0.8625,1.948611111111111,0.0,6.0
5.978507533021,92.893274141658,0.0003586800573888092,1.0,0.8680555555555556,1.9472222222222222,0.0,4.0
5.978507533021,93.88793784874,0.0003586800573888092,1.0,0.8736111111111111,1.9597222222222221,0.0,4.0
5.978507533021,94.882601555823,0.0003586800573888092,1.0,0.8680555555555556,1.9527777777777777,0.0,4.0
5.978507533021,95.877265262906,0.0003586800573888092,1.0,0.8625,1.95,0.0,6.0
5.978507533021,96.871928969989,0.0003586800573888092,1.0,0.8527777777777777,1.9347222222222222,0.0,4.0
5.978507533021,97.866592677072,0.0003586800573888092,1.0,0.85,1.9319444444444445,0.0,6.0
5.978507533021,98.861256384155,0.0003586800573888092,1.0,0.8361111111111111,1.9291666666666667,0.0,6.0
5.978507533021,99.855920091238,0.0003586800573888092,1.0,0.8305555555555556,1.9208333333333334,0.0,6.0
5.978507533021,100.850583798321,0.0003586800573888092,1.0,0.8263888888888888,1.9125,0.0,4.0
5.978507533021,101.845247505403,0.0003586800573888092,1.0,0.8263888888888888,1.9027777777777777,0.0,6.0
5.978507533021,102.839911212486,0.0003586800573888092,1.0,0.8180555555555555,1.9,0.0,6.0
5.978507533021,103.834574919569,0.0003586800573888092,1.0,0.8263888888888888,1.9152777777777779,0.0,4.0
5.978507533021,104.829238626652,0.0003586800573888092,1.0,0.8236111111111111,1.913888888888889,0.0,6.0
5.978507533021,105.823902333735,0.0003586800573888092,1.0,0.8277777777777777,1.9152777777777779,0.0,6.0
5.978507533021,106.818566040818,0.0003586800573888092,1.0,0.8319444444444445,1.9166666666666667,0.0,6.0
5.978507533021,107.813229747901,0.0003586800573888092,1.0,0.8472222222222222,1.925,0.0,4.0
5.978507533021,108.807893454984,0.0003586800573888092,1.0,0.8444444444444444,1.9291666666666667,0.0,6.0
5.978507533021,109.802557162066,0.0003586800573888092,1.0,0.8527777777777777,1.9430555555555555,0.0,6.0
5.978507533021,110.797220869149,0.0003586800573888092,1.0,0.8583333333333333,1.9472222222222222,0.0,6.0
5.978507533021,111.791884576232,0.0003586800573888092,1.0,0.8597222222222223,1.9416666666666667,0.0,4.0
5.978507533021,112.786548283315,0.0003586800573888092,1.0,0.8652777777777778,1.9472222222222222,0.0,4.0
5.978507533021,113.781211990398,0.0003586800573888092,1.0,0.8666666666666667,1.9541666666666666,0.0,4.0
5.978507533021,114.775875697481,0.0003586800573888092,1.0,0.8611111111111112,1.9416666666666667,0.0,6.0
5.978507533021,115.770539404564,0.0003586800573888092,1.0,0.8652777777777778,1.95,0.0,4.0
5.978507533021,116.765203111647,0.0003586800573888092,1.0,0.8583333333333333,1.9416666666666667,0.0,6.0
5.978507533021,117.75986681873,0.0003586800573888092,1.0,0.85,1.9388888888888889,0.0,6.0
5.978507533021,118.754530525812,0.0003586800573888092,1.0,0.8402777777777778,1.9291666666666667,0.0,6.0
5.978507533021,119.749194232895,0.0003586800573888092,1.0,0.8305555555555556,1.9111111111111112,0.0,6.0
5.978507533021,120.743857939978,0.0003586800573888092,1.0,0.8291666666666667,1.9125,0.0,6.0
5.978507533021,121.738521647061,0.0003586800573888092,1.0,0.8194444444444444,1.9097222222222223,0.0,6.0
5.978507533021,122.733185354144,0.0003586800573888092,1.0,0.8222222222222222,1.9097222222222223,0.0,6.0
5.978507533021,123.727849061227,0.0003586800573888092,1.0,0.825,1.9097222222222223,0.0,6.0
5.978507533021,124.72251276831,0.0003586800573888092,1.0,0.8194444444444444,1.9013888888888888,0.0,6.0
5.978507533021,125.717176475393,0.0003586800573888092,1.0,0.8277777777777777,1.9083333333333334,0.0,4.0
5.978507533021,126.711840182475,0.0003586800573888092,1.0,0.8347222222222223,1.9194444444444445,0.0,6.0
5.978507533021,127.706503889558,0.0003586800573888092,1.0,0.8416666666666667,1.9305555555555556,0.0,4.0
5.978507533021,128.701167596641,0.0003586800573888092,1.0,0.8458333333333333,1.9347222222222222,0.0,6.0
5.978507533021,129.695831303724,0.0003586800573888092,1.0,0.8527777777777777,1.9319444444444445,0.0,6.0
5.978507533021,130.690495010807,0.0003586800573888092,1.0,0.8597222222222223,1.9458333333333333,0.0,6.0
5.978507533021,131.68515871789,0.0003586800573888092,1.0,0.8638888888888889,1.9458333333333333,0.0,4.0
5.978507533021,132.679822424973,0.0003586800573888092,1.0,0.8666666666666667,1.9555555555555555,0.0,6.0
5.978507533021,133.674486132056,0.0003586800573888092,1.0,0.8638888888888889,1.9416666666666667,0.0,4.0
5.978507533021,134.669149839138,0.0003586800573888092,1.0,0.8638888888888889,1.9472222222222222,0.0,4.0
5.978507533021,135.0,0.0003586800573888092,1.0,0.825,1.9097222222222223,0.0,6.0
6.967761299532,73.0,0.0003586800573888092,1.0,0.8541666666666666,1.95,0.0,8.0
6.967761299532,73.996614193946,0.0003586800573888092,1.0,0.8555555555555555,1.9444444444444444,0.0,10.0
6.967761299532,74.993228387892,0.0003586800573888092,1.0,0.8569444444444444,1.9444444444444444,0.0,8.0
6.967761299532,75.989842581838,0.0003586800573888092,1.0,0.8611111111111112,1.9555555555555555,0.0,8.0
6.967761299532,76.986456775784,0.0003586800573888092,1.0,0.85,1.9375,0.0,8.0
6.967761299532,77.98307096973,0.0003586800573888092,1.0,0.8513888888888889,1.9402777777777778,0.0,8.0
6.967761299532,78.979685163676,0.0003586800573888092,1.0,0.8458333333333333,1.925,0.0,8.0
6.967761299532,79.976299357622,0.0003586800573888092,1.0,0.8513888888888889,1.9305555555555556,0.0,8.0
6.967761299532,80.972913551568,0.0003586800573888092,1.0,0.8472222222222222,1.9319444444444445,0.0,8.0
6.967761299532,81.969527745514,0.0003586800573888092,1.0,0.8472222222222222,1.9333333333333333,0.0,8.0
6.967761299532,82.966141939459,0.0003586800573888092,1.0,0.8444444444444444,1.926388888888889,0.0,8.0
6.967761299532,83.962756133405,0.0003586800573888092,1.0,0.8458333333333333,1.9236111111111112,0.0,8.0
6.967761299532,84.959370327351,0.0003586800573888092,1.0,0.85,1.9333333333333333,0.0,8.0
6.967761299532,85.955984521297,0.0003586800573888092,1.0,0.8430555555555556,1.9291666666666667,0.0,8.0
6.967761299532,86.952598715243,0.0003586800573888092,1.0,0.85,1.9375,0.0,8.0
6.967761299532,87.949212909189,0.0003586800573888092,1.0,0.8527777777777777,1.9375,0.0,8.0
6.967761299532,88.945827103135,0.0003586800573888092,1.0,0.85,1.9347222222222222,0.0,8.0
6.967761299532,89.942441297081,0.0003586800573888092,1.0,0.85,1.9388888888888889,0.0,8.0
6.967761299532,90.939055491027,0.0003586800573888092,1.0,0.8555555555555555,1.948611111111111,0.0,8.0
6.967761299532,91.935669684973,0.0003586800573888092,1.0,0.8513888888888889,1.9416666666666667,0.0,8.0
6.967761299532,92.932283878919,0.0003586800573888092,1.0,0.8611111111111112,1.9513888888888888,0.0,8.0
6.967761299532,93.928898072865,0.0003586800573888092,1.0,0.8541666666666666,1.9472222222222222,0.0,8.0
6.967761299532,94.925512266811,0.0003586800573888092,1.0,0.8555555555555555,1.9444444444444444,0.0,8.0
6.967761299532,95.922126460757,0.0003586800573888092,1.0,0.8527777777777777,1.9388888888888889,0.0,8.0
6.967761299532,96.918740654703,0.0003586800573888092,1.0,0.85,1.9291666666666667,0.0,8.0
6.967761299532,97.915354848649,0.0003586800573888092,1.0,0.8513888888888889,1.9375,0.0,8.0
6.967761299532,98.911969042595,0.0003586800573888092,1.0,0.85,1.9388888888888889,0.0,8.0
6.967761299532,99.908583236541,0.0003586800573888092,1.0,0.8458333333333333,1.9333333333333333,0.0,8.0
6.967761299532,100.905197430486,0.0003586800573888092,1.0,0.8444444444444444,1.9194444444444445,0.0,8.0
6.967761299532,101.901811624432,0.0003586800573888092,1.0,0.8486111111111111,1.925,0.0,4.0
6.967761299532,102.898425818378,0.0003586800573888092,1.0,0.8430555555555556,1.925,0.0,8.0
6.967761299532,103.895040012324,0.0003586800573888092,1.0,0.8458333333333333,1.9333333333333333,0.0,8.0
6.967761299532,104.89165420627,0.0003586800573888092,1.0,0.8472222222222222,1.9291666666666667,0.0,8.0
6.967761299532,105.888268400216,0.0003586800573888092,1.0,0.8513888888888889,1.9361111111111111,0.0,8.0
6.967761299532,106.884882594162,0.0003586800573888092,1.0,0.85,1.9347222222222222,0.0,8.0
6.967761299532,107.881496788108,0.0003586800573888092,1.0,0.8541666666666666,1.9416666666666667,0.0,8.0
6.967761299532,108.878110982054,0.0003586800573888092,1.0,0.8541666666666666,1.9444444444444444,0.0,8.0
6.967761299532,109.874725176,0.0003586800573888092,1.0,0.8555555555555555,1.9472222222222222,0.0,8.0
6.967761299532,110.871339369946,0.0003586800573888092,1.0,0.8569444444444444,1.9458333333333333,0.0,8.0
6.967761299532,111.867953563892,0.0003586800573888092,1.0,0.8541666666666666,1.9472222222222222,0.0,8.0
6.967761299532,112.864567757838,0.0003586800573888092,1.0,0.8583333333333333,1.9555555555555555,0.0,8.0
6.967761299532,113.861181951784,0.0003586800573888092,1.0,0.8541666666666666,1.9402777777777778,0.0,8.0
6.967761299532,114.85779614573,0.0003586800573888092,1.0,0.8541666666666666,1.9430555555555555,0.0,8.0
6.967761299532,115.854410339676,0.0003586800573888092,1.0,0.8527777777777777,1.9402777777777778,0.0,8.0
6.967761299532,116.851024533622,0.0003586800573888092,1.0,0.8486111111111111,1.9416666666666667,0.0,8.0
6.967761299532,117.847638727568,0.0003586800573888092,1.0,0.8444444444444444,1.925,0.0,8.0
6.967761299532,118.844252921513,0.0003586800573888092,1.0,0.85,1.9291666666666667,0.0,8.0
6.967761299532,119.840867115459,0.0003586800573888092,1.0,0.85,1.925,0.0,8.0
6.967761299532,120.837481309405,0.0003586800573888092,1.0,0.8486111111111111,1.9333333333333333,0.0,8.0
6.967761299532,121.834095503351,0.0003586800573888092,1.0,0.8416666666666667,1.925,0.0,8.0
6.967761299532,122.830709697297,0.0003586800573888092,1.0,0.8486111111111111,1.9319444444444445,0.0,8.0
6.967761299532,123.827323891243,0.0003586800573888092,1.0,0.8458333333333333,1.925,0.0,8.0
6.967761299532,124.823938085189,0.0003586800573888092,1.0,0.8513888888888889,1.9333333333333333,0.0,8.0
6.967761299532,125.820552279135,0.0003586800573888092,1.0,0.8458333333333333,1.9319444444444445,0.0,8.0
6.967761299532,126.817166473081,0.0003586800573888092,1.0,0.8513888888888889,1.9458333333333333,0.0,8.0
6.967761299532,127.813780667027,0.0003586800573888092,1.0,0.8583333333333333,1.9458333333333333,0.0,8.0
6.967761299532,128.810394860973,0.0003586800573888092,1.0,0.85,1.9388888888888889,0.0,8.0
6.967761299532,129.807009054919,0.0003586800573888092,1.0,0.8583333333333333,1.948611111111111,0.0,8.0
6.967761299532,130.803623248865,0.0003586800573888092,1.0,0.85,1.9430555555555555,0.0,8.0
6.967761299532,131.800237442811,0.0003586800573888092,1.0,0.8611111111111112,1.9458333333333333,0.0,8.0
6.967761299532,132.796851636757,0.0003586800573888092,1.0,0.8569444444444444,1.9472222222222222,0.0,8.0
6.967761299532,133.793465830703,0.0003586800573888092,1.0,0.8611111111111112,1.9555555555555555,0.0,8.0
6.967761299532,134.790080024649,0.0003586800573888092,1.0,0.85,1.9361111111111111,0.0,8.0
6.967761299532,135.0,0.0003586800573888092,1.0,0.8486111111111111,1.926388888888889,0.0,8.0
7.957015066042,73.0,0.0003586800573888092,1.0,0.8166666666666667,1.9375,0.0,8.0
7.957015066042,73.998870692068,0.0003586800573888092,1.0,0.8180555555555555,1.9402777777777778,0.0,10.0
7.957015066042,74.997741384136,0.0003586800573888092,1.0,0.8194444444444444,1.9430555555555555,0.0,8.0
7.957015066042,75.996612076205,0.0003586800573888092,1.0,0.8180555555555555,1.9527777777777777,0.0,8.0
7.957015066042,76.995482768273,0.0003586800573888092,1.0,0.8152777777777778,1.9347222222222222,0.0,10.0
7.957015066042,77.994353460341,0.0003586800573888092,1.0,0.8194444444444444,1.9472222222222222,0.0,8.0
7.957015066042,78.993224152409,0.0003586800573888092,1.0,0.8236111111111111,1.9416666666666667,0.0,6.0
7.957015066042,79.992094844477,0.0003586800573888092,1.0,0.8236111111111111,1.9513888888888888,0.0,8.0
7.957015066042,80.990965536546,0.0003586800573888092,1.0,0.8208333333333333,1.9430555555555555,0.0,6.0
7.957015066042,81.989836228614,0.0003586800573888092,1.0,0.825,1.9569444444444444,0.0,6.0
7.957015066042,82.988706920682,0.0003586800573888092,1.0,0.8291666666666667,1.9472222222222222,0.0,6.0
7.957015066042,83.98757761275,0.0003586800573888092,1.0,0.8263888888888888,1.948611111111111,0.0,6.0
7.957015066042,84.986448304818,0.0003586800573888092,1.0,0.8194444444444444,1.95,0.0,6.0
7.957015066042,85.985318996887,0.0003586800573888092,1.0,0.8236111111111111,1.9555555555555555,0.0,6.0
7.957015066042,86.984189688955,0.0003586800573888092,1.0,0.8208333333333333,1.9472222222222222,0.0,6.0
7.957015066042,87.983060381023,0.0003586800573888092,1.0,0.8138888888888889,1.9291666666666667,0.0,8.0
7.957015066042,88.981931073091,0.0003586800573888092,1.0,0.8194444444444444,1.9430555555555555,0.0,8.0
7.957015066042,89.980801765159,0.0003586800573888092,1.0,0.8180555555555555,1.9319444444444445,0.0,8.0
7.957015066042,90.979672457228,0.0003586800573888092,1.0,0.8180555555555555,1.9472222222222222,0.0,8.0
7.957015066042,91.978543149296,0.0003586800573888092,1.0,0.8125,1.9319444444444445,0.0,8.0
7.957015066042,92.977413841364,0.0003586800573888092,1.0,0.8180555555555555,1.9472222222222222,0.0,10.0
7.957015066042,93.976284533432,0.0003586800573888092,1.0,0.8208333333333333,1.9402777777777778,0.0,8.0
7.957015066042,94.9751552255,0.0003586800573888092,1.0,0.8180555555555555,1.9430555555555555,0.0,8.0
7.957015066042,95.974025917568,0.0003586800573888092,1.0,0.8180555555555555,1.9375,0.0,8.0
7.957015066042,96.972896609637,0.0003586800573888092,1.0,0.8194444444444444,1.9458333333333333,0.0,6.0
7.957015066042,97.971767301705,0.0003586800573888092,1.0,0.8222222222222222,1.9513888888888888,0.0,8.0
7.957015066042,98.970637993773,0.0003586800573888092,1.0,0.825,1.9472222222222222,0.0,6.0
7.957015066042,99.969508685841,0.0003586800573888092,1.0,0.8236111111111111,1.948611111111111,0.0,6.0
7.957015066042,100.968379377909,0.0003586800573888092,1.0,0.8236111111111111,1.9444444444444444,0.0,6.0
7.957015066042,101.967250069978,0.0003586800573888092,1.0,0.8291666666666667,1.9583333333333333,0.0,6.0
7.957015066042,102.966120762046,0.0003586800573888092,1.0,0.825,1.9541666666666666,0.0,6.0
7.957015066042,103.964991454114,0.0003586800573888092,1.0,0.8180555555555555,1.9458333333333333,0.0,6.0
7.957015066042,104.963862146182,0.0003586800573888092,1.0,0.825,1.9416666666666667,0.0,8.0
7.957015066042,105.96273283825,0.0003586800573888092,1.0,0.8208333333333333,1.9402777777777778,0.0,8.0
7.957015066042,106.961603530319,0.0003586800573888092,1.0,0.8138888888888889,1.9319444444444445,0.0,8.0
7.957015066042,107.960474222387,0.0003586800573888092,1.0,0.8138888888888889,1.9430555555555555,0.0,10.0
7.957015066042,108.959344914455,0.0003586800573888092,1.0,0.8194444444444444,1.9416666666666667,0.0,8.0
7.957015066042,109.958215606523,0.0003586800573888092,1.0,0.8222222222222222,1.95,0.0,8.0
7.957015066042,110.957086298591,0.0003586800573888092,1.0,0.8180555555555555,1.9361111111111111,0.0,8.0
7.957015066042,111.95595699066,0.0003586800573888092,1.0,0.8222222222222222,1.948611111111111,0.0,8.0
7.957015066042,112.954827682728,0.0003586800573888092,1.0,0.8180555555555555,1.9444444444444444,0.0,8.0
7.957015066042,113.953698374796,0.0003586800573888092,1.0,0.8208333333333333,1.9402777777777778,0.0,8.0
7.957015066042,114.952569066864,0.0003586800573888092,1.0,0.8138888888888889,1.9430555555555555,0.0,10.0
7.957015066042,115.951439758932,0.0003586800573888092,1.0,0.8208333333333333,1.9472222222222222,0.0,6.0
7.957015066042,116.950310451001,0.0003586800573888092,1.0,0.8263888888888888,1.9458333333333333,0.0,6.0
7.957015066042,117.949181143069,0.0003586800573888092,1.0,0.825,1.9444444444444444,0.0,6.0
7.957015066042,118.948051835137,0.0003586800573888092,1.0,0.825,1.9555555555555555,0.0,6.0
7.957015066042,119.946922527205,0.0003586800573888092,1.0,0.8319444444444445,1.9569444444444444,0.0,6.0
7.957015066042,120.945793219273,0.0003586800573888092,1.0,0.8277777777777777,1.9597222222222221,0.0,6.0
7.957015066042,121.944663911342,0.0003586800573888092,1.0,0.8222222222222222,1.9388888888888889,0.0,6.0
7.957015066042,122.94353460341,0.0003586800573888092,1.0,0.8194444444444444,1.9430555555555555,0.0,8.0
7.957015066042,123.942405295478,0.0003586800573888092,1.0,0.8208333333333333,1.9416666666666667,0.0,6.0
7.957015066042,124.941275987546,0.0003586800573888092,1.0,0.8208333333333333,1.95,0.0,8.0
7.957015066042,125.940146679614,0.0003586800573888092,1.0,0.8166666666666667,1.9416666666666667,0.0,8.0
7.957015066042,126.939017371683,0.0003586800573888092,1.0,0.8166666666666667,1.9416666666666667,0.0,8.0
7.957015066042,127.937888063751,0.0003586800573888092,1.0,0.8222222222222222,1.9430555555555555,0.0,8.0
7.957015066042,128.936758755819,0.0003586800573888092,1.0,0.8138888888888889,1.9305555555555556,0.0,8.0
7.957015066042,129.935629447887,0.0003586800573888092,1.0,0.8138888888888889,1.9402777777777778,0.0,10.0
7.957015066042,130.934500139955,0.0003586800573888092,1.0,0.8222222222222222,1.9375,0.0,8.0
7.957015066042,131.933370832024,0.0003586800573888092,1.0,0.8180555555555555,1.948611111111111,0.0,8.0
7.957015066042,132.932241524092,0.0003586800573888092,1.0,0.8194444444444444,1.9430555555555555,0.0,8.0
7.957015066042,133.93111221616,0.0003586800573888092,1.0,0.8166666666666667,1.9444444444444444,0.0,8.0
7.957015066042,134.929982908228,0.0003586800573888092,1.0,0.8180555555555555,1.9347222222222222,0.0,6.0
7.957015066042,135.0,0.0003586800573888092,1.0,0.8166666666666667,1.9388888888888889,0.0,6.0
8.946268832553,73.0,0.0003586800573888092,1.0,0.8513888888888889,1.9361111111111111,0.0,8.0
8.946268832553,74.00143663546,0.0003586800573888092,1.0,0.8513888888888889,1.9333333333333333,0.0,8.0
8.946268832553,75.00287327092,0.0003586800573888092,1.0,0.8555555555555555,1.9319444444444445,0.0,8.0
8.946268832553,76.004309906381,0.0003586800573888092,1.0,0.8597222222222223,1.9430555555555555,0.0,10.0
8.946268832553,77.005746541841,0.0003586800573888092,1.0,0.8555555555555555,1.9416666666666667,0.0,6.0
8.946268832553,78.007183177301,0.0003586800573888092,1.0,0.8680555555555556,1.9541666666666666,0.0,6.0
8.946268832553,79.008619812761,0.0003586800573888092,1.0,0.8666666666666667,1.9583333333333333,0.0,6.0
8.946268832553,80.010056448221,0.0003586800573888092,1.0,0.8708333333333333,1.9625,0.0,6.0
8.946268832553,81.011493083681,0.0003586800573888092,1.0,0.8833333333333333,1.9736111111111112,0.0,4.0
8.946268832553,82.012929719142,0.0003586800573888092,1.0,0.8819444444444444,1.975,0.0,4.0
8.946268832553,83.014366354602,0.0003586800573888092,1.0,0.8805555555555555,1.9708333333333334,0.0,4.0
8.946268832553,84.015802990062,0.0003586800573888092,1.0,0.8708333333333333,1.9597222222222221,0.0,6.0
8.946268832553,85.017239625522,0.0003586800573888092,1.0,0.875,1.9625,0.0,6.0
8.946268832553,86.018676260982,0.0003586800573888092,1.0,0.8722222222222222,1.9583333333333333,0.0,6.0
8.946268832553,87.020112896443,0.0003586800573888092,1.0,0.8611111111111112,1.9444444444444444,0.0,6.0
8.946268832553,88.021549531903,0.0003586800573888092,1.0,0.8597222222222223,1.9472222222222222,0.0,8.0
8.946268832553,89.022986167363,0.0003586800573888092,1.0,0.8569444444444444,1.9347222222222222,0.0,8.0
8.946268832553,90.024422802823,0.0003586800573888092,1.0,0.8513888888888889,1.9347222222222222,0.0,8.0
8.946268832553,91.025859438283,0.0003586800573888092,1.0,0.8555555555555555,1.9333333333333333,0.0,8.0
8.946268832553,92.027296073743,0.0003586800573888092,1.0,0.8555555555555555,1.9361111111111111,0.0,8.0
8.946268832553,93.028732709204,0.0003586800573888092,1.0,0.8527777777777777,1.9444444444444444,0.0,8.0
8.946268832553,94.030169344664,0.0003586800573888092,1.0,0.8569444444444444,1.948611111111111,0.0,8.0
8.946268832553,95.031605980124,0.0003586800573888092,1.0,0.8638888888888889,1.9527777777777777,0.0,6.0
8.946268832553,96.033042615584,0.0003586800573888092,1.0,0.8638888888888889,1.95,0.0,6.0
8.946268832553,97.034479251044,0.0003586800573888092,1.0,0.8777777777777778,1.9638888888888888,0.0,6.0
8.946268832553,98.035915886505,0.0003586800573888092,1.0,0.8763888888888889,1.9708333333333334,0.0,4.0
8.946268832553,99.037352521965,0.0003586800573888092,1.0,0.8819444444444444,1.9680555555555554,0.0,4.0
8.946268832553,100.038789157425,0.0003586800573888092,1.0,0.8819444444444444,1.9694444444444446,0.0,4.0
8.946268832553,101.040225792885,0.0003586800573888092,1.0,0.8819444444444444,1.9736111111111112,0.0,4.0
8.946268832553,102.041662428345,0.0003586800573888092,1.0,0.8819444444444444,1.9680555555555554,0.0,6.0
8.946268832553,103.043099063805,0.0003586800573888092,1.0,0.8625,1.95,0.0,6.0
8.946268832553,104.044535699266,0.0003586800573888092,1.0,0.8694444444444445,1.9569444444444444,0.0,6.0
8.946268832553,105.045972334726,0.0003586800573888092,1.0,0.8569444444444444,1.9416666666666667,0.0,8.0
8.946268832553,106.047408970186,0.0003586800573888092,1.0,0.8541666666666666,1.9402777777777778,0.0,8.0
8.946268832553,107.048845605646,0.0003586800573888092,1.0,0.8472222222222222,1.926388888888889,0.0,10.0
8.946268832553,108.050282241106,0.0003586800573888092,1.0,0.8611111111111112,1.9430555555555555,0.0,8.0
8.946268832553,109.051718876566,0.0003586800573888092,1.0,0.8527777777777777,1.9361111111111111,0.0,8.0
8.946268832553,110.053155512027,0.0003586800573888092,1.0,0.8569444444444444,1.9444444444444444,0.0,8.0
8.946268832553,111.054592147487,0.0003586800573888092,1.0,0.8569444444444444,1.9416666666666667,0.0,8.0
8.946268832553,112.056028782947,0.0003586800573888092,1.0,0.8597222222222223,1.9402777777777778,0.0,6.0
8.946268832553,113.057465418407,0.0003586800573888092,1.0,0.8680555555555556,1.9527777777777777,0.0,6.0
8.946268832553,114.058902053867,0.0003586800573888092,1.0,0.8736111111111111,1.9652777777777777,0.0,6.0
8.946268832553,115.060338689328,0.0003586800573888092,1.0,0.875,1.9722222222222223,0.0,4.0
8.946268832553,116.061775324788,0.0003586800573888092,1.0,0.8777777777777778,1.9666666666666666,0.0,4.0
8.946268832553,117.063211960248,0.0003586800573888092,1.0,0.8805555555555555,1.9708333333333334,0.0,4.0
8.946268832553,118.064648595708,0.0003586800573888092,1.0,0.8833333333333333,1.975,0.0,4.0
8.946268832553,119.066085231168,0.0003586800573888092,1.0,0.8777777777777778,1.9666666666666666,0.0,4.0
8.946268832553,120.067521866628,0.0003586800573888092,1.0,0.875,1.9638888888888888,0.0,4.0
8.946268832553,121.068958502089,0.0003586800573888092,1.0,0.8736111111111111,1.9597222222222221,0.0,6.0
8.946268832553,122.070395137549,0.0003586800573888092,1.0,0.8611111111111112,1.9472222222222222,0.0,8.0
8.946268832553,123.071831773009,0.0003586800573888092,1.0,0.8597222222222223,1.9472222222222222,0.0,8.0
8.946268832553,124.073268408469,0.0003586800573888092,1.0,0.8555555555555555,1.9375,0.0,8.0
8.946268832553,125.074705043929,0.0003586800573888092,1.0,0.8569444444444444,1.9402777777777778,0.0,8.0
8.946268832553,126.07614167939,0.0003586800573888092,1.0,0.85,1.9319444444444445,0.0,8.0
8.946268832553,127.07757831485,0.0003586800573888092,1.0,0.8513888888888889,1.9347222222222222,0.0,8.0
8.946268832553,128.07901495031,0.0003586800573888092,1.0,0.8527777777777777,1.9333333333333333,0.0,10.0
8.946268832553,129.08045158577,0.0003586800573888092,1.0,0.8611111111111112,1.9444444444444444,0.0,6.0
8.946268832553,130.08188822123,0.0003586800573888092,1.0,0.8722222222222222,1.9569444444444444,0.0,6.0
8.946268832553,131.08332485669,0.0003586800573888092,1.0,0.8736111111111111,1.9652777777777777,0.0,6.0
8.946268832553,132.084761492151,0.0003586800573888092,1.0,0.8694444444444445,1.9569444444444444,0.0,6.0
8.946268832553,133.086198127611,0.0003586800573888092,1.0,0.8777777777777778,1.9666666666666666,0.0,4.0
8.946268832553,134.087634763071,0.0003586800573888092,1.0,0.8777777777777778,1.9625,0.0,4.0
8.946268832553,135.0,0.0003586800573888092,1.0,0.8763888888888889,1.9638888888888888,0.0,4.0
9.935522599064,73.0,0.0003586800573888092,1.0,0.8430555555555556,1.9236111111111112,0.0,4.0
9.935522599064,74.004315951666,0.0003586800573888092,1.0,0.85,1.9319444444444445,0.0,4.0
9.935522599064,75.008631903333,0.0003586800573888092,1.0,0.8625,1.9416666666666667,0.0,4.0
9.935522599064,76.012947854999,0.0003586800573888092,1.0,0.8569444444444444,1.9444444444444444,0.0,4.0
9.935522599064,77.017263806666,0.0003586800573888092,1.0,0.8666666666666667,1.9666666666666666,0.0,4.0
9.935522599064,78.021579758332,0.0003586800573888092,1.0,0.8708333333333333,1.9625,0.0,4.0
9.935522599064,79.025895709999,0.0003586800573888092,1.0,0.8777777777777778,1.975,0.0,4.0
9.935522599064,80.030211661665,0.0003586800573888092,1.0,0.8847222222222222,1.975,0.0,4.0
9.935522599064,81.034527613332,0.0003586800573888092,1.0,0.8888888888888888,1.988888888888889,0.0,4.0
9.935522599064,82.038843564998,0.0003586800573888092,1.0,0.8833333333333333,1.9791666666666667,0.0,4.0
9.935522599064,83.043159516665,0.0003586800573888092,1.0,0.8763888888888889,1.9861111111111112,0.0,4.0
9.935522599064,84.047475468331,0.0003586800573888092,1.0,0.8777777777777778,1.975,0.0,4.0
9.935522599064,85.051791419997,0.0003586800573888092,1.0,0.8763888888888889,1.9638888888888888,0.0,4.0
9.935522599064,86.056107371664,0.0003586800573888092,1.0,0.8652777777777778,1.9652777777777777,0.0,4.0
9.935522599064,87.06042332333,0.0003586800573888092,1.0,0.8597222222222223,1.9444444444444444,0.0,4.0
9.935522599064,88.064739274997,0.0003586800573888092,1.0,0.8569444444444444,1.9444444444444444,0.0,4.0
9.935522599064,89.069055226663,0.0003586800573888092,1.0,0.8541666666666666,1.9277777777777778,0.0,4.0
9.935522599064,90.07337117833,0.0003586800573888092,1.0,0.8486111111111111,1.9291666666666667,0.0,4.0
9.935522599064,91.077687129996,0.0003586800573888092,1.0,0.8555555555555555,1.9416666666666667,0.0,4.0
9.935522599064,92.082003081663,0.0003586800573888092,1.0,0.8569444444444444,1.9416666666666667,0.0,4.0
9.935522599064,93.086319033329,0.0003586800573888092,1.0,0.8611111111111112,1.9527777777777777,0.0,4.0
9.935522599064,94.090634984996,0.0003586800573888092,1.0,0.8680555555555556,1.9652777777777777,0.0,4.0
9.935522599064,95.094950936662,0.0003586800573888092,1.0,0.8708333333333333,1.9625,0.0,4.0
9.935522599064,96.099266888328,0.0003586800573888092,1.0,0.8777777777777778,1.9777777777777779,0.0,4.0
9.935522599064,97.103582839995,0.0003586800573888092,1.0,0.8847222222222222,1.975,0.0,4.0
9.935522599064,98.107898791661,0.0003586800573888092,1.0,0.8819444444444444,1.9847222222222223,0.0,4.0
9.935522599064,99.112214743328,0.0003586800573888092,1.0,0.8833333333333333,1.9847222222222223,0.0,4.0
9.935522599064,100.116530694994,0.0003586800573888092,1.0,0.8805555555555555,1.9819444444444445,0.0,4.0
9.935522599064,101.120846646661,0.0003586800573888092,1.0,0.8819444444444444,1.975,0.0,4.0
9.935522599064,102.125162598327,0.0003586800573888092,1.0,0.8722222222222222,1.9652777777777777,0.0,4.0
9.935522599064,103.129478549994,0.0003586800573888092,1.0,0.8597222222222223,1.9513888888888888,0.0,4.0
9.935522599064,104.13379450166,0.0003586800573888092,1.0,0.8569444444444444,1.9444444444444444,0.0,4.0
9.935522599064,105.138110453327,0.0003586800573888092,1.0,0.8513888888888889,1.9458333333333333,0.0,4.0
9.935522599064,106.142426404993,0.0003586800573888092,1.0,0.8527777777777777,1.9305555555555556,0.0,4.0
9.935522599064,107.14674235666,0.0003586800573888092,1.0,0.8555555555555555,1.9430555555555555,0.0,4.0
9.935522599064,108.151058308326,0.0003586800573888092,1.0,0.8472222222222222,1.9291666666666667,0.0,4.0
9.935522599064,109.155374259992,0.0003586800573888092,1.0,0.8555555555555555,1.9402777777777778,0.0,4.0
9.935522599064,110.159690211659,0.0003586800573888092,1.0,0.8597222222222223,1.9472222222222222,0.0,4.0
9.935522599064,111.164006163325,0.0003586800573888092,1.0,0.8736111111111111,1.9652777777777777,0.0,4.0
9.935522599064,112.168322114992,0.0003586800573888092,1.0,0.875,1.9708333333333334,0.0,4.0
9.935522599064,113.172638066658,0.0003586800573888092,1.0,0.8875,1.9875,0.0,4.0
9.935522599064,114.176954018325,0.0003586800573888092,1.0,0.8819444444444444,1.976388888888889,0.0,4.0
9.935522599064,115.181269969991,0.0003586800573888092,1.0,0.8819444444444444,1.9875,0.0,4.0
9.935522599064,116.185585921658,0.0003586800573888092,1.0,0.8819444444444444,1.9847222222222223,0.0,4.0
9.935522599064,117.189901873324,0.0003586800573888092,1.0,0.8833333333333333,1.976388888888889,0.0,4.0
9.935522599064,118.194217824991,0.0003586800573888092,1.0,0.8819444444444444,1.9791666666666667,0.0,4.0
9.935522599064,119.198533776657,0.0003586800573888092,1.0,0.8680555555555556,1.9625,0.0,4.0
9.935522599064,120.202849728323,0.0003586800573888092,1.0,0.8597222222222223,1.948611111111111,0.0,4.0
9.935522599064,121.20716567999,0.0003586800573888092,1.0,0.8583333333333333,1.9444444444444444,0.0,4.0
9.935522599064,122.211481631656,0.0003586800573888092,1.0,0.8527777777777777,1.9347222222222222,0.0,4.0
9.935522599064,123.215797583323,0.0003586800573888092,1.0,0.8583333333333333,1.9361111111111111,0.0,4.0
9.935522599064,124.220113534989,0.0003586800573888092,1.0,0.85,1.9375,0.0,4.0
9.935522599064,125.224429486656,0.0003586800573888092,1.0,0.8486111111111111,1.9319444444444445,0.0,4.0
9.935522599064,126.228745438322,0.0003586800573888092,1.0,0.8569444444444444,1.9472222222222222,0.0,4.0
9.935522599064,127.233061389989,0.0003586800573888092,1.0,0.8680555555555556,1.9583333333333333,0.0,4.0
9.935522599064,128.237377341655,0.0003586800573888092,1.0,0.8777777777777778,1.9708333333333334,0.0,4.0
9.935522599064,129.241693293322,0.0003586800573888092,1.0,0.8819444444444444,1.9833333333333334,0.0,4.0
9.935522599064,130.246009244988,0.0003586800573888092,1.0,0.8819444444444444,1.9791666666666667,0.0,4.0
9.935522599064,131.250325196654,0.0003586800573888092,1.0,0.8847222222222222,1.9833333333333334,0.0,4.0
9.935522599064,132.254641148321,0.0003586800573888092,1.0,0.8847222222222222,1.9777777777777779,0.0,4.0
9.935522599064,133.258957099987,0.0003586800573888092,1.0,0.8861111111111111,1.988888888888889,0.0,4.0
9.935522599064,134.263273051654,0.0003586800573888092,1.0,0.8847222222222222,1.9722222222222223,0.0,4.0
9.935522599064,135.0,0.0003586800573888092,1.0,0.8805555555555555,1.9819444444444445,0.0,4.0
10.924776365574,73.0,0.0003586800573888092,1.0,0.8069444444444445,1.9375,0.0,4.0
10.924776365574,74.007513076616,0.0003586800573888092,1.0,0.8055555555555556,1.9430555555555555,0.0,4.0
10.924776365574,75.015026153232,0.0003586800573888092,1.0,0.8138888888888889,1.9555555555555555,0.0,4.0
10.924776365574,76.022539229847,0.0003586800573888092,1.0,0.8208333333333333,1.9583333333333333,0.0,4.0
10.924776365574,77.030052306463,0.0003586800573888092,1.0,0.8402777777777778,1.9625,0.0,4.0
10.924776365574,78.037565383079,0.0003586800573888092,1.0,0.8513888888888889,1.975,0.0,4.0
10.924776365574,79.045078459695,0.0003586800573888092,1.0,0.8625,1.9902777777777778,0.0,4.0
10.924776365574,80.05259153631,0.0003586800573888092,1.0,0.8694444444444445,1.9930555555555556,0.0,4.0
10.924776365574,81.060104612926,0.0003586800573888092,1.0,0.8708333333333333,2.004166666666667,0.0,4.0
10.924776365574,82.067617689542,0.0003586800573888092,1.0,0.8708333333333333,1.9958333333333333,0.0,4.0
10.924776365574,83.075130766158,0.0003586800573888092,1.0,0.8638888888888889,1.9875,0.0,4.0
10.924776365574,84.082643842773,0.0003586800573888092,1.0,0.8555555555555555,1.9791666666666667,0.0,4.0
10.924776365574,85.090156919389,0.0003586800573888092,1.0,0.8472222222222222,1.9847222222222223,0.0,4.0
10.924776365574,86.097669996005,0.0003586800573888092,1.0,0.8263888888888888,1.9652777777777777,0.0,4.0
10.924776365574,87.105183072621,0.0003586800573888092,1.0,0.8138888888888889,1.9472222222222222,0.0,4.0
10.924776365574,88.112696149236,0.0003586800573888092,1.0,0.8055555555555556,1.9402777777777778,0.0,4.0
10.924776365574,89.120209225852,0.0003586800573888092,1.0,0.8083333333333333,1.9375,0.0,4.0
10.924776365574,90.127722302468,0.0003586800573888092,1.0,0.8069444444444445,1.9458333333333333,0.0,4.0
10.924776365574,91.135235379084,0.0003586800573888092,1.0,0.8111111111111111,1.9458333333333333,0.0,4.0
10.924776365574,92.1427484557,0.0003586800573888092,1.0,0.825,1.9569444444444444,0.0,4.0
10.924776365574,93.150261532315,0.0003586800573888092,1.0,0.8388888888888889,1.9680555555555554,0.0,4.0
10.924776365574,94.157774608931,0.0003586800573888092,1.0,0.8555555555555555,1.9722222222222223,0.0,4.0
10.924776365574,95.165287685547,0.0003586800573888092,1.0,0.8638888888888889,1.9861111111111112,0.0,4.0
10.924776365574,96.172800762163,0.0003586800573888092,1.0,0.8652777777777778,1.9958333333333333,0.0,4.0
10.924776365574,97.180313838778,0.0003586800573888092,1.0,0.8694444444444445,1.9902777777777778,0.0,4.0
10.924776365574,98.187826915394,0.0003586800573888092,1.0,0.8638888888888889,1.988888888888889,0.0,4.0
10.924776365574,99.19533999201,0.0003586800573888092,1.0,0.8666666666666667,1.9902777777777778,0.0,4.0
10.924776365574,100.202853068626,0.0003586800573888092,1.0,0.8569444444444444,1.9805555555555556,0.0,4.0
10.924776365574,101.210366145241,0.0003586800573888092,1.0,0.8416666666666667,1.976388888888889,0.0,4.0
10.924776365574,102.217879221857,0.0003586800573888092,1.0,0.825,1.9597222222222221,0.0,4.0
10.924776365574,103.225392298473,0.0003586800573888092,1.0,0.8097222222222222,1.9444444444444444,0.0,4.0
10.924776365574,104.232905375089,0.0003586800573888092,1.0,0.8069444444444445,1.9416666666666667,0.0,4.0
10.924776365574,105.240418451704,0.0003586800573888092,1.0,0.8027777777777778,1.9347222222222222,0.0,4.0
10.924776365574,106.24793152832,0.0003586800573888092,1.0,0.8055555555555556,1.9402777777777778,0.0,4.0
10.924776365574,107.255444604936,0.0003586800573888092,1.0,0.8194444444444444,1.9583333333333333,0.0,4.0
10.924776365574,108.262957681552,0.0003586800573888092,1.0,0.8305555555555556,1.9597222222222221,0.0,4.0
10.924776365574,109.270470758168,0.0003586800573888092,1.0,0.8444444444444444,1.9680555555555554,0.0,4.0
10.924776365574,110.277983834783,0.0003586800573888092,1.0,0.8583333333333333,1.9847222222222223,0.0,4.0
10.924776365574,111.285496911399,0.0003586800573888092,1.0,0.8666666666666667,1.9930555555555556,0.0,4.0
10.924776365574,112.293009988015,0.0003586800573888092,1.0,0.8666666666666667,1.9916666666666667,0.0,4.0
10.924776365574,113.300523064631,0.0003586800573888092,1.0,0.8638888888888889,1.9944444444444445,0.0,4.0
10.924776365574,114.308036141246,0.0003586800573888092,1.0,0.8652777777777778,1.9944444444444445,0.0,4.0
10.924776365574,115.315549217862,0.0003586800573888092,1.0,0.8597222222222223,1.9722222222222223,0.0,4.0
10.924776365574,116.323062294478,0.0003586800573888092,1.0,0.85,1.9847222222222223,0.0,4.0
10.924776365574,117.330575371094,0.0003586800573888092,1.0,0.8333333333333334,1.9708333333333334,0.0,4.0
10.924776365574,118.338088447709,0.0003586800573888092,1.0,0.8222222222222222,1.9541666666666666,0.0,4.0
10.924776365574,119.345601524325,0.0003586800573888092,1.0,0.8111111111111111,1.9458333333333333,0.0,4.0
10.924776365574,120.353114600941,0.0003586800573888092,1.0,0.8055555555555556,1.9375,0.0,4.0
10.924776365574,121.360627677557,0.0003586800573888092,1.0,0.8055555555555556,1.9444444444444444,0.0,4.0
10.924776365574,122.368140754173,0.0003586800573888092,1.0,0.8138888888888889,1.9458333333333333,0.0,4.0
10.924776365574,123.375653830788,0.0003586800573888092,1.0,0.8180555555555555,1.9444444444444444,0.0,4.0
10.924776365574,124.383166907404,0.0003586800573888092,1.0,0.8305555555555556,1.9638888888888888,0.0,4.0
10.924776365574,125.39067998402,0.0003586800573888092,1.0,0.8472222222222222,1.9708333333333334,0.0,4.0
10.924776365574,126.398193060636,0.0003586800573888092,1.0,0.8611111111111112,1.9847222222222223,0.0,4.0
10.924776365574,127.405706137251,0.0003586800573888092,1.0,0.8666666666666667,1.9861111111111112,0.0,4.0
10.924776365574,128.413219213867,0.0003586800573888092,1.0,0.8694444444444445,2.0,0.0,4.0
10.924776365574,129.420732290483,0.0003586800573888092,1.0,0.8722222222222222,1.9944444444444445,0.0,4.0
10.924776365574,130.428245367099,0.0003586800573888092,1.0,0.8638888888888889,1.9819444444444445,0.0,4.0
10.924776365574,131.435758443714,0.0003586800573888092,1.0,0.8638888888888889,1.9944444444444445,0.0,4.0
10.924776365574,132.44327152033,0.0003586800573888092,1.0,0.8486111111111111,1.9722222222222223,0.0,4.0
10.924776365574,133.450784596946,0.0003586800573888092,1.0,0.8333333333333334,1.9680555555555554,0.0,4.0
10.924776365574,134.458297673562,0.0003586800573888092,1.0,0.8152777777777778,1.9458333333333333,0.0,4.0
10.924776365574,135.0,0.0003586800573888092,1.0,0.8652777777777778,2.001388888888889,0.0,4.0
11.914030132085,73.0,0.0003586800573888092,1.0,0.8291666666666667,1.9597222222222221,0.0,4.0
11.914030132085,74.011032971551,0.0003586800573888092,1.0,0.8263888888888888,1.9541666666666666,0.0,4.0
11.914030132085,75.022065943101,0.0003586800573888092,1.0,0.8333333333333334,1.9652777777777777,0.0,4.0
11.914030132085,76.033098914652,0.0003586800573888092,1.0,0.8402777777777778,1.9722222222222223,0.0,4.0
11.914030132085,77.044131886203,0.0003586800573888092,1.0,0.8555555555555555,1.9847222222222223,0.0,4.0
11.914030132085,78.055164857754,0.0003586800573888092,1.0,0.8583333333333333,1.9930555555555556,0.0,4.0
11.914030132085,79.066197829304,0.0003586800573888092,1.0,0.8694444444444445,2.004166666666667,0.0,4.0
11.914030132085,80.077230800855,0.0003586800573888092,1.0,0.8680555555555556,1.9986111111111111,0.0,4.0
11.914030132085,81.088263772406,0.0003586800573888092,1.0,0.8722222222222222,2.0027777777777778,0.0,4.0
11.914030132085,82.099296743957,0.0003586800573888092,1.0,0.8652777777777778,1.9972222222222222,0.0,4.0
11.914030132085,83.110329715507,0.0003586800573888092,1.0,0.8597222222222223,1.9930555555555556,0.0,4.0
11.914030132085,84.121362687058,0.0003586800573888092,1.0,0.8583333333333333,1.9902777777777778,0.0,4.0
11.914030132085,85.132395658609,0.0003586800573888092,1.0,0.8458333333333333,1.9791666666666667,0.0,4.0
11.914030132085,86.14342863016,0.0003586800573888092,1.0,0.8347222222222223,1.961111111111111,0.0,4.0
11.914030132085,87.15446160171,0.0003586800573888092,1.0,0.8291666666666667,1.9569444444444444,0.0,4.0
11.914030132085,88.165494573261,0.0003586800573888092,1.0,0.8277777777777777,1.9597222222222221,0.0,4.0
11.914030132085,89.176527544812,0.0003586800573888092,1.0,0.8333333333333334,1.9638888888888888,0.0,4.0
11.914030132085,90.187560516362,0.0003586800573888092,1.0,0.8333333333333334,1.9652777777777777,0.0,4.0
11.914030132085,91.198593487913,0.0003586800573888092,1.0,0.8402777777777778,1.9680555555555554,0.0,4.0
11.914030132085,92.209626459464,0.0003586800573888092,1.0,0.85,1.976388888888889,0.0,4.0
11.914030132085,93.220659431015,0.0003586800573888092,1.0,0.8569444444444444,1.988888888888889,0.0,4.0
11.914030132085,94.231692402565,0.0003586800573888092,1.0,0.8666666666666667,2.004166666666667,0.0,4.0
11.914030132085,95.242725374116,0.0003586800573888092,1.0,0.8680555555555556,1.9986111111111111,0.0,4.0
11.914030132085,96.253758345667,0.0003586800573888092,1.0,0.8708333333333333,1.9986111111111111,0.0,4.0
11.914030132085,97.264791317218,0.0003586800573888092,1.0,0.8652777777777778,1.9958333333333333,0.0,4.0
11.914030132085,98.275824288768,0.0003586800573888092,1.0,0.8611111111111112,1.9902777777777778,0.0,4.0
11.914030132085,99.286857260319,0.0003586800573888092,1.0,0.8583333333333333,1.9902777777777778,0.0,4.0
11.914030132085,100.29789023187,0.0003586800573888092,1.0,0.8472222222222222,1.9847222222222223,0.0,4.0
11.914030132085,101.308923203421,0.0003586800573888092,1.0,0.8361111111111111,1.9652777777777777,0.0,4.0
11.914030132085,102.319956174971,0.0003586800573888092,1.0,0.8277777777777777,1.9513888888888888,0.0,4.0
11.914030132085,103.330989146522,0.0003586800573888092,1.0,0.8236111111111111,1.9513888888888888,0.0,4.0
11.914030132085,104.342022118073,0.0003586800573888092,1.0,0.8333333333333334,1.9652777777777777,0.0,4.0
11.914030132085,105.353055089623,0.0003586800573888092,1.0,0.8305555555555556,1.961111111111111,0.0,4.0
11.914030132085,106.364088061174,0.0003586800573888092,1.0,0.8388888888888889,1.9680555555555554,0.0,4.0
11.914030132085,107.375121032725,0.0003586800573888092,1.0,0.85,1.9791666666666667,0.0,4.0
11.914030132085,108.386154004276,0.0003586800573888092,1.0,0.8597222222222223,1.9930555555555556,0.0,4.0
11.914030132085,109.397186975826,0.0003586800573888092,1.0,0.8736111111111111,2.0097222222222224,0.0,4.0
11.914030132085,110.408219947377,0.0003586800573888092,1.0,0.8708333333333333,2.0027777777777778,0.0,4.0
11.914030132085,111.419252918928,0.0003586800573888092,1.0,0.8736111111111111,2.0097222222222224,0.0,4.0
11.914030132085,112.430285890479,0.0003586800573888092,1.0,0.8666666666666667,2.0027777777777778,0.0,4.0
11.914030132085,113.441318862029,0.0003586800573888092,1.0,0.8583333333333333,1.9833333333333334,0.0,4.0
11.914030132085,114.45235183358,0.0003586800573888092,1.0,0.8569444444444444,1.988888888888889,0.0,4.0
11.914030132085,115.463384805131,0.0003586800573888092,1.0,0.8416666666666667,1.9736111111111112,0.0,4.0
11.914030132085,116.474417776682,0.0003586800573888092,1.0,0.8361111111111111,1.9652777777777777,0.0,4.0
11.914030132085,117.485450748232,0.0003586800573888092,1.0,0.825,1.948611111111111,0.0,4.0
11.914030132085,118.496483719783,0.0003586800573888092,1.0,0.8236111111111111,1.9513888888888888,0.0,4.0
11.914030132085,119.507516691334,0.0003586800573888092,1.0,0.8361111111111111,1.9666666666666666,0.0,4.0
11.914030132085,120.518549662884,0.0003586800573888092,1.0,0.8361111111111111,1.9666666666666666,0.0,4.0
11.914030132085,121.529582634435,0.0003586800573888092,1.0,0.8416666666666667,1.9722222222222223,0.0,4.0
11.914030132085,122.540615605986,0.0003586800573888092,1.0,0.8541666666666666,1.9861111111111112,0.0,4.0
11.914030132085,123.551648577537,0.0003586800573888092,1.0,0.8611111111111112,1.9930555555555556,0.0,4.0
11.914030132085,124.562681549087,0.0003586800573888092,1.0,0.8722222222222222,2.0,0.0,4.0
11.914030132085,125.573714520638,0.0003586800573888092,1.0,0.8708333333333333,2.0027777777777778,0.0,4.0
11.914030132085,126.584747492189,0.0003586800573888092,1.0,0.8694444444444445,2.0083333333333333,0.0,4.0
11.914030132085,127.59578046374,0.0003586800573888092,1.0,0.8652777777777778,1.9986111111111111,0.0,4.0
11.914030132085,128.60681343529,0.0003586800573888092,1.0,0.8569444444444444,1.9819444444444445,0.0,4.0
11.914030132085,129.617846406841,0.0003586800573888092,1.0,0.8541666666666666,1.9833333333333334,0.0,4.0
11.914030132085,130.628879378392,0.0003586800573888092,1.0,0.8458333333333333,1.9791666666666667,0.0,4.0
11.914030132085,131.639912349943,0.0003586800573888092,1.0,0.8375,1.9680555555555554,0.0,4.0
11.914030132085,132.650945321493,0.0003586800573888092,1.0,0.825,1.9527777777777777,0.0,4.0
11.914030132085,133.661978293044,0.0003586800573888092,1.0,0.8208333333333333,1.95,0.0,4.0
11.914030132085,134.673011264595,0.0003586800573888092,1.0,0.8347222222222223,1.9666666666666666,0.0,4.0
11.914030132085,135.0,0.0003586800573888092,1.0,0.8694444444444445,1.9972222222222222,0.0,4.0
12.903283898595,73.0,0.0003586800573888092,1.0,0.8625,1.9708333333333334,0.0,4.0
12.903283898595,74.014881142159,0.0003586800573888092,1.0,0.8638888888888889,1.976388888888889,0.0,4.0
12.903283898595,75.029762284318,0.0003586800573888092,1.0,0.8722222222222222,1.9916666666666667,0.0,4.0
12.903283898595,76.044643426477,0.0003586800573888092,1.0,0.8763888888888889,1.9847222222222223,0.0,4.0
12.903283898595,77.059524568636,0.0003586800573888092,1.0,0.8847222222222222,1.9972222222222222,0.0,8.0
12.903283898595,78.074405710795,0.0003586800573888092,1.0,0.8861111111111111,2.0069444444444446,0.0,8.0
12.903283898595,79.089286852954,0.0003586800573888092,1.0,0.8972222222222223,2.011111111111111,0.0,8.0
12.903283898595,80.104167995113,0.0003586800573888092,1.0,0.8972222222222223,2.0069444444444446,0.0,8.0
12.903283898595,81.119049137272,0.0003586800573888092,1.0,0.8972222222222223,2.015277777777778,0.0,8.0
12.903283898595,82.133930279431,0.0003586800573888092,1.0,0.8958333333333334,2.011111111111111,0.0,8.0
12.903283898595,83.14881142159,0.0003586800573888092,1.0,0.8833333333333333,1.9944444444444445,0.0,8.0
12.903283898595,84.163692563749,0.0003586800573888092,1.0,0.8763888888888889,1.9930555555555556,0.0,8.0
12.903283898595,85.178573705908,0.0003586800573888092,1.0,0.8736111111111111,1.988888888888889,0.0,4.0
12.903283898595,86.193454848068,0.0003586800573888092,1.0,0.8708333333333333,1.9819444444444445,0.0,4.0
12.903283898595,87.208335990227,0.0003586800573888092,1.0,0.8666666666666667,1.9777777777777779,0.0,4.0
12.903283898595,88.223217132386,0.0003586800573888092,1.0,0.8666666666666667,1.9819444444444445,0.0,4.0
12.903283898595,89.238098274545,0.0003586800573888092,1.0,0.8680555555555556,1.9875,0.0,4.0
12.903283898595,90.252979416704,0.0003586800573888092,1.0,0.8736111111111111,1.9819444444444445,0.0,6.0
12.903283898595,91.267860558863,0.0003586800573888092,1.0,0.8791666666666667,1.9916666666666667,0.0,8.0
12.903283898595,92.282741701022,0.0003586800573888092,1.0,0.8861111111111111,1.9972222222222222,0.0,4.0
12.903283898595,93.297622843181,0.0003586800573888092,1.0,0.8902777777777777,2.0055555555555555,0.0,8.0
12.903283898595,94.31250398534,0.0003586800573888092,1.0,0.8972222222222223,2.0166666666666666,0.0,8.0
12.903283898595,95.327385127499,0.0003586800573888092,1.0,0.9,2.015277777777778,0.0,8.0
12.903283898595,96.342266269658,0.0003586800573888092,1.0,0.8944444444444445,2.0097222222222224,0.0,4.0
12.903283898595,97.357147411817,0.0003586800573888092,1.0,0.8875,1.9902777777777778,0.0,8.0
12.903283898595,98.372028553976,0.0003586800573888092,1.0,0.8763888888888889,1.9847222222222223,0.0,8.0
12.903283898595,99.386909696135,0.0003586800573888092,1.0,0.8722222222222222,1.9930555555555556,0.0,4.0
12.903283898595,100.401790838294,0.0003586800573888092,1.0,0.8708333333333333,1.9875,0.0,4.0
12.903283898595,101.416671980453,0.0003586800573888092,1.0,0.8638888888888889,1.976388888888889,0.0,4.0
12.903283898595,102.431553122612,0.0003586800573888092,1.0,0.8638888888888889,1.975,0.0,4.0
12.903283898595,103.446434264771,0.0003586800573888092,1.0,0.8708333333333333,1.9847222222222223,0.0,4.0
12.903283898595,104.46131540693,0.0003586800573888092,1.0,0.8722222222222222,1.9833333333333334,0.0,4.0
12.903283898595,105.476196549089,0.0003586800573888092,1.0,0.8833333333333333,1.9916666666666667,0.0,4.0
12.903283898595,106.491077691248,0.0003586800573888092,1.0,0.8902777777777777,2.004166666666667,0.0,8.0
12.903283898595,107.505958833407,0.0003586800573888092,1.0,0.8916666666666667,2.0097222222222224,0.0,8.0
12.903283898595,108.520839975566,0.0003586800573888092,1.0,0.8986111111111111,2.0069444444444446,0.0,4.0
12.903283898595,109.535721117725,0.0003586800573888092,1.0,0.8944444444444445,2.0069444444444446,0.0,8.0
12.903283898595,110.550602259885,0.0003586800573888092,1.0,0.8902777777777777,2.011111111111111,0.0,8.0
12.903283898595,111.565483402044,0.0003586800573888092,1.0,0.8861111111111111,1.9958333333333333,0.0,8.0
12.903283898595,112.580364544203,0.0003586800573888092,1.0,0.8819444444444444,1.9972222222222222,0.0,4.0
12.903283898595,113.595245686362,0.0003586800573888092,1.0,0.8763888888888889,1.9930555555555556,0.0,6.0
12.903283898595,114.610126828521,0.0003586800573888092,1.0,0.8680555555555556,1.9777777777777779,0.0,4.0
12.903283898595,115.62500797068,0.0003586800573888092,1.0,0.8597222222222223,1.9708333333333334,0.0,4.0
12.903283898595,116.639889112839,0.0003586800573888092,1.0,0.8638888888888889,1.9833333333333334,0.0,4.0
12.903283898595,117.654770254998,0.0003586800573888092,1.0,0.8680555555555556,1.9861111111111112,0.0,4.0
12.903283898595,118.669651397157,0.0003586800573888092,1.0,0.8777777777777778,1.9875,0.0,4.0
12.903283898595,119.684532539316,0.0003586800573888092,1.0,0.8805555555555555,1.9805555555555556,0.0,8.0
12.903283898595,120.699413681475,0.0003586800573888092,1.0,0.8875,2.0069444444444446,0.0,8.0
12.903283898595,121.714294823634,0.0003586800573888092,1.0,0.9013888888888889,2.0180555555555557,0.0,8.0
12.903283898595,122.729175965793,0.0003586800573888092,1.0,0.8958333333333334,2.0097222222222224,0.0,8.0
12.903283898595,123.744057107952,0.0003586800573888092,1.0,0.8944444444444445,2.0125,0.0,8.0
12.903283898595,124.758938250111,0.0003586800573888092,1.0,0.8902777777777777,2.0069444444444446,0.0,8.0
12.903283898595,125.77381939227,0.0003586800573888092,1.0,0.8847222222222222,1.9972222222222222,0.0,8.0
12.903283898595,126.788700534429,0.0003586800573888092,1.0,0.8791666666666667,1.9875,0.0,6.0
12.903283898595,127.803581676588,0.0003586800573888092,1.0,0.8722222222222222,1.9916666666666667,0.0,4.0
12.903283898595,128.818462818747,0.0003586800573888092,1.0,0.8680555555555556,1.9833333333333334,0.0,4.0
12.903283898595,129.833343960906,0.0003586800573888092,1.0,0.8680555555555556,1.9861111111111112,0.0,4.0
12.903283898595,130.848225103065,0.0003586800573888092,1.0,0.8652777777777778,1.9805555555555556,0.0,4.0
12.903283898595,131.863106245224,0.0003586800573888092,1.0,0.8708333333333333,1.9875,0.0,4.0
12.903283898595,132.877987387383,0.0003586800573888092,1.0,0.8736111111111111,1.9861111111111112,0.0,8.0
12.903283898595,133.892868529542,0.0003586800573888092,1.0,0.8833333333333333,1.988888888888889,0.0,4.0
12.903283898595,134.907749671701,0.0003586800573888092,1.0,0.8833333333333333,1.9986111111111111,0.0,8.0
12.903283898595,135.0,0.0003586800573888092,1.0,0.8958333333333334,2.011111111111111,0.0,8.0
13.892537665106,73.0,0.0003586800573888092,1.0,0.8819444444444444,2.0069444444444446,0.0,4.0
13.892537665106,74.019063660046,0.0003586800573888092,1.0,0.8763888888888889,2.0055555555555555,0.0,4.0
13.892537665106,75.038127320091,0.0003586800573888092,1.0,0.8763888888888889,2.0097222222222224,0.0,4.0
13.892537665106,76.057190980137,0.0003586800573888092,1.0,0.8777777777777778,2.001388888888889,0.0,4.0
13.892537665106,77.076254640182,0.0003586800573888092,1.0,0.8736111111111111,2.0,0.0,4.0
13.892537665106,78.095318300228,0.0003586800573888092,1.0,0.875,2.0125,0.0,4.0
13.892537665106,79.114381960274,0.0003586800573888092,1.0,0.8819444444444444,2.013888888888889,0.0,4.0
13.892537665106,80.133445620319,0.0003586800573888092,1.0,0.8875,2.022222222222222,0.0,4.0
13.892537665106,81.152509280365,0.0003586800573888092,1.0,0.8847222222222222,2.0236111111111112,0.0,4.0
13.892537665106,82.171572940411,0.0003586800573888092,1.0,0.8736111111111111,2.0097222222222224,0.0,4.0
13.892537665106,83.190636600456,0.0003586800573888092,1.0,0.8763888888888889,2.0,0.0,4.0
13.892537665106,84.209700260502,0.0003586800573888092,1.0,0.8777777777777778,2.004166666666667,0.0,4.0
13.892537665106,85.228763920547,0.0003586800573888092,1.0,0.8763888888888889,2.001388888888889,0.0,4.0
13.892537665106,86.247827580593,0.0003586800573888092,1.0,0.8777777777777778,2.0097222222222224,0.0,4.0
13.892537665106,87.266891240639,0.0003586800573888092,1.0,0.8791666666666667,2.0069444444444446,0.0,4.0
13.892537665106,88.285954900684,0.0003586800573888092,1.0,0.8777777777777778,2.0027777777777778,0.0,4.0
13.892537665106,89.30501856073,0.0003586800573888092,1.0,0.8791666666666667,2.0,0.0,4.0
13.892537665106,90.324082220776,0.0003586800573888092,1.0,0.8791666666666667,2.0083333333333333,0.0,4.0
13.892537665106,91.343145880821,0.0003586800573888092,1.0,0.875,2.0125,0.0,4.0
13.892537665106,92.362209540867,0.0003586800573888092,1.0,0.8875,2.0236111111111112,0.0,4.0
13.892537665106,93.381273200912,0.0003586800573888092,1.0,0.8875,2.022222222222222,0.0,4.0
13.892537665106,94.400336860958,0.0003586800573888092,1.0,0.8805555555555555,2.0125,0.0,4.0
13.892537665106,95.419400521004,0.0003586800573888092,1.0,0.8791666666666667,2.0166666666666666,0.0,4.0
13.892537665106,96.438464181049,0.0003586800573888092,1.0,0.8722222222222222,1.9958333333333333,0.0,4.0
13.892537665106,97.457527841095,0.0003586800573888092,1.0,0.875,2.0055555555555555,0.0,4.0
13.892537665106,98.47659150114,0.0003586800573888092,1.0,0.8763888888888889,2.004166666666667,0.0,4.0
13.892537665106,99.495655161186,0.0003586800573888092,1.0,0.8763888888888889,2.0027777777777778,0.0,4.0
13.892537665106,100.514718821232,0.0003586800573888092,1.0,0.8791666666666667,2.0069444444444446,0.0,4.0
13.892537665106,101.533782481277,0.0003586800573888092,1.0,0.8791666666666667,2.0097222222222224,0.0,4.0
13.892537665106,102.552846141323,0.0003586800573888092,1.0,0.875,2.0069444444444446,0.0,4.0
13.892537665106,103.571909801369,0.0003586800573888092,1.0,0.8805555555555555,2.0055555555555555,0.0,4.0
13.892537665106,104.590973461414,0.0003586800573888092,1.0,0.8791666666666667,2.0069444444444446,0.0,4.0
13.892537665106,105.61003712146,0.0003586800573888092,1.0,0.8805555555555555,2.0208333333333335,0.0,4.0
13.892537665106,106.629100781505,0.0003586800573888092,1.0,0.8861111111111111,2.0194444444444444,0.0,4.0
13.892537665106,107.648164441551,0.0003586800573888092,1.0,0.8861111111111111,2.0194444444444444,0.0,4.0
13.892537665106,108.667228101597,0.0003586800573888092,1.0,0.8847222222222222,2.022222222222222,0.0,4.0
13.892537665106,109.686291761642,0.0003586800573888092,1.0,0.8722222222222222,1.9958333333333333,0.0,4.0
13.892537665106,110.705355421688,0.0003586800573888092,1.0,0.8736111111111111,1.9972222222222222,0.0,4.0
13.892537665106,111.724419081733,0.0003586800573888092,1.0,0.8777777777777778,2.0069444444444446,0.0,4.0
13.892537665106,112.743482741779,0.0003586800573888092,1.0,0.8791666666666667,2.0055555555555555,0.0,4.0
13.892537665106,113.762546401825,0.0003586800573888092,1.0,0.8777777777777778,2.0069444444444446,0.0,4.0
13.892537665106,114.78161006187,0.0003586800573888092,1.0,0.8791666666666667,2.004166666666667,0.0,4.0
13.892537665106,115.800673721916,0.0003586800573888092,1.0,0.875,2.0,0.0,4.0
13.892537665106,116.819737381962,0.0003586800573888092,1.0,0.8805555555555555,2.0069444444444446,0.0,4.0
13.892537665106,117.838801042007,0.0003586800573888092,1.0,0.8791666666666667,2.0083333333333333,0.0,4.0
13.892537665106,118.857864702053,0.0003586800573888092,1.0,0.8791666666666667,2.0194444444444444,0.0,4.0
13.892537665106,119.876928362098,0.0003586800573888092,1.0,0.8861111111111111,2.0194444444444444,0.0,4.0
13.892537665106,120.895992022144,0.0003586800573888092,1.0,0.8847222222222222,2.0180555555555557,0.0,4.0
13.892537665106,121.91505568219,0.0003586800573888092,1.0,0.8819444444444444,2.013888888888889,0.0,4.0
13.892537665106,122.934119342235,0.0003586800573888092,1.0,0.8763888888888889,2.015277777777778,0.0,4.0
13.892537665106,123.953183002281,0.0003586800573888092,1.0,0.8736111111111111,1.9986111111111111,0.0,4.0
13.892537665106,124.972246662326,0.0003586800573888092,1.0,0.8763888888888889,2.001388888888889,0.0,4.0
13.892537665106,125.991310322372,0.0003586800573888092,1.0,0.8791666666666667,2.0097222222222224,0.0,4.0
13.892537665106,127.010373982418,0.0003586800573888092,1.0,0.8791666666666667,2.0069444444444446,0.0,4.0
13.892537665106,128.029437642463,0.0003586800573888092,1.0,0.8819444444444444,2.0125,0.0,4.0
13.892537665106,129.048501302509,0.0003586800573888092,1.0,0.8763888888888889,2.0097222222222224,0.0,4.0
13.892537665106,130.067564962555,0.0003586800573888092,1.0,0.8777777777777778,2.0097222222222224,0.0,4.0
13.892537665106,131.0866286226,0.0003586800573888092,1.0,0.8805555555555555,2.004166666666667,0.0,4.0
13.892537665106,132.105692282646,0.0003586800573888092,1.0,0.8777777777777778,2.011111111111111,0.0,4.0
13.892537665106,133.124755942691,0.0003586800573888092,1.0,0.8805555555555555,2.022222222222222,0.0,4.0
13.892537665106,134.143819602737,0.0003586800573888092,1.0,0.8847222222222222,2.022222222222222,0.0,4.0
13.892537665106,135.0,0.0003586800573888092,1.0,0.8833333333333333,2.0180555555555557,0.0,4.0
14.881791431617,73.0,0.0003586800573888092,1.0,0.8597222222222223,2.029166666666667,0.0,4.0
14.881791431617,74.023587186705,0.0003586800573888092,1.0,0.8611111111111112,2.0347222222222223,0.0,4.0
14.881791431617,75.04717437341,0.0003586800573888092,1.0,0.8611111111111112,2.025,0.0,4.0
14.881791431617,76.070761560115,0.0003586800573888092,1.0,0.8611111111111112,2.0166666666666666,0.0,4.0
14.881791431617,77.094348746821,0.0003586800573888092,1.0,0.8597222222222223,2.0236111111111112,0.0,4.0
14.881791431617,78.117935933526,0.0003586800573888092,1.0,0.8625,2.0305555555555554,0.0,4.0
14.881791431617,79.141523120231,0.0003586800573888092,1.0,0.8722222222222222,2.0236111111111112,0.0,4.0
14.881791431617,80.165110306936,0.0003586800573888092,1.0,0.8694444444444445,2.026388888888889,0.0,4.0
14.881791431617,81.188697493641,0.0003586800573888092,1.0,0.8625,2.026388888888889,0.0,4.0
14.881791431617,82.212284680346,0.0003586800573888092,1.0,0.8583333333333333,2.013888888888889,0.0,4.0
14.881791431617,83.235871867051,0.0003586800573888092,1.0,0.8583333333333333,2.0236111111111112,0.0,4.0
14.881791431617,84.259459053756,0.0003586800573888092,1.0,0.8583333333333333,2.036111111111111,0.0,4.0
14.881791431617,85.283046240462,0.0003586800573888092,1.0,0.8638888888888889,2.029166666666667,0.0,4.0
14.881791431617,86.306633427167,0.0003586800573888092,1.0,0.8652777777777778,2.0347222222222223,0.0,4.0
14.881791431617,87.330220613872,0.0003586800573888092,1.0,0.8597222222222223,2.0194444444444444,0.0,4.0
14.881791431617,88.353807800577,0.0003586800573888092,1.0,0.8541666666666666,2.0277777777777777,0.0,4.0
14.881791431617,89.377394987282,0.0003586800573888092,1.0,0.8583333333333333,2.0097222222222224,0.0,4.0
14.881791431617,90.400982173987,0.0003586800573888092,1.0,0.8611111111111112,2.025,0.0,4.0
14.881791431617,91.424569360692,0.0003586800573888092,1.0,0.8666666666666667,2.0305555555555554,0.0,4.0
14.881791431617,92.448156547397,0.0003586800573888092,1.0,0.875,2.029166666666667,0.0,4.0
14.881791431617,93.471743734103,0.0003586800573888092,1.0,0.8638888888888889,2.029166666666667,0.0,4.0
14.881791431617,94.495330920808,0.0003586800573888092,1.0,0.8569444444444444,2.0208333333333335,0.0,4.0
14.881791431617,95.518918107513,0.0003586800573888092,1.0,0.8569444444444444,2.0208333333333335,0.0,4.0
14.881791431617,96.542505294218,0.0003586800573888092,1.0,0.8625,2.0208333333333335,0.0,4.0
14.881791431617,97.566092480923,0.0003586800573888092,1.0,0.8597222222222223,2.025,0.0,4.0
14.881791431617,98.589679667628,0.0003586800573888092,1.0,0.8625,2.0347222222222223,0.0,4.0
14.881791431617,99.613266854333,0.0003586800573888092,1.0,0.8583333333333333,2.0319444444444446,0.0,4.0
14.881791431617,100.636854041038,0.0003586800573888092,1.0,0.8555555555555555,2.0236111111111112,0.0,4.0
14.881791431617,101.660441227744,0.0003586800573888092,1.0,0.8625,2.0166666666666666,0.0,4.0
14.881791431617,102.684028414449,0.0003586800573888092,1.0,0.8583333333333333,2.0125,0.0,4.0
14.881791431617,103.707615601154,0.0003586800573888092,1.0,0.8597222222222223,2.026388888888889,0.0,4.0
14.881791431617,104.731202787859,0.0003586800573888092,1.0,0.8694444444444445,2.0277777777777777,0.0,4.0
14.881791431617,105.754789974564,0.0003586800573888092,1.0,0.8708333333333333,2.0319444444444446,0.0,4.0
14.881791431617,106.778377161269,0.0003586800573888092,1.0,0.8666666666666667,2.0305555555555554,0.0,4.0
14.881791431617,107.801964347974,0.0003586800573888092,1.0,0.8611111111111112,2.026388888888889,0.0,4.0
14.881791431617,108.82555153468,0.0003586800573888092,1.0,0.8555555555555555,2.013888888888889,0.0,4.0
14.881791431617,109.849138721385,0.0003586800573888092,1.0,0.8541666666666666,2.0194444444444444,0.0,4.0
14.881791431617,110.87272590809,0.0003586800573888092,1.0,0.8583333333333333,2.026388888888889,0.0,4.0
14.881791431617,111.896313094795,0.0003586800573888092,1.0,0.8625,2.029166666666667,0.0,4.0
14.881791431617,112.9199002815,0.0003586800573888092,1.0,0.8597222222222223,2.0236111111111112,0.0,4.0
14.881791431617,113.943487468205,0.0003586800573888092,1.0,0.8569444444444444,2.033333333333333,0.0,4.0
14.881791431617,114.96707465491,0.0003586800573888092,1.0,0.8625,2.026388888888889,0.0,4.0
14.881791431617,115.990661841615,0.0003586800573888092,1.0,0.8638888888888889,2.0194444444444444,0.0,4.0
14.881791431617,117.014249028321,0.0003586800573888092,1.0,0.8666666666666667,2.036111111111111,0.0,4.0
14.881791431617,118.037836215026,0.0003586800573888092,1.0,0.8736111111111111,2.025,0.0,4.0
14.881791431617,119.061423401731,0.0003586800573888092,1.0,0.8652777777777778,2.026388888888889,0.0,4.0
14.881791431617,120.085010588436,0.0003586800573888092,1.0,0.8611111111111112,2.022222222222222,0.0,4.0
14.881791431617,121.108597775141,0.0003586800573888092,1.0,0.8583333333333333,2.0319444444444446,0.0,4.0
14.881791431617,122.132184961846,0.0003586800573888092,1.0,0.8611111111111112,2.0208333333333335,0.0,4.0
14.881791431617,123.155772148551,0.0003586800573888092,1.0,0.8597222222222223,2.022222222222222,0.0,4.0
14.881791431617,124.179359335256,0.0003586800573888092,1.0,0.8666666666666667,2.033333333333333,0.0,4.0
14.881791431617,125.202946521962,0.0003586800573888092,1.0,0.8611111111111112,2.0277777777777777,0.0,4.0
14.881791431617,126.226533708667,0.0003586800573888092,1.0,0.8583333333333333,2.0277777777777777,0.0,4.0
14.881791431617,127.250120895372,0.0003586800573888092,1.0,0.8583333333333333,2.029166666666667,0.0,4.0
14.881791431617,128.273708082077,0.0003586800573888092,1.0,0.8652777777777778,2.0180555555555557,0.0,4.0
14.881791431617,129.297295268782,0.0003586800573888092,1.0,0.8666666666666667,2.029166666666667,0.0,4.0
14.881791431617,130.320882455487,0.0003586800573888092,1.0,0.8708333333333333,2.0347222222222223,0.0,4.0
14.881791431617,131.344469642192,0.0003586800573888092,1.0,0.8722222222222222,2.029166666666667,0.0,4.0
14.881791431617,132.368056828897,0.0003586800573888092,1.0,0.8652777777777778,2.029166666666667,0.0,4.0
14.881791431617,133.391644015603,0.0003586800573888092,1.0,0.8597222222222223,2.0277777777777777,0.0,4.0
14.881791431617,134.415231202308,0.0003586800573888092,1.0,0.8597222222222223,2.029166666666667,0.0,4.0
14.881791431617,135.0,0.0003586800573888092,1.0,0.8666666666666667,2.026388888888889,0.0,4.0
15.871045198127,73.0,0.0003586800573888092,1.0,0.9083333333333333,2.0527777777777776,0.0,4.0
15.871045198127,74.028459000175,0.0003586800573888092,1.0,0.9055555555555556,2.0458333333333334,0.0,4.0
15.871045198127,75.05691800035,0.0003586800573888092,1.0,0.9027777777777778,2.0444444444444443,0.0,4.0
15.871045198127,76.085377000525,0.0003586800573888092,1.0,0.8986111111111111,2.033333333333333,0.0,4.0
15.871045198127,77.1138360007,0.0003586800573888092,1.0,0.8958333333333334,2.0388888888888888,0.0,6.0
15.871045198127,78.142295000875,0.0003586800573888092,1.0,0.8944444444444445,2.0375,0.0,4.0
15.871045198127,79.17075400105,0.0003586800573888092,1.0,0.8930555555555556,2.0430555555555556,0.0,4.0
15.871045198127,80.199213001225,0.0003586800573888092,1.0,0.8944444444444445,2.0347222222222223,0.0,4.0
15.871045198127,81.2276720014,0.0003586800573888092,1.0,0.8972222222222223,2.0319444444444446,0.0,6.0
15.871045198127,82.256131001575,0.0003586800573888092,1.0,0.8944444444444445,2.0319444444444446,0.0,4.0
15.871045198127,83.28459000175,0.0003586800573888092,1.0,0.9027777777777778,2.0458333333333334,0.0,4.0
15.871045198127,84.313049001926,0.0003586800573888092,1.0,0.9083333333333333,2.0444444444444443,0.0,4.0
15.871045198127,85.341508002101,0.0003586800573888092,1.0,0.9041666666666667,2.05,0.0,4.0
15.871045198127,86.369967002276,0.0003586800573888092,1.0,0.9083333333333333,2.051388888888889,0.0,4.0
15.871045198127,87.398426002451,0.0003586800573888092,1.0,0.9013888888888889,2.040277777777778,0.0,4.0
15.871045198127,88.426885002626,0.0003586800573888092,1.0,0.8944444444444445,2.0375,0.0,4.0
15.871045198127,89.455344002801,0.0003586800573888092,1.0,0.8958333333333334,2.0347222222222223,0.0,6.0
15.871045198127,90.483803002976,0.0003586800573888092,1.0,0.8930555555555556,2.0347222222222223,0.0,6.0
15.871045198127,91.512262003151,0.0003586800573888092,1.0,0.8930555555555556,2.036111111111111,0.0,4.0
15.871045198127,92.540721003326,0.0003586800573888092,1.0,0.8958333333333334,2.0347222222222223,0.0,4.0
15.871045198127,93.569180003501,0.0003586800573888092,1.0,0.9,2.0458333333333334,0.0,6.0
15.871045198127,94.597639003676,0.0003586800573888092,1.0,0.8972222222222223,2.0319444444444446,0.0,4.0
15.871045198127,95.626098003851,0.0003586800573888092,1.0,0.9013888888888889,2.0375,0.0,4.0
15.871045198127,96.654557004026,0.0003586800573888092,1.0,0.9027777777777778,2.0430555555555556,0.0,4.0
15.871045198127,97.683016004201,0.0003586800573888092,1.0,0.9083333333333333,2.047222222222222,0.0,4.0
15.871045198127,98.711475004376,0.0003586800573888092,1.0,0.9013888888888889,2.05,0.0,4.0
15.871045198127,99.739934004551,0.0003586800573888092,1.0,0.8986111111111111,2.0416666666666665,0.0,4.0
15.871045198127,100.768393004726,0.0003586800573888092,1.0,0.8916666666666667,2.036111111111111,0.0,4.0
15.871045198127,101.796852004901,0.0003586800573888092,1.0,0.8986111111111111,2.036111111111111,0.0,4.0
15.871045198127,102.825311005076,0.0003586800573888092,1.0,0.8958333333333334,2.0347222222222223,0.0,6.0
15.871045198127,103.853770005251,0.0003586800573888092,1.0,0.8930555555555556,2.0388888888888888,0.0,4.0
15.871045198127,104.882229005426,0.0003586800573888092,1.0,0.9,2.0416666666666665,0.0,4.0
15.871045198127,105.910688005602,0.0003586800573888092,1.0,0.9027777777777778,2.0444444444444443,0.0,4.0
15.871045198127,106.939147005777,0.0003586800573888092,1.0,0.9055555555555556,2.047222222222222,0.0,4.0
15.871045198127,107.967606005952,0.0003586800573888092,1.0,0.9055555555555556,2.040277777777778,0.0,4.0
15.871045198127,108.996065006127,0.0003586800573888092,1.0,0.9083333333333333,2.058333333333333,0.0,4.0
15.871045198127,110.024524006302,0.0003586800573888092,1.0,0.9041666666666667,2.0458333333333334,0.0,4.0
15.871045198127,111.052983006477,0.0003586800573888092,1.0,0.9055555555555556,2.051388888888889,0.0,4.0
15.871045198127,112.081442006652,0.0003586800573888092,1.0,0.9,2.048611111111111,0.0,4.0
15.871045198127,113.109901006827,0.0003586800573888092,1.0,0.8958333333333334,2.036111111111111,0.0,4.0
15.871045198127,114.138360007002,0.0003586800573888092,1.0,0.8930555555555556,2.0347222222222223,0.0,4.0
15.871045198127,115.166819007177,0.0003586800573888092,1.0,0.9027777777777778,2.048611111111111,0.0,4.0
15.871045198127,116.195278007352,0.0003586800573888092,1.0,0.8944444444444445,2.0347222222222223,0.0,4.0
15.871045198127,117.223737007527,0.0003586800573888092,1.0,0.9,2.0430555555555556,0.0,4.0
15.871045198127,118.252196007702,0.0003586800573888092,1.0,0.9027777777777778,2.047222222222222,0.0,4.0
15.871045198127,119.280655007877,0.0003586800573888092,1.0,0.9,2.047222222222222,0.0,4.0
15.871045198127,120.309114008052,0.0003586800573888092,1.0,0.9055555555555556,2.047222222222222,0.0,4.0
15.871045198127,121.337573008227,0.0003586800573888092,1.0,0.9055555555555556,2.0527777777777776,0.0,4.0
15.871045198127,122.366032008402,0.0003586800573888092,1.0,0.9041666666666667,2.048611111111111,0.0,4.0
15.871045198127,123.394491008577,0.0003586800573888092,1.0,0.9013888888888889,2.040277777777778,0.0,4.0
15.871045198127,124.422950008752,0.0003586800573888092,1.0,0.9055555555555556,2.051388888888889,0.0,4.0
15.871045198127,125.451409008927,0.0003586800573888092,1.0,0.9,2.0388888888888888,0.0,4.0
15.871045198127,126.479868009102,0.0003586800573888092,1.0,0.8972222222222223,2.036111111111111,0.0,4.0
15.871045198127,127.508327009278,0.0003586800573888092,1.0,0.8986111111111111,2.0416666666666665,0.0,4.0
15.871045198127,128.536786009453,0.0003586800573888092,1.0,0.9,2.040277777777778,0.0,4.0
15.871045198127,129.565245009628,0.0003586800573888092,1.0,0.8972222222222223,2.0347222222222223,0.0,4.0
15.871045198127,130.593704009803,0.0003586800573888092,1.0,0.9,2.048611111111111,0.0,4.0
15.871045198127,131.622163009978,0.0003586800573888092,1.0,0.9027777777777778,2.051388888888889,0.0,4.0
15.871045198127,132.650622010153,0.0003586800573888092,1.0,0.9027777777777778,2.048611111111111,0.0,4.0
15.871045198127,133.679081010328,0.0003586800573888092,1.0,0.9041666666666667,2.0430555555555556,0.0,4.0
15.871045198127,134.707540010503,0.0003586800573888092,1.0,0.9027777777777778,2.036111111111111,0.0,4.0
15.871045198127,135.0,0.0003586800573888092,1.0,0.9013888888888889,2.0430555555555556,0.0,4.0
16.860298964638,73.0,0.0003586800573888092,1.0,0.9083333333333333,2.0625,0.0,4.0
16.860298964638,74.033687024573,0.0003586800573888092,1.0,0.9097222222222222,2.063888888888889,0.0,2.0
16.860298964638,75.067374049146,0.0003586800573888092,1.0,0.9069444444444444,2.066666666666667,0.0,4.0
16.860298964638,76.101061073719,0.0003586800573888092,1.0,0.9,2.047222222222222,0.0,4.0
16.860298964638,77.134748098292,0.0003586800573888092,1.0,0.9013888888888889,2.0555555555555554,0.0,4.0
16.860298964638,78.168435122866,0.0003586800573888092,1.0,0.9027777777777778,2.0527777777777776,0.0,4.0
16.860298964638,79.202122147439,0.0003586800573888092,1.0,0.9,2.047222222222222,0.0,4.0
16.860298964638,80.235809172012,0.0003586800573888092,1.0,0.9055555555555556,2.058333333333333,0.0,4.0
16.860298964638,81.269496196585,0.0003586800573888092,1.0,0.9069444444444444,2.0597222222222222,0.0,4.0
16.860298964638,82.303183221158,0.0003586800573888092,1.0,0.9055555555555556,2.0541666666666667,0.0,4.0
16.860298964638,83.336870245731,0.0003586800573888092,1.0,0.9069444444444444,2.051388888888889,0.0,4.0
16.860298964638,84.370557270304,0.0003586800573888092,1.0,0.9083333333333333,2.0652777777777778,0.0,4.0
16.860298964638,85.404244294877,0.0003586800573888092,1.0,0.9111111111111111,2.0722222222222224,0.0,4.0
16.860298964638,86.43793131945,0.0003586800573888092,1.0,0.9041666666666667,2.058333333333333,0.0,4.0
16.860298964638,87.471618344024,0.0003586800573888092,1.0,0.9041666666666667,2.0569444444444445,0.0,4.0
16.860298964638,88.505305368597,0.0003586800573888092,1.0,0.9027777777777778,2.0527777777777776,0.0,4.0
16.860298964638,89.53899239317,0.0003586800573888092,1.0,0.9027777777777778,2.048611111111111,0.0,4.0
16.860298964638,90.572679417743,0.0003586800573888092,1.0,0.8958333333333334,2.0444444444444443,0.0,4.0
16.860298964638,91.606366442316,0.0003586800573888092,1.0,0.8986111111111111,2.05,0.0,4.0
16.860298964638,92.640053466889,0.0003586800573888092,1.0,0.9097222222222222,2.058333333333333,0.0,4.0
16.860298964638,93.673740491462,0.0003586800573888092,1.0,0.9069444444444444,2.0597222222222222,0.0,4.0
16.860298964638,94.707427516035,0.0003586800573888092,1.0,0.9069444444444444,2.0555555555555554,0.0,4.0
16.860298964638,95.741114540608,0.0003586800573888092,1.0,0.9083333333333333,2.058333333333333,0.0,2.0
16.860298964638,96.774801565182,0.0003586800573888092,1.0,0.9097222222222222,2.073611111111111,0.0,4.0
16.860298964638,97.808488589755,0.0003586800573888092,1.0,0.9055555555555556,2.061111111111111,0.0,4.0
16.860298964638,98.842175614328,0.0003586800573888092,1.0,0.9055555555555556,2.0597222222222222,0.0,4.0
16.860298964638,99.875862638901,0.0003586800573888092,1.0,0.9013888888888889,2.0430555555555556,0.0,4.0
16.860298964638,100.909549663474,0.0003586800573888092,1.0,0.9013888888888889,2.05,0.0,4.0
16.860298964638,101.943236688047,0.0003586800573888092,1.0,0.9041666666666667,2.0597222222222222,0.0,4.0
16.860298964638,102.97692371262,0.0003586800573888092,1.0,0.9,2.0458333333333334,0.0,4.0
16.860298964638,104.010610737193,0.0003586800573888092,1.0,0.9069444444444444,2.0541666666666667,0.0,4.0
16.860298964638,105.044297761766,0.0003586800573888092,1.0,0.9069444444444444,2.058333333333333,0.0,4.0
16.860298964638,106.07798478634,0.0003586800573888092,1.0,0.9055555555555556,2.0569444444444445,0.0,4.0
16.860298964638,107.111671810913,0.0003586800573888092,1.0,0.9083333333333333,2.0680555555555555,0.0,2.0
16.860298964638,108.145358835486,0.0003586800573888092,1.0,0.9097222222222222,2.063888888888889,0.0,2.0
16.860298964638,109.179045860059,0.0003586800573888092,1.0,0.9055555555555556,2.0652777777777778,0.0,4.0
16.860298964638,110.212732884632,0.0003586800573888092,1.0,0.9069444444444444,2.0569444444444445,0.0,4.0
16.860298964638,111.246419909205,0.0003586800573888092,1.0,0.9013888888888889,2.0458333333333334,0.0,4.0
16.860298964638,112.280106933778,0.0003586800573888092,1.0,0.8986111111111111,2.0527777777777776,0.0,4.0
16.860298964638,113.313793958351,0.0003586800573888092,1.0,0.9055555555555556,2.0555555555555554,0.0,4.0
16.860298964638,114.347480982924,0.0003586800573888092,1.0,0.9027777777777778,2.0555555555555554,0.0,4.0
16.860298964638,115.381168007498,0.0003586800573888092,1.0,0.9041666666666667,2.0541666666666667,0.0,4.0
16.860298964638,116.414855032071,0.0003586800573888092,1.0,0.9069444444444444,2.0569444444444445,0.0,4.0
16.860298964638,117.448542056644,0.0003586800573888092,1.0,0.9083333333333333,2.0722222222222224,0.0,4.0
16.860298964638,118.482229081217,0.0003586800573888092,1.0,0.9097222222222222,2.063888888888889,0.0,4.0
16.860298964638,119.51591610579,0.0003586800573888092,1.0,0.9055555555555556,2.0680555555555555,0.0,4.0
16.860298964638,120.549603130363,0.0003586800573888092,1.0,0.9041666666666667,2.0597222222222222,0.0,4.0
16.860298964638,121.583290154936,0.0003586800573888092,1.0,0.9027777777777778,2.0444444444444443,0.0,4.0
16.860298964638,122.616977179509,0.0003586800573888092,1.0,0.9027777777777778,2.0555555555555554,0.0,4.0
16.860298964638,123.650664204082,0.0003586800573888092,1.0,0.8986111111111111,2.048611111111111,0.0,4.0
16.860298964638,124.684351228656,0.0003586800573888092,1.0,0.9027777777777778,2.0527777777777776,0.0,4.0
16.860298964638,125.718038253229,0.0003586800573888092,1.0,0.9055555555555556,2.0555555555555554,0.0,4.0
16.860298964638,126.751725277802,0.0003586800573888092,1.0,0.9027777777777778,2.0458333333333334,0.0,4.0
16.860298964638,127.785412302375,0.0003586800573888092,1.0,0.9055555555555556,2.0597222222222222,0.0,4.0
16.860298964638,128.819099326948,0.0003586800573888092,1.0,0.9083333333333333,2.0694444444444446,0.0,4.0
16.860298964638,129.852786351521,0.0003586800573888092,1.0,0.9069444444444444,2.0680555555555555,0.0,4.0
16.860298964638,130.886473376094,0.0003586800573888092,1.0,0.9083333333333333,2.0680555555555555,0.0,4.0
16.860298964638,131.920160400667,0.0003586800573888092,1.0,0.9041666666666667,2.047222222222222,0.0,4.0
16.860298964638,132.95384742524,0.0003586800573888092,1.0,0.9013888888888889,2.051388888888889,0.0,4.0
16.860298964638,133.987534449814,0.0003586800573888092,1.0,0.9041666666666667,2.0625,0.0,4.0
16.860298964638,135.0,0.0003586800573888092,1.0,0.9027777777777778,2.0555555555555554,0.0,4.0
17.849552731148,73.0,0.0003586800573888092,1.0,0.8875,2.084722222222222,0.0,4.0
17.849552731148,74.039279862749,0.0003586800573888092,1.0,0.8875,2.084722222222222,0.0,4.0
17.849552731148,75.078559725498,0.0003586800573888092,1.0,0.8847222222222222,2.077777777777778,0.0,4.0
17.849552731148,76.117839588247,0.0003586800573888092,1.0,0.8763888888888889,2.0708333333333333,0.0,4.0
17.849552731148,77.157119450997,0.0003586800573888092,1.0,0.8722222222222222,2.073611111111111,0.0,4.0
17.849552731148,78.196399313746,0.0003586800573888092,1.0,0.8722222222222222,2.0652777777777778,0.0,4.0
17.849552731148,79.235679176495,0.0003586800573888092,1.0,0.8708333333333333,2.0652777777777778,0.0,4.0
17.849552731148,80.274959039244,0.0003586800573888092,1.0,0.875,2.077777777777778,0.0,4.0
17.849552731148,81.314238901993,0.0003586800573888092,1.0,0.8805555555555555,2.077777777777778,0.0,4.0
17.849552731148,82.353518764742,0.0003586800573888092,1.0,0.8861111111111111,2.0819444444444444,0.0,4.0
17.849552731148,83.392798627491,0.0003586800573888092,1.0,0.8875,2.088888888888889,0.0,4.0
17.849552731148,84.432078490241,0.0003586800573888092,1.0,0.8875,2.088888888888889,0.0,4.0
17.849552731148,85.47135835299,0.0003586800573888092,1.0,0.8819444444444444,2.0791666666666666,0.0,4.0
17.849552731148,86.510638215739,0.0003586800573888092,1.0,0.8805555555555555,2.0708333333333333,0.0,4.0
17.849552731148,87.549918078488,0.0003586800573888092,1.0,0.8722222222222222,2.0680555555555555,0.0,4.0
17.849552731148,88.589197941237,0.0003586800573888092,1.0,0.8722222222222222,2.0791666666666666,0.0,4.0
17.849552731148,89.628477803986,0.0003586800573888092,1.0,0.8652777777777778,2.063888888888889,0.0,4.0
17.849552731148,90.667757666735,0.0003586800573888092,1.0,0.8736111111111111,2.0708333333333333,0.0,4.0
17.849552731148,91.707037529485,0.0003586800573888092,1.0,0.875,2.0791666666666666,0.0,4.0
17.849552731148,92.746317392234,0.0003586800573888092,1.0,0.8805555555555555,2.0722222222222224,0.0,4.0
17.849552731148,93.785597254983,0.0003586800573888092,1.0,0.8833333333333333,2.0875,0.0,4.0
17.849552731148,94.824877117732,0.0003586800573888092,1.0,0.8902777777777777,2.0833333333333335,0.0,4.0
17.849552731148,95.864156980481,0.0003586800573888092,1.0,0.8861111111111111,2.0805555555555557,0.0,4.0
17.849552731148,96.90343684323,0.0003586800573888092,1.0,0.8847222222222222,2.084722222222222,0.0,4.0
17.849552731148,97.942716705979,0.0003586800573888092,1.0,0.8777777777777778,2.063888888888889,0.0,4.0
17.849552731148,98.981996568728,0.0003586800573888092,1.0,0.8694444444444445,2.061111111111111,0.0,4.0
17.849552731148,100.021276431478,0.0003586800573888092,1.0,0.8680555555555556,2.075,0.0,4.0
17.849552731148,101.060556294227,0.0003586800573888092,1.0,0.8694444444444445,2.0652777777777778,0.0,4.0
17.849552731148,102.099836156976,0.0003586800573888092,1.0,0.8763888888888889,2.0694444444444446,0.0,4.0
17.849552731148,103.139116019725,0.0003586800573888092,1.0,0.8819444444444444,2.0791666666666666,0.0,4.0
17.849552731148,104.178395882474,0.0003586800573888092,1.0,0.8847222222222222,2.0805555555555557,0.0,4.0
17.849552731148,105.217675745223,0.0003586800573888092,1.0,0.8875,2.0819444444444444,0.0,4.0
17.849552731148,106.256955607972,0.0003586800573888092,1.0,0.8902777777777777,2.0805555555555557,0.0,4.0
17.849552731148,107.296235470722,0.0003586800573888092,1.0,0.8833333333333333,2.0833333333333335,0.0,4.0
17.849552731148,108.335515333471,0.0003586800573888092,1.0,0.8777777777777778,2.076388888888889,0.0,4.0
17.849552731148,109.37479519622,0.0003586800573888092,1.0,0.8722222222222222,2.0652777777777778,0.0,4.0
17.849552731148,110.414075058969,0.0003586800573888092,1.0,0.8694444444444445,2.061111111111111,0.0,4.0
17.849552731148,111.453354921718,0.0003586800573888092,1.0,0.8666666666666667,2.0680555555555555,0.0,4.0
17.849552731148,112.492634784467,0.0003586800573888092,1.0,0.8777777777777778,2.0791666666666666,0.0,4.0
17.849552731148,113.531914647216,0.0003586800573888092,1.0,0.8819444444444444,2.0722222222222224,0.0,4.0
17.849552731148,114.571194509966,0.0003586800573888092,1.0,0.8861111111111111,2.0819444444444444,0.0,4.0
17.849552731148,115.610474372715,0.0003586800573888092,1.0,0.8875,2.0875,0.0,4.0
17.849552731148,116.649754235464,0.0003586800573888092,1.0,0.8888888888888888,2.0861111111111112,0.0,4.0
17.849552731148,117.689034098213,0.0003586800573888092,1.0,0.8847222222222222,2.075,0.0,4.0
17.849552731148,118.728313960962,0.0003586800573888092,1.0,0.8777777777777778,2.073611111111111,0.0,4.0
17.849552731148,119.767593823711,0.0003586800573888092,1.0,0.875,2.0722222222222224,0.0,4.0
17.849552731148,120.80687368646,0.0003586800573888092,1.0,0.8652777777777778,2.0694444444444446,0.0,4.0
17.849552731148,121.84615354921,0.0003586800573888092,1.0,0.8652777777777778,2.063888888888889,0.0,4.0
17.849552731148,122.885433411959,0.0003586800573888092,1.0,0.8722222222222222,2.075,0.0,4.0
17.849552731148,123.924713274708,0.0003586800573888092,1.0,0.875,2.0708333333333333,0.0,4.0
17.849552731148,124.963993137457,0.0003586800573888092,1.0,0.8819444444444444,2.0722222222222224,0.0,4.0
17.849552731148,126.003273000206,0.0003586800573888092,1.0,0.8888888888888888,2.088888888888889,0.0,4.0
17.849552731148,127.042552862955,0.0003586800573888092,1.0,0.8861111111111111,2.084722222222222,0.0,4.0
17.849552731148,128.081832725704,0.0003586800573888092,1.0,0.8875,2.0833333333333335,0.0,4.0
17.849552731148,129.121112588454,0.0003586800573888092,1.0,0.8833333333333333,2.073611111111111,0.0,4.0
17.849552731148,130.160392451203,0.0003586800573888092,1.0,0.8763888888888889,2.0652777777777778,0.0,4.0
17.849552731148,131.199672313952,0.0003586800573888092,1.0,0.8680555555555556,2.073611111111111,0.0,4.0
17.849552731148,132.238952176701,0.0003586800573888092,1.0,0.8680555555555556,2.0722222222222224,0.0,4.0
17.849552731148,133.27823203945,0.0003586800573888092,1.0,0.8722222222222222,2.0625,0.0,4.0
17.849552731148,134.317511902199,0.0003586800573888092,1.0,0.875,2.076388888888889,0.0,4.0
17.849552731148,135.0,0.0003586800573888092,1.0,0.8736111111111111,2.0708333333333333,0.0,4.0
18.838806497659,73.0,0.0003586800573888092,1.0,0.9361111111111111,2.1125,0.0,4.0
18.838806497659,74.04524683231,0.0003586800573888092,1.0,0.9361111111111111,2.1055555555555556,0.0,4.0
18.838806497659,75.090493664621,0.0003586800573888092,1.0,0.9277777777777778,2.0944444444444446,0.0,4.0
18.838806497659,76.135740496931,0.0003586800573888092,1.0,0.9263888888888889,2.0944444444444446,0.0,4.0
18.838806497659,77.180987329241,0.0003586800573888092,1.0,0.9222222222222223,2.091666666666667,0.0,4.0
18.838806497659,78.226234161552,0.0003586800573888092,1.0,0.9263888888888889,2.088888888888889,0.0,4.0
18.838806497659,79.271480993862,0.0003586800573888092,1.0,0.9236111111111112,2.0930555555555554,0.0,4.0
18.838806497659,80.316727826172,0.0003586800573888092,1.0,0.9277777777777778,2.0944444444444446,0.0,4.0
18.838806497659,81.361974658483,0.0003586800573888092,1.0,0.9291666666666667,2.091666666666667,0.0,4.0
18.838806497659,82.407221490793,0.0003586800573888092,1.0,0.9388888888888889,2.1083333333333334,0.0,4.0
18.838806497659,83.452468323104,0.0003586800573888092,1.0,0.9361111111111111,2.1013888888888888,0.0,4.0
18.838806497659,84.497715155414,0.0003586800573888092,1.0,0.9347222222222222,2.1083333333333334,0.0,4.0
18.838806497659,85.542961987724,0.0003586800573888092,1.0,0.9305555555555556,2.1013888888888888,0.0,4.0
18.838806497659,86.588208820035,0.0003586800573888092,1.0,0.9291666666666667,2.0944444444444446,0.0,4.0
18.838806497659,87.633455652345,0.0003586800573888092,1.0,0.9236111111111112,2.0930555555555554,0.0,4.0
18.838806497659,88.678702484655,0.0003586800573888092,1.0,0.9277777777777778,2.1041666666666665,0.0,4.0
18.838806497659,89.723949316966,0.0003586800573888092,1.0,0.9222222222222223,2.0791666666666666,0.0,4.0
18.838806497659,90.769196149276,0.0003586800573888092,1.0,0.9305555555555556,2.095833333333333,0.0,4.0
18.838806497659,91.814442981586,0.0003586800573888092,1.0,0.9319444444444445,2.1013888888888888,0.0,4.0
18.838806497659,92.859689813897,0.0003586800573888092,1.0,0.9347222222222222,2.102777777777778,0.0,4.0
18.838806497659,93.904936646207,0.0003586800573888092,1.0,0.9375,2.1069444444444443,0.0,4.0
18.838806497659,94.950183478517,0.0003586800573888092,1.0,0.9361111111111111,2.1055555555555556,0.0,4.0
18.838806497659,95.995430310828,0.0003586800573888092,1.0,0.9236111111111112,2.098611111111111,0.0,4.0
18.838806497659,97.040677143138,0.0003586800573888092,1.0,0.9305555555555556,2.0902777777777777,0.0,4.0
18.838806497659,98.085923975449,0.0003586800573888092,1.0,0.9263888888888889,2.091666666666667,0.0,4.0
18.838806497659,99.131170807759,0.0003586800573888092,1.0,0.9222222222222223,2.098611111111111,0.0,4.0
18.838806497659,100.176417640069,0.0003586800573888092,1.0,0.925,2.0875,0.0,4.0
18.838806497659,101.22166447238,0.0003586800573888092,1.0,0.9305555555555556,2.091666666666667,0.0,4.0
18.838806497659,102.26691130469,0.0003586800573888092,1.0,0.9333333333333333,2.095833333333333,0.0,4.0
18.838806497659,103.312158137,0.0003586800573888092,1.0,0.9333333333333333,2.1013888888888888,0.0,4.0
18.838806497659,104.357404969311,0.0003586800573888092,1.0,0.9361111111111111,2.1083333333333334,0.0,4.0
18.838806497659,105.402651801621,0.0003586800573888092,1.0,0.9319444444444445,2.1069444444444443,0.0,4.0
18.838806497659,106.447898633931,0.0003586800573888092,1.0,0.925,2.1,0.0,4.0
18.838806497659,107.493145466242,0.0003586800573888092,1.0,0.9291666666666667,2.098611111111111,0.0,4.0
18.838806497659,108.538392298552,0.0003586800573888092,1.0,0.9263888888888889,2.0875,0.0,4.0
18.838806497659,109.583639130862,0.0003586800573888092,1.0,0.925,2.0972222222222223,0.0,4.0
18.838806497659,110.628885963173,0.0003586800573888092,1.0,0.9236111111111112,2.0930555555555554,0.0,4.0
18.838806497659,111.674132795483,0.0003586800573888092,1.0,0.925,2.088888888888889,0.0,4.0
18.838806497659,112.719379627793,0.0003586800573888092,1.0,0.9347222222222222,2.098611111111111,0.0,4.0
18.838806497659,113.764626460104,0.0003586800573888092,1.0,0.9388888888888889,2.1055555555555556,0.0,4.0
18.838806497659,114.809873292414,0.0003586800573888092,1.0,0.9347222222222222,2.109722222222222,0.0,4.0
18.838806497659,115.855120124725,0.0003586800573888092,1.0,0.9319444444444445,2.102777777777778,0.0,4.0
18.838806497659,116.900366957035,0.0003586800573888092,1.0,0.9333333333333333,2.1013888888888888,0.0,4.0
18.838806497659,117.945613789345,0.0003586800573888092,1.0,0.9222222222222223,2.091666666666667,0.0,4.0
18.838806497659,118.990860621656,0.0003586800573888092,1.0,0.9305555555555556,2.091666666666667,0.0,4.0
18.838806497659,120.036107453966,0.0003586800573888092,1.0,0.9208333333333333,2.0791666666666666,0.0,4.0
18.838806497659,121.081354286276,0.0003586800573888092,1.0,0.9319444444444445,2.1041666666666665,0.0,4.0
18.838806497659,122.126601118587,0.0003586800573888092,1.0,0.9305555555555556,2.102777777777778,0.0,4.0
18.838806497659,123.171847950897,0.0003586800573888092,1.0,0.9333333333333333,2.091666666666667,0.0,4.0
18.838806497659,124.217094783207,0.0003586800573888092,1.0,0.9375,2.1013888888888888,0.0,4.0
18.838806497659,125.262341615518,0.0003586800573888092,1.0,0.9319444444444445,2.098611111111111,0.0,4.0
18.838806497659,126.307588447828,0.0003586800573888092,1.0,0.9291666666666667,2.1055555555555556,0.0,4.0
18.838806497659,127.352835280138,0.0003586800573888092,1.0,0.9347222222222222,2.1,0.0,4.0
18.838806497659,128.398082112449,0.0003586800573888092,1.0,0.9263888888888889,2.0972222222222223,0.0,4.0
18.838806497659,129.443328944759,0.0003586800573888092,1.0,0.9208333333333333,2.0875,0.0,4.0
18.838806497659,130.48857577707,0.0003586800573888092,1.0,0.9236111111111112,2.0805555555555557,0.0,4.0
18.838806497659,131.53382260938,0.0003586800573888092,1.0,0.9305555555555556,2.1013888888888888,0.0,4.0
18.838806497659,132.57906944169,0.0003586800573888092,1.0,0.9333333333333333,2.1055555555555556,0.0,4.0
18.838806497659,133.624316274001,0.0003586800573888092,1.0,0.9305555555555556,2.095833333333333,0.0,4.0
18.838806497659,134.669563106311,0.0003586800573888092,1.0,0.9361111111111111,2.1013888888888888,0.0,4.0
18.838806497659,135.0,0.0003586800573888092,1.0,0.9263888888888889,2.0944444444444446,0.0,4.0
19.82806026417,73.0,0.0003586800573888092,1.0,0.9361111111111111,2.1194444444444445,0.0,2.0
19.82806026417,74.051598005311,0.0003586800573888092,1.0,0.9361111111111111,2.126388888888889,0.0,2.0
19.82806026417,75.103196010623,0.0003586800573888092,1.0,0.9402777777777778,2.1194444444444445,0.0,2.0
19.82806026417,76.154794015934,0.0003586800573888092,1.0,0.9375,2.1333333333333333,0.0,4.0
19.82806026417,77.206392021245,0.0003586800573888092,1.0,0.9347222222222222,2.123611111111111,0.0,4.0
19.82806026417,78.257990026557,0.0003586800573888092,1.0,0.9375,2.113888888888889,0.0,4.0
19.82806026417,79.309588031868,0.0003586800573888092,1.0,0.9263888888888889,2.1166666666666667,0.0,4.0
19.82806026417,80.361186037179,0.0003586800573888092,1.0,0.9361111111111111,2.1277777777777778,0.0,4.0
19.82806026417,81.412784042491,0.0003586800573888092,1.0,0.9388888888888889,2.125,0.0,2.0
19.82806026417,82.464382047802,0.0003586800573888092,1.0,0.9361111111111111,2.1222222222222222,0.0,2.0
19.82806026417,83.515980053113,0.0003586800573888092,1.0,0.9361111111111111,2.1125,0.0,2.0
19.82806026417,84.567578058425,0.0003586800573888092,1.0,0.9402777777777778,2.1333333333333333,0.0,2.0
19.82806026417,85.619176063736,0.0003586800573888092,1.0,0.9361111111111111,2.1194444444444445,0.0,4.0
19.82806026417,86.670774069047,0.0003586800573888092,1.0,0.9305555555555556,2.129166666666667,0.0,4.0
19.82806026417,87.722372074359,0.0003586800573888092,1.0,0.9305555555555556,2.120833333333333,0.0,4.0
19.82806026417,88.77397007967,0.0003586800573888092,1.0,0.9347222222222222,2.113888888888889,0.0,4.0
19.82806026417,89.825568084981,0.0003586800573888092,1.0,0.9361111111111111,2.120833333333333,0.0,4.0
19.82806026417,90.877166090293,0.0003586800573888092,1.0,0.9375,2.1277777777777778,0.0,4.0
19.82806026417,91.928764095604,0.0003586800573888092,1.0,0.9375,2.125,0.0,2.0
19.82806026417,92.980362100915,0.0003586800573888092,1.0,0.9347222222222222,2.126388888888889,0.0,2.0
19.82806026417,94.031960106227,0.0003586800573888092,1.0,0.9347222222222222,2.1194444444444445,0.0,2.0
19.82806026417,95.083558111538,0.0003586800573888092,1.0,0.9319444444444445,2.1166666666666667,0.0,4.0
19.82806026417,96.135156116849,0.0003586800573888092,1.0,0.9305555555555556,2.1125,0.0,4.0
19.82806026417,97.186754122161,0.0003586800573888092,1.0,0.9319444444444445,2.1277777777777778,0.0,4.0
19.82806026417,98.238352127472,0.0003586800573888092,1.0,0.9375,2.1277777777777778,0.0,4.0
19.82806026417,99.289950132783,0.0003586800573888092,1.0,0.9402777777777778,2.1180555555555554,0.0,4.0
19.82806026417,100.341548138095,0.0003586800573888092,1.0,0.9375,2.120833333333333,0.0,4.0
19.82806026417,101.393146143406,0.0003586800573888092,1.0,0.9388888888888889,2.129166666666667,0.0,2.0
19.82806026417,102.444744148717,0.0003586800573888092,1.0,0.9375,2.126388888888889,0.0,2.0
19.82806026417,103.496342154029,0.0003586800573888092,1.0,0.9388888888888889,2.1194444444444445,0.0,2.0
19.82806026417,104.54794015934,0.0003586800573888092,1.0,0.9333333333333333,2.1166666666666667,0.0,4.0
19.82806026417,105.599538164651,0.0003586800573888092,1.0,0.9333333333333333,2.1180555555555554,0.0,4.0
19.82806026417,106.651136169963,0.0003586800573888092,1.0,0.9333333333333333,2.120833333333333,0.0,4.0
19.82806026417,107.702734175274,0.0003586800573888092,1.0,0.9291666666666667,2.120833333333333,0.0,4.0
19.82806026417,108.754332180585,0.0003586800573888092,1.0,0.9361111111111111,2.123611111111111,0.0,4.0
19.82806026417,109.805930185897,0.0003586800573888092,1.0,0.9388888888888889,2.1277777777777778,0.0,2.0
19.82806026417,110.857528191208,0.0003586800573888092,1.0,0.9388888888888889,2.1152777777777776,0.0,2.0
19.82806026417,111.909126196519,0.0003586800573888092,1.0,0.9375,2.1277777777777778,0.0,2.0
19.82806026417,112.960724201831,0.0003586800573888092,1.0,0.9375,2.1333333333333333,0.0,2.0
19.82806026417,114.012322207142,0.0003586800573888092,1.0,0.9388888888888889,2.1194444444444445,0.0,4.0
19.82806026417,115.063920212453,0.0003586800573888092,1.0,0.9361111111111111,2.125,0.0,4.0
19.82806026417,116.115518217765,0.0003586800573888092,1.0,0.9291666666666667,2.1222222222222222,0.0,4.0
19.82806026417,117.167116223076,0.0003586800573888092,1.0,0.9361111111111111,2.1194444444444445,0.0,4.0
19.82806026417,118.218714228387,0.0003586800573888092,1.0,0.9388888888888889,2.1305555555555555,0.0,4.0
19.82806026417,119.270312233699,0.0003586800573888092,1.0,0.9402777777777778,2.125,0.0,4.0
19.82806026417,120.32191023901,0.0003586800573888092,1.0,0.9388888888888889,2.1222222222222222,0.0,2.0
19.82806026417,121.373508244321,0.0003586800573888092,1.0,0.9361111111111111,2.1125,0.0,2.0
19.82806026417,122.425106249633,0.0003586800573888092,1.0,0.9388888888888889,2.1305555555555555,0.0,2.0
19.82806026417,123.476704254944,0.0003586800573888092,1.0,0.9375,2.138888888888889,0.0,4.0
19.82806026417,124.528302260255,0.0003586800573888092,1.0,0.9291666666666667,2.1125,0.0,4.0
19.82806026417,125.579900265567,0.0003586800573888092,1.0,0.9305555555555556,2.1194444444444445,0.0,4.0
19.82806026417,126.631498270878,0.0003586800573888092,1.0,0.9319444444444445,2.1222222222222222,0.0,4.0
19.82806026417,127.683096276189,0.0003586800573888092,1.0,0.9361111111111111,2.125,0.0,4.0
19.82806026417,128.734694281501,0.0003586800573888092,1.0,0.9361111111111111,2.1166666666666667,0.0,2.0
19.82806026417,129.786292286812,0.0003586800573888092,1.0,0.9375,2.1333333333333333,0.0,2.0
19.82806026417,130.837890292123,0.0003586800573888092,1.0,0.9388888888888889,2.123611111111111,0.0,2.0
19.82806026417,131.889488297435,0.0003586800573888092,1.0,0.9388888888888889,2.1222222222222222,0.0,2.0
19.82806026417,132.941086302746,0.0003586800573888092,1.0,0.9388888888888889,2.123611111111111,0.0,2.0
19.82806026417,133.992684308057,0.0003586800573888092,1.0,0.9333333333333333,2.126388888888889,0.0,4.0
19.82806026417,135.0,0.0003586800573888092,1.0,0.9305555555555556,2.123611111111111,0.0,4.0
20.81731403068,73.0,0.0003586800573888092,1.0,0.8986111111111111,2.147222222222222,0.0,4.0
20.81731403068,74.058344251937,0.0003586800573888092,1.0,0.8972222222222223,2.138888888888889,0.0,4.0
20.81731403068,75.116688503873,0.0003586800573888092,1.0,0.9055555555555556,2.1444444444444444,0.0,4.0
20.81731403068,76.17503275581,0.0003586800573888092,1.0,0.9055555555555556,2.154166666666667,0.0,4.0
20.81731403068,77.233377007746,0.0003586800573888092,1.0,0.8986111111111111,2.1416666666666666,0.0,4.0
20.81731403068,78.291721259683,0.0003586800573888092,1.0,0.9041666666666667,2.1458333333333335,0.0,4.0
20.81731403068,79.35006551162,0.0003586800573888092,1.0,0.8986111111111111,2.1486111111111112,0.0,4.0
20.81731403068,80.408409763556,0.0003586800573888092,1.0,0.9041666666666667,2.15,0.0,4.0
20.81731403068,81.466754015493,0.0003586800573888092,1.0,0.9,2.138888888888889,0.0,4.0
20.81731403068,82.525098267429,0.0003586800573888092,1.0,0.8972222222222223,2.15,0.0,4.0
20.81731403068,83.583442519366,0.0003586800573888092,1.0,0.9041666666666667,2.1486111111111112,0.0,4.0
20.81731403068,84.641786771302,0.0003586800573888092,1.0,0.9055555555555556,2.1486111111111112,0.0,4.0
20.81731403068,85.700131023239,0.0003586800573888092,1.0,0.9069444444444444,2.147222222222222,0.0,4.0
20.81731403068,86.758475275176,0.0003586800573888092,1.0,0.9138888888888889,2.1597222222222223,0.0,4.0
20.81731403068,87.816819527112,0.0003586800573888092,1.0,0.9083333333333333,2.1555555555555554,0.0,4.0
20.81731403068,88.875163779049,0.0003586800573888092,1.0,0.9041666666666667,2.1458333333333335,0.0,4.0
20.81731403068,89.933508030985,0.0003586800573888092,1.0,0.8986111111111111,2.1458333333333335,0.0,4.0
20.81731403068,90.991852282922,0.0003586800573888092,1.0,0.8958333333333334,2.1444444444444444,0.0,4.0
20.81731403068,92.050196534859,0.0003586800573888092,1.0,0.9027777777777778,2.138888888888889,0.0,2.0
20.81731403068,93.108540786795,0.0003586800573888092,1.0,0.9,2.1458333333333335,0.0,4.0
20.81731403068,94.166885038732,0.0003586800573888092,1.0,0.9041666666666667,2.151388888888889,0.0,4.0
20.81731403068,95.225229290668,0.0003586800573888092,1.0,0.9055555555555556,2.147222222222222,0.0,4.0
20.81731403068,96.283573542605,0.0003586800573888092,1.0,0.9027777777777778,2.1444444444444444,0.0,4.0
20.81731403068,97.341917794542,0.0003586800573888092,1.0,0.9055555555555556,2.1555555555555554,0.0,4.0
20.81731403068,98.400262046478,0.0003586800573888092,1.0,0.9083333333333333,2.1486111111111112,0.0,4.0
20.81731403068,99.458606298415,0.0003586800573888092,1.0,0.9013888888888889,2.151388888888889,0.0,4.0
20.81731403068,100.516950550351,0.0003586800573888092,1.0,0.8972222222222223,2.1430555555555557,0.0,4.0
20.81731403068,101.575294802288,0.0003586800573888092,1.0,0.9041666666666667,2.1458333333333335,0.0,4.0
20.81731403068,102.633639054224,0.0003586800573888092,1.0,0.9055555555555556,2.1486111111111112,0.0,4.0
20.81731403068,103.691983306161,0.0003586800573888092,1.0,0.9027777777777778,2.1486111111111112,0.0,4.0
20.81731403068,104.750327558098,0.0003586800573888092,1.0,0.9027777777777778,2.147222222222222,0.0,4.0
20.81731403068,105.808671810034,0.0003586800573888092,1.0,0.9055555555555556,2.1458333333333335,0.0,4.0
20.81731403068,106.867016061971,0.0003586800573888092,1.0,0.9,2.1458333333333335,0.0,4.0
20.81731403068,107.925360313907,0.0003586800573888092,1.0,0.9013888888888889,2.151388888888889,0.0,4.0
20.81731403068,108.983704565844,0.0003586800573888092,1.0,0.9013888888888889,2.1430555555555557,0.0,4.0
20.81731403068,110.042048817781,0.0003586800573888092,1.0,0.9013888888888889,2.1597222222222223,0.0,4.0
20.81731403068,111.100393069717,0.0003586800573888092,1.0,0.9055555555555556,2.158333333333333,0.0,4.0
20.81731403068,112.158737321654,0.0003586800573888092,1.0,0.9055555555555556,2.140277777777778,0.0,4.0
20.81731403068,113.21708157359,0.0003586800573888092,1.0,0.9111111111111111,2.1569444444444446,0.0,4.0
20.81731403068,114.275425825527,0.0003586800573888092,1.0,0.9166666666666666,2.1625,0.0,4.0
20.81731403068,115.333770077464,0.0003586800573888092,1.0,0.9069444444444444,2.15,0.0,4.0
20.81731403068,116.3921143294,0.0003586800573888092,1.0,0.9055555555555556,2.151388888888889,0.0,4.0
20.81731403068,117.450458581337,0.0003586800573888092,1.0,0.9,2.1444444444444444,0.0,4.0
20.81731403068,118.508802833273,0.0003586800573888092,1.0,0.8958333333333334,2.140277777777778,0.0,4.0
20.81731403068,119.56714708521,0.0003586800573888092,1.0,0.9027777777777778,2.147222222222222,0.0,4.0
20.81731403068,120.625491337146,0.0003586800573888092,1.0,0.9013888888888889,2.1486111111111112,0.0,4.0
20.81731403068,121.683835589083,0.0003586800573888092,1.0,0.9013888888888889,2.147222222222222,0.0,4.0
20.81731403068,122.74217984102,0.0003586800573888092,1.0,0.9055555555555556,2.15,0.0,4.0
20.81731403068,123.800524092956,0.0003586800573888092,1.0,0.9027777777777778,2.1444444444444444,0.0,4.0
20.81731403068,124.858868344893,0.0003586800573888092,1.0,0.9069444444444444,2.158333333333333,0.0,4.0
20.81731403068,125.917212596829,0.0003586800573888092,1.0,0.9041666666666667,2.1430555555555557,0.0,4.0
20.81731403068,126.975556848766,0.0003586800573888092,1.0,0.8986111111111111,2.1430555555555557,0.0,4.0
20.81731403068,128.033901100703,0.0003586800573888092,1.0,0.8986111111111111,2.1444444444444444,0.0,4.0
20.81731403068,129.092245352639,0.0003586800573888092,1.0,0.9041666666666667,2.140277777777778,0.0,4.0
20.81731403068,130.150589604576,0.0003586800573888092,1.0,0.9055555555555556,2.1527777777777777,0.0,4.0
20.81731403068,131.208933856512,0.0003586800573888092,1.0,0.9013888888888889,2.151388888888889,0.0,4.0
20.81731403068,132.267278108449,0.0003586800573888092,1.0,0.9055555555555556,2.15,0.0,4.0
20.81731403068,133.325622360386,0.0003586800573888092,1.0,0.9041666666666667,2.151388888888889,0.0,4.0
20.81731403068,134.383966612322,0.0003586800573888092,1.0,0.8986111111111111,2.1416666666666666,0.0,4.0
20.81731403068,135.0,0.0003586800573888092,1.0,0.9069444444444444,2.1458333333333335,0.0,4.0
21.806567797191,73.0,0.0003586800573888092,1.0,0.9180555555555555,2.1708333333333334,0.0,2.0
21.806567797191,74.065497288544,0.0003586800573888092,1.0,0.9180555555555555,2.1597222222222223,0.0,4.0
21.806567797191,75.130994577089,0.0003586800573888092,1.0,0.9277777777777778,2.173611111111111,0.0,2.0
21.806567797191,76.196491865633,0.0003586800573888092,1.0,0.9222222222222223,2.173611111111111,0.0,4.0
21.806567797191,77.261989154177,0.0003586800573888092,1.0,0.9125,2.1694444444444443,0.0,2.0
21.806567797191,78.327486442722,0.0003586800573888092,1.0,0.9208333333333333,2.165277777777778,0.0,2.0
21.806567797191,79.392983731266,0.0003586800573888092,1.0,0.9222222222222223,2.176388888888889,0.0,4.0
21.806567797191,80.45848101981,0.0003586800573888092,1.0,0.9222222222222223,2.173611111111111,0.0,4.0
21.806567797191,81.523978308355,0.0003586800573888092,1.0,0.9180555555555555,2.1666666666666665,0.0,2.0
21.806567797191,82.589475596899,0.0003586800573888092,1.0,0.9222222222222223,2.1777777777777776,0.0,4.0
21.806567797191,83.654972885443,0.0003586800573888092,1.0,0.9208333333333333,2.165277777777778,0.0,4.0
21.806567797191,84.720470173988,0.0003586800573888092,1.0,0.9263888888888889,2.1805555555555554,0.0,2.0
21.806567797191,85.785967462532,0.0003586800573888092,1.0,0.9166666666666666,2.1708333333333334,0.0,4.0
21.806567797191,86.851464751076,0.0003586800573888092,1.0,0.9208333333333333,2.176388888888889,0.0,4.0
21.806567797191,87.916962039621,0.0003586800573888092,1.0,0.9277777777777778,2.1777777777777776,0.0,4.0
21.806567797191,88.982459328165,0.0003586800573888092,1.0,0.9222222222222223,2.1666666666666665,0.0,4.0
21.806567797191,90.047956616709,0.0003586800573888092,1.0,0.9180555555555555,2.1694444444444443,0.0,4.0
21.806567797191,91.113453905254,0.0003586800573888092,1.0,0.9236111111111112,2.1708333333333334,0.0,4.0
21.806567797191,92.178951193798,0.0003586800573888092,1.0,0.925,2.186111111111111,0.0,4.0
21.806567797191,93.244448482342,0.0003586800573888092,1.0,0.925,2.1777777777777776,0.0,4.0
21.806567797191,94.309945770887,0.0003586800573888092,1.0,0.9152777777777777,2.176388888888889,0.0,2.0
21.806567797191,95.375443059431,0.0003586800573888092,1.0,0.9194444444444444,2.1708333333333334,0.0,2.0
21.806567797191,96.440940347975,0.0003586800573888092,1.0,0.9263888888888889,2.1777777777777776,0.0,4.0
21.806567797191,97.50643763652,0.0003586800573888092,1.0,0.9222222222222223,2.1680555555555556,0.0,4.0
21.806567797191,98.571934925064,0.0003586800573888092,1.0,0.9166666666666666,2.1597222222222223,0.0,4.0
21.806567797191,99.637432213608,0.0003586800573888092,1.0,0.9208333333333333,2.165277777777778,0.0,4.0
21.806567797191,100.702929502153,0.0003586800573888092,1.0,0.9222222222222223,2.172222222222222,0.0,4.0
21.806567797191,101.768426790697,0.0003586800573888092,1.0,0.925,2.1777777777777776,0.0,4.0
21.806567797191,102.833924079241,0.0003586800573888092,1.0,0.9208333333333333,2.1791666666666667,0.0,4.0
21.806567797191,103.899421367786,0.0003586800573888092,1.0,0.9180555555555555,2.175,0.0,2.0
21.806567797191,104.96491865633,0.0003586800573888092,1.0,0.925,2.186111111111111,0.0,4.0
21.806567797191,106.030415944874,0.0003586800573888092,1.0,0.9208333333333333,2.1791666666666667,0.0,4.0
21.806567797191,107.095913233419,0.0003586800573888092,1.0,0.9152777777777777,2.1597222222222223,0.0,4.0
21.806567797191,108.161410521963,0.0003586800573888092,1.0,0.9208333333333333,2.1708333333333334,0.0,4.0
21.806567797191,109.226907810507,0.0003586800573888092,1.0,0.9222222222222223,2.176388888888889,0.0,4.0
21.806567797191,110.292405099052,0.0003586800573888092,1.0,0.9263888888888889,2.176388888888889,0.0,4.0
21.806567797191,111.357902387596,0.0003586800573888092,1.0,0.9180555555555555,2.1791666666666667,0.0,2.0
21.806567797191,112.42339967614,0.0003586800573888092,1.0,0.9166666666666666,2.175,0.0,4.0
21.806567797191,113.488896964685,0.0003586800573888092,1.0,0.9291666666666667,2.1819444444444445,0.0,2.0
21.806567797191,114.554394253229,0.0003586800573888092,1.0,0.9194444444444444,2.1569444444444446,0.0,4.0
21.806567797191,115.619891541773,0.0003586800573888092,1.0,0.9152777777777777,2.1694444444444443,0.0,4.0
21.806567797191,116.685388830318,0.0003586800573888092,1.0,0.9222222222222223,2.1694444444444443,0.0,2.0
21.806567797191,117.750886118862,0.0003586800573888092,1.0,0.9263888888888889,2.1805555555555554,0.0,4.0
21.806567797191,118.816383407406,0.0003586800573888092,1.0,0.9222222222222223,2.173611111111111,0.0,4.0
21.806567797191,119.881880695951,0.0003586800573888092,1.0,0.9222222222222223,2.1777777777777776,0.0,2.0
21.806567797191,120.947377984495,0.0003586800573888092,1.0,0.9152777777777777,2.1666666666666665,0.0,2.0
21.806567797191,122.012875273039,0.0003586800573888092,1.0,0.9236111111111112,2.1805555555555554,0.0,4.0
21.806567797191,123.078372561584,0.0003586800573888092,1.0,0.9263888888888889,2.173611111111111,0.0,2.0
21.806567797191,124.143869850128,0.0003586800573888092,1.0,0.9152777777777777,2.1555555555555554,0.0,2.0
21.806567797191,125.209367138672,0.0003586800573888092,1.0,0.9222222222222223,2.172222222222222,0.0,2.0
21.806567797191,126.274864427217,0.0003586800573888092,1.0,0.9222222222222223,2.1791666666666667,0.0,4.0
21.806567797191,127.340361715761,0.0003586800573888092,1.0,0.9236111111111112,2.183333333333333,0.0,4.0
21.806567797191,128.405859004305,0.0003586800573888092,1.0,0.9208333333333333,2.1791666666666667,0.0,2.0
21.806567797191,129.47135629285,0.0003586800573888092,1.0,0.9222222222222223,2.175,0.0,2.0
21.806567797191,130.536853581394,0.0003586800573888092,1.0,0.925,2.1694444444444443,0.0,2.0
21.806567797191,131.602350869938,0.0003586800573888092,1.0,0.9208333333333333,2.1694444444444443,0.0,4.0
21.806567797191,132.667848158483,0.0003586800573888092,1.0,0.9166666666666666,2.165277777777778,0.0,4.0
21.806567797191,133.733345447027,0.0003586800573888092,1.0,0.9236111111111112,2.1680555555555556,0.0,2.0
21.806567797191,134.798842735571,0.0003586800573888092,1.0,0.9263888888888889,2.1777777777777776,0.0,4.0
21.806567797191,135.0,0.0003586800573888092,1.0,0.9222222222222223,2.172222222222222,0.0,4.0
22.795821563701,73.0,0.0003586800573888092,1.0,0.9361111111111111,2.1902777777777778,0.0,4.0
22.795821563701,74.073069730486,0.0003586800573888092,1.0,0.9402777777777778,2.1958333333333333,0.0,4.0
22.795821563701,75.146139460972,0.0003586800573888092,1.0,0.9402777777777778,2.2125,0.0,4.0
22.795821563701,76.219209191458,0.0003586800573888092,1.0,0.9375,2.1944444444444446,0.0,4.0
22.795821563701,77.292278921944,0.0003586800573888092,1.0,0.9347222222222222,2.198611111111111,0.0,4.0
22.795821563701,78.36534865243,0.0003586800573888092,1.0,0.9375,2.1958333333333333,0.0,4.0
22.795821563701,79.438418382916,0.0003586800573888092,1.0,0.9402777777777778,2.2055555555555557,0.0,4.0
22.795821563701,80.511488113402,0.0003586800573888092,1.0,0.9361111111111111,2.201388888888889,0.0,4.0
22.795821563701,81.584557843888,0.0003586800573888092,1.0,0.9375,2.198611111111111,0.0,4.0
22.795821563701,82.657627574374,0.0003586800573888092,1.0,0.9361111111111111,2.1930555555555555,0.0,4.0
22.795821563701,83.73069730486,0.0003586800573888092,1.0,0.9333333333333333,2.198611111111111,0.0,4.0
22.795821563701,84.803767035346,0.0003586800573888092,1.0,0.9333333333333333,2.2041666666666666,0.0,4.0
22.795821563701,85.876836765832,0.0003586800573888092,1.0,0.9333333333333333,2.213888888888889,0.0,4.0
22.795821563701,86.949906496318,0.0003586800573888092,1.0,0.9319444444444445,2.201388888888889,0.0,4.0
22.795821563701,88.022976226804,0.0003586800573888092,1.0,0.9361111111111111,2.188888888888889,0.0,4.0
22.795821563701,89.09604595729,0.0003586800573888092,1.0,0.9416666666666667,2.1944444444444446,0.0,4.0
22.795821563701,90.169115687776,0.0003586800573888092,1.0,0.9375,2.1930555555555555,0.0,4.0
22.795821563701,91.242185418262,0.0003586800573888092,1.0,0.9361111111111111,2.2083333333333335,0.0,4.0
22.795821563701,92.315255148748,0.0003586800573888092,1.0,0.9319444444444445,2.2055555555555557,0.0,4.0
22.795821563701,93.388324879234,0.0003586800573888092,1.0,0.9333333333333333,2.1972222222222224,0.0,4.0
22.795821563701,94.46139460972,0.0003586800573888092,1.0,0.9361111111111111,2.191666666666667,0.0,4.0
22.795821563701,95.534464340206,0.0003586800573888092,1.0,0.9402777777777778,2.2041666666666666,0.0,4.0
22.795821563701,96.607534070692,0.0003586800573888092,1.0,0.9402777777777778,2.2055555555555557,0.0,4.0
22.795821563701,97.680603801178,0.0003586800573888092,1.0,0.9347222222222222,2.1958333333333333,0.0,4.0
22.795821563701,98.753673531664,0.0003586800573888092,1.0,0.9402777777777778,2.1930555555555555,0.0,4.0
22.795821563701,99.82674326215,0.0003586800573888092,1.0,0.9416666666666667,2.1958333333333333,0.0,4.0
22.795821563701,100.899812992636,0.0003586800573888092,1.0,0.9361111111111111,2.2,0.0,4.0
22.795821563701,101.972882723122,0.0003586800573888092,1.0,0.9305555555555556,2.2041666666666666,0.0,4.0
22.795821563701,103.045952453608,0.0003586800573888092,1.0,0.9347222222222222,2.2125,0.0,4.0
22.795821563701,104.119022184094,0.0003586800573888092,1.0,0.9361111111111111,2.202777777777778,0.0,4.0
22.795821563701,105.19209191458,0.0003586800573888092,1.0,0.9375,2.186111111111111,0.0,4.0
22.795821563701,106.265161645066,0.0003586800573888092,1.0,0.9388888888888889,2.1930555555555555,0.0,4.0
22.795821563701,107.338231375552,0.0003586800573888092,1.0,0.9388888888888889,2.213888888888889,0.0,4.0
22.795821563701,108.411301106038,0.0003586800573888092,1.0,0.9333333333333333,2.201388888888889,0.0,4.0
22.795821563701,109.484370836524,0.0003586800573888092,1.0,0.9333333333333333,2.202777777777778,0.0,4.0
22.795821563701,110.55744056701,0.0003586800573888092,1.0,0.9375,2.1902777777777778,0.0,4.0
22.795821563701,111.630510297496,0.0003586800573888092,1.0,0.9458333333333333,2.209722222222222,0.0,4.0
22.795821563701,112.703580027982,0.0003586800573888092,1.0,0.9333333333333333,2.191666666666667,0.0,4.0
22.795821563701,113.776649758468,0.0003586800573888092,1.0,0.9333333333333333,2.2041666666666666,0.0,4.0
22.795821563701,114.849719488954,0.0003586800573888092,1.0,0.9361111111111111,2.1930555555555555,0.0,4.0
22.795821563701,115.92278921944,0.0003586800573888092,1.0,0.9430555555555555,2.2055555555555557,0.0,4.0
22.795821563701,116.995858949926,0.0003586800573888092,1.0,0.9333333333333333,2.1972222222222224,0.0,4.0
22.795821563701,118.068928680412,0.0003586800573888092,1.0,0.9305555555555556,2.2069444444444444,0.0,4.0
22.795821563701,119.141998410898,0.0003586800573888092,1.0,0.9361111111111111,2.1958333333333333,0.0,4.0
22.795821563701,120.215068141384,0.0003586800573888092,1.0,0.9375,2.202777777777778,0.0,4.0
22.795821563701,121.288137871871,0.0003586800573888092,1.0,0.9388888888888889,2.191666666666667,0.0,4.0
22.795821563701,122.361207602357,0.0003586800573888092,1.0,0.9375,2.1944444444444446,0.0,4.0
22.795821563701,123.434277332843,0.0003586800573888092,1.0,0.9333333333333333,2.2055555555555557,0.0,4.0
22.795821563701,124.507347063329,0.0003586800573888092,1.0,0.9291666666666667,2.2069444444444444,0.0,4.0
22.795821563701,125.580416793815,0.0003586800573888092,1.0,0.9319444444444445,2.1972222222222224,0.0,4.0
22.795821563701,126.653486524301,0.0003586800573888092,1.0,0.9388888888888889,2.2041666666666666,0.0,4.0
22.795821563701,127.726556254787,0.0003586800573888092,1.0,0.9375,2.202777777777778,0.0,4.0
22.795821563701,128.799625985273,0.0003586800573888092,1.0,0.9333333333333333,2.1972222222222224,0.0,4.0
22.795821563701,129.872695715759,0.0003586800573888092,1.0,0.9347222222222222,2.1930555555555555,0.0,4.0
22.795821563701,130.945765446245,0.0003586800573888092,1.0,0.9361111111111111,2.1819444444444445,0.0,4.0
22.795821563701,132.018835176731,0.0003586800573888092,1.0,0.9402777777777778,2.201388888888889,0.0,4.0
22.795821563701,133.091904907217,0.0003586800573888092,1.0,0.9347222222222222,2.2,0.0,4.0
22.795821563701,134.164974637703,0.0003586800573888092,1.0,0.9305555555555556,2.2055555555555557,0.0,4.0
22.795821563701,135.0,0.0003586800573888092,1.0,0.9333333333333333,2.2055555555555557,0.0,4.0
23.785075330212,73.0,0.0003586800573888092,1.0,0.9319444444444445,2.2333333333333334,0.0,4.0
23.785075330212,74.081075150168,0.0003586800573888092,1.0,0.9319444444444445,2.2333333333333334,0.0,4.0
23.785075330212,75.162150300337,0.0003586800573888092,1.0,0.9333333333333333,2.234722222222222,0.0,4.0
23.785075330212,76.243225450505,0.0003586800573888092,1.0,0.9236111111111112,2.2222222222222223,0.0,4.0
23.785075330212,77.324300600673,0.0003586800573888092,1.0,0.925,2.236111111111111,0.0,4.0
23.785075330212,78.405375750842,0.0003586800573888092,1.0,0.9277777777777778,2.2305555555555556,0.0,4.0
23.785075330212,79.48645090101,0.0003586800573888092,1.0,0.9333333333333333,2.234722222222222,0.0,4.0
23.785075330212,80.567526051178,0.0003586800573888092,1.0,0.9361111111111111,2.2333333333333334,0.0,4.0
23.785075330212,81.648601201347,0.0003586800573888092,1.0,0.9333333333333333,2.234722222222222,0.0,4.0
23.785075330212,82.729676351515,0.0003586800573888092,1.0,0.9305555555555556,2.2263888888888888,0.0,4.0
23.785075330212,83.810751501683,0.0003586800573888092,1.0,0.9263888888888889,2.234722222222222,0.0,4.0
23.785075330212,84.891826651852,0.0003586800573888092,1.0,0.9236111111111112,2.223611111111111,0.0,4.0
23.785075330212,85.97290180202,0.0003586800573888092,1.0,0.9291666666666667,2.2291666666666665,0.0,4.0
23.785075330212,87.053976952188,0.0003586800573888092,1.0,0.9333333333333333,2.2375,0.0,4.0
23.785075330212,88.135052102357,0.0003586800573888092,1.0,0.9333333333333333,2.236111111111111,0.0,4.0
23.785075330212,89.216127252525,0.0003586800573888092,1.0,0.9319444444444445,2.2375,0.0,4.0
23.785075330212,90.297202402693,0.0003586800573888092,1.0,0.9319444444444445,2.236111111111111,0.0,4.0
23.785075330212,91.378277552862,0.0003586800573888092,1.0,0.9277777777777778,2.213888888888889,0.0,4.0
23.785075330212,92.45935270303,0.0003586800573888092,1.0,0.9236111111111112,2.220833333333333,0.0,4.0
23.785075330212,93.540427853198,0.0003586800573888092,1.0,0.9263888888888889,2.225,0.0,4.0
23.785075330212,94.621503003367,0.0003586800573888092,1.0,0.9277777777777778,2.227777777777778,0.0,4.0
23.785075330212,95.702578153535,0.0003586800573888092,1.0,0.9361111111111111,2.234722222222222,0.0,4.0
23.785075330212,96.783653303703,0.0003586800573888092,1.0,0.9333333333333333,2.2333333333333334,0.0,4.0
23.785075330212,97.864728453872,0.0003586800573888092,1.0,0.9305555555555556,2.227777777777778,0.0,4.0
23.785075330212,98.94580360404,0.0003586800573888092,1.0,0.925,2.236111111111111,0.0,4.0
23.785075330212,100.026878754208,0.0003586800573888092,1.0,0.9236111111111112,2.2319444444444443,0.0,4.0
23.785075330212,101.107953904377,0.0003586800573888092,1.0,0.925,2.2305555555555556,0.0,4.0
23.785075330212,102.189029054545,0.0003586800573888092,1.0,0.9361111111111111,2.2319444444444443,0.0,4.0
23.785075330212,103.270104204713,0.0003586800573888092,1.0,0.9333333333333333,2.2291666666666665,0.0,4.0
23.785075330212,104.351179354882,0.0003586800573888092,1.0,0.9319444444444445,2.234722222222222,0.0,4.0
23.785075330212,105.43225450505,0.0003586800573888092,1.0,0.9319444444444445,2.234722222222222,0.0,4.0
23.785075330212,106.513329655218,0.0003586800573888092,1.0,0.9263888888888889,2.213888888888889,0.0,4.0
23.785075330212,107.594404805387,0.0003586800573888092,1.0,0.9222222222222223,2.223611111111111,0.0,4.0
23.785075330212,108.675479955555,0.0003586800573888092,1.0,0.9263888888888889,2.225,0.0,4.0
23.785075330212,109.756555105723,0.0003586800573888092,1.0,0.9291666666666667,2.2319444444444443,0.0,4.0
23.785075330212,110.837630255892,0.0003586800573888092,1.0,0.9347222222222222,2.238888888888889,0.0,4.0
23.785075330212,111.91870540606,0.0003586800573888092,1.0,0.9333333333333333,2.2333333333333334,0.0,4.0
23.785075330212,112.999780556228,0.0003586800573888092,1.0,0.9347222222222222,2.2194444444444446,0.0,4.0
23.785075330212,114.080855706397,0.0003586800573888092,1.0,0.9263888888888889,2.227777777777778,0.0,4.0
23.785075330212,115.161930856565,0.0003586800573888092,1.0,0.9222222222222223,2.2194444444444446,0.0,4.0
23.785075330212,116.243006006733,0.0003586800573888092,1.0,0.9222222222222223,2.225,0.0,4.0
23.785075330212,117.324081156902,0.0003586800573888092,1.0,0.9347222222222222,2.2319444444444443,0.0,4.0
23.785075330212,118.40515630707,0.0003586800573888092,1.0,0.9361111111111111,2.2263888888888888,0.0,4.0
23.785075330212,119.486231457238,0.0003586800573888092,1.0,0.9361111111111111,2.2333333333333334,0.0,4.0
23.785075330212,120.567306607407,0.0003586800573888092,1.0,0.9333333333333333,2.238888888888889,0.0,4.0
23.785075330212,121.648381757575,0.0003586800573888092,1.0,0.9277777777777778,2.2263888888888888,0.0,4.0
23.785075330212,122.729456907743,0.0003586800573888092,1.0,0.9222222222222223,2.2263888888888888,0.0,4.0
23.785075330212,123.810532057912,0.0003586800573888092,1.0,0.9263888888888889,2.213888888888889,0.0,4.0
23.785075330212,124.89160720808,0.0003586800573888092,1.0,0.9319444444444445,2.2263888888888888,0.0,4.0
23.785075330212,125.972682358248,0.0003586800573888092,1.0,0.9347222222222222,2.2291666666666665,0.0,4.0
23.785075330212,127.053757508417,0.0003586800573888092,1.0,0.9347222222222222,2.234722222222222,0.0,4.0
23.785075330212,128.134832658585,0.0003586800573888092,1.0,0.9375,2.220833333333333,0.0,4.0
23.785075330212,129.215907808753,0.0003586800573888092,1.0,0.925,2.2263888888888888,0.0,4.0
23.785075330212,130.296982958922,0.0003586800573888092,1.0,0.9236111111111112,2.220833333333333,0.0,4.0
23.785075330212,131.37805810909,0.0003586800573888092,1.0,0.9208333333333333,2.227777777777778,0.0,4.0
23.785075330212,132.459133259258,0.0003586800573888092,1.0,0.9361111111111111,2.238888888888889,0.0,4.0
23.785075330212,133.540208409427,0.0003586800573888092,1.0,0.9347222222222222,2.2319444444444443,0.0,4.0
23.785075330212,134.621283559595,0.0003586800573888092,1.0,0.9305555555555556,2.2222222222222223,0.0,4.0
23.785075330212,135.0,0.0003586800573888092,1.0,0.9236111111111112,2.2222222222222223,0.0,4.0
24.774329096723,73.0,0.0003586800573888092,1.0,0.9652777777777778,2.276388888888889,0.0,2.0
24.774329096723,74.089528140883,0.0003586800573888092,1.0,0.9652777777777778,2.275,0.0,2.0
24.774329096723,75.179056281767,0.0003586800573888092,1.0,0.9569444444444445,2.2597222222222224,0.0,4.0
24.774329096723,76.26858442265,0.0003586800573888092,1.0,0.9472222222222222,2.245833333333333,0.0,4.0
24.774329096723,77.358112563534,0.0003586800573888092,1.0,0.95,2.2569444444444446,0.0,4.0
24.774329096723,78.447640704417,0.0003586800573888092,1.0,0.9569444444444445,2.2680555555555557,0.0,2.0
24.774329096723,79.5371688453,0.0003586800573888092,1.0,0.9625,2.2680555555555557,0.0,2.0
24.774329096723,80.626696986184,0.0003586800573888092,1.0,0.9708333333333333,2.276388888888889,0.0,2.0
24.774329096723,81.716225127067,0.0003586800573888092,1.0,0.9694444444444444,2.275,0.0,2.0
24.774329096723,82.80575326795,0.0003586800573888092,1.0,0.9527777777777777,2.2527777777777778,0.0,4.0
24.774329096723,83.895281408834,0.0003586800573888092,1.0,0.9472222222222222,2.2430555555555554,0.0,4.0
24.774329096723,84.984809549717,0.0003586800573888092,1.0,0.95,2.2444444444444445,0.0,4.0
24.774329096723,86.0743376906,0.0003586800573888092,1.0,0.9569444444444445,2.2625,0.0,4.0
24.774329096723,87.163865831484,0.0003586800573888092,1.0,0.9680555555555556,2.2736111111111112,0.0,2.0
24.774329096723,88.253393972367,0.0003586800573888092,1.0,0.9638888888888889,2.2875,0.0,2.0
24.774329096723,89.342922113251,0.0003586800573888092,1.0,0.9611111111111111,2.2666666666666666,0.0,4.0
24.774329096723,90.432450254134,0.0003586800573888092,1.0,0.9527777777777777,2.248611111111111,0.0,4.0
24.774329096723,91.521978395017,0.0003586800573888092,1.0,0.9472222222222222,2.2472222222222222,0.0,4.0
24.774329096723,92.611506535901,0.0003586800573888092,1.0,0.9541666666666667,2.254166666666667,0.0,4.0
24.774329096723,93.701034676784,0.0003586800573888092,1.0,0.9611111111111111,2.2736111111111112,0.0,2.0
24.774329096723,94.790562817667,0.0003586800573888092,1.0,0.9638888888888889,2.2777777777777777,0.0,2.0
24.774329096723,95.880090958551,0.0003586800573888092,1.0,0.9666666666666667,2.263888888888889,0.0,2.0
24.774329096723,96.969619099434,0.0003586800573888092,1.0,0.9527777777777777,2.2569444444444446,0.0,4.0
24.774329096723,98.059147240318,0.0003586800573888092,1.0,0.9486111111111111,2.245833333333333,0.0,4.0
24.774329096723,99.148675381201,0.0003586800573888092,1.0,0.9472222222222222,2.2430555555555554,0.0,4.0
24.774329096723,100.238203522084,0.0003586800573888092,1.0,0.9597222222222223,2.2666666666666666,0.0,2.0
24.774329096723,101.327731662968,0.0003586800573888092,1.0,0.9708333333333333,2.2736111111111112,0.0,2.0
24.774329096723,102.417259803851,0.0003586800573888092,1.0,0.9694444444444444,2.2805555555555554,0.0,2.0
24.774329096723,103.506787944734,0.0003586800573888092,1.0,0.9611111111111111,2.272222222222222,0.0,2.0
24.774329096723,104.596316085618,0.0003586800573888092,1.0,0.9555555555555556,2.254166666666667,0.0,4.0
24.774329096723,105.685844226501,0.0003586800573888092,1.0,0.9486111111111111,2.2555555555555555,0.0,4.0
24.774329096723,106.775372367385,0.0003586800573888092,1.0,0.9527777777777777,2.2555555555555555,0.0,4.0
24.774329096723,107.864900508268,0.0003586800573888092,1.0,0.9611111111111111,2.2555555555555555,0.0,4.0
24.774329096723,108.954428649151,0.0003586800573888092,1.0,0.9652777777777778,2.276388888888889,0.0,2.0
24.774329096723,110.043956790035,0.0003586800573888092,1.0,0.9680555555555556,2.2847222222222223,0.0,2.0
24.774329096723,111.133484930918,0.0003586800573888092,1.0,0.9638888888888889,2.2694444444444444,0.0,2.0
24.774329096723,112.223013071801,0.0003586800573888092,1.0,0.9513888888888888,2.2472222222222222,0.0,4.0
24.774329096723,113.312541212685,0.0003586800573888092,1.0,0.9486111111111111,2.248611111111111,0.0,4.0
24.774329096723,114.402069353568,0.0003586800573888092,1.0,0.9486111111111111,2.2472222222222222,0.0,4.0
24.774329096723,115.491597494452,0.0003586800573888092,1.0,0.9652777777777778,2.279166666666667,0.0,2.0
24.774329096723,116.581125635335,0.0003586800573888092,1.0,0.9666666666666667,2.2680555555555557,0.0,2.0
24.774329096723,117.670653776218,0.0003586800573888092,1.0,0.9625,2.2694444444444444,0.0,2.0
24.774329096723,118.760181917102,0.0003586800573888092,1.0,0.9527777777777777,2.2569444444444446,0.0,4.0
24.774329096723,119.849710057985,0.0003586800573888092,1.0,0.9486111111111111,2.248611111111111,0.0,4.0
24.774329096723,120.939238198868,0.0003586800573888092,1.0,0.9472222222222222,2.245833333333333,0.0,4.0
24.774329096723,122.028766339752,0.0003586800573888092,1.0,0.9611111111111111,2.261111111111111,0.0,2.0
24.774329096723,123.118294480635,0.0003586800573888092,1.0,0.9638888888888889,2.265277777777778,0.0,2.0
24.774329096723,124.207822621519,0.0003586800573888092,1.0,0.9694444444444444,2.276388888888889,0.0,2.0
24.774329096723,125.297350762402,0.0003586800573888092,1.0,0.9652777777777778,2.261111111111111,0.0,2.0
24.774329096723,126.386878903285,0.0003586800573888092,1.0,0.9527777777777777,2.2527777777777778,0.0,4.0
24.774329096723,127.476407044169,0.0003586800573888092,1.0,0.9472222222222222,2.2430555555555554,0.0,4.0
24.774329096723,128.565935185052,0.0003586800573888092,1.0,0.9513888888888888,2.2444444444444445,0.0,4.0
24.774329096723,129.655463325935,0.0003586800573888092,1.0,0.9597222222222223,2.2680555555555557,0.0,2.0
24.774329096723,130.744991466819,0.0003586800573888092,1.0,0.9722222222222222,2.279166666666667,0.0,2.0
24.774329096723,131.834519607702,0.0003586800573888092,1.0,0.9680555555555556,2.286111111111111,0.0,2.0
24.774329096723,132.924047748586,0.0003586800573888092,1.0,0.9597222222222223,2.2680555555555557,0.0,2.0
24.774329096723,134.013575889469,0.0003586800573888092,1.0,0.95,2.248611111111111,0.0,4.0
24.774329096723,135.0,0.0003586800573888092,1.0,0.95,2.2472222222222222,0.0,4.0
25.763582863233,73.0,0.0003586800573888092,1.0,0.9930555555555556,2.325,0.0,2.0
25.763582863233,74.098444386999,0.0003586800573888092,1.0,0.9833333333333333,2.3222222222222224,0.0,2.0
25.763582863233,75.196888773998,0.0003586800573888092,1.0,0.9569444444444445,2.2958333333333334,0.0,2.0
25.763582863233,76.295333160998,0.0003586800573888092,1.0,0.9375,2.275,0.0,2.0
25.763582863233,77.393777547997,0.0003586800573888092,1.0,0.9430555555555555,2.2805555555555554,0.0,2.0
25.763582863233,78.492221934996,0.0003586800573888092,1.0,0.9708333333333333,2.297222222222222,0.0,2.0
25.763582863233,79.590666321995,0.0003586800573888092,1.0,0.9888888888888889,2.313888888888889,0.0,2.0
25.763582863233,80.689110708994,0.0003586800573888092,1.0,0.9888888888888889,2.3194444444444446,0.0,2.0
25.763582863233,81.787555095994,0.0003586800573888092,1.0,0.9652777777777778,2.316666666666667,0.0,2.0
25.763582863233,82.885999482993,0.0003586800573888092,1.0,0.9430555555555555,2.2694444444444444,0.0,2.0
25.763582863233,83.984443869992,0.0003586800573888092,1.0,0.9416666666666667,2.276388888888889,0.0,2.0
25.763582863233,85.082888256991,0.0003586800573888092,1.0,0.9652777777777778,2.3027777777777776,0.0,2.0
25.763582863233,86.18133264399,0.0003586800573888092,1.0,0.9861111111111112,2.327777777777778,0.0,2.0
25.763582863233,87.279777030989,0.0003586800573888092,1.0,0.9930555555555556,2.3305555555555557,0.0,2.0
25.763582863233,88.378221417989,0.0003586800573888092,1.0,0.9722222222222222,2.298611111111111,0.0,2.0
25.763582863233,89.476665804988,0.0003586800573888092,1.0,0.9444444444444444,2.2708333333333335,0.0,2.0
25.763582863233,90.575110191987,0.0003586800573888092,1.0,0.9361111111111111,2.275,0.0,2.0
25.763582863233,91.673554578986,0.0003586800573888092,1.0,0.9569444444444445,2.3041666666666667,0.0,2.0
25.763582863233,92.771998965985,0.0003586800573888092,1.0,0.9819444444444444,2.3097222222222222,0.0,2.0
25.763582863233,93.870443352985,0.0003586800573888092,1.0,0.9944444444444445,2.327777777777778,0.0,2.0
25.763582863233,94.968887739984,0.0003586800573888092,1.0,0.9805555555555555,2.3027777777777776,0.0,2.0
25.763582863233,96.067332126983,0.0003586800573888092,1.0,0.9527777777777777,2.2916666666666665,0.0,2.0
25.763582863233,97.165776513982,0.0003586800573888092,1.0,0.9361111111111111,2.275,0.0,2.0
25.763582863233,98.264220900981,0.0003586800573888092,1.0,0.95,2.279166666666667,0.0,2.0
25.763582863233,99.362665287981,0.0003586800573888092,1.0,0.9763888888888889,2.3069444444444445,0.0,2.0
25.763582863233,100.46110967498,0.0003586800573888092,1.0,0.9958333333333333,2.3222222222222224,0.0,2.0
25.763582863233,101.559554061979,0.0003586800573888092,1.0,0.9888888888888889,2.326388888888889,0.0,2.0
25.763582863233,102.657998448978,0.0003586800573888092,1.0,0.9638888888888889,2.2958333333333334,0.0,2.0
25.763582863233,103.756442835977,0.0003586800573888092,1.0,0.9402777777777778,2.2805555555555554,0.0,2.0
25.763582863233,104.854887222977,0.0003586800573888092,1.0,0.9416666666666667,2.2819444444444446,0.0,2.0
25.763582863233,105.953331609976,0.0003586800573888092,1.0,0.9666666666666667,2.3,0.0,2.0
25.763582863233,107.051775996975,0.0003586800573888092,1.0,0.9902777777777778,2.3305555555555557,0.0,2.0
25.763582863233,108.150220383974,0.0003586800573888092,1.0,0.9902777777777778,2.326388888888889,0.0,2.0
25.763582863233,109.248664770973,0.0003586800573888092,1.0,0.9694444444444444,2.298611111111111,0.0,2.0
25.763582863233,110.347109157972,0.0003586800573888092,1.0,0.9402777777777778,2.2736111111111112,0.0,2.0
25.763582863233,111.445553544972,0.0003586800573888092,1.0,0.9361111111111111,2.2666666666666666,0.0,2.0
25.763582863233,112.543997931971,0.0003586800573888092,1.0,0.9583333333333334,2.2916666666666665,0.0,2.0
25.763582863233,113.64244231897,0.0003586800573888092,1.0,0.9847222222222223,2.3333333333333335,0.0,2.0
25.763582863233,114.740886705969,0.0003586800573888092,1.0,0.9930555555555556,2.3152777777777778,0.0,2.0
25.763582863233,115.839331092968,0.0003586800573888092,1.0,0.975,2.3097222222222222,0.0,2.0
25.763582863233,116.937775479968,0.0003586800573888092,1.0,0.95,2.2805555555555554,0.0,2.0
25.763582863233,118.036219866967,0.0003586800573888092,1.0,0.9361111111111111,2.279166666666667,0.0,2.0
25.763582863233,119.134664253966,0.0003586800573888092,1.0,0.9513888888888888,2.297222222222222,0.0,2.0
25.763582863233,120.233108640965,0.0003586800573888092,1.0,0.9805555555555555,2.3027777777777776,0.0,2.0
25.763582863233,121.331553027964,0.0003586800573888092,1.0,0.9930555555555556,2.3222222222222224,0.0,2.0
25.763582863233,122.429997414964,0.0003586800573888092,1.0,0.9819444444444444,2.3125,0.0,2.0
25.763582863233,123.528441801963,0.0003586800573888092,1.0,0.9555555555555556,2.298611111111111,0.0,2.0
25.763582863233,124.626886188962,0.0003586800573888092,1.0,0.9305555555555556,2.2708333333333335,0.0,2.0
25.763582863233,125.725330575961,0.0003586800573888092,1.0,0.9472222222222222,2.283333333333333,0.0,2.0
25.763582863233,126.82377496296,0.0003586800573888092,1.0,0.9736111111111111,2.3027777777777776,0.0,2.0
25.763582863233,127.92221934996,0.0003586800573888092,1.0,0.9902777777777778,2.326388888888889,0.0,2.0
25.763582863233,129.020663736959,0.0003586800573888092,1.0,0.9888888888888889,2.327777777777778,0.0,2.0
25.763582863233,130.119108123958,0.0003586800573888092,1.0,0.9611111111111111,2.290277777777778,0.0,2.0
25.763582863233,131.217552510957,0.0003586800573888092,1.0,0.9388888888888889,2.2680555555555557,0.0,2.0
25.763582863233,132.315996897956,0.0003586800573888092,1.0,0.9416666666666667,2.2736111111111112,0.0,2.0
25.763582863233,133.414441284956,0.0003586800573888092,1.0,0.9680555555555556,2.297222222222222,0.0,2.0
25.763582863233,134.512885671955,0.0003586800573888092,1.0,0.9902777777777778,2.326388888888889,0.0,2.0
25.763582863233,135.0,0.0003586800573888092,1.0,0.9402777777777778,2.2819444444444446,0.0,2.0
26.752836629744,73.0,0.0003586800573888092,1.0,0.9861111111111112,2.3694444444444445,0.0,2.0
26.752836629744,74.10784074118,0.0003586800573888092,1.0,0.9708333333333333,2.3541666666666665,0.0,2.0
26.752836629744,75.21568148236,0.0003586800573888092,1.0,0.9513888888888888,2.325,0.0,2.0
26.752836629744,76.323522223539,0.0003586800573888092,1.0,0.9347222222222222,2.3097222222222222,0.0,2.0
26.752836629744,77.431362964719,0.0003586800573888092,1.0,0.9444444444444444,2.325,0.0,2.0
26.752836629744,78.539203705899,0.0003586800573888092,1.0,0.975,2.3541666666666665,0.0,2.0
26.752836629744,79.647044447079,0.0003586800573888092,1.0,0.9805555555555555,2.3625,0.0,2.0
26.752836629744,80.754885188259,0.0003586800573888092,1.0,0.975,2.3513888888888888,0.0,2.0
26.752836629744,81.862725929439,0.0003586800573888092,1.0,0.95,2.338888888888889,0.0,2.0
26.752836629744,82.970566670618,0.0003586800573888092,1.0,0.9291666666666667,2.3125,0.0,2.0
26.752836629744,84.078407411798,0.0003586800573888092,1.0,0.9444444444444444,2.327777777777778,0.0,2.0
26.752836629744,85.186248152978,0.0003586800573888092,1.0,0.9777777777777777,2.359722222222222,0.0,2.0
26.752836629744,86.294088894158,0.0003586800573888092,1.0,0.9875,2.3625,0.0,2.0
26.752836629744,87.401929635338,0.0003586800573888092,1.0,0.9722222222222222,2.3541666666666665,0.0,2.0
26.752836629744,88.509770376517,0.0003586800573888092,1.0,0.9416666666666667,2.323611111111111,0.0,2.0
26.752836629744,89.617611117697,0.0003586800573888092,1.0,0.9305555555555556,2.3097222222222222,0.0,2.0
26.752836629744,90.725451858877,0.0003586800573888092,1.0,0.95,2.3333333333333335,0.0,2.0
26.752836629744,91.833292600057,0.0003586800573888092,1.0,0.9805555555555555,2.352777777777778,0.0,2.0
26.752836629744,92.941133341237,0.0003586800573888092,1.0,0.9791666666666666,2.3652777777777776,0.0,2.0
26.752836629744,94.048974082416,0.0003586800573888092,1.0,0.9722222222222222,2.352777777777778,0.0,2.0
26.752836629744,95.156814823596,0.0003586800573888092,1.0,0.9388888888888889,2.325,0.0,2.0
26.752836629744,96.264655564776,0.0003586800573888092,1.0,0.9305555555555556,2.3069444444444445,0.0,2.0
26.752836629744,97.372496305956,0.0003586800573888092,1.0,0.9569444444444445,2.3375,0.0,2.0
26.752836629744,98.480337047136,0.0003586800573888092,1.0,0.9791666666666666,2.3583333333333334,0.0,2.0
26.752836629744,99.588177788316,0.0003586800573888092,1.0,0.9833333333333333,2.3625,0.0,2.0
26.752836629744,100.696018529495,0.0003586800573888092,1.0,0.9680555555555556,2.3555555555555556,0.0,2.0
26.752836629744,101.803859270675,0.0003586800573888092,1.0,0.9361111111111111,2.3180555555555555,0.0,2.0
26.752836629744,102.911700011855,0.0003586800573888092,1.0,0.9319444444444445,2.308333333333333,0.0,2.0
26.752836629744,104.019540753035,0.0003586800573888092,1.0,0.9611111111111111,2.348611111111111,0.0,2.0
26.752836629744,105.127381494215,0.0003586800573888092,1.0,0.9791666666666666,2.359722222222222,0.0,2.0
26.752836629744,106.235222235394,0.0003586800573888092,1.0,0.9791666666666666,2.3625,0.0,2.0
26.752836629744,107.343062976574,0.0003586800573888092,1.0,0.9694444444444444,2.341666666666667,0.0,2.0
26.752836629744,108.450903717754,0.0003586800573888092,1.0,0.9388888888888889,2.3152777777777778,0.0,2.0
26.752836629744,109.558744458934,0.0003586800573888092,1.0,0.9277777777777778,2.3097222222222222,0.0,2.0
26.752836629744,110.666585200114,0.0003586800573888092,1.0,0.9597222222222223,2.348611111111111,0.0,2.0
26.752836629744,111.774425941293,0.0003586800573888092,1.0,0.9777777777777777,2.361111111111111,0.0,2.0
26.752836629744,112.882266682473,0.0003586800573888092,1.0,0.9861111111111112,2.361111111111111,0.0,2.0
26.752836629744,113.990107423653,0.0003586800573888092,1.0,0.9625,2.3402777777777777,0.0,2.0
26.752836629744,115.097948164833,0.0003586800573888092,1.0,0.9347222222222222,2.316666666666667,0.0,2.0
26.752836629744,116.205788906013,0.0003586800573888092,1.0,0.9347222222222222,2.313888888888889,0.0,2.0
26.752836629744,117.313629647193,0.0003586800573888092,1.0,0.9638888888888889,2.345833333333333,0.0,2.0
26.752836629744,118.421470388372,0.0003586800573888092,1.0,0.9833333333333333,2.361111111111111,0.0,2.0
26.752836629744,119.529311129552,0.0003586800573888092,1.0,0.9791666666666666,2.361111111111111,0.0,2.0
26.752836629744,120.637151870732,0.0003586800573888092,1.0,0.9597222222222223,2.3472222222222223,0.0,2.0
26.752836629744,121.744992611912,0.0003586800573888092,1.0,0.9305555555555556,2.3180555555555555,0.0,2.0
26.752836629744,122.852833353092,0.0003586800573888092,1.0,0.9388888888888889,2.3222222222222224,0.0,2.0
26.752836629744,123.960674094271,0.0003586800573888092,1.0,0.9666666666666667,2.338888888888889,0.0,2.0
26.752836629744,125.068514835451,0.0003586800573888092,1.0,0.9791666666666666,2.361111111111111,0.0,2.0
26.752836629744,126.176355576631,0.0003586800573888092,1.0,0.9805555555555555,2.3625,0.0,2.0
26.752836629744,127.284196317811,0.0003586800573888092,1.0,0.9625,2.352777777777778,0.0,2.0
26.752836629744,128.392037058991,0.0003586800573888092,1.0,0.9319444444444445,2.308333333333333,0.0,2.0
26.752836629744,129.499877800171,0.0003586800573888092,1.0,0.9375,2.3194444444444446,0.0,2.0
26.752836629744,130.60771854135,0.0003586800573888092,1.0,0.9680555555555556,2.3513888888888888,0.0,2.0
26.752836629744,131.71555928253,0.0003586800573888092,1.0,0.9847222222222223,2.363888888888889,0.0,2.0
26.752836629744,132.82340002371,0.0003586800573888092,1.0,0.975,2.3569444444444443,0.0,2.0
26.752836629744,133.93124076489,0.0003586800573888092,1.0,0.9583333333333334,2.3361111111111112,0.0,2.0
26.752836629744,135.0,0.0003586800573888092,1.0,0.9347222222222222,2.3152777777777778,0.0,2.0
27.742090396254,73.0,0.0003586800573888092,1.0,0.9847222222222223,2.386111111111111,0.0,2.0
27.742090396254,74.11773530939,0.0003586800573888092,1.0,0.9736111111111111,2.376388888888889,0.0,2.0
27.742090396254,75.235470618779,0.0003586800573888092,1.0,0.9611111111111111,2.3722222222222222,0.0,2.0
27.742090396254,76.353205928169,0.0003586800573888092,1.0,0.9625,2.386111111111111,0.0,2.0
27.742090396254,77.470941237559,0.0003586800573888092,1.0,0.9652777777777778,2.376388888888889,0.0,2.0
27.742090396254,78.588676546949,0.0003586800573888092,1.0,0.975,2.388888888888889,0.0,2.0
27.742090396254,79.706411856338,0.0003586800573888092,1.0,0.9791666666666666,2.3930555555555557,0.0,2.0
27.742090396254,80.824147165728,0.0003586800573888092,1.0,0.9666666666666667,2.373611111111111,0.0,2.0
27.742090396254,81.941882475118,0.0003586800573888092,1.0,0.9638888888888889,2.3777777777777778,0.0,2.0
27.742090396254,83.059617784508,0.0003586800573888092,1.0,0.9638888888888889,2.3652777777777776,0.0,2.0
27.742090396254,84.177353093897,0.0003586800573888092,1.0,0.9694444444444444,2.376388888888889,0.0,2.0
27.742090396254,85.295088403287,0.0003586800573888092,1.0,0.9805555555555555,2.3930555555555557,0.0,2.0
27.742090396254,86.412823712677,0.0003586800573888092,1.0,0.9736111111111111,2.3847222222222224,0.0,2.0
27.742090396254,87.530559022067,0.0003586800573888092,1.0,0.9680555555555556,2.3875,0.0,2.0
27.742090396254,88.648294331456,0.0003586800573888092,1.0,0.9652777777777778,2.379166666666667,0.0,2.0
27.742090396254,89.766029640846,0.0003586800573888092,1.0,0.9694444444444444,2.3819444444444446,0.0,2.0
27.742090396254,90.883764950236,0.0003586800573888092,1.0,0.9722222222222222,2.390277777777778,0.0,2.0
27.742090396254,92.001500259626,0.0003586800573888092,1.0,0.9805555555555555,2.379166666666667,0.0,2.0
27.742090396254,93.119235569015,0.0003586800573888092,1.0,0.9694444444444444,2.3833333333333333,0.0,2.0
27.742090396254,94.236970878405,0.0003586800573888092,1.0,0.9638888888888889,2.363888888888889,0.0,2.0
27.742090396254,95.354706187795,0.0003586800573888092,1.0,0.9625,2.3652777777777776,0.0,2.0
27.742090396254,96.472441497185,0.0003586800573888092,1.0,0.9638888888888889,2.376388888888889,0.0,2.0
27.742090396254,97.590176806574,0.0003586800573888092,1.0,0.9805555555555555,2.3958333333333335,0.0,2.0
27.742090396254,98.707912115964,0.0003586800573888092,1.0,0.9805555555555555,2.397222222222222,0.0,2.0
27.742090396254,99.825647425354,0.0003586800573888092,1.0,0.9625,2.379166666666667,0.0,2.0
27.742090396254,100.943382734744,0.0003586800573888092,1.0,0.9583333333333334,2.3680555555555554,0.0,2.0
27.742090396254,102.061118044133,0.0003586800573888092,1.0,0.9625,2.376388888888889,0.0,2.0
27.742090396254,103.178853353523,0.0003586800573888092,1.0,0.975,2.3875,0.0,2.0
27.742090396254,104.296588662913,0.0003586800573888092,1.0,0.9805555555555555,2.3875,0.0,2.0
27.742090396254,105.414323972303,0.0003586800573888092,1.0,0.9666666666666667,2.3777777777777778,0.0,2.0
27.742090396254,106.532059281692,0.0003586800573888092,1.0,0.9666666666666667,2.375,0.0,2.0
27.742090396254,107.649794591082,0.0003586800573888092,1.0,0.9638888888888889,2.3805555555555555,0.0,2.0
27.742090396254,108.767529900472,0.0003586800573888092,1.0,0.9666666666666667,2.3833333333333333,0.0,2.0
27.742090396254,109.885265209862,0.0003586800573888092,1.0,0.9763888888888889,2.386111111111111,0.0,2.0
27.742090396254,111.003000519251,0.0003586800573888092,1.0,0.9791666666666666,2.390277777777778,0.0,2.0
27.742090396254,112.120735828641,0.0003586800573888092,1.0,0.9722222222222222,2.379166666666667,0.0,2.0
27.742090396254,113.238471138031,0.0003586800573888092,1.0,0.9652777777777778,2.375,0.0,2.0
27.742090396254,114.356206447421,0.0003586800573888092,1.0,0.9652777777777778,2.373611111111111,0.0,2.0
27.742090396254,115.47394175681,0.0003586800573888092,1.0,0.9722222222222222,2.3680555555555554,0.0,2.0
27.742090396254,116.5916770662,0.0003586800573888092,1.0,0.9819444444444444,2.3916666666666666,0.0,2.0
27.742090396254,117.70941237559,0.0003586800573888092,1.0,0.9722222222222222,2.375,0.0,2.0
27.742090396254,118.82714768498,0.0003586800573888092,1.0,0.9611111111111111,2.373611111111111,0.0,2.0
27.742090396254,119.944882994369,0.0003586800573888092,1.0,0.9625,2.3777777777777778,0.0,2.0
27.742090396254,121.062618303759,0.0003586800573888092,1.0,0.9638888888888889,2.375,0.0,2.0
27.742090396254,122.180353613149,0.0003586800573888092,1.0,0.975,2.3847222222222224,0.0,2.0
27.742090396254,123.298088922538,0.0003586800573888092,1.0,0.9805555555555555,2.3930555555555557,0.0,2.0
27.742090396254,124.415824231928,0.0003586800573888092,1.0,0.9652777777777778,2.3722222222222222,0.0,2.0
27.742090396254,125.533559541318,0.0003586800573888092,1.0,0.9625,2.375,0.0,2.0
27.742090396254,126.651294850708,0.0003586800573888092,1.0,0.9625,2.361111111111111,0.0,2.0
27.742090396254,127.769030160097,0.0003586800573888092,1.0,0.9722222222222222,2.3847222222222224,0.0,2.0
27.742090396254,128.886765469487,0.0003586800573888092,1.0,0.9861111111111112,2.4027777777777777,0.0,2.0
27.742090396254,130.004500778877,0.0003586800573888092,1.0,0.9736111111111111,2.3833333333333333,0.0,2.0
27.742090396254,131.122236088267,0.0003586800573888092,1.0,0.9652777777777778,2.376388888888889,0.0,2.0
27.742090396254,132.239971397656,0.0003586800573888092,1.0,0.9597222222222223,2.3694444444444445,0.0,2.0
27.742090396254,133.357706707046,0.0003586800573888092,1.0,0.9680555555555556,2.3777777777777778,0.0,2.0
27.742090396254,134.475442016436,0.0003586800573888092,1.0,0.9763888888888889,2.3944444444444444,0.0,2.0
27.742090396254,135.0,0.0003586800573888092,1.0,0.9638888888888889,2.3680555555555554,0.0,2.0
28.731344162765,73.0,0.0003586800573888092,1.0,0.9805555555555555,2.4125,0.0,2.0
28.731344162765,74.128147544538,0.0003586800573888092,1.0,0.9833333333333333,2.4097222222222223,0.0,2.0
28.731344162765,75.256295089077,0.0003586800573888092,1.0,0.9847222222222223,2.426388888888889,0.0,2.0
28.731344162765,76.384442633616,0.0003586800573888092,1.0,0.9875,2.4305555555555554,0.0,2.0
28.731344162765,77.512590178154,0.0003586800573888092,1.0,0.9861111111111112,2.4291666666666667,0.0,2.0
28.731344162765,78.640737722693,0.0003586800573888092,1.0,0.9833333333333333,2.408333333333333,0.0,2.0
28.731344162765,79.768885267231,0.0003586800573888092,1.0,0.9805555555555555,2.4166666666666665,0.0,2.0
28.731344162765,80.89703281177,0.0003586800573888092,1.0,0.9847222222222223,2.426388888888889,0.0,2.0
28.731344162765,82.025180356308,0.0003586800573888092,1.0,0.9847222222222223,2.4305555555555554,0.0,2.0
28.731344162765,83.153327900847,0.0003586800573888092,1.0,0.9777777777777777,2.4138888888888888,0.0,2.0
28.731344162765,84.281475445385,0.0003586800573888092,1.0,0.9833333333333333,2.426388888888889,0.0,2.0
28.731344162765,85.409622989924,0.0003586800573888092,1.0,0.9861111111111112,2.415277777777778,0.0,2.0
28.731344162765,86.537770534462,0.0003586800573888092,1.0,0.9805555555555555,2.4194444444444443,0.0,2.0
28.731344162765,87.665918079001,0.0003586800573888092,1.0,0.9861111111111112,2.4277777777777776,0.0,2.0
28.731344162765,88.794065623539,0.0003586800573888092,1.0,0.9833333333333333,2.4305555555555554,0.0,2.0
28.731344162765,89.922213168078,0.0003586800573888092,1.0,0.9805555555555555,2.411111111111111,0.0,2.0
28.731344162765,91.050360712616,0.0003586800573888092,1.0,0.9805555555555555,2.4125,0.0,2.0
28.731344162765,92.178508257155,0.0003586800573888092,1.0,0.9805555555555555,2.4194444444444443,0.0,2.0
28.731344162765,93.306655801693,0.0003586800573888092,1.0,0.9847222222222223,2.4319444444444445,0.0,2.0
28.731344162765,94.434803346232,0.0003586800573888092,1.0,0.9861111111111112,2.4319444444444445,0.0,2.0
28.731344162765,95.56295089077,0.0003586800573888092,1.0,0.9819444444444444,2.415277777777778,0.0,2.0
28.731344162765,96.691098435309,0.0003586800573888092,1.0,0.9819444444444444,2.4138888888888888,0.0,2.0
28.731344162765,97.819245979847,0.0003586800573888092,1.0,0.9819444444444444,2.4180555555555556,0.0,2.0
28.731344162765,98.947393524386,0.0003586800573888092,1.0,0.9833333333333333,2.423611111111111,0.0,2.0
28.731344162765,100.075541068924,0.0003586800573888092,1.0,0.9861111111111112,2.4347222222222222,0.0,2.0
28.731344162765,101.203688613463,0.0003586800573888092,1.0,0.9847222222222223,2.4208333333333334,0.0,2.0
28.731344162765,102.331836158001,0.0003586800573888092,1.0,0.9847222222222223,2.4194444444444443,0.0,2.0
28.731344162765,103.45998370254,0.0003586800573888092,1.0,0.9847222222222223,2.4180555555555556,0.0,2.0
28.731344162765,104.588131247078,0.0003586800573888092,1.0,0.9833333333333333,2.422222222222222,0.0,2.0
28.731344162765,105.716278791617,0.0003586800573888092,1.0,0.9847222222222223,2.433333333333333,0.0,2.0
28.731344162765,106.844426336155,0.0003586800573888092,1.0,0.9833333333333333,2.423611111111111,0.0,2.0
28.731344162765,107.972573880694,0.0003586800573888092,1.0,0.9833333333333333,2.4208333333333334,0.0,2.0
28.731344162765,109.100721425232,0.0003586800573888092,1.0,0.9833333333333333,2.404166666666667,0.0,2.0
28.731344162765,110.228868969771,0.0003586800573888092,1.0,0.9847222222222223,2.4319444444444445,0.0,2.0
28.731344162765,111.357016514309,0.0003586800573888092,1.0,0.9861111111111112,2.4291666666666667,0.0,2.0
28.731344162765,112.485164058848,0.0003586800573888092,1.0,0.9805555555555555,2.426388888888889,0.0,2.0
28.731344162765,113.613311603386,0.0003586800573888092,1.0,0.9791666666666666,2.404166666666667,0.0,2.0
28.731344162765,114.741459147925,0.0003586800573888092,1.0,0.9805555555555555,2.4166666666666665,0.0,2.0
28.731344162765,115.869606692463,0.0003586800573888092,1.0,0.9847222222222223,2.4194444444444443,0.0,2.0
28.731344162765,116.997754237002,0.0003586800573888092,1.0,0.9819444444444444,2.4305555555555554,0.0,2.0
28.731344162765,118.12590178154,0.0003586800573888092,1.0,0.9861111111111112,2.433333333333333,0.0,2.0
28.731344162765,119.254049326079,0.0003586800573888092,1.0,0.9833333333333333,2.423611111111111,0.0,2.0
28.731344162765,120.382196870617,0.0003586800573888092,1.0,0.9833333333333333,2.4125,0.0,2.0
28.731344162765,121.510344415156,0.0003586800573888092,1.0,0.9791666666666666,2.4180555555555556,0.0,2.0
28.731344162765,122.638491959694,0.0003586800573888092,1.0,0.9847222222222223,2.4305555555555554,0.0,2.0
28.731344162765,123.766639504233,0.0003586800573888092,1.0,0.9861111111111112,2.4319444444444445,0.0,2.0
28.731344162765,124.894787048771,0.0003586800573888092,1.0,0.9819444444444444,2.4277777777777776,0.0,2.0
28.731344162765,126.02293459331,0.0003586800573888092,1.0,0.9847222222222223,2.4055555555555554,0.0,2.0
28.731344162765,127.151082137848,0.0003586800573888092,1.0,0.9819444444444444,2.4194444444444443,0.0,2.0
28.731344162765,128.279229682387,0.0003586800573888092,1.0,0.9847222222222223,2.4305555555555554,0.0,2.0
28.731344162765,129.407377226925,0.0003586800573888092,1.0,0.9861111111111112,2.436111111111111,0.0,2.0
28.731344162765,130.535524771464,0.0003586800573888092,1.0,0.9861111111111112,2.4180555555555556,0.0,2.0
28.731344162765,131.663672316002,0.0003586800573888092,1.0,0.9833333333333333,2.426388888888889,0.0,2.0
28.731344162765,132.791819860541,0.0003586800573888092,1.0,0.9861111111111112,2.4055555555555554,0.0,2.0
28.731344162765,133.919967405079,0.0003586800573888092,1.0,0.9805555555555555,2.426388888888889,0.0,2.0
28.731344162765,135.0,0.0003586800573888092,1.0,0.9875,2.4319444444444445,0.0,2.0
29.720597929276,73.0,0.0003586800573888092,1.0,0.9930555555555556,2.4722222222222223,0.0,2.0
29.720597929276,74.139098349734,0.0003586800573888092,1.0,0.9958333333333333,2.470833333333333,0.0,2.0
29.720597929276,75.278196699467,0.0003586800573888092,1.0,0.9944444444444445,2.4722222222222223,0.0,2.0
29.720597929276,76.417295049201,0.0003586800573888092,1.0,0.9972222222222222,2.4625,0.0,2.0
29.720597929276,77.556393398934,0.0003586800573888092,1.0,0.9902777777777778,2.466666666666667,0.0,4.0
29.720597929276,78.695491748668,0.0003586800573888092,1.0,0.9902777777777778,2.4652777777777777,0.0,2.0
29.720597929276,79.834590098401,0.0003586800573888092,1.0,0.9944444444444445,2.466666666666667,0.0,2.0
29.720597929276,80.973688448135,0.0003586800573888092,1.0,0.9986111111111111,2.4694444444444446,0.0,2.0
29.720597929276,82.112786797868,0.0003586800573888092,1.0,0.9958333333333333,2.4791666666666665,0.0,2.0
29.720597929276,83.251885147602,0.0003586800573888092,1.0,0.9930555555555556,2.4680555555555554,0.0,2.0
29.720597929276,84.390983497335,0.0003586800573888092,1.0,0.9930555555555556,2.470833333333333,0.0,2.0
29.720597929276,85.530081847069,0.0003586800573888092,1.0,0.9958333333333333,2.473611111111111,0.0,2.0
29.720597929276,86.669180196803,0.0003586800573888092,1.0,0.9958333333333333,2.4680555555555554,0.0,2.0
29.720597929276,87.808278546536,0.0003586800573888092,1.0,0.9958333333333333,2.4694444444444446,0.0,2.0
29.720597929276,88.94737689627,0.0003586800573888092,1.0,0.9944444444444445,2.4819444444444443,0.0,2.0
29.720597929276,90.086475246003,0.0003586800573888092,1.0,0.9916666666666667,2.4625,0.0,2.0
29.720597929276,91.225573595737,0.0003586800573888092,1.0,0.9930555555555556,2.463888888888889,0.0,2.0
29.720597929276,92.36467194547,0.0003586800573888092,1.0,0.9972222222222222,2.475,0.0,2.0
29.720597929276,93.503770295204,0.0003586800573888092,1.0,0.9958333333333333,2.4805555555555556,0.0,2.0
29.720597929276,94.642868644937,0.0003586800573888092,1.0,0.9944444444444445,2.4694444444444446,0.0,2.0
29.720597929276,95.781966994671,0.0003586800573888092,1.0,0.9916666666666667,2.4611111111111112,0.0,2.0
29.720597929276,96.921065344404,0.0003586800573888092,1.0,0.9930555555555556,2.4722222222222223,0.0,4.0
29.720597929276,98.060163694138,0.0003586800573888092,1.0,0.9972222222222222,2.4694444444444446,0.0,2.0
29.720597929276,99.199262043872,0.0003586800573888092,1.0,0.9958333333333333,2.463888888888889,0.0,2.0
29.720597929276,100.338360393605,0.0003586800573888092,1.0,0.9930555555555556,2.466666666666667,0.0,2.0
29.720597929276,101.477458743339,0.0003586800573888092,1.0,0.9944444444444445,2.4680555555555554,0.0,4.0
29.720597929276,102.616557093072,0.0003586800573888092,1.0,0.9930555555555556,2.45,0.0,2.0
29.720597929276,103.755655442806,0.0003586800573888092,1.0,0.9944444444444445,2.4763888888888888,0.0,2.0
29.720597929276,104.894753792539,0.0003586800573888092,1.0,0.9958333333333333,2.475,0.0,2.0
29.720597929276,106.033852142273,0.0003586800573888092,1.0,0.9916666666666667,2.470833333333333,0.0,2.0
29.720597929276,107.172950492006,0.0003586800573888092,1.0,0.9916666666666667,2.4583333333333335,0.0,4.0
29.720597929276,108.31204884174,0.0003586800573888092,1.0,0.9902777777777778,2.466666666666667,0.0,4.0
29.720597929276,109.451147191473,0.0003586800573888092,1.0,0.9986111111111111,2.4625,0.0,2.0
29.720597929276,110.590245541207,0.0003586800573888092,1.0,0.9930555555555556,2.4694444444444446,0.0,2.0
29.720597929276,111.72934389094,0.0003586800573888092,1.0,0.9944444444444445,2.470833333333333,0.0,4.0
29.720597929276,112.868442240674,0.0003586800573888092,1.0,0.9944444444444445,2.466666666666667,0.0,2.0
29.720597929276,114.007540590408,0.0003586800573888092,1.0,0.9944444444444445,2.473611111111111,0.0,2.0
29.720597929276,115.146638940141,0.0003586800573888092,1.0,0.9958333333333333,2.4819444444444443,0.0,2.0
29.720597929276,116.285737289875,0.0003586800573888092,1.0,0.9944444444444445,2.4722222222222223,0.0,2.0
29.720597929276,117.424835639608,0.0003586800573888092,1.0,0.9916666666666667,2.463888888888889,0.0,4.0
29.720597929276,118.563933989342,0.0003586800573888092,1.0,0.9930555555555556,2.466666666666667,0.0,4.0
29.720597929276,119.703032339075,0.0003586800573888092,1.0,0.9916666666666667,2.4583333333333335,0.0,2.0
29.720597929276,120.842130688809,0.0003586800573888092,1.0,0.9972222222222222,2.466666666666667,0.0,2.0
29.720597929276,121.981229038542,0.0003586800573888092,1.0,0.9916666666666667,2.4611111111111112,0.0,4.0
29.720597929276,123.120327388276,0.0003586800573888092,1.0,0.9944444444444445,2.4680555555555554,0.0,2.0
29.720597929276,124.259425738009,0.0003586800573888092,1.0,0.9958333333333333,2.459722222222222,0.0,2.0
29.720597929276,125.398524087743,0.0003586800573888092,1.0,0.9944444444444445,2.4763888888888888,0.0,2.0
29.720597929276,126.537622437477,0.0003586800573888092,1.0,0.9972222222222222,2.4819444444444443,0.0,2.0
29.720597929276,127.67672078721,0.0003586800573888092,1.0,0.9930555555555556,2.466666666666667,0.0,2.0
29.720597929276,128.815819136944,0.0003586800573888092,1.0,0.9958333333333333,2.470833333333333,0.0,2.0
29.720597929276,129.954917486677,0.0003586800573888092,1.0,0.9944444444444445,2.4652777777777777,0.0,2.0
29.720597929276,131.094015836411,0.0003586800573888092,1.0,0.9944444444444445,2.4569444444444444,0.0,2.0
29.720597929276,132.233114186144,0.0003586800573888092,1.0,0.9972222222222222,2.475,0.0,2.0
29.720597929276,133.372212535878,0.0003586800573888092,1.0,0.9944444444444445,2.4694444444444446,0.0,2.0
29.720597929276,134.511310885611,0.0003586800573888092,1.0,0.9916666666666667,2.4611111111111112,0.0,2.0
29.720597929276,135.0,0.0003586800573888092,1.0,0.9986111111111111,2.473611111111111,0.0,2.0
30.709851695786,73.0,0.0003586800573888092,1.0,0.9902777777777778,2.5194444444444444,0.0,2.0
30.709851695786,74.150610192242,0.0003586800573888092,1.0,0.9972222222222222,2.522222222222222,0.0,2.0
30.709851695786,75.301220384483,0.0003586800573888092,1.0,0.9972222222222222,2.5194444444444444,0.0,2.0
30.709851695786,76.451830576725,0.0003586800573888092,1.0,1.0,2.529166666666667,0.0,0.0
30.709851695786,77.602440768966,0.0003586800573888092,1.0,0.9958333333333333,2.536111111111111,0.0,2.0
30.709851695786,78.753050961208,0.0003586800573888092,1.0,0.9930555555555556,2.5208333333333335,0.0,2.0
30.709851695786,79.903661153449,0.0003586800573888092,1.0,0.9958333333333333,2.525,0.0,2.0
30.709851695786,81.054271345691,0.0003586800573888092,1.0,0.9986111111111111,2.513888888888889,0.0,2.0
30.709851695786,82.204881537932,0.0003586800573888092,1.0,0.9972222222222222,2.522222222222222,0.0,2.0
30.709851695786,83.355491730174,0.0003586800573888092,1.0,0.9958333333333333,2.5083333333333333,0.0,2.0
30.709851695786,84.506101922415,0.0003586800573888092,1.0,0.9916666666666667,2.5236111111111112,0.0,4.0
30.709851695786,85.656712114657,0.0003586800573888092,1.0,1.0,2.529166666666667,0.0,0.0
30.709851695786,86.807322306898,0.0003586800573888092,1.0,0.9958333333333333,2.511111111111111,0.0,2.0
30.709851695786,87.95793249914,0.0003586800573888092,1.0,0.9972222222222222,2.533333333333333,0.0,2.0
30.709851695786,89.108542691381,0.0003586800573888092,1.0,0.9916666666666667,2.522222222222222,0.0,2.0
30.709851695786,90.259152883623,0.0003586800573888092,1.0,0.9958333333333333,2.529166666666667,0.0,2.0
30.709851695786,91.409763075864,0.0003586800573888092,1.0,0.9972222222222222,2.5208333333333335,0.0,2.0
30.709851695786,92.560373268106,0.0003586800573888092,1.0,0.9986111111111111,2.515277777777778,0.0,2.0
30.709851695786,93.710983460347,0.0003586800573888092,1.0,0.9944444444444445,2.529166666666667,0.0,2.0
30.709851695786,94.861593652589,0.0003586800573888092,1.0,0.9916666666666667,2.525,0.0,4.0
30.709851695786,96.01220384483,0.0003586800573888092,1.0,0.9958333333333333,2.5180555555555557,0.0,2.0
30.709851695786,97.162814037072,0.0003586800573888092,1.0,0.9986111111111111,2.515277777777778,0.0,2.0
30.709851695786,98.313424229313,0.0003586800573888092,1.0,1.0,2.5305555555555554,0.0,0.0
30.709851695786,99.464034421555,0.0003586800573888092,1.0,0.9916666666666667,2.5277777777777777,0.0,4.0
30.709851695786,100.614644613796,0.0003586800573888092,1.0,0.9944444444444445,2.5180555555555557,0.0,2.0
30.709851695786,101.765254806038,0.0003586800573888092,1.0,0.9986111111111111,2.5236111111111112,0.0,2.0
30.709851695786,102.915864998279,0.0003586800573888092,1.0,0.9986111111111111,2.525,0.0,2.0
30.709851695786,104.066475190521,0.0003586800573888092,1.0,0.9958333333333333,2.5194444444444444,0.0,2.0
30.709851695786,105.217085382762,0.0003586800573888092,1.0,0.9902777777777778,2.5166666666666666,0.0,4.0
30.709851695786,106.367695575004,0.0003586800573888092,1.0,0.9958333333333333,2.5305555555555554,0.0,2.0
30.709851695786,107.518305767245,0.0003586800573888092,1.0,1.0,2.5166666666666666,0.0,0.0
30.709851695786,108.668915959487,0.0003586800573888092,1.0,0.9986111111111111,2.5194444444444444,0.0,2.0
30.709851695786,109.819526151728,0.0003586800573888092,1.0,0.9972222222222222,2.5277777777777777,0.0,2.0
30.709851695786,110.97013634397,0.0003586800573888092,1.0,0.9930555555555556,2.5277777777777777,0.0,2.0
30.709851695786,112.120746536212,0.0003586800573888092,1.0,0.9972222222222222,2.5208333333333335,0.0,2.0
30.709851695786,113.271356728453,0.0003586800573888092,1.0,0.9958333333333333,2.5194444444444444,0.0,2.0
30.709851695786,114.421966920695,0.0003586800573888092,1.0,0.9986111111111111,2.525,0.0,2.0
30.709851695786,115.572577112936,0.0003586800573888092,1.0,0.9916666666666667,2.5194444444444444,0.0,4.0
30.709851695786,116.723187305178,0.0003586800573888092,1.0,0.9930555555555556,2.5194444444444444,0.0,4.0
30.709851695786,117.873797497419,0.0003586800573888092,1.0,0.9972222222222222,2.5180555555555557,0.0,2.0
30.709851695786,119.024407689661,0.0003586800573888092,1.0,0.9986111111111111,2.5166666666666666,0.0,2.0
30.709851695786,120.175017881902,0.0003586800573888092,1.0,0.9958333333333333,2.525,0.0,2.0
30.709851695786,121.325628074144,0.0003586800573888092,1.0,0.9958333333333333,2.5180555555555557,0.0,2.0
30.709851695786,122.476238266385,0.0003586800573888092,1.0,0.9930555555555556,2.525,0.0,4.0
30.709851695786,123.626848458627,0.0003586800573888092,1.0,1.0,2.5180555555555557,0.0,0.0
30.709851695786,124.777458650868,0.0003586800573888092,1.0,0.9958333333333333,2.513888888888889,0.0,2.0
30.709851695786,125.92806884311,0.0003586800573888092,1.0,0.9930555555555556,2.5180555555555557,0.0,4.0
30.709851695786,127.078679035351,0.0003586800573888092,1.0,0.9902777777777778,2.5208333333333335,0.0,4.0
30.709851695786,128.229289227593,0.0003586800573888092,1.0,0.9972222222222222,2.529166666666667,0.0,2.0
30.709851695786,129.379899419834,0.0003586800573888092,1.0,0.9972222222222222,2.5180555555555557,0.0,2.0
30.709851695786,130.530509612076,0.0003586800573888092,1.0,0.9986111111111111,2.525,0.0,2.0
30.709851695786,131.681119804317,0.0003586800573888092,1.0,0.9916666666666667,2.5236111111111112,0.0,2.0
30.709851695786,132.831729996559,0.0003586800573888092,1.0,0.9944444444444445,2.5125,0.0,4.0
30.709851695786,133.9823401888,0.0003586800573888092,1.0,0.9958333333333333,2.5208333333333335,0.0,2.0
30.709851695786,135.0,0.0003586800573888092,1.0,0.9986111111111111,2.522222222222222,0.0,2.0
31.699105462297,73.0,0.0003586800573888092,1.0,1.0,2.5569444444444445,0.0,0.0
31.699105462297,74.162707229409,0.0003586800573888092,1.0,0.9986111111111111,2.5652777777777778,0.0,2.0
31.699105462297,75.325414458817,0.0003586800573888092,1.0,1.0,2.6041666666666665,0.0,0.0
31.699105462297,76.488121688226,0.0003586800573888092,1.0,1.0,2.5930555555555554,0.0,0.0
31.699105462297,77.650828917635,0.0003586800573888092,1.0,1.0,2.575,0.0,0.0
31.699105462297,78.813536147044,0.0003586800573888092,1.0,0.9986111111111111,2.5625,0.0,2.0
31.699105462297,79.976243376452,0.0003586800573888092,1.0,1.0,2.6013888888888888,0.0,0.0
31.699105462297,81.138950605861,0.0003586800573888092,1.0,1.0,2.602777777777778,0.0,0.0
31.699105462297,82.30165783527,0.0003586800573888092,1.0,0.9986111111111111,2.5722222222222224,0.0,2.0
31.699105462297,83.464365064679,0.0003586800573888092,1.0,1.0,2.5569444444444445,0.0,0.0
31.699105462297,84.627072294087,0.0003586800573888092,1.0,0.9986111111111111,2.576388888888889,0.0,2.0
31.699105462297,85.789779523496,0.0003586800573888092,1.0,1.0,2.6069444444444443,0.0,0.0
31.699105462297,86.952486752905,0.0003586800573888092,1.0,0.9986111111111111,2.588888888888889,0.0,2.0
31.699105462297,88.115193982313,0.0003586800573888092,1.0,1.0,2.5625,0.0,0.0
31.699105462297,89.277901211722,0.0003586800573888092,1.0,0.9986111111111111,2.5708333333333333,0.0,2.0
31.699105462297,90.440608441131,0.0003586800573888092,1.0,1.0,2.595833333333333,0.0,0.0
31.699105462297,91.60331567054,0.0003586800573888092,1.0,1.0,2.5972222222222223,0.0,0.0
31.699105462297,92.766022899948,0.0003586800573888092,1.0,1.0,2.563888888888889,0.0,0.0
31.699105462297,93.928730129357,0.0003586800573888092,1.0,0.9986111111111111,2.5569444444444445,0.0,2.0
31.699105462297,95.091437358766,0.0003586800573888092,1.0,1.0,2.5875,0.0,0.0
31.699105462297,96.254144588174,0.0003586800573888092,1.0,1.0,2.609722222222222,0.0,0.0
31.699105462297,97.416851817583,0.0003586800573888092,1.0,0.9986111111111111,2.5805555555555557,0.0,2.0
31.699105462297,98.579559046992,0.0003586800573888092,1.0,1.0,2.563888888888889,0.0,0.0
31.699105462297,99.742266276401,0.0003586800573888092,1.0,0.9986111111111111,2.575,0.0,2.0
31.699105462297,100.904973505809,0.0003586800573888092,1.0,1.0,2.6069444444444443,0.0,0.0
31.699105462297,102.067680735218,0.0003586800573888092,1.0,0.9986111111111111,2.591666666666667,0.0,2.0
31.699105462297,103.230387964627,0.0003586800573888092,1.0,1.0,2.566666666666667,0.0,0.0
31.699105462297,104.393095194036,0.0003586800573888092,1.0,0.9986111111111111,2.558333333333333,0.0,2.0
31.699105462297,105.555802423444,0.0003586800573888092,1.0,1.0,2.5819444444444444,0.0,0.0
31.699105462297,106.718509652853,0.0003586800573888092,1.0,1.0,2.602777777777778,0.0,0.0
31.699105462297,107.881216882262,0.0003586800573888092,1.0,1.0,2.577777777777778,0.0,0.0
31.699105462297,109.04392411167,0.0003586800573888092,1.0,0.9986111111111111,2.5597222222222222,0.0,2.0
31.699105462297,110.206631341079,0.0003586800573888092,1.0,0.9986111111111111,2.5819444444444444,0.0,2.0
31.699105462297,111.369338570488,0.0003586800573888092,1.0,1.0,2.602777777777778,0.0,0.0
31.699105462297,112.532045799897,0.0003586800573888092,1.0,1.0,2.584722222222222,0.0,0.0
31.699105462297,113.694753029305,0.0003586800573888092,1.0,1.0,2.5680555555555555,0.0,0.0
31.699105462297,114.857460258714,0.0003586800573888092,1.0,0.9986111111111111,2.576388888888889,0.0,2.0
31.699105462297,116.020167488123,0.0003586800573888092,1.0,1.0,2.6013888888888888,0.0,0.0
31.699105462297,117.182874717532,0.0003586800573888092,1.0,0.9986111111111111,2.5972222222222223,0.0,2.0
31.699105462297,118.34558194694,0.0003586800573888092,1.0,1.0,2.563888888888889,0.0,0.0
31.699105462297,119.508289176349,0.0003586800573888092,1.0,1.0,2.566666666666667,0.0,0.0
31.699105462297,120.670996405758,0.0003586800573888092,1.0,0.9986111111111111,2.588888888888889,0.0,2.0
31.699105462297,121.833703635166,0.0003586800573888092,1.0,1.0,2.5944444444444446,0.0,0.0
31.699105462297,122.996410864575,0.0003586800573888092,1.0,1.0,2.5791666666666666,0.0,0.0
31.699105462297,124.159118093984,0.0003586800573888092,1.0,1.0,2.563888888888889,0.0,0.0
31.699105462297,125.321825323393,0.0003586800573888092,1.0,1.0,2.5722222222222224,0.0,0.0
31.699105462297,126.484532552801,0.0003586800573888092,1.0,1.0,2.5944444444444446,0.0,0.0
31.699105462297,127.64723978221,0.0003586800573888092,1.0,1.0,2.5875,0.0,0.0
31.699105462297,128.809947011619,0.0003586800573888092,1.0,1.0,2.5722222222222224,0.0,0.0
31.699105462297,129.972654241028,0.0003586800573888092,1.0,1.0,2.5708333333333333,0.0,0.0
31.699105462297,131.135361470436,0.0003586800573888092,1.0,1.0,2.598611111111111,0.0,0.0
31.699105462297,132.298068699845,0.0003586800573888092,1.0,0.9986111111111111,2.6041666666666665,0.0,2.0
31.699105462297,133.460775929254,0.0003586800573888092,1.0,0.9986111111111111,2.575,0.0,2.0
31.699105462297,134.623483158662,0.0003586800573888092,1.0,1.0,2.566666666666667,0.0,0.0
31.699105462297,135.0,0.0003586800573888092,1.0,1.0,2.6069444444444443,0.0,0.0
32.688359228808,73.0,0.0003586800573888092,1.0,1.0,2.6486111111111112,0.0,0.0
32.688359228808,74.175415447965,0.0003586800573888092,1.0,1.0,2.6430555555555557,0.0,0.0
32.688359228808,75.35083089593,0.0003586800573888092,1.0,0.9986111111111111,2.6430555555555557,0.0,2.0
32.688359228808,76.526246343894,0.0003586800573888092,1.0,0.9986111111111111,2.640277777777778,0.0,2.0
32.688359228808,77.701661791859,0.0003586800573888092,1.0,1.0,2.6416666666666666,0.0,0.0
32.688359228808,78.877077239824,0.0003586800573888092,1.0,1.0,2.6347222222222224,0.0,0.0
32.688359228808,80.052492687789,0.0003586800573888092,1.0,1.0,2.6555555555555554,0.0,0.0
32.688359228808,81.227908135753,0.0003586800573888092,1.0,0.9986111111111111,2.647222222222222,0.0,2.0
32.688359228808,82.403323583718,0.0003586800573888092,1.0,1.0,2.65,0.0,0.0
32.688359228808,83.578739031683,0.0003586800573888092,1.0,1.0,2.6486111111111112,0.0,0.0
32.688359228808,84.754154479648,0.0003586800573888092,1.0,1.0,2.654166666666667,0.0,0.0
32.688359228808,85.929569927612,0.0003586800573888092,1.0,1.0,2.6430555555555557,0.0,0.0
32.688359228808,87.104985375577,0.0003586800573888092,1.0,1.0,2.6416666666666666,0.0,0.0
32.688359228808,88.280400823542,0.0003586800573888092,1.0,1.0,2.6430555555555557,0.0,0.0
32.688359228808,89.455816271507,0.0003586800573888092,1.0,1.0,2.6444444444444444,0.0,0.0
32.688359228808,90.631231719471,0.0003586800573888092,1.0,1.0,2.654166666666667,0.0,0.0
32.688359228808,91.806647167436,0.0003586800573888092,1.0,1.0,2.6444444444444444,0.0,0.0
32.688359228808,92.982062615401,0.0003586800573888092,1.0,1.0,2.647222222222222,0.0,0.0
32.688359228808,94.157478063366,0.0003586800573888092,1.0,0.9986111111111111,2.65,0.0,2.0
32.688359228808,95.33289351133,0.0003586800573888092,1.0,0.9986111111111111,2.6527777777777777,0.0,2.0
32.688359228808,96.508308959295,0.0003586800573888092,1.0,1.0,2.6444444444444444,0.0,0.0
32.688359228808,97.68372440726,0.0003586800573888092,1.0,1.0,2.6416666666666666,0.0,0.0
32.688359228808,98.859139855225,0.0003586800573888092,1.0,1.0,2.640277777777778,0.0,0.0
32.688359228808,100.034555303189,0.0003586800573888092,1.0,0.9972222222222222,2.647222222222222,0.0,2.0
32.688359228808,101.209970751154,0.0003586800573888092,1.0,1.0,2.6333333333333333,0.0,0.0
32.688359228808,102.385386199119,0.0003586800573888092,1.0,1.0,2.6486111111111112,0.0,0.0
32.688359228808,103.560801647084,0.0003586800573888092,1.0,1.0,2.6430555555555557,0.0,0.0
32.688359228808,104.736217095048,0.0003586800573888092,1.0,0.9986111111111111,2.6458333333333335,0.0,2.0
32.688359228808,105.911632543013,0.0003586800573888092,1.0,0.9986111111111111,2.6444444444444444,0.0,2.0
32.688359228808,107.087047990978,0.0003586800573888092,1.0,1.0,2.6430555555555557,0.0,0.0
32.688359228808,108.262463438943,0.0003586800573888092,1.0,1.0,2.6430555555555557,0.0,0.0
32.688359228808,109.437878886907,0.0003586800573888092,1.0,1.0,2.6486111111111112,0.0,0.0
32.688359228808,110.613294334872,0.0003586800573888092,1.0,0.9986111111111111,2.6444444444444444,0.0,2.0
32.688359228808,111.788709782837,0.0003586800573888092,1.0,1.0,2.638888888888889,0.0,0.0
32.688359228808,112.964125230802,0.0003586800573888092,1.0,0.9986111111111111,2.6347222222222224,0.0,2.0
32.688359228808,114.139540678766,0.0003586800573888092,1.0,1.0,2.6486111111111112,0.0,0.0
32.688359228808,115.314956126731,0.0003586800573888092,1.0,1.0,2.6458333333333335,0.0,0.0
32.688359228808,116.490371574696,0.0003586800573888092,1.0,1.0,2.65,0.0,0.0
32.688359228808,117.665787022661,0.0003586800573888092,1.0,1.0,2.6375,0.0,0.0
32.688359228808,118.841202470625,0.0003586800573888092,1.0,1.0,2.658333333333333,0.0,0.0
32.688359228808,120.01661791859,0.0003586800573888092,1.0,1.0,2.6375,0.0,0.0
32.688359228808,121.192033366555,0.0003586800573888092,1.0,1.0,2.6458333333333335,0.0,0.0
32.688359228808,122.36744881452,0.0003586800573888092,1.0,1.0,2.6319444444444446,0.0,0.0
32.688359228808,123.542864262484,0.0003586800573888092,1.0,1.0,2.65,0.0,0.0
32.688359228808,124.718279710449,0.0003586800573888092,1.0,1.0,2.654166666666667,0.0,0.0
32.688359228808,125.893695158414,0.0003586800573888092,1.0,1.0,2.6486111111111112,0.0,0.0
32.688359228808,127.069110606379,0.0003586800573888092,1.0,1.0,2.6569444444444446,0.0,0.0
32.688359228808,128.244526054343,0.0003586800573888092,1.0,1.0,2.6444444444444444,0.0,0.0
32.688359228808,129.419941502308,0.0003586800573888092,1.0,1.0,2.6569444444444446,0.0,0.0
32.688359228808,130.595356950273,0.0003586800573888092,1.0,1.0,2.6430555555555557,0.0,0.0
32.688359228808,131.770772398238,0.0003586800573888092,1.0,1.0,2.636111111111111,0.0,0.0
32.688359228808,132.946187846202,0.0003586800573888092,1.0,1.0,2.6333333333333333,0.0,0.0
32.688359228808,134.121603294167,0.0003586800573888092,1.0,1.0,2.6569444444444446,0.0,0.0
32.688359228808,135.0,0.0003586800573888092,1.0,1.0,2.6569444444444446,0.0,0.0
33.677612995318,73.0,0.0003586800573888092,1.0,1.0,2.738888888888889,0.0,0.0
33.677612995318,74.188762818336,0.0003586800573888092,1.0,1.0,2.7111111111111112,0.0,0.0
33.677612995318,75.377525636672,0.0003586800573888092,1.0,1.0,2.686111111111111,0.0,0.0
33.677612995318,76.566288455009,0.0003586800573888092,1.0,1.0,2.7194444444444446,0.0,0.0
33.677612995318,77.755051273345,0.0003586800573888092,1.0,1.0,2.723611111111111,0.0,0.0
33.677612995318,78.943814091681,0.0003586800573888092,1.0,1.0,2.7041666666666666,0.0,0.0
33.677612995318,80.132576910017,0.0003586800573888092,1.0,1.0,2.6791666666666667,0.0,0.0
33.677612995318,81.321339728353,0.0003586800573888092,1.0,1.0,2.716666666666667,0.0,0.0
33.677612995318,82.51010254669,0.0003586800573888092,1.0,1.0,2.7430555555555554,0.0,0.0
33.677612995318,83.698865365026,0.0003586800573888092,1.0,1.0,2.7152777777777777,0.0,0.0
33.677612995318,84.887628183362,0.0003586800573888092,1.0,1.0,2.6902777777777778,0.0,0.0
33.677612995318,86.076391001698,0.0003586800573888092,1.0,1.0,2.7194444444444446,0.0,0.0
33.677612995318,87.265153820034,0.0003586800573888092,1.0,1.0,2.734722222222222,0.0,0.0
33.677612995318,88.453916638371,0.0003586800573888092,1.0,1.0,2.7069444444444444,0.0,0.0
33.677612995318,89.642679456707,0.0003586800573888092,1.0,1.0,2.6819444444444445,0.0,0.0
33.677612995318,90.831442275043,0.0003586800573888092,1.0,1.0,2.725,0.0,0.0
33.677612995318,92.020205093379,0.0003586800573888092,1.0,1.0,2.7291666666666665,0.0,0.0
33.677612995318,93.208967911715,0.0003586800573888092,1.0,1.0,2.709722222222222,0.0,0.0
33.677612995318,94.397730730052,0.0003586800573888092,1.0,1.0,2.6902777777777778,0.0,0.0
33.677612995318,95.586493548388,0.0003586800573888092,1.0,1.0,2.723611111111111,0.0,0.0
33.677612995318,96.775256366724,0.0003586800573888092,1.0,1.0,2.734722222222222,0.0,0.0
33.677612995318,97.96401918506,0.0003586800573888092,1.0,1.0,2.698611111111111,0.0,0.0
33.677612995318,99.152782003396,0.0003586800573888092,1.0,1.0,2.6875,0.0,0.0
33.677612995318,100.341544821733,0.0003586800573888092,1.0,1.0,2.7263888888888888,0.0,0.0
33.677612995318,101.530307640069,0.0003586800573888092,1.0,1.0,2.7333333333333334,0.0,0.0
33.677612995318,102.719070458405,0.0003586800573888092,1.0,1.0,2.6944444444444446,0.0,0.0
33.677612995318,103.907833276741,0.0003586800573888092,1.0,1.0,2.7083333333333335,0.0,0.0
33.677612995318,105.096596095077,0.0003586800573888092,1.0,1.0,2.7305555555555556,0.0,0.0
33.677612995318,106.285358913414,0.0003586800573888092,1.0,1.0,2.727777777777778,0.0,0.0
33.677612995318,107.47412173175,0.0003586800573888092,1.0,1.0,2.6972222222222224,0.0,0.0
33.677612995318,108.662884550086,0.0003586800573888092,1.0,1.0,2.6930555555555555,0.0,0.0
33.677612995318,109.851647368422,0.0003586800573888092,1.0,1.0,2.7222222222222223,0.0,0.0
33.677612995318,111.040410186758,0.0003586800573888092,1.0,1.0,2.727777777777778,0.0,0.0
33.677612995318,112.229173005095,0.0003586800573888092,1.0,1.0,2.6930555555555555,0.0,0.0
33.677612995318,113.417935823431,0.0003586800573888092,1.0,1.0,2.6875,0.0,0.0
33.677612995318,114.606698641767,0.0003586800573888092,1.0,1.0,2.734722222222222,0.0,0.0
33.677612995318,115.795461460103,0.0003586800573888092,1.0,1.0,2.7333333333333334,0.0,0.0
33.677612995318,116.984224278439,0.0003586800573888092,1.0,1.0,2.6944444444444446,0.0,0.0
33.677612995318,118.172987096776,0.0003586800573888092,1.0,1.0,2.6972222222222224,0.0,0.0
33.677612995318,119.361749915112,0.0003586800573888092,1.0,1.0,2.7319444444444443,0.0,0.0
33.677612995318,120.550512733448,0.0003586800573888092,1.0,1.0,2.725,0.0,0.0
33.677612995318,121.739275551784,0.0003586800573888092,1.0,1.0,2.683333333333333,0.0,0.0
33.677612995318,122.92803837012,0.0003586800573888092,1.0,1.0,2.7,0.0,0.0
33.677612995318,124.116801188457,0.0003586800573888092,1.0,1.0,2.727777777777778,0.0,0.0
33.677612995318,125.305564006793,0.0003586800573888092,1.0,1.0,2.7333333333333334,0.0,0.0
33.677612995318,126.494326825129,0.0003586800573888092,1.0,1.0,2.6805555555555554,0.0,0.0
33.677612995318,127.683089643465,0.0003586800573888092,1.0,1.0,2.7152777777777777,0.0,0.0
33.677612995318,128.871852461801,0.0003586800573888092,1.0,1.0,2.7375,0.0,0.0
33.677612995318,130.060615280138,0.0003586800573888092,1.0,1.0,2.7055555555555557,0.0,0.0
33.677612995318,131.249378098474,0.0003586800573888092,1.0,1.0,2.6847222222222222,0.0,0.0
33.677612995318,132.43814091681,0.0003586800573888092,1.0,1.0,2.709722222222222,0.0,0.0
33.677612995318,133.626903735146,0.0003586800573888092,1.0,1.0,2.7291666666666665,0.0,0.0
33.677612995318,134.815666553482,0.0003586800573888092,1.0,1.0,2.7180555555555554,0.0,0.0
33.677612995318,135.0,0.0003586800573888092,1.0,1.0,2.691666666666667,0.0,0.0
34.666866761829,73.0,0.0003586800573888092,1.0,1.0,2.7819444444444446,0.0,0.0
34.666866761829,74.20277946583,0.0003586800573888092,1.0,1.0,2.786111111111111,0.0,0.0
34.666866761829,75.40555893166,0.0003586800573888092,1.0,1.0,2.7958333333333334,0.0,0.0
34.666866761829,76.60833839749,0.0003586800573888092,1.0,1.0,2.7847222222222223,0.0,0.0
34.666866761829,77.81111786332,0.0003586800573888092,1.0,1.0,2.779166666666667,0.0,0.0
34.666866761829,79.01389732915,0.0003586800573888092,1.0,1.0,2.7847222222222223,0.0,0.0
34.666866761829,80.21667679498,0.0003586800573888092,1.0,1.0,2.7888888888888888,0.0,0.0
34.666866761829,81.41945626081,0.0003586800573888092,1.0,1.0,2.7805555555555554,0.0,0.0
34.666866761829,82.622235726639,0.0003586800573888092,1.0,1.0,2.7694444444444444,0.0,0.0
34.666866761829,83.825015192469,0.0003586800573888092,1.0,1.0,2.790277777777778,0.0,0.0
34.666866761829,85.027794658299,0.0003586800573888092,1.0,1.0,2.7916666666666665,0.0,0.0
34.666866761829,86.230574124129,0.0003586800573888092,1.0,1.0,2.7777777777777777,0.0,0.0
34.666866761829,87.433353589959,0.0003586800573888092,1.0,1.0,2.7819444444444446,0.0,0.0
34.666866761829,88.636133055789,0.0003586800573888092,1.0,1.0,2.786111111111111,0.0,0.0
34.666866761829,89.838912521619,0.0003586800573888092,1.0,1.0,2.7819444444444446,0.0,0.0
34.666866761829,91.041691987449,0.0003586800573888092,1.0,1.0,2.775,0.0,0.0
34.666866761829,92.244471453279,0.0003586800573888092,1.0,1.0,2.7777777777777777,0.0,0.0
34.666866761829,93.447250919109,0.0003586800573888092,1.0,1.0,2.7875,0.0,0.0
34.666866761829,94.650030384939,0.0003586800573888092,1.0,1.0,2.775,0.0,0.0
34.666866761829,95.852809850769,0.0003586800573888092,1.0,1.0,2.776388888888889,0.0,0.0
34.666866761829,97.055589316599,0.0003586800573888092,1.0,1.0,2.7944444444444443,0.0,0.0
34.666866761829,98.258368782429,0.0003586800573888092,1.0,1.0,2.7847222222222223,0.0,0.0
34.666866761829,99.461148248259,0.0003586800573888092,1.0,1.0,2.7694444444444444,0.0,0.0
34.666866761829,100.663927714088,0.0003586800573888092,1.0,1.0,2.779166666666667,0.0,0.0
34.666866761829,101.866707179918,0.0003586800573888092,1.0,1.0,2.7930555555555556,0.0,0.0
34.666866761829,103.069486645748,0.0003586800573888092,1.0,1.0,2.7847222222222223,0.0,0.0
34.666866761829,104.272266111578,0.0003586800573888092,1.0,1.0,2.772222222222222,0.0,0.0
34.666866761829,105.475045577408,0.0003586800573888092,1.0,1.0,2.7777777777777777,0.0,0.0
34.666866761829,106.677825043238,0.0003586800573888092,1.0,1.0,2.801388888888889,0.0,0.0
34.666866761829,107.880604509068,0.0003586800573888092,1.0,1.0,2.7819444444444446,0.0,0.0
34.666866761829,109.083383974898,0.0003586800573888092,1.0,1.0,2.7708333333333335,0.0,0.0
34.666866761829,110.286163440728,0.0003586800573888092,1.0,1.0,2.7888888888888888,0.0,0.0
34.666866761829,111.488942906558,0.0003586800573888092,1.0,1.0,2.7916666666666665,0.0,0.0
34.666866761829,112.691722372388,0.0003586800573888092,1.0,1.0,2.779166666666667,0.0,0.0
34.666866761829,113.894501838218,0.0003586800573888092,1.0,1.0,2.779166666666667,0.0,0.0
34.666866761829,115.097281304048,0.0003586800573888092,1.0,1.0,2.779166666666667,0.0,0.0
34.666866761829,116.300060769878,0.0003586800573888092,1.0,1.0,2.7847222222222223,0.0,0.0
34.666866761829,117.502840235708,0.0003586800573888092,1.0,1.0,2.775,0.0,0.0
34.666866761829,118.705619701538,0.0003586800573888092,1.0,1.0,2.786111111111111,0.0,0.0
34.666866761829,119.908399167367,0.0003586800573888092,1.0,1.0,2.798611111111111,0.0,0.0
34.666866761829,121.111178633197,0.0003586800573888092,1.0,1.0,2.7777777777777777,0.0,0.0
34.666866761829,122.313958099027,0.0003586800573888092,1.0,1.0,2.775,0.0,0.0
34.666866761829,123.516737564857,0.0003586800573888092,1.0,1.0,2.783333333333333,0.0,0.0
34.666866761829,124.719517030687,0.0003586800573888092,1.0,1.0,2.7875,0.0,0.0
34.666866761829,125.922296496517,0.0003586800573888092,1.0,1.0,2.772222222222222,0.0,0.0
34.666866761829,127.125075962347,0.0003586800573888092,1.0,1.0,2.772222222222222,0.0,0.0
34.666866761829,128.327855428177,0.0003586800573888092,1.0,1.0,2.783333333333333,0.0,0.0
34.666866761829,129.530634894007,0.0003586800573888092,1.0,1.0,2.7888888888888888,0.0,0.0
34.666866761829,130.733414359837,0.0003586800573888092,1.0,1.0,2.7736111111111112,0.0,0.0
34.666866761829,131.936193825667,0.0003586800573888092,1.0,1.0,2.7805555555555554,0.0,0.0
34.666866761829,133.138973291497,0.0003586800573888092,1.0,1.0,2.790277777777778,0.0,0.0
34.666866761829,134.341752757327,0.0003586800573888092,1.0,1.0,2.7888888888888888,0.0,0.0
34.666866761829,135.0,0.0003586800573888092,1.0,1.0,2.7916666666666665,0.0,0.0
35.656120528339,73.0,0.0003586800573888092,1.0,1.0,2.8666666666666667,0.0,0.0
35.656120528339,74.217497860818,0.0003586800573888092,1.0,1.0,2.8652777777777776,0.0,0.0
35.656120528339,75.434995721636,0.0003586800573888092,1.0,1.0,2.8666666666666667,0.0,0.0
35.656120528339,76.652493582454,0.0003586800573888092,1.0,1.0,2.8555555555555556,0.0,0.0
35.656120528339,77.869991443273,0.0003586800573888092,1.0,1.0,2.8666666666666667,0.0,0.0
35.656120528339,79.087489304091,0.0003586800573888092,1.0,1.0,2.876388888888889,0.0,0.0
35.656120528339,80.304987164909,0.0003586800573888092,1.0,1.0,2.8652777777777776,0.0,0.0
35.656120528339,81.522485025727,0.0003586800573888092,1.0,1.0,2.8583333333333334,0.0,0.0
35.656120528339,82.739982886545,0.0003586800573888092,1.0,1.0,2.873611111111111,0.0,0.0
35.656120528339,83.957480747363,0.0003586800573888092,1.0,1.0,2.8583333333333334,0.0,0.0
35.656120528339,85.174978608182,0.0003586800573888092,1.0,1.0,2.8722222222222222,0.0,0.0
35.656120528339,86.392476469,0.0003586800573888092,1.0,1.0,2.863888888888889,0.0,0.0
35.656120528339,87.609974329818,0.0003586800573888092,1.0,1.0,2.861111111111111,0.0,0.0
35.656120528339,88.827472190636,0.0003586800573888092,1.0,1.0,2.873611111111111,0.0,0.0
35.656120528339,90.044970051454,0.0003586800573888092,1.0,1.0,2.852777777777778,0.0,0.0
35.656120528339,91.262467912272,0.0003586800573888092,1.0,1.0,2.8666666666666667,0.0,0.0
35.656120528339,92.47996577309,0.0003586800573888092,1.0,1.0,2.861111111111111,0.0,0.0
35.656120528339,93.697463633909,0.0003586800573888092,1.0,1.0,2.8666666666666667,0.0,0.0
35.656120528339,94.914961494727,0.0003586800573888092,1.0,1.0,2.8694444444444445,0.0,0.0
35.656120528339,96.132459355545,0.0003586800573888092,1.0,1.0,2.8652777777777776,0.0,0.0
35.656120528339,97.349957216363,0.0003586800573888092,1.0,1.0,2.8652777777777776,0.0,0.0
35.656120528339,98.567455077181,0.0003586800573888092,1.0,1.0,2.8625,0.0,0.0
35.656120528339,99.784952937999,0.0003586800573888092,1.0,1.0,2.875,0.0,0.0
35.656120528339,101.002450798818,0.0003586800573888092,1.0,1.0,2.859722222222222,0.0,0.0
35.656120528339,102.219948659636,0.0003586800573888092,1.0,1.0,2.861111111111111,0.0,0.0
35.656120528339,103.437446520454,0.0003586800573888092,1.0,1.0,2.879166666666667,0.0,0.0
35.656120528339,104.654944381272,0.0003586800573888092,1.0,1.0,2.8680555555555554,0.0,0.0
35.656120528339,105.87244224209,0.0003586800573888092,1.0,1.0,2.876388888888889,0.0,0.0
35.656120528339,107.089940102908,0.0003586800573888092,1.0,1.0,2.8625,0.0,0.0
35.656120528339,108.307437963727,0.0003586800573888092,1.0,1.0,2.873611111111111,0.0,0.0
35.656120528339,109.524935824545,0.0003586800573888092,1.0,1.0,2.8694444444444445,0.0,0.0
35.656120528339,110.742433685363,0.0003586800573888092,1.0,1.0,2.8680555555555554,0.0,0.0
35.656120528339,111.959931546181,0.0003586800573888092,1.0,1.0,2.8569444444444443,0.0,0.0
35.656120528339,113.177429406999,0.0003586800573888092,1.0,1.0,2.8583333333333334,0.0,0.0
35.656120528339,114.394927267817,0.0003586800573888092,1.0,1.0,2.859722222222222,0.0,0.0
35.656120528339,115.612425128635,0.0003586800573888092,1.0,1.0,2.859722222222222,0.0,0.0
35.656120528339,116.829922989454,0.0003586800573888092,1.0,1.0,2.8652777777777776,0.0,0.0
35.656120528339,118.047420850272,0.0003586800573888092,1.0,1.0,2.848611111111111,0.0,0.0
35.656120528339,119.26491871109,0.0003586800573888092,1.0,1.0,2.863888888888889,0.0,0.0
35.656120528339,120.482416571908,0.0003586800573888092,1.0,1.0,2.8652777777777776,0.0,0.0
35.656120528339,121.699914432726,0.0003586800573888092,1.0,1.0,2.861111111111111,0.0,0.0
35.656120528339,122.917412293544,0.0003586800573888092,1.0,1.0,2.8694444444444445,0.0,0.0
35.656120528339,124.134910154363,0.0003586800573888092,1.0,1.0,2.861111111111111,0.0,0.0
35.656120528339,125.352408015181,0.0003586800573888092,1.0,1.0,2.870833333333333,0.0,0.0
35.656120528339,126.569905875999,0.0003586800573888092,1.0,1.0,2.8625,0.0,0.0
35.656120528339,127.787403736817,0.0003586800573888092,1.0,1.0,2.8694444444444445,0.0,0.0
35.656120528339,129.004901597635,0.0003586800573888092,1.0,1.0,2.861111111111111,0.0,0.0
35.656120528339,130.222399458453,0.0003586800573888092,1.0,1.0,2.8583333333333334,0.0,0.0
35.656120528339,131.439897319272,0.0003586800573888092,1.0,1.0,2.863888888888889,0.0,0.0
35.656120528339,132.65739518009,0.0003586800573888092,1.0,1.0,2.8513888888888888,0.0,0.0
35.656120528339,133.874893040908,0.0003586800573888092,1.0,1.0,2.8680555555555554,0.0,0.0
35.656120528339,135.0,0.0003586800573888092,1.0,1.0,2.8666666666666667,0.0,0.0
36.64537429485,73.0,0.0003586800573888092,1.0,1.0,2.9444444444444446,0.0,0.0
36.64537429485,74.232953030375,0.0003586800573888092,1.0,1.0,2.959722222222222,0.0,0.0
36.64537429485,75.46590606075,0.0003586800573888092,1.0,1.0,2.973611111111111,0.0,0.0
36.64537429485,76.698859091125,0.0003586800573888092,1.0,1.0,2.9555555555555557,0.0,0.0
36.64537429485,77.931812121499,0.0003586800573888092,1.0,1.0,2.951388888888889,0.0,0.0
36.64537429485,79.164765151874,0.0003586800573888092,1.0,1.0,2.9805555555555556,0.0,0.0
36.64537429485,80.397718182249,0.0003586800573888092,1.0,1.0,2.9625,0.0,0.0
36.64537429485,81.630671212624,0.0003586800573888092,1.0,1.0,2.9569444444444444,0.0,0.0
36.64537429485,82.863624242999,0.0003586800573888092,1.0,1.0,2.9680555555555554,0.0,0.0
36.64537429485,84.096577273374,0.0003586800573888092,1.0,1.0,2.9625,0.0,0.0
36.64537429485,85.329530303748,0.0003586800573888092,1.0,1.0,2.95,0.0,0.0
36.64537429485,86.562483334123,0.0003586800573888092,1.0,1.0,2.9611111111111112,0.0,0.0
36.64537429485,87.795436364498,0.0003586800573888092,1.0,1.0,2.973611111111111,0.0,0.0
36.64537429485,89.028389394873,0.0003586800573888092,1.0,1.0,2.9541666666666666,0.0,0.0
36.64537429485,90.261342425248,0.0003586800573888092,1.0,1.0,2.952777777777778,0.0,0.0
36.64537429485,91.494295455623,0.0003586800573888092,1.0,1.0,2.986111111111111,0.0,0.0
36.64537429485,92.727248485998,0.0003586800573888092,1.0,1.0,2.9555555555555557,0.0,0.0
36.64537429485,93.960201516372,0.0003586800573888092,1.0,1.0,2.9430555555555555,0.0,0.0
36.64537429485,95.193154546747,0.0003586800573888092,1.0,1.0,2.9694444444444446,0.0,0.0
36.64537429485,96.426107577122,0.0003586800573888092,1.0,1.0,2.970833333333333,0.0,0.0
36.64537429485,97.659060607497,0.0003586800573888092,1.0,1.0,2.9569444444444444,0.0,0.0
36.64537429485,98.892013637872,0.0003586800573888092,1.0,1.0,2.9625,0.0,0.0
36.64537429485,100.124966668247,0.0003586800573888092,1.0,1.0,2.970833333333333,0.0,0.0
36.64537429485,101.357919698621,0.0003586800573888092,1.0,1.0,2.9583333333333335,0.0,0.0
36.64537429485,102.590872728996,0.0003586800573888092,1.0,1.0,2.9555555555555557,0.0,0.0
36.64537429485,103.823825759371,0.0003586800573888092,1.0,1.0,2.966666666666667,0.0,0.0
36.64537429485,105.056778789746,0.0003586800573888092,1.0,1.0,2.9541666666666666,0.0,0.0
36.64537429485,106.289731820121,0.0003586800573888092,1.0,1.0,2.952777777777778,0.0,0.0
36.64537429485,107.522684850496,0.0003586800573888092,1.0,1.0,2.977777777777778,0.0,0.0
36.64537429485,108.75563788087,0.0003586800573888092,1.0,1.0,2.9625,0.0,0.0
36.64537429485,109.988590911245,0.0003586800573888092,1.0,1.0,2.9472222222222224,0.0,0.0
36.64537429485,111.22154394162,0.0003586800573888092,1.0,1.0,2.9680555555555554,0.0,0.0
36.64537429485,112.454496971995,0.0003586800573888092,1.0,1.0,2.966666666666667,0.0,0.0
36.64537429485,113.68745000237,0.0003586800573888092,1.0,1.0,2.9583333333333335,0.0,0.0
36.64537429485,114.920403032745,0.0003586800573888092,1.0,1.0,2.952777777777778,0.0,0.0
36.64537429485,116.15335606312,0.0003586800573888092,1.0,1.0,2.9680555555555554,0.0,0.0
36.64537429485,117.386309093494,0.0003586800573888092,1.0,1.0,2.959722222222222,0.0,0.0
36.64537429485,118.619262123869,0.0003586800573888092,1.0,1.0,2.951388888888889,0.0,0.0
36.64537429485,119.852215154244,0.0003586800573888092,1.0,1.0,2.9722222222222223,0.0,0.0
36.64537429485,121.085168184619,0.0003586800573888092,1.0,1.0,2.952777777777778,0.0,0.0
36.64537429485,122.318121214994,0.0003586800573888092,1.0,1.0,2.941666666666667,0.0,0.0
36.64537429485,123.551074245369,0.0003586800573888092,1.0,1.0,2.9722222222222223,0.0,0.0
36.64537429485,124.784027275743,0.0003586800573888092,1.0,1.0,2.970833333333333,0.0,0.0
36.64537429485,126.016980306118,0.0003586800573888092,1.0,1.0,2.9472222222222224,0.0,0.0
36.64537429485,127.249933336493,0.0003586800573888092,1.0,1.0,2.95,0.0,0.0
36.64537429485,128.482886366868,0.0003586800573888092,1.0,1.0,2.9722222222222223,0.0,0.0
36.64537429485,129.715839397243,0.0003586800573888092,1.0,1.0,2.9555555555555557,0.0,0.0
36.64537429485,130.948792427618,0.0003586800573888092,1.0,1.0,2.9375,0.0,0.0
36.64537429485,132.181745457993,0.0003586800573888092,1.0,1.0,2.9583333333333335,0.0,0.0
36.64537429485,133.414698488367,0.0003586800573888092,1.0,1.0,2.9555555555555557,0.0,0.0
36.64537429485,134.647651518742,0.0003586800573888092,1.0,1.0,2.9444444444444446,0.0,0.0
36.64537429485,135.0,0.0003586800573888092,1.0,1.0,2.975,0.0,0.0
37.634628061361,73.0,0.0003586800573888092,1.0,1.0,3.076388888888889,0.0,0.0
37.634628061361,74.249182794184,0.0003586800573888092,1.0,1.0,3.058333333333333,0.0,0.0
37.634628061361,75.498365588368,0.0003586800573888092,1.0,1.0,3.0458333333333334,0.0,0.0
37.634628061361,76.747548382552,0.0003586800573888092,1.0,1.0,3.077777777777778,0.0,0.0
37.634628061361,77.996731176736,0.0003586800573888092,1.0,1.0,3.0680555555555555,0.0,0.0
37.634628061361,79.24591397092,0.0003586800573888092,1.0,1.0,3.058333333333333,0.0,0.0
37.634628061361,80.495096765104,0.0003586800573888092,1.0,1.0,3.0694444444444446,0.0,0.0
37.634628061361,81.744279559288,0.0003586800573888092,1.0,1.0,3.0652777777777778,0.0,0.0
37.634628061361,82.993462353472,0.0003586800573888092,1.0,1.0,3.061111111111111,0.0,0.0
37.634628061361,84.242645147655,0.0003586800573888092,1.0,1.0,3.061111111111111,0.0,0.0
37.634628061361,85.491827941839,0.0003586800573888092,1.0,1.0,3.0722222222222224,0.0,0.0
37.634628061361,86.741010736023,0.0003586800573888092,1.0,1.0,3.0694444444444446,0.0,0.0
37.634628061361,87.990193530207,0.0003586800573888092,1.0,1.0,3.073611111111111,0.0,0.0
37.634628061361,89.239376324391,0.0003586800573888092,1.0,1.0,3.0708333333333333,0.0,0.0
37.634628061361,90.488559118575,0.0003586800573888092,1.0,1.0,3.063888888888889,0.0,0.0
37.634628061361,91.737741912759,0.0003586800573888092,1.0,1.0,3.061111111111111,0.0,0.0
37.634628061361,92.986924706943,0.0003586800573888092,1.0,1.0,3.0694444444444446,0.0,0.0
37.634628061361,94.236107501127,0.0003586800573888092,1.0,1.0,3.0569444444444445,0.0,0.0
37.634628061361,95.485290295311,0.0003586800573888092,1.0,1.0,3.0652777777777778,0.0,0.0
37.634628061361,96.734473089495,0.0003586800573888092,1.0,1.0,3.0722222222222224,0.0,0.0
37.634628061361,97.983655883679,0.0003586800573888092,1.0,1.0,3.051388888888889,0.0,0.0
37.634628061361,99.232838677863,0.0003586800573888092,1.0,1.0,3.0569444444444445,0.0,0.0
37.634628061361,100.482021472047,0.0003586800573888092,1.0,1.0,3.076388888888889,0.0,0.0
37.634628061361,101.731204266231,0.0003586800573888092,1.0,1.0,3.061111111111111,0.0,0.0
37.634628061361,102.980387060414,0.0003586800573888092,1.0,1.0,3.0569444444444445,0.0,0.0
37.634628061361,104.229569854598,0.0003586800573888092,1.0,1.0,3.077777777777778,0.0,0.0
37.634628061361,105.478752648782,0.0003586800573888092,1.0,1.0,3.0680555555555555,0.0,0.0
37.634628061361,106.727935442966,0.0003586800573888092,1.0,1.0,3.048611111111111,0.0,0.0
37.634628061361,107.97711823715,0.0003586800573888092,1.0,1.0,3.0694444444444446,0.0,0.0
37.634628061361,109.226301031334,0.0003586800573888092,1.0,1.0,3.0708333333333333,0.0,0.0
37.634628061361,110.475483825518,0.0003586800573888092,1.0,1.0,3.0680555555555555,0.0,0.0
37.634628061361,111.724666619702,0.0003586800573888092,1.0,1.0,3.0680555555555555,0.0,0.0
37.634628061361,112.973849413886,0.0003586800573888092,1.0,1.0,3.0708333333333333,0.0,0.0
37.634628061361,114.22303220807,0.0003586800573888092,1.0,1.0,3.063888888888889,0.0,0.0
37.634628061361,115.472215002254,0.0003586800573888092,1.0,1.0,3.075,0.0,0.0
37.634628061361,116.721397796438,0.0003586800573888092,1.0,1.0,3.0708333333333333,0.0,0.0
37.634628061361,117.970580590622,0.0003586800573888092,1.0,1.0,3.0555555555555554,0.0,0.0
37.634628061361,119.219763384806,0.0003586800573888092,1.0,1.0,3.0722222222222224,0.0,0.0
37.634628061361,120.46894617899,0.0003586800573888092,1.0,1.0,3.076388888888889,0.0,0.0
37.634628061361,121.718128973174,0.0003586800573888092,1.0,1.0,3.066666666666667,0.0,0.0
37.634628061361,122.967311767358,0.0003586800573888092,1.0,1.0,3.0708333333333333,0.0,0.0
37.634628061361,124.216494561541,0.0003586800573888092,1.0,1.0,3.076388888888889,0.0,0.0
37.634628061361,125.465677355725,0.0003586800573888092,1.0,1.0,3.048611111111111,0.0,0.0
37.634628061361,126.714860149909,0.0003586800573888092,1.0,1.0,3.0652777777777778,0.0,0.0
37.634628061361,127.964042944093,0.0003586800573888092,1.0,1.0,3.0805555555555557,0.0,0.0
37.634628061361,129.213225738277,0.0003586800573888092,1.0,1.0,3.0569444444444445,0.0,0.0
37.634628061361,130.462408532461,0.0003586800573888092,1.0,1.0,3.058333333333333,0.0,0.0
37.634628061361,131.711591326645,0.0003586800573888092,1.0,1.0,3.075,0.0,0.0
37.634628061361,132.960774120829,0.0003586800573888092,1.0,1.0,3.061111111111111,0.0,0.0
37.634628061361,134.209956915013,0.0003586800573888092,1.0,1.0,3.05,0.0,0.0
37.634628061361,135.0,0.0003586800573888092,1.0,1.0,3.0555555555555554,0.0,0.0
38.623881827871,73.0,0.0003586800573888092,1.0,1.0,3.1875,0.0,0.0
38.623881827871,74.266228027976,0.0003586800573888092,1.0,1.0,3.1666666666666665,0.0,0.0
38.623881827871,75.532456055952,0.0003586800573888092,1.0,1.0,3.183333333333333,0.0,0.0
38.623881827871,76.798684083927,0.0003586800573888092,1.0,1.0,3.186111111111111,0.0,0.0
38.623881827871,78.064912111903,0.0003586800573888092,1.0,1.0,3.183333333333333,0.0,0.0
38.623881827871,79.331140139879,0.0003586800573888092,1.0,1.0,3.186111111111111,0.0,0.0
38.623881827871,80.597368167855,0.0003586800573888092,1.0,1.0,3.183333333333333,0.0,0.0
38.623881827871,81.863596195831,0.0003586800573888092,1.0,1.0,3.1805555555555554,0.0,0.0
38.623881827871,83.129824223807,0.0003586800573888092,1.0,1.0,3.1791666666666667,0.0,0.0
38.623881827871,84.396052251782,0.0003586800573888092,1.0,1.0,3.1680555555555556,0.0,0.0
38.623881827871,85.662280279758,0.0003586800573888092,1.0,1.0,3.172222222222222,0.0,0.0
38.623881827871,86.928508307734,0.0003586800573888092,1.0,1.0,3.1847222222222222,0.0,0.0
38.623881827871,88.19473633571,0.0003586800573888092,1.0,1.0,3.176388888888889,0.0,0.0
38.623881827871,89.460964363686,0.0003586800573888092,1.0,1.0,3.186111111111111,0.0,0.0
38.623881827871,90.727192391661,0.0003586800573888092,1.0,1.0,3.1791666666666667,0.0,0.0
38.623881827871,91.993420419637,0.0003586800573888092,1.0,1.0,3.188888888888889,0.0,0.0
38.623881827871,93.259648447613,0.0003586800573888092,1.0,1.0,3.183333333333333,0.0,0.0
38.623881827871,94.525876475589,0.0003586800573888092,1.0,1.0,3.1791666666666667,0.0,0.0
38.623881827871,95.792104503565,0.0003586800573888092,1.0,1.0,3.1791666666666667,0.0,0.0
38.623881827871,97.05833253154,0.0003586800573888092,1.0,1.0,3.173611111111111,0.0,0.0
38.623881827871,98.324560559516,0.0003586800573888092,1.0,1.0,3.172222222222222,0.0,0.0
38.623881827871,99.590788587492,0.0003586800573888092,1.0,1.0,3.1805555555555554,0.0,0.0
38.623881827871,100.857016615468,0.0003586800573888092,1.0,1.0,3.1708333333333334,0.0,0.0
38.623881827871,102.123244643444,0.0003586800573888092,1.0,1.0,3.186111111111111,0.0,0.0
38.623881827871,103.38947267142,0.0003586800573888092,1.0,1.0,3.175,0.0,0.0
38.623881827871,104.655700699395,0.0003586800573888092,1.0,1.0,3.183333333333333,0.0,0.0
38.623881827871,105.921928727371,0.0003586800573888092,1.0,1.0,3.1791666666666667,0.0,0.0
38.623881827871,107.188156755347,0.0003586800573888092,1.0,1.0,3.1777777777777776,0.0,0.0
38.623881827871,108.454384783323,0.0003586800573888092,1.0,1.0,3.1791666666666667,0.0,0.0
38.623881827871,109.720612811299,0.0003586800573888092,1.0,1.0,3.176388888888889,0.0,0.0
38.623881827871,110.986840839274,0.0003586800573888092,1.0,1.0,3.1875,0.0,0.0
38.623881827871,112.25306886725,0.0003586800573888092,1.0,1.0,3.172222222222222,0.0,0.0
38.623881827871,113.519296895226,0.0003586800573888092,1.0,1.0,3.183333333333333,0.0,0.0
38.623881827871,114.785524923202,0.0003586800573888092,1.0,1.0,3.175,0.0,0.0
38.623881827871,116.051752951178,0.0003586800573888092,1.0,1.0,3.176388888888889,0.0,0.0
38.623881827871,117.317980979153,0.0003586800573888092,1.0,1.0,3.186111111111111,0.0,0.0
38.623881827871,118.584209007129,0.0003586800573888092,1.0,1.0,3.191666666666667,0.0,0.0
38.623881827871,119.850437035105,0.0003586800573888092,1.0,1.0,3.1819444444444445,0.0,0.0
38.623881827871,121.116665063081,0.0003586800573888092,1.0,1.0,3.188888888888889,0.0,0.0
38.623881827871,122.382893091057,0.0003586800573888092,1.0,1.0,3.183333333333333,0.0,0.0
38.623881827871,123.649121119033,0.0003586800573888092,1.0,1.0,3.175,0.0,0.0
38.623881827871,124.915349147008,0.0003586800573888092,1.0,1.0,3.1708333333333334,0.0,0.0
38.623881827871,126.181577174984,0.0003586800573888092,1.0,1.0,3.1777777777777776,0.0,0.0
38.623881827871,127.44780520296,0.0003586800573888092,1.0,1.0,3.1777777777777776,0.0,0.0
38.623881827871,128.714033230936,0.0003586800573888092,1.0,1.0,3.1875,0.0,0.0
38.623881827871,129.980261258912,0.0003586800573888092,1.0,1.0,3.1875,0.0,0.0
38.623881827871,131.246489286887,0.0003586800573888092,1.0,1.0,3.1805555555555554,0.0,0.0
38.623881827871,132.512717314863,0.0003586800573888092,1.0,1.0,3.186111111111111,0.0,0.0
38.623881827871,133.778945342839,0.0003586800573888092,1.0,1.0,3.1847222222222222,0.0,0.0
38.623881827871,135.0,0.0003586800573888092,1.0,1.0,3.1708333333333334,0.0,0.0
39.613135594382,73.0,0.0003586800573888092,1.0,1.0,3.313888888888889,0.0,0.0
39.613135594382,74.28413295826,0.0003586800573888092,1.0,1.0,3.298611111111111,0.0,0.0
39.613135594382,75.568265916521,0.0003586800573888092,1.0,1.0,3.3041666666666667,0.0,0.0
39.613135594382,76.852398874781,0.0003586800573888092,1.0,1.0,3.326388888888889,0.0,0.0
39.613135594382,78.136531833042,0.0003586800573888092,1.0,1.0,3.2958333333333334,0.0,0.0
39.613135594382,79.420664791302,0.0003586800573888092,1.0,1.0,3.297222222222222,0.0,0.0
39.613135594382,80.704797749563,0.0003586800573888092,1.0,1.0,3.3180555555555555,0.0,0.0
39.613135594382,81.988930707823,0.0003586800573888092,1.0,1.0,3.298611111111111,0.0,0.0
39.613135594382,83.273063666084,0.0003586800573888092,1.0,1.0,3.3208333333333333,0.0,0.0
39.613135594382,84.557196624344,0.0003586800573888092,1.0,1.0,3.3152777777777778,0.0,0.0
39.613135594382,85.841329582605,0.0003586800573888092,1.0,1.0,3.2805555555555554,0.0,0.0
39.613135594382,87.125462540865,0.0003586800573888092,1.0,1.0,3.326388888888889,0.0,0.0
39.613135594382,88.409595499125,0.0003586800573888092,1.0,1.0,3.3041666666666667,0.0,0.0
39.613135594382,89.693728457386,0.0003586800573888092,1.0,1.0,3.3055555555555554,0.0,0.0
39.613135594382,90.977861415646,0.0003586800573888092,1.0,1.0,3.313888888888889,0.0,0.0
39.613135594382,92.261994373907,0.0003586800573888092,1.0,1.0,3.297222222222222,0.0,0.0
39.613135594382,93.546127332167,0.0003586800573888092,1.0,1.0,3.297222222222222,0.0,0.0
39.613135594382,94.830260290428,0.0003586800573888092,1.0,1.0,3.327777777777778,0.0,0.0
39.613135594382,96.114393248688,0.0003586800573888092,1.0,1.0,3.3027777777777776,0.0,0.0
39.613135594382,97.398526206949,0.0003586800573888092,1.0,1.0,3.3055555555555554,0.0,0.0
39.613135594382,98.682659165209,0.0003586800573888092,1.0,1.0,3.316666666666667,0.0,0.0
39.613135594382,99.96679212347,0.0003586800573888092,1.0,1.0,3.2916666666666665,0.0,0.0
39.613135594382,101.25092508173,0.0003586800573888092,1.0,1.0,3.3125,0.0,0.0
39.613135594382,102.535058039991,0.0003586800573888092,1.0,1.0,3.3180555555555555,0.0,0.0
39.613135594382,103.819190998251,0.0003586800573888092,1.0,1.0,3.298611111111111,0.0,0.0
39.613135594382,105.103323956511,0.0003586800573888092,1.0,1.0,3.3152777777777778,0.0,0.0
39.613135594382,106.387456914772,0.0003586800573888092,1.0,1.0,3.3041666666666667,0.0,0.0
39.613135594382,107.671589873032,0.0003586800573888092,1.0,1.0,3.2944444444444443,0.0,0.0
39.613135594382,108.955722831293,0.0003586800573888092,1.0,1.0,3.3208333333333333,0.0,0.0
39.613135594382,110.239855789553,0.0003586800573888092,1.0,1.0,3.311111111111111,0.0,0.0
39.613135594382,111.523988747814,0.0003586800573888092,1.0,1.0,3.2875,0.0,0.0
39.613135594382,112.808121706074,0.0003586800573888092,1.0,1.0,3.3194444444444446,0.0,0.0
39.613135594382,114.092254664335,0.0003586800573888092,1.0,1.0,3.3,0.0,0.0
39.613135594382,115.376387622595,0.0003586800573888092,1.0,1.0,3.301388888888889,0.0,0.0
39.613135594382,116.660520580856,0.0003586800573888092,1.0,1.0,3.326388888888889,0.0,0.0
39.613135594382,117.944653539116,0.0003586800573888092,1.0,1.0,3.283333333333333,0.0,0.0
39.613135594382,119.228786497376,0.0003586800573888092,1.0,1.0,3.311111111111111,0.0,0.0
39.613135594382,120.512919455637,0.0003586800573888092,1.0,1.0,3.3097222222222222,0.0,0.0
39.613135594382,121.797052413897,0.0003586800573888092,1.0,1.0,3.297222222222222,0.0,0.0
39.613135594382,123.081185372158,0.0003586800573888092,1.0,1.0,3.316666666666667,0.0,0.0
39.613135594382,124.365318330418,0.0003586800573888092,1.0,1.0,3.3041666666666667,0.0,0.0
39.613135594382,125.649451288679,0.0003586800573888092,1.0,1.0,3.2958333333333334,0.0,0.0
39.613135594382,126.933584246939,0.0003586800573888092,1.0,1.0,3.3222222222222224,0.0,0.0
39.613135594382,128.2177172052,0.0003586800573888092,1.0,1.0,3.3055555555555554,0.0,0.0
39.613135594382,129.50185016346,0.0003586800573888092,1.0,1.0,3.301388888888889,0.0,0.0
39.613135594382,130.785983121721,0.0003586800573888092,1.0,1.0,3.316666666666667,0.0,0.0
39.613135594382,132.070116079981,0.0003586800573888092,1.0,1.0,3.2916666666666665,0.0,0.0
39.613135594382,133.354249038242,0.0003586800573888092,1.0,1.0,3.3,0.0,0.0
39.613135594382,134.638381996502,0.0003586800573888092,1.0,1.0,3.3305555555555557,0.0,0.0
39.613135594382,135.0,0.0003586800573888092,1.0,1.0,3.2958333333333334,0.0,0.0
40.602389360892,73.0,0.0003586800573888092,1.0,1.0,3.459722222222222,0.0,0.0
40.602389360892,74.302945492731,0.0003586800573888092,1.0,1.0,3.452777777777778,0.0,0.0
40.602389360892,75.605890985461,0.0003586800573888092,1.0,1.0,3.452777777777778,0.0,0.0
40.602389360892,76.908836478192,0.0003586800573888092,1.0,1.0,3.45,0.0,0.0
40.602389360892,78.211781970922,0.0003586800573888092,1.0,1.0,3.4583333333333335,0.0,0.0
40.602389360892,79.514727463653,0.0003586800573888092,1.0,1.0,3.4569444444444444,0.0,0.0
40.602389360892,80.817672956383,0.0003586800573888092,1.0,1.0,3.45,0.0,0.0
40.602389360892,82.120618449114,0.0003586800573888092,1.0,1.0,3.459722222222222,0.0,0.0
40.602389360892,83.423563941844,0.0003586800573888092,1.0,1.0,3.452777777777778,0.0,0.0
40.602389360892,84.726509434575,0.0003586800573888092,1.0,1.0,3.4555555555555557,0.0,0.0
40.602389360892,86.029454927305,0.0003586800573888092,1.0,1.0,3.463888888888889,0.0,0.0
40.602389360892,87.332400420036,0.0003586800573888092,1.0,1.0,3.45,0.0,0.0
40.602389360892,88.635345912767,0.0003586800573888092,1.0,1.0,3.4611111111111112,0.0,0.0
40.602389360892,89.938291405497,0.0003586800573888092,1.0,1.0,3.45,0.0,0.0
40.602389360892,91.241236898228,0.0003586800573888092,1.0,1.0,3.4583333333333335,0.0,0.0
40.602389360892,92.544182390958,0.0003586800573888092,1.0,1.0,3.452777777777778,0.0,0.0
40.602389360892,93.847127883689,0.0003586800573888092,1.0,1.0,3.4583333333333335,0.0,0.0
40.602389360892,95.150073376419,0.0003586800573888092,1.0,1.0,3.4611111111111112,0.0,0.0
40.602389360892,96.45301886915,0.0003586800573888092,1.0,1.0,3.4555555555555557,0.0,0.0
40.602389360892,97.75596436188,0.0003586800573888092,1.0,1.0,3.451388888888889,0.0,0.0
40.602389360892,99.058909854611,0.0003586800573888092,1.0,1.0,3.45,0.0,0.0
40.602389360892,100.361855347341,0.0003586800573888092,1.0,1.0,3.451388888888889,0.0,0.0
40.602389360892,101.664800840072,0.0003586800573888092,1.0,1.0,3.4541666666666666,0.0,0.0
40.602389360892,102.967746332802,0.0003586800573888092,1.0,1.0,3.4541666666666666,0.0,0.0
40.602389360892,104.270691825533,0.0003586800573888092,1.0,1.0,3.4583333333333335,0.0,0.0
40.602389360892,105.573637318264,0.0003586800573888092,1.0,1.0,3.4569444444444444,0.0,0.0
40.602389360892,106.876582810994,0.0003586800573888092,1.0,1.0,3.4541666666666666,0.0,0.0
40.602389360892,108.179528303725,0.0003586800573888092,1.0,1.0,3.4611111111111112,0.0,0.0
40.602389360892,109.482473796455,0.0003586800573888092,1.0,1.0,3.4458333333333333,0.0,0.0
40.602389360892,110.785419289186,0.0003586800573888092,1.0,1.0,3.463888888888889,0.0,0.0
40.602389360892,112.088364781916,0.0003586800573888092,1.0,1.0,3.4472222222222224,0.0,0.0
40.602389360892,113.391310274647,0.0003586800573888092,1.0,1.0,3.4472222222222224,0.0,0.0
40.602389360892,114.694255767377,0.0003586800573888092,1.0,1.0,3.470833333333333,0.0,0.0
40.602389360892,115.997201260108,0.0003586800573888092,1.0,1.0,3.4555555555555557,0.0,0.0
40.602389360892,117.300146752838,0.0003586800573888092,1.0,1.0,3.45,0.0,0.0
40.602389360892,118.603092245569,0.0003586800573888092,1.0,1.0,3.4652777777777777,0.0,0.0
40.602389360892,119.9060377383,0.0003586800573888092,1.0,1.0,3.452777777777778,0.0,0.0
40.602389360892,121.20898323103,0.0003586800573888092,1.0,1.0,3.466666666666667,0.0,0.0
40.602389360892,122.511928723761,0.0003586800573888092,1.0,1.0,3.448611111111111,0.0,0.0
40.602389360892,123.814874216491,0.0003586800573888092,1.0,1.0,3.4541666666666666,0.0,0.0
40.602389360892,125.117819709222,0.0003586800573888092,1.0,1.0,3.452777777777778,0.0,0.0
40.602389360892,126.420765201952,0.0003586800573888092,1.0,1.0,3.4583333333333335,0.0,0.0
40.602389360892,127.723710694683,0.0003586800573888092,1.0,1.0,3.4472222222222224,0.0,0.0
40.602389360892,129.026656187413,0.0003586800573888092,1.0,1.0,3.452777777777778,0.0,0.0
40.602389360892,130.329601680144,0.0003586800573888092,1.0,1.0,3.452777777777778,0.0,0.0
40.602389360892,131.632547172874,0.0003586800573888092,1.0,1.0,3.4541666666666666,0.0,0.0
40.602389360892,132.935492665605,0.0003586800573888092,1.0,1.0,3.4541666666666666,0.0,0.0
40.602389360892,134.238438158336,0.0003586800573888092,1.0,1.0,3.4569444444444444,0.0,0.0
40.602389360892,135.0,0.0003586800573888092,1.0,1.0,3.45,0.0,0.0
41.591643127403,73.0,0.0003586800573888092,1.0,1.0,3.6458333333333335,0.0,0.0
41.591643127403,74.322717591424,0.0003586800573888092,1.0,1.0,3.6277777777777778,0.0,0.0
41.591643127403,75.645435182848,0.0003586800573888092,1.0,1.0,3.629166666666667,0.0,0.0
41.591643127403,76.968152774272,0.0003586800573888092,1.0,1.0,3.636111111111111,0.0,0.0
41.591643127403,78.290870365696,0.0003586800573888092,1.0,1.0,3.6333333333333333,0.0,0.0
41.591643127403,79.61358795712,0.0003586800573888092,1.0,1.0,3.654166666666667,0.0,0.0
41.591643127403,80.936305548544,0.0003586800573888092,1.0,1.0,3.625,0.0,0.0
41.591643127403,82.259023139968,0.0003586800573888092,1.0,1.0,3.6319444444444446,0.0,0.0
41.591643127403,83.581740731392,0.0003586800573888092,1.0,1.0,3.640277777777778,0.0,0.0
41.591643127403,84.904458322816,0.0003586800573888092,1.0,1.0,3.623611111111111,0.0,0.0
41.591643127403,86.22717591424,0.0003586800573888092,1.0,1.0,3.647222222222222,0.0,0.0
41.591643127403,87.549893505664,0.0003586800573888092,1.0,1.0,3.6375,0.0,0.0
41.591643127403,88.872611097088,0.0003586800573888092,1.0,1.0,3.638888888888889,0.0,0.0
41.591643127403,90.195328688512,0.0003586800573888092,1.0,1.0,3.647222222222222,0.0,0.0
41.591643127403,91.518046279936,0.0003586800573888092,1.0,1.0,3.6305555555555555,0.0,0.0
41.591643127403,92.84076387136,0.0003586800573888092,1.0,1.0,3.6444444444444444,0.0,0.0
41.591643127403,94.163481462783,0.0003586800573888092,1.0,1.0,3.6305555555555555,0.0,0.0
41.591643127403,95.486199054207,0.0003586800573888092,1.0,1.0,3.6305555555555555,0.0,0.0
41.591643127403,96.808916645631,0.0003586800573888092,1.0,1.0,3.6416666666666666,0.0,0.0
41.591643127403,98.131634237055,0.0003586800573888092,1.0,1.0,3.6180555555555554,0.0,0.0
41.591643127403,99.454351828479,0.0003586800573888092,1.0,1.0,3.6416666666666666,0.0,0.0
41.591643127403,100.777069419903,0.0003586800573888092,1.0,1.0,3.6375,0.0,0.0
41.591643127403,102.099787011327,0.0003586800573888092,1.0,1.0,3.6222222222222222,0.0,0.0
41.591643127403,103.422504602751,0.0003586800573888092,1.0,1.0,3.6430555555555557,0.0,0.0
41.591643127403,104.745222194175,0.0003586800573888092,1.0,1.0,3.620833333333333,0.0,0.0
41.591643127403,106.067939785599,0.0003586800573888092,1.0,1.0,3.6416666666666666,0.0,0.0
41.591643127403,107.390657377023,0.0003586800573888092,1.0,1.0,3.625,0.0,0.0
41.591643127403,108.713374968447,0.0003586800573888092,1.0,1.0,3.6222222222222222,0.0,0.0
41.591643127403,110.036092559871,0.0003586800573888092,1.0,1.0,3.6486111111111112,0.0,0.0
41.591643127403,111.358810151295,0.0003586800573888092,1.0,1.0,3.626388888888889,0.0,0.0
41.591643127403,112.681527742719,0.0003586800573888092,1.0,1.0,3.6430555555555557,0.0,0.0
41.591643127403,114.004245334143,0.0003586800573888092,1.0,1.0,3.636111111111111,0.0,0.0
41.591643127403,115.326962925567,0.0003586800573888092,1.0,1.0,3.620833333333333,0.0,0.0
41.591643127403,116.649680516991,0.0003586800573888092,1.0,1.0,3.6458333333333335,0.0,0.0
41.591643127403,117.972398108415,0.0003586800573888092,1.0,1.0,3.613888888888889,0.0,0.0
41.591643127403,119.295115699839,0.0003586800573888092,1.0,1.0,3.636111111111111,0.0,0.0
41.591643127403,120.617833291263,0.0003586800573888092,1.0,1.0,3.6458333333333335,0.0,0.0
41.591643127403,121.940550882687,0.0003586800573888092,1.0,1.0,3.6305555555555555,0.0,0.0
41.591643127403,123.263268474111,0.0003586800573888092,1.0,1.0,3.651388888888889,0.0,0.0
41.591643127403,124.585986065535,0.0003586800573888092,1.0,1.0,3.636111111111111,0.0,0.0
41.591643127403,125.908703656959,0.0003586800573888092,1.0,1.0,3.6347222222222224,0.0,0.0
41.591643127403,127.231421248383,0.0003586800573888092,1.0,1.0,3.6277777777777778,0.0,0.0
41.591643127403,128.554138839807,0.0003586800573888092,1.0,1.0,3.626388888888889,0.0,0.0
41.591643127403,129.876856431231,0.0003586800573888092,1.0,1.0,3.6569444444444446,0.0,0.0
41.591643127403,131.199574022655,0.0003586800573888092,1.0,1.0,3.626388888888889,0.0,0.0
41.591643127403,132.522291614078,0.0003586800573888092,1.0,1.0,3.6333333333333333,0.0,0.0
41.591643127403,133.845009205502,0.0003586800573888092,1.0,1.0,3.636111111111111,0.0,0.0
41.591643127403,135.0,0.0003586800573888092,1.0,1.0,3.6152777777777776,0.0,0.0
42.580896893914,73.0,0.0003586800573888092,1.0,1.0,3.85,0.0,0.0
42.580896893914,74.343505684585,0.0003586800573888092,1.0,1.0,3.841666666666667,0.0,0.0
42.580896893914,75.687011369169,0.0003586800573888092,1.0,1.0,3.8472222222222223,0.0,0.0
42.580896893914,77.030517053754,0.0003586800573888092,1.0,1.0,3.8444444444444446,0.0,0.0
42.580896893914,78.374022738338,0.0003586800573888092,1.0,1.0,3.8513888888888888,0.0,0.0
42.580896893914,79.717528422923,0.0003586800573888092,1.0,1.0,3.8430555555555554,0.0,0.0
42.580896893914,81.061034107507,0.0003586800573888092,1.0,1.0,3.8472222222222223,0.0,0.0
42.580896893914,82.404539792092,0.0003586800573888092,1.0,1.0,3.8472222222222223,0.0,0.0
42.580896893914,83.748045476676,0.0003586800573888092,1.0,1.0,3.8472222222222223,0.0,0.0
42.580896893914,85.091551161261,0.0003586800573888092,1.0,1.0,3.848611111111111,0.0,0.0
42.580896893914,86.435056845846,0.0003586800573888092,1.0,1.0,3.85,0.0,0.0
42.580896893914,87.77856253043,0.0003586800573888092,1.0,1.0,3.848611111111111,0.0,0.0
42.580896893914,89.122068215015,0.0003586800573888092,1.0,1.0,3.8444444444444446,0.0,0.0
42.580896893914,90.465573899599,0.0003586800573888092,1.0,1.0,3.834722222222222,0.0,0.0
42.580896893914,91.809079584184,0.0003586800573888092,1.0,1.0,3.8430555555555554,0.0,0.0
42.580896893914,93.152585268768,0.0003586800573888092,1.0,1.0,3.838888888888889,0.0,0.0
42.580896893914,94.496090953353,0.0003586800573888092,1.0,1.0,3.8513888888888888,0.0,0.0
42.580896893914,95.839596637937,0.0003586800573888092,1.0,1.0,3.8430555555555554,0.0,0.0
42.580896893914,97.183102322522,0.0003586800573888092,1.0,1.0,3.8319444444444444,0.0,0.0
42.580896893914,98.526608007107,0.0003586800573888092,1.0,1.0,3.848611111111111,0.0,0.0
42.580896893914,99.870113691691,0.0003586800573888092,1.0,1.0,3.834722222222222,0.0,0.0
42.580896893914,101.213619376276,0.0003586800573888092,1.0,1.0,3.845833333333333,0.0,0.0
42.580896893914,102.55712506086,0.0003586800573888092,1.0,1.0,3.85,0.0,0.0
42.580896893914,103.900630745445,0.0003586800573888092,1.0,1.0,3.841666666666667,0.0,0.0
42.580896893914,105.244136430029,0.0003586800573888092,1.0,1.0,3.85,0.0,0.0
42.580896893914,106.587642114614,0.0003586800573888092,1.0,1.0,3.8402777777777777,0.0,0.0
42.580896893914,107.931147799198,0.0003586800573888092,1.0,1.0,3.848611111111111,0.0,0.0
42.580896893914,109.274653483783,0.0003586800573888092,1.0,1.0,3.8541666666666665,0.0,0.0
42.580896893914,110.618159168368,0.0003586800573888092,1.0,1.0,3.8402777777777777,0.0,0.0
42.580896893914,111.961664852952,0.0003586800573888092,1.0,1.0,3.841666666666667,0.0,0.0
42.580896893914,113.305170537537,0.0003586800573888092,1.0,1.0,3.8402777777777777,0.0,0.0
42.580896893914,114.648676222121,0.0003586800573888092,1.0,1.0,3.841666666666667,0.0,0.0
42.580896893914,115.992181906706,0.0003586800573888092,1.0,1.0,3.841666666666667,0.0,0.0
42.580896893914,117.33568759129,0.0003586800573888092,1.0,1.0,3.852777777777778,0.0,0.0
42.580896893914,118.679193275875,0.0003586800573888092,1.0,1.0,3.8444444444444446,0.0,0.0
42.580896893914,120.022698960459,0.0003586800573888092,1.0,1.0,3.845833333333333,0.0,0.0
42.580896893914,121.366204645044,0.0003586800573888092,1.0,1.0,3.848611111111111,0.0,0.0
42.580896893914,122.709710329629,0.0003586800573888092,1.0,1.0,3.8319444444444444,0.0,0.0
42.580896893914,124.053216014213,0.0003586800573888092,1.0,1.0,3.8361111111111112,0.0,0.0
42.580896893914,125.396721698798,0.0003586800573888092,1.0,1.0,3.848611111111111,0.0,0.0
42.580896893914,126.740227383382,0.0003586800573888092,1.0,1.0,3.85,0.0,0.0
42.580896893914,128.083733067967,0.0003586800573888092,1.0,1.0,3.85,0.0,0.0
42.580896893914,129.427238752551,0.0003586800573888092,1.0,1.0,3.8361111111111112,0.0,0.0
42.580896893914,130.770744437136,0.0003586800573888092,1.0,1.0,3.841666666666667,0.0,0.0
42.580896893914,132.11425012172,0.0003586800573888092,1.0,1.0,3.8319444444444444,0.0,0.0
42.580896893914,133.457755806305,0.0003586800573888092,1.0,1.0,3.8541666666666665,0.0,0.0
42.580896893914,134.80126149089,0.0003586800573888092,1.0,1.0,3.8430555555555554,0.0,0.0
42.580896893914,135.0,0.0003586800573888092,1.0,1.0,3.8430555555555554,0.0,0.0
43.570150660424,73.0,0.0003586800573888092,1.0,1.0,4.097222222222222,0.0,0.0
43.570150660424,74.365371144174,0.0003586800573888092,1.0,1.0,4.097222222222222,0.0,0.0
43.570150660424,75.730742288348,0.0003586800573888092,1.0,1.0,4.091666666666667,0.0,0.0
43.570150660424,77.096113432522,0.0003586800573888092,1.0,1.0,4.104166666666667,0.0,0.0
43.570150660424,78.461484576696,0.0003586800573888092,1.0,1.0,4.098611111111111,0.0,0.0
43.570150660424,79.82685572087,0.0003586800573888092,1.0,1.0,4.095833333333333,0.0,0.0
43.570150660424,81.192226865044,0.0003586800573888092,1.0,1.0,4.1,0.0,0.0
43.570150660424,82.557598009218,0.0003586800573888092,1.0,1.0,4.097222222222222,0.0,0.0
43.570150660424,83.922969153392,0.0003586800573888092,1.0,1.0,4.102777777777778,0.0,0.0
43.570150660424,85.288340297566,0.0003586800573888092,1.0,1.0,4.095833333333333,0.0,0.0
43.570150660424,86.65371144174,0.0003586800573888092,1.0,1.0,4.095833333333333,0.0,0.0
43.570150660424,88.019082585914,0.0003586800573888092,1.0,1.0,4.1,0.0,0.0
43.570150660424,89.384453730088,0.0003586800573888092,1.0,1.0,4.094444444444444,0.0,0.0
43.570150660424,90.749824874262,0.0003586800573888092,1.0,1.0,4.113888888888889,0.0,0.0
43.570150660424,92.115196018436,0.0003586800573888092,1.0,1.0,4.098611111111111,0.0,0.0
43.570150660424,93.48056716261,0.0003586800573888092,1.0,1.0,4.0875,0.0,0.0
43.570150660424,94.845938306784,0.0003586800573888092,1.0,1.0,4.098611111111111,0.0,0.0
43.570150660424,96.211309450958,0.0003586800573888092,1.0,1.0,4.076388888888889,0.0,0.0
43.570150660424,97.576680595132,0.0003586800573888092,1.0,1.0,4.1,0.0,0.0
43.570150660424,98.942051739306,0.0003586800573888092,1.0,1.0,4.081944444444445,0.0,0.0
43.570150660424,100.30742288348,0.0003586800573888092,1.0,1.0,4.091666666666667,0.0,0.0
43.570150660424,101.672794027654,0.0003586800573888092,1.0,1.0,4.094444444444444,0.0,0.0
43.570150660424,103.038165171828,0.0003586800573888092,1.0,1.0,4.091666666666667,0.0,0.0
43.570150660424,104.403536316002,0.0003586800573888092,1.0,1.0,4.093055555555556,0.0,0.0
43.570150660424,105.768907460176,0.0003586800573888092,1.0,1.0,4.076388888888889,0.0,0.0
43.570150660424,107.13427860435,0.0003586800573888092,1.0,1.0,4.083333333333333,0.0,0.0
43.570150660424,108.499649748524,0.0003586800573888092,1.0,1.0,4.080555555555556,0.0,0.0
43.570150660424,109.865020892698,0.0003586800573888092,1.0,1.0,4.084722222222222,0.0,0.0
43.570150660424,111.230392036872,0.0003586800573888092,1.0,1.0,4.084722222222222,0.0,0.0
43.570150660424,112.595763181046,0.0003586800573888092,1.0,1.0,4.098611111111111,0.0,0.0
43.570150660424,113.96113432522,0.0003586800573888092,1.0,1.0,4.101388888888889,0.0,0.0
43.570150660424,115.326505469394,0.0003586800573888092,1.0,1.0,4.088888888888889,0.0,0.0
43.570150660424,116.691876613568,0.0003586800573888092,1.0,1.0,4.101388888888889,0.0,0.0
43.570150660424,118.057247757742,0.0003586800573888092,1.0,1.0,4.090277777777778,0.0,0.0
43.570150660424,119.422618901916,0.0003586800573888092,1.0,1.0,4.1,0.0,0.0
43.570150660424,120.78799004609,0.0003586800573888092,1.0,1.0,4.0875,0.0,0.0
43.570150660424,122.153361190264,0.0003586800573888092,1.0,1.0,4.094444444444444,0.0,0.0
43.570150660424,123.518732334438,0.0003586800573888092,1.0,1.0,4.113888888888889,0.0,0.0
43.570150660424,124.884103478612,0.0003586800573888092,1.0,1.0,4.091666666666667,0.0,0.0
43.570150660424,126.249474622786,0.0003586800573888092,1.0,1.0,4.108333333333333,0.0,0.0
43.570150660424,127.61484576696,0.0003586800573888092,1.0,1.0,4.098611111111111,0.0,0.0
43.570150660424,128.980216911134,0.0003586800573888092,1.0,1.0,4.093055555555556,0.0,0.0
43.570150660424,130.345588055308,0.0003586800573888092,1.0,1.0,4.101388888888889,0.0,0.0
43.570150660424,131.710959199482,0.0003586800573888092,1.0,1.0,4.093055555555556,0.0,0.0
43.570150660424,133.076330343656,0.0003586800573888092,1.0,1.0,4.108333333333333,0.0,0.0
43.570150660424,134.44170148783,0.0003586800573888092,1.0,1.0,4.098611111111111,0.0,0.0
43.570150660424,135.0,0.0003586800573888092,1.0,1.0,4.098611111111111,0.0,0.0
44.559404426935,73.0,0.0003586800573888092,1.0,1.0,4.3875,0.0,0.0
44.559404426935,74.388380817199,0.0003586800573888092,1.0,1.0,4.426388888888889,0.0,0.0
44.559404426935,75.776761634397,0.0003586800573888092,1.0,1.0,4.394444444444445,0.0,0.0
44.559404426935,77.165142451596,0.0003586800573888092,1.0,1.0,4.434722222222222,0.0,0.0
44.559404426935,78.553523268795,0.0003586800573888092,1.0,1.0,4.413888888888889,0.0,0.0
44.559404426935,79.941904085993,0.0003586800573888092,1.0,1.0,4.423611111111111,0.0,0.0
44.559404426935,81.330284903192,0.0003586800573888092,1.0,1.0,4.418055555555555,0.0,0.0
44.559404426935,82.718665720391,0.0003586800573888092,1.0,1.0,4.416666666666667,0.0,0.0
44.559404426935,84.107046537589,0.0003586800573888092,1.0,1.0,4.420833333333333,0.0,0.0
44.559404426935,85.495427354788,0.0003586800573888092,1.0,1.0,4.419444444444444,0.0,0.0
44.559404426935,86.883808171987,0.0003586800573888092,1.0,1.0,4.433333333333334,0.0,0.0
44.559404426935,88.272188989185,0.0003586800573888092,1.0,1.0,4.4125,0.0,0.0
44.559404426935,89.660569806384,0.0003586800573888092,1.0,1.0,4.440277777777778,0.0,0.0
44.559404426935,91.048950623583,0.0003586800573888092,1.0,1.0,4.401388888888889,0.0,0.0
44.559404426935,92.437331440782,0.0003586800573888092,1.0,1.0,4.426388888888889,0.0,0.0
44.559404426935,93.82571225798,0.0003586800573888092,1.0,1.0,4.405555555555556,0.0,0.0
44.559404426935,95.214093075179,0.0003586800573888092,1.0,1.0,4.4319444444444445,0.0,0.0
44.559404426935,96.602473892378,0.0003586800573888092,1.0,1.0,4.401388888888889,0.0,0.0
44.559404426935,97.990854709576,0.0003586800573888092,1.0,1.0,4.423611111111111,0.0,0.0
44.559404426935,99.379235526775,0.0003586800573888092,1.0,1.0,4.401388888888889,0.0,0.0
44.559404426935,100.767616343974,0.0003586800573888092,1.0,1.0,4.425,0.0,0.0
44.559404426935,102.155997161172,0.0003586800573888092,1.0,1.0,4.406944444444444,0.0,0.0
44.559404426935,103.544377978371,0.0003586800573888092,1.0,1.0,4.409722222222222,0.0,0.0
44.559404426935,104.93275879557,0.0003586800573888092,1.0,1.0,4.4125,0.0,0.0
44.559404426935,106.321139612768,0.0003586800573888092,1.0,1.0,4.404166666666667,0.0,0.0
44.559404426935,107.709520429967,0.0003586800573888092,1.0,1.0,4.423611111111111,0.0,0.0
44.559404426935,109.097901247166,0.0003586800573888092,1.0,1.0,4.401388888888889,0.0,0.0
44.559404426935,110.486282064364,0.0003586800573888092,1.0,1.0,4.434722222222222,0.0,0.0
44.559404426935,111.874662881563,0.0003586800573888092,1.0,1.0,4.405555555555556,0.0,0.0
44.559404426935,113.263043698762,0.0003586800573888092,1.0,1.0,4.430555555555555,0.0,0.0
44.559404426935,114.65142451596,0.0003586800573888092,1.0,1.0,4.398611111111111,0.0,0.0
44.559404426935,116.039805333159,0.0003586800573888092,1.0,1.0,4.425,0.0,0.0
44.559404426935,117.428186150358,0.0003586800573888092,1.0,1.0,4.404166666666667,0.0,0.0
44.559404426935,118.816566967556,0.0003586800573888092,1.0,1.0,4.420833333333333,0.0,0.0
44.559404426935,120.204947784755,0.0003586800573888092,1.0,1.0,4.415277777777778,0.0,0.0
44.559404426935,121.593328601954,0.0003586800573888092,1.0,1.0,4.411111111111111,0.0,0.0
44.559404426935,122.981709419152,0.0003586800573888092,1.0,1.0,4.4125,0.0,0.0
44.559404426935,124.370090236351,0.0003586800573888092,1.0,1.0,4.405555555555556,0.0,0.0
44.559404426935,125.75847105355,0.0003586800573888092,1.0,1.0,4.416666666666667,0.0,0.0
44.559404426935,127.146851870749,0.0003586800573888092,1.0,1.0,4.4,0.0,0.0
44.559404426935,128.535232687947,0.0003586800573888092,1.0,1.0,4.427777777777778,0.0,0.0
44.559404426935,129.923613505146,0.0003586800573888092,1.0,1.0,4.402777777777778,0.0,0.0
44.559404426935,131.311994322345,0.0003586800573888092,1.0,1.0,4.434722222222222,0.0,0.0
44.559404426935,132.700375139543,0.0003586800573888092,1.0,1.0,4.408333333333333,0.0,0.0
44.559404426935,134.088755956742,0.0003586800573888092,1.0,1.0,4.4375,0.0,0.0
44.559404426935,135.0,0.0003586800573888092,1.0,1.0,4.426388888888889,0.0,0.0
45.548658193445,73.0,0.0003586800573888092,1.0,1.0,4.838888888888889,0.0,0.0
45.548658193445,74.41260763047,0.0003586800573888092,1.0,1.0,4.854166666666667,0.0,0.0
45.548658193445,75.82521526094,0.0003586800573888092,1.0,1.0,4.815277777777778,0.0,0.0
45.548658193445,77.23782289141,0.0003586800573888092,1.0,1.0,4.852777777777778,0.0,0.0
45.548658193445,78.65043052188,0.0003586800573888092,1.0,1.0,4.822222222222222,0.0,0.0
45.548658193445,80.06303815235,0.0003586800573888092,1.0,1.0,4.85,0.0,0.0
45.548658193445,81.47564578282,0.0003586800573888092,1.0,1.0,4.834722222222222,0.0,0.0
45.548658193445,82.88825341329,0.0003586800573888092,1.0,1.0,4.851388888888889,0.0,0.0
45.548658193445,84.30086104376,0.0003586800573888092,1.0,1.0,4.826388888888889,0.0,0.0
45.548658193445,85.71346867423,0.0003586800573888092,1.0,1.0,4.838888888888889,0.0,0.0
45.548658193445,87.1260763047,0.0003586800573888092,1.0,1.0,4.819444444444445,0.0,0.0
45.548658193445,88.53868393517,0.0003586800573888092,1.0,1.0,4.852777777777778,0.0,0.0
45.548658193445,89.95129156564,0.0003586800573888092,1.0,1.0,4.829166666666667,0.0,0.0
45.548658193445,91.36389919611,0.0003586800573888092,1.0,1.0,4.843055555555556,0.0,0.0
45.548658193445,92.77650682658,0.0003586800573888092,1.0,1.0,4.834722222222222,0.0,0.0
45.548658193445,94.18911445705,0.0003586800573888092,1.0,1.0,4.848611111111111,0.0,0.0
45.548658193445,95.60172208752,0.0003586800573888092,1.0,1.0,4.833333333333333,0.0,0.0
45.548658193445,97.01432971799,0.0003586800573888092,1.0,1.0,4.847222222222222,0.0,0.0
45.548658193445,98.42693734846,0.0003586800573888092,1.0,1.0,4.833333333333333,0.0,0.0
45.548658193445,99.83954497893,0.0003586800573888092,1.0,1.0,4.834722222222222,0.0,0.0
45.548658193445,101.2521526094,0.0003586800573888092,1.0,1.0,4.829166666666667,0.0,0.0
45.548658193445,102.66476023987,0.0003586800573888092,1.0,1.0,4.845833333333333,0.0,0.0
45.548658193445,104.07736787034,0.0003586800573888092,1.0,1.0,4.840277777777778,0.0,0.0
45.548658193445,105.48997550081,0.0003586800573888092,1.0,1.0,4.844444444444444,0.0,0.0
45.548658193445,106.90258313128,0.0003586800573888092,1.0,1.0,4.834722222222222,0.0,0.0
45.548658193445,108.31519076175,0.0003586800573888092,1.0,1.0,4.840277777777778,0.0,0.0
45.548658193445,109.72779839222,0.0003586800573888092,1.0,1.0,4.840277777777778,0.0,0.0
45.548658193445,111.14040602269,0.0003586800573888092,1.0,1.0,4.833333333333333,0.0,0.0
45.548658193445,112.55301365316,0.0003586800573888092,1.0,1.0,4.841666666666667,0.0,0.0
45.548658193445,113.96562128363,0.0003586800573888092,1.0,1.0,4.838888888888889,0.0,0.0
45.548658193445,115.3782289141,0.0003586800573888092,1.0,1.0,4.844444444444444,0.0,0.0
45.548658193445,116.79083654457,0.0003586800573888092,1.0,1.0,4.8375,0.0,0.0
45.548658193445,118.20344417504,0.0003586800573888092,1.0,1.0,4.843055555555556,0.0,0.0
45.548658193445,119.61605180551,0.0003586800573888092,1.0,1.0,4.822222222222222,0.0,0.0
45.548658193445,121.02865943598,0.0003586800573888092,1.0,1.0,4.847222222222222,0.0,0.0
45.548658193445,122.44126706645,0.0003586800573888092,1.0,1.0,4.834722222222222,0.0,0.0
45.548658193445,123.85387469692,0.0003586800573888092,1.0,1.0,4.845833333333333,0.0,0.0
45.548658193445,125.26648232739,0.0003586800573888092,1.0,1.0,4.836111111111111,0.0,0.0
45.548658193445,126.67908995786,0.0003586800573888092,1.0,1.0,4.844444444444444,0.0,0.0
45.548658193445,128.09169758833,0.0003586800573888092,1.0,1.0,4.823611111111111,0.0,0.0
45.548658193445,129.5043052188,0.0003586800573888092,1.0,1.0,4.85,0.0,0.0
45.548658193445,130.91691284927,0.0003586800573888092,1.0,1.0,4.822222222222222,0.0,0.0
45.548658193445,132.32952047974,0.0003586800573888092,1.0,1.0,4.848611111111111,0.0,0.0
45.548658193445,133.74212811021,0.0003586800573888092,1.0,1.0,4.825,0.0,0.0
45.548658193445,135.0,0.0003586800573888092,1.0,1.0,4.847222222222222,0.0,0.0
46.537911959956,73.0,0.0003586800573888092,1.0,1.0,5.4847222222222225,0.0,0.0
46.537911959956,74.438131278168,0.0003586800573888092,1.0,1.0,5.463888888888889,0.0,0.0
46.537911959956,75.876262556337,0.0003586800573888092,1.0,1.0,5.468055555555556,0.0,0.0
46.537911959956,77.314393834505,0.0003586800573888092,1.0,1.0,5.466666666666667,0.0,0.0
46.537911959956,78.752525112674,0.0003586800573888092,1.0,1.0,5.459722222222222,0.0,0.0
46.537911959956,80.190656390842,0.0003586800573888092,1.0,1.0,5.4625,0.0,0.0
46.537911959956,81.628787669011,0.0003586800573888092,1.0,1.0,5.475,0.0,0.0
46.537911959956,83.066918947179,0.0003586800573888092,1.0,1.0,5.469444444444444,0.0,0.0
46.537911959956,84.505050225347,0.0003586800573888092,1.0,1.0,5.479166666666667,0.0,0.0
46.537911959956,85.943181503516,0.0003586800573888092,1.0,1.0,5.473611111111111,0.0,0.0
46.537911959956,87.381312781684,0.0003586800573888092,1.0,1.0,5.476388888888889,0.0,0.0
46.537911959956,88.819444059853,0.0003586800573888092,1.0,1.0,5.4625,0.0,0.0
46.537911959956,90.257575338021,0.0003586800573888092,1.0,1.0,5.472222222222222,0.0,0.0
46.537911959956,91.69570661619,0.0003586800573888092,1.0,1.0,5.470833333333333,0.0,0.0
46.537911959956,93.133837894358,0.0003586800573888092,1.0,1.0,5.479166666666667,0.0,0.0
46.537911959956,94.571969172526,0.0003586800573888092,1.0,1.0,5.4847222222222225,0.0,0.0
46.537911959956,96.010100450695,0.0003586800573888092,1.0,1.0,5.470833333333333,0.0,0.0
46.537911959956,97.448231728863,0.0003586800573888092,1.0,1.0,5.472222222222222,0.0,0.0
46.537911959956,98.886363007032,0.0003586800573888092,1.0,1.0,5.468055555555556,0.0,0.0
46.537911959956,100.3244942852,0.0003586800573888092,1.0,1.0,5.466666666666667,0.0,0.0
46.537911959956,101.762625563369,0.0003586800573888092,1.0,1.0,5.476388888888889,0.0,0.0
46.537911959956,103.200756841537,0.0003586800573888092,1.0,1.0,5.470833333333333,0.0,0.0
46.537911959956,104.638888119705,0.0003586800573888092,1.0,1.0,5.466666666666667,0.0,0.0
46.537911959956,106.077019397874,0.0003586800573888092,1.0,1.0,5.473611111111111,0.0,0.0
46.537911959956,107.515150676042,0.0003586800573888092,1.0,1.0,5.4625,0.0,0.0
46.537911959956,108.953281954211,0.0003586800573888092,1.0,1.0,5.466666666666667,0.0,0.0
46.537911959956,110.391413232379,0.0003586800573888092,1.0,1.0,5.473611111111111,0.0,0.0
46.537911959956,111.829544510548,0.0003586800573888092,1.0,1.0,5.463888888888889,0.0,0.0
46.537911959956,113.267675788716,0.0003586800573888092,1.0,1.0,5.470833333333333,0.0,0.0
46.537911959956,114.705807066884,0.0003586800573888092,1.0,1.0,5.465277777777778,0.0,0.0
46.537911959956,116.143938345053,0.0003586800573888092,1.0,1.0,5.466666666666667,0.0,0.0
46.537911959956,117.582069623221,0.0003586800573888092,1.0,1.0,5.473611111111111,0.0,0.0
46.537911959956,119.02020090139,0.0003586800573888092,1.0,1.0,5.475,0.0,0.0
46.537911959956,120.458332179558,0.0003586800573888092,1.0,1.0,5.4625,0.0,0.0
46.537911959956,121.896463457727,0.0003586800573888092,1.0,1.0,5.469444444444444,0.0,0.0
46.537911959956,123.334594735895,0.0003586800573888092,1.0,1.0,5.481944444444444,0.0,0.0
46.537911959956,124.772726014063,0.0003586800573888092,1.0,1.0,5.472222222222222,0.0,0.0
46.537911959956,126.210857292232,0.0003586800573888092,1.0,1.0,5.465277777777778,0.0,0.0
46.537911959956,127.6489885704,0.0003586800573888092,1.0,1.0,5.476388888888889,0.0,0.0
46.537911959956,129.087119848569,0.0003586800573888092,1.0,1.0,5.463888888888889,0.0,0.0
46.537911959956,130.525251126737,0.0003586800573888092,1.0,1.0,5.465277777777778,0.0,0.0
46.537911959956,131.963382404906,0.0003586800573888092,1.0,1.0,5.469444444444444,0.0,0.0
46.537911959956,133.401513683074,0.0003586800573888092,1.0,1.0,5.473611111111111,0.0,0.0
46.537911959956,134.839644961242,0.0003586800573888092,1.0,1.0,5.486111111111111,0.0,0.0
46.537911959956,135.0,0.0003586800573888092,1.0,1.0,5.466666666666667,0.0,0.0
47.527165726467,73.0,0.0003586800573888092,1.0,1.0,6.844444444444444,0.0,0.0
47.527165726467,74.465039005701,0.0003586800573888092,1.0,1.0,6.865277777777778,0.0,0.0
47.527165726467,75.930078011402,0.0003586800573888092,1.0,1.0,6.875,0.0,0.0
47.527165726467,77.395117017104,0.0003586800573888092,1.0,1.0,6.879166666666666,0.0,0.0
47.527165726467,78.860156022805,0.0003586800573888092,1.0,1.0,6.8375,0.0,0.0
47.527165726467,80.325195028506,0.0003586800573888092,1.0,1.0,6.843055555555556,0.0,0.0
47.527165726467,81.790234034207,0.0003586800573888092,1.0,1.0,6.836111111111111,0.0,0.0
47.527165726467,83.255273039909,0.0003586800573888092,1.0,1.0,6.834722222222222,0.0,0.0
47.527165726467,84.72031204561,0.0003586800573888092,1.0,1.0,6.848611111111111,0.0,0.0
47.527165726467,86.185351051311,0.0003586800573888092,1.0,1.0,6.854166666666667,0.0,0.0
47.527165726467,87.650390057012,0.0003586800573888092,1.0,1.0,6.876388888888889,0.0,0.0
47.527165726467,89.115429062714,0.0003586800573888092,1.0,1.0,6.85,0.0,0.0
47.527165726467,90.580468068415,0.0003586800573888092,1.0,1.0,6.8375,0.0,0.0
47.527165726467,92.045507074116,0.0003586800573888092,1.0,1.0,6.826388888888889,0.0,0.0
47.527165726467,93.510546079817,0.0003586800573888092,1.0,1.0,6.852777777777778,0.0,0.0
47.527165726467,94.975585085518,0.0003586800573888092,1.0,1.0,6.852777777777778,0.0,0.0
47.527165726467,96.44062409122,0.0003586800573888092,1.0,1.0,6.848611111111111,0.0,0.0
47.527165726467,97.905663096921,0.0003586800573888092,1.0,1.0,6.876388888888889,0.0,0.0
47.527165726467,99.370702102622,0.0003586800573888092,1.0,1.0,6.879166666666666,0.0,0.0
47.527165726467,100.835741108323,0.0003586800573888092,1.0,1.0,6.841666666666667,0.0,0.0
47.527165726467,102.300780114025,0.0003586800573888092,1.0,1.0,6.831944444444445,0.0,0.0
47.527165726467,103.765819119726,0.0003586800573888092,1.0,1.0,6.848611111111111,0.0,0.0
47.527165726467,105.230858125427,0.0003586800573888092,1.0,1.0,6.829166666666667,0.0,0.0
47.527165726467,106.695897131128,0.0003586800573888092,1.0,1.0,6.855555555555555,0.0,0.0
47.527165726467,108.160936136829,0.0003586800573888092,1.0,1.0,6.855555555555555,0.0,0.0
47.527165726467,109.625975142531,0.0003586800573888092,1.0,1.0,6.877777777777778,0.0,0.0
47.527165726467,111.091014148232,0.0003586800573888092,1.0,1.0,6.852777777777778,0.0,0.0
47.527165726467,112.556053153933,0.0003586800573888092,1.0,1.0,6.836111111111111,0.0,0.0
47.527165726467,114.021092159634,0.0003586800573888092,1.0,1.0,6.841666666666667,0.0,0.0
47.527165726467,115.486131165336,0.0003586800573888092,1.0,1.0,6.836111111111111,0.0,0.0
47.527165726467,116.951170171037,0.0003586800573888092,1.0,1.0,6.861111111111111,0.0,0.0
47.527165726467,118.416209176738,0.0003586800573888092,1.0,1.0,6.852777777777778,0.0,0.0
47.527165726467,119.881248182439,0.0003586800573888092,1.0,1.0,6.881944444444445,0.0,0.0
47.527165726467,121.346287188141,0.0003586800573888092,1.0,1.0,6.865277777777778,0.0,0.0
47.527165726467,122.811326193842,0.0003586800573888092,1.0,1.0,6.856944444444444,0.0,0.0
47.527165726467,124.276365199543,0.0003586800573888092,1.0,1.0,6.834722222222222,0.0,0.0
47.527165726467,125.741404205244,0.0003586800573888092,1.0,1.0,6.847222222222222,0.0,0.0
47.527165726467,127.206443210945,0.0003586800573888092,1.0,1.0,6.843055555555556,0.0,0.0
47.527165726467,128.671482216647,0.0003586800573888092,1.0,1.0,6.847222222222222,0.0,0.0
47.527165726467,130.136521222348,0.0003586800573888092,1.0,1.0,6.8597222222222225,0.0,0.0
47.527165726467,131.601560228049,0.0003586800573888092,1.0,1.0,6.872222222222222,0.0,0.0
47.527165726467,133.06659923375,0.0003586800573888092,1.0,1.0,6.8625,0.0,0.0
47.527165726467,134.531638239452,0.0003586800573888092,1.0,1.0,6.829166666666667,0.0,0.0
47.527165726467,135.0,0.0003586800573888092,1.0,1.0,6.881944444444445,0.0,0.0
48.516419492977,73.0,0.0003586800573888092,1.0,1.0,7.3902777777777775,0.0,0.0
48.516419492977,74.493426505918,0.0003586800573888092,1.0,1.0,7.430555555555555,0.0,0.0
48.516419492977,75.986853011835,0.0003586800573888092,1.0,1.0,7.425,0.0,0.0
48.516419492977,77.480279517753,0.0003586800573888092,1.0,1.0,7.425,0.0,0.0
48.516419492977,78.97370602367,0.0003586800573888092,1.0,1.0,7.430555555555555,0.0,0.0
48.516419492977,80.467132529588,0.0003586800573888092,1.0,1.0,7.402777777777778,0.0,0.0
48.516419492977,81.960559035505,0.0003586800573888092,1.0,1.0,7.409722222222222,0.0,0.0
48.516419492977,83.453985541423,0.0003586800573888092,1.0,1.0,7.384722222222222,0.0,0.0
48.516419492977,84.94741204734,0.0003586800573888092,1.0,1.0,7.426388888888889,0.0,0.0
48.516419492977,86.440838553258,0.0003586800573888092,1.0,1.0,7.423611111111111,0.0,0.0
48.516419492977,87.934265059176,0.0003586800573888092,1.0,1.0,7.420833333333333,0.0,0.0
48.516419492977,89.427691565093,0.0003586800573888092,1.0,1.0,7.425,0.0,0.0
48.516419492977,90.921118071011,0.0003586800573888092,1.0,1.0,7.397222222222222,0.0,0.0
48.516419492977,92.414544576928,0.0003586800573888092,1.0,1.0,7.4222222222222225,0.0,0.0
48.516419492977,93.907971082846,0.0003586800573888092,1.0,1.0,7.411111111111111,0.0,0.0
48.516419492977,95.401397588763,0.0003586800573888092,1.0,1.0,7.436111111111111,0.0,0.0
48.516419492977,96.894824094681,0.0003586800573888092,1.0,1.0,7.425,0.0,0.0
48.516419492977,98.388250600598,0.0003586800573888092,1.0,1.0,7.4,0.0,0.0
48.516419492977,99.881677106516,0.0003586800573888092,1.0,1.0,7.411111111111111,0.0,0.0
48.516419492977,101.375103612434,0.0003586800573888092,1.0,1.0,7.394444444444445,0.0,0.0
48.516419492977,102.868530118351,0.0003586800573888092,1.0,1.0,7.4319444444444445,0.0,0.0
48.516419492977,104.361956624269,0.0003586800573888092,1.0,1.0,7.419444444444444,0.0,0.0
48.516419492977,105.855383130186,0.0003586800573888092,1.0,1.0,7.420833333333333,0.0,0.0
48.516419492977,107.348809636104,0.0003586800573888092,1.0,1.0,7.416666666666667,0.0,0.0
48.516419492977,108.842236142021,0.0003586800573888092,1.0,1.0,7.397222222222222,0.0,0.0
48.516419492977,110.335662647939,0.0003586800573888092,1.0,1.0,7.411111111111111,0.0,0.0
48.516419492977,111.829089153856,0.0003586800573888092,1.0,1.0,7.413888888888889,0.0,0.0
48.516419492977,113.322515659774,0.0003586800573888092,1.0,1.0,7.440277777777778,0.0,0.0
48.516419492977,114.815942165692,0.0003586800573888092,1.0,1.0,7.430555555555555,0.0,0.0
48.516419492977,116.309368671609,0.0003586800573888092,1.0,1.0,7.419444444444444,0.0,0.0
48.516419492977,117.802795177527,0.0003586800573888092,1.0,1.0,7.416666666666667,0.0,0.0
48.516419492977,119.296221683444,0.0003586800573888092,1.0,1.0,7.394444444444445,0.0,0.0
48.516419492977,120.789648189362,0.0003586800573888092,1.0,1.0,7.4125,0.0,0.0
48.516419492977,122.283074695279,0.0003586800573888092,1.0,1.0,7.404166666666667,0.0,0.0
48.516419492977,123.776501201197,0.0003586800573888092,1.0,1.0,7.4222222222222225,0.0,0.0
48.516419492977,125.269927707114,0.0003586800573888092,1.0,1.0,7.405555555555556,0.0,0.0
48.516419492977,126.763354213032,0.0003586800573888092,1.0,1.0,7.413888888888889,0.0,0.0
48.516419492977,128.25678071895,0.0003586800573888092,1.0,1.0,7.418055555555555,0.0,0.0
48.516419492977,129.750207224867,0.0003586800573888092,1.0,1.0,7.419444444444444,0.0,0.0
48.516419492977,131.243633730785,0.0003586800573888092,1.0,1.0,7.425,0.0,0.0
48.516419492977,132.737060236702,0.0003586800573888092,1.0,1.0,7.405555555555556,0.0,0.0
48.516419492977,134.23048674262,0.0003586800573888092,1.0,1.0,7.418055555555555,0.0,0.0
48.516419492977,135.0,0.0003586800573888092,1.0,1.0,7.430555555555555,0.0,0.0
49.505673259488,73.0,0.0003586800573888092,1.0,1.0,7.384722222222222,0.0,0.0
49.505673259488,74.523398946885,0.0003586800573888092,1.0,1.0,7.391666666666667,0.0,0.0
49.505673259488,76.04679789377,0.0003586800573888092,1.0,1.0,7.3875,0.0,0.0
49.505673259488,77.570196840656,0.0003586800573888092,1.0,1.0,7.383333333333334,0.0,0.0
49.505673259488,79.093595787541,0.0003586800573888092,1.0,1.0,7.393055555555556,0.0,0.0
49.505673259488,80.616994734426,0.0003586800573888092,1.0,1.0,7.383333333333334,0.0,0.0
49.505673259488,82.140393681311,0.0003586800573888092,1.0,1.0,7.383333333333334,0.0,0.0
49.505673259488,83.663792628197,0.0003586800573888092,1.0,1.0,7.391666666666667,0.0,0.0
49.505673259488,85.187191575082,0.0003586800573888092,1.0,1.0,7.401388888888889,0.0,0.0
49.505673259488,86.710590521967,0.0003586800573888092,1.0,1.0,7.4,0.0,0.0
49.505673259488,88.233989468852,0.0003586800573888092,1.0,1.0,7.3875,0.0,0.0
49.505673259488,89.757388415737,0.0003586800573888092,1.0,1.0,7.383333333333334,0.0,0.0
49.505673259488,91.280787362623,0.0003586800573888092,1.0,1.0,7.375,0.0,0.0
49.505673259488,92.804186309508,0.0003586800573888092,1.0,1.0,7.376388888888889,0.0,0.0
49.505673259488,94.327585256393,0.0003586800573888092,1.0,1.0,7.393055555555556,0.0,0.0
49.505673259488,95.850984203278,0.0003586800573888092,1.0,1.0,7.383333333333334,0.0,0.0
49.505673259488,97.374383150164,0.0003586800573888092,1.0,1.0,7.3902777777777775,0.0,0.0
49.505673259488,98.897782097049,0.0003586800573888092,1.0,1.0,7.397222222222222,0.0,0.0
49.505673259488,100.421181043934,0.0003586800573888092,1.0,1.0,7.391666666666667,0.0,0.0
49.505673259488,101.944579990819,0.0003586800573888092,1.0,1.0,7.388888888888889,0.0,0.0
49.505673259488,103.467978937704,0.0003586800573888092,1.0,1.0,7.3902777777777775,0.0,0.0
49.505673259488,104.99137788459,0.0003586800573888092,1.0,1.0,7.3875,0.0,0.0
49.505673259488,106.514776831475,0.0003586800573888092,1.0,1.0,7.4,0.0,0.0
49.505673259488,108.03817577836,0.0003586800573888092,1.0,1.0,7.388888888888889,0.0,0.0
49.505673259488,109.561574725245,0.0003586800573888092,1.0,1.0,7.395833333333333,0.0,0.0
49.505673259488,111.084973672131,0.0003586800573888092,1.0,1.0,7.379166666666666,0.0,0.0
49.505673259488,112.608372619016,0.0003586800573888092,1.0,1.0,7.384722222222222,0.0,0.0
49.505673259488,114.131771565901,0.0003586800573888092,1.0,1.0,7.391666666666667,0.0,0.0
49.505673259488,115.655170512786,0.0003586800573888092,1.0,1.0,7.388888888888889,0.0,0.0
49.505673259488,117.178569459671,0.0003586800573888092,1.0,1.0,7.394444444444445,0.0,0.0
49.505673259488,118.701968406557,0.0003586800573888092,1.0,1.0,7.388888888888889,0.0,0.0
49.505673259488,120.225367353442,0.0003586800573888092,1.0,1.0,7.381944444444445,0.0,0.0
49.505673259488,121.748766300327,0.0003586800573888092,1.0,1.0,7.384722222222222,0.0,0.0
49.505673259488,123.272165247212,0.0003586800573888092,1.0,1.0,7.373611111111111,0.0,0.0
49.505673259488,124.795564194098,0.0003586800573888092,1.0,1.0,7.381944444444445,0.0,0.0
49.505673259488,126.318963140983,0.0003586800573888092,1.0,1.0,7.3875,0.0,0.0
49.505673259488,127.842362087868,0.0003586800573888092,1.0,1.0,7.394444444444445,0.0,0.0
49.505673259488,129.365761034753,0.0003586800573888092,1.0,1.0,7.398611111111111,0.0,0.0
49.505673259488,130.889159981638,0.0003586800573888092,1.0,1.0,7.395833333333333,0.0,0.0
49.505673259488,132.412558928524,0.0003586800573888092,1.0,1.0,7.393055555555556,0.0,0.0
49.505673259488,133.935957875409,0.0003586800573888092,1.0,1.0,7.379166666666666,0.0,0.0
49.505673259488,135.0,0.0003586800573888092,1.0,1.0,7.3875,0.0,0.0
50.494927025998,73.0,0.0003586800573888092,1.0,1.0,7.027777777777778,0.0,0.0
50.494927025998,74.55507215428,0.0003586800573888092,1.0,1.0,7.008333333333334,0.0,0.0
50.494927025998,76.110144308561,0.0003586800573888092,1.0,1.0,7.002777777777778,0.0,0.0
50.494927025998,77.665216462841,0.0003586800573888092,1.0,1.0,7.013888888888889,0.0,0.0
50.494927025998,79.220288617121,0.0003586800573888092,1.0,1.0,6.9847222222222225,0.0,0.0
50.494927025998,80.775360771402,0.0003586800573888092,1.0,1.0,7.016666666666667,0.0,0.0
50.494927025998,82.330432925682,0.0003586800573888092,1.0,1.0,7.008333333333334,0.0,0.0
50.494927025998,83.885505079962,0.0003586800573888092,1.0,1.0,7.002777777777778,0.0,0.0
50.494927025998,85.440577234243,0.0003586800573888092,1.0,1.0,7.011111111111111,0.0,0.0
50.494927025998,86.995649388523,0.0003586800573888092,1.0,1.0,6.990277777777778,0.0,0.0
50.494927025998,88.550721542803,0.0003586800573888092,1.0,1.0,6.991666666666666,0.0,0.0
50.494927025998,90.105793697084,0.0003586800573888092,1.0,1.0,7.008333333333334,0.0,0.0
50.494927025998,91.660865851364,0.0003586800573888092,1.0,1.0,6.995833333333334,0.0,0.0
50.494927025998,93.215938005644,0.0003586800573888092,1.0,1.0,7.0055555555555555,0.0,0.0
50.494927025998,94.771010159925,0.0003586800573888092,1.0,1.0,7.0125,0.0,0.0
50.494927025998,96.326082314205,0.0003586800573888092,1.0,1.0,7.006944444444445,0.0,0.0
50.494927025998,97.881154468485,0.0003586800573888092,1.0,1.0,7.009722222222222,0.0,0.0
50.494927025998,99.436226622766,0.0003586800573888092,1.0,1.0,7.009722222222222,0.0,0.0
50.494927025998,100.991298777046,0.0003586800573888092,1.0,1.0,7.002777777777778,0.0,0.0
50.494927025998,102.546370931326,0.0003586800573888092,1.0,1.0,6.998611111111111,0.0,0.0
50.494927025998,104.101443085606,0.0003586800573888092,1.0,1.0,7.0152777777777775,0.0,0.0
50.494927025998,105.656515239887,0.0003586800573888092,1.0,1.0,6.997222222222222,0.0,0.0
50.494927025998,107.211587394167,0.0003586800573888092,1.0,1.0,6.995833333333334,0.0,0.0
50.494927025998,108.766659548447,0.0003586800573888092,1.0,1.0,7.006944444444445,0.0,0.0
50.494927025998,110.321731702728,0.0003586800573888092,1.0,1.0,6.990277777777778,0.0,0.0
50.494927025998,111.876803857008,0.0003586800573888092,1.0,1.0,7.011111111111111,0.0,0.0
50.494927025998,113.431876011288,0.0003586800573888092,1.0,1.0,7.009722222222222,0.0,0.0
50.494927025998,114.986948165569,0.0003586800573888092,1.0,1.0,7.009722222222222,0.0,0.0
50.494927025998,116.542020319849,0.0003586800573888092,1.0,1.0,7.016666666666667,0.0,0.0
50.494927025998,118.097092474129,0.0003586800573888092,1.0,1.0,6.998611111111111,0.0,0.0
50.494927025998,119.65216462841,0.0003586800573888092,1.0,1.0,7.006944444444445,0.0,0.0
50.494927025998,121.20723678269,0.0003586800573888092,1.0,1.0,7.0152777777777775,0.0,0.0
50.494927025998,122.76230893697,0.0003586800573888092,1.0,1.0,6.998611111111111,0.0,0.0
50.494927025998,124.317381091251,0.0003586800573888092,1.0,1.0,7.016666666666667,0.0,0.0
50.494927025998,125.872453245531,0.0003586800573888092,1.0,1.0,7.011111111111111,0.0,0.0
50.494927025998,127.427525399811,0.0003586800573888092,1.0,1.0,7.0,0.0,0.0
50.494927025998,128.982597554092,0.0003586800573888092,1.0,1.0,7.0055555555555555,0.0,0.0
50.494927025998,130.537669708372,0.0003586800573888092,1.0,1.0,6.9847222222222225,0.0,0.0
50.494927025998,132.092741862652,0.0003586800573888092,1.0,1.0,6.998611111111111,0.0,0.0
50.494927025998,133.647814016933,0.0003586800573888092,1.0,1.0,7.008333333333334,0.0,0.0
50.494927025998,135.0,0.0003586800573888092,1.0,1.0,6.997222222222222,0.0,0.0
51.484180792509,73.0,0.0003586800573888092,1.0,1.0,6.358333333333333,0.0,0.0
51.484180792509,74.588573976179,0.0003586800573888092,1.0,1.0,6.347222222222222,0.0,0.0
51.484180792509,76.177147952358,0.0003586800573888092,1.0,1.0,6.344444444444444,0.0,0.0
51.484180792509,77.765721928537,0.0003586800573888092,1.0,1.0,6.370833333333334,0.0,0.0
51.484180792509,79.354295904717,0.0003586800573888092,1.0,1.0,6.344444444444444,0.0,0.0
51.484180792509,80.942869880896,0.0003586800573888092,1.0,1.0,6.343055555555556,0.0,0.0
51.484180792509,82.531443857075,0.0003586800573888092,1.0,1.0,6.363888888888889,0.0,0.0
51.484180792509,84.120017833254,0.0003586800573888092,1.0,1.0,6.368055555555555,0.0,0.0
51.484180792509,85.708591809433,0.0003586800573888092,1.0,1.0,6.354166666666667,0.0,0.0
51.484180792509,87.297165785612,0.0003586800573888092,1.0,1.0,6.333333333333333,0.0,0.0
51.484180792509,88.885739761791,0.0003586800573888092,1.0,1.0,6.340277777777778,0.0,0.0
51.484180792509,90.47431373797,0.0003586800573888092,1.0,1.0,6.333333333333333,0.0,0.0
51.484180792509,92.06288771415,0.0003586800573888092,1.0,1.0,6.351388888888889,0.0,0.0
51.484180792509,93.651461690329,0.0003586800573888092,1.0,1.0,6.343055555555556,0.0,0.0
51.484180792509,95.240035666508,0.0003586800573888092,1.0,1.0,6.351388888888889,0.0,0.0
51.484180792509,96.828609642687,0.0003586800573888092,1.0,1.0,6.347222222222222,0.0,0.0
51.484180792509,98.417183618866,0.0003586800573888092,1.0,1.0,6.35,0.0,0.0
51.484180792509,100.005757595045,0.0003586800573888092,1.0,1.0,6.343055555555556,0.0,0.0
51.484180792509,101.594331571224,0.0003586800573888092,1.0,1.0,6.354166666666667,0.0,0.0
51.484180792509,103.182905547404,0.0003586800573888092,1.0,1.0,6.331944444444445,0.0,0.0
51.484180792509,104.771479523583,0.0003586800573888092,1.0,1.0,6.358333333333333,0.0,0.0
51.484180792509,106.360053499762,0.0003586800573888092,1.0,1.0,6.370833333333334,0.0,0.0
51.484180792509,107.948627475941,0.0003586800573888092,1.0,1.0,6.3597222222222225,0.0,0.0
51.484180792509,109.53720145212,0.0003586800573888092,1.0,1.0,6.3375,0.0,0.0
51.484180792509,111.125775428299,0.0003586800573888092,1.0,1.0,6.344444444444444,0.0,0.0
51.484180792509,112.714349404478,0.0003586800573888092,1.0,1.0,6.354166666666667,0.0,0.0
51.484180792509,114.302923380657,0.0003586800573888092,1.0,1.0,6.338888888888889,0.0,0.0
51.484180792509,115.891497356837,0.0003586800573888092,1.0,1.0,6.354166666666667,0.0,0.0
51.484180792509,117.480071333016,0.0003586800573888092,1.0,1.0,6.35,0.0,0.0
51.484180792509,119.068645309195,0.0003586800573888092,1.0,1.0,6.351388888888889,0.0,0.0
51.484180792509,120.657219285374,0.0003586800573888092,1.0,1.0,6.344444444444444,0.0,0.0
51.484180792509,122.245793261553,0.0003586800573888092,1.0,1.0,6.352777777777778,0.0,0.0
51.484180792509,123.834367237732,0.0003586800573888092,1.0,1.0,6.322222222222222,0.0,0.0
51.484180792509,125.422941213911,0.0003586800573888092,1.0,1.0,6.344444444444444,0.0,0.0
51.484180792509,127.011515190091,0.0003586800573888092,1.0,1.0,6.343055555555556,0.0,0.0
51.484180792509,128.60008916627,0.0003586800573888092,1.0,1.0,6.361111111111111,0.0,0.0
51.484180792509,130.188663142449,0.0003586800573888092,1.0,1.0,6.365277777777778,0.0,0.0
51.484180792509,131.777237118628,0.0003586800573888092,1.0,1.0,6.356944444444444,0.0,0.0
51.484180792509,133.365811094807,0.0003586800573888092,1.0,1.0,6.35,0.0,0.0
51.484180792509,134.954385070986,0.0003586800573888092,1.0,1.0,6.340277777777778,0.0,0.0
51.484180792509,135.0,0.0003586800573888092,1.0,1.0,6.336111111111111,0.0,0.0
52.47343455902,73.0,0.0003586800573888092,1.0,1.0,5.472222222222222,0.0,0.0
52.47343455902,74.624045863901,0.0003586800573888092,1.0,1.0,5.441666666666666,0.0,0.0
52.47343455902,76.248091727803,0.0003586800573888092,1.0,1.0,5.4430555555555555,0.0,0.0
52.47343455902,77.872137591704,0.0003586800573888092,1.0,1.0,5.444444444444445,0.0,0.0
52.47343455902,79.496183455605,0.0003586800573888092,1.0,1.0,5.4625,0.0,0.0
52.47343455902,81.120229319507,0.0003586800573888092,1.0,1.0,5.444444444444445,0.0,0.0
52.47343455902,82.744275183408,0.0003586800573888092,1.0,1.0,5.438888888888889,0.0,0.0
52.47343455902,84.368321047309,0.0003586800573888092,1.0,1.0,5.45,0.0,0.0
52.47343455902,85.992366911211,0.0003586800573888092,1.0,1.0,5.461111111111111,0.0,0.0
52.47343455902,87.616412775112,0.0003586800573888092,1.0,1.0,5.434722222222222,0.0,0.0
52.47343455902,89.240458639013,0.0003586800573888092,1.0,1.0,5.447222222222222,0.0,0.0
52.47343455902,90.864504502915,0.0003586800573888092,1.0,1.0,5.458333333333333,0.0,0.0
52.47343455902,92.488550366816,0.0003586800573888092,1.0,1.0,5.468055555555556,0.0,0.0
52.47343455902,94.112596230717,0.0003586800573888092,1.0,1.0,5.445833333333334,0.0,0.0
52.47343455902,95.736642094619,0.0003586800573888092,1.0,1.0,5.4527777777777775,0.0,0.0
52.47343455902,97.36068795852,0.0003586800573888092,1.0,1.0,5.461111111111111,0.0,0.0
52.47343455902,98.984733822422,0.0003586800573888092,1.0,1.0,5.468055555555556,0.0,0.0
52.47343455902,100.608779686323,0.0003586800573888092,1.0,1.0,5.456944444444445,0.0,0.0
52.47343455902,102.232825550224,0.0003586800573888092,1.0,1.0,5.455555555555556,0.0,0.0
52.47343455902,103.856871414126,0.0003586800573888092,1.0,1.0,5.472222222222222,0.0,0.0
52.47343455902,105.480917278027,0.0003586800573888092,1.0,1.0,5.463888888888889,0.0,0.0
52.47343455902,107.104963141928,0.0003586800573888092,1.0,1.0,5.4527777777777775,0.0,0.0
52.47343455902,108.72900900583,0.0003586800573888092,1.0,1.0,5.445833333333334,0.0,0.0
52.47343455902,110.353054869731,0.0003586800573888092,1.0,1.0,5.483333333333333,0.0,0.0
52.47343455902,111.977100733632,0.0003586800573888092,1.0,1.0,5.4625,0.0,0.0
52.47343455902,113.601146597534,0.0003586800573888092,1.0,1.0,5.4527777777777775,0.0,0.0
52.47343455902,115.225192461435,0.0003586800573888092,1.0,1.0,5.441666666666666,0.0,0.0
52.47343455902,116.849238325336,0.0003586800573888092,1.0,1.0,5.463888888888889,0.0,0.0
52.47343455902,118.473284189238,0.0003586800573888092,1.0,1.0,5.458333333333333,0.0,0.0
52.47343455902,120.097330053139,0.0003586800573888092,1.0,1.0,5.444444444444445,0.0,0.0
52.47343455902,121.72137591704,0.0003586800573888092,1.0,1.0,5.448611111111111,0.0,0.0
52.47343455902,123.345421780942,0.0003586800573888092,1.0,1.0,5.455555555555556,0.0,0.0
52.47343455902,124.969467644843,0.0003586800573888092,1.0,1.0,5.447222222222222,0.0,0.0
52.47343455902,126.593513508744,0.0003586800573888092,1.0,1.0,5.427777777777778,0.0,0.0
52.47343455902,128.217559372646,0.0003586800573888092,1.0,1.0,5.4375,0.0,0.0
52.47343455902,129.841605236547,0.0003586800573888092,1.0,1.0,5.455555555555556,0.0,0.0
52.47343455902,131.465651100448,0.0003586800573888092,1.0,1.0,5.451388888888889,0.0,0.0
52.47343455902,133.08969696435,0.0003586800573888092,1.0,1.0,5.4319444444444445,0.0,0.0
52.47343455902,134.713742828251,0.0003586800573888092,1.0,1.0,5.451388888888889,0.0,0.0
52.47343455902,135.0,0.0003586800573888092,1.0,1.0,5.438888888888889,0.0,0.0
53.0,73.0,0.0003586800573888092,1.0,1.0,4.8805555555555555,0.0,0.0
53.0,74.643783768191,0.0003586800573888092,1.0,1.0,4.901388888888889,0.0,0.0
53.0,76.287567536381,0.0003586800573888092,1.0,1.0,4.893055555555556,0.0,0.0
53.0,77.931351304572,0.0003586800573888092,1.0,1.0,4.886111111111111,0.0,0.0
53.0,79.575135072763,0.0003586800573888092,1.0,1.0,4.905555555555556,0.0,0.0
53.0,81.218918840953,0.0003586800573888092,1.0,1.0,4.891666666666667,0.0,0.0
53.0,82.862702609144,0.0003586800573888092,1.0,1.0,4.8805555555555555,0.0,0.0
53.0,84.506486377334,0.0003586800573888092,1.0,1.0,4.894444444444445,0.0,0.0
53.0,86.150270145525,0.0003586800573888092,1.0,1.0,4.919444444444444,0.0,0.0
53.0,87.794053913716,0.0003586800573888092,1.0,1.0,4.877777777777778,0.0,0.0
53.0,89.437837681906,0.0003586800573888092,1.0,1.0,4.886111111111111,0.0,0.0
53.0,91.081621450097,0.0003586800573888092,1.0,1.0,4.916666666666667,0.0,0.0
53.0,92.725405218288,0.0003586800573888092,1.0,1.0,4.886111111111111,0.0,0.0
53.0,94.369188986478,0.0003586800573888092,1.0,1.0,4.877777777777778,0.0,0.0
53.0,96.012972754669,0.0003586800573888092,1.0,1.0,4.9125,0.0,0.0
53.0,97.656756522859,0.0003586800573888092,1.0,1.0,4.894444444444445,0.0,0.0
53.0,99.30054029105,0.0003586800573888092,1.0,1.0,4.891666666666667,0.0,0.0
53.0,100.944324059241,0.0003586800573888092,1.0,1.0,4.8875,0.0,0.0
53.0,102.588107827431,0.0003586800573888092,1.0,1.0,4.893055555555556,0.0,0.0
53.0,104.231891595622,0.0003586800573888092,1.0,1.0,4.8805555555555555,0.0,0.0
53.0,105.875675363813,0.0003586800573888092,1.0,1.0,4.898611111111111,0.0,0.0
53.0,107.519459132003,0.0003586800573888092,1.0,1.0,4.877777777777778,0.0,0.0
53.0,109.163242900194,0.0003586800573888092,1.0,1.0,4.883333333333334,0.0,0.0
53.0,110.807026668384,0.0003586800573888092,1.0,1.0,4.904166666666667,0.0,0.0
53.0,112.450810436575,0.0003586800573888092,1.0,1.0,4.870833333333334,0.0,0.0
53.0,114.094594204766,0.0003586800573888092,1.0,1.0,4.863888888888889,0.0,0.0
53.0,115.738377972956,0.0003586800573888092,1.0,1.0,4.897222222222222,0.0,0.0
53.0,117.382161741147,0.0003586800573888092,1.0,1.0,4.884722222222222,0.0,0.0
53.0,119.025945509338,0.0003586800573888092,1.0,1.0,4.861111111111111,0.0,0.0
53.0,120.669729277528,0.0003586800573888092,1.0,1.0,4.876388888888889,0.0,0.0
53.0,122.313513045719,0.0003586800573888092,1.0,1.0,4.906944444444444,0.0,0.0
53.0,123.95729681391,0.0003586800573888092,1.0,1.0,4.8805555555555555,0.0,0.0
53.0,125.6010805821,0.0003586800573888092,1.0,1.0,4.870833333333334,0.0,0.0
53.0,127.244864350291,0.0003586800573888092,1.0,1.0,4.895833333333333,0.0,0.0
53.0,128.888648118481,0.0003586800573888092,1.0,1.0,4.886111111111111,0.0,0.0
53.0,130.532431886672,0.0003586800573888092,1.0,1.0,4.883333333333334,0.0,0.0
53.0,132.176215654863,0.0003586800573888092,1.0,1.0,4.886111111111111,0.0,0.0
53.0,133.819999423053,0.0003586800573888092,1.0,1.0,4.888888888888889,0.0,0.0
53.0,135.0,0.0003586800573888092,1.0,1.0,4.901388888888889,0.0,0.0
