M,N,total_satellites,distance_from_best,certification_priority,selected_for_search,inclination_deg,phase_factor_F,Omega0_deg,u0_deg,feasible,constraint_violation,Q1_full_region,Q2_full_region,P1_space_time,P2_space_time,mean_multiplicity,worst_A1,worst_A2,max_gap_time_min,max_double_gap_time_min,min_availability1,min_availability2,mean_availability1,mean_availability2,std_availability1,std_mean_multiplicity,min_angular_margin_deg,worst_grid_latitude_deg,worst_grid_longitude_deg,worst_double_grid_latitude_deg,worst_double_grid_longitude_deg,sample_count,grid_point_count,simulation_duration_seconds,coverage_method,single_feasible,double_feasible,upper_reach_deg,geometric_prefilter_failed,certification_status,best_seed
42,44,1848,1,0,True,52.693145169639266,38.0,0.09796177876379046,6.169023104917315,False,6.805721804225559,1.0,0.8819444444444444,1.0000000000000002,0.9998337513299896,3.5905152758777934,1.0000000000000004,0.9972640218878254,0.0,5.0,1.0,0.9895833333333334,1.0000000000000004,0.9998337513299898,0.0,1.79947475761743,,4.0,73.0,5.978507533021,78.967982242497,288.0,731.0,86400.0,kdtree,True,False,57.24371249558804,False,completed,20361710.0
44,42,1848,1,0,True,52.387980584214574,43.0,5.481321351315254,4.324835382958835,False,16.87544174646602,1.0,0.78125,1.0000000000000002,0.9995582535339721,3.6101278689770475,1.0000000000000004,0.9931600547195627,0.0,5.0,1.0,0.9895833333333334,1.0000000000000004,0.9995582535339722,0.0,1.7884224990187902,,4.0,73.0,7.957015066042,84.986448304818,288.0,731.0,86400.0,kdtree,True,False,56.93854791016335,False,completed,20361727.0
56,33,1848,1,0,True,53.01133331848515,13.0,1.8714356494622448,2.7822738153624273,False,95.0218640750874,1.0,0.0,1.0000000000000002,0.978135924912601,3.572242172062622,1.0000000000000004,0.9671682626538991,0.0,10.0,1.0,0.8993055555555556,1.0000000000000004,0.9781359249126012,0.0,1.808877511438922,,4.0,73.0,5.978507533021,74.989327414166,288.0,731.0,86400.0,kdtree,True,False,57.561900644433926,False,completed,20361744.0
41,45,1845,4,0,True,50.01908951961009,33.0,0.6030463286935853,2.6608816262158337,True,0.0,1.0,1.0,1.0000000000000002,1.0000000000000002,3.69483869129047,1.0000000000000004,1.0000000000000004,0.0,0.0,1.0,1.0,1.0000000000000004,1.0000000000000004,0.0,1.7549738209504262,,4.0,73.0,4.0,73.0,288.0,731.0,86400.0,kdtree,True,True,54.56965684555887,False,completed,20361761.0
45,41,1845,4,0,True,51.98486036462465,0.0,1.3192656992594625,8.434059499313765,False,26.25104974160206,1.0,0.6875,1.0000000000000002,0.9989502583979333,3.6396203830369345,1.0000000000000004,0.9876880984952126,0.0,5.0,1.0,0.9826388888888888,1.0000000000000004,0.9989502583979333,0.0,1.8010344421988533,,4.0,73.0,4.0,118.616793475702,288.0,731.0,86400.0,kdtree,True,False,56.53542769057343,False,completed,20361778.0
40,46,1840,9,0,True,50.331343634531606,28.0,3.594136750965014,4.295683725698838,True,0.0,1.0,1.0,1.0000000000000002,1.0000000000000002,3.672912866697067,1.0000000000000004,1.0000000000000004,0.0,0.0,1.0,1.0,1.0000000000000004,1.0000000000000004,0.0,1.72960397718238,,4.0,73.0,4.0,73.0,288.0,731.0,86400.0,kdtree,True,True,54.88191096048038,False,completed,20361795.0
46,40,1840,9,0,False,,,,,False,,,,,,,,,,,,,,,,,,,,,,,,,,,,,,not_run_mode_limit,
51,36,1836,13,0,False,,,,,False,,,,,,,,,,,,,,,,,,,,,,,,,,,,,,not_run_mode_limit,
54,34,1836,13,0,False,,,,,False,,,,,,,,,,,,,,,,,,,,,,,,,,,,,,not_run_mode_limit,
39,47,1833,16,0,False,,,,,False,,,,,,,,,,,,,,,,,,,,,,,,,,,,,,not_run_mode_limit,
47,39,1833,16,0,False,,,,,False,,,,,,,,,,,,,,,,,,,,,,,,,,,,,,not_run_mode_limit,
59,31,1829,20,0,False,,,,,False,,,,,,,,,,,,,,,,,,,,,,,,,,,,,,not_run_mode_limit,
38,48,1824,25,0,False,,,,,False,,,,,,,,,,,,,,,,,,,,,,,,,,,,,,not_run_mode_limit,
48,38,1824,25,0,False,,,,,False,,,,,,,,,,,,,,,,,,,,,,,,,,,,,,not_run_mode_limit,
57,32,1824,25,0,False,,,,,False,,,,,,,,,,,,,,,,,,,,,,,,,,,,,,not_run_mode_limit,
52,35,1820,29,0,False,,,,,False,,,,,,,,,,,,,,,,,,,,,,,,,,,,,,not_run_mode_limit,
55,33,1815,34,0,False,,,,,False,,,,,,,,,,,,,,,,,,,,,,,,,,,,,,not_run_mode_limit,
37,49,1813,36,0,False,,,,,False,,,,,,,,,,,,,,,,,,,,,,,,,,,,,,not_run_mode_limit,
49,37,1813,36,0,False,,,,,False,,,,,,,,,,,,,,,,,,,,,,,,,,,,,,not_run_mode_limit,
42,43,1806,43,0,False,,,,,False,,,,,,,,,,,,,,,,,,,,,,,,,,,,,,not_run_mode_limit,
43,42,1806,43,0,False,,,,,False,,,,,,,,,,,,,,,,,,,,,,,,,,,,,,not_run_mode_limit,
41,44,1804,45,0,False,,,,,False,,,,,,,,,,,,,,,,,,,,,,,,,,,,,,not_run_mode_limit,
44,41,1804,45,0,False,,,,,False,,,,,,,,,,,,,,,,,,,,,,,,,,,,,,not_run_mode_limit,
53,34,1802,47,0,False,,,,,False,,,,,,,,,,,,,,,,,,,,,,,,,,,,,,not_run_mode_limit,
36,50,1800,49,0,False,,,,,False,,,,,,,,,,,,,,,,,,,,,,,,,,,,,,not_run_mode_limit,
40,45,1800,49,0,False,,,,,False,,,,,,,,,,,,,,,,,,,,,,,,,,,,,,not_run_mode_limit,
45,40,1800,49,0,False,,,,,False,,,,,,,,,,,,,,,,,,,,,,,,,,,,,,not_run_mode_limit,
50,36,1800,49,0,False,,,,,False,,,,,,,,,,,,,,,,,,,,,,,,,,,,,,not_run_mode_limit,
60,30,1800,49,0,False,,,,,False,,,,,,,,,,,,,,,,,,,,,,,,,,,,,,not_run_mode_limit,
58,31,1798,51,0,False,,,,,False,,,,,,,,,,,,,,,,,,,,,,,,,,,,,,not_run_mode_limit,
39,46,1794,55,0,False,,,,,False,,,,,,,,,,,,,,,,,,,,,,,,,,,,,,not_run_mode_limit,
46,39,1794,55,0,False,,,,,False,,,,,,,,,,,,,,,,,,,,,,,,,,,,,,not_run_mode_limit,
56,32,1792,57,0,False,,,,,False,,,,,,,,,,,,,,,,,,,,,,,,,,,,,,not_run_mode_limit,
38,47,1786,63,0,False,,,,,False,,,,,,,,,,,,,,,,,,,,,,,,,,,,,,not_run_mode_limit,
47,38,1786,63,0,False,,,,,False,,,,,,,,,,,,,,,,,,,,,,,,,,,,,,not_run_mode_limit,
51,35,1785,64,0,False,,,,,False,,,,,,,,,,,,,,,,,,,,,,,,,,,,,,not_run_mode_limit,
54,33,1782,67,0,False,,,,,False,,,,,,,,,,,,,,,,,,,,,,,,,,,,,,not_run_mode_limit,
37,48,1776,73,0,False,,,,,False,,,,,,,,,,,,,,,,,,,,,,,,,,,,,,not_run_mode_limit,
48,37,1776,73,0,False,,,,,False,,,,,,,,,,,,,,,,,,,,,,,,,,,,,,not_run_mode_limit,
59,30,1770,79,0,False,,,,,False,,,,,,,,,,,,,,,,,,,,,,,,,,,,,,not_run_mode_limit,
52,34,1768,81,0,False,,,,,False,,,,,,,,,,,,,,,,,,,,,,,,,,,,,,not_run_mode_limit,
57,31,1767,82,0,False,,,,,False,,,,,,,,,,,,,,,,,,,,,,,,,,,,,,not_run_mode_limit,
36,49,1764,85,0,False,,,,,False,,,,,,,,,,,,,,,,,,,,,,,,,,,,,,not_run_mode_limit,
42,42,1764,85,0,False,,,,,False,,,,,,,,,,,,,,,,,,,,,,,,,,,,,,not_run_mode_limit,
49,36,1764,85,0,False,,,,,False,,,,,,,,,,,,,,,,,,,,,,,,,,,,,,not_run_mode_limit,
41,43,1763,86,0,False,,,,,False,,,,,,,,,,,,,,,,,,,,,,,,,,,,,,not_run_mode_limit,
43,41,1763,86,0,False,,,,,False,,,,,,,,,,,,,,,,,,,,,,,,,,,,,,not_run_mode_limit,
40,44,1760,89,0,False,,,,,False,,,,,,,,,,,,,,,,,,,,,,,,,,,,,,not_run_mode_limit,
44,40,1760,89,0,False,,,,,False,,,,,,,,,,,,,,,,,,,,,,,,,,,,,,not_run_mode_limit,
55,32,1760,89,0,False,,,,,False,,,,,,,,,,,,,,,,,,,,,,,,,,,,,,not_run_mode_limit,
39,45,1755,94,0,False,,,,,False,,,,,,,,,,,,,,,,,,,,,,,,,,,,,,not_run_mode_limit,
45,39,1755,94,0,False,,,,,False,,,,,,,,,,,,,,,,,,,,,,,,,,,,,,not_run_mode_limit,
35,50,1750,99,0,False,,,,,False,,,,,,,,,,,,,,,,,,,,,,,,,,,,,,not_run_mode_limit,
50,35,1750,99,0,False,,,,,False,,,,,,,,,,,,,,,,,,,,,,,,,,,,,,not_run_mode_limit,
53,33,1749,100,0,False,,,,,False,,,,,,,,,,,,,,,,,,,,,,,,,,,,,,not_run_mode_limit,
38,46,1748,101,0,False,,,,,False,,,,,,,,,,,,,,,,,,,,,,,,,,,,,,not_run_mode_limit,
46,38,1748,101,0,False,,,,,False,,,,,,,,,,,,,,,,,,,,,,,,,,,,,,not_run_mode_limit,
58,30,1740,109,0,False,,,,,False,,,,,,,,,,,,,,,,,,,,,,,,,,,,,,not_run_mode_limit,
60,29,1740,109,0,False,,,,,False,,,,,,,,,,,,,,,,,,,,,,,,,,,,,,not_run_mode_limit,
37,47,1739,110,0,False,,,,,False,,,,,,,,,,,,,,,,,,,,,,,,,,,,,,not_run_mode_limit,
47,37,1739,110,0,False,,,,,False,,,,,,,,,,,,,,,,,,,,,,,,,,,,,,not_run_mode_limit,
56,31,1736,113,0,False,,,,,False,,,,,,,,,,,,,,,,,,,,,,,,,,,,,,not_run_mode_limit,
51,34,1734,115,0,False,,,,,False,,,,,,,,,,,,,,,,,,,,,,,,,,,,,,not_run_mode_limit,
36,48,1728,121,0,False,,,,,False,,,,,,,,,,,,,,,,,,,,,,,,,,,,,,not_run_mode_limit,
48,36,1728,121,0,False,,,,,False,,,,,,,,,,,,,,,,,,,,,,,,,,,,,,not_run_mode_limit,
54,32,1728,121,0,False,,,,,False,,,,,,,,,,,,,,,,,,,,,,,,,,,,,,not_run_mode_limit,
41,42,1722,127,0,False,,,,,False,,,,,,,,,,,,,,,,,,,,,,,,,,,,,,not_run_mode_limit,
42,41,1722,127,0,False,,,,,False,,,,,,,,,,,,,,,,,,,,,,,,,,,,,,not_run_mode_limit,
40,43,1720,129,0,False,,,,,False,,,,,,,,,,,,,,,,,,,,,,,,,,,,,,not_run_mode_limit,
43,40,1720,129,0,False,,,,,False,,,,,,,,,,,,,,,,,,,,,,,,,,,,,,not_run_mode_limit,
39,44,1716,133,0,False,,,,,False,,,,,,,,,,,,,,,,,,,,,,,,,,,,,,not_run_mode_limit,
44,39,1716,133,0,False,,,,,False,,,,,,,,,,,,,,,,,,,,,,,,,,,,,,not_run_mode_limit,
52,33,1716,133,0,False,,,,,False,,,,,,,,,,,,,,,,,,,,,,,,,,,,,,not_run_mode_limit,
35,49,1715,134,0,False,,,,,False,,,,,,,,,,,,,,,,,,,,,,,,,,,,,,not_run_mode_limit,
49,35,1715,134,0,False,,,,,False,,,,,,,,,,,,,,,,,,,,,,,,,,,,,,not_run_mode_limit,
59,29,1711,138,0,False,,,,,False,,,,,,,,,,,,,,,,,,,,,,,,,,,,,,not_run_mode_limit,
38,45,1710,139,0,False,,,,,False,,,,,,,,,,,,,,,,,,,,,,,,,,,,,,not_run_mode_limit,
45,38,1710,139,0,False,,,,,False,,,,,,,,,,,,,,,,,,,,,,,,,,,,,,not_run_mode_limit,
57,30,1710,139,0,False,,,,,False,,,,,,,,,,,,,,,,,,,,,,,,,,,,,,not_run_mode_limit,
55,31,1705,144,0,False,,,,,False,,,,,,,,,,,,,,,,,,,,,,,,,,,,,,not_run_mode_limit,
37,46,1702,147,0,False,,,,,False,,,,,,,,,,,,,,,,,,,,,,,,,,,,,,not_run_mode_limit,
46,37,1702,147,0,False,,,,,False,,,,,,,,,,,,,,,,,,,,,,,,,,,,,,not_run_mode_limit,
34,50,1700,149,0,False,,,,,False,,,,,,,,,,,,,,,,,,,,,,,,,,,,,,not_run_mode_limit,
50,34,1700,149,0,False,,,,,False,,,,,,,,,,,,,,,,,,,,,,,,,,,,,,not_run_mode_limit,
53,32,1696,153,0,False,,,,,False,,,,,,,,,,,,,,,,,,,,,,,,,,,,,,not_run_mode_limit,
36,47,1692,157,0,False,,,,,False,,,,,,,,,,,,,,,,,,,,,,,,,,,,,,not_run_mode_limit,
47,36,1692,157,0,False,,,,,False,,,,,,,,,,,,,,,,,,,,,,,,,,,,,,not_run_mode_limit,
51,33,1683,166,0,False,,,,,False,,,,,,,,,,,,,,,,,,,,,,,,,,,,,,not_run_mode_limit,
58,29,1682,167,0,False,,,,,False,,,,,,,,,,,,,,,,,,,,,,,,,,,,,,not_run_mode_limit,
41,41,1681,168,0,False,,,,,False,,,,,,,,,,,,,,,,,,,,,,,,,,,,,,not_run_mode_limit,
35,48,1680,169,0,False,,,,,False,,,,,,,,,,,,,,,,,,,,,,,,,,,,,,not_run_mode_limit,
40,42,1680,169,0,False,,,,,False,,,,,,,,,,,,,,,,,,,,,,,,,,,,,,not_run_mode_limit,
42,40,1680,169,0,False,,,,,False,,,,,,,,,,,,,,,,,,,,,,,,,,,,,,not_run_mode_limit,
48,35,1680,169,0,False,,,,,False,,,,,,,,,,,,,,,,,,,,,,,,,,,,,,not_run_mode_limit,
56,30,1680,169,0,False,,,,,False,,,,,,,,,,,,,,,,,,,,,,,,,,,,,,not_run_mode_limit,
60,28,1680,169,0,False,,,,,False,,,,,,,,,,,,,,,,,,,,,,,,,,,,,,not_run_mode_limit,
39,43,1677,172,0,False,,,,,False,,,,,,,,,,,,,,,,,,,,,,,,,,,,,,not_run_mode_limit,
43,39,1677,172,0,False,,,,,False,,,,,,,,,,,,,,,,,,,,,,,,,,,,,,not_run_mode_limit,
54,31,1674,175,0,False,,,,,False,,,,,,,,,,,,,,,,,,,,,,,,,,,,,,not_run_mode_limit,
38,44,1672,177,0,False,,,,,False,,,,,,,,,,,,,,,,,,,,,,,,,,,,,,not_run_mode_limit,
44,38,1672,177,0,False,,,,,False,,,,,,,,,,,,,,,,,,,,,,,,,,,,,,not_run_mode_limit,
34,49,1666,183,0,False,,,,,False,,,,,,,,,,,,,,,,,,,,,,,,,,,,,,not_run_mode_limit,
49,34,1666,183,0,False,,,,,False,,,,,,,,,,,,,,,,,,,,,,,,,,,,,,not_run_mode_limit,
37,45,1665,184,0,False,,,,,False,,,,,,,,,,,,,,,,,,,,,,,,,,,,,,not_run_mode_limit,
45,37,1665,184,0,False,,,,,False,,,,,,,,,,,,,,,,,,,,,,,,,,,,,,not_run_mode_limit,
52,32,1664,185,0,False,,,,,False,,,,,,,,,,,,,,,,,,,,,,,,,,,,,,not_run_mode_limit,
36,46,1656,193,0,False,,,,,False,,,,,,,,,,,,,,,,,,,,,,,,,,,,,,not_run_mode_limit,
46,36,1656,193,0,False,,,,,False,,,,,,,,,,,,,,,,,,,,,,,,,,,,,,not_run_mode_limit,
57,29,1653,196,0,False,,,,,False,,,,,,,,,,,,,,,,,,,,,,,,,,,,,,not_run_mode_limit,
59,28,1652,197,0,False,,,,,False,,,,,,,,,,,,,,,,,,,,,,,,,,,,,,not_run_mode_limit,
33,50,1650,199,0,False,,,,,False,,,,,,,,,,,,,,,,,,,,,,,,,,,,,,not_run_mode_limit,
50,33,1650,199,0,False,,,,,False,,,,,,,,,,,,,,,,,,,,,,,,,,,,,,not_run_mode_limit,
55,30,1650,199,0,False,,,,,False,,,,,,,,,,,,,,,,,,,,,,,,,,,,,,not_run_mode_limit,
35,47,1645,204,0,False,,,,,False,,,,,,,,,,,,,,,,,,,,,,,,,,,,,,not_run_mode_limit,
47,35,1645,204,0,False,,,,,False,,,,,,,,,,,,,,,,,,,,,,,,,,,,,,not_run_mode_limit,
53,31,1643,206,0,False,,,,,False,,,,,,,,,,,,,,,,,,,,,,,,,,,,,,not_run_mode_limit,
40,41,1640,209,0,False,,,,,False,,,,,,,,,,,,,,,,,,,,,,,,,,,,,,not_run_mode_limit,
41,40,1640,209,0,False,,,,,False,,,,,,,,,,,,,,,,,,,,,,,,,,,,,,not_run_mode_limit,
39,42,1638,211,0,False,,,,,False,,,,,,,,,,,,,,,,,,,,,,,,,,,,,,not_run_mode_limit,
42,39,1638,211,0,False,,,,,False,,,,,,,,,,,,,,,,,,,,,,,,,,,,,,not_run_mode_limit,
38,43,1634,215,0,False,,,,,False,,,,,,,,,,,,,,,,,,,,,,,,,,,,,,not_run_mode_limit,
43,38,1634,215,0,False,,,,,False,,,,,,,,,,,,,,,,,,,,,,,,,,,,,,not_run_mode_limit,
34,48,1632,217,0,False,,,,,False,,,,,,,,,,,,,,,,,,,,,,,,,,,,,,not_run_mode_limit,
48,34,1632,217,0,False,,,,,False,,,,,,,,,,,,,,,,,,,,,,,,,,,,,,not_run_mode_limit,
51,32,1632,217,0,False,,,,,False,,,,,,,,,,,,,,,,,,,,,,,,,,,,,,not_run_mode_limit,
37,44,1628,221,0,False,,,,,False,,,,,,,,,,,,,,,,,,,,,,,,,,,,,,not_run_mode_limit,
44,37,1628,221,0,False,,,,,False,,,,,,,,,,,,,,,,,,,,,,,,,,,,,,not_run_mode_limit,
56,29,1624,225,0,False,,,,,False,,,,,,,,,,,,,,,,,,,,,,,,,,,,,,not_run_mode_limit,
58,28,1624,225,0,False,,,,,False,,,,,,,,,,,,,,,,,,,,,,,,,,,,,,not_run_mode_limit,
36,45,1620,229,0,False,,,,,False,,,,,,,,,,,,,,,,,,,,,,,,,,,,,,not_run_mode_limit,
45,36,1620,229,0,False,,,,,False,,,,,,,,,,,,,,,,,,,,,,,,,,,,,,not_run_mode_limit,
54,30,1620,229,0,False,,,,,False,,,,,,,,,,,,,,,,,,,,,,,,,,,,,,not_run_mode_limit,
60,27,1620,229,0,False,,,,,False,,,,,,,,,,,,,,,,,,,,,,,,,,,,,,not_run_mode_limit,
33,49,1617,232,0,False,,,,,False,,,,,,,,,,,,,,,,,,,,,,,,,,,,,,not_run_mode_limit,
49,33,1617,232,0,False,,,,,False,,,,,,,,,,,,,,,,,,,,,,,,,,,,,,not_run_mode_limit,
52,31,1612,237,0,False,,,,,False,,,,,,,,,,,,,,,,,,,,,,,,,,,,,,not_run_mode_limit,
35,46,1610,239,0,False,,,,,False,,,,,,,,,,,,,,,,,,,,,,,,,,,,,,not_run_mode_limit,
46,35,1610,239,0,False,,,,,False,,,,,,,,,,,,,,,,,,,,,,,,,,,,,,not_run_mode_limit,
32,50,1600,249,0,False,,,,,False,,,,,,,,,,,,,,,,,,,,,,,,,,,,,,not_run_mode_limit,
40,40,1600,249,0,False,,,,,False,,,,,,,,,,,,,,,,,,,,,,,,,,,,,,not_run_mode_limit,
50,32,1600,249,0,False,,,,,False,,,,,,,,,,,,,,,,,,,,,,,,,,,,,,not_run_mode_limit,
39,41,1599,250,0,False,,,,,False,,,,,,,,,,,,,,,,,,,,,,,,,,,,,,not_run_mode_limit,
41,39,1599,250,0,False,,,,,False,,,,,,,,,,,,,,,,,,,,,,,,,,,,,,not_run_mode_limit,
34,47,1598,251,0,False,,,,,False,,,,,,,,,,,,,,,,,,,,,,,,,,,,,,not_run_mode_limit,
47,34,1598,251,0,False,,,,,False,,,,,,,,,,,,,,,,,,,,,,,,,,,,,,not_run_mode_limit,
38,42,1596,253,0,False,,,,,False,,,,,,,,,,,,,,,,,,,,,,,,,,,,,,not_run_mode_limit,
42,38,1596,253,0,False,,,,,False,,,,,,,,,,,,,,,,,,,,,,,,,,,,,,not_run_mode_limit,
57,28,1596,253,0,False,,,,,False,,,,,,,,,,,,,,,,,,,,,,,,,,,,,,not_run_mode_limit,
55,29,1595,254,0,False,,,,,False,,,,,,,,,,,,,,,,,,,,,,,,,,,,,,not_run_mode_limit,
59,27,1593,256,0,False,,,,,False,,,,,,,,,,,,,,,,,,,,,,,,,,,,,,not_run_mode_limit,
37,43,1591,258,0,False,,,,,False,,,,,,,,,,,,,,,,,,,,,,,,,,,,,,not_run_mode_limit,
43,37,1591,258,0,False,,,,,False,,,,,,,,,,,,,,,,,,,,,,,,,,,,,,not_run_mode_limit,
53,30,1590,259,0,False,,,,,False,,,,,,,,,,,,,,,,,,,,,,,,,,,,,,not_run_mode_limit,
33,48,1584,265,0,False,,,,,False,,,,,,,,,,,,,,,,,,,,,,,,,,,,,,not_run_mode_limit,
36,44,1584,265,0,False,,,,,False,,,,,,,,,,,,,,,,,,,,,,,,,,,,,,not_run_mode_limit,
44,36,1584,265,0,False,,,,,False,,,,,,,,,,,,,,,,,,,,,,,,,,,,,,not_run_mode_limit,
48,33,1584,265,0,False,,,,,False,,,,,,,,,,,,,,,,,,,,,,,,,,,,,,not_run_mode_limit,
51,31,1581,268,0,False,,,,,False,,,,,,,,,,,,,,,,,,,,,,,,,,,,,,not_run_mode_limit,
35,45,1575,274,0,False,,,,,False,,,,,,,,,,,,,,,,,,,,,,,,,,,,,,not_run_mode_limit,
45,35,1575,274,0,False,,,,,False,,,,,,,,,,,,,,,,,,,,,,,,,,,,,,not_run_mode_limit,
32,49,1568,281,0,False,,,,,False,,,,,,,,,,,,,,,,,,,,,,,,,,,,,,not_run_mode_limit,
49,32,1568,281,0,False,,,,,False,,,,,,,,,,,,,,,,,,,,,,,,,,,,,,not_run_mode_limit,
56,28,1568,281,0,False,,,,,False,,,,,,,,,,,,,,,,,,,,,,,,,,,,,,not_run_mode_limit,
54,29,1566,283,0,False,,,,,False,,,,,,,,,,,,,,,,,,,,,,,,,,,,,,not_run_mode_limit,
58,27,1566,283,0,False,,,,,False,,,,,,,,,,,,,,,,,,,,,,,,,,,,,,not_run_mode_limit,
34,46,1564,285,0,False,,,,,False,,,,,,,,,,,,,,,,,,,,,,,,,,,,,,not_run_mode_limit,
46,34,1564,285,0,False,,,,,False,,,,,,,,,,,,,,,,,,,,,,,,,,,,,,not_run_mode_limit,
39,40,1560,289,0,False,,,,,False,,,,,,,,,,,,,,,,,,,,,,,,,,,,,,not_run_mode_limit,
40,39,1560,289,0,False,,,,,False,,,,,,,,,,,,,,,,,,,,,,,,,,,,,,not_run_mode_limit,
52,30,1560,289,0,False,,,,,False,,,,,,,,,,,,,,,,,,,,,,,,,,,,,,not_run_mode_limit,
60,26,1560,289,0,False,,,,,False,,,,,,,,,,,,,,,,,,,,,,,,,,,,,,not_run_mode_limit,
38,41,1558,291,0,False,,,,,False,,,,,,,,,,,,,,,,,,,,,,,,,,,,,,not_run_mode_limit,
41,38,1558,291,0,False,,,,,False,,,,,,,,,,,,,,,,,,,,,,,,,,,,,,not_run_mode_limit,
37,42,1554,295,0,False,,,,,False,,,,,,,,,,,,,,,,,,,,,,,,,,,,,,not_run_mode_limit,
42,37,1554,295,0,False,,,,,False,,,,,,,,,,,,,,,,,,,,,,,,,,,,,,not_run_mode_limit,
33,47,1551,298,0,False,,,,,False,,,,,,,,,,,,,,,,,,,,,,,,,,,,,,not_run_mode_limit,
47,33,1551,298,0,False,,,,,False,,,,,,,,,,,,,,,,,,,,,,,,,,,,,,not_run_mode_limit,
31,50,1550,299,0,False,,,,,False,,,,,,,,,,,,,,,,,,,,,,,,,,,,,,not_run_mode_limit,
50,31,1550,299,0,False,,,,,False,,,,,,,,,,,,,,,,,,,,,,,,,,,,,,not_run_mode_limit,
36,43,1548,301,0,False,,,,,False,,,,,,,,,,,,,,,,,,,,,,,,,,,,,,not_run_mode_limit,
43,36,1548,301,0,False,,,,,False,,,,,,,,,,,,,,,,,,,,,,,,,,,,,,not_run_mode_limit,
35,44,1540,309,0,False,,,,,False,,,,,,,,,,,,,,,,,,,,,,,,,,,,,,not_run_mode_limit,
44,35,1540,309,0,False,,,,,False,,,,,,,,,,,,,,,,,,,,,,,,,,,,,,not_run_mode_limit,
55,28,1540,309,0,False,,,,,False,,,,,,,,,,,,,,,,,,,,,,,,,,,,,,not_run_mode_limit,
57,27,1539,310,0,False,,,,,False,,,,,,,,,,,,,,,,,,,,,,,,,,,,,,not_run_mode_limit,
53,29,1537,312,0,False,,,,,False,,,,,,,,,,,,,,,,,,,,,,,,,,,,,,not_run_mode_limit,
32,48,1536,313,0,False,,,,,False,,,,,,,,,,,,,,,,,,,,,,,,,,,,,,not_run_mode_limit,
48,32,1536,313,0,False,,,,,False,,,,,,,,,,,,,,,,,,,,,,,,,,,,,,not_run_mode_limit,
59,26,1534,315,0,False,,,,,False,,,,,,,,,,,,,,,,,,,,,,,,,,,,,,not_run_mode_limit,
34,45,1530,319,0,False,,,,,False,,,,,,,,,,,,,,,,,,,,,,,,,,,,,,not_run_mode_limit,
45,34,1530,319,0,False,,,,,False,,,,,,,,,,,,,,,,,,,,,,,,,,,,,,not_run_mode_limit,
51,30,1530,319,0,False,,,,,False,,,,,,,,,,,,,,,,,,,,,,,,,,,,,,not_run_mode_limit,
39,39,1521,328,0,False,,,,,False,,,,,,,,,,,,,,,,,,,,,,,,,,,,,,not_run_mode_limit,
38,40,1520,329,0,False,,,,,False,,,,,,,,,,,,,,,,,,,,,,,,,,,,,,not_run_mode_limit,
40,38,1520,329,0,False,,,,,False,,,,,,,,,,,,,,,,,,,,,,,,,,,,,,not_run_mode_limit,
31,49,1519,330,0,False,,,,,False,,,,,,,,,,,,,,,,,,,,,,,,,,,,,,not_run_mode_limit,
49,31,1519,330,0,False,,,,,False,,,,,,,,,,,,,,,,,,,,,,,,,,,,,,not_run_mode_limit,
33,46,1518,331,0,False,,,,,False,,,,,,,,,,,,,,,,,,,,,,,,,,,,,,not_run_mode_limit,
46,33,1518,331,0,False,,,,,False,,,,,,,,,,,,,,,,,,,,,,,,,,,,,,not_run_mode_limit,
37,41,1517,332,0,False,,,,,False,,,,,,,,,,,,,,,,,,,,,,,,,,,,,,not_run_mode_limit,
41,37,1517,332,0,False,,,,,False,,,,,,,,,,,,,,,,,,,,,,,,,,,,,,not_run_mode_limit,
36,42,1512,337,0,False,,,,,False,,,,,,,,,,,,,,,,,,,,,,,,,,,,,,not_run_mode_limit,
42,36,1512,337,0,False,,,,,False,,,,,,,,,,,,,,,,,,,,,,,,,,,,,,not_run_mode_limit,
54,28,1512,337,0,False,,,,,False,,,,,,,,,,,,,,,,,,,,,,,,,,,,,,not_run_mode_limit,
56,27,1512,337,0,False,,,,,False,,,,,,,,,,,,,,,,,,,,,,,,,,,,,,not_run_mode_limit,
52,29,1508,341,0,False,,,,,False,,,,,,,,,,,,,,,,,,,,,,,,,,,,,,not_run_mode_limit,
58,26,1508,341,0,False,,,,,False,,,,,,,,,,,,,,,,,,,,,,,,,,,,,,not_run_mode_limit,
35,43,1505,344,0,False,,,,,False,,,,,,,,,,,,,,,,,,,,,,,,,,,,,,not_run_mode_limit,
43,35,1505,344,0,False,,,,,False,,,,,,,,,,,,,,,,,,,,,,,,,,,,,,not_run_mode_limit,
32,47,1504,345,0,False,,,,,False,,,,,,,,,,,,,,,,,,,,,,,,,,,,,,not_run_mode_limit,
47,32,1504,345,0,False,,,,,False,,,,,,,,,,,,,,,,,,,,,,,,,,,,,,not_run_mode_limit,
30,50,1500,349,0,False,,,,,False,,,,,,,,,,,,,,,,,,,,,,,,,,,,,,not_run_mode_limit,
50,30,1500,349,0,False,,,,,False,,,,,,,,,,,,,,,,,,,,,,,,,,,,,,not_run_mode_limit,
60,25,1500,349,0,False,,,,,False,,,,,,,,,,,,,,,,,,,,,,,,,,,,,,not_run_mode_limit,
34,44,1496,353,0,False,,,,,False,,,,,,,,,,,,,,,,,,,,,,,,,,,,,,not_run_mode_limit,
44,34,1496,353,0,False,,,,,False,,,,,,,,,,,,,,,,,,,,,,,,,,,,,,not_run_mode_limit,
31,48,1488,361,0,False,,,,,False,,,,,,,,,,,,,,,,,,,,,,,,,,,,,,not_run_mode_limit,
48,31,1488,361,0,False,,,,,False,,,,,,,,,,,,,,,,,,,,,,,,,,,,,,not_run_mode_limit,
33,45,1485,364,0,False,,,,,False,,,,,,,,,,,,,,,,,,,,,,,,,,,,,,not_run_mode_limit,
45,33,1485,364,0,False,,,,,False,,,,,,,,,,,,,,,,,,,,,,,,,,,,,,not_run_mode_limit,
55,27,1485,364,0,False,,,,,False,,,,,,,,,,,,,,,,,,,,,,,,,,,,,,not_run_mode_limit,
53,28,1484,365,0,False,,,,,False,,,,,,,,,,,,,,,,,,,,,,,,,,,,,,not_run_mode_limit,
38,39,1482,367,0,False,,,,,False,,,,,,,,,,,,,,,,,,,,,,,,,,,,,,not_run_mode_limit,
39,38,1482,367,0,False,,,,,False,,,,,,,,,,,,,,,,,,,,,,,,,,,,,,not_run_mode_limit,
57,26,1482,367,0,False,,,,,False,,,,,,,,,,,,,,,,,,,,,,,,,,,,,,not_run_mode_limit,
37,40,1480,369,0,False,,,,,False,,,,,,,,,,,,,,,,,,,,,,,,,,,,,,not_run_mode_limit,
40,37,1480,369,0,False,,,,,False,,,,,,,,,,,,,,,,,,,,,,,,,,,,,,not_run_mode_limit,
51,29,1479,370,0,False,,,,,False,,,,,,,,,,,,,,,,,,,,,,,,,,,,,,not_run_mode_limit,
36,41,1476,373,0,False,,,,,False,,,,,,,,,,,,,,,,,,,,,,,,,,,,,,not_run_mode_limit,
41,36,1476,373,0,False,,,,,False,,,,,,,,,,,,,,,,,,,,,,,,,,,,,,not_run_mode_limit,
59,25,1475,374,0,False,,,,,False,,,,,,,,,,,,,,,,,,,,,,,,,,,,,,not_run_mode_limit,
32,46,1472,377,0,False,,,,,False,,,,,,,,,,,,,,,,,,,,,,,,,,,,,,not_run_mode_limit,
46,32,1472,377,0,False,,,,,False,,,,,,,,,,,,,,,,,,,,,,,,,,,,,,not_run_mode_limit,
30,49,1470,379,0,False,,,,,False,,,,,,,,,,,,,,,,,,,,,,,,,,,,,,not_run_mode_limit,
35,42,1470,379,0,False,,,,,False,,,,,,,,,,,,,,,,,,,,,,,,,,,,,,not_run_mode_limit,
42,35,1470,379,0,False,,,,,False,,,,,,,,,,,,,,,,,,,,,,,,,,,,,,not_run_mode_limit,
49,30,1470,379,0,False,,,,,False,,,,,,,,,,,,,,,,,,,,,,,,,,,,,,not_run_mode_limit,
34,43,1462,387,0,False,,,,,False,,,,,,,,,,,,,,,,,,,,,,,,,,,,,,not_run_mode_limit,
43,34,1462,387,0,False,,,,,False,,,,,,,,,,,,,,,,,,,,,,,,,,,,,,not_run_mode_limit,
54,27,1458,391,0,False,,,,,False,,,,,,,,,,,,,,,,,,,,,,,,,,,,,,not_run_mode_limit,
31,47,1457,392,0,False,,,,,False,,,,,,,,,,,,,,,,,,,,,,,,,,,,,,not_run_mode_limit,
47,31,1457,392,0,False,,,,,False,,,,,,,,,,,,,,,,,,,,,,,,,,,,,,not_run_mode_limit,
52,28,1456,393,0,False,,,,,False,,,,,,,,,,,,,,,,,,,,,,,,,,,,,,not_run_mode_limit,
56,26,1456,393,0,False,,,,,False,,,,,,,,,,,,,,,,,,,,,,,,,,,,,,not_run_mode_limit,
33,44,1452,397,0,False,,,,,False,,,,,,,,,,,,,,,,,,,,,,,,,,,,,,not_run_mode_limit,
44,33,1452,397,0,False,,,,,False,,,,,,,,,,,,,,,,,,,,,,,,,,,,,,not_run_mode_limit,
29,50,1450,399,0,False,,,,,False,,,,,,,,,,,,,,,,,,,,,,,,,,,,,,not_run_mode_limit,
50,29,1450,399,0,False,,,,,False,,,,,,,,,,,,,,,,,,,,,,,,,,,,,,not_run_mode_limit,
58,25,1450,399,0,False,,,,,False,,,,,,,,,,,,,,,,,,,,,,,,,,,,,,not_run_mode_limit,
38,38,1444,405,0,False,,,,,False,,,,,,,,,,,,,,,,,,,,,,,,,,,,,,not_run_mode_limit,
37,39,1443,406,0,False,,,,,False,,,,,,,,,,,,,,,,,,,,,,,,,,,,,,not_run_mode_limit,
39,37,1443,406,0,False,,,,,False,,,,,,,,,,,,,,,,,,,,,,,,,,,,,,not_run_mode_limit,
30,48,1440,409,0,False,,,,,False,,,,,,,,,,,,,,,,,,,,,,,,,,,,,,not_run_mode_limit,
32,45,1440,409,0,False,,,,,False,,,,,,,,,,,,,,,,,,,,,,,,,,,,,,not_run_mode_limit,
36,40,1440,409,0,False,,,,,False,,,,,,,,,,,,,,,,,,,,,,,,,,,,,,not_run_mode_limit,
40,36,1440,409,0,False,,,,,False,,,,,,,,,,,,,,,,,,,,,,,,,,,,,,not_run_mode_limit,
45,32,1440,409,0,False,,,,,False,,,,,,,,,,,,,,,,,,,,,,,,,,,,,,not_run_mode_limit,
48,30,1440,409,0,False,,,,,False,,,,,,,,,,,,,,,,,,,,,,,,,,,,,,not_run_mode_limit,
60,24,1440,409,0,False,,,,,False,,,,,,,,,,,,,,,,,,,,,,,,,,,,,,not_run_mode_limit,
35,41,1435,414,0,False,,,,,False,,,,,,,,,,,,,,,,,,,,,,,,,,,,,,not_run_mode_limit,
41,35,1435,414,0,False,,,,,False,,,,,,,,,,,,,,,,,,,,,,,,,,,,,,not_run_mode_limit,
53,27,1431,418,0,False,,,,,False,,,,,,,,,,,,,,,,,,,,,,,,,,,,,,not_run_mode_limit,
55,26,1430,419,0,False,,,,,False,,,,,,,,,,,,,,,,,,,,,,,,,,,,,,not_run_mode_limit,
34,42,1428,421,0,False,,,,,False,,,,,,,,,,,,,,,,,,,,,,,,,,,,,,not_run_mode_limit,
42,34,1428,421,0,False,,,,,False,,,,,,,,,,,,,,,,,,,,,,,,,,,,,,not_run_mode_limit,
51,28,1428,421,0,False,,,,,False,,,,,,,,,,,,,,,,,,,,,,,,,,,,,,not_run_mode_limit,
31,46,1426,423,0,False,,,,,False,,,,,,,,,,,,,,,,,,,,,,,,,,,,,,not_run_mode_limit,
46,31,1426,423,0,False,,,,,False,,,,,,,,,,,,,,,,,,,,,,,,,,,,,,not_run_mode_limit,
57,25,1425,424,0,False,,,,,False,,,,,,,,,,,,,,,,,,,,,,,,,,,,,,not_run_mode_limit,
29,49,1421,428,0,False,,,,,False,,,,,,,,,,,,,,,,,,,,,,,,,,,,,,not_run_mode_limit,
49,29,1421,428,0,False,,,,,False,,,,,,,,,,,,,,,,,,,,,,,,,,,,,,not_run_mode_limit,
33,43,1419,430,0,False,,,,,False,,,,,,,,,,,,,,,,,,,,,,,,,,,,,,not_run_mode_limit,
43,33,1419,430,0,False,,,,,False,,,,,,,,,,,,,,,,,,,,,,,,,,,,,,not_run_mode_limit,
59,24,1416,433,0,False,,,,,False,,,,,,,,,,,,,,,,,,,,,,,,,,,,,,not_run_mode_limit,
30,47,1410,439,0,False,,,,,False,,,,,,,,,,,,,,,,,,,,,,,,,,,,,,not_run_mode_limit,
47,30,1410,439,0,False,,,,,False,,,,,,,,,,,,,,,,,,,,,,,,,,,,,,not_run_mode_limit,
32,44,1408,441,0,False,,,,,False,,,,,,,,,,,,,,,,,,,,,,,,,,,,,,not_run_mode_limit,
44,32,1408,441,0,False,,,,,False,,,,,,,,,,,,,,,,,,,,,,,,,,,,,,not_run_mode_limit,
37,38,1406,443,0,False,,,,,False,,,,,,,,,,,,,,,,,,,,,,,,,,,,,,not_run_mode_limit,
38,37,1406,443,0,False,,,,,False,,,,,,,,,,,,,,,,,,,,,,,,,,,,,,not_run_mode_limit,
36,39,1404,445,0,False,,,,,False,,,,,,,,,,,,,,,,,,,,,,,,,,,,,,not_run_mode_limit,
39,36,1404,445,0,False,,,,,False,,,,,,,,,,,,,,,,,,,,,,,,,,,,,,not_run_mode_limit,
52,27,1404,445,0,False,,,,,False,,,,,,,,,,,,,,,,,,,,,,,,,,,,,,not_run_mode_limit,
54,26,1404,445,0,False,,,,,False,,,,,,,,,,,,,,,,,,,,,,,,,,,,,,not_run_mode_limit,
28,50,1400,449,0,False,,,,,False,,,,,,,,,,,,,,,,,,,,,,,,,,,,,,not_run_mode_limit,
35,40,1400,449,0,False,,,,,False,,,,,,,,,,,,,,,,,,,,,,,,,,,,,,not_run_mode_limit,
40,35,1400,449,0,False,,,,,False,,,,,,,,,,,,,,,,,,,,,,,,,,,,,,not_run_mode_limit,
50,28,1400,449,0,False,,,,,False,,,,,,,,,,,,,,,,,,,,,,,,,,,,,,not_run_mode_limit,
56,25,1400,449,0,False,,,,,False,,,,,,,,,,,,,,,,,,,,,,,,,,,,,,not_run_mode_limit,
31,45,1395,454,0,False,,,,,False,,,,,,,,,,,,,,,,,,,,,,,,,,,,,,not_run_mode_limit,
45,31,1395,454,0,False,,,,,False,,,,,,,,,,,,,,,,,,,,,,,,,,,,,,not_run_mode_limit,
34,41,1394,455,0,False,,,,,False,,,,,,,,,,,,,,,,,,,,,,,,,,,,,,not_run_mode_limit,
41,34,1394,455,0,False,,,,,False,,,,,,,,,,,,,,,,,,,,,,,,,,,,,,not_run_mode_limit,
29,48,1392,457,0,False,,,,,False,,,,,,,,,,,,,,,,,,,,,,,,,,,,,,not_run_mode_limit,
48,29,1392,457,0,False,,,,,False,,,,,,,,,,,,,,,,,,,,,,,,,,,,,,not_run_mode_limit,
58,24,1392,457,0,False,,,,,False,,,,,,,,,,,,,,,,,,,,,,,,,,,,,,not_run_mode_limit,
33,42,1386,463,0,False,,,,,False,,,,,,,,,,,,,,,,,,,,,,,,,,,,,,not_run_mode_limit,
42,33,1386,463,0,False,,,,,False,,,,,,,,,,,,,,,,,,,,,,,,,,,,,,not_run_mode_limit,
30,46,1380,469,0,False,,,,,False,,,,,,,,,,,,,,,,,,,,,,,,,,,,,,not_run_mode_limit,
46,30,1380,469,0,False,,,,,False,,,,,,,,,,,,,,,,,,,,,,,,,,,,,,not_run_mode_limit,
60,23,1380,469,0,False,,,,,False,,,,,,,,,,,,,,,,,,,,,,,,,,,,,,not_run_mode_limit,
53,26,1378,471,0,False,,,,,False,,,,,,,,,,,,,,,,,,,,,,,,,,,,,,not_run_mode_limit,
51,27,1377,472,0,False,,,,,False,,,,,,,,,,,,,,,,,,,,,,,,,,,,,,not_run_mode_limit,
32,43,1376,473,0,False,,,,,False,,,,,,,,,,,,,,,,,,,,,,,,,,,,,,not_run_mode_limit,
43,32,1376,473,0,False,,,,,False,,,,,,,,,,,,,,,,,,,,,,,,,,,,,,not_run_mode_limit,
55,25,1375,474,0,False,,,,,False,,,,,,,,,,,,,,,,,,,,,,,,,,,,,,not_run_mode_limit,
28,49,1372,477,0,False,,,,,False,,,,,,,,,,,,,,,,,,,,,,,,,,,,,,not_run_mode_limit,
49,28,1372,477,0,False,,,,,False,,,,,,,,,,,,,,,,,,,,,,,,,,,,,,not_run_mode_limit,
37,37,1369,480,0,False,,,,,False,,,,,,,,,,,,,,,,,,,,,,,,,,,,,,not_run_mode_limit,
36,38,1368,481,0,False,,,,,False,,,,,,,,,,,,,,,,,,,,,,,,,,,,,,not_run_mode_limit,
38,36,1368,481,0,False,,,,,False,,,,,,,,,,,,,,,,,,,,,,,,,,,,,,not_run_mode_limit,
57,24,1368,481,0,False,,,,,False,,,,,,,,,,,,,,,,,,,,,,,,,,,,,,not_run_mode_limit,
35,39,1365,484,0,False,,,,,False,,,,,,,,,,,,,,,,,,,,,,,,,,,,,,not_run_mode_limit,
39,35,1365,484,0,False,,,,,False,,,,,,,,,,,,,,,,,,,,,,,,,,,,,,not_run_mode_limit,
31,44,1364,485,0,False,,,,,False,,,,,,,,,,,,,,,,,,,,,,,,,,,,,,not_run_mode_limit,
44,31,1364,485,0,False,,,,,False,,,,,,,,,,,,,,,,,,,,,,,,,,,,,,not_run_mode_limit,
29,47,1363,486,0,False,,,,,False,,,,,,,,,,,,,,,,,,,,,,,,,,,,,,not_run_mode_limit,
47,29,1363,486,0,False,,,,,False,,,,,,,,,,,,,,,,,,,,,,,,,,,,,,not_run_mode_limit,
34,40,1360,489,0,False,,,,,False,,,,,,,,,,,,,,,,,,,,,,,,,,,,,,not_run_mode_limit,
40,34,1360,489,0,False,,,,,False,,,,,,,,,,,,,,,,,,,,,,,,,,,,,,not_run_mode_limit,
59,23,1357,492,0,False,,,,,False,,,,,,,,,,,,,,,,,,,,,,,,,,,,,,not_run_mode_limit,
33,41,1353,496,0,False,,,,,False,,,,,,,,,,,,,,,,,,,,,,,,,,,,,,not_run_mode_limit,
41,33,1353,496,0,False,,,,,False,,,,,,,,,,,,,,,,,,,,,,,,,,,,,,not_run_mode_limit,
52,26,1352,497,0,False,,,,,False,,,,,,,,,,,,,,,,,,,,,,,,,,,,,,not_run_mode_limit,
27,50,1350,499,0,False,,,,,False,,,,,,,,,,,,,,,,,,,,,,,,,,,,,,not_run_mode_limit,
30,45,1350,499,0,False,,,,,False,,,,,,,,,,,,,,,,,,,,,,,,,,,,,,not_run_mode_limit,
45,30,1350,499,0,False,,,,,False,,,,,,,,,,,,,,,,,,,,,,,,,,,,,,not_run_mode_limit,
50,27,1350,499,0,False,,,,,False,,,,,,,,,,,,,,,,,,,,,,,,,,,,,,not_run_mode_limit,
54,25,1350,499,0,False,,,,,False,,,,,,,,,,,,,,,,,,,,,,,,,,,,,,not_run_mode_limit,
28,48,1344,505,0,False,,,,,False,,,,,,,,,,,,,,,,,,,,,,,,,,,,,,not_run_mode_limit,
32,42,1344,505,0,False,,,,,False,,,,,,,,,,,,,,,,,,,,,,,,,,,,,,not_run_mode_limit,
42,32,1344,505,0,False,,,,,False,,,,,,,,,,,,,,,,,,,,,,,,,,,,,,not_run_mode_limit,
48,28,1344,505,0,False,,,,,False,,,,,,,,,,,,,,,,,,,,,,,,,,,,,,not_run_mode_limit,
56,24,1344,505,0,False,,,,,False,,,,,,,,,,,,,,,,,,,,,,,,,,,,,,not_run_mode_limit,
29,46,1334,515,0,False,,,,,False,,,,,,,,,,,,,,,,,,,,,,,,,,,,,,not_run_mode_limit,
46,29,1334,515,0,False,,,,,False,,,,,,,,,,,,,,,,,,,,,,,,,,,,,,not_run_mode_limit,
58,23,1334,515,0,False,,,,,False,,,,,,,,,,,,,,,,,,,,,,,,,,,,,,not_run_mode_limit,
31,43,1333,516,0,False,,,,,False,,,,,,,,,,,,,,,,,,,,,,,,,,,,,,not_run_mode_limit,
43,31,1333,516,0,False,,,,,False,,,,,,,,,,,,,,,,,,,,,,,,,,,,,,not_run_mode_limit,
36,37,1332,517,0,False,,,,,False,,,,,,,,,,,,,,,,,,,,,,,,,,,,,,not_run_mode_limit,
37,36,1332,517,0,False,,,,,False,,,,,,,,,,,,,,,,,,,,,,,,,,,,,,not_run_mode_limit,
35,38,1330,519,0,False,,,,,False,,,,,,,,,,,,,,,,,,,,,,,,,,,,,,not_run_mode_limit,
38,35,1330,519,0,False,,,,,False,,,,,,,,,,,,,,,,,,,,,,,,,,,,,,not_run_mode_limit,
34,39,1326,523,0,False,,,,,False,,,,,,,,,,,,,,,,,,,,,,,,,,,,,,not_run_mode_limit,
39,34,1326,523,0,False,,,,,False,,,,,,,,,,,,,,,,,,,,,,,,,,,,,,not_run_mode_limit,
51,26,1326,523,0,False,,,,,False,,,,,,,,,,,,,,,,,,,,,,,,,,,,,,not_run_mode_limit,
53,25,1325,524,0,False,,,,,False,,,,,,,,,,,,,,,,,,,,,,,,,,,,,,not_run_mode_limit,
27,49,1323,526,0,False,,,,,False,,,,,,,,,,,,,,,,,,,,,,,,,,,,,,not_run_mode_limit,
49,27,1323,526,0,False,,,,,False,,,,,,,,,,,,,,,,,,,,,,,,,,,,,,not_run_mode_limit,
30,44,1320,529,0,False,,,,,False,,,,,,,,,,,,,,,,,,,,,,,,,,,,,,not_run_mode_limit,
33,40,1320,529,0,False,,,,,False,,,,,,,,,,,,,,,,,,,,,,,,,,,,,,not_run_mode_limit,
40,33,1320,529,0,False,,,,,False,,,,,,,,,,,,,,,,,,,,,,,,,,,,,,not_run_mode_limit,
44,30,1320,529,0,False,,,,,False,,,,,,,,,,,,,,,,,,,,,,,,,,,,,,not_run_mode_limit,
55,24,1320,529,0,False,,,,,False,,,,,,,,,,,,,,,,,,,,,,,,,,,,,,not_run_mode_limit,
60,22,1320,529,0,False,,,,,False,,,,,,,,,,,,,,,,,,,,,,,,,,,,,,not_run_mode_limit,
28,47,1316,533,0,False,,,,,False,,,,,,,,,,,,,,,,,,,,,,,,,,,,,,not_run_mode_limit,
47,28,1316,533,0,False,,,,,False,,,,,,,,,,,,,,,,,,,,,,,,,,,,,,not_run_mode_limit,
32,41,1312,537,0,False,,,,,False,,,,,,,,,,,,,,,,,,,,,,,,,,,,,,not_run_mode_limit,
41,32,1312,537,0,False,,,,,False,,,,,,,,,,,,,,,,,,,,,,,,,,,,,,not_run_mode_limit,
57,23,1311,538,0,False,,,,,False,,,,,,,,,,,,,,,,,,,,,,,,,,,,,,not_run_mode_limit,
29,45,1305,544,0,False,,,,,False,,,,,,,,,,,,,,,,,,,,,,,,,,,,,,not_run_mode_limit,
45,29,1305,544,0,False,,,,,False,,,,,,,,,,,,,,,,,,,,,,,,,,,,,,not_run_mode_limit,
31,42,1302,547,0,False,,,,,False,,,,,,,,,,,,,,,,,,,,,,,,,,,,,,not_run_mode_limit,
42,31,1302,547,0,False,,,,,False,,,,,,,,,,,,,,,,,,,,,,,,,,,,,,not_run_mode_limit,
26,50,1300,549,0,False,,,,,False,,,,,,,,,,,,,,,,,,,,,,,,,,,,,,not_run_mode_limit,
50,26,1300,549,0,False,,,,,False,,,,,,,,,,,,,,,,,,,,,,,,,,,,,,not_run_mode_limit,
52,25,1300,549,0,False,,,,,False,,,,,,,,,,,,,,,,,,,,,,,,,,,,,,not_run_mode_limit,
59,22,1298,551,0,False,,,,,False,,,,,,,,,,,,,,,,,,,,,,,,,,,,,,not_run_mode_limit,
27,48,1296,553,0,False,,,,,False,,,,,,,,,,,,,,,,,,,,,,,,,,,,,,not_run_mode_limit,
36,36,1296,553,0,False,,,,,False,,,,,,,,,,,,,,,,,,,,,,,,,,,,,,not_run_mode_limit,
48,27,1296,553,0,False,,,,,False,,,,,,,,,,,,,,,,,,,,,,,,,,,,,,not_run_mode_limit,
54,24,1296,553,0,False,,,,,False,,,,,,,,,,,,,,,,,,,,,,,,,,,,,,not_run_mode_limit,
35,37,1295,554,0,False,,,,,False,,,,,,,,,,,,,,,,,,,,,,,,,,,,,,not_run_mode_limit,
37,35,1295,554,0,False,,,,,False,,,,,,,,,,,,,,,,,,,,,,,,,,,,,,not_run_mode_limit,
34,38,1292,557,0,False,,,,,False,,,,,,,,,,,,,,,,,,,,,,,,,,,,,,not_run_mode_limit,
38,34,1292,557,0,False,,,,,False,,,,,,,,,,,,,,,,,,,,,,,,,,,,,,not_run_mode_limit,
30,43,1290,559,0,False,,,,,False,,,,,,,,,,,,,,,,,,,,,,,,,,,,,,not_run_mode_limit,
43,30,1290,559,0,False,,,,,False,,,,,,,,,,,,,,,,,,,,,,,,,,,,,,not_run_mode_limit,
28,46,1288,561,0,False,,,,,False,,,,,,,,,,,,,,,,,,,,,,,,,,,,,,not_run_mode_limit,
46,28,1288,561,0,False,,,,,False,,,,,,,,,,,,,,,,,,,,,,,,,,,,,,not_run_mode_limit,
56,23,1288,561,0,False,,,,,False,,,,,,,,,,,,,,,,,,,,,,,,,,,,,,not_run_mode_limit,
33,39,1287,562,0,False,,,,,False,,,,,,,,,,,,,,,,,,,,,,,,,,,,,,not_run_mode_limit,
39,33,1287,562,0,False,,,,,False,,,,,,,,,,,,,,,,,,,,,,,,,,,,,,not_run_mode_limit,
32,40,1280,569,0,False,,,,,False,,,,,,,,,,,,,,,,,,,,,,,,,,,,,,not_run_mode_limit,
40,32,1280,569,0,False,,,,,False,,,,,,,,,,,,,,,,,,,,,,,,,,,,,,not_run_mode_limit,
29,44,1276,573,0,False,,,,,False,,,,,,,,,,,,,,,,,,,,,,,,,,,,,,not_run_mode_limit,
44,29,1276,573,0,False,,,,,False,,,,,,,,,,,,,,,,,,,,,,,,,,,,,,not_run_mode_limit,
58,22,1276,573,0,False,,,,,False,,,,,,,,,,,,,,,,,,,,,,,,,,,,,,not_run_mode_limit,
51,25,1275,574,0,False,,,,,False,,,,,,,,,,,,,,,,,,,,,,,,,,,,,,not_run_mode_limit,
26,49,1274,575,0,False,,,,,False,,,,,,,,,,,,,,,,,,,,,,,,,,,,,,not_run_mode_limit,
49,26,1274,575,0,False,,,,,False,,,,,,,,,,,,,,,,,,,,,,,,,,,,,,not_run_mode_limit,
53,24,1272,577,0,False,,,,,False,,,,,,,,,,,,,,,,,,,,,,,,,,,,,,not_run_mode_limit,
31,41,1271,578,0,False,,,,,False,,,,,,,,,,,,,,,,,,,,,,,,,,,,,,not_run_mode_limit,
41,31,1271,578,0,False,,,,,False,,,,,,,,,,,,,,,,,,,,,,,,,,,,,,not_run_mode_limit,
27,47,1269,580,0,False,,,,,False,,,,,,,,,,,,,,,,,,,,,,,,,,,,,,not_run_mode_limit,
47,27,1269,580,0,False,,,,,False,,,,,,,,,,,,,,,,,,,,,,,,,,,,,,not_run_mode_limit,
55,23,1265,584,0,False,,,,,False,,,,,,,,,,,,,,,,,,,,,,,,,,,,,,not_run_mode_limit,
28,45,1260,589,0,False,,,,,False,,,,,,,,,,,,,,,,,,,,,,,,,,,,,,not_run_mode_limit,
30,42,1260,589,0,False,,,,,False,,,,,,,,,,,,,,,,,,,,,,,,,,,,,,not_run_mode_limit,
35,36,1260,589,0,False,,,,,False,,,,,,,,,,,,,,,,,,,,,,,,,,,,,,not_run_mode_limit,
36,35,1260,589,0,False,,,,,False,,,,,,,,,,,,,,,,,,,,,,,,,,,,,,not_run_mode_limit,
42,30,1260,589,0,False,,,,,False,,,,,,,,,,,,,,,,,,,,,,,,,,,,,,not_run_mode_limit,
45,28,1260,589,0,False,,,,,False,,,,,,,,,,,,,,,,,,,,,,,,,,,,,,not_run_mode_limit,
60,21,1260,589,0,False,,,,,False,,,,,,,,,,,,,,,,,,,,,,,,,,,,,,not_run_mode_limit,
34,37,1258,591,0,False,,,,,False,,,,,,,,,,,,,,,,,,,,,,,,,,,,,,not_run_mode_limit,
37,34,1258,591,0,False,,,,,False,,,,,,,,,,,,,,,,,,,,,,,,,,,,,,not_run_mode_limit,
33,38,1254,595,0,False,,,,,False,,,,,,,,,,,,,,,,,,,,,,,,,,,,,,not_run_mode_limit,
38,33,1254,595,0,False,,,,,False,,,,,,,,,,,,,,,,,,,,,,,,,,,,,,not_run_mode_limit,
57,22,1254,595,0,False,,,,,False,,,,,,,,,,,,,,,,,,,,,,,,,,,,,,not_run_mode_limit,
25,50,1250,599,0,False,,,,,False,,,,,,,,,,,,,,,,,,,,,,,,,,,,,,not_run_mode_limit,
50,25,1250,599,0,False,,,,,False,,,,,,,,,,,,,,,,,,,,,,,,,,,,,,not_run_mode_limit,
26,48,1248,601,0,False,,,,,False,,,,,,,,,,,,,,,,,,,,,,,,,,,,,,not_run_mode_limit,
32,39,1248,601,0,False,,,,,False,,,,,,,,,,,,,,,,,,,,,,,,,,,,,,not_run_mode_limit,
39,32,1248,601,0,False,,,,,False,,,,,,,,,,,,,,,,,,,,,,,,,,,,,,not_run_mode_limit,
48,26,1248,601,0,False,,,,,False,,,,,,,,,,,,,,,,,,,,,,,,,,,,,,not_run_mode_limit,
52,24,1248,601,0,False,,,,,False,,,,,,,,,,,,,,,,,,,,,,,,,,,,,,not_run_mode_limit,
29,43,1247,602,0,False,,,,,False,,,,,,,,,,,,,,,,,,,,,,,,,,,,,,not_run_mode_limit,
43,29,1247,602,0,False,,,,,False,,,,,,,,,,,,,,,,,,,,,,,,,,,,,,not_run_mode_limit,
27,46,1242,607,0,False,,,,,False,,,,,,,,,,,,,,,,,,,,,,,,,,,,,,not_run_mode_limit,
46,27,1242,607,0,False,,,,,False,,,,,,,,,,,,,,,,,,,,,,,,,,,,,,not_run_mode_limit,
54,23,1242,607,0,False,,,,,False,,,,,,,,,,,,,,,,,,,,,,,,,,,,,,not_run_mode_limit,
31,40,1240,609,0,False,,,,,False,,,,,,,,,,,,,,,,,,,,,,,,,,,,,,not_run_mode_limit,
40,31,1240,609,0,False,,,,,False,,,,,,,,,,,,,,,,,,,,,,,,,,,,,,not_run_mode_limit,
59,21,1239,610,0,False,,,,,False,,,,,,,,,,,,,,,,,,,,,,,,,,,,,,not_run_mode_limit,
28,44,1232,617,0,False,,,,,False,,,,,,,,,,,,,,,,,,,,,,,,,,,,,,not_run_mode_limit,
44,28,1232,617,0,False,,,,,False,,,,,,,,,,,,,,,,,,,,,,,,,,,,,,not_run_mode_limit,
56,22,1232,617,0,False,,,,,False,,,,,,,,,,,,,,,,,,,,,,,,,,,,,,not_run_mode_limit,
30,41,1230,619,0,False,,,,,False,,,,,,,,,,,,,,,,,,,,,,,,,,,,,,not_run_mode_limit,
41,30,1230,619,0,False,,,,,False,,,,,,,,,,,,,,,,,,,,,,,,,,,,,,not_run_mode_limit,
25,49,1225,624,0,False,,,,,False,,,,,,,,,,,,,,,,,,,,,,,,,,,,,,not_run_mode_limit,
35,35,1225,624,0,False,,,,,False,,,,,,,,,,,,,,,,,,,,,,,,,,,,,,not_run_mode_limit,
49,25,1225,624,0,False,,,,,False,,,,,,,,,,,,,,,,,,,,,,,,,,,,,,not_run_mode_limit,
34,36,1224,625,0,False,,,,,False,,,,,,,,,,,,,,,,,,,,,,,,,,,,,,not_run_mode_limit,
36,34,1224,625,0,False,,,,,False,,,,,,,,,,,,,,,,,,,,,,,,,,,,,,not_run_mode_limit,
51,24,1224,625,0,False,,,,,False,,,,,,,,,,,,,,,,,,,,,,,,,,,,,,not_run_mode_limit,
26,47,1222,627,0,False,,,,,False,,,,,,,,,,,,,,,,,,,,,,,,,,,,,,not_run_mode_limit,
47,26,1222,627,0,False,,,,,False,,,,,,,,,,,,,,,,,,,,,,,,,,,,,,not_run_mode_limit,
33,37,1221,628,0,False,,,,,False,,,,,,,,,,,,,,,,,,,,,,,,,,,,,,not_run_mode_limit,
37,33,1221,628,0,False,,,,,False,,,,,,,,,,,,,,,,,,,,,,,,,,,,,,not_run_mode_limit,
53,23,1219,630,0,False,,,,,False,,,,,,,,,,,,,,,,,,,,,,,,,,,,,,not_run_mode_limit,
29,42,1218,631,0,False,,,,,False,,,,,,,,,,,,,,,,,,,,,,,,,,,,,,not_run_mode_limit,
42,29,1218,631,0,False,,,,,False,,,,,,,,,,,,,,,,,,,,,,,,,,,,,,not_run_mode_limit,
58,21,1218,631,0,False,,,,,False,,,,,,,,,,,,,,,,,,,,,,,,,,,,,,not_run_mode_limit,
32,38,1216,633,0,False,,,,,False,,,,,,,,,,,,,,,,,,,,,,,,,,,,,,not_run_mode_limit,
38,32,1216,633,0,False,,,,,False,,,,,,,,,,,,,,,,,,,,,,,,,,,,,,not_run_mode_limit,
27,45,1215,634,0,False,,,,,False,,,,,,,,,,,,,,,,,,,,,,,,,,,,,,not_run_mode_limit,
45,27,1215,634,0,False,,,,,False,,,,,,,,,,,,,,,,,,,,,,,,,,,,,,not_run_mode_limit,
55,22,1210,639,0,False,,,,,False,,,,,,,,,,,,,,,,,,,,,,,,,,,,,,not_run_mode_limit,
31,39,1209,640,0,False,,,,,False,,,,,,,,,,,,,,,,,,,,,,,,,,,,,,not_run_mode_limit,
39,31,1209,640,0,False,,,,,False,,,,,,,,,,,,,,,,,,,,,,,,,,,,,,not_run_mode_limit,
28,43,1204,645,0,False,,,,,False,,,,,,,,,,,,,,,,,,,,,,,,,,,,,,not_run_mode_limit,
43,28,1204,645,0,False,,,,,False,,,,,,,,,,,,,,,,,,,,,,,,,,,,,,not_run_mode_limit,
24,50,1200,649,0,False,,,,,False,,,,,,,,,,,,,,,,,,,,,,,,,,,,,,not_run_mode_limit,
25,48,1200,649,0,False,,,,,False,,,,,,,,,,,,,,,,,,,,,,,,,,,,,,not_run_mode_limit,
30,40,1200,649,0,False,,,,,False,,,,,,,,,,,,,,,,,,,,,,,,,,,,,,not_run_mode_limit,
40,30,1200,649,0,False,,,,,False,,,,,,,,,,,,,,,,,,,,,,,,,,,,,,not_run_mode_limit,
48,25,1200,649,0,False,,,,,False,,,,,,,,,,,,,,,,,,,,,,,,,,,,,,not_run_mode_limit,
50,24,1200,649,0,False,,,,,False,,,,,,,,,,,,,,,,,,,,,,,,,,,,,,not_run_mode_limit,
60,20,1200,649,0,False,,,,,False,,,,,,,,,,,,,,,,,,,,,,,,,,,,,,not_run_mode_limit,
57,21,1197,652,0,False,,,,,False,,,,,,,,,,,,,,,,,,,,,,,,,,,,,,not_run_mode_limit,
26,46,1196,653,0,False,,,,,False,,,,,,,,,,,,,,,,,,,,,,,,,,,,,,not_run_mode_limit,
46,26,1196,653,0,False,,,,,False,,,,,,,,,,,,,,,,,,,,,,,,,,,,,,not_run_mode_limit,
52,23,1196,653,0,False,,,,,False,,,,,,,,,,,,,,,,,,,,,,,,,,,,,,not_run_mode_limit,
34,35,1190,659,0,False,,,,,False,,,,,,,,,,,,,,,,,,,,,,,,,,,,,,not_run_mode_limit,
35,34,1190,659,0,False,,,,,False,,,,,,,,,,,,,,,,,,,,,,,,,,,,,,not_run_mode_limit,
29,41,1189,660,0,False,,,,,False,,,,,,,,,,,,,,,,,,,,,,,,,,,,,,not_run_mode_limit,
41,29,1189,660,0,False,,,,,False,,,,,,,,,,,,,,,,,,,,,,,,,,,,,,not_run_mode_limit,
27,44,1188,661,0,False,,,,,False,,,,,,,,,,,,,,,,,,,,,,,,,,,,,,not_run_mode_limit,
33,36,1188,661,0,False,,,,,False,,,,,,,,,,,,,,,,,,,,,,,,,,,,,,not_run_mode_limit,
36,33,1188,661,0,False,,,,,False,,,,,,,,,,,,,,,,,,,,,,,,,,,,,,not_run_mode_limit,
44,27,1188,661,0,False,,,,,False,,,,,,,,,,,,,,,,,,,,,,,,,,,,,,not_run_mode_limit,
54,22,1188,661,0,False,,,,,False,,,,,,,,,,,,,,,,,,,,,,,,,,,,,,not_run_mode_limit,
32,37,1184,665,0,False,,,,,False,,,,,,,,,,,,,,,,,,,,,,,,,,,,,,not_run_mode_limit,
37,32,1184,665,0,False,,,,,False,,,,,,,,,,,,,,,,,,,,,,,,,,,,,,not_run_mode_limit,
59,20,1180,669,0,False,,,,,False,,,,,,,,,,,,,,,,,,,,,,,,,,,,,,not_run_mode_limit,
31,38,1178,671,0,False,,,,,False,,,,,,,,,,,,,,,,,,,,,,,,,,,,,,not_run_mode_limit,
38,31,1178,671,0,False,,,,,False,,,,,,,,,,,,,,,,,,,,,,,,,,,,,,not_run_mode_limit,
24,49,1176,673,0,False,,,,,False,,,,,,,,,,,,,,,,,,,,,,,,,,,,,,not_run_mode_limit,
28,42,1176,673,0,False,,,,,False,,,,,,,,,,,,,,,,,,,,,,,,,,,,,,not_run_mode_limit,
42,28,1176,673,0,False,,,,,False,,,,,,,,,,,,,,,,,,,,,,,,,,,,,,not_run_mode_limit,
49,24,1176,673,0,False,,,,,False,,,,,,,,,,,,,,,,,,,,,,,,,,,,,,not_run_mode_limit,
56,21,1176,673,0,False,,,,,False,,,,,,,,,,,,,,,,,,,,,,,,,,,,,,not_run_mode_limit,
25,47,1175,674,0,False,,,,,False,,,,,,,,,,,,,,,,,,,,,,,,,,,,,,not_run_mode_limit,
47,25,1175,674,0,False,,,,,False,,,,,,,,,,,,,,,,,,,,,,,,,,,,,,not_run_mode_limit,
51,23,1173,676,0,False,,,,,False,,,,,,,,,,,,,,,,,,,,,,,,,,,,,,not_run_mode_limit,
26,45,1170,679,0,False,,,,,False,,,,,,,,,,,,,,,,,,,,,,,,,,,,,,not_run_mode_limit,
30,39,1170,679,0,False,,,,,False,,,,,,,,,,,,,,,,,,,,,,,,,,,,,,not_run_mode_limit,
39,30,1170,679,0,False,,,,,False,,,,,,,,,,,,,,,,,,,,,,,,,,,,,,not_run_mode_limit,
45,26,1170,679,0,False,,,,,False,,,,,,,,,,,,,,,,,,,,,,,,,,,,,,not_run_mode_limit,
53,22,1166,683,0,False,,,,,False,,,,,,,,,,,,,,,,,,,,,,,,,,,,,,not_run_mode_limit,
27,43,1161,688,0,False,,,,,False,,,,,,,,,,,,,,,,,,,,,,,,,,,,,,not_run_mode_limit,
43,27,1161,688,0,False,,,,,False,,,,,,,,,,,,,,,,,,,,,,,,,,,,,,not_run_mode_limit,
29,40,1160,689,0,False,,,,,False,,,,,,,,,,,,,,,,,,,,,,,,,,,,,,not_run_mode_limit,
40,29,1160,689,0,False,,,,,False,,,,,,,,,,,,,,,,,,,,,,,,,,,,,,not_run_mode_limit,
58,20,1160,689,0,False,,,,,False,,,,,,,,,,,,,,,,,,,,,,,,,,,,,,not_run_mode_limit,
34,34,1156,693,0,False,,,,,False,,,,,,,,,,,,,,,,,,,,,,,,,,,,,,not_run_mode_limit,
33,35,1155,694,0,False,,,,,False,,,,,,,,,,,,,,,,,,,,,,,,,,,,,,not_run_mode_limit,
35,33,1155,694,0,False,,,,,False,,,,,,,,,,,,,,,,,,,,,,,,,,,,,,not_run_mode_limit,
55,21,1155,694,0,False,,,,,False,,,,,,,,,,,,,,,,,,,,,,,,,,,,,,not_run_mode_limit,
24,48,1152,697,0,False,,,,,False,,,,,,,,,,,,,,,,,,,,,,,,,,,,,,not_run_mode_limit,
32,36,1152,697,0,False,,,,,False,,,,,,,,,,,,,,,,,,,,,,,,,,,,,,not_run_mode_limit,
36,32,1152,697,0,False,,,,,False,,,,,,,,,,,,,,,,,,,,,,,,,,,,,,not_run_mode_limit,
48,24,1152,697,0,False,,,,,False,,,,,,,,,,,,,,,,,,,,,,,,,,,,,,not_run_mode_limit,
23,50,1150,699,0,False,,,,,False,,,,,,,,,,,,,,,,,,,,,,,,,,,,,,not_run_mode_limit,
25,46,1150,699,0,False,,,,,False,,,,,,,,,,,,,,,,,,,,,,,,,,,,,,not_run_mode_limit,
46,25,1150,699,0,False,,,,,False,,,,,,,,,,,,,,,,,,,,,,,,,,,,,,not_run_mode_limit,
50,23,1150,699,0,False,,,,,False,,,,,,,,,,,,,,,,,,,,,,,,,,,,,,not_run_mode_limit,
28,41,1148,701,0,False,,,,,False,,,,,,,,,,,,,,,,,,,,,,,,,,,,,,not_run_mode_limit,
41,28,1148,701,0,False,,,,,False,,,,,,,,,,,,,,,,,,,,,,,,,,,,,,not_run_mode_limit,
31,37,1147,702,0,False,,,,,False,,,,,,,,,,,,,,,,,,,,,,,,,,,,,,not_run_mode_limit,
37,31,1147,702,0,False,,,,,False,,,,,,,,,,,,,,,,,,,,,,,,,,,,,,not_run_mode_limit,
26,44,1144,705,0,False,,,,,False,,,,,,,,,,,,,,,,,,,,,,,,,,,,,,not_run_mode_limit,
44,26,1144,705,0,False,,,,,False,,,,,,,,,,,,,,,,,,,,,,,,,,,,,,not_run_mode_limit,
52,22,1144,705,0,False,,,,,False,,,,,,,,,,,,,,,,,,,,,,,,,,,,,,not_run_mode_limit,
30,38,1140,709,0,False,,,,,False,,,,,,,,,,,,,,,,,,,,,,,,,,,,,,not_run_mode_limit,
38,30,1140,709,0,False,,,,,False,,,,,,,,,,,,,,,,,,,,,,,,,,,,,,not_run_mode_limit,
57,20,1140,709,0,False,,,,,False,,,,,,,,,,,,,,,,,,,,,,,,,,,,,,not_run_mode_limit,
60,19,1140,709,0,False,,,,,False,,,,,,,,,,,,,,,,,,,,,,,,,,,,,,not_run_mode_limit,
27,42,1134,715,0,False,,,,,False,,,,,,,,,,,,,,,,,,,,,,,,,,,,,,not_run_mode_limit,
42,27,1134,715,0,False,,,,,False,,,,,,,,,,,,,,,,,,,,,,,,,,,,,,not_run_mode_limit,
54,21,1134,715,0,False,,,,,False,,,,,,,,,,,,,,,,,,,,,,,,,,,,,,not_run_mode_limit,
29,39,1131,718,0,False,,,,,False,,,,,,,,,,,,,,,,,,,,,,,,,,,,,,not_run_mode_limit,
39,29,1131,718,0,False,,,,,False,,,,,,,,,,,,,,,,,,,,,,,,,,,,,,not_run_mode_limit,
24,47,1128,721,0,False,,,,,False,,,,,,,,,,,,,,,,,,,,,,,,,,,,,,not_run_mode_limit,
47,24,1128,721,0,False,,,,,False,,,,,,,,,,,,,,,,,,,,,,,,,,,,,,not_run_mode_limit,
23,49,1127,722,0,False,,,,,False,,,,,,,,,,,,,,,,,,,,,,,,,,,,,,not_run_mode_limit,
49,23,1127,722,0,False,,,,,False,,,,,,,,,,,,,,,,,,,,,,,,,,,,,,not_run_mode_limit,
25,45,1125,724,0,False,,,,,False,,,,,,,,,,,,,,,,,,,,,,,,,,,,,,not_run_mode_limit,
45,25,1125,724,0,False,,,,,False,,,,,,,,,,,,,,,,,,,,,,,,,,,,,,not_run_mode_limit,
33,34,1122,727,0,False,,,,,False,,,,,,,,,,,,,,,,,,,,,,,,,,,,,,not_run_mode_limit,
34,33,1122,727,0,False,,,,,False,,,,,,,,,,,,,,,,,,,,,,,,,,,,,,not_run_mode_limit,
51,22,1122,727,0,False,,,,,False,,,,,,,,,,,,,,,,,,,,,,,,,,,,,,not_run_mode_limit,
59,19,1121,728,0,False,,,,,False,,,,,,,,,,,,,,,,,,,,,,,,,,,,,,not_run_mode_limit,
28,40,1120,729,0,False,,,,,False,,,,,,,,,,,,,,,,,,,,,,,,,,,,,,not_run_mode_limit,
32,35,1120,729,0,False,,,,,False,,,,,,,,,,,,,,,,,,,,,,,,,,,,,,not_run_mode_limit,
35,32,1120,729,0,False,,,,,False,,,,,,,,,,,,,,,,,,,,,,,,,,,,,,not_run_mode_limit,
40,28,1120,729,0,False,,,,,False,,,,,,,,,,,,,,,,,,,,,,,,,,,,,,not_run_mode_limit,
56,20,1120,729,0,False,,,,,False,,,,,,,,,,,,,,,,,,,,,,,,,,,,,,not_run_mode_limit,
26,43,1118,731,0,False,,,,,False,,,,,,,,,,,,,,,,,,,,,,,,,,,,,,not_run_mode_limit,
43,26,1118,731,0,False,,,,,False,,,,,,,,,,,,,,,,,,,,,,,,,,,,,,not_run_mode_limit,
31,36,1116,733,0,False,,,,,False,,,,,,,,,,,,,,,,,,,,,,,,,,,,,,not_run_mode_limit,
36,31,1116,733,0,False,,,,,False,,,,,,,,,,,,,,,,,,,,,,,,,,,,,,not_run_mode_limit,
53,21,1113,736,0,False,,,,,False,,,,,,,,,,,,,,,,,,,,,,,,,,,,,,not_run_mode_limit,
30,37,1110,739,0,False,,,,,False,,,,,,,,,,,,,,,,,,,,,,,,,,,,,,not_run_mode_limit,
37,30,1110,739,0,False,,,,,False,,,,,,,,,,,,,,,,,,,,,,,,,,,,,,not_run_mode_limit,
27,41,1107,742,0,False,,,,,False,,,,,,,,,,,,,,,,,,,,,,,,,,,,,,not_run_mode_limit,
41,27,1107,742,0,False,,,,,False,,,,,,,,,,,,,,,,,,,,,,,,,,,,,,not_run_mode_limit,
23,48,1104,745,0,False,,,,,False,,,,,,,,,,,,,,,,,,,,,,,,,,,,,,not_run_mode_limit,
24,46,1104,745,0,False,,,,,False,,,,,,,,,,,,,,,,,,,,,,,,,,,,,,not_run_mode_limit,
46,24,1104,745,0,False,,,,,False,,,,,,,,,,,,,,,,,,,,,,,,,,,,,,not_run_mode_limit,
48,23,1104,745,0,False,,,,,False,,,,,,,,,,,,,,,,,,,,,,,,,,,,,,not_run_mode_limit,
29,38,1102,747,0,False,,,,,False,,,,,,,,,,,,,,,,,,,,,,,,,,,,,,not_run_mode_limit,
38,29,1102,747,0,False,,,,,False,,,,,,,,,,,,,,,,,,,,,,,,,,,,,,not_run_mode_limit,
58,19,1102,747,0,False,,,,,False,,,,,,,,,,,,,,,,,,,,,,,,,,,,,,not_run_mode_limit,
22,50,1100,749,0,False,,,,,False,,,,,,,,,,,,,,,,,,,,,,,,,,,,,,not_run_mode_limit,
25,44,1100,749,0,False,,,,,False,,,,,,,,,,,,,,,,,,,,,,,,,,,,,,not_run_mode_limit,
44,25,1100,749,0,False,,,,,False,,,,,,,,,,,,,,,,,,,,,,,,,,,,,,not_run_mode_limit,
50,22,1100,749,0,False,,,,,False,,,,,,,,,,,,,,,,,,,,,,,,,,,,,,not_run_mode_limit,
55,20,1100,749,0,False,,,,,False,,,,,,,,,,,,,,,,,,,,,,,,,,,,,,not_run_mode_limit,
26,42,1092,757,0,False,,,,,False,,,,,,,,,,,,,,,,,,,,,,,,,,,,,,not_run_mode_limit,
28,39,1092,757,0,False,,,,,False,,,,,,,,,,,,,,,,,,,,,,,,,,,,,,not_run_mode_limit,
39,28,1092,757,0,False,,,,,False,,,,,,,,,,,,,,,,,,,,,,,,,,,,,,not_run_mode_limit,
42,26,1092,757,0,False,,,,,False,,,,,,,,,,,,,,,,,,,,,,,,,,,,,,not_run_mode_limit,
52,21,1092,757,0,False,,,,,False,,,,,,,,,,,,,,,,,,,,,,,,,,,,,,not_run_mode_limit,
33,33,1089,760,0,False,,,,,False,,,,,,,,,,,,,,,,,,,,,,,,,,,,,,not_run_mode_limit,
32,34,1088,761,0,False,,,,,False,,,,,,,,,,,,,,,,,,,,,,,,,,,,,,not_run_mode_limit,
34,32,1088,761,0,False,,,,,False,,,,,,,,,,,,,,,,,,,,,,,,,,,,,,not_run_mode_limit,
31,35,1085,764,0,False,,,,,False,,,,,,,,,,,,,,,,,,,,,,,,,,,,,,not_run_mode_limit,
35,31,1085,764,0,False,,,,,False,,,,,,,,,,,,,,,,,,,,,,,,,,,,,,not_run_mode_limit,
57,19,1083,766,0,False,,,,,False,,,,,,,,,,,,,,,,,,,,,,,,,,,,,,not_run_mode_limit,
23,47,1081,768,0,False,,,,,False,,,,,,,,,,,,,,,,,,,,,,,,,,,,,,not_run_mode_limit,
47,23,1081,768,0,False,,,,,False,,,,,,,,,,,,,,,,,,,,,,,,,,,,,,not_run_mode_limit,
24,45,1080,769,0,False,,,,,False,,,,,,,,,,,,,,,,,,,,,,,,,,,,,,not_run_mode_limit,
27,40,1080,769,0,False,,,,,False,,,,,,,,,,,,,,,,,,,,,,,,,,,,,,not_run_mode_limit,
30,36,1080,769,0,False,,,,,False,,,,,,,,,,,,,,,,,,,,,,,,,,,,,,not_run_mode_limit,
36,30,1080,769,0,False,,,,,False,,,,,,,,,,,,,,,,,,,,,,,,,,,,,,not_run_mode_limit,
40,27,1080,769,0,False,,,,,False,,,,,,,,,,,,,,,,,,,,,,,,,,,,,,not_run_mode_limit,
45,24,1080,769,0,False,,,,,False,,,,,,,,,,,,,,,,,,,,,,,,,,,,,,not_run_mode_limit,
54,20,1080,769,0,False,,,,,False,,,,,,,,,,,,,,,,,,,,,,,,,,,,,,not_run_mode_limit,
60,18,1080,769,0,False,,,,,False,,,,,,,,,,,,,,,,,,,,,,,,,,,,,,not_run_mode_limit,
22,49,1078,771,0,False,,,,,False,,,,,,,,,,,,,,,,,,,,,,,,,,,,,,not_run_mode_limit,
49,22,1078,771,0,False,,,,,False,,,,,,,,,,,,,,,,,,,,,,,,,,,,,,not_run_mode_limit,
25,43,1075,774,0,False,,,,,False,,,,,,,,,,,,,,,,,,,,,,,,,,,,,,not_run_mode_limit,
43,25,1075,774,0,False,,,,,False,,,,,,,,,,,,,,,,,,,,,,,,,,,,,,not_run_mode_limit,
29,37,1073,776,0,False,,,,,False,,,,,,,,,,,,,,,,,,,,,,,,,,,,,,not_run_mode_limit,
37,29,1073,776,0,False,,,,,False,,,,,,,,,,,,,,,,,,,,,,,,,,,,,,not_run_mode_limit,
51,21,1071,778,0,False,,,,,False,,,,,,,,,,,,,,,,,,,,,,,,,,,,,,not_run_mode_limit,
26,41,1066,783,0,False,,,,,False,,,,,,,,,,,,,,,,,,,,,,,,,,,,,,not_run_mode_limit,
41,26,1066,783,0,False,,,,,False,,,,,,,,,,,,,,,,,,,,,,,,,,,,,,not_run_mode_limit,
28,38,1064,785,0,False,,,,,False,,,,,,,,,,,,,,,,,,,,,,,,,,,,,,not_run_mode_limit,
38,28,1064,785,0,False,,,,,False,,,,,,,,,,,,,,,,,,,,,,,,,,,,,,not_run_mode_limit,
56,19,1064,785,0,False,,,,,False,,,,,,,,,,,,,,,,,,,,,,,,,,,,,,not_run_mode_limit,
59,18,1062,787,0,False,,,,,False,,,,,,,,,,,,,,,,,,,,,,,,,,,,,,not_run_mode_limit,
53,20,1060,789,0,False,,,,,False,,,,,,,,,,,,,,,,,,,,,,,,,,,,,,not_run_mode_limit,
23,46,1058,791,0,False,,,,,False,,,,,,,,,,,,,,,,,,,,,,,,,,,,,,not_run_mode_limit,
46,23,1058,791,0,False,,,,,False,,,,,,,,,,,,,,,,,,,,,,,,,,,,,,not_run_mode_limit,
22,48,1056,793,0,False,,,,,False,,,,,,,,,,,,,,,,,,,,,,,,,,,,,,not_run_mode_limit,
24,44,1056,793,0,False,,,,,False,,,,,,,,,,,,,,,,,,,,,,,,,,,,,,not_run_mode_limit,
32,33,1056,793,0,False,,,,,False,,,,,,,,,,,,,,,,,,,,,,,,,,,,,,not_run_mode_limit,
33,32,1056,793,0,False,,,,,False,,,,,,,,,,,,,,,,,,,,,,,,,,,,,,not_run_mode_limit,
44,24,1056,793,0,False,,,,,False,,,,,,,,,,,,,,,,,,,,,,,,,,,,,,not_run_mode_limit,
48,22,1056,793,0,False,,,,,False,,,,,,,,,,,,,,,,,,,,,,,,,,,,,,not_run_mode_limit,
31,34,1054,795,0,False,,,,,False,,,,,,,,,,,,,,,,,,,,,,,,,,,,,,not_run_mode_limit,
34,31,1054,795,0,False,,,,,False,,,,,,,,,,,,,,,,,,,,,,,,,,,,,,not_run_mode_limit,
27,39,1053,796,0,False,,,,,False,,,,,,,,,,,,,,,,,,,,,,,,,,,,,,not_run_mode_limit,
39,27,1053,796,0,False,,,,,False,,,,,,,,,,,,,,,,,,,,,,,,,,,,,,not_run_mode_limit,
21,50,1050,799,0,False,,,,,False,,,,,,,,,,,,,,,,,,,,,,,,,,,,,,not_run_mode_limit,
25,42,1050,799,0,False,,,,,False,,,,,,,,,,,,,,,,,,,,,,,,,,,,,,not_run_mode_limit,
30,35,1050,799,0,False,,,,,False,,,,,,,,,,,,,,,,,,,,,,,,,,,,,,not_run_mode_limit,
35,30,1050,799,0,False,,,,,False,,,,,,,,,,,,,,,,,,,,,,,,,,,,,,not_run_mode_limit,
42,25,1050,799,0,False,,,,,False,,,,,,,,,,,,,,,,,,,,,,,,,,,,,,not_run_mode_limit,
50,21,1050,799,0,False,,,,,False,,,,,,,,,,,,,,,,,,,,,,,,,,,,,,not_run_mode_limit,
55,19,1045,804,0,False,,,,,False,,,,,,,,,,,,,,,,,,,,,,,,,,,,,,not_run_mode_limit,
29,36,1044,805,0,False,,,,,False,,,,,,,,,,,,,,,,,,,,,,,,,,,,,,not_run_mode_limit,
36,29,1044,805,0,False,,,,,False,,,,,,,,,,,,,,,,,,,,,,,,,,,,,,not_run_mode_limit,
58,18,1044,805,0,False,,,,,False,,,,,,,,,,,,,,,,,,,,,,,,,,,,,,not_run_mode_limit,
26,40,1040,809,0,False,,,,,False,,,,,,,,,,,,,,,,,,,,,,,,,,,,,,not_run_mode_limit,
40,26,1040,809,0,False,,,,,False,,,,,,,,,,,,,,,,,,,,,,,,,,,,,,not_run_mode_limit,
52,20,1040,809,0,False,,,,,False,,,,,,,,,,,,,,,,,,,,,,,,,,,,,,not_run_mode_limit,
28,37,1036,813,0,False,,,,,False,,,,,,,,,,,,,,,,,,,,,,,,,,,,,,not_run_mode_limit,
37,28,1036,813,0,False,,,,,False,,,,,,,,,,,,,,,,,,,,,,,,,,,,,,not_run_mode_limit,
23,45,1035,814,0,False,,,,,False,,,,,,,,,,,,,,,,,,,,,,,,,,,,,,not_run_mode_limit,
45,23,1035,814,0,False,,,,,False,,,,,,,,,,,,,,,,,,,,,,,,,,,,,,not_run_mode_limit,
22,47,1034,815,0,False,,,,,False,,,,,,,,,,,,,,,,,,,,,,,,,,,,,,not_run_mode_limit,
47,22,1034,815,0,False,,,,,False,,,,,,,,,,,,,,,,,,,,,,,,,,,,,,not_run_mode_limit,
24,43,1032,817,0,False,,,,,False,,,,,,,,,,,,,,,,,,,,,,,,,,,,,,not_run_mode_limit,
43,24,1032,817,0,False,,,,,False,,,,,,,,,,,,,,,,,,,,,,,,,,,,,,not_run_mode_limit,
21,49,1029,820,0,False,,,,,False,,,,,,,,,,,,,,,,,,,,,,,,,,,,,,not_run_mode_limit,
49,21,1029,820,0,False,,,,,False,,,,,,,,,,,,,,,,,,,,,,,,,,,,,,not_run_mode_limit,
27,38,1026,823,0,False,,,,,False,,,,,,,,,,,,,,,,,,,,,,,,,,,,,,not_run_mode_limit,
38,27,1026,823,0,False,,,,,False,,,,,,,,,,,,,,,,,,,,,,,,,,,,,,not_run_mode_limit,
54,19,1026,823,0,False,,,,,False,,,,,,,,,,,,,,,,,,,,,,,,,,,,,,not_run_mode_limit,
57,18,1026,823,0,False,,,,,False,,,,,,,,,,,,,,,,,,,,,,,,,,,,,,not_run_mode_limit,
25,41,1025,824,0,False,,,,,False,,,,,,,,,,,,,,,,,,,,,,,,,,,,,,not_run_mode_limit,
41,25,1025,824,0,False,,,,,False,,,,,,,,,,,,,,,,,,,,,,,,,,,,,,not_run_mode_limit,
32,32,1024,825,0,False,,,,,False,,,,,,,,,,,,,,,,,,,,,,,,,,,,,,not_run_mode_limit,
31,33,1023,826,0,False,,,,,False,,,,,,,,,,,,,,,,,,,,,,,,,,,,,,not_run_mode_limit,
33,31,1023,826,0,False,,,,,False,,,,,,,,,,,,,,,,,,,,,,,,,,,,,,not_run_mode_limit,
30,34,1020,829,0,False,,,,,False,,,,,,,,,,,,,,,,,,,,,,,,,,,,,,not_run_mode_limit,
34,30,1020,829,0,False,,,,,False,,,,,,,,,,,,,,,,,,,,,,,,,,,,,,not_run_mode_limit,
51,20,1020,829,0,False,,,,,False,,,,,,,,,,,,,,,,,,,,,,,,,,,,,,not_run_mode_limit,
60,17,1020,829,0,False,,,,,False,,,,,,,,,,,,,,,,,,,,,,,,,,,,,,not_run_mode_limit,
29,35,1015,834,0,False,,,,,False,,,,,,,,,,,,,,,,,,,,,,,,,,,,,,not_run_mode_limit,
35,29,1015,834,0,False,,,,,False,,,,,,,,,,,,,,,,,,,,,,,,,,,,,,not_run_mode_limit,
26,39,1014,835,0,False,,,,,False,,,,,,,,,,,,,,,,,,,,,,,,,,,,,,not_run_mode_limit,
39,26,1014,835,0,False,,,,,False,,,,,,,,,,,,,,,,,,,,,,,,,,,,,,not_run_mode_limit,
22,46,1012,837,0,False,,,,,False,,,,,,,,,,,,,,,,,,,,,,,,,,,,,,not_run_mode_limit,
23,44,1012,837,0,False,,,,,False,,,,,,,,,,,,,,,,,,,,,,,,,,,,,,not_run_mode_limit,
44,23,1012,837,0,False,,,,,False,,,,,,,,,,,,,,,,,,,,,,,,,,,,,,not_run_mode_limit,
46,22,1012,837,0,False,,,,,False,,,,,,,,,,,,,,,,,,,,,,,,,,,,,,not_run_mode_limit,
21,48,1008,841,0,False,,,,,False,,,,,,,,,,,,,,,,,,,,,,,,,,,,,,not_run_mode_limit,
24,42,1008,841,0,False,,,,,False,,,,,,,,,,,,,,,,,,,,,,,,,,,,,,not_run_mode_limit,
28,36,1008,841,0,False,,,,,False,,,,,,,,,,,,,,,,,,,,,,,,,,,,,,not_run_mode_limit,
36,28,1008,841,0,False,,,,,False,,,,,,,,,,,,,,,,,,,,,,,,,,,,,,not_run_mode_limit,
42,24,1008,841,0,False,,,,,False,,,,,,,,,,,,,,,,,,,,,,,,,,,,,,not_run_mode_limit,
48,21,1008,841,0,False,,,,,False,,,,,,,,,,,,,,,,,,,,,,,,,,,,,,not_run_mode_limit,
56,18,1008,841,0,False,,,,,False,,,,,,,,,,,,,,,,,,,,,,,,,,,,,,not_run_mode_limit,
53,19,1007,842,0,False,,,,,False,,,,,,,,,,,,,,,,,,,,,,,,,,,,,,not_run_mode_limit,
59,17,1003,846,0,False,,,,,False,,,,,,,,,,,,,,,,,,,,,,,,,,,,,,not_run_mode_limit,
20,50,1000,849,0,False,,,,,False,,,,,,,,,,,,,,,,,,,,,,,,,,,,,,not_run_mode_limit,
25,40,1000,849,0,False,,,,,False,,,,,,,,,,,,,,,,,,,,,,,,,,,,,,not_run_mode_limit,
40,25,1000,849,0,False,,,,,False,,,,,,,,,,,,,,,,,,,,,,,,,,,,,,not_run_mode_limit,
50,20,1000,849,0,False,,,,,False,,,,,,,,,,,,,,,,,,,,,,,,,,,,,,not_run_mode_limit,
27,37,999,850,0,False,,,,,False,,,,,,,,,,,,,,,,,,,,,,,,,,,,,,not_run_mode_limit,
37,27,999,850,0,False,,,,,False,,,,,,,,,,,,,,,,,,,,,,,,,,,,,,not_run_mode_limit,
31,32,992,857,0,False,,,,,False,,,,,,,,,,,,,,,,,,,,,,,,,,,,,,not_run_mode_limit,
32,31,992,857,0,False,,,,,False,,,,,,,,,,,,,,,,,,,,,,,,,,,,,,not_run_mode_limit,
22,45,990,859,0,False,,,,,False,,,,,,,,,,,,,,,,,,,,,,,,,,,,,,not_run_mode_limit,
30,33,990,859,0,False,,,,,False,,,,,,,,,,,,,,,,,,,,,,,,,,,,,,not_run_mode_limit,
33,30,990,859,0,False,,,,,False,,,,,,,,,,,,,,,,,,,,,,,,,,,,,,not_run_mode_limit,
45,22,990,859,0,False,,,,,False,,,,,,,,,,,,,,,,,,,,,,,,,,,,,,not_run_mode_limit,
55,18,990,859,0,False,,,,,False,,,,,,,,,,,,,,,,,,,,,,,,,,,,,,not_run_mode_limit,
23,43,989,860,0,False,,,,,False,,,,,,,,,,,,,,,,,,,,,,,,,,,,,,not_run_mode_limit,
43,23,989,860,0,False,,,,,False,,,,,,,,,,,,,,,,,,,,,,,,,,,,,,not_run_mode_limit,
26,38,988,861,0,False,,,,,False,,,,,,,,,,,,,,,,,,,,,,,,,,,,,,not_run_mode_limit,
38,26,988,861,0,False,,,,,False,,,,,,,,,,,,,,,,,,,,,,,,,,,,,,not_run_mode_limit,
52,19,988,861,0,False,,,,,False,,,,,,,,,,,,,,,,,,,,,,,,,,,,,,not_run_mode_limit,
21,47,987,862,0,False,,,,,False,,,,,,,,,,,,,,,,,,,,,,,,,,,,,,not_run_mode_limit,
47,21,987,862,0,False,,,,,False,,,,,,,,,,,,,,,,,,,,,,,,,,,,,,not_run_mode_limit,
29,34,986,863,0,False,,,,,False,,,,,,,,,,,,,,,,,,,,,,,,,,,,,,not_run_mode_limit,
34,29,986,863,0,False,,,,,False,,,,,,,,,,,,,,,,,,,,,,,,,,,,,,not_run_mode_limit,
58,17,986,863,0,False,,,,,False,,,,,,,,,,,,,,,,,,,,,,,,,,,,,,not_run_mode_limit,
24,41,984,865,0,False,,,,,False,,,,,,,,,,,,,,,,,,,,,,,,,,,,,,not_run_mode_limit,
41,24,984,865,0,False,,,,,False,,,,,,,,,,,,,,,,,,,,,,,,,,,,,,not_run_mode_limit,
20,49,980,869,0,False,,,,,False,,,,,,,,,,,,,,,,,,,,,,,,,,,,,,not_run_mode_limit,
28,35,980,869,0,False,,,,,False,,,,,,,,,,,,,,,,,,,,,,,,,,,,,,not_run_mode_limit,
35,28,980,869,0,False,,,,,False,,,,,,,,,,,,,,,,,,,,,,,,,,,,,,not_run_mode_limit,
49,20,980,869,0,False,,,,,False,,,,,,,,,,,,,,,,,,,,,,,,,,,,,,not_run_mode_limit,
25,39,975,874,0,False,,,,,False,,,,,,,,,,,,,,,,,,,,,,,,,,,,,,not_run_mode_limit,
39,25,975,874,0,False,,,,,False,,,,,,,,,,,,,,,,,,,,,,,,,,,,,,not_run_mode_limit,
27,36,972,877,0,False,,,,,False,,,,,,,,,,,,,,,,,,,,,,,,,,,,,,not_run_mode_limit,
36,27,972,877,0,False,,,,,False,,,,,,,,,,,,,,,,,,,,,,,,,,,,,,not_run_mode_limit,
54,18,972,877,0,False,,,,,False,,,,,,,,,,,,,,,,,,,,,,,,,,,,,,not_run_mode_limit,
51,19,969,880,0,False,,,,,False,,,,,,,,,,,,,,,,,,,,,,,,,,,,,,not_run_mode_limit,
57,17,969,880,0,False,,,,,False,,,,,,,,,,,,,,,,,,,,,,,,,,,,,,not_run_mode_limit,
22,44,968,881,0,False,,,,,False,,,,,,,,,,,,,,,,,,,,,,,,,,,,,,not_run_mode_limit,
44,22,968,881,0,False,,,,,False,,,,,,,,,,,,,,,,,,,,,,,,,,,,,,not_run_mode_limit,
21,46,966,883,0,False,,,,,False,,,,,,,,,,,,,,,,,,,,,,,,,,,,,,not_run_mode_limit,
23,42,966,883,0,False,,,,,False,,,,,,,,,,,,,,,,,,,,,,,,,,,,,,not_run_mode_limit,
42,23,966,883,0,False,,,,,False,,,,,,,,,,,,,,,,,,,,,,,,,,,,,,not_run_mode_limit,
46,21,966,883,0,False,,,,,False,,,,,,,,,,,,,,,,,,,,,,,,,,,,,,not_run_mode_limit,
26,37,962,887,0,False,,,,,False,,,,,,,,,,,,,,,,,,,,,,,,,,,,,,not_run_mode_limit,
37,26,962,887,0,False,,,,,False,,,,,,,,,,,,,,,,,,,,,,,,,,,,,,not_run_mode_limit,
31,31,961,888,0,False,,,,,False,,,,,,,,,,,,,,,,,,,,,,,,,,,,,,not_run_mode_limit,
20,48,960,889,0,False,,,,,False,,,,,,,,,,,,,,,,,,,,,,,,,,,,,,not_run_mode_limit,
24,40,960,889,0,False,,,,,False,,,,,,,,,,,,,,,,,,,,,,,,,,,,,,not_run_mode_limit,
30,32,960,889,0,False,,,,,False,,,,,,,,,,,,,,,,,,,,,,,,,,,,,,not_run_mode_limit,
32,30,960,889,0,False,,,,,False,,,,,,,,,,,,,,,,,,,,,,,,,,,,,,not_run_mode_limit,
40,24,960,889,0,False,,,,,False,,,,,,,,,,,,,,,,,,,,,,,,,,,,,,not_run_mode_limit,
48,20,960,889,0,False,,,,,False,,,,,,,,,,,,,,,,,,,,,,,,,,,,,,not_run_mode_limit,
60,16,960,889,0,False,,,,,False,,,,,,,,,,,,,,,,,,,,,,,,,,,,,,not_run_mode_limit,
29,33,957,892,0,False,,,,,False,,,,,,,,,,,,,,,,,,,,,,,,,,,,,,not_run_mode_limit,
33,29,957,892,0,False,,,,,False,,,,,,,,,,,,,,,,,,,,,,,,,,,,,,not_run_mode_limit,
53,18,954,895,0,False,,,,,False,,,,,,,,,,,,,,,,,,,,,,,,,,,,,,not_run_mode_limit,
28,34,952,897,0,False,,,,,False,,,,,,,,,,,,,,,,,,,,,,,,,,,,,,not_run_mode_limit,
34,28,952,897,0,False,,,,,False,,,,,,,,,,,,,,,,,,,,,,,,,,,,,,not_run_mode_limit,
56,17,952,897,0,False,,,,,False,,,,,,,,,,,,,,,,,,,,,,,,,,,,,,not_run_mode_limit,
19,50,950,899,0,False,,,,,False,,,,,,,,,,,,,,,,,,,,,,,,,,,,,,not_run_mode_limit,
25,38,950,899,0,False,,,,,False,,,,,,,,,,,,,,,,,,,,,,,,,,,,,,not_run_mode_limit,
38,25,950,899,0,False,,,,,False,,,,,,,,,,,,,,,,,,,,,,,,,,,,,,not_run_mode_limit,
50,19,950,899,0,False,,,,,False,,,,,,,,,,,,,,,,,,,,,,,,,,,,,,not_run_mode_limit,
22,43,946,903,0,False,,,,,False,,,,,,,,,,,,,,,,,,,,,,,,,,,,,,not_run_mode_limit,
43,22,946,903,0,False,,,,,False,,,,,,,,,,,,,,,,,,,,,,,,,,,,,,not_run_mode_limit,
21,45,945,904,0,False,,,,,False,,,,,,,,,,,,,,,,,,,,,,,,,,,,,,not_run_mode_limit,
27,35,945,904,0,False,,,,,False,,,,,,,,,,,,,,,,,,,,,,,,,,,,,,not_run_mode_limit,
35,27,945,904,0,False,,,,,False,,,,,,,,,,,,,,,,,,,,,,,,,,,,,,not_run_mode_limit,
45,21,945,904,0,False,,,,,False,,,,,,,,,,,,,,,,,,,,,,,,,,,,,,not_run_mode_limit,
59,16,944,905,0,False,,,,,False,,,,,,,,,,,,,,,,,,,,,,,,,,,,,,not_run_mode_limit,
23,41,943,906,0,False,,,,,False,,,,,,,,,,,,,,,,,,,,,,,,,,,,,,not_run_mode_limit,
41,23,943,906,0,False,,,,,False,,,,,,,,,,,,,,,,,,,,,,,,,,,,,,not_run_mode_limit,
20,47,940,909,0,False,,,,,False,,,,,,,,,,,,,,,,,,,,,,,,,,,,,,not_run_mode_limit,
47,20,940,909,0,False,,,,,False,,,,,,,,,,,,,,,,,,,,,,,,,,,,,,not_run_mode_limit,
24,39,936,913,0,False,,,,,False,,,,,,,,,,,,,,,,,,,,,,,,,,,,,,not_run_mode_limit,
26,36,936,913,0,False,,,,,False,,,,,,,,,,,,,,,,,,,,,,,,,,,,,,not_run_mode_limit,
36,26,936,913,0,False,,,,,False,,,,,,,,,,,,,,,,,,,,,,,,,,,,,,not_run_mode_limit,
39,24,936,913,0,False,,,,,False,,,,,,,,,,,,,,,,,,,,,,,,,,,,,,not_run_mode_limit,
52,18,936,913,0,False,,,,,False,,,,,,,,,,,,,,,,,,,,,,,,,,,,,,not_run_mode_limit,
55,17,935,914,0,False,,,,,False,,,,,,,,,,,,,,,,,,,,,,,,,,,,,,not_run_mode_limit,
19,49,931,918,0,False,,,,,False,,,,,,,,,,,,,,,,,,,,,,,,,,,,,,not_run_mode_limit,
49,19,931,918,0,False,,,,,False,,,,,,,,,,,,,,,,,,,,,,,,,,,,,,not_run_mode_limit,
30,31,930,919,0,False,,,,,False,,,,,,,,,,,,,,,,,,,,,,,,,,,,,,not_run_mode_limit,
31,30,930,919,0,False,,,,,False,,,,,,,,,,,,,,,,,,,,,,,,,,,,,,not_run_mode_limit,
29,32,928,921,0,False,,,,,False,,,,,,,,,,,,,,,,,,,,,,,,,,,,,,not_run_mode_limit,
32,29,928,921,0,False,,,,,False,,,,,,,,,,,,,,,,,,,,,,,,,,,,,,not_run_mode_limit,
58,16,928,921,0,False,,,,,False,,,,,,,,,,,,,,,,,,,,,,,,,,,,,,not_run_mode_limit,
25,37,925,924,0,False,,,,,False,,,,,,,,,,,,,,,,,,,,,,,,,,,,,,not_run_mode_limit,
37,25,925,924,0,False,,,,,False,,,,,,,,,,,,,,,,,,,,,,,,,,,,,,not_run_mode_limit,
21,44,924,925,0,False,,,,,False,,,,,,,,,,,,,,,,,,,,,,,,,,,,,,not_run_mode_limit,
22,42,924,925,0,False,,,,,False,,,,,,,,,,,,,,,,,,,,,,,,,,,,,,not_run_mode_limit,
28,33,924,925,0,False,,,,,False,,,,,,,,,,,,,,,,,,,,,,,,,,,,,,not_run_mode_limit,
33,28,924,925,0,False,,,,,False,,,,,,,,,,,,,,,,,,,,,,,,,,,,,,not_run_mode_limit,
42,22,924,925,0,False,,,,,False,,,,,,,,,,,,,,,,,,,,,,,,,,,,,,not_run_mode_limit,
44,21,924,925,0,False,,,,,False,,,,,,,,,,,,,,,,,,,,,,,,,,,,,,not_run_mode_limit,
20,46,920,929,0,False,,,,,False,,,,,,,,,,,,,,,,,,,,,,,,,,,,,,not_run_mode_limit,
23,40,920,929,0,False,,,,,False,,,,,,,,,,,,,,,,,,,,,,,,,,,,,,not_run_mode_limit,
40,23,920,929,0,False,,,,,False,,,,,,,,,,,,,,,,,,,,,,,,,,,,,,not_run_mode_limit,
46,20,920,929,0,False,,,,,False,,,,,,,,,,,,,,,,,,,,,,,,,,,,,,not_run_mode_limit,
27,34,918,931,0,False,,,,,False,,,,,,,,,,,,,,,,,,,,,,,,,,,,,,not_run_mode_limit,
34,27,918,931,0,False,,,,,False,,,,,,,,,,,,,,,,,,,,,,,,,,,,,,not_run_mode_limit,
51,18,918,931,0,False,,,,,False,,,,,,,,,,,,,,,,,,,,,,,,,,,,,,not_run_mode_limit,
54,17,918,931,0,False,,,,,False,,,,,,,,,,,,,,,,,,,,,,,,,,,,,,not_run_mode_limit,
19,48,912,937,0,False,,,,,False,,,,,,,,,,,,,,,,,,,,,,,,,,,,,,not_run_mode_limit,
24,38,912,937,0,False,,,,,False,,,,,,,,,,,,,,,,,,,,,,,,,,,,,,not_run_mode_limit,
38,24,912,937,0,False,,,,,False,,,,,,,,,,,,,,,,,,,,,,,,,,,,,,not_run_mode_limit,
48,19,912,937,0,False,,,,,False,,,,,,,,,,,,,,,,,,,,,,,,,,,,,,not_run_mode_limit,
57,16,912,937,0,False,,,,,False,,,,,,,,,,,,,,,,,,,,,,,,,,,,,,not_run_mode_limit,
26,35,910,939,0,False,,,,,False,,,,,,,,,,,,,,,,,,,,,,,,,,,,,,not_run_mode_limit,
35,26,910,939,0,False,,,,,False,,,,,,,,,,,,,,,,,,,,,,,,,,,,,,not_run_mode_limit,
21,43,903,946,0,False,,,,,False,,,,,,,,,,,,,,,,,,,,,,,,,,,,,,not_run_mode_limit,
43,21,903,946,0,False,,,,,False,,,,,,,,,,,,,,,,,,,,,,,,,,,,,,not_run_mode_limit,
22,41,902,947,0,False,,,,,False,,,,,,,,,,,,,,,,,,,,,,,,,,,,,,not_run_mode_limit,
41,22,902,947,0,False,,,,,False,,,,,,,,,,,,,,,,,,,,,,,,,,,,,,not_run_mode_limit,
53,17,901,948,0,False,,,,,False,,,,,,,,,,,,,,,,,,,,,,,,,,,,,,not_run_mode_limit,
18,50,900,949,0,False,,,,,False,,,,,,,,,,,,,,,,,,,,,,,,,,,,,,not_run_mode_limit,
20,45,900,949,0,False,,,,,False,,,,,,,,,,,,,,,,,,,,,,,,,,,,,,not_run_mode_limit,
25,36,900,949,0,False,,,,,False,,,,,,,,,,,,,,,,,,,,,,,,,,,,,,not_run_mode_limit,
30,30,900,949,0,False,,,,,False,,,,,,,,,,,,,,,,,,,,,,,,,,,,,,not_run_mode_limit,
36,25,900,949,0,False,,,,,False,,,,,,,,,,,,,,,,,,,,,,,,,,,,,,not_run_mode_limit,
45,20,900,949,0,False,,,,,False,,,,,,,,,,,,,,,,,,,,,,,,,,,,,,not_run_mode_limit,
50,18,900,949,0,False,,,,,False,,,,,,,,,,,,,,,,,,,,,,,,,,,,,,not_run_mode_limit,
60,15,900,949,0,False,,,,,False,,,,,,,,,,,,,,,,,,,,,,,,,,,,,,not_run_mode_limit,
29,31,899,950,0,False,,,,,False,,,,,,,,,,,,,,,,,,,,,,,,,,,,,,not_run_mode_limit,
31,29,899,950,0,False,,,,,False,,,,,,,,,,,,,,,,,,,,,,,,,,,,,,not_run_mode_limit,
23,39,897,952,0,False,,,,,False,,,,,,,,,,,,,,,,,,,,,,,,,,,,,,not_run_mode_limit,
39,23,897,952,0,False,,,,,False,,,,,,,,,,,,,,,,,,,,,,,,,,,,,,not_run_mode_limit,
28,32,896,953,0,False,,,,,False,,,,,,,,,,,,,,,,,,,,,,,,,,,,,,not_run_mode_limit,
32,28,896,953,0,False,,,,,False,,,,,,,,,,,,,,,,,,,,,,,,,,,,,,not_run_mode_limit,
56,16,896,953,0,False,,,,,False,,,,,,,,,,,,,,,,,,,,,,,,,,,,,,not_run_mode_limit,
19,47,893,956,0,False,,,,,False,,,,,,,,,,,,,,,,,,,,,,,,,,,,,,not_run_mode_limit,
47,19,893,956,0,False,,,,,False,,,,,,,,,,,,,,,,,,,,,,,,,,,,,,not_run_mode_limit,
27,33,891,958,0,False,,,,,False,,,,,,,,,,,,,,,,,,,,,,,,,,,,,,not_run_mode_limit,
33,27,891,958,0,False,,,,,False,,,,,,,,,,,,,,,,,,,,,,,,,,,,,,not_run_mode_limit,
24,37,888,961,0,False,,,,,False,,,,,,,,,,,,,,,,,,,,,,,,,,,,,,not_run_mode_limit,
37,24,888,961,0,False,,,,,False,,,,,,,,,,,,,,,,,,,,,,,,,,,,,,not_run_mode_limit,
59,15,885,964,0,False,,,,,False,,,,,,,,,,,,,,,,,,,,,,,,,,,,,,not_run_mode_limit,
26,34,884,965,0,False,,,,,False,,,,,,,,,,,,,,,,,,,,,,,,,,,,,,not_run_mode_limit,
34,26,884,965,0,False,,,,,False,,,,,,,,,,,,,,,,,,,,,,,,,,,,,,not_run_mode_limit,
52,17,884,965,0,False,,,,,False,,,,,,,,,,,,,,,,,,,,,,,,,,,,,,not_run_mode_limit,
18,49,882,967,0,False,,,,,False,,,,,,,,,,,,,,,,,,,,,,,,,,,,,,not_run_mode_limit,
21,42,882,967,0,False,,,,,False,,,,,,,,,,,,,,,,,,,,,,,,,,,,,,not_run_mode_limit,
42,21,882,967,0,False,,,,,False,,,,,,,,,,,,,,,,,,,,,,,,,,,,,,not_run_mode_limit,
49,18,882,967,0,False,,,,,False,,,,,,,,,,,,,,,,,,,,,,,,,,,,,,not_run_mode_limit,
20,44,880,969,0,False,,,,,False,,,,,,,,,,,,,,,,,,,,,,,,,,,,,,not_run_mode_limit,
22,40,880,969,0,False,,,,,False,,,,,,,,,,,,,,,,,,,,,,,,,,,,,,not_run_mode_limit,
40,22,880,969,0,False,,,,,False,,,,,,,,,,,,,,,,,,,,,,,,,,,,,,not_run_mode_limit,
44,20,880,969,0,False,,,,,False,,,,,,,,,,,,,,,,,,,,,,,,,,,,,,not_run_mode_limit,
55,16,880,969,0,False,,,,,False,,,,,,,,,,,,,,,,,,,,,,,,,,,,,,not_run_mode_limit,
25,35,875,974,0,False,,,,,False,,,,,,,,,,,,,,,,,,,,,,,,,,,,,,not_run_mode_limit,
35,25,875,974,0,False,,,,,False,,,,,,,,,,,,,,,,,,,,,,,,,,,,,,not_run_mode_limit,
19,46,874,975,0,False,,,,,False,,,,,,,,,,,,,,,,,,,,,,,,,,,,,,not_run_mode_limit,
23,38,874,975,0,False,,,,,False,,,,,,,,,,,,,,,,,,,,,,,,,,,,,,not_run_mode_limit,
38,23,874,975,0,False,,,,,False,,,,,,,,,,,,,,,,,,,,,,,,,,,,,,not_run_mode_limit,
46,19,874,975,0,False,,,,,False,,,,,,,,,,,,,,,,,,,,,,,,,,,,,,not_run_mode_limit,
29,30,870,979,0,False,,,,,False,,,,,,,,,,,,,,,,,,,,,,,,,,,,,,not_run_mode_limit,
30,29,870,979,0,False,,,,,False,,,,,,,,,,,,,,,,,,,,,,,,,,,,,,not_run_mode_limit,
58,15,870,979,0,False,,,,,False,,,,,,,,,,,,,,,,,,,,,,,,,,,,,,not_run_mode_limit,
28,31,868,981,0,False,,,,,False,,,,,,,,,,,,,,,,,,,,,,,,,,,,,,not_run_mode_limit,
31,28,868,981,0,False,,,,,False,,,,,,,,,,,,,,,,,,,,,,,,,,,,,,not_run_mode_limit,
51,17,867,982,0,False,,,,,False,,,,,,,,,,,,,,,,,,,,,,,,,,,,,,not_run_mode_limit,
18,48,864,985,0,False,,,,,False,,,,,,,,,,,,,,,,,,,,,,,,,,,,,,not_run_mode_limit,
24,36,864,985,0,False,,,,,False,,,,,,,,,,,,,,,,,,,,,,,,,,,,,,not_run_mode_limit,
27,32,864,985,0,False,,,,,False,,,,,,,,,,,,,,,,,,,,,,,,,,,,,,not_run_mode_limit,
32,27,864,985,0,False,,,,,False,,,,,,,,,,,,,,,,,,,,,,,,,,,,,,not_run_mode_limit,
36,24,864,985,0,False,,,,,False,,,,,,,,,,,,,,,,,,,,,,,,,,,,,,not_run_mode_limit,
48,18,864,985,0,False,,,,,False,,,,,,,,,,,,,,,,,,,,,,,,,,,,,,not_run_mode_limit,
54,16,864,985,0,False,,,,,False,,,,,,,,,,,,,,,,,,,,,,,,,,,,,,not_run_mode_limit,
21,41,861,988,0,False,,,,,False,,,,,,,,,,,,,,,,,,,,,,,,,,,,,,not_run_mode_limit,
41,21,861,988,0,False,,,,,False,,,,,,,,,,,,,,,,,,,,,,,,,,,,,,not_run_mode_limit,
20,43,860,989,0,False,,,,,False,,,,,,,,,,,,,,,,,,,,,,,,,,,,,,not_run_mode_limit,
43,20,860,989,0,False,,,,,False,,,,,,,,,,,,,,,,,,,,,,,,,,,,,,not_run_mode_limit,
22,39,858,991,0,False,,,,,False,,,,,,,,,,,,,,,,,,,,,,,,,,,,,,not_run_mode_limit,
26,33,858,991,0,False,,,,,False,,,,,,,,,,,,,,,,,,,,,,,,,,,,,,not_run_mode_limit,
33,26,858,991,0,False,,,,,False,,,,,,,,,,,,,,,,,,,,,,,,,,,,,,not_run_mode_limit,
39,22,858,991,0,False,,,,,False,,,,,,,,,,,,,,,,,,,,,,,,,,,,,,not_run_mode_limit,
19,45,855,994,0,False,,,,,False,,,,,,,,,,,,,,,,,,,,,,,,,,,,,,not_run_mode_limit,
45,19,855,994,0,False,,,,,False,,,,,,,,,,,,,,,,,,,,,,,,,,,,,,not_run_mode_limit,
57,15,855,994,0,False,,,,,False,,,,,,,,,,,,,,,,,,,,,,,,,,,,,,not_run_mode_limit,
23,37,851,998,0,False,,,,,False,,,,,,,,,,,,,,,,,,,,,,,,,,,,,,not_run_mode_limit,
37,23,851,998,0,False,,,,,False,,,,,,,,,,,,,,,,,,,,,,,,,,,,,,not_run_mode_limit,
17,50,850,999,0,False,,,,,False,,,,,,,,,,,,,,,,,,,,,,,,,,,,,,not_run_mode_limit,
25,34,850,999,0,False,,,,,False,,,,,,,,,,,,,,,,,,,,,,,,,,,,,,not_run_mode_limit,
34,25,850,999,0,False,,,,,False,,,,,,,,,,,,,,,,,,,,,,,,,,,,,,not_run_mode_limit,
50,17,850,999,0,False,,,,,False,,,,,,,,,,,,,,,,,,,,,,,,,,,,,,not_run_mode_limit,
53,16,848,1001,0,False,,,,,False,,,,,,,,,,,,,,,,,,,,,,,,,,,,,,not_run_mode_limit,
18,47,846,1003,0,False,,,,,False,,,,,,,,,,,,,,,,,,,,,,,,,,,,,,not_run_mode_limit,
47,18,846,1003,0,False,,,,,False,,,,,,,,,,,,,,,,,,,,,,,,,,,,,,not_run_mode_limit,
29,29,841,1008,0,False,,,,,False,,,,,,,,,,,,,,,,,,,,,,,,,,,,,,not_run_mode_limit,
20,42,840,1009,0,False,,,,,False,,,,,,,,,,,,,,,,,,,,,,,,,,,,,,not_run_mode_limit,
21,40,840,1009,0,False,,,,,False,,,,,,,,,,,,,,,,,,,,,,,,,,,,,,not_run_mode_limit,
24,35,840,1009,0,False,,,,,False,,,,,,,,,,,,,,,,,,,,,,,,,,,,,,not_run_mode_limit,
28,30,840,1009,0,False,,,,,False,,,,,,,,,,,,,,,,,,,,,,,,,,,,,,not_run_mode_limit,
30,28,840,1009,0,False,,,,,False,,,,,,,,,,,,,,,,,,,,,,,,,,,,,,not_run_mode_limit,
35,24,840,1009,0,False,,,,,False,,,,,,,,,,,,,,,,,,,,,,,,,,,,,,not_run_mode_limit,
40,21,840,1009,0,False,,,,,False,,,,,,,,,,,,,,,,,,,,,,,,,,,,,,not_run_mode_limit,
42,20,840,1009,0,False,,,,,False,,,,,,,,,,,,,,,,,,,,,,,,,,,,,,not_run_mode_limit,
56,15,840,1009,0,False,,,,,False,,,,,,,,,,,,,,,,,,,,,,,,,,,,,,not_run_mode_limit,
60,14,840,1009,0,False,,,,,False,,,,,,,,,,,,,,,,,,,,,,,,,,,,,,not_run_mode_limit,
27,31,837,1012,0,False,,,,,False,,,,,,,,,,,,,,,,,,,,,,,,,,,,,,not_run_mode_limit,
31,27,837,1012,0,False,,,,,False,,,,,,,,,,,,,,,,,,,,,,,,,,,,,,not_run_mode_limit,
19,44,836,1013,0,False,,,,,False,,,,,,,,,,,,,,,,,,,,,,,,,,,,,,not_run_mode_limit,
22,38,836,1013,0,False,,,,,False,,,,,,,,,,,,,,,,,,,,,,,,,,,,,,not_run_mode_limit,
38,22,836,1013,0,False,,,,,False,,,,,,,,,,,,,,,,,,,,,,,,,,,,,,not_run_mode_limit,
44,19,836,1013,0,False,,,,,False,,,,,,,,,,,,,,,,,,,,,,,,,,,,,,not_run_mode_limit,
17,49,833,1016,0,False,,,,,False,,,,,,,,,,,,,,,,,,,,,,,,,,,,,,not_run_mode_limit,
49,17,833,1016,0,False,,,,,False,,,,,,,,,,,,,,,,,,,,,,,,,,,,,,not_run_mode_limit,
26,32,832,1017,0,False,,,,,False,,,,,,,,,,,,,,,,,,,,,,,,,,,,,,not_run_mode_limit,
32,26,832,1017,0,False,,,,,False,,,,,,,,,,,,,,,,,,,,,,,,,,,,,,not_run_mode_limit,
52,16,832,1017,0,False,,,,,False,,,,,,,,,,,,,,,,,,,,,,,,,,,,,,not_run_mode_limit,
18,46,828,1021,0,False,,,,,False,,,,,,,,,,,,,,,,,,,,,,,,,,,,,,not_run_mode_limit,
23,36,828,1021,0,False,,,,,False,,,,,,,,,,,,,,,,,,,,,,,,,,,,,,not_run_mode_limit,
36,23,828,1021,0,False,,,,,False,,,,,,,,,,,,,,,,,,,,,,,,,,,,,,not_run_mode_limit,
46,18,828,1021,0,False,,,,,False,,,,,,,,,,,,,,,,,,,,,,,,,,,,,,not_run_mode_limit,
59,14,826,1023,0,False,,,,,False,,,,,,,,,,,,,,,,,,,,,,,,,,,,,,not_run_mode_limit,
25,33,825,1024,0,False,,,,,False,,,,,,,,,,,,,,,,,,,,,,,,,,,,,,not_run_mode_limit,
33,25,825,1024,0,False,,,,,False,,,,,,,,,,,,,,,,,,,,,,,,,,,,,,not_run_mode_limit,
55,15,825,1024,0,False,,,,,False,,,,,,,,,,,,,,,,,,,,,,,,,,,,,,not_run_mode_limit,
20,41,820,1029,0,False,,,,,False,,,,,,,,,,,,,,,,,,,,,,,,,,,,,,not_run_mode_limit,
41,20,820,1029,0,False,,,,,False,,,,,,,,,,,,,,,,,,,,,,,,,,,,,,not_run_mode_limit,
21,39,819,1030,0,False,,,,,False,,,,,,,,,,,,,,,,,,,,,,,,,,,,,,not_run_mode_limit,
39,21,819,1030,0,False,,,,,False,,,,,,,,,,,,,,,,,,,,,,,,,,,,,,not_run_mode_limit,
19,43,817,1032,0,False,,,,,False,,,,,,,,,,,,,,,,,,,,,,,,,,,,,,not_run_mode_limit,
43,19,817,1032,0,False,,,,,False,,,,,,,,,,,,,,,,,,,,,,,,,,,,,,not_run_mode_limit,
17,48,816,1033,0,False,,,,,False,,,,,,,,,,,,,,,,,,,,,,,,,,,,,,not_run_mode_limit,
24,34,816,1033,0,False,,,,,False,,,,,,,,,,,,,,,,,,,,,,,,,,,,,,not_run_mode_limit,
34,24,816,1033,0,False,,,,,False,,,,,,,,,,,,,,,,,,,,,,,,,,,,,,not_run_mode_limit,
48,17,816,1033,0,False,,,,,False,,,,,,,,,,,,,,,,,,,,,,,,,,,,,,not_run_mode_limit,
51,16,816,1033,0,False,,,,,False,,,,,,,,,,,,,,,,,,,,,,,,,,,,,,not_run_mode_limit,
22,37,814,1035,0,False,,,,,False,,,,,,,,,,,,,,,,,,,,,,,,,,,,,,not_run_mode_limit,
37,22,814,1035,0,False,,,,,False,,,,,,,,,,,,,,,,,,,,,,,,,,,,,,not_run_mode_limit,
28,29,812,1037,0,False,,,,,False,,,,,,,,,,,,,,,,,,,,,,,,,,,,,,not_run_mode_limit,
29,28,812,1037,0,False,,,,,False,,,,,,,,,,,,,,,,,,,,,,,,,,,,,,not_run_mode_limit,
58,14,812,1037,0,False,,,,,False,,,,,,,,,,,,,,,,,,,,,,,,,,,,,,not_run_mode_limit,
18,45,810,1039,0,False,,,,,False,,,,,,,,,,,,,,,,,,,,,,,,,,,,,,not_run_mode_limit,
27,30,810,1039,0,False,,,,,False,,,,,,,,,,,,,,,,,,,,,,,,,,,,,,not_run_mode_limit,
30,27,810,1039,0,False,,,,,False,,,,,,,,,,,,,,,,,,,,,,,,,,,,,,not_run_mode_limit,
45,18,810,1039,0,False,,,,,False,,,,,,,,,,,,,,,,,,,,,,,,,,,,,,not_run_mode_limit,
54,15,810,1039,0,False,,,,,False,,,,,,,,,,,,,,,,,,,,,,,,,,,,,,not_run_mode_limit,
26,31,806,1043,0,False,,,,,False,,,,,,,,,,,,,,,,,,,,,,,,,,,,,,not_run_mode_limit,
31,26,806,1043,0,False,,,,,False,,,,,,,,,,,,,,,,,,,,,,,,,,,,,,not_run_mode_limit,
23,35,805,1044,0,False,,,,,False,,,,,,,,,,,,,,,,,,,,,,,,,,,,,,not_run_mode_limit,
35,23,805,1044,0,False,,,,,False,,,,,,,,,,,,,,,,,,,,,,,,,,,,,,not_run_mode_limit,
16,50,800,1049,0,False,,,,,False,,,,,,,,,,,,,,,,,,,,,,,,,,,,,,not_run_mode_limit,
20,40,800,1049,0,False,,,,,False,,,,,,,,,,,,,,,,,,,,,,,,,,,,,,not_run_mode_limit,
25,32,800,1049,0,False,,,,,False,,,,,,,,,,,,,,,,,,,,,,,,,,,,,,not_run_mode_limit,
32,25,800,1049,0,False,,,,,False,,,,,,,,,,,,,,,,,,,,,,,,,,,,,,not_run_mode_limit,
40,20,800,1049,0,False,,,,,False,,,,,,,,,,,,,,,,,,,,,,,,,,,,,,not_run_mode_limit,
50,16,800,1049,0,False,,,,,False,,,,,,,,,,,,,,,,,,,,,,,,,,,,,,not_run_mode_limit,
17,47,799,1050,0,False,,,,,False,,,,,,,,,,,,,,,,,,,,,,,,,,,,,,not_run_mode_limit,
47,17,799,1050,0,False,,,,,False,,,,,,,,,,,,,,,,,,,,,,,,,,,,,,not_run_mode_limit,
19,42,798,1051,0,False,,,,,False,,,,,,,,,,,,,,,,,,,,,,,,,,,,,,not_run_mode_limit,
21,38,798,1051,0,False,,,,,False,,,,,,,,,,,,,,,,,,,,,,,,,,,,,,not_run_mode_limit,
38,21,798,1051,0,False,,,,,False,,,,,,,,,,,,,,,,,,,,,,,,,,,,,,not_run_mode_limit,
42,19,798,1051,0,False,,,,,False,,,,,,,,,,,,,,,,,,,,,,,,,,,,,,not_run_mode_limit,
57,14,798,1051,0,False,,,,,False,,,,,,,,,,,,,,,,,,,,,,,,,,,,,,not_run_mode_limit,
53,15,795,1054,0,False,,,,,False,,,,,,,,,,,,,,,,,,,,,,,,,,,,,,not_run_mode_limit,
18,44,792,1057,0,False,,,,,False,,,,,,,,,,,,,,,,,,,,,,,,,,,,,,not_run_mode_limit,
22,36,792,1057,0,False,,,,,False,,,,,,,,,,,,,,,,,,,,,,,,,,,,,,not_run_mode_limit,
24,33,792,1057,0,False,,,,,False,,,,,,,,,,,,,,,,,,,,,,,,,,,,,,not_run_mode_limit,
33,24,792,1057,0,False,,,,,False,,,,,,,,,,,,,,,,,,,,,,,,,,,,,,not_run_mode_limit,
36,22,792,1057,0,False,,,,,False,,,,,,,,,,,,,,,,,,,,,,,,,,,,,,not_run_mode_limit,
44,18,792,1057,0,False,,,,,False,,,,,,,,,,,,,,,,,,,,,,,,,,,,,,not_run_mode_limit,
16,49,784,1065,0,False,,,,,False,,,,,,,,,,,,,,,,,,,,,,,,,,,,,,not_run_mode_limit,
28,28,784,1065,0,False,,,,,False,,,,,,,,,,,,,,,,,,,,,,,,,,,,,,not_run_mode_limit,
49,16,784,1065,0,False,,,,,False,,,,,,,,,,,,,,,,,,,,,,,,,,,,,,not_run_mode_limit,
56,14,784,1065,0,False,,,,,False,,,,,,,,,,,,,,,,,,,,,,,,,,,,,,not_run_mode_limit,
27,29,783,1066,0,False,,,,,False,,,,,,,,,,,,,,,,,,,,,,,,,,,,,,not_run_mode_limit,
29,27,783,1066,0,False,,,,,False,,,,,,,,,,,,,,,,,,,,,,,,,,,,,,not_run_mode_limit,
17,46,782,1067,0,False,,,,,False,,,,,,,,,,,,,,,,,,,,,,,,,,,,,,not_run_mode_limit,
23,34,782,1067,0,False,,,,,False,,,,,,,,,,,,,,,,,,,,,,,,,,,,,,not_run_mode_limit,
34,23,782,1067,0,False,,,,,False,,,,,,,,,,,,,,,,,,,,,,,,,,,,,,not_run_mode_limit,
46,17,782,1067,0,False,,,,,False,,,,,,,,,,,,,,,,,,,,,,,,,,,,,,not_run_mode_limit,
20,39,780,1069,0,False,,,,,False,,,,,,,,,,,,,,,,,,,,,,,,,,,,,,not_run_mode_limit,
26,30,780,1069,0,False,,,,,False,,,,,,,,,,,,,,,,,,,,,,,,,,,,,,not_run_mode_limit,
30,26,780,1069,0,False,,,,,False,,,,,,,,,,,,,,,,,,,,,,,,,,,,,,not_run_mode_limit,
39,20,780,1069,0,False,,,,,False,,,,,,,,,,,,,,,,,,,,,,,,,,,,,,not_run_mode_limit,
52,15,780,1069,0,False,,,,,False,,,,,,,,,,,,,,,,,,,,,,,,,,,,,,not_run_mode_limit,
60,13,780,1069,0,False,,,,,False,,,,,,,,,,,,,,,,,,,,,,,,,,,,,,not_run_mode_limit,
19,41,779,1070,0,False,,,,,False,,,,,,,,,,,,,,,,,,,,,,,,,,,,,,not_run_mode_limit,
41,19,779,1070,0,False,,,,,False,,,,,,,,,,,,,,,,,,,,,,,,,,,,,,not_run_mode_limit,
21,37,777,1072,0,False,,,,,False,,,,,,,,,,,,,,,,,,,,,,,,,,,,,,not_run_mode_limit,
37,21,777,1072,0,False,,,,,False,,,,,,,,,,,,,,,,,,,,,,,,,,,,,,not_run_mode_limit,
25,31,775,1074,0,False,,,,,False,,,,,,,,,,,,,,,,,,,,,,,,,,,,,,not_run_mode_limit,
31,25,775,1074,0,False,,,,,False,,,,,,,,,,,,,,,,,,,,,,,,,,,,,,not_run_mode_limit,
18,43,774,1075,0,False,,,,,False,,,,,,,,,,,,,,,,,,,,,,,,,,,,,,not_run_mode_limit,
43,18,774,1075,0,False,,,,,False,,,,,,,,,,,,,,,,,,,,,,,,,,,,,,not_run_mode_limit,
22,35,770,1079,0,False,,,,,False,,,,,,,,,,,,,,,,,,,,,,,,,,,,,,not_run_mode_limit,
35,22,770,1079,0,False,,,,,False,,,,,,,,,,,,,,,,,,,,,,,,,,,,,,not_run_mode_limit,
55,14,770,1079,0,False,,,,,False,,,,,,,,,,,,,,,,,,,,,,,,,,,,,,not_run_mode_limit,
16,48,768,1081,0,False,,,,,False,,,,,,,,,,,,,,,,,,,,,,,,,,,,,,not_run_mode_limit,
24,32,768,1081,0,False,,,,,False,,,,,,,,,,,,,,,,,,,,,,,,,,,,,,not_run_mode_limit,
32,24,768,1081,0,False,,,,,False,,,,,,,,,,,,,,,,,,,,,,,,,,,,,,not_run_mode_limit,
48,16,768,1081,0,False,,,,,False,,,,,,,,,,,,,,,,,,,,,,,,,,,,,,not_run_mode_limit,
59,13,767,1082,0,False,,,,,False,,,,,,,,,,,,,,,,,,,,,,,,,,,,,,not_run_mode_limit,
17,45,765,1084,0,False,,,,,False,,,,,,,,,,,,,,,,,,,,,,,,,,,,,,not_run_mode_limit,
45,17,765,1084,0,False,,,,,False,,,,,,,,,,,,,,,,,,,,,,,,,,,,,,not_run_mode_limit,
51,15,765,1084,0,False,,,,,False,,,,,,,,,,,,,,,,,,,,,,,,,,,,,,not_run_mode_limit,
19,40,760,1089,0,False,,,,,False,,,,,,,,,,,,,,,,,,,,,,,,,,,,,,not_run_mode_limit,
20,38,760,1089,0,False,,,,,False,,,,,,,,,,,,,,,,,,,,,,,,,,,,,,not_run_mode_limit,
38,20,760,1089,0,False,,,,,False,,,,,,,,,,,,,,,,,,,,,,,,,,,,,,not_run_mode_limit,
40,19,760,1089,0,False,,,,,False,,,,,,,,,,,,,,,,,,,,,,,,,,,,,,not_run_mode_limit,
23,33,759,1090,0,False,,,,,False,,,,,,,,,,,,,,,,,,,,,,,,,,,,,,not_run_mode_limit,
33,23,759,1090,0,False,,,,,False,,,,,,,,,,,,,,,,,,,,,,,,,,,,,,not_run_mode_limit,
18,42,756,1093,0,False,,,,,False,,,,,,,,,,,,,,,,,,,,,,,,,,,,,,not_run_mode_limit,
21,36,756,1093,0,False,,,,,False,,,,,,,,,,,,,,,,,,,,,,,,,,,,,,not_run_mode_limit,
27,28,756,1093,0,False,,,,,False,,,,,,,,,,,,,,,,,,,,,,,,,,,,,,not_run_mode_limit,
28,27,756,1093,0,False,,,,,False,,,,,,,,,,,,,,,,,,,,,,,,,,,,,,not_run_mode_limit,
36,21,756,1093,0,False,,,,,False,,,,,,,,,,,,,,,,,,,,,,,,,,,,,,not_run_mode_limit,
42,18,756,1093,0,False,,,,,False,,,,,,,,,,,,,,,,,,,,,,,,,,,,,,not_run_mode_limit,
54,14,756,1093,0,False,,,,,False,,,,,,,,,,,,,,,,,,,,,,,,,,,,,,not_run_mode_limit,
26,29,754,1095,0,False,,,,,False,,,,,,,,,,,,,,,,,,,,,,,,,,,,,,not_run_mode_limit,
29,26,754,1095,0,False,,,,,False,,,,,,,,,,,,,,,,,,,,,,,,,,,,,,not_run_mode_limit,
58,13,754,1095,0,False,,,,,False,,,,,,,,,,,,,,,,,,,,,,,,,,,,,,not_run_mode_limit,
16,47,752,1097,0,False,,,,,False,,,,,,,,,,,,,,,,,,,,,,,,,,,,,,not_run_mode_limit,
47,16,752,1097,0,False,,,,,False,,,,,,,,,,,,,,,,,,,,,,,,,,,,,,not_run_mode_limit,
15,50,750,1099,0,False,,,,,False,,,,,,,,,,,,,,,,,,,,,,,,,,,,,,not_run_mode_limit,
25,30,750,1099,0,False,,,,,False,,,,,,,,,,,,,,,,,,,,,,,,,,,,,,not_run_mode_limit,
30,25,750,1099,0,False,,,,,False,,,,,,,,,,,,,,,,,,,,,,,,,,,,,,not_run_mode_limit,
50,15,750,1099,0,False,,,,,False,,,,,,,,,,,,,,,,,,,,,,,,,,,,,,not_run_mode_limit,
17,44,748,1101,0,False,,,,,False,,,,,,,,,,,,,,,,,,,,,,,,,,,,,,not_run_mode_limit,
22,34,748,1101,0,False,,,,,False,,,,,,,,,,,,,,,,,,,,,,,,,,,,,,not_run_mode_limit,
34,22,748,1101,0,False,,,,,False,,,,,,,,,,,,,,,,,,,,,,,,,,,,,,not_run_mode_limit,
44,17,748,1101,0,False,,,,,False,,,,,,,,,,,,,,,,,,,,,,,,,,,,,,not_run_mode_limit,
24,31,744,1105,0,False,,,,,False,,,,,,,,,,,,,,,,,,,,,,,,,,,,,,not_run_mode_limit,
31,24,744,1105,0,False,,,,,False,,,,,,,,,,,,,,,,,,,,,,,,,,,,,,not_run_mode_limit,
53,14,742,1107,0,False,,,,,False,,,,,,,,,,,,,,,,,,,,,,,,,,,,,,not_run_mode_limit,
19,39,741,1108,0,False,,,,,False,,,,,,,,,,,,,,,,,,,,,,,,,,,,,,not_run_mode_limit,
39,19,741,1108,0,False,,,,,False,,,,,,,,,,,,,,,,,,,,,,,,,,,,,,not_run_mode_limit,
57,13,741,1108,0,False,,,,,False,,,,,,,,,,,,,,,,,,,,,,,,,,,,,,not_run_mode_limit,
20,37,740,1109,0,False,,,,,False,,,,,,,,,,,,,,,,,,,,,,,,,,,,,,not_run_mode_limit,
37,20,740,1109,0,False,,,,,False,,,,,,,,,,,,,,,,,,,,,,,,,,,,,,not_run_mode_limit,
18,41,738,1111,0,False,,,,,False,,,,,,,,,,,,,,,,,,,,,,,,,,,,,,not_run_mode_limit,
41,18,738,1111,0,False,,,,,False,,,,,,,,,,,,,,,,,,,,,,,,,,,,,,not_run_mode_limit,
16,46,736,1113,0,False,,,,,False,,,,,,,,,,,,,,,,,,,,,,,,,,,,,,not_run_mode_limit,
23,32,736,1113,0,False,,,,,False,,,,,,,,,,,,,,,,,,,,,,,,,,,,,,not_run_mode_limit,
32,23,736,1113,0,False,,,,,False,,,,,,,,,,,,,,,,,,,,,,,,,,,,,,not_run_mode_limit,
46,16,736,1113,0,False,,,,,False,,,,,,,,,,,,,,,,,,,,,,,,,,,,,,not_run_mode_limit,
15,49,735,1114,0,False,,,,,False,,,,,,,,,,,,,,,,,,,,,,,,,,,,,,not_run_mode_limit,
21,35,735,1114,0,False,,,,,False,,,,,,,,,,,,,,,,,,,,,,,,,,,,,,not_run_mode_limit,
35,21,735,1114,0,False,,,,,False,,,,,,,,,,,,,,,,,,,,,,,,,,,,,,not_run_mode_limit,
49,15,735,1114,0,False,,,,,False,,,,,,,,,,,,,,,,,,,,,,,,,,,,,,not_run_mode_limit,
17,43,731,1118,0,False,,,,,False,,,,,,,,,,,,,,,,,,,,,,,,,,,,,,not_run_mode_limit,
43,17,731,1118,0,False,,,,,False,,,,,,,,,,,,,,,,,,,,,,,,,,,,,,not_run_mode_limit,
27,27,729,1120,0,False,,,,,False,,,,,,,,,,,,,,,,,,,,,,,,,,,,,,not_run_mode_limit,
26,28,728,1121,0,False,,,,,False,,,,,,,,,,,,,,,,,,,,,,,,,,,,,,not_run_mode_limit,
28,26,728,1121,0,False,,,,,False,,,,,,,,,,,,,,,,,,,,,,,,,,,,,,not_run_mode_limit,
52,14,728,1121,0,False,,,,,False,,,,,,,,,,,,,,,,,,,,,,,,,,,,,,not_run_mode_limit,
56,13,728,1121,0,False,,,,,False,,,,,,,,,,,,,,,,,,,,,,,,,,,,,,not_run_mode_limit,
22,33,726,1123,0,False,,,,,False,,,,,,,,,,,,,,,,,,,,,,,,,,,,,,not_run_mode_limit,
33,22,726,1123,0,False,,,,,False,,,,,,,,,,,,,,,,,,,,,,,,,,,,,,not_run_mode_limit,
25,29,725,1124,0,False,,,,,False,,,,,,,,,,,,,,,,,,,,,,,,,,,,,,not_run_mode_limit,
29,25,725,1124,0,False,,,,,False,,,,,,,,,,,,,,,,,,,,,,,,,,,,,,not_run_mode_limit,
19,38,722,1127,0,False,,,,,False,,,,,,,,,,,,,,,,,,,,,,,,,,,,,,not_run_mode_limit,
38,19,722,1127,0,False,,,,,False,,,,,,,,,,,,,,,,,,,,,,,,,,,,,,not_run_mode_limit,
15,48,720,1129,0,False,,,,,False,,,,,,,,,,,,,,,,,,,,,,,,,,,,,,not_run_mode_limit,
16,45,720,1129,0,False,,,,,False,,,,,,,,,,,,,,,,,,,,,,,,,,,,,,not_run_mode_limit,
18,40,720,1129,0,False,,,,,False,,,,,,,,,,,,,,,,,,,,,,,,,,,,,,not_run_mode_limit,
20,36,720,1129,0,False,,,,,False,,,,,,,,,,,,,,,,,,,,,,,,,,,,,,not_run_mode_limit,
24,30,720,1129,0,False,,,,,False,,,,,,,,,,,,,,,,,,,,,,,,,,,,,,not_run_mode_limit,
30,24,720,1129,0,False,,,,,False,,,,,,,,,,,,,,,,,,,,,,,,,,,,,,not_run_mode_limit,
36,20,720,1129,0,False,,,,,False,,,,,,,,,,,,,,,,,,,,,,,,,,,,,,not_run_mode_limit,
40,18,720,1129,0,False,,,,,False,,,,,,,,,,,,,,,,,,,,,,,,,,,,,,not_run_mode_limit,
45,16,720,1129,0,False,,,,,False,,,,,,,,,,,,,,,,,,,,,,,,,,,,,,not_run_mode_limit,
48,15,720,1129,0,False,,,,,False,,,,,,,,,,,,,,,,,,,,,,,,,,,,,,not_run_mode_limit,
60,12,720,1129,0,False,,,,,False,,,,,,,,,,,,,,,,,,,,,,,,,,,,,,not_run_mode_limit,
55,13,715,1134,0,False,,,,,False,,,,,,,,,,,,,,,,,,,,,,,,,,,,,,not_run_mode_limit,
17,42,714,1135,0,False,,,,,False,,,,,,,,,,,,,,,,,,,,,,,,,,,,,,not_run_mode_limit,
21,34,714,1135,0,False,,,,,False,,,,,,,,,,,,,,,,,,,,,,,,,,,,,,not_run_mode_limit,
34,21,714,1135,0,False,,,,,False,,,,,,,,,,,,,,,,,,,,,,,,,,,,,,not_run_mode_limit,
42,17,714,1135,0,False,,,,,False,,,,,,,,,,,,,,,,,,,,,,,,,,,,,,not_run_mode_limit,
51,14,714,1135,0,False,,,,,False,,,,,,,,,,,,,,,,,,,,,,,,,,,,,,not_run_mode_limit,
23,31,713,1136,0,False,,,,,False,,,,,,,,,,,,,,,,,,,,,,,,,,,,,,not_run_mode_limit,
31,23,713,1136,0,False,,,,,False,,,,,,,,,,,,,,,,,,,,,,,,,,,,,,not_run_mode_limit,
59,12,708,1141,0,False,,,,,False,,,,,,,,,,,,,,,,,,,,,,,,,,,,,,not_run_mode_limit,
15,47,705,1144,0,False,,,,,False,,,,,,,,,,,,,,,,,,,,,,,,,,,,,,not_run_mode_limit,
47,15,705,1144,0,False,,,,,False,,,,,,,,,,,,,,,,,,,,,,,,,,,,,,not_run_mode_limit,
16,44,704,1145,0,False,,,,,False,,,,,,,,,,,,,,,,,,,,,,,,,,,,,,not_run_mode_limit,
22,32,704,1145,0,False,,,,,False,,,,,,,,,,,,,,,,,,,,,,,,,,,,,,not_run_mode_limit,
32,22,704,1145,0,False,,,,,False,,,,,,,,,,,,,,,,,,,,,,,,,,,,,,not_run_mode_limit,
44,16,704,1145,0,False,,,,,False,,,,,,,,,,,,,,,,,,,,,,,,,,,,,,not_run_mode_limit,
19,37,703,1146,0,False,,,,,False,,,,,,,,,,,,,,,,,,,,,,,,,,,,,,not_run_mode_limit,
37,19,703,1146,0,False,,,,,False,,,,,,,,,,,,,,,,,,,,,,,,,,,,,,not_run_mode_limit,
18,39,702,1147,0,False,,,,,False,,,,,,,,,,,,,,,,,,,,,,,,,,,,,,not_run_mode_limit,
26,27,702,1147,0,False,,,,,False,,,,,,,,,,,,,,,,,,,,,,,,,,,,,,not_run_mode_limit,
27,26,702,1147,0,False,,,,,False,,,,,,,,,,,,,,,,,,,,,,,,,,,,,,not_run_mode_limit,
39,18,702,1147,0,False,,,,,False,,,,,,,,,,,,,,,,,,,,,,,,,,,,,,not_run_mode_limit,
54,13,702,1147,0,False,,,,,False,,,,,,,,,,,,,,,,,,,,,,,,,,,,,,not_run_mode_limit,
14,50,700,1149,0,False,,,,,False,,,,,,,,,,,,,,,,,,,,,,,,,,,,,,not_run_mode_limit,
20,35,700,1149,0,False,,,,,False,,,,,,,,,,,,,,,,,,,,,,,,,,,,,,not_run_mode_limit,
25,28,700,1149,0,False,,,,,False,,,,,,,,,,,,,,,,,,,,,,,,,,,,,,not_run_mode_limit,
28,25,700,1149,0,False,,,,,False,,,,,,,,,,,,,,,,,,,,,,,,,,,,,,not_run_mode_limit,
35,20,700,1149,0,False,,,,,False,,,,,,,,,,,,,,,,,,,,,,,,,,,,,,not_run_mode_limit,
50,14,700,1149,0,False,,,,,False,,,,,,,,,,,,,,,,,,,,,,,,,,,,,,not_run_mode_limit,
17,41,697,1152,0,False,,,,,False,,,,,,,,,,,,,,,,,,,,,,,,,,,,,,not_run_mode_limit,
41,17,697,1152,0,False,,,,,False,,,,,,,,,,,,,,,,,,,,,,,,,,,,,,not_run_mode_limit,
24,29,696,1153,0,False,,,,,False,,,,,,,,,,,,,,,,,,,,,,,,,,,,,,not_run_mode_limit,
29,24,696,1153,0,False,,,,,False,,,,,,,,,,,,,,,,,,,,,,,,,,,,,,not_run_mode_limit,
58,12,696,1153,0,False,,,,,False,,,,,,,,,,,,,,,,,,,,,,,,,,,,,,not_run_mode_limit,
21,33,693,1156,0,False,,,,,False,,,,,,,,,,,,,,,,,,,,,,,,,,,,,,not_run_mode_limit,
33,21,693,1156,0,False,,,,,False,,,,,,,,,,,,,,,,,,,,,,,,,,,,,,not_run_mode_limit,
15,46,690,1159,0,False,,,,,False,,,,,,,,,,,,,,,,,,,,,,,,,,,,,,not_run_mode_limit,
23,30,690,1159,0,False,,,,,False,,,,,,,,,,,,,,,,,,,,,,,,,,,,,,not_run_mode_limit,
30,23,690,1159,0,False,,,,,False,,,,,,,,,,,,,,,,,,,,,,,,,,,,,,not_run_mode_limit,
46,15,690,1159,0,False,,,,,False,,,,,,,,,,,,,,,,,,,,,,,,,,,,,,not_run_mode_limit,
53,13,689,1160,0,False,,,,,False,,,,,,,,,,,,,,,,,,,,,,,,,,,,,,not_run_mode_limit,
16,43,688,1161,0,False,,,,,False,,,,,,,,,,,,,,,,,,,,,,,,,,,,,,not_run_mode_limit,
43,16,688,1161,0,False,,,,,False,,,,,,,,,,,,,,,,,,,,,,,,,,,,,,not_run_mode_limit,
14,49,686,1163,0,False,,,,,False,,,,,,,,,,,,,,,,,,,,,,,,,,,,,,not_run_mode_limit,
49,14,686,1163,0,False,,,,,False,,,,,,,,,,,,,,,,,,,,,,,,,,,,,,not_run_mode_limit,
18,38,684,1165,0,False,,,,,False,,,,,,,,,,,,,,,,,,,,,,,,,,,,,,not_run_mode_limit,
19,36,684,1165,0,False,,,,,False,,,,,,,,,,,,,,,,,,,,,,,,,,,,,,not_run_mode_limit,
36,19,684,1165,0,False,,,,,False,,,,,,,,,,,,,,,,,,,,,,,,,,,,,,not_run_mode_limit,
38,18,684,1165,0,False,,,,,False,,,,,,,,,,,,,,,,,,,,,,,,,,,,,,not_run_mode_limit,
57,12,684,1165,0,False,,,,,False,,,,,,,,,,,,,,,,,,,,,,,,,,,,,,not_run_mode_limit,
22,31,682,1167,0,False,,,,,False,,,,,,,,,,,,,,,,,,,,,,,,,,,,,,not_run_mode_limit,
31,22,682,1167,0,False,,,,,False,,,,,,,,,,,,,,,,,,,,,,,,,,,,,,not_run_mode_limit,
17,40,680,1169,0,False,,,,,False,,,,,,,,,,,,,,,,,,,,,,,,,,,,,,not_run_mode_limit,
20,34,680,1169,0,False,,,,,False,,,,,,,,,,,,,,,,,,,,,,,,,,,,,,not_run_mode_limit,
34,20,680,1169,0,False,,,,,False,,,,,,,,,,,,,,,,,,,,,,,,,,,,,,not_run_mode_limit,
40,17,680,1169,0,False,,,,,False,,,,,,,,,,,,,,,,,,,,,,,,,,,,,,not_run_mode_limit,
26,26,676,1173,0,False,,,,,False,,,,,,,,,,,,,,,,,,,,,,,,,,,,,,not_run_mode_limit,
52,13,676,1173,0,False,,,,,False,,,,,,,,,,,,,,,,,,,,,,,,,,,,,,not_run_mode_limit,
15,45,675,1174,0,False,,,,,False,,,,,,,,,,,,,,,,,,,,,,,,,,,,,,not_run_mode_limit,
25,27,675,1174,0,False,,,,,False,,,,,,,,,,,,,,,,,,,,,,,,,,,,,,not_run_mode_limit,
27,25,675,1174,0,False,,,,,False,,,,,,,,,,,,,,,,,,,,,,,,,,,,,,not_run_mode_limit,
45,15,675,1174,0,False,,,,,False,,,,,,,,,,,,,,,,,,,,,,,,,,,,,,not_run_mode_limit,
14,48,672,1177,0,False,,,,,False,,,,,,,,,,,,,,,,,,,,,,,,,,,,,,not_run_mode_limit,
16,42,672,1177,0,False,,,,,False,,,,,,,,,,,,,,,,,,,,,,,,,,,,,,not_run_mode_limit,
21,32,672,1177,0,False,,,,,False,,,,,,,,,,,,,,,,,,,,,,,,,,,,,,not_run_mode_limit,
24,28,672,1177,0,False,,,,,False,,,,,,,,,,,,,,,,,,,,,,,,,,,,,,not_run_mode_limit,
28,24,672,1177,0,False,,,,,False,,,,,,,,,,,,,,,,,,,,,,,,,,,,,,not_run_mode_limit,
32,21,672,1177,0,False,,,,,False,,,,,,,,,,,,,,,,,,,,,,,,,,,,,,not_run_mode_limit,
42,16,672,1177,0,False,,,,,False,,,,,,,,,,,,,,,,,,,,,,,,,,,,,,not_run_mode_limit,
48,14,672,1177,0,False,,,,,False,,,,,,,,,,,,,,,,,,,,,,,,,,,,,,not_run_mode_limit,
56,12,672,1177,0,False,,,,,False,,,,,,,,,,,,,,,,,,,,,,,,,,,,,,not_run_mode_limit,
23,29,667,1182,0,False,,,,,False,,,,,,,,,,,,,,,,,,,,,,,,,,,,,,not_run_mode_limit,
29,23,667,1182,0,False,,,,,False,,,,,,,,,,,,,,,,,,,,,,,,,,,,,,not_run_mode_limit,
18,37,666,1183,0,False,,,,,False,,,,,,,,,,,,,,,,,,,,,,,,,,,,,,not_run_mode_limit,
37,18,666,1183,0,False,,,,,False,,,,,,,,,,,,,,,,,,,,,,,,,,,,,,not_run_mode_limit,
19,35,665,1184,0,False,,,,,False,,,,,,,,,,,,,,,,,,,,,,,,,,,,,,not_run_mode_limit,
35,19,665,1184,0,False,,,,,False,,,,,,,,,,,,,,,,,,,,,,,,,,,,,,not_run_mode_limit,
17,39,663,1186,0,False,,,,,False,,,,,,,,,,,,,,,,,,,,,,,,,,,,,,not_run_mode_limit,
39,17,663,1186,0,False,,,,,False,,,,,,,,,,,,,,,,,,,,,,,,,,,,,,not_run_mode_limit,
51,13,663,1186,0,False,,,,,False,,,,,,,,,,,,,,,,,,,,,,,,,,,,,,not_run_mode_limit,
15,44,660,1189,0,False,,,,,False,,,,,,,,,,,,,,,,,,,,,,,,,,,,,,not_run_mode_limit,
20,33,660,1189,0,False,,,,,False,,,,,,,,,,,,,,,,,,,,,,,,,,,,,,not_run_mode_limit,
22,30,660,1189,0,False,,,,,False,,,,,,,,,,,,,,,,,,,,,,,,,,,,,,not_run_mode_limit,
30,22,660,1189,0,False,,,,,False,,,,,,,,,,,,,,,,,,,,,,,,,,,,,,not_run_mode_limit,
33,20,660,1189,0,False,,,,,False,,,,,,,,,,,,,,,,,,,,,,,,,,,,,,not_run_mode_limit,
44,15,660,1189,0,False,,,,,False,,,,,,,,,,,,,,,,,,,,,,,,,,,,,,not_run_mode_limit,
55,12,660,1189,0,False,,,,,False,,,,,,,,,,,,,,,,,,,,,,,,,,,,,,not_run_mode_limit,
60,11,660,1189,0,False,,,,,False,,,,,,,,,,,,,,,,,,,,,,,,,,,,,,not_run_mode_limit,
14,47,658,1191,0,False,,,,,False,,,,,,,,,,,,,,,,,,,,,,,,,,,,,,not_run_mode_limit,
47,14,658,1191,0,False,,,,,False,,,,,,,,,,,,,,,,,,,,,,,,,,,,,,not_run_mode_limit,
16,41,656,1193,0,False,,,,,False,,,,,,,,,,,,,,,,,,,,,,,,,,,,,,not_run_mode_limit,
41,16,656,1193,0,False,,,,,False,,,,,,,,,,,,,,,,,,,,,,,,,,,,,,not_run_mode_limit,
21,31,651,1198,0,False,,,,,False,,,,,,,,,,,,,,,,,,,,,,,,,,,,,,not_run_mode_limit,
31,21,651,1198,0,False,,,,,False,,,,,,,,,,,,,,,,,,,,,,,,,,,,,,not_run_mode_limit,
13,50,650,1199,0,False,,,,,False,,,,,,,,,,,,,,,,,,,,,,,,,,,,,,not_run_mode_limit,
25,26,650,1199,0,False,,,,,False,,,,,,,,,,,,,,,,,,,,,,,,,,,,,,not_run_mode_limit,
26,25,650,1199,0,False,,,,,False,,,,,,,,,,,,,,,,,,,,,,,,,,,,,,not_run_mode_limit,
50,13,650,1199,0,False,,,,,False,,,,,,,,,,,,,,,,,,,,,,,,,,,,,,not_run_mode_limit,
59,11,649,1200,0,False,,,,,False,,,,,,,,,,,,,,,,,,,,,,,,,,,,,,not_run_mode_limit,
18,36,648,1201,0,False,,,,,False,,,,,,,,,,,,,,,,,,,,,,,,,,,,,,not_run_mode_limit,
24,27,648,1201,0,False,,,,,False,,,,,,,,,,,,,,,,,,,,,,,,,,,,,,not_run_mode_limit,
27,24,648,1201,0,False,,,,,False,,,,,,,,,,,,,,,,,,,,,,,,,,,,,,not_run_mode_limit,
36,18,648,1201,0,False,,,,,False,,,,,,,,,,,,,,,,,,,,,,,,,,,,,,not_run_mode_limit,
54,12,648,1201,0,False,,,,,False,,,,,,,,,,,,,,,,,,,,,,,,,,,,,,not_run_mode_limit,
17,38,646,1203,0,False,,,,,False,,,,,,,,,,,,,,,,,,,,,,,,,,,,,,not_run_mode_limit,
19,34,646,1203,0,False,,,,,False,,,,,,,,,,,,,,,,,,,,,,,,,,,,,,not_run_mode_limit,
34,19,646,1203,0,False,,,,,False,,,,,,,,,,,,,,,,,,,,,,,,,,,,,,not_run_mode_limit,
38,17,646,1203,0,False,,,,,False,,,,,,,,,,,,,,,,,,,,,,,,,,,,,,not_run_mode_limit,
15,43,645,1204,0,False,,,,,False,,,,,,,,,,,,,,,,,,,,,,,,,,,,,,not_run_mode_limit,
43,15,645,1204,0,False,,,,,False,,,,,,,,,,,,,,,,,,,,,,,,,,,,,,not_run_mode_limit,
14,46,644,1205,0,False,,,,,False,,,,,,,,,,,,,,,,,,,,,,,,,,,,,,not_run_mode_limit,
23,28,644,1205,0,False,,,,,False,,,,,,,,,,,,,,,,,,,,,,,,,,,,,,not_run_mode_limit,
28,23,644,1205,0,False,,,,,False,,,,,,,,,,,,,,,,,,,,,,,,,,,,,,not_run_mode_limit,
46,14,644,1205,0,False,,,,,False,,,,,,,,,,,,,,,,,,,,,,,,,,,,,,not_run_mode_limit,
16,40,640,1209,0,False,,,,,False,,,,,,,,,,,,,,,,,,,,,,,,,,,,,,not_run_mode_limit,
20,32,640,1209,0,False,,,,,False,,,,,,,,,,,,,,,,,,,,,,,,,,,,,,not_run_mode_limit,
32,20,640,1209,0,False,,,,,False,,,,,,,,,,,,,,,,,,,,,,,,,,,,,,not_run_mode_limit,
40,16,640,1209,0,False,,,,,False,,,,,,,,,,,,,,,,,,,,,,,,,,,,,,not_run_mode_limit,
22,29,638,1211,0,False,,,,,False,,,,,,,,,,,,,,,,,,,,,,,,,,,,,,not_run_mode_limit,
29,22,638,1211,0,False,,,,,False,,,,,,,,,,,,,,,,,,,,,,,,,,,,,,not_run_mode_limit,
58,11,638,1211,0,False,,,,,False,,,,,,,,,,,,,,,,,,,,,,,,,,,,,,not_run_mode_limit,
13,49,637,1212,0,False,,,,,False,,,,,,,,,,,,,,,,,,,,,,,,,,,,,,not_run_mode_limit,
49,13,637,1212,0,False,,,,,False,,,,,,,,,,,,,,,,,,,,,,,,,,,,,,not_run_mode_limit,
53,12,636,1213,0,False,,,,,False,,,,,,,,,,,,,,,,,,,,,,,,,,,,,,not_run_mode_limit,
14,45,630,1219,0,False,,,,,False,,,,,,,,,,,,,,,,,,,,,,,,,,,,,,not_run_mode_limit,
15,42,630,1219,0,False,,,,,False,,,,,,,,,,,,,,,,,,,,,,,,,,,,,,not_run_mode_limit,
18,35,630,1219,0,False,,,,,False,,,,,,,,,,,,,,,,,,,,,,,,,,,,,,not_run_mode_limit,
21,30,630,1219,0,False,,,,,False,,,,,,,,,,,,,,,,,,,,,,,,,,,,,,not_run_mode_limit,
30,21,630,1219,0,False,,,,,False,,,,,,,,,,,,,,,,,,,,,,,,,,,,,,not_run_mode_limit,
35,18,630,1219,0,False,,,,,False,,,,,,,,,,,,,,,,,,,,,,,,,,,,,,not_run_mode_limit,
42,15,630,1219,0,False,,,,,False,,,,,,,,,,,,,,,,,,,,,,,,,,,,,,not_run_mode_limit,
45,14,630,1219,0,False,,,,,False,,,,,,,,,,,,,,,,,,,,,,,,,,,,,,not_run_mode_limit,
17,37,629,1220,0,False,,,,,False,,,,,,,,,,,,,,,,,,,,,,,,,,,,,,not_run_mode_limit,
37,17,629,1220,0,False,,,,,False,,,,,,,,,,,,,,,,,,,,,,,,,,,,,,not_run_mode_limit,
19,33,627,1222,0,False,,,,,False,,,,,,,,,,,,,,,,,,,,,,,,,,,,,,not_run_mode_limit,
33,19,627,1222,0,False,,,,,False,,,,,,,,,,,,,,,,,,,,,,,,,,,,,,not_run_mode_limit,
57,11,627,1222,0,False,,,,,False,,,,,,,,,,,,,,,,,,,,,,,,,,,,,,not_run_mode_limit,
25,25,625,1224,0,False,,,,,False,,,,,,,,,,,,,,,,,,,,,,,,,,,,,,not_run_mode_limit,
13,48,624,1225,0,False,,,,,False,,,,,,,,,,,,,,,,,,,,,,,,,,,,,,not_run_mode_limit,
16,39,624,1225,0,False,,,,,False,,,,,,,,,,,,,,,,,,,,,,,,,,,,,,not_run_mode_limit,
24,26,624,1225,0,False,,,,,False,,,,,,,,,,,,,,,,,,,,,,,,,,,,,,not_run_mode_limit,
26,24,624,1225,0,False,,,,,False,,,,,,,,,,,,,,,,,,,,,,,,,,,,,,not_run_mode_limit,
39,16,624,1225,0,False,,,,,False,,,,,,,,,,,,,,,,,,,,,,,,,,,,,,not_run_mode_limit,
48,13,624,1225,0,False,,,,,False,,,,,,,,,,,,,,,,,,,,,,,,,,,,,,not_run_mode_limit,
52,12,624,1225,0,False,,,,,False,,,,,,,,,,,,,,,,,,,,,,,,,,,,,,not_run_mode_limit,
23,27,621,1228,0,False,,,,,False,,,,,,,,,,,,,,,,,,,,,,,,,,,,,,not_run_mode_limit,
27,23,621,1228,0,False,,,,,False,,,,,,,,,,,,,,,,,,,,,,,,,,,,,,not_run_mode_limit,
20,31,620,1229,0,False,,,,,False,,,,,,,,,,,,,,,,,,,,,,,,,,,,,,not_run_mode_limit,
31,20,620,1229,0,False,,,,,False,,,,,,,,,,,,,,,,,,,,,,,,,,,,,,not_run_mode_limit,
14,44,616,1233,0,False,,,,,False,,,,,,,,,,,,,,,,,,,,,,,,,,,,,,not_run_mode_limit,
22,28,616,1233,0,False,,,,,False,,,,,,,,,,,,,,,,,,,,,,,,,,,,,,not_run_mode_limit,
28,22,616,1233,0,False,,,,,False,,,,,,,,,,,,,,,,,,,,,,,,,,,,,,not_run_mode_limit,
44,14,616,1233,0,False,,,,,False,,,,,,,,,,,,,,,,,,,,,,,,,,,,,,not_run_mode_limit,
56,11,616,1233,0,False,,,,,False,,,,,,,,,,,,,,,,,,,,,,,,,,,,,,not_run_mode_limit,
15,41,615,1234,0,False,,,,,False,,,,,,,,,,,,,,,,,,,,,,,,,,,,,,not_run_mode_limit,
41,15,615,1234,0,False,,,,,False,,,,,,,,,,,,,,,,,,,,,,,,,,,,,,not_run_mode_limit,
17,36,612,1237,0,False,,,,,False,,,,,,,,,,,,,,,,,,,,,,,,,,,,,,not_run_mode_limit,
18,34,612,1237,0,False,,,,,False,,,,,,,,,,,,,,,,,,,,,,,,,,,,,,not_run_mode_limit,
34,18,612,1237,0,False,,,,,False,,,,,,,,,,,,,,,,,,,,,,,,,,,,,,not_run_mode_limit,
36,17,612,1237,0,False,,,,,False,,,,,,,,,,,,,,,,,,,,,,,,,,,,,,not_run_mode_limit,
51,12,612,1237,0,False,,,,,False,,,,,,,,,,,,,,,,,,,,,,,,,,,,,,not_run_mode_limit,
13,47,611,1238,0,False,,,,,False,,,,,,,,,,,,,,,,,,,,,,,,,,,,,,not_run_mode_limit,
47,13,611,1238,0,False,,,,,False,,,,,,,,,,,,,,,,,,,,,,,,,,,,,,not_run_mode_limit,
21,29,609,1240,0,False,,,,,False,,,,,,,,,,,,,,,,,,,,,,,,,,,,,,not_run_mode_limit,
29,21,609,1240,0,False,,,,,False,,,,,,,,,,,,,,,,,,,,,,,,,,,,,,not_run_mode_limit,
16,38,608,1241,0,False,,,,,False,,,,,,,,,,,,,,,,,,,,,,,,,,,,,,not_run_mode_limit,
19,32,608,1241,0,False,,,,,False,,,,,,,,,,,,,,,,,,,,,,,,,,,,,,not_run_mode_limit,
32,19,608,1241,0,False,,,,,False,,,,,,,,,,,,,,,,,,,,,,,,,,,,,,not_run_mode_limit,
38,16,608,1241,0,False,,,,,False,,,,,,,,,,,,,,,,,,,,,,,,,,,,,,not_run_mode_limit,
55,11,605,1244,0,False,,,,,False,,,,,,,,,,,,,,,,,,,,,,,,,,,,,,not_run_mode_limit,
14,43,602,1247,0,False,,,,,False,,,,,,,,,,,,,,,,,,,,,,,,,,,,,,not_run_mode_limit,
43,14,602,1247,0,False,,,,,False,,,,,,,,,,,,,,,,,,,,,,,,,,,,,,not_run_mode_limit,
12,50,600,1249,0,False,,,,,False,,,,,,,,,,,,,,,,,,,,,,,,,,,,,,not_run_mode_limit,
15,40,600,1249,0,False,,,,,False,,,,,,,,,,,,,,,,,,,,,,,,,,,,,,not_run_mode_limit,
20,30,600,1249,0,False,,,,,False,,,,,,,,,,,,,,,,,,,,,,,,,,,,,,not_run_mode_limit,
24,25,600,1249,0,False,,,,,False,,,,,,,,,,,,,,,,,,,,,,,,,,,,,,not_run_mode_limit,
25,24,600,1249,0,False,,,,,False,,,,,,,,,,,,,,,,,,,,,,,,,,,,,,not_run_mode_limit,
30,20,600,1249,0,False,,,,,False,,,,,,,,,,,,,,,,,,,,,,,,,,,,,,not_run_mode_limit,
40,15,600,1249,0,False,,,,,False,,,,,,,,,,,,,,,,,,,,,,,,,,,,,,not_run_mode_limit,
50,12,600,1249,0,False,,,,,False,,,,,,,,,,,,,,,,,,,,,,,,,,,,,,not_run_mode_limit,
60,10,600,1249,0,False,,,,,False,,,,,,,,,,,,,,,,,,,,,,,,,,,,,,not_run_mode_limit,
13,46,598,1251,0,False,,,,,False,,,,,,,,,,,,,,,,,,,,,,,,,,,,,,not_run_mode_limit,
23,26,598,1251,0,False,,,,,False,,,,,,,,,,,,,,,,,,,,,,,,,,,,,,not_run_mode_limit,
26,23,598,1251,0,False,,,,,False,,,,,,,,,,,,,,,,,,,,,,,,,,,,,,not_run_mode_limit,
46,13,598,1251,0,False,,,,,False,,,,,,,,,,,,,,,,,,,,,,,,,,,,,,not_run_mode_limit,
17,35,595,1254,0,False,,,,,False,,,,,,,,,,,,,,,,,,,,,,,,,,,,,,not_run_mode_limit,
35,17,595,1254,0,False,,,,,False,,,,,,,,,,,,,,,,,,,,,,,,,,,,,,not_run_mode_limit,
18,33,594,1255,0,False,,,,,False,,,,,,,,,,,,,,,,,,,,,,,,,,,,,,not_run_mode_limit,
22,27,594,1255,0,False,,,,,False,,,,,,,,,,,,,,,,,,,,,,,,,,,,,,not_run_mode_limit,
27,22,594,1255,0,False,,,,,False,,,,,,,,,,,,,,,,,,,,,,,,,,,,,,not_run_mode_limit,
33,18,594,1255,0,False,,,,,False,,,,,,,,,,,,,,,,,,,,,,,,,,,,,,not_run_mode_limit,
54,11,594,1255,0,False,,,,,False,,,,,,,,,,,,,,,,,,,,,,,,,,,,,,not_run_mode_limit,
16,37,592,1257,0,False,,,,,False,,,,,,,,,,,,,,,,,,,,,,,,,,,,,,not_run_mode_limit,
37,16,592,1257,0,False,,,,,False,,,,,,,,,,,,,,,,,,,,,,,,,,,,,,not_run_mode_limit,
59,10,590,1259,0,False,,,,,False,,,,,,,,,,,,,,,,,,,,,,,,,,,,,,not_run_mode_limit,
19,31,589,1260,0,False,,,,,False,,,,,,,,,,,,,,,,,,,,,,,,,,,,,,not_run_mode_limit,
31,19,589,1260,0,False,,,,,False,,,,,,,,,,,,,,,,,,,,,,,,,,,,,,not_run_mode_limit,
12,49,588,1261,0,False,,,,,False,,,,,,,,,,,,,,,,,,,,,,,,,,,,,,not_run_mode_limit,
14,42,588,1261,0,False,,,,,False,,,,,,,,,,,,,,,,,,,,,,,,,,,,,,not_run_mode_limit,
21,28,588,1261,0,False,,,,,False,,,,,,,,,,,,,,,,,,,,,,,,,,,,,,not_run_mode_limit,
28,21,588,1261,0,False,,,,,False,,,,,,,,,,,,,,,,,,,,,,,,,,,,,,not_run_mode_limit,
42,14,588,1261,0,False,,,,,False,,,,,,,,,,,,,,,,,,,,,,,,,,,,,,not_run_mode_limit,
49,12,588,1261,0,False,,,,,False,,,,,,,,,,,,,,,,,,,,,,,,,,,,,,not_run_mode_limit,
13,45,585,1264,0,False,,,,,False,,,,,,,,,,,,,,,,,,,,,,,,,,,,,,not_run_mode_limit,
15,39,585,1264,0,False,,,,,False,,,,,,,,,,,,,,,,,,,,,,,,,,,,,,not_run_mode_limit,
39,15,585,1264,0,False,,,,,False,,,,,,,,,,,,,,,,,,,,,,,,,,,,,,not_run_mode_limit,
45,13,585,1264,0,False,,,,,False,,,,,,,,,,,,,,,,,,,,,,,,,,,,,,not_run_mode_limit,
53,11,583,1266,0,False,,,,,False,,,,,,,,,,,,,,,,,,,,,,,,,,,,,,not_run_mode_limit,
20,29,580,1269,0,False,,,,,False,,,,,,,,,,,,,,,,,,,,,,,,,,,,,,not_run_mode_limit,
29,20,580,1269,0,False,,,,,False,,,,,,,,,,,,,,,,,,,,,,,,,,,,,,not_run_mode_limit,
58,10,580,1269,0,False,,,,,False,,,,,,,,,,,,,,,,,,,,,,,,,,,,,,not_run_mode_limit,
17,34,578,1271,0,False,,,,,False,,,,,,,,,,,,,,,,,,,,,,,,,,,,,,not_run_mode_limit,
34,17,578,1271,0,False,,,,,False,,,,,,,,,,,,,,,,,,,,,,,,,,,,,,not_run_mode_limit,
12,48,576,1273,0,False,,,,,False,,,,,,,,,,,,,,,,,,,,,,,,,,,,,,not_run_mode_limit,
16,36,576,1273,0,False,,,,,False,,,,,,,,,,,,,,,,,,,,,,,,,,,,,,not_run_mode_limit,
18,32,576,1273,0,False,,,,,False,,,,,,,,,,,,,,,,,,,,,,,,,,,,,,not_run_mode_limit,
24,24,576,1273,0,False,,,,,False,,,,,,,,,,,,,,,,,,,,,,,,,,,,,,not_run_mode_limit,
32,18,576,1273,0,False,,,,,False,,,,,,,,,,,,,,,,,,,,,,,,,,,,,,not_run_mode_limit,
36,16,576,1273,0,False,,,,,False,,,,,,,,,,,,,,,,,,,,,,,,,,,,,,not_run_mode_limit,
48,12,576,1273,0,False,,,,,False,,,,,,,,,,,,,,,,,,,,,,,,,,,,,,not_run_mode_limit,
23,25,575,1274,0,False,,,,,False,,,,,,,,,,,,,,,,,,,,,,,,,,,,,,not_run_mode_limit,
25,23,575,1274,0,False,,,,,False,,,,,,,,,,,,,,,,,,,,,,,,,,,,,,not_run_mode_limit,
14,41,574,1275,0,False,,,,,False,,,,,,,,,,,,,,,,,,,,,,,,,,,,,,not_run_mode_limit,
41,14,574,1275,0,False,,,,,False,,,,,,,,,,,,,,,,,,,,,,,,,,,,,,not_run_mode_limit,
13,44,572,1277,0,False,,,,,False,,,,,,,,,,,,,,,,,,,,,,,,,,,,,,not_run_mode_limit,
22,26,572,1277,0,False,,,,,False,,,,,,,,,,,,,,,,,,,,,,,,,,,,,,not_run_mode_limit,
26,22,572,1277,0,False,,,,,False,,,,,,,,,,,,,,,,,,,,,,,,,,,,,,not_run_mode_limit,
44,13,572,1277,0,False,,,,,False,,,,,,,,,,,,,,,,,,,,,,,,,,,,,,not_run_mode_limit,
52,11,572,1277,0,False,,,,,False,,,,,,,,,,,,,,,,,,,,,,,,,,,,,,not_run_mode_limit,
15,38,570,1279,0,False,,,,,False,,,,,,,,,,,,,,,,,,,,,,,,,,,,,,not_run_mode_limit,
19,30,570,1279,0,False,,,,,False,,,,,,,,,,,,,,,,,,,,,,,,,,,,,,not_run_mode_limit,
30,19,570,1279,0,False,,,,,False,,,,,,,,,,,,,,,,,,,,,,,,,,,,,,not_run_mode_limit,
38,15,570,1279,0,False,,,,,False,,,,,,,,,,,,,,,,,,,,,,,,,,,,,,not_run_mode_limit,
57,10,570,1279,0,False,,,,,False,,,,,,,,,,,,,,,,,,,,,,,,,,,,,,not_run_mode_limit,
21,27,567,1282,0,False,,,,,False,,,,,,,,,,,,,,,,,,,,,,,,,,,,,,not_run_mode_limit,
27,21,567,1282,0,False,,,,,False,,,,,,,,,,,,,,,,,,,,,,,,,,,,,,not_run_mode_limit,
12,47,564,1285,0,False,,,,,False,,,,,,,,,,,,,,,,,,,,,,,,,,,,,,not_run_mode_limit,
47,12,564,1285,0,False,,,,,False,,,,,,,,,,,,,,,,,,,,,,,,,,,,,,not_run_mode_limit,
17,33,561,1288,0,False,,,,,False,,,,,,,,,,,,,,,,,,,,,,,,,,,,,,not_run_mode_limit,
33,17,561,1288,0,False,,,,,False,,,,,,,,,,,,,,,,,,,,,,,,,,,,,,not_run_mode_limit,
51,11,561,1288,0,False,,,,,False,,,,,,,,,,,,,,,,,,,,,,,,,,,,,,not_run_mode_limit,
14,40,560,1289,0,False,,,,,False,,,,,,,,,,,,,,,,,,,,,,,,,,,,,,not_run_mode_limit,
16,35,560,1289,0,False,,,,,False,,,,,,,,,,,,,,,,,,,,,,,,,,,,,,not_run_mode_limit,
20,28,560,1289,0,False,,,,,False,,,,,,,,,,,,,,,,,,,,,,,,,,,,,,not_run_mode_limit,
28,20,560,1289,0,False,,,,,False,,,,,,,,,,,,,,,,,,,,,,,,,,,,,,not_run_mode_limit,
35,16,560,1289,0,False,,,,,False,,,,,,,,,,,,,,,,,,,,,,,,,,,,,,not_run_mode_limit,
40,14,560,1289,0,False,,,,,False,,,,,,,,,,,,,,,,,,,,,,,,,,,,,,not_run_mode_limit,
56,10,560,1289,0,False,,,,,False,,,,,,,,,,,,,,,,,,,,,,,,,,,,,,not_run_mode_limit,
13,43,559,1290,0,False,,,,,False,,,,,,,,,,,,,,,,,,,,,,,,,,,,,,not_run_mode_limit,
43,13,559,1290,0,False,,,,,False,,,,,,,,,,,,,,,,,,,,,,,,,,,,,,not_run_mode_limit,
18,31,558,1291,0,False,,,,,False,,,,,,,,,,,,,,,,,,,,,,,,,,,,,,not_run_mode_limit,
31,18,558,1291,0,False,,,,,False,,,,,,,,,,,,,,,,,,,,,,,,,,,,,,not_run_mode_limit,
15,37,555,1294,0,False,,,,,False,,,,,,,,,,,,,,,,,,,,,,,,,,,,,,not_run_mode_limit,
37,15,555,1294,0,False,,,,,False,,,,,,,,,,,,,,,,,,,,,,,,,,,,,,not_run_mode_limit,
12,46,552,1297,0,False,,,,,False,,,,,,,,,,,,,,,,,,,,,,,,,,,,,,not_run_mode_limit,
23,24,552,1297,0,False,,,,,False,,,,,,,,,,,,,,,,,,,,,,,,,,,,,,not_run_mode_limit,
24,23,552,1297,0,False,,,,,False,,,,,,,,,,,,,,,,,,,,,,,,,,,,,,not_run_mode_limit,
46,12,552,1297,0,False,,,,,False,,,,,,,,,,,,,,,,,,,,,,,,,,,,,,not_run_mode_limit,
19,29,551,1298,0,False,,,,,False,,,,,,,,,,,,,,,,,,,,,,,,,,,,,,not_run_mode_limit,
29,19,551,1298,0,False,,,,,False,,,,,,,,,,,,,,,,,,,,,,,,,,,,,,not_run_mode_limit,
11,50,550,1299,0,False,,,,,False,,,,,,,,,,,,,,,,,,,,,,,,,,,,,,not_run_mode_limit,
22,25,550,1299,0,False,,,,,False,,,,,,,,,,,,,,,,,,,,,,,,,,,,,,not_run_mode_limit,
25,22,550,1299,0,False,,,,,False,,,,,,,,,,,,,,,,,,,,,,,,,,,,,,not_run_mode_limit,
50,11,550,1299,0,False,,,,,False,,,,,,,,,,,,,,,,,,,,,,,,,,,,,,not_run_mode_limit,
55,10,550,1299,0,False,,,,,False,,,,,,,,,,,,,,,,,,,,,,,,,,,,,,not_run_mode_limit,
13,42,546,1303,0,False,,,,,False,,,,,,,,,,,,,,,,,,,,,,,,,,,,,,not_run_mode_limit,
14,39,546,1303,0,False,,,,,False,,,,,,,,,,,,,,,,,,,,,,,,,,,,,,not_run_mode_limit,
21,26,546,1303,0,False,,,,,False,,,,,,,,,,,,,,,,,,,,,,,,,,,,,,not_run_mode_limit,
26,21,546,1303,0,False,,,,,False,,,,,,,,,,,,,,,,,,,,,,,,,,,,,,not_run_mode_limit,
39,14,546,1303,0,False,,,,,False,,,,,,,,,,,,,,,,,,,,,,,,,,,,,,not_run_mode_limit,
42,13,546,1303,0,False,,,,,False,,,,,,,,,,,,,,,,,,,,,,,,,,,,,,not_run_mode_limit,
16,34,544,1305,0,False,,,,,False,,,,,,,,,,,,,,,,,,,,,,,,,,,,,,not_run_mode_limit,
17,32,544,1305,0,False,,,,,False,,,,,,,,,,,,,,,,,,,,,,,,,,,,,,not_run_mode_limit,
32,17,544,1305,0,False,,,,,False,,,,,,,,,,,,,,,,,,,,,,,,,,,,,,not_run_mode_limit,
34,16,544,1305,0,False,,,,,False,,,,,,,,,,,,,,,,,,,,,,,,,,,,,,not_run_mode_limit,
12,45,540,1309,0,False,,,,,False,,,,,,,,,,,,,,,,,,,,,,,,,,,,,,not_run_mode_limit,
15,36,540,1309,0,False,,,,,False,,,,,,,,,,,,,,,,,,,,,,,,,,,,,,not_run_mode_limit,
18,30,540,1309,0,False,,,,,False,,,,,,,,,,,,,,,,,,,,,,,,,,,,,,not_run_mode_limit,
20,27,540,1309,0,False,,,,,False,,,,,,,,,,,,,,,,,,,,,,,,,,,,,,not_run_mode_limit,
27,20,540,1309,0,False,,,,,False,,,,,,,,,,,,,,,,,,,,,,,,,,,,,,not_run_mode_limit,
30,18,540,1309,0,False,,,,,False,,,,,,,,,,,,,,,,,,,,,,,,,,,,,,not_run_mode_limit,
36,15,540,1309,0,False,,,,,False,,,,,,,,,,,,,,,,,,,,,,,,,,,,,,not_run_mode_limit,
45,12,540,1309,0,False,,,,,False,,,,,,,,,,,,,,,,,,,,,,,,,,,,,,not_run_mode_limit,
54,10,540,1309,0,False,,,,,False,,,,,,,,,,,,,,,,,,,,,,,,,,,,,,not_run_mode_limit,
60,9,540,1309,0,False,,,,,False,,,,,,,,,,,,,,,,,,,,,,,,,,,,,,not_run_mode_limit,
11,49,539,1310,0,False,,,,,False,,,,,,,,,,,,,,,,,,,,,,,,,,,,,,not_run_mode_limit,
49,11,539,1310,0,False,,,,,False,,,,,,,,,,,,,,,,,,,,,,,,,,,,,,not_run_mode_limit,
13,41,533,1316,0,False,,,,,False,,,,,,,,,,,,,,,,,,,,,,,,,,,,,,not_run_mode_limit,
41,13,533,1316,0,False,,,,,False,,,,,,,,,,,,,,,,,,,,,,,,,,,,,,not_run_mode_limit,
14,38,532,1317,0,False,,,,,False,,,,,,,,,,,,,,,,,,,,,,,,,,,,,,not_run_mode_limit,
19,28,532,1317,0,False,,,,,False,,,,,,,,,,,,,,,,,,,,,,,,,,,,,,not_run_mode_limit,
28,19,532,1317,0,False,,,,,False,,,,,,,,,,,,,,,,,,,,,,,,,,,,,,not_run_mode_limit,
38,14,532,1317,0,False,,,,,False,,,,,,,,,,,,,,,,,,,,,,,,,,,,,,not_run_mode_limit,
59,9,531,1318,0,False,,,,,False,,,,,,,,,,,,,,,,,,,,,,,,,,,,,,not_run_mode_limit,
53,10,530,1319,0,False,,,,,False,,,,,,,,,,,,,,,,,,,,,,,,,,,,,,not_run_mode_limit,
23,23,529,1320,0,False,,,,,False,,,,,,,,,,,,,,,,,,,,,,,,,,,,,,not_run_mode_limit,
11,48,528,1321,0,False,,,,,False,,,,,,,,,,,,,,,,,,,,,,,,,,,,,,not_run_mode_limit,
12,44,528,1321,0,False,,,,,False,,,,,,,,,,,,,,,,,,,,,,,,,,,,,,not_run_mode_limit,
16,33,528,1321,0,False,,,,,False,,,,,,,,,,,,,,,,,,,,,,,,,,,,,,not_run_mode_limit,
22,24,528,1321,0,False,,,,,False,,,,,,,,,,,,,,,,,,,,,,,,,,,,,,not_run_mode_limit,
24,22,528,1321,0,False,,,,,False,,,,,,,,,,,,,,,,,,,,,,,,,,,,,,not_run_mode_limit,
33,16,528,1321,0,False,,,,,False,,,,,,,,,,,,,,,,,,,,,,,,,,,,,,not_run_mode_limit,
44,12,528,1321,0,False,,,,,False,,,,,,,,,,,,,,,,,,,,,,,,,,,,,,not_run_mode_limit,
48,11,528,1321,0,False,,,,,False,,,,,,,,,,,,,,,,,,,,,,,,,,,,,,not_run_mode_limit,
17,31,527,1322,0,False,,,,,False,,,,,,,,,,,,,,,,,,,,,,,,,,,,,,not_run_mode_limit,
31,17,527,1322,0,False,,,,,False,,,,,,,,,,,,,,,,,,,,,,,,,,,,,,not_run_mode_limit,
15,35,525,1324,0,False,,,,,False,,,,,,,,,,,,,,,,,,,,,,,,,,,,,,not_run_mode_limit,
21,25,525,1324,0,False,,,,,False,,,,,,,,,,,,,,,,,,,,,,,,,,,,,,not_run_mode_limit,
25,21,525,1324,0,False,,,,,False,,,,,,,,,,,,,,,,,,,,,,,,,,,,,,not_run_mode_limit,
35,15,525,1324,0,False,,,,,False,,,,,,,,,,,,,,,,,,,,,,,,,,,,,,not_run_mode_limit,
18,29,522,1327,0,False,,,,,False,,,,,,,,,,,,,,,,,,,,,,,,,,,,,,not_run_mode_limit,
29,18,522,1327,0,False,,,,,False,,,,,,,,,,,,,,,,,,,,,,,,,,,,,,not_run_mode_limit,
58,9,522,1327,0,False,,,,,False,,,,,,,,,,,,,,,,,,,,,,,,,,,,,,not_run_mode_limit,
13,40,520,1329,0,False,,,,,False,,,,,,,,,,,,,,,,,,,,,,,,,,,,,,not_run_mode_limit,
20,26,520,1329,0,False,,,,,False,,,,,,,,,,,,,,,,,,,,,,,,,,,,,,not_run_mode_limit,
26,20,520,1329,0,False,,,,,False,,,,,,,,,,,,,,,,,,,,,,,,,,,,,,not_run_mode_limit,
40,13,520,1329,0,False,,,,,False,,,,,,,,,,,,,,,,,,,,,,,,,,,,,,not_run_mode_limit,
52,10,520,1329,0,False,,,,,False,,,,,,,,,,,,,,,,,,,,,,,,,,,,,,not_run_mode_limit,
14,37,518,1331,0,False,,,,,False,,,,,,,,,,,,,,,,,,,,,,,,,,,,,,not_run_mode_limit,
37,14,518,1331,0,False,,,,,False,,,,,,,,,,,,,,,,,,,,,,,,,,,,,,not_run_mode_limit,
11,47,517,1332,0,False,,,,,False,,,,,,,,,,,,,,,,,,,,,,,,,,,,,,not_run_mode_limit,
47,11,517,1332,0,False,,,,,False,,,,,,,,,,,,,,,,,,,,,,,,,,,,,,not_run_mode_limit,
12,43,516,1333,0,False,,,,,False,,,,,,,,,,,,,,,,,,,,,,,,,,,,,,not_run_mode_limit,
43,12,516,1333,0,False,,,,,False,,,,,,,,,,,,,,,,,,,,,,,,,,,,,,not_run_mode_limit,
19,27,513,1336,0,False,,,,,False,,,,,,,,,,,,,,,,,,,,,,,,,,,,,,not_run_mode_limit,
27,19,513,1336,0,False,,,,,False,,,,,,,,,,,,,,,,,,,,,,,,,,,,,,not_run_mode_limit,
57,9,513,1336,0,False,,,,,False,,,,,,,,,,,,,,,,,,,,,,,,,,,,,,not_run_mode_limit,
16,32,512,1337,0,False,,,,,False,,,,,,,,,,,,,,,,,,,,,,,,,,,,,,not_run_mode_limit,
32,16,512,1337,0,False,,,,,False,,,,,,,,,,,,,,,,,,,,,,,,,,,,,,not_run_mode_limit,
15,34,510,1339,0,False,,,,,False,,,,,,,,,,,,,,,,,,,,,,,,,,,,,,not_run_mode_limit,
17,30,510,1339,0,False,,,,,False,,,,,,,,,,,,,,,,,,,,,,,,,,,,,,not_run_mode_limit,
30,17,510,1339,0,False,,,,,False,,,,,,,,,,,,,,,,,,,,,,,,,,,,,,not_run_mode_limit,
34,15,510,1339,0,False,,,,,False,,,,,,,,,,,,,,,,,,,,,,,,,,,,,,not_run_mode_limit,
51,10,510,1339,0,False,,,,,False,,,,,,,,,,,,,,,,,,,,,,,,,,,,,,not_run_mode_limit,
13,39,507,1342,0,False,,,,,False,,,,,,,,,,,,,,,,,,,,,,,,,,,,,,not_run_mode_limit,
39,13,507,1342,0,False,,,,,False,,,,,,,,,,,,,,,,,,,,,,,,,,,,,,not_run_mode_limit,
11,46,506,1343,0,False,,,,,False,,,,,,,,,,,,,,,,,,,,,,,,,,,,,,not_run_mode_limit,
22,23,506,1343,0,False,,,,,False,,,,,,,,,,,,,,,,,,,,,,,,,,,,,,not_run_mode_limit,
23,22,506,1343,0,False,,,,,False,,,,,,,,,,,,,,,,,,,,,,,,,,,,,,not_run_mode_limit,
46,11,506,1343,0,False,,,,,False,,,,,,,,,,,,,,,,,,,,,,,,,,,,,,not_run_mode_limit,
12,42,504,1345,0,False,,,,,False,,,,,,,,,,,,,,,,,,,,,,,,,,,,,,not_run_mode_limit,
14,36,504,1345,0,False,,,,,False,,,,,,,,,,,,,,,,,,,,,,,,,,,,,,not_run_mode_limit,
18,28,504,1345,0,False,,,,,False,,,,,,,,,,,,,,,,,,,,,,,,,,,,,,not_run_mode_limit,
21,24,504,1345,0,False,,,,,False,,,,,,,,,,,,,,,,,,,,,,,,,,,,,,not_run_mode_limit,
24,21,504,1345,0,False,,,,,False,,,,,,,,,,,,,,,,,,,,,,,,,,,,,,not_run_mode_limit,
28,18,504,1345,0,False,,,,,False,,,,,,,,,,,,,,,,,,,,,,,,,,,,,,not_run_mode_limit,
36,14,504,1345,0,False,,,,,False,,,,,,,,,,,,,,,,,,,,,,,,,,,,,,not_run_mode_limit,
42,12,504,1345,0,False,,,,,False,,,,,,,,,,,,,,,,,,,,,,,,,,,,,,not_run_mode_limit,
56,9,504,1345,0,False,,,,,False,,,,,,,,,,,,,,,,,,,,,,,,,,,,,,not_run_mode_limit,
10,50,500,1349,0,False,,,,,False,,,,,,,,,,,,,,,,,,,,,,,,,,,,,,not_run_mode_limit,
20,25,500,1349,0,False,,,,,False,,,,,,,,,,,,,,,,,,,,,,,,,,,,,,not_run_mode_limit,
25,20,500,1349,0,False,,,,,False,,,,,,,,,,,,,,,,,,,,,,,,,,,,,,not_run_mode_limit,
50,10,500,1349,0,False,,,,,False,,,,,,,,,,,,,,,,,,,,,,,,,,,,,,not_run_mode_limit,
16,31,496,1353,0,False,,,,,False,,,,,,,,,,,,,,,,,,,,,,,,,,,,,,not_run_mode_limit,
31,16,496,1353,0,False,,,,,False,,,,,,,,,,,,,,,,,,,,,,,,,,,,,,not_run_mode_limit,
11,45,495,1354,0,False,,,,,False,,,,,,,,,,,,,,,,,,,,,,,,,,,,,,not_run_mode_limit,
15,33,495,1354,0,False,,,,,False,,,,,,,,,,,,,,,,,,,,,,,,,,,,,,not_run_mode_limit,
33,15,495,1354,0,False,,,,,False,,,,,,,,,,,,,,,,,,,,,,,,,,,,,,not_run_mode_limit,
45,11,495,1354,0,False,,,,,False,,,,,,,,,,,,,,,,,,,,,,,,,,,,,,not_run_mode_limit,
55,9,495,1354,0,False,,,,,False,,,,,,,,,,,,,,,,,,,,,,,,,,,,,,not_run_mode_limit,
13,38,494,1355,0,False,,,,,False,,,,,,,,,,,,,,,,,,,,,,,,,,,,,,not_run_mode_limit,
19,26,494,1355,0,False,,,,,False,,,,,,,,,,,,,,,,,,,,,,,,,,,,,,not_run_mode_limit,
26,19,494,1355,0,False,,,,,False,,,,,,,,,,,,,,,,,,,,,,,,,,,,,,not_run_mode_limit,
38,13,494,1355,0,False,,,,,False,,,,,,,,,,,,,,,,,,,,,,,,,,,,,,not_run_mode_limit,
17,29,493,1356,0,False,,,,,False,,,,,,,,,,,,,,,,,,,,,,,,,,,,,,not_run_mode_limit,
29,17,493,1356,0,False,,,,,False,,,,,,,,,,,,,,,,,,,,,,,,,,,,,,not_run_mode_limit,
12,41,492,1357,0,False,,,,,False,,,,,,,,,,,,,,,,,,,,,,,,,,,,,,not_run_mode_limit,
41,12,492,1357,0,False,,,,,False,,,,,,,,,,,,,,,,,,,,,,,,,,,,,,not_run_mode_limit,
10,49,490,1359,0,False,,,,,False,,,,,,,,,,,,,,,,,,,,,,,,,,,,,,not_run_mode_limit,
14,35,490,1359,0,False,,,,,False,,,,,,,,,,,,,,,,,,,,,,,,,,,,,,not_run_mode_limit,
35,14,490,1359,0,False,,,,,False,,,,,,,,,,,,,,,,,,,,,,,,,,,,,,not_run_mode_limit,
49,10,490,1359,0,False,,,,,False,,,,,,,,,,,,,,,,,,,,,,,,,,,,,,not_run_mode_limit,
18,27,486,1363,0,False,,,,,False,,,,,,,,,,,,,,,,,,,,,,,,,,,,,,not_run_mode_limit,
27,18,486,1363,0,False,,,,,False,,,,,,,,,,,,,,,,,,,,,,,,,,,,,,not_run_mode_limit,
54,9,486,1363,0,False,,,,,False,,,,,,,,,,,,,,,,,,,,,,,,,,,,,,not_run_mode_limit,
11,44,484,1365,0,False,,,,,False,,,,,,,,,,,,,,,,,,,,,,,,,,,,,,not_run_mode_limit,
22,22,484,1365,0,False,,,,,False,,,,,,,,,,,,,,,,,,,,,,,,,,,,,,not_run_mode_limit,
44,11,484,1365,0,False,,,,,False,,,,,,,,,,,,,,,,,,,,,,,,,,,,,,not_run_mode_limit,
21,23,483,1366,0,False,,,,,False,,,,,,,,,,,,,,,,,,,,,,,,,,,,,,not_run_mode_limit,
23,21,483,1366,0,False,,,,,False,,,,,,,,,,,,,,,,,,,,,,,,,,,,,,not_run_mode_limit,
13,37,481,1368,0,False,,,,,False,,,,,,,,,,,,,,,,,,,,,,,,,,,,,,not_run_mode_limit,
37,13,481,1368,0,False,,,,,False,,,,,,,,,,,,,,,,,,,,,,,,,,,,,,not_run_mode_limit,
10,48,480,1369,0,False,,,,,False,,,,,,,,,,,,,,,,,,,,,,,,,,,,,,not_run_mode_limit,
12,40,480,1369,0,False,,,,,False,,,,,,,,,,,,,,,,,,,,,,,,,,,,,,not_run_mode_limit,
15,32,480,1369,0,False,,,,,False,,,,,,,,,,,,,,,,,,,,,,,,,,,,,,not_run_mode_limit,
16,30,480,1369,0,False,,,,,False,,,,,,,,,,,,,,,,,,,,,,,,,,,,,,not_run_mode_limit,
20,24,480,1369,0,False,,,,,False,,,,,,,,,,,,,,,,,,,,,,,,,,,,,,not_run_mode_limit,
24,20,480,1369,0,False,,,,,False,,,,,,,,,,,,,,,,,,,,,,,,,,,,,,not_run_mode_limit,
30,16,480,1369,0,False,,,,,False,,,,,,,,,,,,,,,,,,,,,,,,,,,,,,not_run_mode_limit,
32,15,480,1369,0,False,,,,,False,,,,,,,,,,,,,,,,,,,,,,,,,,,,,,not_run_mode_limit,
40,12,480,1369,0,False,,,,,False,,,,,,,,,,,,,,,,,,,,,,,,,,,,,,not_run_mode_limit,
48,10,480,1369,0,False,,,,,False,,,,,,,,,,,,,,,,,,,,,,,,,,,,,,not_run_mode_limit,
60,8,480,1369,0,False,,,,,False,,,,,,,,,,,,,,,,,,,,,,,,,,,,,,not_run_mode_limit,
53,9,477,1372,0,False,,,,,False,,,,,,,,,,,,,,,,,,,,,,,,,,,,,,not_run_mode_limit,
14,34,476,1373,0,False,,,,,False,,,,,,,,,,,,,,,,,,,,,,,,,,,,,,not_run_mode_limit,
17,28,476,1373,0,False,,,,,False,,,,,,,,,,,,,,,,,,,,,,,,,,,,,,not_run_mode_limit,
28,17,476,1373,0,False,,,,,False,,,,,,,,,,,,,,,,,,,,,,,,,,,,,,not_run_mode_limit,
34,14,476,1373,0,False,,,,,False,,,,,,,,,,,,,,,,,,,,,,,,,,,,,,not_run_mode_limit,
19,25,475,1374,0,False,,,,,False,,,,,,,,,,,,,,,,,,,,,,,,,,,,,,not_run_mode_limit,
25,19,475,1374,0,False,,,,,False,,,,,,,,,,,,,,,,,,,,,,,,,,,,,,not_run_mode_limit,
11,43,473,1376,0,False,,,,,False,,,,,,,,,,,,,,,,,,,,,,,,,,,,,,not_run_mode_limit,
43,11,473,1376,0,False,,,,,False,,,,,,,,,,,,,,,,,,,,,,,,,,,,,,not_run_mode_limit,
59,8,472,1377,0,False,,,,,False,,,,,,,,,,,,,,,,,,,,,,,,,,,,,,not_run_mode_limit,
10,47,470,1379,0,False,,,,,False,,,,,,,,,,,,,,,,,,,,,,,,,,,,,,not_run_mode_limit,
47,10,470,1379,0,False,,,,,False,,,,,,,,,,,,,,,,,,,,,,,,,,,,,,not_run_mode_limit,
12,39,468,1381,0,False,,,,,False,,,,,,,,,,,,,,,,,,,,,,,,,,,,,,not_run_mode_limit,
13,36,468,1381,0,False,,,,,False,,,,,,,,,,,,,,,,,,,,,,,,,,,,,,not_run_mode_limit,
18,26,468,1381,0,False,,,,,False,,,,,,,,,,,,,,,,,,,,,,,,,,,,,,not_run_mode_limit,
26,18,468,1381,0,False,,,,,False,,,,,,,,,,,,,,,,,,,,,,,,,,,,,,not_run_mode_limit,
36,13,468,1381,0,False,,,,,False,,,,,,,,,,,,,,,,,,,,,,,,,,,,,,not_run_mode_limit,
39,12,468,1381,0,False,,,,,False,,,,,,,,,,,,,,,,,,,,,,,,,,,,,,not_run_mode_limit,
52,9,468,1381,0,False,,,,,False,,,,,,,,,,,,,,,,,,,,,,,,,,,,,,not_run_mode_limit,
15,31,465,1384,0,False,,,,,False,,,,,,,,,,,,,,,,,,,,,,,,,,,,,,not_run_mode_limit,
31,15,465,1384,0,False,,,,,False,,,,,,,,,,,,,,,,,,,,,,,,,,,,,,not_run_mode_limit,
16,29,464,1385,0,False,,,,,False,,,,,,,,,,,,,,,,,,,,,,,,,,,,,,not_run_mode_limit,
29,16,464,1385,0,False,,,,,False,,,,,,,,,,,,,,,,,,,,,,,,,,,,,,not_run_mode_limit,
58,8,464,1385,0,False,,,,,False,,,,,,,,,,,,,,,,,,,,,,,,,,,,,,not_run_mode_limit,
11,42,462,1387,0,False,,,,,False,,,,,,,,,,,,,,,,,,,,,,,,,,,,,,not_run_mode_limit,
14,33,462,1387,0,False,,,,,False,,,,,,,,,,,,,,,,,,,,,,,,,,,,,,not_run_mode_limit,
21,22,462,1387,0,False,,,,,False,,,,,,,,,,,,,,,,,,,,,,,,,,,,,,not_run_mode_limit,
22,21,462,1387,0,False,,,,,False,,,,,,,,,,,,,,,,,,,,,,,,,,,,,,not_run_mode_limit,
33,14,462,1387,0,False,,,,,False,,,,,,,,,,,,,,,,,,,,,,,,,,,,,,not_run_mode_limit,
42,11,462,1387,0,False,,,,,False,,,,,,,,,,,,,,,,,,,,,,,,,,,,,,not_run_mode_limit,
10,46,460,1389,0,False,,,,,False,,,,,,,,,,,,,,,,,,,,,,,,,,,,,,not_run_mode_limit,
20,23,460,1389,0,False,,,,,False,,,,,,,,,,,,,,,,,,,,,,,,,,,,,,not_run_mode_limit,
23,20,460,1389,0,False,,,,,False,,,,,,,,,,,,,,,,,,,,,,,,,,,,,,not_run_mode_limit,
46,10,460,1389,0,False,,,,,False,,,,,,,,,,,,,,,,,,,,,,,,,,,,,,not_run_mode_limit,
17,27,459,1390,0,False,,,,,False,,,,,,,,,,,,,,,,,,,,,,,,,,,,,,not_run_mode_limit,
27,17,459,1390,0,False,,,,,False,,,,,,,,,,,,,,,,,,,,,,,,,,,,,,not_run_mode_limit,
51,9,459,1390,0,False,,,,,False,,,,,,,,,,,,,,,,,,,,,,,,,,,,,,not_run_mode_limit,
12,38,456,1393,0,False,,,,,False,,,,,,,,,,,,,,,,,,,,,,,,,,,,,,not_run_mode_limit,
19,24,456,1393,0,False,,,,,False,,,,,,,,,,,,,,,,,,,,,,,,,,,,,,not_run_mode_limit,
24,19,456,1393,0,False,,,,,False,,,,,,,,,,,,,,,,,,,,,,,,,,,,,,not_run_mode_limit,
38,12,456,1393,0,False,,,,,False,,,,,,,,,,,,,,,,,,,,,,,,,,,,,,not_run_mode_limit,
57,8,456,1393,0,False,,,,,False,,,,,,,,,,,,,,,,,,,,,,,,,,,,,,not_run_mode_limit,
13,35,455,1394,0,False,,,,,False,,,,,,,,,,,,,,,,,,,,,,,,,,,,,,not_run_mode_limit,
35,13,455,1394,0,False,,,,,False,,,,,,,,,,,,,,,,,,,,,,,,,,,,,,not_run_mode_limit,
11,41,451,1398,0,False,,,,,False,,,,,,,,,,,,,,,,,,,,,,,,,,,,,,not_run_mode_limit,
41,11,451,1398,0,False,,,,,False,,,,,,,,,,,,,,,,,,,,,,,,,,,,,,not_run_mode_limit,
9,50,450,1399,0,False,,,,,False,,,,,,,,,,,,,,,,,,,,,,,,,,,,,,not_run_mode_limit,
10,45,450,1399,0,False,,,,,False,,,,,,,,,,,,,,,,,,,,,,,,,,,,,,not_run_mode_limit,
15,30,450,1399,0,False,,,,,False,,,,,,,,,,,,,,,,,,,,,,,,,,,,,,not_run_mode_limit,
18,25,450,1399,0,False,,,,,False,,,,,,,,,,,,,,,,,,,,,,,,,,,,,,not_run_mode_limit,
25,18,450,1399,0,False,,,,,False,,,,,,,,,,,,,,,,,,,,,,,,,,,,,,not_run_mode_limit,
30,15,450,1399,0,False,,,,,False,,,,,,,,,,,,,,,,,,,,,,,,,,,,,,not_run_mode_limit,
45,10,450,1399,0,False,,,,,False,,,,,,,,,,,,,,,,,,,,,,,,,,,,,,not_run_mode_limit,
50,9,450,1399,0,False,,,,,False,,,,,,,,,,,,,,,,,,,,,,,,,,,,,,not_run_mode_limit,
14,32,448,1401,0,False,,,,,False,,,,,,,,,,,,,,,,,,,,,,,,,,,,,,not_run_mode_limit,
16,28,448,1401,0,False,,,,,False,,,,,,,,,,,,,,,,,,,,,,,,,,,,,,not_run_mode_limit,
28,16,448,1401,0,False,,,,,False,,,,,,,,,,,,,,,,,,,,,,,,,,,,,,not_run_mode_limit,
32,14,448,1401,0,False,,,,,False,,,,,,,,,,,,,,,,,,,,,,,,,,,,,,not_run_mode_limit,
56,8,448,1401,0,False,,,,,False,,,,,,,,,,,,,,,,,,,,,,,,,,,,,,not_run_mode_limit,
12,37,444,1405,0,False,,,,,False,,,,,,,,,,,,,,,,,,,,,,,,,,,,,,not_run_mode_limit,
37,12,444,1405,0,False,,,,,False,,,,,,,,,,,,,,,,,,,,,,,,,,,,,,not_run_mode_limit,
13,34,442,1407,0,False,,,,,False,,,,,,,,,,,,,,,,,,,,,,,,,,,,,,not_run_mode_limit,
17,26,442,1407,0,False,,,,,False,,,,,,,,,,,,,,,,,,,,,,,,,,,,,,not_run_mode_limit,
26,17,442,1407,0,False,,,,,False,,,,,,,,,,,,,,,,,,,,,,,,,,,,,,not_run_mode_limit,
34,13,442,1407,0,False,,,,,False,,,,,,,,,,,,,,,,,,,,,,,,,,,,,,not_run_mode_limit,
9,49,441,1408,0,False,,,,,False,,,,,,,,,,,,,,,,,,,,,,,,,,,,,,not_run_mode_limit,
21,21,441,1408,0,False,,,,,False,,,,,,,,,,,,,,,,,,,,,,,,,,,,,,not_run_mode_limit,
49,9,441,1408,0,False,,,,,False,,,,,,,,,,,,,,,,,,,,,,,,,,,,,,not_run_mode_limit,
10,44,440,1409,0,False,,,,,False,,,,,,,,,,,,,,,,,,,,,,,,,,,,,,not_run_mode_limit,
11,40,440,1409,0,False,,,,,False,,,,,,,,,,,,,,,,,,,,,,,,,,,,,,not_run_mode_limit,
20,22,440,1409,0,False,,,,,False,,,,,,,,,,,,,,,,,,,,,,,,,,,,,,not_run_mode_limit,
22,20,440,1409,0,False,,,,,False,,,,,,,,,,,,,,,,,,,,,,,,,,,,,,not_run_mode_limit,
40,11,440,1409,0,False,,,,,False,,,,,,,,,,,,,,,,,,,,,,,,,,,,,,not_run_mode_limit,
44,10,440,1409,0,False,,,,,False,,,,,,,,,,,,,,,,,,,,,,,,,,,,,,not_run_mode_limit,
55,8,440,1409,0,False,,,,,False,,,,,,,,,,,,,,,,,,,,,,,,,,,,,,not_run_mode_limit,
19,23,437,1412,0,False,,,,,False,,,,,,,,,,,,,,,,,,,,,,,,,,,,,,not_run_mode_limit,
23,19,437,1412,0,False,,,,,False,,,,,,,,,,,,,,,,,,,,,,,,,,,,,,not_run_mode_limit,
15,29,435,1414,0,False,,,,,False,,,,,,,,,,,,,,,,,,,,,,,,,,,,,,not_run_mode_limit,
29,15,435,1414,0,False,,,,,False,,,,,,,,,,,,,,,,,,,,,,,,,,,,,,not_run_mode_limit,
14,31,434,1415,0,False,,,,,False,,,,,,,,,,,,,,,,,,,,,,,,,,,,,,not_run_mode_limit,
31,14,434,1415,0,False,,,,,False,,,,,,,,,,,,,,,,,,,,,,,,,,,,,,not_run_mode_limit,
9,48,432,1417,0,False,,,,,False,,,,,,,,,,,,,,,,,,,,,,,,,,,,,,not_run_mode_limit,
12,36,432,1417,0,False,,,,,False,,,,,,,,,,,,,,,,,,,,,,,,,,,,,,not_run_mode_limit,
16,27,432,1417,0,False,,,,,False,,,,,,,,,,,,,,,,,,,,,,,,,,,,,,not_run_mode_limit,
18,24,432,1417,0,False,,,,,False,,,,,,,,,,,,,,,,,,,,,,,,,,,,,,not_run_mode_limit,
24,18,432,1417,0,False,,,,,False,,,,,,,,,,,,,,,,,,,,,,,,,,,,,,not_run_mode_limit,
27,16,432,1417,0,False,,,,,False,,,,,,,,,,,,,,,,,,,,,,,,,,,,,,not_run_mode_limit,
36,12,432,1417,0,False,,,,,False,,,,,,,,,,,,,,,,,,,,,,,,,,,,,,not_run_mode_limit,
48,9,432,1417,0,False,,,,,False,,,,,,,,,,,,,,,,,,,,,,,,,,,,,,not_run_mode_limit,
54,8,432,1417,0,False,,,,,False,,,,,,,,,,,,,,,,,,,,,,,,,,,,,,not_run_mode_limit,
10,43,430,1419,0,False,,,,,False,,,,,,,,,,,,,,,,,,,,,,,,,,,,,,not_run_mode_limit,
43,10,430,1419,0,False,,,,,False,,,,,,,,,,,,,,,,,,,,,,,,,,,,,,not_run_mode_limit,
11,39,429,1420,0,False,,,,,False,,,,,,,,,,,,,,,,,,,,,,,,,,,,,,not_run_mode_limit,
13,33,429,1420,0,False,,,,,False,,,,,,,,,,,,,,,,,,,,,,,,,,,,,,not_run_mode_limit,
33,13,429,1420,0,False,,,,,False,,,,,,,,,,,,,,,,,,,,,,,,,,,,,,not_run_mode_limit,
39,11,429,1420,0,False,,,,,False,,,,,,,,,,,,,,,,,,,,,,,,,,,,,,not_run_mode_limit,
17,25,425,1424,0,False,,,,,False,,,,,,,,,,,,,,,,,,,,,,,,,,,,,,not_run_mode_limit,
25,17,425,1424,0,False,,,,,False,,,,,,,,,,,,,,,,,,,,,,,,,,,,,,not_run_mode_limit,
53,8,424,1425,0,False,,,,,False,,,,,,,,,,,,,,,,,,,,,,,,,,,,,,not_run_mode_limit,
9,47,423,1426,0,False,,,,,False,,,,,,,,,,,,,,,,,,,,,,,,,,,,,,not_run_mode_limit,
47,9,423,1426,0,False,,,,,False,,,,,,,,,,,,,,,,,,,,,,,,,,,,,,not_run_mode_limit,
10,42,420,1429,0,False,,,,,False,,,,,,,,,,,,,,,,,,,,,,,,,,,,,,not_run_mode_limit,
12,35,420,1429,0,False,,,,,False,,,,,,,,,,,,,,,,,,,,,,,,,,,,,,not_run_mode_limit,
14,30,420,1429,0,False,,,,,False,,,,,,,,,,,,,,,,,,,,,,,,,,,,,,not_run_mode_limit,
15,28,420,1429,0,False,,,,,False,,,,,,,,,,,,,,,,,,,,,,,,,,,,,,not_run_mode_limit,
20,21,420,1429,0,False,,,,,False,,,,,,,,,,,,,,,,,,,,,,,,,,,,,,not_run_mode_limit,
21,20,420,1429,0,False,,,,,False,,,,,,,,,,,,,,,,,,,,,,,,,,,,,,not_run_mode_limit,
28,15,420,1429,0,False,,,,,False,,,,,,,,,,,,,,,,,,,,,,,,,,,,,,not_run_mode_limit,
30,14,420,1429,0,False,,,,,False,,,,,,,,,,,,,,,,,,,,,,,,,,,,,,not_run_mode_limit,
35,12,420,1429,0,False,,,,,False,,,,,,,,,,,,,,,,,,,,,,,,,,,,,,not_run_mode_limit,
42,10,420,1429,0,False,,,,,False,,,,,,,,,,,,,,,,,,,,,,,,,,,,,,not_run_mode_limit,
60,7,420,1429,0,False,,,,,False,,,,,,,,,,,,,,,,,,,,,,,,,,,,,,not_run_mode_limit,
11,38,418,1431,0,False,,,,,False,,,,,,,,,,,,,,,,,,,,,,,,,,,,,,not_run_mode_limit,
19,22,418,1431,0,False,,,,,False,,,,,,,,,,,,,,,,,,,,,,,,,,,,,,not_run_mode_limit,
22,19,418,1431,0,False,,,,,False,,,,,,,,,,,,,,,,,,,,,,,,,,,,,,not_run_mode_limit,
38,11,418,1431,0,False,,,,,False,,,,,,,,,,,,,,,,,,,,,,,,,,,,,,not_run_mode_limit,
13,32,416,1433,0,False,,,,,False,,,,,,,,,,,,,,,,,,,,,,,,,,,,,,not_run_mode_limit,
16,26,416,1433,0,False,,,,,False,,,,,,,,,,,,,,,,,,,,,,,,,,,,,,not_run_mode_limit,
26,16,416,1433,0,False,,,,,False,,,,,,,,,,,,,,,,,,,,,,,,,,,,,,not_run_mode_limit,
32,13,416,1433,0,False,,,,,False,,,,,,,,,,,,,,,,,,,,,,,,,,,,,,not_run_mode_limit,
52,8,416,1433,0,False,,,,,False,,,,,,,,,,,,,,,,,,,,,,,,,,,,,,not_run_mode_limit,
9,46,414,1435,0,False,,,,,False,,,,,,,,,,,,,,,,,,,,,,,,,,,,,,not_run_mode_limit,
18,23,414,1435,0,False,,,,,False,,,,,,,,,,,,,,,,,,,,,,,,,,,,,,not_run_mode_limit,
23,18,414,1435,0,False,,,,,False,,,,,,,,,,,,,,,,,,,,,,,,,,,,,,not_run_mode_limit,
46,9,414,1435,0,False,,,,,False,,,,,,,,,,,,,,,,,,,,,,,,,,,,,,not_run_mode_limit,
59,7,413,1436,0,False,,,,,False,,,,,,,,,,,,,,,,,,,,,,,,,,,,,,not_run_mode_limit,
10,41,410,1439,0,False,,,,,False,,,,,,,,,,,,,,,,,,,,,,,,,,,,,,not_run_mode_limit,
41,10,410,1439,0,False,,,,,False,,,,,,,,,,,,,,,,,,,,,,,,,,,,,,not_run_mode_limit,
12,34,408,1441,0,False,,,,,False,,,,,,,,,,,,,,,,,,,,,,,,,,,,,,not_run_mode_limit,
17,24,408,1441,0,False,,,,,False,,,,,,,,,,,,,,,,,,,,,,,,,,,,,,not_run_mode_limit,
24,17,408,1441,0,False,,,,,False,,,,,,,,,,,,,,,,,,,,,,,,,,,,,,not_run_mode_limit,
34,12,408,1441,0,False,,,,,False,,,,,,,,,,,,,,,,,,,,,,,,,,,,,,not_run_mode_limit,
51,8,408,1441,0,False,,,,,False,,,,,,,,,,,,,,,,,,,,,,,,,,,,,,not_run_mode_limit,
11,37,407,1442,0,False,,,,,False,,,,,,,,,,,,,,,,,,,,,,,,,,,,,,not_run_mode_limit,
37,11,407,1442,0,False,,,,,False,,,,,,,,,,,,,,,,,,,,,,,,,,,,,,not_run_mode_limit,
14,29,406,1443,0,False,,,,,False,,,,,,,,,,,,,,,,,,,,,,,,,,,,,,not_run_mode_limit,
29,14,406,1443,0,False,,,,,False,,,,,,,,,,,,,,,,,,,,,,,,,,,,,,not_run_mode_limit,
58,7,406,1443,0,False,,,,,False,,,,,,,,,,,,,,,,,,,,,,,,,,,,,,not_run_mode_limit,
9,45,405,1444,0,False,,,,,False,,,,,,,,,,,,,,,,,,,,,,,,,,,,,,not_run_mode_limit,
15,27,405,1444,0,False,,,,,False,,,,,,,,,,,,,,,,,,,,,,,,,,,,,,not_run_mode_limit,
27,15,405,1444,0,False,,,,,False,,,,,,,,,,,,,,,,,,,,,,,,,,,,,,not_run_mode_limit,
45,9,405,1444,0,False,,,,,False,,,,,,,,,,,,,,,,,,,,,,,,,,,,,,not_run_mode_limit,
13,31,403,1446,0,False,,,,,False,,,,,,,,,,,,,,,,,,,,,,,,,,,,,,not_run_mode_limit,
31,13,403,1446,0,False,,,,,False,,,,,,,,,,,,,,,,,,,,,,,,,,,,,,not_run_mode_limit,
8,50,400,1449,0,False,,,,,False,,,,,,,,,,,,,,,,,,,,,,,,,,,,,,not_run_mode_limit,
10,40,400,1449,0,False,,,,,False,,,,,,,,,,,,,,,,,,,,,,,,,,,,,,not_run_mode_limit,
16,25,400,1449,0,False,,,,,False,,,,,,,,,,,,,,,,,,,,,,,,,,,,,,not_run_mode_limit,
20,20,400,1449,0,False,,,,,False,,,,,,,,,,,,,,,,,,,,,,,,,,,,,,not_run_mode_limit,
25,16,400,1449,0,False,,,,,False,,,,,,,,,,,,,,,,,,,,,,,,,,,,,,not_run_mode_limit,
40,10,400,1449,0,False,,,,,False,,,,,,,,,,,,,,,,,,,,,,,,,,,,,,not_run_mode_limit,
50,8,400,1449,0,False,,,,,False,,,,,,,,,,,,,,,,,,,,,,,,,,,,,,not_run_mode_limit,
19,21,399,1450,0,False,,,,,False,,,,,,,,,,,,,,,,,,,,,,,,,,,,,,not_run_mode_limit,
21,19,399,1450,0,False,,,,,False,,,,,,,,,,,,,,,,,,,,,,,,,,,,,,not_run_mode_limit,
57,7,399,1450,0,False,,,,,False,,,,,,,,,,,,,,,,,,,,,,,,,,,,,,not_run_mode_limit,
9,44,396,1453,0,False,,,,,False,,,,,,,,,,,,,,,,,,,,,,,,,,,,,,not_run_mode_limit,
11,36,396,1453,0,False,,,,,False,,,,,,,,,,,,,,,,,,,,,,,,,,,,,,not_run_mode_limit,
12,33,396,1453,0,False,,,,,False,,,,,,,,,,,,,,,,,,,,,,,,,,,,,,not_run_mode_limit,
18,22,396,1453,0,False,,,,,False,,,,,,,,,,,,,,,,,,,,,,,,,,,,,,not_run_mode_limit,
22,18,396,1453,0,False,,,,,False,,,,,,,,,,,,,,,,,,,,,,,,,,,,,,not_run_mode_limit,
33,12,396,1453,0,False,,,,,False,,,,,,,,,,,,,,,,,,,,,,,,,,,,,,not_run_mode_limit,
36,11,396,1453,0,False,,,,,False,,,,,,,,,,,,,,,,,,,,,,,,,,,,,,not_run_mode_limit,
44,9,396,1453,0,False,,,,,False,,,,,,,,,,,,,,,,,,,,,,,,,,,,,,not_run_mode_limit,
8,49,392,1457,0,False,,,,,False,,,,,,,,,,,,,,,,,,,,,,,,,,,,,,not_run_mode_limit,
14,28,392,1457,0,False,,,,,False,,,,,,,,,,,,,,,,,,,,,,,,,,,,,,not_run_mode_limit,
28,14,392,1457,0,False,,,,,False,,,,,,,,,,,,,,,,,,,,,,,,,,,,,,not_run_mode_limit,
49,8,392,1457,0,False,,,,,False,,,,,,,,,,,,,,,,,,,,,,,,,,,,,,not_run_mode_limit,
56,7,392,1457,0,False,,,,,False,,,,,,,,,,,,,,,,,,,,,,,,,,,,,,not_run_mode_limit,
17,23,391,1458,0,False,,,,,False,,,,,,,,,,,,,,,,,,,,,,,,,,,,,,not_run_mode_limit,
23,17,391,1458,0,False,,,,,False,,,,,,,,,,,,,,,,,,,,,,,,,,,,,,not_run_mode_limit,
10,39,390,1459,0,False,,,,,False,,,,,,,,,,,,,,,,,,,,,,,,,,,,,,not_run_mode_limit,
13,30,390,1459,0,False,,,,,False,,,,,,,,,,,,,,,,,,,,,,,,,,,,,,not_run_mode_limit,
15,26,390,1459,0,False,,,,,False,,,,,,,,,,,,,,,,,,,,,,,,,,,,,,not_run_mode_limit,
26,15,390,1459,0,False,,,,,False,,,,,,,,,,,,,,,,,,,,,,,,,,,,,,not_run_mode_limit,
30,13,390,1459,0,False,,,,,False,,,,,,,,,,,,,,,,,,,,,,,,,,,,,,not_run_mode_limit,
39,10,390,1459,0,False,,,,,False,,,,,,,,,,,,,,,,,,,,,,,,,,,,,,not_run_mode_limit,
9,43,387,1462,0,False,,,,,False,,,,,,,,,,,,,,,,,,,,,,,,,,,,,,not_run_mode_limit,
43,9,387,1462,0,False,,,,,False,,,,,,,,,,,,,,,,,,,,,,,,,,,,,,not_run_mode_limit,
11,35,385,1464,0,False,,,,,False,,,,,,,,,,,,,,,,,,,,,,,,,,,,,,not_run_mode_limit,
35,11,385,1464,0,False,,,,,False,,,,,,,,,,,,,,,,,,,,,,,,,,,,,,not_run_mode_limit,
55,7,385,1464,0,False,,,,,False,,,,,,,,,,,,,,,,,,,,,,,,,,,,,,not_run_mode_limit,
8,48,384,1465,0,False,,,,,False,,,,,,,,,,,,,,,,,,,,,,,,,,,,,,not_run_mode_limit,
12,32,384,1465,0,False,,,,,False,,,,,,,,,,,,,,,,,,,,,,,,,,,,,,not_run_mode_limit,
16,24,384,1465,0,False,,,,,False,,,,,,,,,,,,,,,,,,,,,,,,,,,,,,not_run_mode_limit,
24,16,384,1465,0,False,,,,,False,,,,,,,,,,,,,,,,,,,,,,,,,,,,,,not_run_mode_limit,
32,12,384,1465,0,False,,,,,False,,,,,,,,,,,,,,,,,,,,,,,,,,,,,,not_run_mode_limit,
48,8,384,1465,0,False,,,,,False,,,,,,,,,,,,,,,,,,,,,,,,,,,,,,not_run_mode_limit,
10,38,380,1469,0,False,,,,,False,,,,,,,,,,,,,,,,,,,,,,,,,,,,,,not_run_mode_limit,
19,20,380,1469,0,False,,,,,False,,,,,,,,,,,,,,,,,,,,,,,,,,,,,,not_run_mode_limit,
20,19,380,1469,0,False,,,,,False,,,,,,,,,,,,,,,,,,,,,,,,,,,,,,not_run_mode_limit,
38,10,380,1469,0,False,,,,,False,,,,,,,,,,,,,,,,,,,,,,,,,,,,,,not_run_mode_limit,
9,42,378,1471,0,False,,,,,False,,,,,,,,,,,,,,,,,,,,,,,,,,,,,,not_run_mode_limit,
14,27,378,1471,0,False,,,,,False,,,,,,,,,,,,,,,,,,,,,,,,,,,,,,not_run_mode_limit,
18,21,378,1471,0,False,,,,,False,,,,,,,,,,,,,,,,,,,,,,,,,,,,,,not_run_mode_limit,
21,18,378,1471,0,False,,,,,False,,,,,,,,,,,,,,,,,,,,,,,,,,,,,,not_run_mode_limit,
27,14,378,1471,0,False,,,,,False,,,,,,,,,,,,,,,,,,,,,,,,,,,,,,not_run_mode_limit,
42,9,378,1471,0,False,,,,,False,,,,,,,,,,,,,,,,,,,,,,,,,,,,,,not_run_mode_limit,
54,7,378,1471,0,False,,,,,False,,,,,,,,,,,,,,,,,,,,,,,,,,,,,,not_run_mode_limit,
13,29,377,1472,0,False,,,,,False,,,,,,,,,,,,,,,,,,,,,,,,,,,,,,not_run_mode_limit,
29,13,377,1472,0,False,,,,,False,,,,,,,,,,,,,,,,,,,,,,,,,,,,,,not_run_mode_limit,
8,47,376,1473,0,False,,,,,False,,,,,,,,,,,,,,,,,,,,,,,,,,,,,,not_run_mode_limit,
47,8,376,1473,0,False,,,,,False,,,,,,,,,,,,,,,,,,,,,,,,,,,,,,not_run_mode_limit,
15,25,375,1474,0,False,,,,,False,,,,,,,,,,,,,,,,,,,,,,,,,,,,,,not_run_mode_limit,
25,15,375,1474,0,False,,,,,False,,,,,,,,,,,,,,,,,,,,,,,,,,,,,,not_run_mode_limit,
11,34,374,1475,0,False,,,,,False,,,,,,,,,,,,,,,,,,,,,,,,,,,,,,not_run_mode_limit,
17,22,374,1475,0,False,,,,,False,,,,,,,,,,,,,,,,,,,,,,,,,,,,,,not_run_mode_limit,
22,17,374,1475,0,False,,,,,False,,,,,,,,,,,,,,,,,,,,,,,,,,,,,,not_run_mode_limit,
34,11,374,1475,0,False,,,,,False,,,,,,,,,,,,,,,,,,,,,,,,,,,,,,not_run_mode_limit,
12,31,372,1477,0,False,,,,,False,,,,,,,,,,,,,,,,,,,,,,,,,,,,,,not_run_mode_limit,
31,12,372,1477,0,False,,,,,False,,,,,,,,,,,,,,,,,,,,,,,,,,,,,,not_run_mode_limit,
53,7,371,1478,0,False,,,,,False,,,,,,,,,,,,,,,,,,,,,,,,,,,,,,not_run_mode_limit,
10,37,370,1479,0,False,,,,,False,,,,,,,,,,,,,,,,,,,,,,,,,,,,,,not_run_mode_limit,
37,10,370,1479,0,False,,,,,False,,,,,,,,,,,,,,,,,,,,,,,,,,,,,,not_run_mode_limit,
9,41,369,1480,0,False,,,,,False,,,,,,,,,,,,,,,,,,,,,,,,,,,,,,not_run_mode_limit,
41,9,369,1480,0,False,,,,,False,,,,,,,,,,,,,,,,,,,,,,,,,,,,,,not_run_mode_limit,
8,46,368,1481,0,False,,,,,False,,,,,,,,,,,,,,,,,,,,,,,,,,,,,,not_run_mode_limit,
16,23,368,1481,0,False,,,,,False,,,,,,,,,,,,,,,,,,,,,,,,,,,,,,not_run_mode_limit,
23,16,368,1481,0,False,,,,,False,,,,,,,,,,,,,,,,,,,,,,,,,,,,,,not_run_mode_limit,
46,8,368,1481,0,False,,,,,False,,,,,,,,,,,,,,,,,,,,,,,,,,,,,,not_run_mode_limit,
13,28,364,1485,0,False,,,,,False,,,,,,,,,,,,,,,,,,,,,,,,,,,,,,not_run_mode_limit,
14,26,364,1485,0,False,,,,,False,,,,,,,,,,,,,,,,,,,,,,,,,,,,,,not_run_mode_limit,
26,14,364,1485,0,False,,,,,False,,,,,,,,,,,,,,,,,,,,,,,,,,,,,,not_run_mode_limit,
28,13,364,1485,0,False,,,,,False,,,,,,,,,,,,,,,,,,,,,,,,,,,,,,not_run_mode_limit,
52,7,364,1485,0,False,,,,,False,,,,,,,,,,,,,,,,,,,,,,,,,,,,,,not_run_mode_limit,
11,33,363,1486,0,False,,,,,False,,,,,,,,,,,,,,,,,,,,,,,,,,,,,,not_run_mode_limit,
33,11,363,1486,0,False,,,,,False,,,,,,,,,,,,,,,,,,,,,,,,,,,,,,not_run_mode_limit,
19,19,361,1488,0,False,,,,,False,,,,,,,,,,,,,,,,,,,,,,,,,,,,,,not_run_mode_limit,
8,45,360,1489,0,False,,,,,False,,,,,,,,,,,,,,,,,,,,,,,,,,,,,,not_run_mode_limit,
9,40,360,1489,0,False,,,,,False,,,,,,,,,,,,,,,,,,,,,,,,,,,,,,not_run_mode_limit,
10,36,360,1489,0,False,,,,,False,,,,,,,,,,,,,,,,,,,,,,,,,,,,,,not_run_mode_limit,
12,30,360,1489,0,False,,,,,False,,,,,,,,,,,,,,,,,,,,,,,,,,,,,,not_run_mode_limit,
15,24,360,1489,0,False,,,,,False,,,,,,,,,,,,,,,,,,,,,,,,,,,,,,not_run_mode_limit,
18,20,360,1489,0,False,,,,,False,,,,,,,,,,,,,,,,,,,,,,,,,,,,,,not_run_mode_limit,
20,18,360,1489,0,False,,,,,False,,,,,,,,,,,,,,,,,,,,,,,,,,,,,,not_run_mode_limit,
24,15,360,1489,0,False,,,,,False,,,,,,,,,,,,,,,,,,,,,,,,,,,,,,not_run_mode_limit,
30,12,360,1489,0,False,,,,,False,,,,,,,,,,,,,,,,,,,,,,,,,,,,,,not_run_mode_limit,
36,10,360,1489,0,False,,,,,False,,,,,,,,,,,,,,,,,,,,,,,,,,,,,,not_run_mode_limit,
40,9,360,1489,0,False,,,,,False,,,,,,,,,,,,,,,,,,,,,,,,,,,,,,not_run_mode_limit,
45,8,360,1489,0,False,,,,,False,,,,,,,,,,,,,,,,,,,,,,,,,,,,,,not_run_mode_limit,
60,6,360,1489,0,False,,,,,False,,,,,,,,,,,,,,,,,,,,,,,,,,,,,,not_run_mode_limit,
17,21,357,1492,0,False,,,,,False,,,,,,,,,,,,,,,,,,,,,,,,,,,,,,not_run_mode_limit,
21,17,357,1492,0,False,,,,,False,,,,,,,,,,,,,,,,,,,,,,,,,,,,,,not_run_mode_limit,
51,7,357,1492,0,False,,,,,False,,,,,,,,,,,,,,,,,,,,,,,,,,,,,,not_run_mode_limit,
59,6,354,1495,0,False,,,,,False,,,,,,,,,,,,,,,,,,,,,,,,,,,,,,not_run_mode_limit,
8,44,352,1497,0,False,,,,,False,,,,,,,,,,,,,,,,,,,,,,,,,,,,,,not_run_mode_limit,
11,32,352,1497,0,False,,,,,False,,,,,,,,,,,,,,,,,,,,,,,,,,,,,,not_run_mode_limit,
16,22,352,1497,0,False,,,,,False,,,,,,,,,,,,,,,,,,,,,,,,,,,,,,not_run_mode_limit,
22,16,352,1497,0,False,,,,,False,,,,,,,,,,,,,,,,,,,,,,,,,,,,,,not_run_mode_limit,
32,11,352,1497,0,False,,,,,False,,,,,,,,,,,,,,,,,,,,,,,,,,,,,,not_run_mode_limit,
44,8,352,1497,0,False,,,,,False,,,,,,,,,,,,,,,,,,,,,,,,,,,,,,not_run_mode_limit,
9,39,351,1498,0,False,,,,,False,,,,,,,,,,,,,,,,,,,,,,,,,,,,,,not_run_mode_limit,
13,27,351,1498,0,False,,,,,False,,,,,,,,,,,,,,,,,,,,,,,,,,,,,,not_run_mode_limit,
27,13,351,1498,0,False,,,,,False,,,,,,,,,,,,,,,,,,,,,,,,,,,,,,not_run_mode_limit,
39,9,351,1498,0,False,,,,,False,,,,,,,,,,,,,,,,,,,,,,,,,,,,,,not_run_mode_limit,
7,50,350,1499,0,False,,,,,False,,,,,,,,,,,,,,,,,,,,,,,,,,,,,,not_run_mode_limit,
10,35,350,1499,0,False,,,,,False,,,,,,,,,,,,,,,,,,,,,,,,,,,,,,not_run_mode_limit,
14,25,350,1499,0,False,,,,,False,,,,,,,,,,,,,,,,,,,,,,,,,,,,,,not_run_mode_limit,
25,14,350,1499,0,False,,,,,False,,,,,,,,,,,,,,,,,,,,,,,,,,,,,,not_run_mode_limit,
35,10,350,1499,0,False,,,,,False,,,,,,,,,,,,,,,,,,,,,,,,,,,,,,not_run_mode_limit,
50,7,350,1499,0,False,,,,,False,,,,,,,,,,,,,,,,,,,,,,,,,,,,,,not_run_mode_limit,
12,29,348,1501,0,False,,,,,False,,,,,,,,,,,,,,,,,,,,,,,,,,,,,,not_run_mode_limit,
29,12,348,1501,0,False,,,,,False,,,,,,,,,,,,,,,,,,,,,,,,,,,,,,not_run_mode_limit,
58,6,348,1501,0,False,,,,,False,,,,,,,,,,,,,,,,,,,,,,,,,,,,,,not_run_mode_limit,
15,23,345,1504,0,False,,,,,False,,,,,,,,,,,,,,,,,,,,,,,,,,,,,,not_run_mode_limit,
23,15,345,1504,0,False,,,,,False,,,,,,,,,,,,,,,,,,,,,,,,,,,,,,not_run_mode_limit,
8,43,344,1505,0,False,,,,,False,,,,,,,,,,,,,,,,,,,,,,,,,,,,,,not_run_mode_limit,
43,8,344,1505,0,False,,,,,False,,,,,,,,,,,,,,,,,,,,,,,,,,,,,,not_run_mode_limit,
7,49,343,1506,0,False,,,,,False,,,,,,,,,,,,,,,,,,,,,,,,,,,,,,not_run_mode_limit,
49,7,343,1506,0,False,,,,,False,,,,,,,,,,,,,,,,,,,,,,,,,,,,,,not_run_mode_limit,
9,38,342,1507,0,False,,,,,False,,,,,,,,,,,,,,,,,,,,,,,,,,,,,,not_run_mode_limit,
18,19,342,1507,0,False,,,,,False,,,,,,,,,,,,,,,,,,,,,,,,,,,,,,not_run_mode_limit,
19,18,342,1507,0,False,,,,,False,,,,,,,,,,,,,,,,,,,,,,,,,,,,,,not_run_mode_limit,
38,9,342,1507,0,False,,,,,False,,,,,,,,,,,,,,,,,,,,,,,,,,,,,,not_run_mode_limit,
57,6,342,1507,0,False,,,,,False,,,,,,,,,,,,,,,,,,,,,,,,,,,,,,not_run_mode_limit,
11,31,341,1508,0,False,,,,,False,,,,,,,,,,,,,,,,,,,,,,,,,,,,,,not_run_mode_limit,
31,11,341,1508,0,False,,,,,False,,,,,,,,,,,,,,,,,,,,,,,,,,,,,,not_run_mode_limit,
10,34,340,1509,0,False,,,,,False,,,,,,,,,,,,,,,,,,,,,,,,,,,,,,not_run_mode_limit,
17,20,340,1509,0,False,,,,,False,,,,,,,,,,,,,,,,,,,,,,,,,,,,,,not_run_mode_limit,
20,17,340,1509,0,False,,,,,False,,,,,,,,,,,,,,,,,,,,,,,,,,,,,,not_run_mode_limit,
34,10,340,1509,0,False,,,,,False,,,,,,,,,,,,,,,,,,,,,,,,,,,,,,not_run_mode_limit,
13,26,338,1511,0,False,,,,,False,,,,,,,,,,,,,,,,,,,,,,,,,,,,,,not_run_mode_limit,
26,13,338,1511,0,False,,,,,False,,,,,,,,,,,,,,,,,,,,,,,,,,,,,,not_run_mode_limit,
7,48,336,1513,0,False,,,,,False,,,,,,,,,,,,,,,,,,,,,,,,,,,,,,not_run_mode_limit,
8,42,336,1513,0,False,,,,,False,,,,,,,,,,,,,,,,,,,,,,,,,,,,,,not_run_mode_limit,
12,28,336,1513,0,False,,,,,False,,,,,,,,,,,,,,,,,,,,,,,,,,,,,,not_run_mode_limit,
14,24,336,1513,0,False,,,,,False,,,,,,,,,,,,,,,,,,,,,,,,,,,,,,not_run_mode_limit,
16,21,336,1513,0,False,,,,,False,,,,,,,,,,,,,,,,,,,,,,,,,,,,,,not_run_mode_limit,
21,16,336,1513,0,False,,,,,False,,,,,,,,,,,,,,,,,,,,,,,,,,,,,,not_run_mode_limit,
24,14,336,1513,0,False,,,,,False,,,,,,,,,,,,,,,,,,,,,,,,,,,,,,not_run_mode_limit,
28,12,336,1513,0,False,,,,,False,,,,,,,,,,,,,,,,,,,,,,,,,,,,,,not_run_mode_limit,
42,8,336,1513,0,False,,,,,False,,,,,,,,,,,,,,,,,,,,,,,,,,,,,,not_run_mode_limit,
48,7,336,1513,0,False,,,,,False,,,,,,,,,,,,,,,,,,,,,,,,,,,,,,not_run_mode_limit,
56,6,336,1513,0,False,,,,,False,,,,,,,,,,,,,,,,,,,,,,,,,,,,,,not_run_mode_limit,
9,37,333,1516,0,False,,,,,False,,,,,,,,,,,,,,,,,,,,,,,,,,,,,,not_run_mode_limit,
37,9,333,1516,0,False,,,,,False,,,,,,,,,,,,,,,,,,,,,,,,,,,,,,not_run_mode_limit,
10,33,330,1519,0,False,,,,,False,,,,,,,,,,,,,,,,,,,,,,,,,,,,,,not_run_mode_limit,
11,30,330,1519,0,False,,,,,False,,,,,,,,,,,,,,,,,,,,,,,,,,,,,,not_run_mode_limit,
15,22,330,1519,0,False,,,,,False,,,,,,,,,,,,,,,,,,,,,,,,,,,,,,not_run_mode_limit,
22,15,330,1519,0,False,,,,,False,,,,,,,,,,,,,,,,,,,,,,,,,,,,,,not_run_mode_limit,
30,11,330,1519,0,False,,,,,False,,,,,,,,,,,,,,,,,,,,,,,,,,,,,,not_run_mode_limit,
33,10,330,1519,0,False,,,,,False,,,,,,,,,,,,,,,,,,,,,,,,,,,,,,not_run_mode_limit,
55,6,330,1519,0,False,,,,,False,,,,,,,,,,,,,,,,,,,,,,,,,,,,,,not_run_mode_limit,
7,47,329,1520,0,False,,,,,False,,,,,,,,,,,,,,,,,,,,,,,,,,,,,,not_run_mode_limit,
47,7,329,1520,0,False,,,,,False,,,,,,,,,,,,,,,,,,,,,,,,,,,,,,not_run_mode_limit,
8,41,328,1521,0,False,,,,,False,,,,,,,,,,,,,,,,,,,,,,,,,,,,,,not_run_mode_limit,
41,8,328,1521,0,False,,,,,False,,,,,,,,,,,,,,,,,,,,,,,,,,,,,,not_run_mode_limit,
13,25,325,1524,0,False,,,,,False,,,,,,,,,,,,,,,,,,,,,,,,,,,,,,not_run_mode_limit,
25,13,325,1524,0,False,,,,,False,,,,,,,,,,,,,,,,,,,,,,,,,,,,,,not_run_mode_limit,
9,36,324,1525,0,False,,,,,False,,,,,,,,,,,,,,,,,,,,,,,,,,,,,,not_run_mode_limit,
12,27,324,1525,0,False,,,,,False,,,,,,,,,,,,,,,,,,,,,,,,,,,,,,not_run_mode_limit,
18,18,324,1525,0,False,,,,,False,,,,,,,,,,,,,,,,,,,,,,,,,,,,,,not_run_mode_limit,
27,12,324,1525,0,False,,,,,False,,,,,,,,,,,,,,,,,,,,,,,,,,,,,,not_run_mode_limit,
36,9,324,1525,0,False,,,,,False,,,,,,,,,,,,,,,,,,,,,,,,,,,,,,not_run_mode_limit,
54,6,324,1525,0,False,,,,,False,,,,,,,,,,,,,,,,,,,,,,,,,,,,,,not_run_mode_limit,
17,19,323,1526,0,False,,,,,False,,,,,,,,,,,,,,,,,,,,,,,,,,,,,,not_run_mode_limit,
19,17,323,1526,0,False,,,,,False,,,,,,,,,,,,,,,,,,,,,,,,,,,,,,not_run_mode_limit,
7,46,322,1527,0,False,,,,,False,,,,,,,,,,,,,,,,,,,,,,,,,,,,,,not_run_mode_limit,
14,23,322,1527,0,False,,,,,False,,,,,,,,,,,,,,,,,,,,,,,,,,,,,,not_run_mode_limit,
23,14,322,1527,0,False,,,,,False,,,,,,,,,,,,,,,,,,,,,,,,,,,,,,not_run_mode_limit,
46,7,322,1527,0,False,,,,,False,,,,,,,,,,,,,,,,,,,,,,,,,,,,,,not_run_mode_limit,
8,40,320,1529,0,False,,,,,False,,,,,,,,,,,,,,,,,,,,,,,,,,,,,,not_run_mode_limit,
10,32,320,1529,0,False,,,,,False,,,,,,,,,,,,,,,,,,,,,,,,,,,,,,not_run_mode_limit,
16,20,320,1529,0,False,,,,,False,,,,,,,,,,,,,,,,,,,,,,,,,,,,,,not_run_mode_limit,
20,16,320,1529,0,False,,,,,False,,,,,,,,,,,,,,,,,,,,,,,,,,,,,,not_run_mode_limit,
32,10,320,1529,0,False,,,,,False,,,,,,,,,,,,,,,,,,,,,,,,,,,,,,not_run_mode_limit,
40,8,320,1529,0,False,,,,,False,,,,,,,,,,,,,,,,,,,,,,,,,,,,,,not_run_mode_limit,
11,29,319,1530,0,False,,,,,False,,,,,,,,,,,,,,,,,,,,,,,,,,,,,,not_run_mode_limit,
29,11,319,1530,0,False,,,,,False,,,,,,,,,,,,,,,,,,,,,,,,,,,,,,not_run_mode_limit,
53,6,318,1531,0,False,,,,,False,,,,,,,,,,,,,,,,,,,,,,,,,,,,,,not_run_mode_limit,
7,45,315,1534,0,False,,,,,False,,,,,,,,,,,,,,,,,,,,,,,,,,,,,,not_run_mode_limit,
9,35,315,1534,0,False,,,,,False,,,,,,,,,,,,,,,,,,,,,,,,,,,,,,not_run_mode_limit,
15,21,315,1534,0,False,,,,,False,,,,,,,,,,,,,,,,,,,,,,,,,,,,,,not_run_mode_limit,
21,15,315,1534,0,False,,,,,False,,,,,,,,,,,,,,,,,,,,,,,,,,,,,,not_run_mode_limit,
35,9,315,1534,0,False,,,,,False,,,,,,,,,,,,,,,,,,,,,,,,,,,,,,not_run_mode_limit,
45,7,315,1534,0,False,,,,,False,,,,,,,,,,,,,,,,,,,,,,,,,,,,,,not_run_mode_limit,
8,39,312,1537,0,False,,,,,False,,,,,,,,,,,,,,,,,,,,,,,,,,,,,,not_run_mode_limit,
12,26,312,1537,0,False,,,,,False,,,,,,,,,,,,,,,,,,,,,,,,,,,,,,not_run_mode_limit,
13,24,312,1537,0,False,,,,,False,,,,,,,,,,,,,,,,,,,,,,,,,,,,,,not_run_mode_limit,
24,13,312,1537,0,False,,,,,False,,,,,,,,,,,,,,,,,,,,,,,,,,,,,,not_run_mode_limit,
26,12,312,1537,0,False,,,,,False,,,,,,,,,,,,,,,,,,,,,,,,,,,,,,not_run_mode_limit,
39,8,312,1537,0,False,,,,,False,,,,,,,,,,,,,,,,,,,,,,,,,,,,,,not_run_mode_limit,
52,6,312,1537,0,False,,,,,False,,,,,,,,,,,,,,,,,,,,,,,,,,,,,,not_run_mode_limit,
10,31,310,1539,0,False,,,,,False,,,,,,,,,,,,,,,,,,,,,,,,,,,,,,not_run_mode_limit,
31,10,310,1539,0,False,,,,,False,,,,,,,,,,,,,,,,,,,,,,,,,,,,,,not_run_mode_limit,
7,44,308,1541,0,False,,,,,False,,,,,,,,,,,,,,,,,,,,,,,,,,,,,,not_run_mode_limit,
11,28,308,1541,0,False,,,,,False,,,,,,,,,,,,,,,,,,,,,,,,,,,,,,not_run_mode_limit,
14,22,308,1541,0,False,,,,,False,,,,,,,,,,,,,,,,,,,,,,,,,,,,,,not_run_mode_limit,
22,14,308,1541,0,False,,,,,False,,,,,,,,,,,,,,,,,,,,,,,,,,,,,,not_run_mode_limit,
28,11,308,1541,0,False,,,,,False,,,,,,,,,,,,,,,,,,,,,,,,,,,,,,not_run_mode_limit,
44,7,308,1541,0,False,,,,,False,,,,,,,,,,,,,,,,,,,,,,,,,,,,,,not_run_mode_limit,
9,34,306,1543,0,False,,,,,False,,,,,,,,,,,,,,,,,,,,,,,,,,,,,,not_run_mode_limit,
17,18,306,1543,0,False,,,,,False,,,,,,,,,,,,,,,,,,,,,,,,,,,,,,not_run_mode_limit,
18,17,306,1543,0,False,,,,,False,,,,,,,,,,,,,,,,,,,,,,,,,,,,,,not_run_mode_limit,
34,9,306,1543,0,False,,,,,False,,,,,,,,,,,,,,,,,,,,,,,,,,,,,,not_run_mode_limit,
51,6,306,1543,0,False,,,,,False,,,,,,,,,,,,,,,,,,,,,,,,,,,,,,not_run_mode_limit,
8,38,304,1545,0,False,,,,,False,,,,,,,,,,,,,,,,,,,,,,,,,,,,,,not_run_mode_limit,
16,19,304,1545,0,False,,,,,False,,,,,,,,,,,,,,,,,,,,,,,,,,,,,,not_run_mode_limit,
19,16,304,1545,0,False,,,,,False,,,,,,,,,,,,,,,,,,,,,,,,,,,,,,not_run_mode_limit,
38,8,304,1545,0,False,,,,,False,,,,,,,,,,,,,,,,,,,,,,,,,,,,,,not_run_mode_limit,
7,43,301,1548,0,False,,,,,False,,,,,,,,,,,,,,,,,,,,,,,,,,,,,,not_run_mode_limit,
43,7,301,1548,0,False,,,,,False,,,,,,,,,,,,,,,,,,,,,,,,,,,,,,not_run_mode_limit,
6,50,300,1549,0,False,,,,,False,,,,,,,,,,,,,,,,,,,,,,,,,,,,,,not_run_mode_limit,
10,30,300,1549,0,False,,,,,False,,,,,,,,,,,,,,,,,,,,,,,,,,,,,,not_run_mode_limit,
12,25,300,1549,0,False,,,,,False,,,,,,,,,,,,,,,,,,,,,,,,,,,,,,not_run_mode_limit,
15,20,300,1549,0,False,,,,,False,,,,,,,,,,,,,,,,,,,,,,,,,,,,,,not_run_mode_limit,
20,15,300,1549,0,False,,,,,False,,,,,,,,,,,,,,,,,,,,,,,,,,,,,,not_run_mode_limit,
25,12,300,1549,0,False,,,,,False,,,,,,,,,,,,,,,,,,,,,,,,,,,,,,not_run_mode_limit,
30,10,300,1549,0,False,,,,,False,,,,,,,,,,,,,,,,,,,,,,,,,,,,,,not_run_mode_limit,
50,6,300,1549,0,False,,,,,False,,,,,,,,,,,,,,,,,,,,,,,,,,,,,,not_run_mode_limit,
60,5,300,1549,0,False,,,,,False,,,,,,,,,,,,,,,,,,,,,,,,,,,,,,not_run_mode_limit,
13,23,299,1550,0,False,,,,,False,,,,,,,,,,,,,,,,,,,,,,,,,,,,,,not_run_mode_limit,
23,13,299,1550,0,False,,,,,False,,,,,,,,,,,,,,,,,,,,,,,,,,,,,,not_run_mode_limit,
9,33,297,1552,0,False,,,,,False,,,,,,,,,,,,,,,,,,,,,,,,,,,,,,not_run_mode_limit,
11,27,297,1552,0,False,,,,,False,,,,,,,,,,,,,,,,,,,,,,,,,,,,,,not_run_mode_limit,
27,11,297,1552,0,False,,,,,False,,,,,,,,,,,,,,,,,,,,,,,,,,,,,,not_run_mode_limit,
33,9,297,1552,0,False,,,,,False,,,,,,,,,,,,,,,,,,,,,,,,,,,,,,not_run_mode_limit,
8,37,296,1553,0,False,,,,,False,,,,,,,,,,,,,,,,,,,,,,,,,,,,,,not_run_mode_limit,
37,8,296,1553,0,False,,,,,False,,,,,,,,,,,,,,,,,,,,,,,,,,,,,,not_run_mode_limit,
59,5,295,1554,0,False,,,,,False,,,,,,,,,,,,,,,,,,,,,,,,,,,,,,not_run_mode_limit,
6,49,294,1555,0,False,,,,,False,,,,,,,,,,,,,,,,,,,,,,,,,,,,,,not_run_mode_limit,
7,42,294,1555,0,False,,,,,False,,,,,,,,,,,,,,,,,,,,,,,,,,,,,,not_run_mode_limit,
14,21,294,1555,0,False,,,,,False,,,,,,,,,,,,,,,,,,,,,,,,,,,,,,not_run_mode_limit,
21,14,294,1555,0,False,,,,,False,,,,,,,,,,,,,,,,,,,,,,,,,,,,,,not_run_mode_limit,
42,7,294,1555,0,False,,,,,False,,,,,,,,,,,,,,,,,,,,,,,,,,,,,,not_run_mode_limit,
49,6,294,1555,0,False,,,,,False,,,,,,,,,,,,,,,,,,,,,,,,,,,,,,not_run_mode_limit,
10,29,290,1559,0,False,,,,,False,,,,,,,,,,,,,,,,,,,,,,,,,,,,,,not_run_mode_limit,
29,10,290,1559,0,False,,,,,False,,,,,,,,,,,,,,,,,,,,,,,,,,,,,,not_run_mode_limit,
58,5,290,1559,0,False,,,,,False,,,,,,,,,,,,,,,,,,,,,,,,,,,,,,not_run_mode_limit,
17,17,289,1560,0,False,,,,,False,,,,,,,,,,,,,,,,,,,,,,,,,,,,,,not_run_mode_limit,
6,48,288,1561,0,False,,,,,False,,,,,,,,,,,,,,,,,,,,,,,,,,,,,,not_run_mode_limit,
8,36,288,1561,0,False,,,,,False,,,,,,,,,,,,,,,,,,,,,,,,,,,,,,not_run_mode_limit,
9,32,288,1561,0,False,,,,,False,,,,,,,,,,,,,,,,,,,,,,,,,,,,,,not_run_mode_limit,
12,24,288,1561,0,False,,,,,False,,,,,,,,,,,,,,,,,,,,,,,,,,,,,,not_run_mode_limit,
16,18,288,1561,0,False,,,,,False,,,,,,,,,,,,,,,,,,,,,,,,,,,,,,not_run_mode_limit,
18,16,288,1561,0,False,,,,,False,,,,,,,,,,,,,,,,,,,,,,,,,,,,,,not_run_mode_limit,
24,12,288,1561,0,False,,,,,False,,,,,,,,,,,,,,,,,,,,,,,,,,,,,,not_run_mode_limit,
32,9,288,1561,0,False,,,,,False,,,,,,,,,,,,,,,,,,,,,,,,,,,,,,not_run_mode_limit,
36,8,288,1561,0,False,,,,,False,,,,,,,,,,,,,,,,,,,,,,,,,,,,,,not_run_mode_limit,
48,6,288,1561,0,False,,,,,False,,,,,,,,,,,,,,,,,,,,,,,,,,,,,,not_run_mode_limit,
7,41,287,1562,0,False,,,,,False,,,,,,,,,,,,,,,,,,,,,,,,,,,,,,not_run_mode_limit,
41,7,287,1562,0,False,,,,,False,,,,,,,,,,,,,,,,,,,,,,,,,,,,,,not_run_mode_limit,
11,26,286,1563,0,False,,,,,False,,,,,,,,,,,,,,,,,,,,,,,,,,,,,,not_run_mode_limit,
13,22,286,1563,0,False,,,,,False,,,,,,,,,,,,,,,,,,,,,,,,,,,,,,not_run_mode_limit,
22,13,286,1563,0,False,,,,,False,,,,,,,,,,,,,,,,,,,,,,,,,,,,,,not_run_mode_limit,
26,11,286,1563,0,False,,,,,False,,,,,,,,,,,,,,,,,,,,,,,,,,,,,,not_run_mode_limit,
15,19,285,1564,0,False,,,,,False,,,,,,,,,,,,,,,,,,,,,,,,,,,,,,not_run_mode_limit,
19,15,285,1564,0,False,,,,,False,,,,,,,,,,,,,,,,,,,,,,,,,,,,,,not_run_mode_limit,
57,5,285,1564,0,False,,,,,False,,,,,,,,,,,,,,,,,,,,,,,,,,,,,,not_run_mode_limit,
6,47,282,1567,0,False,,,,,False,,,,,,,,,,,,,,,,,,,,,,,,,,,,,,not_run_mode_limit,
47,6,282,1567,0,False,,,,,False,,,,,,,,,,,,,,,,,,,,,,,,,,,,,,not_run_mode_limit,
7,40,280,1569,0,False,,,,,False,,,,,,,,,,,,,,,,,,,,,,,,,,,,,,not_run_mode_limit,
8,35,280,1569,0,False,,,,,False,,,,,,,,,,,,,,,,,,,,,,,,,,,,,,not_run_mode_limit,
10,28,280,1569,0,False,,,,,False,,,,,,,,,,,,,,,,,,,,,,,,,,,,,,not_run_mode_limit,
14,20,280,1569,0,False,,,,,False,,,,,,,,,,,,,,,,,,,,,,,,,,,,,,not_run_mode_limit,
20,14,280,1569,0,False,,,,,False,,,,,,,,,,,,,,,,,,,,,,,,,,,,,,not_run_mode_limit,
28,10,280,1569,0,False,,,,,False,,,,,,,,,,,,,,,,,,,,,,,,,,,,,,not_run_mode_limit,
35,8,280,1569,0,False,,,,,False,,,,,,,,,,,,,,,,,,,,,,,,,,,,,,not_run_mode_limit,
40,7,280,1569,0,False,,,,,False,,,,,,,,,,,,,,,,,,,,,,,,,,,,,,not_run_mode_limit,
56,5,280,1569,0,False,,,,,False,,,,,,,,,,,,,,,,,,,,,,,,,,,,,,not_run_mode_limit,
9,31,279,1570,0,False,,,,,False,,,,,,,,,,,,,,,,,,,,,,,,,,,,,,not_run_mode_limit,
31,9,279,1570,0,False,,,,,False,,,,,,,,,,,,,,,,,,,,,,,,,,,,,,not_run_mode_limit,
6,46,276,1573,0,False,,,,,False,,,,,,,,,,,,,,,,,,,,,,,,,,,,,,not_run_mode_limit,
12,23,276,1573,0,False,,,,,False,,,,,,,,,,,,,,,,,,,,,,,,,,,,,,not_run_mode_limit,
23,12,276,1573,0,False,,,,,False,,,,,,,,,,,,,,,,,,,,,,,,,,,,,,not_run_mode_limit,
46,6,276,1573,0,False,,,,,False,,,,,,,,,,,,,,,,,,,,,,,,,,,,,,not_run_mode_limit,
11,25,275,1574,0,False,,,,,False,,,,,,,,,,,,,,,,,,,,,,,,,,,,,,not_run_mode_limit,
25,11,275,1574,0,False,,,,,False,,,,,,,,,,,,,,,,,,,,,,,,,,,,,,not_run_mode_limit,
55,5,275,1574,0,False,,,,,False,,,,,,,,,,,,,,,,,,,,,,,,,,,,,,not_run_mode_limit,
7,39,273,1576,0,False,,,,,False,,,,,,,,,,,,,,,,,,,,,,,,,,,,,,not_run_mode_limit,
13,21,273,1576,0,False,,,,,False,,,,,,,,,,,,,,,,,,,,,,,,,,,,,,not_run_mode_limit,
21,13,273,1576,0,False,,,,,False,,,,,,,,,,,,,,,,,,,,,,,,,,,,,,not_run_mode_limit,
39,7,273,1576,0,False,,,,,False,,,,,,,,,,,,,,,,,,,,,,,,,,,,,,not_run_mode_limit,
8,34,272,1577,0,False,,,,,False,,,,,,,,,,,,,,,,,,,,,,,,,,,,,,not_run_mode_limit,
16,17,272,1577,0,False,,,,,False,,,,,,,,,,,,,,,,,,,,,,,,,,,,,,not_run_mode_limit,
17,16,272,1577,0,False,,,,,False,,,,,,,,,,,,,,,,,,,,,,,,,,,,,,not_run_mode_limit,
34,8,272,1577,0,False,,,,,False,,,,,,,,,,,,,,,,,,,,,,,,,,,,,,not_run_mode_limit,
6,45,270,1579,0,False,,,,,False,,,,,,,,,,,,,,,,,,,,,,,,,,,,,,not_run_mode_limit,
9,30,270,1579,0,False,,,,,False,,,,,,,,,,,,,,,,,,,,,,,,,,,,,,not_run_mode_limit,
10,27,270,1579,0,False,,,,,False,,,,,,,,,,,,,,,,,,,,,,,,,,,,,,not_run_mode_limit,
15,18,270,1579,0,False,,,,,False,,,,,,,,,,,,,,,,,,,,,,,,,,,,,,not_run_mode_limit,
18,15,270,1579,0,False,,,,,False,,,,,,,,,,,,,,,,,,,,,,,,,,,,,,not_run_mode_limit,
27,10,270,1579,0,False,,,,,False,,,,,,,,,,,,,,,,,,,,,,,,,,,,,,not_run_mode_limit,
30,9,270,1579,0,False,,,,,False,,,,,,,,,,,,,,,,,,,,,,,,,,,,,,not_run_mode_limit,
45,6,270,1579,0,False,,,,,False,,,,,,,,,,,,,,,,,,,,,,,,,,,,,,not_run_mode_limit,
54,5,270,1579,0,False,,,,,False,,,,,,,,,,,,,,,,,,,,,,,,,,,,,,not_run_mode_limit,
7,38,266,1583,0,False,,,,,False,,,,,,,,,,,,,,,,,,,,,,,,,,,,,,not_run_mode_limit,
14,19,266,1583,0,False,,,,,False,,,,,,,,,,,,,,,,,,,,,,,,,,,,,,not_run_mode_limit,
19,14,266,1583,0,False,,,,,False,,,,,,,,,,,,,,,,,,,,,,,,,,,,,,not_run_mode_limit,
38,7,266,1583,0,False,,,,,False,,,,,,,,,,,,,,,,,,,,,,,,,,,,,,not_run_mode_limit,
53,5,265,1584,0,False,,,,,False,,,,,,,,,,,,,,,,,,,,,,,,,,,,,,not_run_mode_limit,
6,44,264,1585,0,False,,,,,False,,,,,,,,,,,,,,,,,,,,,,,,,,,,,,not_run_mode_limit,
8,33,264,1585,0,False,,,,,False,,,,,,,,,,,,,,,,,,,,,,,,,,,,,,not_run_mode_limit,
11,24,264,1585,0,False,,,,,False,,,,,,,,,,,,,,,,,,,,,,,,,,,,,,not_run_mode_limit,
12,22,264,1585,0,False,,,,,False,,,,,,,,,,,,,,,,,,,,,,,,,,,,,,not_run_mode_limit,
22,12,264,1585,0,False,,,,,False,,,,,,,,,,,,,,,,,,,,,,,,,,,,,,not_run_mode_limit,
24,11,264,1585,0,False,,,,,False,,,,,,,,,,,,,,,,,,,,,,,,,,,,,,not_run_mode_limit,
33,8,264,1585,0,False,,,,,False,,,,,,,,,,,,,,,,,,,,,,,,,,,,,,not_run_mode_limit,
44,6,264,1585,0,False,,,,,False,,,,,,,,,,,,,,,,,,,,,,,,,,,,,,not_run_mode_limit,
9,29,261,1588,0,False,,,,,False,,,,,,,,,,,,,,,,,,,,,,,,,,,,,,not_run_mode_limit,
29,9,261,1588,0,False,,,,,False,,,,,,,,,,,,,,,,,,,,,,,,,,,,,,not_run_mode_limit,
10,26,260,1589,0,False,,,,,False,,,,,,,,,,,,,,,,,,,,,,,,,,,,,,not_run_mode_limit,
13,20,260,1589,0,False,,,,,False,,,,,,,,,,,,,,,,,,,,,,,,,,,,,,not_run_mode_limit,
20,13,260,1589,0,False,,,,,False,,,,,,,,,,,,,,,,,,,,,,,,,,,,,,not_run_mode_limit,
26,10,260,1589,0,False,,,,,False,,,,,,,,,,,,,,,,,,,,,,,,,,,,,,not_run_mode_limit,
52,5,260,1589,0,False,,,,,False,,,,,,,,,,,,,,,,,,,,,,,,,,,,,,not_run_mode_limit,
7,37,259,1590,0,False,,,,,False,,,,,,,,,,,,,,,,,,,,,,,,,,,,,,not_run_mode_limit,
37,7,259,1590,0,False,,,,,False,,,,,,,,,,,,,,,,,,,,,,,,,,,,,,not_run_mode_limit,
6,43,258,1591,0,False,,,,,False,,,,,,,,,,,,,,,,,,,,,,,,,,,,,,not_run_mode_limit,
43,6,258,1591,0,False,,,,,False,,,,,,,,,,,,,,,,,,,,,,,,,,,,,,not_run_mode_limit,
8,32,256,1593,0,False,,,,,False,,,,,,,,,,,,,,,,,,,,,,,,,,,,,,not_run_mode_limit,
16,16,256,1593,0,False,,,,,False,,,,,,,,,,,,,,,,,,,,,,,,,,,,,,not_run_mode_limit,
32,8,256,1593,0,False,,,,,False,,,,,,,,,,,,,,,,,,,,,,,,,,,,,,not_run_mode_limit,
15,17,255,1594,0,False,,,,,False,,,,,,,,,,,,,,,,,,,,,,,,,,,,,,not_run_mode_limit,
17,15,255,1594,0,False,,,,,False,,,,,,,,,,,,,,,,,,,,,,,,,,,,,,not_run_mode_limit,
51,5,255,1594,0,False,,,,,False,,,,,,,,,,,,,,,,,,,,,,,,,,,,,,not_run_mode_limit,
11,23,253,1596,0,False,,,,,False,,,,,,,,,,,,,,,,,,,,,,,,,,,,,,not_run_mode_limit,
23,11,253,1596,0,False,,,,,False,,,,,,,,,,,,,,,,,,,,,,,,,,,,,,not_run_mode_limit,
6,42,252,1597,0,False,,,,,False,,,,,,,,,,,,,,,,,,,,,,,,,,,,,,not_run_mode_limit,
7,36,252,1597,0,False,,,,,False,,,,,,,,,,,,,,,,,,,,,,,,,,,,,,not_run_mode_limit,
9,28,252,1597,0,False,,,,,False,,,,,,,,,,,,,,,,,,,,,,,,,,,,,,not_run_mode_limit,
12,21,252,1597,0,False,,,,,False,,,,,,,,,,,,,,,,,,,,,,,,,,,,,,not_run_mode_limit,
14,18,252,1597,0,False,,,,,False,,,,,,,,,,,,,,,,,,,,,,,,,,,,,,not_run_mode_limit,
18,14,252,1597,0,False,,,,,False,,,,,,,,,,,,,,,,,,,,,,,,,,,,,,not_run_mode_limit,
21,12,252,1597,0,False,,,,,False,,,,,,,,,,,,,,,,,,,,,,,,,,,,,,not_run_mode_limit,
28,9,252,1597,0,False,,,,,False,,,,,,,,,,,,,,,,,,,,,,,,,,,,,,not_run_mode_limit,
36,7,252,1597,0,False,,,,,False,,,,,,,,,,,,,,,,,,,,,,,,,,,,,,not_run_mode_limit,
42,6,252,1597,0,False,,,,,False,,,,,,,,,,,,,,,,,,,,,,,,,,,,,,not_run_mode_limit,
5,50,250,1599,0,False,,,,,False,,,,,,,,,,,,,,,,,,,,,,,,,,,,,,not_run_mode_limit,
10,25,250,1599,0,False,,,,,False,,,,,,,,,,,,,,,,,,,,,,,,,,,,,,not_run_mode_limit,
25,10,250,1599,0,False,,,,,False,,,,,,,,,,,,,,,,,,,,,,,,,,,,,,not_run_mode_limit,
50,5,250,1599,0,False,,,,,False,,,,,,,,,,,,,,,,,,,,,,,,,,,,,,not_run_mode_limit,
8,31,248,1601,0,False,,,,,False,,,,,,,,,,,,,,,,,,,,,,,,,,,,,,not_run_mode_limit,
31,8,248,1601,0,False,,,,,False,,,,,,,,,,,,,,,,,,,,,,,,,,,,,,not_run_mode_limit,
13,19,247,1602,0,False,,,,,False,,,,,,,,,,,,,,,,,,,,,,,,,,,,,,not_run_mode_limit,
19,13,247,1602,0,False,,,,,False,,,,,,,,,,,,,,,,,,,,,,,,,,,,,,not_run_mode_limit,
6,41,246,1603,0,False,,,,,False,,,,,,,,,,,,,,,,,,,,,,,,,,,,,,not_run_mode_limit,
41,6,246,1603,0,False,,,,,False,,,,,,,,,,,,,,,,,,,,,,,,,,,,,,not_run_mode_limit,
5,49,245,1604,0,False,,,,,False,,,,,,,,,,,,,,,,,,,,,,,,,,,,,,not_run_mode_limit,
7,35,245,1604,0,False,,,,,False,,,,,,,,,,,,,,,,,,,,,,,,,,,,,,not_run_mode_limit,
35,7,245,1604,0,False,,,,,False,,,,,,,,,,,,,,,,,,,,,,,,,,,,,,not_run_mode_limit,
49,5,245,1604,0,False,,,,,False,,,,,,,,,,,,,,,,,,,,,,,,,,,,,,not_run_mode_limit,
9,27,243,1606,0,False,,,,,False,,,,,,,,,,,,,,,,,,,,,,,,,,,,,,not_run_mode_limit,
27,9,243,1606,0,False,,,,,False,,,,,,,,,,,,,,,,,,,,,,,,,,,,,,not_run_mode_limit,
11,22,242,1607,0,False,,,,,False,,,,,,,,,,,,,,,,,,,,,,,,,,,,,,not_run_mode_limit,
22,11,242,1607,0,False,,,,,False,,,,,,,,,,,,,,,,,,,,,,,,,,,,,,not_run_mode_limit,
5,48,240,1609,0,False,,,,,False,,,,,,,,,,,,,,,,,,,,,,,,,,,,,,not_run_mode_limit,
6,40,240,1609,0,False,,,,,False,,,,,,,,,,,,,,,,,,,,,,,,,,,,,,not_run_mode_limit,
8,30,240,1609,0,False,,,,,False,,,,,,,,,,,,,,,,,,,,,,,,,,,,,,not_run_mode_limit,
10,24,240,1609,0,False,,,,,False,,,,,,,,,,,,,,,,,,,,,,,,,,,,,,not_run_mode_limit,
12,20,240,1609,0,False,,,,,False,,,,,,,,,,,,,,,,,,,,,,,,,,,,,,not_run_mode_limit,
15,16,240,1609,0,False,,,,,False,,,,,,,,,,,,,,,,,,,,,,,,,,,,,,not_run_mode_limit,
16,15,240,1609,0,False,,,,,False,,,,,,,,,,,,,,,,,,,,,,,,,,,,,,not_run_mode_limit,
20,12,240,1609,0,False,,,,,False,,,,,,,,,,,,,,,,,,,,,,,,,,,,,,not_run_mode_limit,
24,10,240,1609,0,False,,,,,False,,,,,,,,,,,,,,,,,,,,,,,,,,,,,,not_run_mode_limit,
30,8,240,1609,0,False,,,,,False,,,,,,,,,,,,,,,,,,,,,,,,,,,,,,not_run_mode_limit,
40,6,240,1609,0,False,,,,,False,,,,,,,,,,,,,,,,,,,,,,,,,,,,,,not_run_mode_limit,
48,5,240,1609,0,False,,,,,False,,,,,,,,,,,,,,,,,,,,,,,,,,,,,,not_run_mode_limit,
60,4,240,1609,0,False,,,,,False,,,,,,,,,,,,,,,,,,,,,,,,,,,,,,not_run_mode_limit,
7,34,238,1611,0,False,,,,,False,,,,,,,,,,,,,,,,,,,,,,,,,,,,,,not_run_mode_limit,
14,17,238,1611,0,False,,,,,False,,,,,,,,,,,,,,,,,,,,,,,,,,,,,,not_run_mode_limit,
17,14,238,1611,0,False,,,,,False,,,,,,,,,,,,,,,,,,,,,,,,,,,,,,not_run_mode_limit,
34,7,238,1611,0,False,,,,,False,,,,,,,,,,,,,,,,,,,,,,,,,,,,,,not_run_mode_limit,
59,4,236,1613,0,False,,,,,False,,,,,,,,,,,,,,,,,,,,,,,,,,,,,,not_run_mode_limit,
5,47,235,1614,0,False,,,,,False,,,,,,,,,,,,,,,,,,,,,,,,,,,,,,not_run_mode_limit,
47,5,235,1614,0,False,,,,,False,,,,,,,,,,,,,,,,,,,,,,,,,,,,,,not_run_mode_limit,
6,39,234,1615,0,False,,,,,False,,,,,,,,,,,,,,,,,,,,,,,,,,,,,,not_run_mode_limit,
9,26,234,1615,0,False,,,,,False,,,,,,,,,,,,,,,,,,,,,,,,,,,,,,not_run_mode_limit,
13,18,234,1615,0,False,,,,,False,,,,,,,,,,,,,,,,,,,,,,,,,,,,,,not_run_mode_limit,
18,13,234,1615,0,False,,,,,False,,,,,,,,,,,,,,,,,,,,,,,,,,,,,,not_run_mode_limit,
26,9,234,1615,0,False,,,,,False,,,,,,,,,,,,,,,,,,,,,,,,,,,,,,not_run_mode_limit,
39,6,234,1615,0,False,,,,,False,,,,,,,,,,,,,,,,,,,,,,,,,,,,,,not_run_mode_limit,
8,29,232,1617,0,False,,,,,False,,,,,,,,,,,,,,,,,,,,,,,,,,,,,,not_run_mode_limit,
29,8,232,1617,0,False,,,,,False,,,,,,,,,,,,,,,,,,,,,,,,,,,,,,not_run_mode_limit,
58,4,232,1617,0,False,,,,,False,,,,,,,,,,,,,,,,,,,,,,,,,,,,,,not_run_mode_limit,
7,33,231,1618,0,False,,,,,False,,,,,,,,,,,,,,,,,,,,,,,,,,,,,,not_run_mode_limit,
11,21,231,1618,0,False,,,,,False,,,,,,,,,,,,,,,,,,,,,,,,,,,,,,not_run_mode_limit,
21,11,231,1618,0,False,,,,,False,,,,,,,,,,,,,,,,,,,,,,,,,,,,,,not_run_mode_limit,
33,7,231,1618,0,False,,,,,False,,,,,,,,,,,,,,,,,,,,,,,,,,,,,,not_run_mode_limit,
5,46,230,1619,0,False,,,,,False,,,,,,,,,,,,,,,,,,,,,,,,,,,,,,not_run_mode_limit,
10,23,230,1619,0,False,,,,,False,,,,,,,,,,,,,,,,,,,,,,,,,,,,,,not_run_mode_limit,
23,10,230,1619,0,False,,,,,False,,,,,,,,,,,,,,,,,,,,,,,,,,,,,,not_run_mode_limit,
46,5,230,1619,0,False,,,,,False,,,,,,,,,,,,,,,,,,,,,,,,,,,,,,not_run_mode_limit,
6,38,228,1621,0,False,,,,,False,,,,,,,,,,,,,,,,,,,,,,,,,,,,,,not_run_mode_limit,
12,19,228,1621,0,False,,,,,False,,,,,,,,,,,,,,,,,,,,,,,,,,,,,,not_run_mode_limit,
19,12,228,1621,0,False,,,,,False,,,,,,,,,,,,,,,,,,,,,,,,,,,,,,not_run_mode_limit,
38,6,228,1621,0,False,,,,,False,,,,,,,,,,,,,,,,,,,,,,,,,,,,,,not_run_mode_limit,
57,4,228,1621,0,False,,,,,False,,,,,,,,,,,,,,,,,,,,,,,,,,,,,,not_run_mode_limit,
5,45,225,1624,0,False,,,,,False,,,,,,,,,,,,,,,,,,,,,,,,,,,,,,not_run_mode_limit,
9,25,225,1624,0,False,,,,,False,,,,,,,,,,,,,,,,,,,,,,,,,,,,,,not_run_mode_limit,
15,15,225,1624,0,False,,,,,False,,,,,,,,,,,,,,,,,,,,,,,,,,,,,,not_run_mode_limit,
25,9,225,1624,0,False,,,,,False,,,,,,,,,,,,,,,,,,,,,,,,,,,,,,not_run_mode_limit,
45,5,225,1624,0,False,,,,,False,,,,,,,,,,,,,,,,,,,,,,,,,,,,,,not_run_mode_limit,
7,32,224,1625,0,False,,,,,False,,,,,,,,,,,,,,,,,,,,,,,,,,,,,,not_run_mode_limit,
8,28,224,1625,0,False,,,,,False,,,,,,,,,,,,,,,,,,,,,,,,,,,,,,not_run_mode_limit,
14,16,224,1625,0,False,,,,,False,,,,,,,,,,,,,,,,,,,,,,,,,,,,,,not_run_mode_limit,
16,14,224,1625,0,False,,,,,False,,,,,,,,,,,,,,,,,,,,,,,,,,,,,,not_run_mode_limit,
28,8,224,1625,0,False,,,,,False,,,,,,,,,,,,,,,,,,,,,,,,,,,,,,not_run_mode_limit,
32,7,224,1625,0,False,,,,,False,,,,,,,,,,,,,,,,,,,,,,,,,,,,,,not_run_mode_limit,
56,4,224,1625,0,False,,,,,False,,,,,,,,,,,,,,,,,,,,,,,,,,,,,,not_run_mode_limit,
6,37,222,1627,0,False,,,,,False,,,,,,,,,,,,,,,,,,,,,,,,,,,,,,not_run_mode_limit,
37,6,222,1627,0,False,,,,,False,,,,,,,,,,,,,,,,,,,,,,,,,,,,,,not_run_mode_limit,
13,17,221,1628,0,False,,,,,False,,,,,,,,,,,,,,,,,,,,,,,,,,,,,,not_run_mode_limit,
17,13,221,1628,0,False,,,,,False,,,,,,,,,,,,,,,,,,,,,,,,,,,,,,not_run_mode_limit,
5,44,220,1629,0,False,,,,,False,,,,,,,,,,,,,,,,,,,,,,,,,,,,,,not_run_mode_limit,
10,22,220,1629,0,False,,,,,False,,,,,,,,,,,,,,,,,,,,,,,,,,,,,,not_run_mode_limit,
11,20,220,1629,0,False,,,,,False,,,,,,,,,,,,,,,,,,,,,,,,,,,,,,not_run_mode_limit,
20,11,220,1629,0,False,,,,,False,,,,,,,,,,,,,,,,,,,,,,,,,,,,,,not_run_mode_limit,
22,10,220,1629,0,False,,,,,False,,,,,,,,,,,,,,,,,,,,,,,,,,,,,,not_run_mode_limit,
44,5,220,1629,0,False,,,,,False,,,,,,,,,,,,,,,,,,,,,,,,,,,,,,not_run_mode_limit,
55,4,220,1629,0,False,,,,,False,,,,,,,,,,,,,,,,,,,,,,,,,,,,,,not_run_mode_limit,
7,31,217,1632,0,False,,,,,False,,,,,,,,,,,,,,,,,,,,,,,,,,,,,,not_run_mode_limit,
31,7,217,1632,0,False,,,,,False,,,,,,,,,,,,,,,,,,,,,,,,,,,,,,not_run_mode_limit,
6,36,216,1633,0,False,,,,,False,,,,,,,,,,,,,,,,,,,,,,,,,,,,,,not_run_mode_limit,
8,27,216,1633,0,False,,,,,False,,,,,,,,,,,,,,,,,,,,,,,,,,,,,,not_run_mode_limit,
9,24,216,1633,0,False,,,,,False,,,,,,,,,,,,,,,,,,,,,,,,,,,,,,not_run_mode_limit,
12,18,216,1633,0,False,,,,,False,,,,,,,,,,,,,,,,,,,,,,,,,,,,,,not_run_mode_limit,
18,12,216,1633,0,False,,,,,False,,,,,,,,,,,,,,,,,,,,,,,,,,,,,,not_run_mode_limit,
24,9,216,1633,0,False,,,,,False,,,,,,,,,,,,,,,,,,,,,,,,,,,,,,not_run_mode_limit,
27,8,216,1633,0,False,,,,,False,,,,,,,,,,,,,,,,,,,,,,,,,,,,,,not_run_mode_limit,
36,6,216,1633,0,False,,,,,False,,,,,,,,,,,,,,,,,,,,,,,,,,,,,,not_run_mode_limit,
54,4,216,1633,0,False,,,,,False,,,,,,,,,,,,,,,,,,,,,,,,,,,,,,not_run_mode_limit,
5,43,215,1634,0,False,,,,,False,,,,,,,,,,,,,,,,,,,,,,,,,,,,,,not_run_mode_limit,
43,5,215,1634,0,False,,,,,False,,,,,,,,,,,,,,,,,,,,,,,,,,,,,,not_run_mode_limit,
53,4,212,1637,0,False,,,,,False,,,,,,,,,,,,,,,,,,,,,,,,,,,,,,not_run_mode_limit,
5,42,210,1639,0,False,,,,,False,,,,,,,,,,,,,,,,,,,,,,,,,,,,,,not_run_mode_limit,
6,35,210,1639,0,False,,,,,False,,,,,,,,,,,,,,,,,,,,,,,,,,,,,,not_run_mode_limit,
7,30,210,1639,0,False,,,,,False,,,,,,,,,,,,,,,,,,,,,,,,,,,,,,not_run_mode_limit,
10,21,210,1639,0,False,,,,,False,,,,,,,,,,,,,,,,,,,,,,,,,,,,,,not_run_mode_limit,
14,15,210,1639,0,False,,,,,False,,,,,,,,,,,,,,,,,,,,,,,,,,,,,,not_run_mode_limit,
15,14,210,1639,0,False,,,,,False,,,,,,,,,,,,,,,,,,,,,,,,,,,,,,not_run_mode_limit,
21,10,210,1639,0,False,,,,,False,,,,,,,,,,,,,,,,,,,,,,,,,,,,,,not_run_mode_limit,
30,7,210,1639,0,False,,,,,False,,,,,,,,,,,,,,,,,,,,,,,,,,,,,,not_run_mode_limit,
35,6,210,1639,0,False,,,,,False,,,,,,,,,,,,,,,,,,,,,,,,,,,,,,not_run_mode_limit,
42,5,210,1639,0,False,,,,,False,,,,,,,,,,,,,,,,,,,,,,,,,,,,,,not_run_mode_limit,
11,19,209,1640,0,False,,,,,False,,,,,,,,,,,,,,,,,,,,,,,,,,,,,,not_run_mode_limit,
19,11,209,1640,0,False,,,,,False,,,,,,,,,,,,,,,,,,,,,,,,,,,,,,not_run_mode_limit,
8,26,208,1641,0,False,,,,,False,,,,,,,,,,,,,,,,,,,,,,,,,,,,,,not_run_mode_limit,
13,16,208,1641,0,False,,,,,False,,,,,,,,,,,,,,,,,,,,,,,,,,,,,,not_run_mode_limit,
16,13,208,1641,0,False,,,,,False,,,,,,,,,,,,,,,,,,,,,,,,,,,,,,not_run_mode_limit,
26,8,208,1641,0,False,,,,,False,,,,,,,,,,,,,,,,,,,,,,,,,,,,,,not_run_mode_limit,
52,4,208,1641,0,False,,,,,False,,,,,,,,,,,,,,,,,,,,,,,,,,,,,,not_run_mode_limit,
9,23,207,1642,0,False,,,,,False,,,,,,,,,,,,,,,,,,,,,,,,,,,,,,not_run_mode_limit,
23,9,207,1642,0,False,,,,,False,,,,,,,,,,,,,,,,,,,,,,,,,,,,,,not_run_mode_limit,
5,41,205,1644,0,False,,,,,False,,,,,,,,,,,,,,,,,,,,,,,,,,,,,,not_run_mode_limit,
41,5,205,1644,0,False,,,,,False,,,,,,,,,,,,,,,,,,,,,,,,,,,,,,not_run_mode_limit,
6,34,204,1645,0,False,,,,,False,,,,,,,,,,,,,,,,,,,,,,,,,,,,,,not_run_mode_limit,
12,17,204,1645,0,False,,,,,False,,,,,,,,,,,,,,,,,,,,,,,,,,,,,,not_run_mode_limit,
17,12,204,1645,0,False,,,,,False,,,,,,,,,,,,,,,,,,,,,,,,,,,,,,not_run_mode_limit,
34,6,204,1645,0,False,,,,,False,,,,,,,,,,,,,,,,,,,,,,,,,,,,,,not_run_mode_limit,
51,4,204,1645,0,False,,,,,False,,,,,,,,,,,,,,,,,,,,,,,,,,,,,,not_run_mode_limit,
7,29,203,1646,0,False,,,,,False,,,,,,,,,,,,,,,,,,,,,,,,,,,,,,not_run_mode_limit,
29,7,203,1646,0,False,,,,,False,,,,,,,,,,,,,,,,,,,,,,,,,,,,,,not_run_mode_limit,
4,50,200,1649,0,False,,,,,False,,,,,,,,,,,,,,,,,,,,,,,,,,,,,,not_run_mode_limit,
5,40,200,1649,0,False,,,,,False,,,,,,,,,,,,,,,,,,,,,,,,,,,,,,not_run_mode_limit,
8,25,200,1649,0,False,,,,,False,,,,,,,,,,,,,,,,,,,,,,,,,,,,,,not_run_mode_limit,
10,20,200,1649,0,False,,,,,False,,,,,,,,,,,,,,,,,,,,,,,,,,,,,,not_run_mode_limit,
20,10,200,1649,0,False,,,,,False,,,,,,,,,,,,,,,,,,,,,,,,,,,,,,not_run_mode_limit,
25,8,200,1649,0,False,,,,,False,,,,,,,,,,,,,,,,,,,,,,,,,,,,,,not_run_mode_limit,
40,5,200,1649,0,False,,,,,False,,,,,,,,,,,,,,,,,,,,,,,,,,,,,,not_run_mode_limit,
50,4,200,1649,0,False,,,,,False,,,,,,,,,,,,,,,,,,,,,,,,,,,,,,not_run_mode_limit,
6,33,198,1651,0,False,,,,,False,,,,,,,,,,,,,,,,,,,,,,,,,,,,,,not_run_mode_limit,
9,22,198,1651,0,False,,,,,False,,,,,,,,,,,,,,,,,,,,,,,,,,,,,,not_run_mode_limit,
11,18,198,1651,0,False,,,,,False,,,,,,,,,,,,,,,,,,,,,,,,,,,,,,not_run_mode_limit,
18,11,198,1651,0,False,,,,,False,,,,,,,,,,,,,,,,,,,,,,,,,,,,,,not_run_mode_limit,
22,9,198,1651,0,False,,,,,False,,,,,,,,,,,,,,,,,,,,,,,,,,,,,,not_run_mode_limit,
33,6,198,1651,0,False,,,,,False,,,,,,,,,,,,,,,,,,,,,,,,,,,,,,not_run_mode_limit,
4,49,196,1653,0,False,,,,,False,,,,,,,,,,,,,,,,,,,,,,,,,,,,,,not_run_mode_limit,
7,28,196,1653,0,False,,,,,False,,,,,,,,,,,,,,,,,,,,,,,,,,,,,,not_run_mode_limit,
14,14,196,1653,0,False,,,,,False,,,,,,,,,,,,,,,,,,,,,,,,,,,,,,not_run_mode_limit,
28,7,196,1653,0,False,,,,,False,,,,,,,,,,,,,,,,,,,,,,,,,,,,,,not_run_mode_limit,
49,4,196,1653,0,False,,,,,False,,,,,,,,,,,,,,,,,,,,,,,,,,,,,,not_run_mode_limit,
5,39,195,1654,0,False,,,,,False,,,,,,,,,,,,,,,,,,,,,,,,,,,,,,not_run_mode_limit,
13,15,195,1654,0,False,,,,,False,,,,,,,,,,,,,,,,,,,,,,,,,,,,,,not_run_mode_limit,
15,13,195,1654,0,False,,,,,False,,,,,,,,,,,,,,,,,,,,,,,,,,,,,,not_run_mode_limit,
39,5,195,1654,0,False,,,,,False,,,,,,,,,,,,,,,,,,,,,,,,,,,,,,not_run_mode_limit,
4,48,192,1657,0,False,,,,,False,,,,,,,,,,,,,,,,,,,,,,,,,,,,,,not_run_mode_limit,
6,32,192,1657,0,False,,,,,False,,,,,,,,,,,,,,,,,,,,,,,,,,,,,,not_run_mode_limit,
8,24,192,1657,0,False,,,,,False,,,,,,,,,,,,,,,,,,,,,,,,,,,,,,not_run_mode_limit,
12,16,192,1657,0,False,,,,,False,,,,,,,,,,,,,,,,,,,,,,,,,,,,,,not_run_mode_limit,
16,12,192,1657,0,False,,,,,False,,,,,,,,,,,,,,,,,,,,,,,,,,,,,,not_run_mode_limit,
24,8,192,1657,0,False,,,,,False,,,,,,,,,,,,,,,,,,,,,,,,,,,,,,not_run_mode_limit,
32,6,192,1657,0,False,,,,,False,,,,,,,,,,,,,,,,,,,,,,,,,,,,,,not_run_mode_limit,
48,4,192,1657,0,False,,,,,False,,,,,,,,,,,,,,,,,,,,,,,,,,,,,,not_run_mode_limit,
5,38,190,1659,0,False,,,,,False,,,,,,,,,,,,,,,,,,,,,,,,,,,,,,not_run_mode_limit,
10,19,190,1659,0,False,,,,,False,,,,,,,,,,,,,,,,,,,,,,,,,,,,,,not_run_mode_limit,
19,10,190,1659,0,False,,,,,False,,,,,,,,,,,,,,,,,,,,,,,,,,,,,,not_run_mode_limit,
38,5,190,1659,0,False,,,,,False,,,,,,,,,,,,,,,,,,,,,,,,,,,,,,not_run_mode_limit,
7,27,189,1660,0,False,,,,,False,,,,,,,,,,,,,,,,,,,,,,,,,,,,,,not_run_mode_limit,
9,21,189,1660,0,False,,,,,False,,,,,,,,,,,,,,,,,,,,,,,,,,,,,,not_run_mode_limit,
21,9,189,1660,0,False,,,,,False,,,,,,,,,,,,,,,,,,,,,,,,,,,,,,not_run_mode_limit,
27,7,189,1660,0,False,,,,,False,,,,,,,,,,,,,,,,,,,,,,,,,,,,,,not_run_mode_limit,
4,47,188,1661,0,False,,,,,False,,,,,,,,,,,,,,,,,,,,,,,,,,,,,,not_run_mode_limit,
47,4,188,1661,0,False,,,,,False,,,,,,,,,,,,,,,,,,,,,,,,,,,,,,not_run_mode_limit,
11,17,187,1662,0,False,,,,,False,,,,,,,,,,,,,,,,,,,,,,,,,,,,,,not_run_mode_limit,
17,11,187,1662,0,False,,,,,False,,,,,,,,,,,,,,,,,,,,,,,,,,,,,,not_run_mode_limit,
6,31,186,1663,0,False,,,,,False,,,,,,,,,,,,,,,,,,,,,,,,,,,,,,not_run_mode_limit,
31,6,186,1663,0,False,,,,,False,,,,,,,,,,,,,,,,,,,,,,,,,,,,,,not_run_mode_limit,
5,37,185,1664,0,False,,,,,False,,,,,,,,,,,,,,,,,,,,,,,,,,,,,,not_run_mode_limit,
37,5,185,1664,0,False,,,,,False,,,,,,,,,,,,,,,,,,,,,,,,,,,,,,not_run_mode_limit,
4,46,184,1665,0,False,,,,,False,,,,,,,,,,,,,,,,,,,,,,,,,,,,,,not_run_mode_limit,
8,23,184,1665,0,False,,,,,False,,,,,,,,,,,,,,,,,,,,,,,,,,,,,,not_run_mode_limit,
23,8,184,1665,0,False,,,,,False,,,,,,,,,,,,,,,,,,,,,,,,,,,,,,not_run_mode_limit,
46,4,184,1665,0,False,,,,,False,,,,,,,,,,,,,,,,,,,,,,,,,,,,,,not_run_mode_limit,
7,26,182,1667,0,False,,,,,False,,,,,,,,,,,,,,,,,,,,,,,,,,,,,,not_run_mode_limit,
13,14,182,1667,0,False,,,,,False,,,,,,,,,,,,,,,,,,,,,,,,,,,,,,not_run_mode_limit,
14,13,182,1667,0,False,,,,,False,,,,,,,,,,,,,,,,,,,,,,,,,,,,,,not_run_mode_limit,
26,7,182,1667,0,False,,,,,False,,,,,,,,,,,,,,,,,,,,,,,,,,,,,,not_run_mode_limit,
4,45,180,1669,0,False,,,,,False,,,,,,,,,,,,,,,,,,,,,,,,,,,,,,not_run_mode_limit,
5,36,180,1669,0,False,,,,,False,,,,,,,,,,,,,,,,,,,,,,,,,,,,,,not_run_mode_limit,
6,30,180,1669,0,False,,,,,False,,,,,,,,,,,,,,,,,,,,,,,,,,,,,,not_run_mode_limit,
9,20,180,1669,0,False,,,,,False,,,,,,,,,,,,,,,,,,,,,,,,,,,,,,not_run_mode_limit,
10,18,180,1669,0,False,,,,,False,,,,,,,,,,,,,,,,,,,,,,,,,,,,,,not_run_mode_limit,
12,15,180,1669,0,False,,,,,False,,,,,,,,,,,,,,,,,,,,,,,,,,,,,,not_run_mode_limit,
15,12,180,1669,0,False,,,,,False,,,,,,,,,,,,,,,,,,,,,,,,,,,,,,not_run_mode_limit,
18,10,180,1669,0,False,,,,,False,,,,,,,,,,,,,,,,,,,,,,,,,,,,,,not_run_mode_limit,
20,9,180,1669,0,False,,,,,False,,,,,,,,,,,,,,,,,,,,,,,,,,,,,,not_run_mode_limit,
30,6,180,1669,0,False,,,,,False,,,,,,,,,,,,,,,,,,,,,,,,,,,,,,not_run_mode_limit,
36,5,180,1669,0,False,,,,,False,,,,,,,,,,,,,,,,,,,,,,,,,,,,,,not_run_mode_limit,
45,4,180,1669,0,False,,,,,False,,,,,,,,,,,,,,,,,,,,,,,,,,,,,,not_run_mode_limit,
4,44,176,1673,0,False,,,,,False,,,,,,,,,,,,,,,,,,,,,,,,,,,,,,not_run_mode_limit,
8,22,176,1673,0,False,,,,,False,,,,,,,,,,,,,,,,,,,,,,,,,,,,,,not_run_mode_limit,
11,16,176,1673,0,False,,,,,False,,,,,,,,,,,,,,,,,,,,,,,,,,,,,,not_run_mode_limit,
16,11,176,1673,0,False,,,,,False,,,,,,,,,,,,,,,,,,,,,,,,,,,,,,not_run_mode_limit,
22,8,176,1673,0,False,,,,,False,,,,,,,,,,,,,,,,,,,,,,,,,,,,,,not_run_mode_limit,
44,4,176,1673,0,False,,,,,False,,,,,,,,,,,,,,,,,,,,,,,,,,,,,,not_run_mode_limit,
5,35,175,1674,0,False,,,,,False,,,,,,,,,,,,,,,,,,,,,,,,,,,,,,not_run_mode_limit,
7,25,175,1674,0,False,,,,,False,,,,,,,,,,,,,,,,,,,,,,,,,,,,,,not_run_mode_limit,
25,7,175,1674,0,False,,,,,False,,,,,,,,,,,,,,,,,,,,,,,,,,,,,,not_run_mode_limit,
35,5,175,1674,0,False,,,,,False,,,,,,,,,,,,,,,,,,,,,,,,,,,,,,not_run_mode_limit,
6,29,174,1675,0,False,,,,,False,,,,,,,,,,,,,,,,,,,,,,,,,,,,,,not_run_mode_limit,
29,6,174,1675,0,False,,,,,False,,,,,,,,,,,,,,,,,,,,,,,,,,,,,,not_run_mode_limit,
4,43,172,1677,0,False,,,,,False,,,,,,,,,,,,,,,,,,,,,,,,,,,,,,not_run_mode_limit,
43,4,172,1677,0,False,,,,,False,,,,,,,,,,,,,,,,,,,,,,,,,,,,,,not_run_mode_limit,
9,19,171,1678,0,False,,,,,False,,,,,,,,,,,,,,,,,,,,,,,,,,,,,,not_run_mode_limit,
19,9,171,1678,0,False,,,,,False,,,,,,,,,,,,,,,,,,,,,,,,,,,,,,not_run_mode_limit,
5,34,170,1679,0,False,,,,,False,,,,,,,,,,,,,,,,,,,,,,,,,,,,,,not_run_mode_limit,
10,17,170,1679,0,False,,,,,False,,,,,,,,,,,,,,,,,,,,,,,,,,,,,,not_run_mode_limit,
17,10,170,1679,0,False,,,,,False,,,,,,,,,,,,,,,,,,,,,,,,,,,,,,not_run_mode_limit,
34,5,170,1679,0,False,,,,,False,,,,,,,,,,,,,,,,,,,,,,,,,,,,,,not_run_mode_limit,
13,13,169,1680,0,False,,,,,False,,,,,,,,,,,,,,,,,,,,,,,,,,,,,,not_run_mode_limit,
4,42,168,1681,0,False,,,,,False,,,,,,,,,,,,,,,,,,,,,,,,,,,,,,not_run_mode_limit,
6,28,168,1681,0,False,,,,,False,,,,,,,,,,,,,,,,,,,,,,,,,,,,,,not_run_mode_limit,
7,24,168,1681,0,False,,,,,False,,,,,,,,,,,,,,,,,,,,,,,,,,,,,,not_run_mode_limit,
8,21,168,1681,0,False,,,,,False,,,,,,,,,,,,,,,,,,,,,,,,,,,,,,not_run_mode_limit,
12,14,168,1681,0,False,,,,,False,,,,,,,,,,,,,,,,,,,,,,,,,,,,,,not_run_mode_limit,
14,12,168,1681,0,False,,,,,False,,,,,,,,,,,,,,,,,,,,,,,,,,,,,,not_run_mode_limit,
21,8,168,1681,0,False,,,,,False,,,,,,,,,,,,,,,,,,,,,,,,,,,,,,not_run_mode_limit,
24,7,168,1681,0,False,,,,,False,,,,,,,,,,,,,,,,,,,,,,,,,,,,,,not_run_mode_limit,
28,6,168,1681,0,False,,,,,False,,,,,,,,,,,,,,,,,,,,,,,,,,,,,,not_run_mode_limit,
42,4,168,1681,0,False,,,,,False,,,,,,,,,,,,,,,,,,,,,,,,,,,,,,not_run_mode_limit,
5,33,165,1684,0,False,,,,,False,,,,,,,,,,,,,,,,,,,,,,,,,,,,,,not_run_mode_limit,
11,15,165,1684,0,False,,,,,False,,,,,,,,,,,,,,,,,,,,,,,,,,,,,,not_run_mode_limit,
15,11,165,1684,0,False,,,,,False,,,,,,,,,,,,,,,,,,,,,,,,,,,,,,not_run_mode_limit,
33,5,165,1684,0,False,,,,,False,,,,,,,,,,,,,,,,,,,,,,,,,,,,,,not_run_mode_limit,
4,41,164,1685,0,False,,,,,False,,,,,,,,,,,,,,,,,,,,,,,,,,,,,,not_run_mode_limit,
41,4,164,1685,0,False,,,,,False,,,,,,,,,,,,,,,,,,,,,,,,,,,,,,not_run_mode_limit,
6,27,162,1687,0,False,,,,,False,,,,,,,,,,,,,,,,,,,,,,,,,,,,,,not_run_mode_limit,
9,18,162,1687,0,False,,,,,False,,,,,,,,,,,,,,,,,,,,,,,,,,,,,,not_run_mode_limit,
18,9,162,1687,0,False,,,,,False,,,,,,,,,,,,,,,,,,,,,,,,,,,,,,not_run_mode_limit,
27,6,162,1687,0,False,,,,,False,,,,,,,,,,,,,,,,,,,,,,,,,,,,,,not_run_mode_limit,
7,23,161,1688,0,False,,,,,False,,,,,,,,,,,,,,,,,,,,,,,,,,,,,,not_run_mode_limit,
23,7,161,1688,0,False,,,,,False,,,,,,,,,,,,,,,,,,,,,,,,,,,,,,not_run_mode_limit,
4,40,160,1689,0,False,,,,,False,,,,,,,,,,,,,,,,,,,,,,,,,,,,,,not_run_mode_limit,
5,32,160,1689,0,False,,,,,False,,,,,,,,,,,,,,,,,,,,,,,,,,,,,,not_run_mode_limit,
8,20,160,1689,0,False,,,,,False,,,,,,,,,,,,,,,,,,,,,,,,,,,,,,not_run_mode_limit,
10,16,160,1689,0,False,,,,,False,,,,,,,,,,,,,,,,,,,,,,,,,,,,,,not_run_mode_limit,
16,10,160,1689,0,False,,,,,False,,,,,,,,,,,,,,,,,,,,,,,,,,,,,,not_run_mode_limit,
20,8,160,1689,0,False,,,,,False,,,,,,,,,,,,,,,,,,,,,,,,,,,,,,not_run_mode_limit,
32,5,160,1689,0,False,,,,,False,,,,,,,,,,,,,,,,,,,,,,,,,,,,,,not_run_mode_limit,
40,4,160,1689,0,False,,,,,False,,,,,,,,,,,,,,,,,,,,,,,,,,,,,,not_run_mode_limit,
4,39,156,1693,0,False,,,,,False,,,,,,,,,,,,,,,,,,,,,,,,,,,,,,not_run_mode_limit,
6,26,156,1693,0,False,,,,,False,,,,,,,,,,,,,,,,,,,,,,,,,,,,,,not_run_mode_limit,
12,13,156,1693,0,False,,,,,False,,,,,,,,,,,,,,,,,,,,,,,,,,,,,,not_run_mode_limit,
13,12,156,1693,0,False,,,,,False,,,,,,,,,,,,,,,,,,,,,,,,,,,,,,not_run_mode_limit,
26,6,156,1693,0,False,,,,,False,,,,,,,,,,,,,,,,,,,,,,,,,,,,,,not_run_mode_limit,
39,4,156,1693,0,False,,,,,False,,,,,,,,,,,,,,,,,,,,,,,,,,,,,,not_run_mode_limit,
5,31,155,1694,0,False,,,,,False,,,,,,,,,,,,,,,,,,,,,,,,,,,,,,not_run_mode_limit,
31,5,155,1694,0,False,,,,,False,,,,,,,,,,,,,,,,,,,,,,,,,,,,,,not_run_mode_limit,
7,22,154,1695,0,False,,,,,False,,,,,,,,,,,,,,,,,,,,,,,,,,,,,,not_run_mode_limit,
11,14,154,1695,0,False,,,,,False,,,,,,,,,,,,,,,,,,,,,,,,,,,,,,not_run_mode_limit,
14,11,154,1695,0,False,,,,,False,,,,,,,,,,,,,,,,,,,,,,,,,,,,,,not_run_mode_limit,
22,7,154,1695,0,False,,,,,False,,,,,,,,,,,,,,,,,,,,,,,,,,,,,,not_run_mode_limit,
9,17,153,1696,0,False,,,,,False,,,,,,,,,,,,,,,,,,,,,,,,,,,,,,not_run_mode_limit,
17,9,153,1696,0,False,,,,,False,,,,,,,,,,,,,,,,,,,,,,,,,,,,,,not_run_mode_limit,
4,38,152,1697,0,False,,,,,False,,,,,,,,,,,,,,,,,,,,,,,,,,,,,,not_run_mode_limit,
8,19,152,1697,0,False,,,,,False,,,,,,,,,,,,,,,,,,,,,,,,,,,,,,not_run_mode_limit,
19,8,152,1697,0,False,,,,,False,,,,,,,,,,,,,,,,,,,,,,,,,,,,,,not_run_mode_limit,
38,4,152,1697,0,False,,,,,False,,,,,,,,,,,,,,,,,,,,,,,,,,,,,,not_run_mode_limit,
3,50,150,1699,0,False,,,,,False,,,,,,,,,,,,,,,,,,,,,,,,,,,,,,not_run_mode_limit,
5,30,150,1699,0,False,,,,,False,,,,,,,,,,,,,,,,,,,,,,,,,,,,,,not_run_mode_limit,
6,25,150,1699,0,False,,,,,False,,,,,,,,,,,,,,,,,,,,,,,,,,,,,,not_run_mode_limit,
10,15,150,1699,0,False,,,,,False,,,,,,,,,,,,,,,,,,,,,,,,,,,,,,not_run_mode_limit,
15,10,150,1699,0,False,,,,,False,,,,,,,,,,,,,,,,,,,,,,,,,,,,,,not_run_mode_limit,
25,6,150,1699,0,False,,,,,False,,,,,,,,,,,,,,,,,,,,,,,,,,,,,,not_run_mode_limit,
30,5,150,1699,0,False,,,,,False,,,,,,,,,,,,,,,,,,,,,,,,,,,,,,not_run_mode_limit,
4,37,148,1701,0,False,,,,,False,,,,,,,,,,,,,,,,,,,,,,,,,,,,,,not_run_mode_limit,
37,4,148,1701,0,False,,,,,False,,,,,,,,,,,,,,,,,,,,,,,,,,,,,,not_run_mode_limit,
3,49,147,1702,0,False,,,,,False,,,,,,,,,,,,,,,,,,,,,,,,,,,,,,not_run_mode_limit,
7,21,147,1702,0,False,,,,,False,,,,,,,,,,,,,,,,,,,,,,,,,,,,,,not_run_mode_limit,
21,7,147,1702,0,False,,,,,False,,,,,,,,,,,,,,,,,,,,,,,,,,,,,,not_run_mode_limit,
5,29,145,1704,0,False,,,,,False,,,,,,,,,,,,,,,,,,,,,,,,,,,,,,not_run_mode_limit,
29,5,145,1704,0,False,,,,,False,,,,,,,,,,,,,,,,,,,,,,,,,,,,,,not_run_mode_limit,
3,48,144,1705,0,False,,,,,False,,,,,,,,,,,,,,,,,,,,,,,,,,,,,,not_run_mode_limit,
4,36,144,1705,0,False,,,,,False,,,,,,,,,,,,,,,,,,,,,,,,,,,,,,not_run_mode_limit,
6,24,144,1705,0,False,,,,,False,,,,,,,,,,,,,,,,,,,,,,,,,,,,,,not_run_mode_limit,
8,18,144,1705,0,False,,,,,False,,,,,,,,,,,,,,,,,,,,,,,,,,,,,,not_run_mode_limit,
9,16,144,1705,0,False,,,,,False,,,,,,,,,,,,,,,,,,,,,,,,,,,,,,not_run_mode_limit,
12,12,144,1705,0,False,,,,,False,,,,,,,,,,,,,,,,,,,,,,,,,,,,,,not_run_mode_limit,
16,9,144,1705,0,False,,,,,False,,,,,,,,,,,,,,,,,,,,,,,,,,,,,,not_run_mode_limit,
18,8,144,1705,0,False,,,,,False,,,,,,,,,,,,,,,,,,,,,,,,,,,,,,not_run_mode_limit,
24,6,144,1705,0,False,,,,,False,,,,,,,,,,,,,,,,,,,,,,,,,,,,,,not_run_mode_limit,
36,4,144,1705,0,False,,,,,False,,,,,,,,,,,,,,,,,,,,,,,,,,,,,,not_run_mode_limit,
11,13,143,1706,0,False,,,,,False,,,,,,,,,,,,,,,,,,,,,,,,,,,,,,not_run_mode_limit,
13,11,143,1706,0,False,,,,,False,,,,,,,,,,,,,,,,,,,,,,,,,,,,,,not_run_mode_limit,
3,47,141,1708,0,False,,,,,False,,,,,,,,,,,,,,,,,,,,,,,,,,,,,,not_run_mode_limit,
4,35,140,1709,0,False,,,,,False,,,,,,,,,,,,,,,,,,,,,,,,,,,,,,not_run_mode_limit,
5,28,140,1709,0,False,,,,,False,,,,,,,,,,,,,,,,,,,,,,,,,,,,,,not_run_mode_limit,
7,20,140,1709,0,False,,,,,False,,,,,,,,,,,,,,,,,,,,,,,,,,,,,,not_run_mode_limit,
10,14,140,1709,0,False,,,,,False,,,,,,,,,,,,,,,,,,,,,,,,,,,,,,not_run_mode_limit,
14,10,140,1709,0,False,,,,,False,,,,,,,,,,,,,,,,,,,,,,,,,,,,,,not_run_mode_limit,
20,7,140,1709,0,False,,,,,False,,,,,,,,,,,,,,,,,,,,,,,,,,,,,,not_run_mode_limit,
28,5,140,1709,0,False,,,,,False,,,,,,,,,,,,,,,,,,,,,,,,,,,,,,not_run_mode_limit,
35,4,140,1709,0,False,,,,,False,,,,,,,,,,,,,,,,,,,,,,,,,,,,,,not_run_mode_limit,
3,46,138,1711,0,False,,,,,False,,,,,,,,,,,,,,,,,,,,,,,,,,,,,,not_run_mode_limit,
6,23,138,1711,0,False,,,,,False,,,,,,,,,,,,,,,,,,,,,,,,,,,,,,not_run_mode_limit,
23,6,138,1711,0,False,,,,,False,,,,,,,,,,,,,,,,,,,,,,,,,,,,,,not_run_mode_limit,
4,34,136,1713,0,False,,,,,False,,,,,,,,,,,,,,,,,,,,,,,,,,,,,,not_run_mode_limit,
8,17,136,1713,0,False,,,,,False,,,,,,,,,,,,,,,,,,,,,,,,,,,,,,not_run_mode_limit,
17,8,136,1713,0,False,,,,,False,,,,,,,,,,,,,,,,,,,,,,,,,,,,,,not_run_mode_limit,
34,4,136,1713,0,False,,,,,False,,,,,,,,,,,,,,,,,,,,,,,,,,,,,,not_run_mode_limit,
3,45,135,1714,0,False,,,,,False,,,,,,,,,,,,,,,,,,,,,,,,,,,,,,not_run_mode_limit,
5,27,135,1714,0,False,,,,,False,,,,,,,,,,,,,,,,,,,,,,,,,,,,,,not_run_mode_limit,
9,15,135,1714,0,False,,,,,False,,,,,,,,,,,,,,,,,,,,,,,,,,,,,,not_run_mode_limit,
15,9,135,1714,0,False,,,,,False,,,,,,,,,,,,,,,,,,,,,,,,,,,,,,not_run_mode_limit,
27,5,135,1714,0,False,,,,,False,,,,,,,,,,,,,,,,,,,,,,,,,,,,,,not_run_mode_limit,
7,19,133,1716,0,False,,,,,False,,,,,,,,,,,,,,,,,,,,,,,,,,,,,,not_run_mode_limit,
19,7,133,1716,0,False,,,,,False,,,,,,,,,,,,,,,,,,,,,,,,,,,,,,not_run_mode_limit,
3,44,132,1717,0,False,,,,,False,,,,,,,,,,,,,,,,,,,,,,,,,,,,,,not_run_mode_limit,
4,33,132,1717,0,False,,,,,False,,,,,,,,,,,,,,,,,,,,,,,,,,,,,,not_run_mode_limit,
6,22,132,1717,0,False,,,,,False,,,,,,,,,,,,,,,,,,,,,,,,,,,,,,not_run_mode_limit,
11,12,132,1717,0,False,,,,,False,,,,,,,,,,,,,,,,,,,,,,,,,,,,,,not_run_mode_limit,
12,11,132,1717,0,False,,,,,False,,,,,,,,,,,,,,,,,,,,,,,,,,,,,,not_run_mode_limit,
22,6,132,1717,0,False,,,,,False,,,,,,,,,,,,,,,,,,,,,,,,,,,,,,not_run_mode_limit,
33,4,132,1717,0,False,,,,,False,,,,,,,,,,,,,,,,,,,,,,,,,,,,,,not_run_mode_limit,
5,26,130,1719,0,False,,,,,False,,,,,,,,,,,,,,,,,,,,,,,,,,,,,,not_run_mode_limit,
10,13,130,1719,0,False,,,,,False,,,,,,,,,,,,,,,,,,,,,,,,,,,,,,not_run_mode_limit,
13,10,130,1719,0,False,,,,,False,,,,,,,,,,,,,,,,,,,,,,,,,,,,,,not_run_mode_limit,
26,5,130,1719,0,False,,,,,False,,,,,,,,,,,,,,,,,,,,,,,,,,,,,,not_run_mode_limit,
3,43,129,1720,0,False,,,,,False,,,,,,,,,,,,,,,,,,,,,,,,,,,,,,not_run_mode_limit,
4,32,128,1721,0,False,,,,,False,,,,,,,,,,,,,,,,,,,,,,,,,,,,,,not_run_mode_limit,
8,16,128,1721,0,False,,,,,False,,,,,,,,,,,,,,,,,,,,,,,,,,,,,,not_run_mode_limit,
16,8,128,1721,0,False,,,,,False,,,,,,,,,,,,,,,,,,,,,,,,,,,,,,not_run_mode_limit,
32,4,128,1721,0,False,,,,,False,,,,,,,,,,,,,,,,,,,,,,,,,,,,,,not_run_mode_limit,
3,42,126,1723,0,False,,,,,False,,,,,,,,,,,,,,,,,,,,,,,,,,,,,,not_run_mode_limit,
6,21,126,1723,0,False,,,,,False,,,,,,,,,,,,,,,,,,,,,,,,,,,,,,not_run_mode_limit,
7,18,126,1723,0,False,,,,,False,,,,,,,,,,,,,,,,,,,,,,,,,,,,,,not_run_mode_limit,
9,14,126,1723,0,False,,,,,False,,,,,,,,,,,,,,,,,,,,,,,,,,,,,,not_run_mode_limit,
14,9,126,1723,0,False,,,,,False,,,,,,,,,,,,,,,,,,,,,,,,,,,,,,not_run_mode_limit,
18,7,126,1723,0,False,,,,,False,,,,,,,,,,,,,,,,,,,,,,,,,,,,,,not_run_mode_limit,
21,6,126,1723,0,False,,,,,False,,,,,,,,,,,,,,,,,,,,,,,,,,,,,,not_run_mode_limit,
5,25,125,1724,0,False,,,,,False,,,,,,,,,,,,,,,,,,,,,,,,,,,,,,not_run_mode_limit,
25,5,125,1724,0,False,,,,,False,,,,,,,,,,,,,,,,,,,,,,,,,,,,,,not_run_mode_limit,
4,31,124,1725,0,False,,,,,False,,,,,,,,,,,,,,,,,,,,,,,,,,,,,,not_run_mode_limit,
31,4,124,1725,0,False,,,,,False,,,,,,,,,,,,,,,,,,,,,,,,,,,,,,not_run_mode_limit,
3,41,123,1726,0,False,,,,,False,,,,,,,,,,,,,,,,,,,,,,,,,,,,,,not_run_mode_limit,
11,11,121,1728,0,False,,,,,False,,,,,,,,,,,,,,,,,,,,,,,,,,,,,,not_run_mode_limit,
3,40,120,1729,0,False,,,,,False,,,,,,,,,,,,,,,,,,,,,,,,,,,,,,not_run_mode_limit,
4,30,120,1729,0,False,,,,,False,,,,,,,,,,,,,,,,,,,,,,,,,,,,,,not_run_mode_limit,
5,24,120,1729,0,False,,,,,False,,,,,,,,,,,,,,,,,,,,,,,,,,,,,,not_run_mode_limit,
6,20,120,1729,0,False,,,,,False,,,,,,,,,,,,,,,,,,,,,,,,,,,,,,not_run_mode_limit,
8,15,120,1729,0,False,,,,,False,,,,,,,,,,,,,,,,,,,,,,,,,,,,,,not_run_mode_limit,
10,12,120,1729,0,False,,,,,False,,,,,,,,,,,,,,,,,,,,,,,,,,,,,,not_run_mode_limit,
12,10,120,1729,0,False,,,,,False,,,,,,,,,,,,,,,,,,,,,,,,,,,,,,not_run_mode_limit,
15,8,120,1729,0,False,,,,,False,,,,,,,,,,,,,,,,,,,,,,,,,,,,,,not_run_mode_limit,
20,6,120,1729,0,False,,,,,False,,,,,,,,,,,,,,,,,,,,,,,,,,,,,,not_run_mode_limit,
24,5,120,1729,0,False,,,,,False,,,,,,,,,,,,,,,,,,,,,,,,,,,,,,not_run_mode_limit,
30,4,120,1729,0,False,,,,,False,,,,,,,,,,,,,,,,,,,,,,,,,,,,,,not_run_mode_limit,
7,17,119,1730,0,False,,,,,False,,,,,,,,,,,,,,,,,,,,,,,,,,,,,,not_run_mode_limit,
17,7,119,1730,0,False,,,,,False,,,,,,,,,,,,,,,,,,,,,,,,,,,,,,not_run_mode_limit,
3,39,117,1732,0,False,,,,,False,,,,,,,,,,,,,,,,,,,,,,,,,,,,,,not_run_mode_limit,
9,13,117,1732,0,False,,,,,False,,,,,,,,,,,,,,,,,,,,,,,,,,,,,,not_run_mode_limit,
13,9,117,1732,0,False,,,,,False,,,,,,,,,,,,,,,,,,,,,,,,,,,,,,not_run_mode_limit,
4,29,116,1733,0,False,,,,,False,,,,,,,,,,,,,,,,,,,,,,,,,,,,,,not_run_mode_limit,
29,4,116,1733,0,False,,,,,False,,,,,,,,,,,,,,,,,,,,,,,,,,,,,,not_run_mode_limit,
5,23,115,1734,0,False,,,,,False,,,,,,,,,,,,,,,,,,,,,,,,,,,,,,not_run_mode_limit,
23,5,115,1734,0,False,,,,,False,,,,,,,,,,,,,,,,,,,,,,,,,,,,,,not_run_mode_limit,
3,38,114,1735,0,False,,,,,False,,,,,,,,,,,,,,,,,,,,,,,,,,,,,,not_run_mode_limit,
6,19,114,1735,0,False,,,,,False,,,,,,,,,,,,,,,,,,,,,,,,,,,,,,not_run_mode_limit,
19,6,114,1735,0,False,,,,,False,,,,,,,,,,,,,,,,,,,,,,,,,,,,,,not_run_mode_limit,
4,28,112,1737,0,False,,,,,False,,,,,,,,,,,,,,,,,,,,,,,,,,,,,,not_run_mode_limit,
7,16,112,1737,0,False,,,,,False,,,,,,,,,,,,,,,,,,,,,,,,,,,,,,not_run_mode_limit,
8,14,112,1737,0,False,,,,,False,,,,,,,,,,,,,,,,,,,,,,,,,,,,,,not_run_mode_limit,
14,8,112,1737,0,False,,,,,False,,,,,,,,,,,,,,,,,,,,,,,,,,,,,,not_run_mode_limit,
16,7,112,1737,0,False,,,,,False,,,,,,,,,,,,,,,,,,,,,,,,,,,,,,not_run_mode_limit,
28,4,112,1737,0,False,,,,,False,,,,,,,,,,,,,,,,,,,,,,,,,,,,,,not_run_mode_limit,
3,37,111,1738,0,False,,,,,False,,,,,,,,,,,,,,,,,,,,,,,,,,,,,,not_run_mode_limit,
5,22,110,1739,0,False,,,,,False,,,,,,,,,,,,,,,,,,,,,,,,,,,,,,not_run_mode_limit,
10,11,110,1739,0,False,,,,,False,,,,,,,,,,,,,,,,,,,,,,,,,,,,,,not_run_mode_limit,
11,10,110,1739,0,False,,,,,False,,,,,,,,,,,,,,,,,,,,,,,,,,,,,,not_run_mode_limit,
22,5,110,1739,0,False,,,,,False,,,,,,,,,,,,,,,,,,,,,,,,,,,,,,not_run_mode_limit,
3,36,108,1741,0,False,,,,,False,,,,,,,,,,,,,,,,,,,,,,,,,,,,,,not_run_mode_limit,
4,27,108,1741,0,False,,,,,False,,,,,,,,,,,,,,,,,,,,,,,,,,,,,,not_run_mode_limit,
6,18,108,1741,0,False,,,,,False,,,,,,,,,,,,,,,,,,,,,,,,,,,,,,not_run_mode_limit,
9,12,108,1741,0,False,,,,,False,,,,,,,,,,,,,,,,,,,,,,,,,,,,,,not_run_mode_limit,
12,9,108,1741,0,False,,,,,False,,,,,,,,,,,,,,,,,,,,,,,,,,,,,,not_run_mode_limit,
18,6,108,1741,0,False,,,,,False,,,,,,,,,,,,,,,,,,,,,,,,,,,,,,not_run_mode_limit,
27,4,108,1741,0,False,,,,,False,,,,,,,,,,,,,,,,,,,,,,,,,,,,,,not_run_mode_limit,
3,35,105,1744,0,False,,,,,False,,,,,,,,,,,,,,,,,,,,,,,,,,,,,,not_run_mode_limit,
5,21,105,1744,0,False,,,,,False,,,,,,,,,,,,,,,,,,,,,,,,,,,,,,not_run_mode_limit,
7,15,105,1744,0,False,,,,,False,,,,,,,,,,,,,,,,,,,,,,,,,,,,,,not_run_mode_limit,
15,7,105,1744,0,False,,,,,False,,,,,,,,,,,,,,,,,,,,,,,,,,,,,,not_run_mode_limit,
21,5,105,1744,0,False,,,,,False,,,,,,,,,,,,,,,,,,,,,,,,,,,,,,not_run_mode_limit,
4,26,104,1745,0,False,,,,,False,,,,,,,,,,,,,,,,,,,,,,,,,,,,,,not_run_mode_limit,
8,13,104,1745,0,False,,,,,False,,,,,,,,,,,,,,,,,,,,,,,,,,,,,,not_run_mode_limit,
13,8,104,1745,0,False,,,,,False,,,,,,,,,,,,,,,,,,,,,,,,,,,,,,not_run_mode_limit,
26,4,104,1745,0,False,,,,,False,,,,,,,,,,,,,,,,,,,,,,,,,,,,,,not_run_mode_limit,
3,34,102,1747,0,False,,,,,False,,,,,,,,,,,,,,,,,,,,,,,,,,,,,,not_run_mode_limit,
6,17,102,1747,0,False,,,,,False,,,,,,,,,,,,,,,,,,,,,,,,,,,,,,not_run_mode_limit,
17,6,102,1747,0,False,,,,,False,,,,,,,,,,,,,,,,,,,,,,,,,,,,,,not_run_mode_limit,
2,50,100,1749,0,False,,,,,False,,,,,,,,,,,,,,,,,,,,,,,,,,,,,,not_run_mode_limit,
4,25,100,1749,0,False,,,,,False,,,,,,,,,,,,,,,,,,,,,,,,,,,,,,not_run_mode_limit,
5,20,100,1749,0,False,,,,,False,,,,,,,,,,,,,,,,,,,,,,,,,,,,,,not_run_mode_limit,
10,10,100,1749,0,False,,,,,False,,,,,,,,,,,,,,,,,,,,,,,,,,,,,,not_run_mode_limit,
20,5,100,1749,0,False,,,,,False,,,,,,,,,,,,,,,,,,,,,,,,,,,,,,not_run_mode_limit,
25,4,100,1749,0,False,,,,,False,,,,,,,,,,,,,,,,,,,,,,,,,,,,,,not_run_mode_limit,
3,33,99,1750,0,False,,,,,False,,,,,,,,,,,,,,,,,,,,,,,,,,,,,,not_run_mode_limit,
9,11,99,1750,0,False,,,,,False,,,,,,,,,,,,,,,,,,,,,,,,,,,,,,not_run_mode_limit,
11,9,99,1750,0,False,,,,,False,,,,,,,,,,,,,,,,,,,,,,,,,,,,,,not_run_mode_limit,
2,49,98,1751,0,False,,,,,False,,,,,,,,,,,,,,,,,,,,,,,,,,,,,,not_run_mode_limit,
7,14,98,1751,0,False,,,,,False,,,,,,,,,,,,,,,,,,,,,,,,,,,,,,not_run_mode_limit,
14,7,98,1751,0,False,,,,,False,,,,,,,,,,,,,,,,,,,,,,,,,,,,,,not_run_mode_limit,
2,48,96,1753,0,False,,,,,False,,,,,,,,,,,,,,,,,,,,,,,,,,,,,,not_run_mode_limit,
3,32,96,1753,0,False,,,,,False,,,,,,,,,,,,,,,,,,,,,,,,,,,,,,not_run_mode_limit,
4,24,96,1753,0,False,,,,,False,,,,,,,,,,,,,,,,,,,,,,,,,,,,,,not_run_mode_limit,
6,16,96,1753,0,False,,,,,False,,,,,,,,,,,,,,,,,,,,,,,,,,,,,,not_run_mode_limit,
8,12,96,1753,0,False,,,,,False,,,,,,,,,,,,,,,,,,,,,,,,,,,,,,not_run_mode_limit,
12,8,96,1753,0,False,,,,,False,,,,,,,,,,,,,,,,,,,,,,,,,,,,,,not_run_mode_limit,
16,6,96,1753,0,False,,,,,False,,,,,,,,,,,,,,,,,,,,,,,,,,,,,,not_run_mode_limit,
24,4,96,1753,0,False,,,,,False,,,,,,,,,,,,,,,,,,,,,,,,,,,,,,not_run_mode_limit,
5,19,95,1754,0,False,,,,,False,,,,,,,,,,,,,,,,,,,,,,,,,,,,,,not_run_mode_limit,
19,5,95,1754,0,False,,,,,False,,,,,,,,,,,,,,,,,,,,,,,,,,,,,,not_run_mode_limit,
2,47,94,1755,0,False,,,,,False,,,,,,,,,,,,,,,,,,,,,,,,,,,,,,not_run_mode_limit,
3,31,93,1756,0,False,,,,,False,,,,,,,,,,,,,,,,,,,,,,,,,,,,,,not_run_mode_limit,
2,46,92,1757,0,False,,,,,False,,,,,,,,,,,,,,,,,,,,,,,,,,,,,,not_run_mode_limit,
4,23,92,1757,0,False,,,,,False,,,,,,,,,,,,,,,,,,,,,,,,,,,,,,not_run_mode_limit,
23,4,92,1757,0,False,,,,,False,,,,,,,,,,,,,,,,,,,,,,,,,,,,,,not_run_mode_limit,
7,13,91,1758,0,False,,,,,False,,,,,,,,,,,,,,,,,,,,,,,,,,,,,,not_run_mode_limit,
13,7,91,1758,0,False,,,,,False,,,,,,,,,,,,,,,,,,,,,,,,,,,,,,not_run_mode_limit,
2,45,90,1759,0,False,,,,,False,,,,,,,,,,,,,,,,,,,,,,,,,,,,,,not_run_mode_limit,
3,30,90,1759,0,False,,,,,False,,,,,,,,,,,,,,,,,,,,,,,,,,,,,,not_run_mode_limit,
5,18,90,1759,0,False,,,,,False,,,,,,,,,,,,,,,,,,,,,,,,,,,,,,not_run_mode_limit,
6,15,90,1759,0,False,,,,,False,,,,,,,,,,,,,,,,,,,,,,,,,,,,,,not_run_mode_limit,
9,10,90,1759,0,False,,,,,False,,,,,,,,,,,,,,,,,,,,,,,,,,,,,,not_run_mode_limit,
10,9,90,1759,0,False,,,,,False,,,,,,,,,,,,,,,,,,,,,,,,,,,,,,not_run_mode_limit,
15,6,90,1759,0,False,,,,,False,,,,,,,,,,,,,,,,,,,,,,,,,,,,,,not_run_mode_limit,
18,5,90,1759,0,False,,,,,False,,,,,,,,,,,,,,,,,,,,,,,,,,,,,,not_run_mode_limit,
2,44,88,1761,0,False,,,,,False,,,,,,,,,,,,,,,,,,,,,,,,,,,,,,not_run_mode_limit,
4,22,88,1761,0,False,,,,,False,,,,,,,,,,,,,,,,,,,,,,,,,,,,,,not_run_mode_limit,
8,11,88,1761,0,False,,,,,False,,,,,,,,,,,,,,,,,,,,,,,,,,,,,,not_run_mode_limit,
11,8,88,1761,0,False,,,,,False,,,,,,,,,,,,,,,,,,,,,,,,,,,,,,not_run_mode_limit,
22,4,88,1761,0,False,,,,,False,,,,,,,,,,,,,,,,,,,,,,,,,,,,,,not_run_mode_limit,
3,29,87,1762,0,False,,,,,False,,,,,,,,,,,,,,,,,,,,,,,,,,,,,,not_run_mode_limit,
2,43,86,1763,0,False,,,,,False,,,,,,,,,,,,,,,,,,,,,,,,,,,,,,not_run_mode_limit,
5,17,85,1764,0,False,,,,,False,,,,,,,,,,,,,,,,,,,,,,,,,,,,,,not_run_mode_limit,
17,5,85,1764,0,False,,,,,False,,,,,,,,,,,,,,,,,,,,,,,,,,,,,,not_run_mode_limit,
2,42,84,1765,0,False,,,,,False,,,,,,,,,,,,,,,,,,,,,,,,,,,,,,not_run_mode_limit,
3,28,84,1765,0,False,,,,,False,,,,,,,,,,,,,,,,,,,,,,,,,,,,,,not_run_mode_limit,
4,21,84,1765,0,False,,,,,False,,,,,,,,,,,,,,,,,,,,,,,,,,,,,,not_run_mode_limit,
6,14,84,1765,0,False,,,,,False,,,,,,,,,,,,,,,,,,,,,,,,,,,,,,not_run_mode_limit,
7,12,84,1765,0,False,,,,,False,,,,,,,,,,,,,,,,,,,,,,,,,,,,,,not_run_mode_limit,
12,7,84,1765,0,False,,,,,False,,,,,,,,,,,,,,,,,,,,,,,,,,,,,,not_run_mode_limit,
14,6,84,1765,0,False,,,,,False,,,,,,,,,,,,,,,,,,,,,,,,,,,,,,not_run_mode_limit,
21,4,84,1765,0,False,,,,,False,,,,,,,,,,,,,,,,,,,,,,,,,,,,,,not_run_mode_limit,
2,41,82,1767,0,False,,,,,False,,,,,,,,,,,,,,,,,,,,,,,,,,,,,,not_run_mode_limit,
3,27,81,1768,0,False,,,,,False,,,,,,,,,,,,,,,,,,,,,,,,,,,,,,not_run_mode_limit,
9,9,81,1768,0,False,,,,,False,,,,,,,,,,,,,,,,,,,,,,,,,,,,,,not_run_mode_limit,
2,40,80,1769,0,False,,,,,False,,,,,,,,,,,,,,,,,,,,,,,,,,,,,,not_run_mode_limit,
4,20,80,1769,0,False,,,,,False,,,,,,,,,,,,,,,,,,,,,,,,,,,,,,not_run_mode_limit,
5,16,80,1769,0,False,,,,,False,,,,,,,,,,,,,,,,,,,,,,,,,,,,,,not_run_mode_limit,
8,10,80,1769,0,False,,,,,False,,,,,,,,,,,,,,,,,,,,,,,,,,,,,,not_run_mode_limit,
10,8,80,1769,0,False,,,,,False,,,,,,,,,,,,,,,,,,,,,,,,,,,,,,not_run_mode_limit,
16,5,80,1769,0,False,,,,,False,,,,,,,,,,,,,,,,,,,,,,,,,,,,,,not_run_mode_limit,
20,4,80,1769,0,False,,,,,False,,,,,,,,,,,,,,,,,,,,,,,,,,,,,,not_run_mode_limit,
2,39,78,1771,0,False,,,,,False,,,,,,,,,,,,,,,,,,,,,,,,,,,,,,not_run_mode_limit,
3,26,78,1771,0,False,,,,,False,,,,,,,,,,,,,,,,,,,,,,,,,,,,,,not_run_mode_limit,
6,13,78,1771,0,False,,,,,False,,,,,,,,,,,,,,,,,,,,,,,,,,,,,,not_run_mode_limit,
13,6,78,1771,0,False,,,,,False,,,,,,,,,,,,,,,,,,,,,,,,,,,,,,not_run_mode_limit,
7,11,77,1772,0,False,,,,,False,,,,,,,,,,,,,,,,,,,,,,,,,,,,,,not_run_mode_limit,
11,7,77,1772,0,False,,,,,False,,,,,,,,,,,,,,,,,,,,,,,,,,,,,,not_run_mode_limit,
2,38,76,1773,0,False,,,,,False,,,,,,,,,,,,,,,,,,,,,,,,,,,,,,not_run_mode_limit,
4,19,76,1773,0,False,,,,,False,,,,,,,,,,,,,,,,,,,,,,,,,,,,,,not_run_mode_limit,
19,4,76,1773,0,False,,,,,False,,,,,,,,,,,,,,,,,,,,,,,,,,,,,,not_run_mode_limit,
3,25,75,1774,0,False,,,,,False,,,,,,,,,,,,,,,,,,,,,,,,,,,,,,not_run_mode_limit,
5,15,75,1774,0,False,,,,,False,,,,,,,,,,,,,,,,,,,,,,,,,,,,,,not_run_mode_limit,
15,5,75,1774,0,False,,,,,False,,,,,,,,,,,,,,,,,,,,,,,,,,,,,,not_run_mode_limit,
2,37,74,1775,0,False,,,,,False,,,,,,,,,,,,,,,,,,,,,,,,,,,,,,not_run_mode_limit,
2,36,72,1777,0,False,,,,,False,,,,,,,,,,,,,,,,,,,,,,,,,,,,,,not_run_mode_limit,
3,24,72,1777,0,False,,,,,False,,,,,,,,,,,,,,,,,,,,,,,,,,,,,,not_run_mode_limit,
4,18,72,1777,0,False,,,,,False,,,,,,,,,,,,,,,,,,,,,,,,,,,,,,not_run_mode_limit,
6,12,72,1777,0,False,,,,,False,,,,,,,,,,,,,,,,,,,,,,,,,,,,,,not_run_mode_limit,
8,9,72,1777,0,False,,,,,False,,,,,,,,,,,,,,,,,,,,,,,,,,,,,,not_run_mode_limit,
9,8,72,1777,0,False,,,,,False,,,,,,,,,,,,,,,,,,,,,,,,,,,,,,not_run_mode_limit,
12,6,72,1777,0,False,,,,,False,,,,,,,,,,,,,,,,,,,,,,,,,,,,,,not_run_mode_limit,
18,4,72,1777,0,False,,,,,False,,,,,,,,,,,,,,,,,,,,,,,,,,,,,,not_run_mode_limit,
2,35,70,1779,0,False,,,,,False,,,,,,,,,,,,,,,,,,,,,,,,,,,,,,not_run_mode_limit,
5,14,70,1779,0,False,,,,,False,,,,,,,,,,,,,,,,,,,,,,,,,,,,,,not_run_mode_limit,
7,10,70,1779,0,False,,,,,False,,,,,,,,,,,,,,,,,,,,,,,,,,,,,,not_run_mode_limit,
10,7,70,1779,0,False,,,,,False,,,,,,,,,,,,,,,,,,,,,,,,,,,,,,not_run_mode_limit,
14,5,70,1779,0,False,,,,,False,,,,,,,,,,,,,,,,,,,,,,,,,,,,,,not_run_mode_limit,
3,23,69,1780,0,False,,,,,False,,,,,,,,,,,,,,,,,,,,,,,,,,,,,,not_run_mode_limit,
2,34,68,1781,0,False,,,,,False,,,,,,,,,,,,,,,,,,,,,,,,,,,,,,not_run_mode_limit,
4,17,68,1781,0,False,,,,,False,,,,,,,,,,,,,,,,,,,,,,,,,,,,,,not_run_mode_limit,
17,4,68,1781,0,False,,,,,False,,,,,,,,,,,,,,,,,,,,,,,,,,,,,,not_run_mode_limit,
2,33,66,1783,0,False,,,,,False,,,,,,,,,,,,,,,,,,,,,,,,,,,,,,not_run_mode_limit,
3,22,66,1783,0,False,,,,,False,,,,,,,,,,,,,,,,,,,,,,,,,,,,,,not_run_mode_limit,
6,11,66,1783,0,False,,,,,False,,,,,,,,,,,,,,,,,,,,,,,,,,,,,,not_run_mode_limit,
11,6,66,1783,0,False,,,,,False,,,,,,,,,,,,,,,,,,,,,,,,,,,,,,not_run_mode_limit,
5,13,65,1784,0,False,,,,,False,,,,,,,,,,,,,,,,,,,,,,,,,,,,,,not_run_mode_limit,
13,5,65,1784,0,False,,,,,False,,,,,,,,,,,,,,,,,,,,,,,,,,,,,,not_run_mode_limit,
2,32,64,1785,0,False,,,,,False,,,,,,,,,,,,,,,,,,,,,,,,,,,,,,not_run_mode_limit,
4,16,64,1785,0,False,,,,,False,,,,,,,,,,,,,,,,,,,,,,,,,,,,,,not_run_mode_limit,
8,8,64,1785,0,False,,,,,False,,,,,,,,,,,,,,,,,,,,,,,,,,,,,,not_run_mode_limit,
16,4,64,1785,0,False,,,,,False,,,,,,,,,,,,,,,,,,,,,,,,,,,,,,not_run_mode_limit,
3,21,63,1786,0,False,,,,,False,,,,,,,,,,,,,,,,,,,,,,,,,,,,,,not_run_mode_limit,
7,9,63,1786,0,False,,,,,False,,,,,,,,,,,,,,,,,,,,,,,,,,,,,,not_run_mode_limit,
9,7,63,1786,0,False,,,,,False,,,,,,,,,,,,,,,,,,,,,,,,,,,,,,not_run_mode_limit,
2,31,62,1787,0,False,,,,,False,,,,,,,,,,,,,,,,,,,,,,,,,,,,,,not_run_mode_limit,
2,30,60,1789,0,False,,,,,False,,,,,,,,,,,,,,,,,,,,,,,,,,,,,,not_run_mode_limit,
3,20,60,1789,0,False,,,,,False,,,,,,,,,,,,,,,,,,,,,,,,,,,,,,not_run_mode_limit,
4,15,60,1789,0,False,,,,,False,,,,,,,,,,,,,,,,,,,,,,,,,,,,,,not_run_mode_limit,
5,12,60,1789,0,False,,,,,False,,,,,,,,,,,,,,,,,,,,,,,,,,,,,,not_run_mode_limit,
6,10,60,1789,0,False,,,,,False,,,,,,,,,,,,,,,,,,,,,,,,,,,,,,not_run_mode_limit,
10,6,60,1789,0,False,,,,,False,,,,,,,,,,,,,,,,,,,,,,,,,,,,,,not_run_mode_limit,
12,5,60,1789,0,False,,,,,False,,,,,,,,,,,,,,,,,,,,,,,,,,,,,,not_run_mode_limit,
15,4,60,1789,0,False,,,,,False,,,,,,,,,,,,,,,,,,,,,,,,,,,,,,not_run_mode_limit,
2,29,58,1791,0,False,,,,,False,,,,,,,,,,,,,,,,,,,,,,,,,,,,,,not_run_mode_limit,
3,19,57,1792,0,False,,,,,False,,,,,,,,,,,,,,,,,,,,,,,,,,,,,,not_run_mode_limit,
2,28,56,1793,0,False,,,,,False,,,,,,,,,,,,,,,,,,,,,,,,,,,,,,not_run_mode_limit,
4,14,56,1793,0,False,,,,,False,,,,,,,,,,,,,,,,,,,,,,,,,,,,,,not_run_mode_limit,
7,8,56,1793,0,False,,,,,False,,,,,,,,,,,,,,,,,,,,,,,,,,,,,,not_run_mode_limit,
8,7,56,1793,0,False,,,,,False,,,,,,,,,,,,,,,,,,,,,,,,,,,,,,not_run_mode_limit,
14,4,56,1793,0,False,,,,,False,,,,,,,,,,,,,,,,,,,,,,,,,,,,,,not_run_mode_limit,
5,11,55,1794,0,False,,,,,False,,,,,,,,,,,,,,,,,,,,,,,,,,,,,,not_run_mode_limit,
11,5,55,1794,0,False,,,,,False,,,,,,,,,,,,,,,,,,,,,,,,,,,,,,not_run_mode_limit,
2,27,54,1795,0,False,,,,,False,,,,,,,,,,,,,,,,,,,,,,,,,,,,,,not_run_mode_limit,
3,18,54,1795,0,False,,,,,False,,,,,,,,,,,,,,,,,,,,,,,,,,,,,,not_run_mode_limit,
6,9,54,1795,0,False,,,,,False,,,,,,,,,,,,,,,,,,,,,,,,,,,,,,not_run_mode_limit,
9,6,54,1795,0,False,,,,,False,,,,,,,,,,,,,,,,,,,,,,,,,,,,,,not_run_mode_limit,
2,26,52,1797,0,False,,,,,False,,,,,,,,,,,,,,,,,,,,,,,,,,,,,,not_run_mode_limit,
4,13,52,1797,0,False,,,,,False,,,,,,,,,,,,,,,,,,,,,,,,,,,,,,not_run_mode_limit,
13,4,52,1797,0,False,,,,,False,,,,,,,,,,,,,,,,,,,,,,,,,,,,,,not_run_mode_limit,
3,17,51,1798,0,False,,,,,False,,,,,,,,,,,,,,,,,,,,,,,,,,,,,,not_run_mode_limit,
2,25,50,1799,0,False,,,,,False,,,,,,,,,,,,,,,,,,,,,,,,,,,,,,not_run_mode_limit,
5,10,50,1799,0,False,,,,,False,,,,,,,,,,,,,,,,,,,,,,,,,,,,,,not_run_mode_limit,
10,5,50,1799,0,False,,,,,False,,,,,,,,,,,,,,,,,,,,,,,,,,,,,,not_run_mode_limit,
7,7,49,1800,0,False,,,,,False,,,,,,,,,,,,,,,,,,,,,,,,,,,,,,not_run_mode_limit,
2,24,48,1801,0,False,,,,,False,,,,,,,,,,,,,,,,,,,,,,,,,,,,,,not_run_mode_limit,
3,16,48,1801,0,False,,,,,False,,,,,,,,,,,,,,,,,,,,,,,,,,,,,,not_run_mode_limit,
4,12,48,1801,0,False,,,,,False,,,,,,,,,,,,,,,,,,,,,,,,,,,,,,not_run_mode_limit,
6,8,48,1801,0,False,,,,,False,,,,,,,,,,,,,,,,,,,,,,,,,,,,,,not_run_mode_limit,
8,6,48,1801,0,False,,,,,False,,,,,,,,,,,,,,,,,,,,,,,,,,,,,,not_run_mode_limit,
12,4,48,1801,0,False,,,,,False,,,,,,,,,,,,,,,,,,,,,,,,,,,,,,not_run_mode_limit,
2,23,46,1803,0,False,,,,,False,,,,,,,,,,,,,,,,,,,,,,,,,,,,,,not_run_mode_limit,
3,15,45,1804,0,False,,,,,False,,,,,,,,,,,,,,,,,,,,,,,,,,,,,,not_run_mode_limit,
5,9,45,1804,0,False,,,,,False,,,,,,,,,,,,,,,,,,,,,,,,,,,,,,not_run_mode_limit,
9,5,45,1804,0,False,,,,,False,,,,,,,,,,,,,,,,,,,,,,,,,,,,,,not_run_mode_limit,
2,22,44,1805,0,False,,,,,False,,,,,,,,,,,,,,,,,,,,,,,,,,,,,,not_run_mode_limit,
4,11,44,1805,0,False,,,,,False,,,,,,,,,,,,,,,,,,,,,,,,,,,,,,not_run_mode_limit,
11,4,44,1805,0,False,,,,,False,,,,,,,,,,,,,,,,,,,,,,,,,,,,,,not_run_mode_limit,
2,21,42,1807,0,False,,,,,False,,,,,,,,,,,,,,,,,,,,,,,,,,,,,,not_run_mode_limit,
3,14,42,1807,0,False,,,,,False,,,,,,,,,,,,,,,,,,,,,,,,,,,,,,not_run_mode_limit,
6,7,42,1807,0,False,,,,,False,,,,,,,,,,,,,,,,,,,,,,,,,,,,,,not_run_mode_limit,
7,6,42,1807,0,False,,,,,False,,,,,,,,,,,,,,,,,,,,,,,,,,,,,,not_run_mode_limit,
2,20,40,1809,0,False,,,,,False,,,,,,,,,,,,,,,,,,,,,,,,,,,,,,not_run_mode_limit,
4,10,40,1809,0,False,,,,,False,,,,,,,,,,,,,,,,,,,,,,,,,,,,,,not_run_mode_limit,
5,8,40,1809,0,False,,,,,False,,,,,,,,,,,,,,,,,,,,,,,,,,,,,,not_run_mode_limit,
8,5,40,1809,0,False,,,,,False,,,,,,,,,,,,,,,,,,,,,,,,,,,,,,not_run_mode_limit,
10,4,40,1809,0,False,,,,,False,,,,,,,,,,,,,,,,,,,,,,,,,,,,,,not_run_mode_limit,
3,13,39,1810,0,False,,,,,False,,,,,,,,,,,,,,,,,,,,,,,,,,,,,,not_run_mode_limit,
2,19,38,1811,0,False,,,,,False,,,,,,,,,,,,,,,,,,,,,,,,,,,,,,not_run_mode_limit,
2,18,36,1813,0,False,,,,,False,,,,,,,,,,,,,,,,,,,,,,,,,,,,,,not_run_mode_limit,
3,12,36,1813,0,False,,,,,False,,,,,,,,,,,,,,,,,,,,,,,,,,,,,,not_run_mode_limit,
4,9,36,1813,0,False,,,,,False,,,,,,,,,,,,,,,,,,,,,,,,,,,,,,not_run_mode_limit,
6,6,36,1813,0,False,,,,,False,,,,,,,,,,,,,,,,,,,,,,,,,,,,,,not_run_mode_limit,
9,4,36,1813,0,False,,,,,False,,,,,,,,,,,,,,,,,,,,,,,,,,,,,,not_run_mode_limit,
5,7,35,1814,0,False,,,,,False,,,,,,,,,,,,,,,,,,,,,,,,,,,,,,not_run_mode_limit,
7,5,35,1814,0,False,,,,,False,,,,,,,,,,,,,,,,,,,,,,,,,,,,,,not_run_mode_limit,
2,17,34,1815,0,False,,,,,False,,,,,,,,,,,,,,,,,,,,,,,,,,,,,,not_run_mode_limit,
3,11,33,1816,0,False,,,,,False,,,,,,,,,,,,,,,,,,,,,,,,,,,,,,not_run_mode_limit,
2,16,32,1817,0,False,,,,,False,,,,,,,,,,,,,,,,,,,,,,,,,,,,,,not_run_mode_limit,
4,8,32,1817,0,False,,,,,False,,,,,,,,,,,,,,,,,,,,,,,,,,,,,,not_run_mode_limit,
8,4,32,1817,0,False,,,,,False,,,,,,,,,,,,,,,,,,,,,,,,,,,,,,not_run_mode_limit,
2,15,30,1819,0,False,,,,,False,,,,,,,,,,,,,,,,,,,,,,,,,,,,,,not_run_mode_limit,
3,10,30,1819,0,False,,,,,False,,,,,,,,,,,,,,,,,,,,,,,,,,,,,,not_run_mode_limit,
5,6,30,1819,0,False,,,,,False,,,,,,,,,,,,,,,,,,,,,,,,,,,,,,not_run_mode_limit,
6,5,30,1819,0,False,,,,,False,,,,,,,,,,,,,,,,,,,,,,,,,,,,,,not_run_mode_limit,
2,14,28,1821,0,False,,,,,False,,,,,,,,,,,,,,,,,,,,,,,,,,,,,,not_run_mode_limit,
4,7,28,1821,0,False,,,,,False,,,,,,,,,,,,,,,,,,,,,,,,,,,,,,not_run_mode_limit,
7,4,28,1821,0,False,,,,,False,,,,,,,,,,,,,,,,,,,,,,,,,,,,,,not_run_mode_limit,
3,9,27,1822,0,False,,,,,False,,,,,,,,,,,,,,,,,,,,,,,,,,,,,,not_run_mode_limit,
2,13,26,1823,0,False,,,,,False,,,,,,,,,,,,,,,,,,,,,,,,,,,,,,not_run_mode_limit,
5,5,25,1824,0,False,,,,,False,,,,,,,,,,,,,,,,,,,,,,,,,,,,,,not_run_mode_limit,
2,12,24,1825,0,False,,,,,False,,,,,,,,,,,,,,,,,,,,,,,,,,,,,,not_run_mode_limit,
3,8,24,1825,0,False,,,,,False,,,,,,,,,,,,,,,,,,,,,,,,,,,,,,not_run_mode_limit,
4,6,24,1825,0,False,,,,,False,,,,,,,,,,,,,,,,,,,,,,,,,,,,,,not_run_mode_limit,
6,4,24,1825,0,False,,,,,False,,,,,,,,,,,,,,,,,,,,,,,,,,,,,,not_run_mode_limit,
2,11,22,1827,0,False,,,,,False,,,,,,,,,,,,,,,,,,,,,,,,,,,,,,not_run_mode_limit,
3,7,21,1828,0,False,,,,,False,,,,,,,,,,,,,,,,,,,,,,,,,,,,,,not_run_mode_limit,
2,10,20,1829,0,False,,,,,False,,,,,,,,,,,,,,,,,,,,,,,,,,,,,,not_run_mode_limit,
4,5,20,1829,0,False,,,,,False,,,,,,,,,,,,,,,,,,,,,,,,,,,,,,not_run_mode_limit,
5,4,20,1829,0,False,,,,,False,,,,,,,,,,,,,,,,,,,,,,,,,,,,,,not_run_mode_limit,
2,9,18,1831,0,False,,,,,False,,,,,,,,,,,,,,,,,,,,,,,,,,,,,,not_run_mode_limit,
3,6,18,1831,0,False,,,,,False,,,,,,,,,,,,,,,,,,,,,,,,,,,,,,not_run_mode_limit,
2,8,16,1833,0,False,,,,,False,,,,,,,,,,,,,,,,,,,,,,,,,,,,,,not_run_mode_limit,
4,4,16,1833,0,False,,,,,False,,,,,,,,,,,,,,,,,,,,,,,,,,,,,,not_run_mode_limit,
3,5,15,1834,0,False,,,,,False,,,,,,,,,,,,,,,,,,,,,,,,,,,,,,not_run_mode_limit,
2,7,14,1835,0,False,,,,,False,,,,,,,,,,,,,,,,,,,,,,,,,,,,,,not_run_mode_limit,
2,6,12,1837,0,False,,,,,False,,,,,,,,,,,,,,,,,,,,,,,,,,,,,,not_run_mode_limit,
3,4,12,1837,0,False,,,,,False,,,,,,,,,,,,,,,,,,,,,,,,,,,,,,not_run_mode_limit,
2,5,10,1839,0,False,,,,,False,,,,,,,,,,,,,,,,,,,,,,,,,,,,,,not_run_mode_limit,
2,4,8,1841,0,False,,,,,False,,,,,,,,,,,,,,,,,,,,,,,,,,,,,,not_run_mode_limit,
43,43,1849,0,1,False,,,,,False,,,,,,,,,,,,,,,,,,,,,,,,,,,,,,not_run_mode_limit,
37,50,1850,1,1,False,,,,,False,,,,,,,,,,,,,,,,,,,,,,,,,,,,,,not_run_mode_limit,
50,37,1850,1,1,False,,,,,False,,,,,,,,,,,,,,,,,,,,,,,,,,,,,,not_run_mode_limit,
53,35,1855,6,1,False,,,,,False,,,,,,,,,,,,,,,,,,,,,,,,,,,,,,not_run_mode_limit,
58,32,1856,7,1,False,,,,,False,,,,,,,,,,,,,,,,,,,,,,,,,,,,,,not_run_mode_limit,
