time_seconds,ground_index,satellite_id,assigned_gbps,assignment_cost_ms
0.0,42,590,20.0,26.772685669817754
0.0,42,1563,20.0,28.27981792090862
0.0,42,1562,20.0,24.63352902585182
0.0,49,635,20.0,29.91112804877509
0.0,49,1608,20.0,27.969460666534328
0.0,34,1517,20.0,26.206926040794688
0.0,34,545,20.0,24.004538167782155
0.0,34,544,20.0,27.66975910351134
0.0,7,1335,20.0,31.209968162643275
0.0,7,409,20.0,25.158972917225906
0.0,15,454,20.0,24.609729087549475
0.0,15,1381,20.0,31.117965946000588
0.0,21,499,20.0,25.35644688503648
0.0,28,1426,20.0,28.197303239158558
0.0,38,1472,20.0,30.126556433483834
0.0,38,589,20.0,30.8863131739574
0.0,8,1336,20.0,34.517570422333
0.0,62,1653,20.0,27.373943237321903
0.0,62,680,20.0,33.60656695507818
0.0,62,681,20.0,31.18081483124753
0.0,6,408,20.0,29.015999138792733
0.0,0,1290,20.0,34.286818917303044
0.0,0,363,20.0,29.58646556284682
0.0,66,364,20.0,25.91080883260141
0.0,74,1380,20.0,28.2537070959963
0.0,90,500,20.0,22.176987537358183
0.0,184,636,20.0,27.976392921112467
0.0,175,1607,20.0,24.230253780736223
0.0,147,1471,20.0,25.649024553581484
0.0,211,455,20.0,21.50127821503175
0.0,309,1652,20.0,24.096298366734363
0.0,298,591,20.0,24.79769887692876
0.0,280,1516,20.0,23.572414604470346
0.0,328,410,20.0,21.66802735580329
300.0,42,1560,20.0,22.177754563002168
300.0,42,587,20.0,25.274466808244142
300.0,49,1605,20.0,21.592814672702133
300.0,49,633,20.0,25.502606801639775
300.0,49,632,20.0,28.754256900049587
300.0,34,1515,20.0,23.579590247128827
300.0,34,542,20.0,23.02724067166782
300.0,7,1379,20.0,30.093288766835315
300.0,7,406,20.0,27.26910439481183
300.0,45,588,20.0,22.42793349747508
300.0,15,1424,20.0,26.984309705824092
300.0,15,452,20.0,23.569750489925003
300.0,15,451,20.0,27.281903511238603
300.0,18,1425,20.0,30.061133950550726
300.0,18,496,20.0,27.083220959460444
300.0,21,497,20.0,23.229632852731772
300.0,21,1469,20.0,24.06426498397702
300.0,47,1561,20.0,26.36897162150717
300.0,28,1470,20.0,26.445686830792496
300.0,62,1651,20.0,24.539325478381457
300.0,62,678,20.0,28.65515112444294
300.0,53,1606,20.0,25.09577538120005
300.0,0,1288,20.0,33.53613740996356
300.0,0,361,20.0,29.59748839602016
300.0,118,1650,20.0,21.565039742874045
300.0,71,407,20.0,23.9909101297485
300.0,127,1378,20.0,29.425595431972543
300.0,162,543,20.0,20.33645576100218
300.0,155,1514,20.0,21.35107559221729
300.0,189,362,20.0,26.17852167652753
300.0,251,679,20.0,26.760342184619834
300.0,251,1695,20.0,22.766873986243272
300.0,309,634,20.0,23.53118688886571
300.0,280,498,20.0,20.26980682677247
600.0,42,1558,20.0,21.767446612875776
600.0,42,585,20.0,22.41073698689579
600.0,49,1603,20.0,20.575402804887467
600.0,49,630,20.0,24.51402201274341
600.0,34,1513,20.0,24.08294034598068
600.0,34,540,20.0,21.022700267065396
600.0,31,1512,20.0,21.215233040512178
600.0,7,1377,20.0,29.6733051402438
600.0,7,404,20.0,25.11655890554563
600.0,15,1422,20.0,26.160623536080355
600.0,15,449,20.0,23.674501119024022
600.0,18,494,20.0,23.426485028801974
600.0,21,1467,20.0,23.614895327797417
600.0,28,539,20.0,23.95916099568378
600.0,28,1468,20.0,27.165009498305036
600.0,62,1649,20.0,26.320022776228612
600.0,62,676,20.0,25.69549052473096
600.0,53,675,20.0,28.150431481662864
600.0,55,1648,20.0,22.777478836482437
600.0,0,1332,20.0,33.4097600432354
600.0,0,403,20.0,29.099806872852522
600.0,0,359,20.0,27.400126746685046
600.0,3,1376,20.0,29.366906506917424
600.0,24,495,20.0,21.043088315985454
600.0,101,1557,20.0,19.320485195146098
600.0,114,631,20.0,22.47549154007025
600.0,143,450,20.0,21.227376646757442
600.0,138,1421,20.0,26.109928177707992
600.0,188,1693,20.0,24.890716701267117
600.0,236,586,20.0,20.35903835553072
600.0,235,1602,20.0,18.066656901803388
600.0,263,405,20.0,22.594778187669714
600.0,289,541,20.0,18.9346964511583
600.0,269,1466,20.0,23.213000095676335
900.0,42,583,20.0,28.261404138169986
900.0,42,1556,20.0,32.00055224234775
900.0,49,628,20.0,30.810303357440198
900.0,49,1601,20.0,31.021423904476997
900.0,34,582,20.0,31.352736744303936
900.0,34,1510,20.0,30.29707972105067
900.0,31,537,20.0,28.752506177891892
900.0,7,446,20.0,29.45678055277177
900.0,7,1374,20.0,33.35351626934019
900.0,7,402,20.0,25.60755895292165
900.0,15,1420,20.0,33.51306480455755
900.0,15,447,20.0,25.64392472500085
900.0,18,492,20.0,26.72214499062476
900.0,21,1465,20.0,31.46831842016748
900.0,38,1555,20.0,28.79967587271273
900.0,8,1419,20.0,30.808092681101748
900.0,8,1375,20.0,36.507067250280606
900.0,62,718,20.0,37.42900409821564
900.0,62,1646,20.0,30.638790653680772
900.0,62,1691,20.0,31.3226848341088
900.0,53,673,20.0,34.2086750909315
900.0,0,401,20.0,28.72144385929727
900.0,0,1329,20.0,36.62414283713907
900.0,109,1600,20.0,27.64360790784967
900.0,80,1464,20.0,28.841751848829684
900.0,96,538,20.0,25.87715879880121
900.0,124,674,20.0,32.6730547291519
900.0,180,1645,20.0,27.149273358080826
900.0,126,357,20.0,25.97184297139654
900.0,241,629,20.0,29.48105033580715
900.0,213,493,20.0,23.946360963118824
900.0,213,1509,20.0,27.442065293669376
900.0,314,1690,20.0,27.7005060967181
900.0,252,1373,20.0,30.24837261606664
1200.0,42,1553,20.0,23.37868933616008
1200.0,42,625,20.0,26.558469644308158
1200.0,49,1598,20.0,22.780408299447707
1200.0,49,626,20.0,24.82997420533912
1200.0,34,580,20.0,23.73984242349648
1200.0,34,1508,20.0,25.146680928017133
1200.0,31,535,20.0,22.993884961479296
1200.0,7,444,20.0,25.768983248392498
1200.0,7,1372,20.0,29.910715663250677
1200.0,15,489,20.0,25.78731523915422
1200.0,15,1417,20.0,26.696997717892483
1200.0,18,1462,20.0,23.845182178734085
1200.0,21,490,20.0,22.71767740695033
1200.0,21,1463,20.0,27.571697280662942
1200.0,62,716,20.0,31.14339522930632
1200.0,62,1644,20.0,26.660304904566132
1200.0,62,1689,20.0,27.292660859180526
1200.0,6,399,20.0,27.321514824142614
1200.0,53,671,20.0,28.20289693464316
1200.0,53,1643,20.0,23.101217419344994
1200.0,53,1599,20.0,26.642018803777013
1200.0,53,670,20.0,30.189021269359994
1200.0,0,1327,20.0,33.57540856285494
1200.0,26,1507,20.0,22.175431792105883
1200.0,105,581,20.0,22.326606556180664
1200.0,75,445,20.0,23.194476918096413
1200.0,63,1371,20.0,29.427430346844538
1200.0,187,1688,20.0,23.451793609712468
1200.0,160,1552,20.0,20.328117254901017
1200.0,224,536,20.0,20.984383738687164
1200.0,197,400,20.0,24.120580418273075
1200.0,197,1416,20.0,26.11693447855041
1200.0,314,672,20.0,26.856243883760026
1200.0,294,1597,20.0,19.62382410710142
1500.0,42,623,20.0,28.536936220024234
1500.0,42,1551,20.0,30.168917024733506
1500.0,49,1596,20.0,28.711670108480465
1500.0,49,668,20.0,31.373497110911885
1500.0,34,578,20.0,26.162618909068826
1500.0,34,1550,20.0,27.30989420847059
1500.0,34,1506,20.0,31.930508691928623
1500.0,34,577,20.0,29.369764170230972
1500.0,31,533,20.0,24.168605630980387
1500.0,31,1505,20.0,28.8601187613732
1500.0,7,442,20.0,25.575735438283182
1500.0,7,1370,20.0,35.96777596192295
1500.0,7,1414,20.0,30.585621144720868
1500.0,15,487,20.0,25.9444059420607
1500.0,15,1415,20.0,33.05950404043767
1500.0,18,1460,20.0,30.165073137873932
1500.0,21,532,20.0,27.34131070437714
1500.0,62,1686,20.0,27.330114850462525
1500.0,62,714,20.0,31.28602470924229
1500.0,62,713,20.0,34.45174818704392
1500.0,5,397,20.0,25.470315509220573
1500.0,53,1641,20.0,27.82951010807629
1500.0,0,1369,20.0,32.873764908689935
1500.0,0,396,20.0,29.0703019266023
1500.0,57,669,20.0,28.46532669424551
1500.0,177,624,20.0,25.806052624176587
1500.0,148,488,20.0,23.14435323638149
1500.0,170,1595,20.0,26.11991301319543
1500.0,140,1459,20.0,27.883176081542373
1500.0,238,1640,20.0,25.269748059437028
1500.0,205,443,20.0,22.85764363085914
1500.0,275,1504,20.0,26.027167526978538
1500.0,296,579,20.0,23.189891495796914
1500.0,324,398,20.0,22.489161815037786
1800.0,42,1593,20.0,21.108780017979317
1800.0,42,620,20.0,27.208019622794712
1800.0,42,621,20.0,24.33030327127336
1800.0,49,1594,20.0,24.664233167285158
1800.0,49,666,20.0,27.723433404052965
1800.0,34,575,20.0,23.41468111734682
1800.0,34,1548,20.0,19.68151409394561
1800.0,31,1503,20.0,19.178452458593043
1800.0,7,1412,20.0,19.790336142842534
1800.0,7,439,20.0,19.409026913719167
1800.0,15,485,20.0,18.289509994378577
1800.0,15,1457,20.0,17.321965056490868
1800.0,15,1413,20.0,23.91679854569116
1800.0,15,484,20.0,21.529716970842898
1800.0,18,1458,20.0,20.858726006580852
1800.0,28,530,20.0,20.62785788216122
1800.0,38,576,20.0,20.89111930618047
1800.0,9,440,20.0,16.701444527744957
1800.0,62,1684,20.0,28.20504376019887
1800.0,62,711,20.0,30.73660017836698
1800.0,5,1367,20.0,23.40987604455847
1800.0,53,1639,20.0,26.256559978420235
1800.0,0,394,20.0,19.32350617636967
1800.0,114,1638,20.0,22.89716522673839
1800.0,127,395,20.0,16.73515103581505
1800.0,148,1502,20.0,15.70442762076068
1800.0,155,531,20.0,18.04140173408167
1800.0,246,1683,20.0,25.0279391280912
1800.0,246,667,20.0,26.316182472017438
1800.0,219,1547,20.0,16.530725291732587
1800.0,251,712,20.0,29.828679503034802
1800.0,277,486,20.0,15.411127364875634
1800.0,255,1411,20.0,18.307166910464815
1800.0,368,622,20.0,22.934533078229894
2100.0,42,618,20.0,23.199872049729738
2100.0,42,1591,20.0,20.804013159489184
2100.0,49,663,20.0,26.812326658030194
2100.0,49,1636,20.0,20.74163354321162
2100.0,34,573,20.0,19.837300879651455
2100.0,34,1546,20.0,22.399512160934147
2100.0,31,1501,20.0,24.735672968780715
2100.0,7,437,20.0,24.220096994592797
2100.0,7,1410,20.0,27.154902911700738
2100.0,15,1455,20.0,23.802898393983806
2100.0,15,482,20.0,22.61895867121325
2100.0,18,483,20.0,19.52831349033159
2100.0,21,527,20.0,22.300418148307784
2100.0,21,1500,20.0,21.56236878267993
2100.0,28,528,20.0,18.59260001783609
2100.0,62,709,20.0,27.57161563744302
2100.0,62,1682,20.0,23.854068686896465
2100.0,5,1365,20.0,31.034282409355335
2100.0,53,664,20.0,24.480167341393752
2100.0,55,1637,20.0,24.445800307214967
2100.0,0,392,20.0,26.6829197033841
2100.0,58,1681,20.0,20.64787870865549
2100.0,109,619,20.0,21.275159817026758
2100.0,93,1545,20.0,19.417798607796588
2100.0,127,1409,20.0,25.54452024568613
2100.0,138,438,20.0,21.18605129687399
2100.0,126,1364,20.0,28.80483066971445
2100.0,227,1590,20.0,17.827659516606644
2100.0,227,574,20.0,17.914090307738046
2100.0,201,1454,20.0,22.179059247447917
2100.0,258,393,20.0,23.50936832305221
2100.0,298,1635,20.0,17.659659408088622
2100.0,375,665,20.0,23.375943736941483
2100.0,335,1499,20.0,18.859861449498027
2400.0,42,616,20.0,25.886242146708042
2400.0,42,1589,20.0,27.785991724415553
2400.0,49,661,20.0,28.479389745320987
2400.0,49,1634,20.0,26.849207288496032
2400.0,34,1543,20.0,25.90481430054639
2400.0,34,571,20.0,24.693370047586
2400.0,31,570,20.0,27.66748628307061
2400.0,7,435,20.0,25.17962003390839
2400.0,7,1408,20.0,33.46823202366596
2400.0,7,1407,20.0,30.419023032669024
2400.0,15,480,20.0,25.38891866433334
2400.0,15,1453,20.0,30.463689306196866
2400.0,18,525,20.0,26.9539286775061
2400.0,21,1498,20.0,28.091490030204447
2400.0,38,1544,20.0,29.65737626552575
2400.0,62,1679,20.0,25.91106849928292
2400.0,62,707,20.0,29.210380473865413
2400.0,41,1588,20.0,24.4752586719418
2400.0,61,706,20.0,32.40353152125279
2400.0,5,434,20.0,29.20969887315431
2400.0,0,1362,20.0,33.56042258550808
2400.0,0,390,20.0,26.725312256880702
2400.0,37,615,20.0,29.54364811318199
2400.0,74,1452,20.0,27.175337038654053
2400.0,90,526,20.0,23.87519755072615
2400.0,181,662,20.0,25.884368388678222
2400.0,175,1633,20.0,23.5371011834856
2400.0,236,617,20.0,23.42236136819185
2400.0,207,1497,20.0,24.515941334705634
2400.0,207,481,20.0,22.93783813362764
2400.0,308,1678,20.0,22.52063292882449
2400.0,279,1542,20.0,22.57892656727808
2400.0,355,572,20.0,21.850690694697725
2400.0,328,436,20.0,22.35760056355821
2700.0,42,1586,20.0,23.34647059744548
2700.0,42,614,20.0,27.16009811232968
2700.0,42,613,20.0,30.015915276436594
2700.0,49,659,20.0,30.0486893860973
2700.0,49,1631,20.0,23.349143720413984
2700.0,34,1541,20.0,25.141987128373273
2700.0,34,568,20.0,27.194835482456178
2700.0,7,1405,20.0,32.22087503440696
2700.0,7,432,20.0,27.98095021262413
2700.0,7,477,20.0,28.59565924536295
2700.0,45,658,20.0,33.06420219162115
2700.0,45,1587,20.0,27.374115676249254
2700.0,15,1450,20.0,29.29236701403651
2700.0,15,478,20.0,24.714965646084327
2700.0,18,1451,20.0,31.814864962363327
2700.0,18,522,20.0,29.407069112680105
2700.0,21,523,20.0,25.30999033539672
2700.0,21,1495,20.0,26.40152225759818
2700.0,28,1496,20.0,28.55976753108752
2700.0,62,1677,20.0,27.05400342175195
2700.0,62,749,20.0,36.84909635733165
2700.0,62,704,20.0,33.63334359923822
2700.0,53,1632,20.0,26.68725617155068
2700.0,0,1360,20.0,35.561864174077094
2700.0,70,433,20.0,24.361031758229096
2700.0,118,1676,20.0,23.983021049158296
2700.0,63,387,20.0,28.74572710820722
2700.0,152,1540,20.0,23.338554508950814
2700.0,162,569,20.0,24.51386737118793
2700.0,188,705,20.0,31.269653356055333
2700.0,189,1404,20.0,30.688249747048705
2700.0,189,388,20.0,24.948286589187937
2700.0,217,524,20.0,23.03447562057098
2700.0,251,1721,20.0,25.443318107780595
3000.0,42,1584,20.0,24.299205980978165
3000.0,42,611,20.0,26.107225662324083
3000.0,42,656,20.0,29.034095901839994
3000.0,49,1629,20.0,22.659821018816814
3000.0,34,1539,20.0,26.442636380332782
3000.0,34,566,20.0,24.143332014402556
3000.0,31,1538,20.0,23.808632142780333
3000.0,7,1403,20.0,32.608651438895045
3000.0,7,430,20.0,25.940185436149942
3000.0,7,475,20.0,25.630105573090404
3000.0,15,1448,20.0,29.197623866235016
3000.0,15,520,20.0,25.985330065037523
3000.0,18,1493,20.0,26.333072533781262
3000.0,28,565,20.0,27.9579931388427
3000.0,23,521,20.0,22.29850650420087
3000.0,62,1675,20.0,26.61474100761214
3000.0,62,702,20.0,29.510033074034332
3000.0,62,747,20.0,32.84527211233131
3000.0,53,701,20.0,32.04243013918706
3000.0,53,1674,20.0,23.273534678949314
3000.0,27,1494,20.0,29.531235704678384
3000.0,0,1358,20.0,36.34594428266743
3000.0,0,1402,20.0,30.62628468389894
3000.0,114,657,20.0,26.060059782192162
3000.0,100,1583,20.0,21.905834839072043
3000.0,125,1719,20.0,25.327085032308872
3000.0,63,385,20.0,27.523044751552565
3000.0,143,476,20.0,21.89039026235539
3000.0,170,612,20.0,23.60739074557453
3000.0,134,1447,20.0,27.22416651747964
3000.0,231,1628,20.0,20.245289877561206
3000.0,258,431,20.0,22.520465342587507
3000.0,266,1492,20.0,24.01365293904817
3000.0,289,567,20.0,21.544300408908942
3300.0,42,1582,20.0,29.930653665392022
3300.0,42,609,20.0,29.87319385675643
3300.0,49,1627,20.0,27.668126310075408
3300.0,49,654,20.0,31.529219544017376
3300.0,34,608,20.0,33.39268696218731
3300.0,34,1581,20.0,26.551796835622476
3300.0,31,1536,20.0,29.134600417495406
3300.0,31,563,20.0,31.703502777437198
3300.0,7,472,20.0,32.65501420045832
3300.0,7,1401,20.0,39.10080518126157
3300.0,7,1445,20.0,32.26520667829493
3300.0,15,1446,20.0,35.501257802513216
3300.0,15,473,20.0,28.99683475929552
3300.0,15,518,20.0,30.474566745228227
3300.0,18,1491,20.0,32.68033409291557
3300.0,62,744,20.0,37.899250607348705
3300.0,62,1717,20.0,26.98101150674063
3300.0,6,428,20.0,28.106003964813898
3300.0,6,1400,20.0,35.48148541156479
3300.0,61,1672,20.0,27.531242154653498
3300.0,53,699,20.0,34.578669660621955
3300.0,0,427,20.0,31.272337885564227
3300.0,109,1626,20.0,24.52775809002788
3300.0,121,700,20.0,31.516934472710698
3300.0,80,1490,20.0,29.110674117261638
3300.0,93,564,20.0,28.047609439325655
3300.0,151,519,20.0,26.807120678293234
3300.0,241,1671,20.0,23.767739553816035
3300.0,241,655,20.0,28.258422717255627
3300.0,189,383,20.0,28.657357088904412
3300.0,213,1535,20.0,25.949769346737686
3300.0,310,1716,20.0,23.604220998271348
3300.0,269,474,20.0,25.4707112518298
3300.0,362,610,20.0,26.39272428532181
3600.0,42,651,20.0,29.082824190204697
3600.0,42,1624,20.0,24.12681525753372
3600.0,42,1579,20.0,26.18208030336739
3600.0,49,652,20.0,26.27358400700919
3600.0,49,1625,20.0,27.753848901508466
3600.0,49,696,20.0,32.74761300065206
3600.0,34,606,20.0,26.90849889669563
3600.0,34,1534,20.0,28.13412512632037
3600.0,31,561,20.0,25.798965911833427
3600.0,7,470,20.0,27.096282179760774
3600.0,7,1443,20.0,31.370903516281768
3600.0,7,1398,20.0,34.81836160468644
3600.0,15,515,20.0,27.984837630902085
3600.0,15,1488,20.0,28.289492491160956
3600.0,18,516,20.0,24.468391985331095
3600.0,21,1489,20.0,30.647376285035623
3600.0,62,742,20.0,32.307201646350315
3600.0,62,1715,20.0,28.541359675220974
3600.0,61,1670,20.0,27.87563140916218
3600.0,53,697,20.0,29.320166060945724
3600.0,53,1669,20.0,24.327150636162656
3600.0,0,425,20.0,27.30261030742623
3600.0,86,1533,20.0,25.78170131811985
3600.0,74,471,20.0,23.95143402377915
3600.0,102,607,20.0,24.479816413729424
3600.0,184,1714,20.0,25.18345322321678
3600.0,131,426,20.0,24.333598981157248
3600.0,126,1397,20.0,32.243400494030936
3600.0,159,1578,20.0,23.80652141320354
3600.0,222,562,20.0,22.93182323690545
3600.0,196,1442,20.0,29.117508984807905
3600.0,314,698,20.0,27.695768054756623
3600.0,292,1623,20.0,21.758458582705416
3600.0,368,653,20.0,24.604235524127596
3900.0,42,649,20.0,27.677236772823676
3900.0,42,1577,20.0,24.068523658330466
3900.0,42,1622,20.0,24.888493666407985
3900.0,49,694,20.0,31.227698335202792
3900.0,34,604,20.0,24.538235951134435
3900.0,34,1576,20.0,20.461565950856976
3900.0,31,1532,20.0,24.976080106694013
3900.0,31,603,20.0,28.537307750785416
3900.0,31,559,20.0,21.60830657263819
3900.0,7,468,20.0,21.92635060722149
3900.0,7,1441,20.0,26.004963680212175
3900.0,15,513,20.0,22.523304406284435
3900.0,15,1486,20.0,22.85161950247189
3900.0,21,558,20.0,25.08337184502416
3900.0,28,1531,20.0,21.15479953302026
3900.0,62,740,20.0,32.11754161530786
3900.0,62,1712,20.0,27.947076753995606
3900.0,6,1396,20.0,29.26503561323474
3900.0,61,739,20.0,34.98744661701623
3900.0,53,1667,20.0,26.098322729478568
3900.0,55,695,20.0,29.069658834726425
3900.0,0,423,20.0,21.757235195204515
3900.0,0,1395,20.0,25.44005565499105
3900.0,58,1668,20.0,30.28844760708979
3900.0,67,1440,20.0,22.32787677223472
3900.0,83,514,20.0,19.501474685615868
3900.0,175,650,20.0,25.632925476695558
3900.0,139,1485,20.0,19.42169977442642
3900.0,167,1621,20.0,21.184933950660707
3900.0,202,469,20.0,18.737995687784316
3900.0,298,1666,20.0,22.98519667714942
3900.0,294,605,20.0,22.284497083716253
3900.0,273,1530,20.0,17.798198034939197
3900.0,319,424,20.0,18.431477806966093
4200.0,42,647,20.0,28.17506793279889
4200.0,42,1619,20.0,24.687289150564567
4200.0,42,646,20.0,32.089420560139864
4200.0,49,692,20.0,31.24370826603418
4200.0,49,1620,20.0,28.320327130091083
4200.0,34,1574,20.0,26.390529001709275
4200.0,34,601,20.0,29.144620531046296
4200.0,31,1529,20.0,30.006679424517746
4200.0,7,1438,20.0,32.36129243708046
4200.0,7,465,20.0,30.49371794515764
4200.0,7,466,20.0,27.033179878495783
4200.0,15,511,20.0,26.868417770673673
4200.0,15,1483,20.0,29.524342568876634
4200.0,18,1484,20.0,32.81528466069181
4200.0,21,556,20.0,27.837601469406856
4200.0,38,602,20.0,25.853254981065845
4200.0,62,1710,20.0,25.413602158406388
4200.0,62,737,20.0,34.44592842209029
4200.0,53,1665,20.0,26.58340181183487
4200.0,10,1439,20.0,36.442389958715395
4200.0,11,510,20.0,30.900810281826004
4200.0,40,1575,20.0,30.609063872922345
4200.0,0,1393,20.0,35.465192052131115
4200.0,0,420,20.0,30.616353157829014
4200.0,114,1664,20.0,23.537006945147517
4200.0,66,421,20.0,27.29274986768784
4200.0,125,738,20.0,31.761433857432078
4200.0,148,1528,20.0,26.280302866267412
4200.0,155,557,20.0,24.341869553339084
4200.0,246,693,20.0,28.325704331524197
4200.0,246,1709,20.0,22.287048962674003
4200.0,275,512,20.0,23.500007433424457
4200.0,284,1573,20.0,23.32514846047944
4200.0,255,1437,20.0,30.263904129159144
4500.0,42,1617,20.0,26.529908056361535
4500.0,42,644,20.0,32.3669842973772
4500.0,49,1662,20.0,26.092016538329087
4500.0,49,735,20.0,35.802325281467425
4500.0,34,1572,20.0,27.792905756407766
4500.0,34,599,20.0,29.093100650907743
4500.0,31,1527,20.0,30.408721307073016
4500.0,7,1436,20.0,31.995130830355606
4500.0,7,463,20.0,24.977881390198505
4500.0,15,1481,20.0,28.842878081389447
4500.0,15,508,20.0,26.77798136207778
4500.0,18,553,20.0,30.134752420635515
4500.0,18,509,20.0,23.440138356475575
4500.0,21,1526,20.0,26.631727813423073
4500.0,21,1482,20.0,33.094007878481
4500.0,28,554,20.0,26.37832733595859
4500.0,62,1708,20.0,29.342220952959156
4500.0,62,781,20.0,35.231489770455376
4500.0,53,690,20.0,32.1154942215017
4500.0,53,1663,20.0,29.946023191967605
4500.0,0,1391,20.0,35.419160242037044
4500.0,0,418,20.0,25.131113806336046
4500.0,109,645,20.0,29.081940603952017
4500.0,118,1707,20.0,26.263005978688625
4500.0,92,1571,20.0,24.703912026483778
4500.0,127,1435,20.0,28.908954795689212
4500.0,138,464,20.0,21.863359424196013
4500.0,224,600,20.0,26.060967335453515
4500.0,227,1616,20.0,23.38318920163685
4500.0,251,1752,20.0,26.57929564990919
4500.0,199,1480,20.0,25.799217147748575
4500.0,255,419,20.0,21.6747081740485
4500.0,282,555,20.0,22.90409927192106
4500.0,375,691,20.0,29.354495044142134
4800.0,42,688,20.0,28.799003877836448
4800.0,42,1615,20.0,28.740256818741344
4800.0,49,733,20.0,31.329930544903732
4800.0,49,1660,20.0,28.391422116862078
4800.0,34,643,20.0,26.474962314966746
4800.0,34,1570,20.0,30.002088030770906
4800.0,34,1569,20.0,26.418420715454502
4800.0,31,642,20.0,30.28894006846805
4800.0,7,461,20.0,25.849075300040724
4800.0,7,1434,20.0,33.822693681685664
4800.0,15,1479,20.0,30.32337040540209
4800.0,15,506,20.0,26.299021899233374
4800.0,18,597,20.0,28.17597939508928
4800.0,21,1524,20.0,27.61541095747949
4800.0,38,1614,20.0,25.62542992528132
4800.0,62,779,20.0,32.010296740542394
4800.0,62,1705,20.0,29.279805688857678
4800.0,62,1706,20.0,32.93444720397512
4800.0,62,823,20.0,38.468569538328666
4800.0,6,1433,20.0,31.03462258610097
4800.0,53,778,20.0,35.041578430350995
4800.0,0,460,20.0,29.697194362373114
4800.0,0,1388,20.0,34.32853781968965
4800.0,1,1389,20.0,37.43155468171346
4800.0,74,1478,20.0,27.798208108665744
4800.0,90,552,20.0,24.73065829203727
4800.0,117,734,20.0,28.954952377204727
4800.0,64,416,20.0,26.007794425987026
4800.0,171,1659,20.0,25.25441056370277
4800.0,188,1750,20.0,30.268607085847755
4800.0,236,689,20.0,26.303232489583298
4800.0,205,507,20.0,23.219434004983235
4800.0,205,1523,20.0,25.01335593556978
4800.0,263,462,20.0,22.606411651014184
5100.0,42,1612,20.0,22.49241559330583
5100.0,42,686,20.0,25.578104696733728
5100.0,42,1613,20.0,26.410134520960455
5100.0,49,731,20.0,28.511826094636824
5100.0,49,1658,20.0,26.75135041327045
5100.0,49,1657,20.0,23.35484978678853
5100.0,34,1567,20.0,22.79575243331244
5100.0,34,685,20.0,27.097009387382943
5100.0,31,640,20.0,24.68593617944064
5100.0,7,1431,20.0,25.76308009579575
5100.0,7,549,20.0,24.560516651755822
5100.0,45,730,20.0,30.53757940864607
5100.0,15,550,20.0,21.125503908175656
5100.0,15,1477,20.0,26.021666740946824
5100.0,15,1476,20.0,23.086167468376193
5100.0,18,595,20.0,23.05781254707378
5100.0,21,1522,20.0,23.91109033785198
5100.0,20,1521,20.0,21.106118757823992
5100.0,62,821,20.0,35.32804613118661
5100.0,62,1703,20.0,27.466595720982657
5100.0,6,504,20.0,25.0842196758939
5100.0,61,776,20.0,32.31052811546576
5100.0,0,1386,20.0,29.18048918276119
5100.0,70,505,20.0,21.624709746147527
5100.0,181,1702,20.0,24.029636211940367
5100.0,152,1566,20.0,20.19643102452359
5100.0,162,641,20.0,23.538924864635163
5100.0,187,777,20.0,31.525595928545314
5100.0,189,414,20.0,22.69952507696425
5100.0,189,1430,20.0,25.29157164408871
5100.0,217,596,20.0,21.633295770675844
5100.0,250,1793,20.0,26.280122647547387
5100.0,284,1611,20.0,19.718663741048886
5100.0,308,732,20.0,28.232876982928342
5400.0,42,1610,20.0,22.59515130977774
5400.0,42,728,20.0,24.043052588432086
5400.0,42,683,20.0,21.848235323304262
5400.0,49,1701,20.0,22.095062987602468
5400.0,49,729,20.0,21.846231174169727
5400.0,34,1565,20.0,23.771982686131388
5400.0,34,638,20.0,20.553663824341932
5400.0,7,1429,20.0,27.72337999700515
5400.0,7,547,20.0,22.16363003335962
5400.0,15,1474,20.0,24.275399077714138
5400.0,15,592,20.0,21.97467324023982
5400.0,18,1519,20.0,21.53435827298687
5400.0,21,593,20.0,19.435638475062227
5400.0,28,1564,20.0,20.676014524354876
5400.0,23,1520,20.0,25.280183964125992
5400.0,23,637,20.0,23.296707403240255
5400.0,62,819,20.0,28.262711450811036
5400.0,62,1747,20.0,25.50774615526934
5400.0,6,502,20.0,23.647995943701105
5400.0,61,774,20.0,25.150278799783013
5400.0,53,773,20.0,27.41424540549674
5400.0,53,1746,20.0,21.944150934007144
5400.0,0,1384,20.0,31.559856969637906
5400.0,0,1428,20.0,27.406428562389266
5400.0,124,1791,20.0,23.32831314770447
5400.0,162,1655,20.0,19.585963211399847
5400.0,143,548,20.0,19.677556045602245
5400.0,170,684,20.0,19.371023774956853
5400.0,134,1473,20.0,23.941963135631575
5400.0,197,503,20.0,21.085435545996976
5400.0,231,1700,20.0,19.249846784506587
5400.0,266,1518,20.0,21.106507979185807
5400.0,289,639,20.0,18.084597387323313
5400.0,365,1745,20.0,18.694924824861864
5700.0,42,1654,20.0,29.187269109448124
5700.0,42,726,20.0,30.153536174174118
5700.0,42,681,20.0,27.14820367810424
5700.0,49,1699,20.0,28.46673657683111
5700.0,49,771,20.0,33.48524172948644
5700.0,34,680,20.0,29.025369409365393
5700.0,34,1653,20.0,25.662037555940614
5700.0,31,1608,20.0,26.26921978782755
5700.0,31,636,20.0,24.516390900590054
5700.0,7,1517,20.0,27.71371187154323
5700.0,7,544,20.0,27.628317929334816
5700.0,7,1427,20.0,33.17277907519222
5700.0,7,545,20.0,24.029617689077714
5700.0,15,1472,20.0,29.606874113072024
5700.0,15,590,20.0,24.33284674725852
5700.0,18,1563,20.0,27.010837227967595
5700.0,28,635,20.0,26.244011741241984
5700.0,62,1789,20.0,28.986594444290564
5700.0,62,816,20.0,36.39334721175759
5700.0,5,500,20.0,24.86158191387084
5700.0,53,1744,20.0,28.562387788441512
5700.0,0,1426,20.0,30.565202222017323
5700.0,0,499,20.0,28.181825262352618
5700.0,121,772,20.0,32.07335640446644
5700.0,106,1698,20.0,25.31318261069058
5700.0,125,817,20.0,35.39719603673281
5700.0,143,1562,20.0,25.062737841491327
5700.0,148,591,20.0,22.487141477773726
5700.0,238,1743,20.0,25.19000481387283
5700.0,238,727,20.0,28.94207993383727
5700.0,213,1607,20.0,24.43408998206241
5700.0,266,546,20.0,21.927731550828714
5700.0,310,1788,20.0,25.728448905087127
5700.0,252,455,20.0,26.768135476917358
6000.0,42,723,20.0,27.465716954225545
6000.0,42,1696,20.0,24.361723501862617
6000.0,49,1697,20.0,28.06287980341885
6000.0,49,724,20.0,25.293686128395372
6000.0,49,768,20.0,31.15357459676992
6000.0,34,678,20.0,25.443884425348674
6000.0,34,1651,20.0,25.710014095385297
6000.0,31,1606,20.0,27.112995128996854
6000.0,31,633,20.0,25.176586002207063
6000.0,7,542,20.0,27.621782390352717
6000.0,7,1515,20.0,28.83157386005477
6000.0,15,587,20.0,28.257658195848155
6000.0,15,1560,20.0,26.36401512933968
6000.0,18,588,20.0,24.500567062164542
6000.0,21,1561,20.0,29.89654000677285
6000.0,62,814,20.0,31.300962134527435
6000.0,62,1787,20.0,27.025344979004338
6000.0,6,1470,20.0,32.568653611158076
6000.0,53,769,20.0,28.120619973247596
6000.0,53,1742,20.0,27.270898677576216
6000.0,11,543,20.0,24.58230653632107
6000.0,0,497,20.0,27.796246761882884
6000.0,52,1741,20.0,23.714451947834853
6000.0,101,679,20.0,23.578458832399203
6000.0,86,1605,20.0,23.85575355732303
6000.0,184,1786,20.0,23.82699499569852
6000.0,131,498,20.0,24.768303870991545
6000.0,222,1650,20.0,22.34743002499149
6000.0,222,634,20.0,22.625010286605075
6000.0,189,1469,20.0,31.685468926263137
6000.0,248,770,20.0,26.16596286356103
6000.0,194,1514,20.0,28.452165827575197
6000.0,291,1695,20.0,21.00834676514011
6000.0,368,725,20.0,22.890653682121815
6300.0,42,721,20.0,23.476861084946933
6300.0,42,1694,20.0,23.61669416915747
6300.0,49,766,20.0,26.364653448134092
6300.0,49,1739,20.0,23.97741865064292
6300.0,34,676,20.0,21.52544041779762
6300.0,34,1649,20.0,24.52111475248284
6300.0,31,1604,20.0,26.642644112022175
6300.0,31,1648,20.0,21.633990908566336
6300.0,7,540,20.0,24.658157877009682
6300.0,7,1513,20.0,29.49765106992778
6300.0,15,585,20.0,24.49728776662697
6300.0,15,1558,20.0,26.035735086100566
6300.0,21,630,20.0,24.657494118698636
6300.0,28,631,20.0,21.09579273254513
6300.0,28,1603,20.0,23.64727503442929
6300.0,62,812,20.0,28.417368419427117
6300.0,62,1785,20.0,28.01477844403202
6300.0,62,1784,20.0,24.498017274379134
6300.0,5,1468,20.0,33.0625582320036
6300.0,29,675,20.0,25.75474305989379
6300.0,53,767,20.0,26.169020254434912
6300.0,55,811,20.0,29.609880307226046
6300.0,0,495,20.0,25.80891377110105
6300.0,0,1467,20.0,31.172137262565915
6300.0,57,1740,20.0,27.104655535269554
6300.0,67,1512,20.0,27.78612303088625
6300.0,83,586,20.0,21.41977499563949
6300.0,175,722,20.0,23.387031798348858
6300.0,164,1693,20.0,20.928672102402864
6300.0,229,677,20.0,20.860419746550313
6300.0,202,1557,20.0,24.403081681233587
6300.0,202,541,20.0,21.521267834613088
6300.0,298,1738,20.0,20.97514912578956
6300.0,271,1602,20.0,21.901350092021765
6600.0,42,719,20.0,21.16142981179
6600.0,42,1691,20.0,19.21528706407291
6600.0,42,1692,20.0,22.996986005413596
6600.0,49,764,20.0,23.79630755007662
6600.0,49,1737,20.0,22.561617522466012
6600.0,34,1646,20.0,20.377793968651936
6600.0,34,673,20.0,22.947921015792065
6600.0,34,674,20.0,20.01239114637582
6600.0,7,1510,20.0,26.562367316710294
6600.0,7,538,20.0,22.54245533393125
6600.0,15,583,20.0,22.004738605977895
6600.0,15,1556,20.0,25.874496219722005
6600.0,21,628,20.0,21.888508407472983
6600.0,28,1601,20.0,22.853688498526047
6600.0,38,718,20.0,24.499004377263894
6600.0,38,1647,20.0,24.485946996678408
6600.0,8,1511,20.0,28.86350496082678
6600.0,62,1782,20.0,23.26279914143594
6600.0,62,809,20.0,27.32803358423204
6600.0,6,537,20.0,26.246518026796448
6600.0,10,582,20.0,26.21812801246122
6600.0,12,1555,20.0,24.161699234996597
6600.0,0,1465,20.0,29.81661885292668
6600.0,0,492,20.0,28.2597284608471
6600.0,112,1736,20.0,18.98733803333525
6600.0,64,493,20.0,24.563311857029085
6600.0,124,810,20.0,25.469700565059203
6600.0,181,765,20.0,22.473320168968765
6600.0,152,629,20.0,19.318211189520827
6600.0,148,1600,20.0,21.390811130541785
6600.0,246,1781,20.0,20.159913981632887
6600.0,275,584,20.0,19.446839855579277
6600.0,278,1645,20.0,18.99398117791852
6600.0,300,720,20.0,19.661180576220808
6900.0,42,1689,20.0,19.44916906885201
6900.0,42,716,20.0,25.010901223595734
6900.0,49,1734,20.0,19.7962600185911
6900.0,49,762,20.0,24.595736676990896
6900.0,49,761,20.0,27.384888967421194
6900.0,34,1644,20.0,20.90713698000509
6900.0,34,671,20.0,23.262174785297503
6900.0,7,1508,20.0,26.37108773510487
6900.0,7,535,20.0,26.402005771097482
6900.0,15,1553,20.0,23.478074424396684
6900.0,15,580,20.0,26.164949490974507
6900.0,15,581,20.0,22.58854116013149
6900.0,18,625,20.0,26.22532523890009
6900.0,18,1554,20.0,25.831406366438586
6900.0,21,1598,20.0,21.6337259599974
6900.0,21,626,20.0,22.53890745242179
6900.0,28,1599,20.0,23.333531968620484
6900.0,62,1780,20.0,24.282851635705743
6900.0,62,807,20.0,27.885287210881142
6900.0,62,852,20.0,31.660159182959497
6900.0,53,1735,20.0,23.49211526974011
6900.0,0,1463,20.0,29.87884436562298
6900.0,0,490,20.0,27.27602887355839
6900.0,109,717,20.0,22.485404092655852
6900.0,118,1779,20.0,21.130282954029134
6900.0,92,1643,20.0,19.70301173940767
6900.0,127,1507,20.0,25.56443336480325
6900.0,162,672,20.0,20.97425079898547
6900.0,134,536,20.0,22.970188704214273
6900.0,224,1688,20.0,18.198020424205126
6900.0,251,1824,20.0,23.787576196826134
6900.0,251,808,20.0,27.42982270894756
6900.0,263,1552,20.0,22.622029564199067
6900.0,255,491,20.0,23.62661667663852
7200.0,42,1687,20.0,26.198709660814618
7200.0,42,714,20.0,26.837386517332
7200.0,49,1732,20.0,25.72247219506385
7200.0,49,759,20.0,29.400476789526202
7200.0,34,1642,20.0,27.45355282026325
7200.0,34,669,20.0,24.93403798724181
7200.0,31,1641,20.0,24.404989442473507
7200.0,7,1506,20.0,31.140722050570062
7200.0,7,533,20.0,25.25440237987467
7200.0,15,1551,20.0,27.62323194003925
7200.0,15,578,20.0,25.402011533004107
7200.0,18,623,20.0,26.30131809685303
7200.0,18,1596,20.0,26.168377477223572
7200.0,28,668,20.0,28.54472579543184
7200.0,62,1778,20.0,30.110823088716298
7200.0,62,805,20.0,31.214536986930494
7200.0,62,849,20.0,36.52749558594827
7200.0,61,1777,20.0,26.63772884141051
7200.0,5,1505,20.0,28.517786047184455
7200.0,53,804,20.0,32.901406656043314
7200.0,0,532,20.0,29.021987859313118
7200.0,0,1461,20.0,34.88065425300705
7200.0,101,1686,20.0,23.599832072235998
7200.0,114,760,20.0,28.02515891107475
7200.0,86,624,20.0,23.059342438522666
7200.0,74,1550,20.0,25.22967672150734
7200.0,125,1822,20.0,27.540654046813376
7200.0,63,488,20.0,26.04124505600573
7200.0,143,579,20.0,22.154653389317602
7200.0,171,1731,20.0,23.345376353613705
7200.0,235,715,20.0,25.309663835077448
7200.0,205,1595,20.0,23.07306531658777
7200.0,263,534,20.0,21.894119258038135
7200.0,304,1776,20.0,23.564774135136435
7500.0,42,712,20.0,27.63889011824943
7500.0,42,1685,20.0,28.979692216097476
7500.0,42,756,20.0,34.62007455089205
7500.0,49,757,20.0,30.461588067319774
7500.0,49,1730,20.0,27.611700626611526
7500.0,34,711,20.0,31.081786755014893
7500.0,34,1639,20.0,27.29169108016427
7500.0,31,666,20.0,29.365644081317384
7500.0,7,575,20.0,31.38632227426651
7500.0,7,1503,20.0,33.235615846581844
7500.0,7,1548,20.0,30.15255190052254
7500.0,45,1729,20.0,24.31692517037522
7500.0,15,1549,20.0,33.47628378001212
7500.0,15,576,20.0,27.802936007032738
7500.0,18,621,20.0,28.470518555468022
7500.0,21,1594,20.0,30.17902887835126
7500.0,38,1684,20.0,24.992856792818788
7500.0,62,847,20.0,36.99785045600808
7500.0,62,1820,20.0,28.491538297973687
7500.0,62,1775,20.0,27.877264550859802
7500.0,53,802,20.0,33.7888835428777
7500.0,0,530,20.0,31.335666909399546
7500.0,0,1458,20.0,36.583249348133606
7500.0,67,531,20.0,28.193784046191507
7500.0,83,1593,20.0,26.9092542544351
7500.0,96,667,20.0,26.029225663606166
7500.0,181,1774,20.0,24.329279999730534
7500.0,152,1638,20.0,23.890907210105
7500.0,187,803,20.0,30.44750944581705
7500.0,189,486,20.0,28.638550074525185
7500.0,189,1502,20.0,31.35318489829565
7500.0,213,622,20.0,25.204826874395515
7500.0,284,1683,20.0,21.791105971635147
7500.0,314,1819,20.0,24.858114451507213
7800.0,42,754,20.0,32.536623617613934
7800.0,42,1682,20.0,30.20488100792845
7800.0,49,1727,20.0,29.203176328701872
7800.0,49,755,20.0,29.82931967975112
7800.0,49,799,20.0,36.067958471866476
7800.0,34,709,20.0,29.979424175333875
7800.0,34,1637,20.0,32.415464935015294
7800.0,31,664,20.0,28.146098516888358
7800.0,7,573,20.0,29.809327489795756
7800.0,7,1501,20.0,37.116127728231795
7800.0,7,1546,20.0,34.12003387574802
7800.0,15,618,20.0,30.652762033905216
7800.0,15,1591,20.0,31.559882495799535
7800.0,21,619,20.0,27.190920529646256
7800.0,28,1636,20.0,29.017837559809607
7800.0,23,1592,20.0,35.07812823743136
7800.0,23,663,20.0,32.138325031568804
7800.0,62,845,20.0,35.688446915105665
7800.0,62,1773,20.0,32.10285107639327
7800.0,62,1818,20.0,31.22374734450501
7800.0,5,528,20.0,29.92471127862144
7800.0,53,1772,20.0,28.314145676106087
7800.0,53,800,20.0,32.94592818147106
7800.0,52,1728,20.0,33.17054604374123
7800.0,76,574,20.0,26.703899033491872
7800.0,64,1500,20.0,33.92710453079175
7800.0,124,1817,20.0,27.52965109683603
7800.0,162,1681,20.0,26.85328640648703
7800.0,167,710,20.0,27.26989706846299
7800.0,133,1545,20.0,30.78038829935673
7800.0,197,529,20.0,26.43049916876452
7800.0,266,1590,20.0,28.137794036578192
7800.0,284,665,20.0,25.411908952359926
7800.0,314,801,20.0,29.922364336901417
8100.0,42,752,20.0,29.381784282040936
8100.0,42,1680,20.0,27.006413667892367
8100.0,49,1725,20.0,25.81799178411989
8100.0,49,797,20.0,32.46978594784485
8100.0,34,1679,20.0,23.326943026518723
8100.0,34,707,20.0,27.01414183788828
8100.0,34,706,20.0,30.6765571436111
8100.0,31,1634,20.0,25.56466498836194
8100.0,31,662,20.0,24.528759306913628
8100.0,7,571,20.0,25.41561922544532
8100.0,7,1543,20.0,28.018666833602417
8100.0,7,1499,20.0,34.23910012809717
8100.0,15,616,20.0,26.152352546925087
8100.0,15,1544,20.0,30.71875510008177
8100.0,18,1589,20.0,27.145529848321125
8100.0,21,661,20.0,28.065724645303693
8100.0,62,1815,20.0,26.55087488022325
8100.0,62,842,20.0,35.885591767455864
8100.0,62,843,20.0,32.88308347800638
8100.0,6,570,20.0,29.347434198975694
8100.0,32,1635,20.0,29.283230278341943
8100.0,53,1770,20.0,25.67458723542264
8100.0,0,1498,20.0,30.91695821852133
8100.0,0,525,20.0,28.43885579665136
8100.0,0,526,20.0,24.917252684995674
8100.0,118,798,20.0,29.67785337720295
8100.0,106,1724,20.0,22.636143792875544
8100.0,143,1588,20.0,24.927890300877085
8100.0,148,617,20.0,22.904288560996015
8100.0,238,753,20.0,26.545248096998414
8100.0,238,1769,20.0,22.44649484679688
8100.0,211,1633,20.0,22.869385261452923
8100.0,266,572,20.0,21.923727348740623
8100.0,294,708,20.0,24.081649307015706
8400.0,42,1722,20.0,23.471329179853665
8400.0,42,749,20.0,30.404439623863443
8400.0,49,1723,20.0,27.250897769364514
8400.0,49,795,20.0,30.755462241839897
8400.0,34,704,20.0,27.530465309950706
8400.0,34,1677,20.0,25.251760231588754
8400.0,31,1632,20.0,28.381548659754436
8400.0,7,1541,20.0,31.49575350357202
8400.0,7,568,20.0,28.48175804077884
8400.0,45,750,20.0,27.321079981889135
8400.0,15,1586,20.0,28.552130447469327
8400.0,15,614,20.0,24.984856423354916
8400.0,15,613,20.0,28.694457607486076
8400.0,18,1587,20.0,31.65752100706723
8400.0,21,659,20.0,26.19577705966668
8400.0,9,569,20.0,25.32614852514601
8400.0,62,1813,20.0,26.635965549961817
8400.0,62,840,20.0,33.520412120792486
8400.0,53,1768,20.0,26.29241709782597
8400.0,0,1496,20.0,34.657079889608994
8400.0,0,523,20.0,29.136867983105923
8400.0,50,1767,20.0,23.043816428389665
8400.0,13,1542,20.0,35.11252969556681
8400.0,101,705,20.0,24.933555721212837
8400.0,86,1631,20.0,25.553948035598903
8400.0,184,1812,20.0,23.592591092250263
8400.0,127,524,20.0,26.021691340464148
8400.0,246,796,20.0,28.376527085606654
8400.0,222,660,20.0,23.1439170576802
8400.0,218,1676,20.0,22.69124515730404
8400.0,251,841,20.0,31.57697377925178
8400.0,192,1540,20.0,29.865146173708826
8400.0,275,615,20.0,22.092168410461
8400.0,365,751,20.0,25.106445291103547
8700.0,42,747,20.0,26.462136645381847
8700.0,42,1720,20.0,23.327589126032066
8700.0,49,792,20.0,29.33132867293276
8700.0,49,1765,20.0,22.61292320782142
8700.0,34,702,20.0,24.42907778597011
8700.0,34,1675,20.0,25.013868193908355
8700.0,31,1630,20.0,27.969123925245476
8700.0,31,1674,20.0,22.064334976305346
8700.0,7,566,20.0,24.45428374598624
8700.0,7,1539,20.0,30.717094204812714
8700.0,15,1584,20.0,27.36210395421993
8700.0,15,611,20.0,25.182452160193648
8700.0,18,656,20.0,26.59914836203779
8700.0,21,1629,20.0,24.5329261313899
8700.0,28,657,20.0,22.784652662569652
8700.0,62,838,20.0,28.98966203077709
8700.0,62,1811,20.0,26.378680835126847
8700.0,61,1810,20.0,23.144937470113433
8700.0,53,793,20.0,26.00283078040531
8700.0,55,1766,20.0,26.521481448848476
8700.0,55,837,20.0,33.09034942107541
8700.0,0,521,20.0,25.348840656924867
8700.0,0,1494,20.0,34.23896656995985
8700.0,67,1538,20.0,28.645503441940598
8700.0,83,612,20.0,22.02147400208252
8700.0,63,1493,20.0,32.06474286877303
8700.0,175,748,20.0,23.4615710002604
8700.0,164,1719,20.0,20.493602560496004
8700.0,227,703,20.0,21.37044427253745
8700.0,202,567,20.0,21.34507465412167
8700.0,202,1583,20.0,25.412170777275662
8700.0,314,43,20.0,24.780953863513393
8700.0,298,1764,20.0,19.496786166815287
8700.0,256,522,20.0,22.09017923948118
9000.0,42,745,20.0,26.860158406720963
9000.0,42,1718,20.0,26.050757943933373
9000.0,49,790,20.0,28.236781529092852
9000.0,49,1763,20.0,25.028151315619418
9000.0,34,1672,20.0,24.3805559922843
9000.0,34,700,20.0,25.73293867794163
9000.0,31,699,20.0,28.542156894342448
9000.0,7,564,20.0,25.995972575812186
9000.0,7,1536,20.0,29.49495023667506
9000.0,7,1537,20.0,31.571014904051772
9000.0,15,609,20.0,26.11910279204533
9000.0,15,1582,20.0,28.489480099765768
9000.0,18,654,20.0,27.590703191683065
9000.0,21,1627,20.0,26.583128502317916
9000.0,38,1717,20.0,23.184564321841208
9000.0,38,1673,20.0,27.720658541411616
9000.0,38,744,20.0,30.36757548310837
9000.0,62,1808,20.0,24.547334552926316
9000.0,62,880,20.0,34.90733847072553
9000.0,62,836,20.0,29.073309634352185
9000.0,61,835,20.0,31.587810007937495
9000.0,5,563,20.0,29.860816914494094
9000.0,11,1581,20.0,27.01251593650806
9000.0,0,1491,20.0,32.71481733688759
9000.0,64,519,20.0,25.840929012207166
9000.0,181,791,20.0,26.315450560465752
9000.0,152,655,20.0,24.46946859511208
9000.0,175,1762,20.0,22.250848938259573
9000.0,145,1626,20.0,24.848213990599486
9000.0,243,1807,20.0,21.862268529208198
9000.0,209,610,20.0,23.642176678948683
9000.0,277,1671,20.0,22.834633806207396
9000.0,298,746,20.0,24.780818911691274
9000.0,328,565,20.0,23.19226981398176
9300.0,42,1715,20.0,26.14247844552487
9300.0,42,742,20.0,27.697023767360715
9300.0,42,743,20.0,25.831828563522105
9300.0,49,788,20.0,27.502787807547264
9300.0,49,1760,20.0,25.4612221502223
9300.0,34,1670,20.0,26.960191074001006
9300.0,34,697,20.0,25.478064481582823
9300.0,7,1534,20.0,30.292454086044643
9300.0,7,606,20.0,27.88796296275511
9300.0,7,561,20.0,28.583169572660136
9300.0,45,787,20.0,29.473696322985774
9300.0,15,1579,20.0,27.480837752226236
9300.0,15,607,20.0,24.226311231956537
9300.0,18,651,20.0,27.874915484184385
9300.0,18,1580,20.0,30.770508649143075
9300.0,18,1624,20.0,25.72350148506839
9300.0,21,652,20.0,23.948361839794625
9300.0,28,1625,20.0,28.55406836437692
9300.0,62,1806,20.0,28.126599460586057
9300.0,62,878,20.0,34.10521766124023
9300.0,62,833,20.0,31.04843610375604
9300.0,53,1761,20.0,28.99213695438206
9300.0,0,1489,20.0,33.80355336637149
9300.0,118,1805,20.0,24.87641642986874
9300.0,152,1669,20.0,24.397656361224406
9300.0,127,1533,20.0,29.458319557323247
9300.0,162,698,20.0,23.75841886595974
9300.0,134,562,20.0,24.789507099039582
9300.0,224,1714,20.0,23.557382634858637
9300.0,189,517,20.0,26.054238936414535
9300.0,250,38,20.0,24.758460508221127
9300.0,250,834,20.0,29.096574456600838
9300.0,258,1578,20.0,26.46001645240794
9300.0,278,653,20.0,22.501801494585084
9600.0,42,1713,20.0,20.264233126469986
9600.0,42,740,20.0,22.87326512669285
9600.0,42,785,20.0,26.43721280610329
9600.0,49,1758,20.0,21.93580847608359
9600.0,34,1668,20.0,19.83558125041731
9600.0,34,695,20.0,20.18007930345835
9600.0,31,1667,20.0,16.422920203911147
9600.0,7,1532,20.0,23.85121272421917
9600.0,7,559,20.0,19.678378065275552
9600.0,7,604,20.0,19.473610015976867
9600.0,15,1577,20.0,20.304267753557255
9600.0,15,649,20.0,20.394091517680167
9600.0,18,1622,20.0,17.84417737117852
9600.0,28,694,20.0,22.869110615819277
9600.0,23,650,20.0,17.852313926217597
9600.0,62,1804,20.0,28.320158120631593
9600.0,62,876,20.0,31.503385469642115
9600.0,61,831,20.0,27.97783346063442
9600.0,61,875,20.0,33.445371368873985
9600.0,53,830,20.0,29.56689832171665
9600.0,53,1803,20.0,24.748637816230662
9600.0,0,1531,20.0,22.875341304299333
9600.0,0,558,20.0,23.36829736755266
9600.0,0,1487,20.0,27.70234052443716
9600.0,101,1712,20.0,17.196152912009268
9600.0,114,786,20.0,24.547703558800396
9600.0,71,1576,20.0,19.65957631655377
9600.0,124,36,20.0,27.06800705220237
9600.0,143,605,20.0,16.835977757064448
9600.0,126,514,20.0,20.77029871088605
9600.0,235,1757,20.0,18.9426209725487
9600.0,235,741,20.0,21.25452105870484
9600.0,205,1621,20.0,16.833279667384197
9600.0,260,560,20.0,16.982138463431948
9900.0,42,1711,20.0,30.303866517671853
9900.0,42,738,20.0,27.322610473843287
9900.0,42,782,20.0,34.122477090302944
9900.0,49,1756,20.0,28.67253322190358
9900.0,49,783,20.0,30.052993181144732
9900.0,34,737,20.0,30.61671699783802
9900.0,34,1710,20.0,26.70198412163244
9900.0,31,1665,20.0,28.85710567882079
9900.0,31,692,20.0,29.670656109337727
9900.0,7,601,20.0,30.875617465866387
9900.0,7,1574,20.0,31.988633576523082
9900.0,45,1755,20.0,25.54637172602215
9900.0,15,1575,20.0,34.25913390420672
9900.0,15,602,20.0,27.438850275888647
9900.0,15,647,20.0,28.469548738059498
9900.0,18,1620,20.0,31.872738455141157
9900.0,62,919,20.0,36.284906063346774
9900.0,62,34,20.0,27.960487677647034
9900.0,6,1529,20.0,35.32663860034139
9900.0,61,1801,20.0,28.30345537628579
9900.0,53,828,20.0,33.005750025106344
9900.0,0,556,20.0,30.792466218938632
9900.0,67,557,20.0,27.503821216475146
9900.0,80,1619,20.0,29.386980205786596
9900.0,96,693,20.0,26.035724090011193
9900.0,184,829,20.0,31.548082650906622
9900.0,177,1800,20.0,24.649826054305986
9900.0,241,784,20.0,28.556728846443427
9900.0,189,512,20.0,28.30091820865646
9900.0,213,1664,20.0,26.77054785943697
9900.0,213,648,20.0,24.69503634574015
9900.0,284,1709,20.0,24.444326104164972
9900.0,309,33,20.0,24.64871466608745
9900.0,319,1573,20.0,30.115239733372118
10200.0,42,826,20.0,29.740841047202657
10200.0,42,1753,20.0,25.257098824994618
10200.0,42,1708,20.0,27.119229177187048
10200.0,49,871,20.0,32.748354717470036
10200.0,49,827,20.0,27.12419549845827
10200.0,49,1754,20.0,29.090103849617726
10200.0,34,781,20.0,27.04021496527006
10200.0,34,1663,20.0,29.088828673316666
10200.0,31,690,20.0,25.5265749091724
10200.0,7,599,20.0,27.868954292280907
10200.0,7,1572,20.0,30.728152685894266
10200.0,7,1527,20.0,34.31897624650807
10200.0,15,644,20.0,28.25949090535926
10200.0,15,1617,20.0,28.181490204587032
10200.0,18,645,20.0,24.92249293018889
10200.0,21,1618,20.0,31.34110680886419
10200.0,23,735,20.0,29.357860667944607
10200.0,62,917,20.0,32.38976247104295
10200.0,62,32,20.0,27.997303100957332
10200.0,61,1799,20.0,28.2282352668733
10200.0,53,872,20.0,29.475265434454343
10200.0,53,1798,20.0,24.46152849138756
10200.0,0,554,20.0,28.57676107813631
10200.0,24,1662,20.0,26.052869670351868
10200.0,74,600,20.0,24.87633346108467
10200.0,124,31,20.0,24.66851936175152
10200.0,63,1526,20.0,32.411000225468754
10200.0,160,1707,20.0,24.033449308258717
10200.0,164,736,20.0,24.588750068012263
10200.0,196,1571,20.0,29.04725393107983
10200.0,196,555,20.0,25.537718847219512
10200.0,284,691,20.0,22.459897486577773
10200.0,314,873,20.0,27.880261409758443
10200.0,294,1752,20.0,22.365761007635037
10500.0,42,824,20.0,25.39645365870535
10500.0,42,1751,20.0,24.35437267814271
10500.0,42,1706,20.0,25.93443315928327
10500.0,49,869,20.0,28.825677436117278
10500.0,34,779,20.0,23.5576161494478
10500.0,34,1705,20.0,22.715929463018913
10500.0,31,778,20.0,27.383846036783233
10500.0,31,1661,20.0,28.014471187402236
10500.0,7,643,20.0,25.369168673479955
10500.0,7,1569,20.0,27.33310484424878
10500.0,7,1570,20.0,29.828855841207446
10500.0,15,688,20.0,24.661527638362923
10500.0,15,1615,20.0,26.89417719070232
10500.0,21,733,20.0,25.72978390094259
10500.0,28,1660,20.0,24.62268312330998
10500.0,28,734,20.0,22.305190013049472
10500.0,62,29,20.0,24.677713133046044
10500.0,62,915,20.0,29.53199425911973
10500.0,6,1525,20.0,33.20466509866663
10500.0,61,914,20.0,32.539618408722106
10500.0,53,1796,20.0,23.278274404216997
10500.0,0,1524,20.0,30.33073360242002
10500.0,0,552,20.0,26.188053691721674
10500.0,3,642,20.0,29.496008015526233
10500.0,118,870,20.0,26.326641413208684
10500.0,103,1750,20.0,21.435773694185652
10500.0,175,825,20.0,23.20344793397655
10500.0,148,689,20.0,21.53288189391355
10500.0,138,1614,20.0,24.593993433876776
10500.0,238,1795,20.0,20.199053433284906
10500.0,263,598,20.0,22.203869358018206
10500.0,275,1659,20.0,22.514203874425828
10500.0,294,780,20.0,21.08505076881341
10500.0,371,28,20.0,21.21594679002338
10800.0,42,1748,20.0,17.607605234149972
10800.0,42,822,20.0,18.995664785796315
10800.0,42,821,20.0,22.189914212789017
10800.0,49,867,20.0,21.416704600339976
10800.0,49,1749,20.0,20.854693323626506
10800.0,34,1703,20.0,18.959401103287966
10800.0,34,776,20.0,19.579697449342376
10800.0,31,1658,20.0,21.786929408960205
10800.0,7,1567,20.0,23.290266590196694
10800.0,7,640,20.0,24.66582542423532
10800.0,15,686,20.0,20.291095370712036
10800.0,15,1612,20.0,21.37713869850694
10800.0,18,1613,20.0,23.67749533891811
10800.0,21,731,20.0,19.743723584965938
10800.0,8,641,20.0,21.237713045925663
10800.0,62,27,20.0,21.600377518929413
10800.0,62,912,20.0,24.89842111671895
10800.0,53,1794,20.0,19.95843548858812
10800.0,10,685,20.0,24.21612950213683
10800.0,11,1568,20.0,26.31175165557009
10800.0,0,1522,20.0,26.653827361195482
10800.0,0,595,20.0,26.01669841029123
10800.0,101,777,20.0,16.791457045369945
10800.0,114,1839,20.0,17.394018476784982
10800.0,86,1657,20.0,19.35997283828548
10800.0,127,596,20.0,22.52900326896337
10800.0,155,732,20.0,16.987104881026468
10800.0,183,26,20.0,19.239184089343034
10800.0,188,913,20.0,23.7836899771647
10800.0,246,868,20.0,20.3310684923296
10800.0,218,1702,20.0,17.030734397749423
10800.0,275,687,20.0,17.59470186268399
10800.0,255,1566,20.0,23.491323643551812
10800.0,365,823,20.0,17.715963975394807
11100.0,42,1792,20.0,21.40351127041643
11100.0,42,819,20.0,21.69511479841412
11100.0,49,1837,20.0,20.55728006846749
11100.0,49,864,20.0,24.6316814290265
11100.0,34,1747,20.0,23.14571328263834
11100.0,34,774,20.0,20.02076371137572
11100.0,7,1565,20.0,27.899475804370667
11100.0,7,638,20.0,25.672819924972757
11100.0,15,1610,20.0,25.072414594348945
11100.0,15,683,20.0,24.21703844285906
11100.0,18,728,20.0,23.372890534371027
11100.0,21,1701,20.0,22.597684608069034
11100.0,28,1656,20.0,25.660322764169475
11100.0,28,729,20.0,20.454210148482982
11100.0,62,25,20.0,24.032854456859333
11100.0,62,910,20.0,24.924780899189322
11100.0,53,865,20.0,21.71518721911402
11100.0,53,1838,20.0,24.59887507588943
11100.0,55,909,20.0,28.3628910677644
11100.0,0,1520,20.0,31.581806831587873
11100.0,0,593,20.0,28.08351373711684
11100.0,57,24,20.0,20.815375028225116
11100.0,67,1564,20.0,25.787238150474177
11100.0,109,820,20.0,19.135877384212353
11100.0,83,684,20.0,21.56244866706
11100.0,92,1746,20.0,20.478178843940068
11100.0,164,1791,20.0,19.01041437069641
11100.0,136,639,20.0,23.169108713392127
11100.0,197,1655,20.0,22.925494593140108
11100.0,227,775,20.0,17.42186791850673
11100.0,251,69,20.0,21.748377735954797
11100.0,255,594,20.0,25.260506466934494
11100.0,298,1836,20.0,17.925111917609584
11100.0,344,730,20.0,17.37110663497471
11400.0,42,817,20.0,27.91946030687161
11400.0,42,1790,20.0,26.142142031851478
11400.0,49,862,20.0,30.344773516488324
11400.0,49,1835,20.0,25.644040196039246
11400.0,34,772,20.0,25.97139973183863
11400.0,34,1744,20.0,25.07337264290611
11400.0,34,1745,20.0,28.795143251381237
11400.0,31,771,20.0,29.002298789449664
11400.0,7,636,20.0,26.553974531587905
11400.0,7,1609,20.0,34.58675054237552
11400.0,15,1654,20.0,31.003189022797894
11400.0,15,681,20.0,26.611362822722246
11400.0,18,726,20.0,27.52799585279595
11400.0,21,1699,20.0,27.90100996517501
11400.0,38,1789,20.0,22.84821347032416
11400.0,36,816,20.0,31.401142790026658
11400.0,62,952,20.0,37.30485255843683
11400.0,62,22,20.0,25.562911883396367
11400.0,62,908,20.0,31.72955078264531
11400.0,6,1608,20.0,32.80870910192704
11400.0,53,907,20.0,33.934162574470534
11400.0,0,635,20.0,30.17832307413652
11400.0,0,1563,20.0,36.199626803224305
11400.0,71,1653,20.0,29.720948139698052
11400.0,90,727,20.0,24.88201837774721
11400.0,125,67,20.0,25.806030400973537
11400.0,63,591,20.0,27.525565903486587
11400.0,181,863,20.0,28.51770409241009
11400.0,145,1698,20.0,26.51145241860065
11400.0,170,1834,20.0,22.475549152267543
11400.0,207,682,20.0,24.008254473462994
11400.0,277,1743,20.0,23.30219450103408
11400.0,298,818,20.0,25.808136001731285
11400.0,304,21,20.0,21.84547688854735
11700.0,42,1787,20.0,17.97686565781122
11700.0,42,859,20.0,20.839945262360672
11700.0,42,815,20.0,16.503695164601556
11700.0,49,860,20.0,18.022465944030767
11700.0,49,1833,20.0,21.219591128007664
11700.0,49,1832,20.0,17.686252092426393
11700.0,34,1742,20.0,19.483035354266484
11700.0,34,814,20.0,18.678878977588255
11700.0,31,769,20.0,18.541602996616138
11700.0,7,1606,20.0,27.131773873708386
11700.0,7,678,20.0,24.439704928591564
11700.0,45,1788,20.0,21.92684090697047
11700.0,15,679,20.0,20.93057364846908
11700.0,15,1651,20.0,23.928546091993997
11700.0,15,1652,20.0,24.98039623582303
11700.0,15,723,20.0,23.616869507494386
11700.0,18,724,20.0,19.858602973578627
11700.0,18,1696,20.0,21.105191522454955
11700.0,21,1697,20.0,22.01710288716918
11700.0,62,950,20.0,24.326181141364493
11700.0,62,20,20.0,21.759323111601038
11700.0,6,633,20.0,27.05006020831777
11700.0,61,905,20.0,21.324709511466082
11700.0,0,1561,20.0,30.781253100925074
11700.0,70,634,20.0,23.40390597565889
11700.0,118,19,20.0,18.401792550546162
11700.0,152,1741,20.0,18.77603129290378
11700.0,162,770,20.0,16.625392586647425
11700.0,126,1605,20.0,27.858395350760933
11700.0,189,589,20.0,25.635175245463326
11700.0,248,906,20.0,20.92654658620978
11700.0,249,64,20.0,19.658452511775742
11700.0,223,1786,20.0,17.30823077987156
11700.0,258,1650,20.0,24.357151881502585
12000.0,42,1785,20.0,23.544745276624667
12000.0,42,857,20.0,25.18214407719462
12000.0,49,1830,20.0,23.103154393522814
12000.0,49,902,20.0,28.846903521304665
12000.0,34,1740,20.0,24.380132594424275
12000.0,34,812,20.0,22.562320393305896
12000.0,31,767,20.0,19.75243038318883
12000.0,7,676,20.0,21.083530954253888
12000.0,7,1604,20.0,29.616926431522124
12000.0,15,1649,20.0,26.15403516941635
12000.0,15,721,20.0,21.40704702469662
12000.0,18,1694,20.0,23.337394225628742
12000.0,21,722,20.0,18.139046470725397
12000.0,28,1739,20.0,21.38391836161106
12000.0,23,766,20.0,23.67667072882741
12000.0,62,948,20.0,30.30626235599323
12000.0,62,18,20.0,27.624712857099382
12000.0,62,62,20.0,25.341602222808113
12000.0,6,631,20.0,22.407124787648296
12000.0,53,17,20.0,23.826387838798034
12000.0,55,903,20.0,27.122688417379223
12000.0,0,1603,20.0,27.353213680133816
12000.0,25,1695,20.0,26.861120380077363
12000.0,114,858,20.0,23.832666537285327
12000.0,99,1784,20.0,20.9299920551995
12000.0,131,1648,20.0,24.072683844830568
12000.0,139,677,20.0,17.824751349481755
12000.0,229,813,20.0,21.236965669917737
12000.0,229,1829,20.0,20.61567305677586
12000.0,204,1693,20.0,21.350693070717192
12000.0,258,632,20.0,18.774294110052523
12000.0,287,768,20.0,18.597382531319067
12000.0,365,16,20.0,20.87253661965442
12000.0,336,1738,20.0,19.18958550274007
12300.0,42,1783,20.0,30.372258393431576
12300.0,42,855,20.0,29.293351943685693
12300.0,49,1828,20.0,27.017024920130783
12300.0,49,900,20.0,32.26643975429147
12300.0,34,809,20.0,31.298345499005826
12300.0,34,1782,20.0,27.22250110562436
12300.0,31,1737,20.0,30.249931794349628
12300.0,7,1646,20.0,33.568805665531706
12300.0,7,673,20.0,31.973025704805845
12300.0,7,674,20.0,28.51202848128654
12300.0,15,719,20.0,28.830807915362
12300.0,15,1647,20.0,36.59488499011722
12300.0,18,1692,20.0,33.32922448097216
12300.0,28,764,20.0,29.81447611908968
12300.0,38,810,20.0,27.686247055208458
12300.0,62,60,20.0,25.877306588804448
12300.0,62,945,20.0,35.16005235160328
12300.0,43,1827,20.0,24.540195333321385
12300.0,53,15,20.0,25.986785005493363
12300.0,0,1601,20.0,36.44380567760725
12300.0,0,628,20.0,31.917514383689355
12300.0,3,629,20.0,28.688369889685724
12300.0,92,765,20.0,26.55371573365256
12300.0,80,1691,20.0,30.613965665248386
12300.0,184,901,20.0,29.06921457219353
12300.0,177,14,20.0,23.30854545951117
12300.0,188,946,20.0,32.4275559035316
12300.0,241,856,20.0,26.405666717463802
12300.0,213,720,20.0,25.31144175149317
12300.0,213,1736,20.0,27.421455903442713
12300.0,309,59,20.0,23.21650045291277
12300.0,268,675,20.0,24.87727841154048
12300.0,319,1645,20.0,31.245768312796987
12300.0,357,811,20.0,24.913493290339595
12600.0,42,852,20.0,30.315592676526276
12600.0,42,1825,20.0,25.712734754923467
12600.0,49,1826,20.0,29.63217199145295
12600.0,49,897,20.0,33.97859179684463
12600.0,49,12,20.0,27.417041885206626
12600.0,34,807,20.0,26.865640718934344
12600.0,34,1780,20.0,24.85175181223245
12600.0,31,1735,20.0,26.308780566684707
12600.0,7,671,20.0,22.91162333836485
12600.0,7,1644,20.0,26.6569129542376
12600.0,45,853,20.0,28.215631863321484
12600.0,15,1689,20.0,24.757223829611135
12600.0,15,716,20.0,25.245258403204353
12600.0,18,717,20.0,21.975013450225443
12600.0,21,1690,20.0,28.50183505896681
12600.0,28,762,20.0,23.812815463079367
12600.0,23,1734,20.0,23.098372725817725
12600.0,62,943,20.0,34.26338444073868
12600.0,62,58,20.0,31.81432180344347
12600.0,5,1599,20.0,30.2594947780314
12600.0,53,898,20.0,31.112699436056324
12600.0,53,13,20.0,30.9545773217476
12600.0,0,626,20.0,22.05991132378046
12600.0,74,672,20.0,20.089191249706325
12600.0,184,57,20.0,28.506990040200446
12600.0,164,808,20.0,24.88126997417682
12600.0,156,1779,20.0,21.644607430989765
12600.0,189,1598,20.0,27.900767434532753
12600.0,194,627,20.0,19.184280839464353
12600.0,194,1643,20.0,24.58984661297654
12600.0,221,763,20.0,21.843277915593898
12600.0,309,899,20.0,30.21830615604123
12600.0,289,1824,20.0,22.42745669019321
12600.0,328,1688,20.0,22.527024481602023
12900.0,42,850,20.0,25.651339769826112
12900.0,42,1823,20.0,23.98258872551892
12900.0,49,895,20.0,29.051667623062603
12900.0,49,10,20.0,23.849665336312537
12900.0,34,805,20.0,23.183149465722302
12900.0,34,1778,20.0,25.150810724025323
12900.0,34,1777,20.0,22.168239621768716
12900.0,31,804,20.0,27.252686634161982
12900.0,31,1733,20.0,27.889572521932983
12900.0,7,669,20.0,23.636276726818892
12900.0,7,1642,20.0,30.593284396567885
12900.0,15,714,20.0,22.815951640159394
12900.0,15,1687,20.0,27.104958085091628
12900.0,21,759,20.0,24.55370987486052
12900.0,21,1732,20.0,24.831188052915763
12900.0,28,760,20.0,21.213447392738125
12900.0,62,941,20.0,29.485142232205902
12900.0,62,55,20.0,24.245192560083186
12900.0,62,56,20.0,27.902111010111692
12900.0,5,1641,20.0,27.81712290512213
12900.0,5,1597,20.0,34.23557736563296
12900.0,55,940,20.0,32.83617446526076
12900.0,55,896,20.0,26.57178557636187
12900.0,0,624,20.0,25.152565326732933
12900.0,0,1596,20.0,31.0093995611156
12900.0,148,715,20.0,19.784783801668937
12900.0,138,1686,20.0,24.457567341339356
12900.0,164,1822,20.0,21.199910533980674
12900.0,174,851,20.0,23.244177162186507
12900.0,236,9,20.0,21.014038298937123
12900.0,202,670,20.0,20.586415623272096
12900.0,294,806,20.0,20.65367491864941
12900.0,273,1731,20.0,21.771332040445017
12900.0,368,54,20.0,21.316102703184225
13200.0,42,848,20.0,24.987114679834235
13200.0,42,1820,20.0,21.89442457495098
13200.0,42,1821,20.0,25.814613522444102
13200.0,49,893,20.0,28.106998224673692
13200.0,49,8,20.0,26.398058274831193
13200.0,34,1775,20.0,21.442718911676444
13200.0,34,802,20.0,24.961928983692648
13200.0,7,1639,20.0,25.98377219774929
13200.0,7,667,20.0,22.135682840145783
13200.0,7,666,20.0,25.9037725773601
13200.0,15,712,20.0,21.00079222735912
13200.0,15,1685,20.0,25.997917474372297
13200.0,15,1684,20.0,23.06646959843564
13200.0,21,757,20.0,21.92791767648244
13200.0,21,1730,20.0,23.512063595168982
13200.0,38,847,20.0,28.12812878529617
13200.0,9,711,20.0,25.081781484717602
13200.0,9,1640,20.0,29.458858621363177
13200.0,36,803,20.0,22.097851166704785
13200.0,62,53,20.0,27.136402464727354
13200.0,62,938,20.0,31.912043353885743
13200.0,62,983,20.0,35.38204583712778
13200.0,0,1594,20.0,29.258839988739993
13200.0,0,621,20.0,27.3358671826324
13200.0,109,7,20.0,22.80488022130218
13200.0,83,1729,20.0,20.4674889629671
13200.0,125,939,20.0,30.601177128608796
13200.0,127,622,20.0,23.493434051949762
13200.0,155,758,20.0,19.380459637841028
13200.0,246,52,20.0,23.948131826625158
13200.0,246,894,20.0,27.243261390453547
13200.0,218,1774,20.0,18.960625673748602
13200.0,273,713,20.0,18.362113964798276
13200.0,254,1638,20.0,24.50662803522653
13500.0,42,1818,20.0,19.311507617447525
13500.0,42,845,20.0,21.698303633776163
13500.0,49,5,20.0,19.53129873392208
13500.0,49,890,20.0,24.606633149653316
13500.0,49,891,20.0,22.21813282278027
13500.0,34,1773,20.0,20.171550756274616
13500.0,34,800,20.0,19.687783890486898
13500.0,7,1637,20.0,26.166840873711646
13500.0,7,664,20.0,24.23824901665025
13500.0,7,709,20.0,23.180248126213346
13500.0,15,1682,20.0,22.82560406030525
13500.0,18,754,20.0,22.44172600708123
13500.0,18,1727,20.0,20.56294012565486
13500.0,21,755,20.0,18.92878859505091
13500.0,28,1728,20.0,22.749079785924827
13500.0,62,51,20.0,24.264276252298366
13500.0,62,936,20.0,25.50352216981018
13500.0,62,981,20.0,29.142520863951027
13500.0,53,6,20.0,23.42094593249281
13500.0,53,935,20.0,28.22118810951044
13500.0,55,50,20.0,21.15790489435431
13500.0,0,1592,20.0,29.858109548154903
13500.0,0,619,20.0,26.031349688839967
13500.0,106,846,20.0,19.46755555939957
13500.0,90,1772,20.0,18.291874346615472
13500.0,80,710,20.0,19.29636388193232
13500.0,64,1636,20.0,25.516922861988856
13500.0,134,665,20.0,20.884731449779167
13500.0,188,95,20.0,22.54551229445398
13500.0,224,1817,20.0,17.352291401293478
13500.0,224,801,20.0,17.54565952922102
13500.0,197,1681,20.0,22.061158969509282
13500.0,314,937,20.0,24.85136815884485
13500.0,255,620,20.0,22.418633406814266
13800.0,42,1816,20.0,23.79823674067874
13800.0,42,843,20.0,24.474787821850693
13800.0,49,3,20.0,22.721298272460878
13800.0,49,888,20.0,26.44649286901966
13800.0,34,1771,20.0,25.600402895197455
13800.0,34,798,20.0,22.591754099475647
13800.0,34,842,20.0,27.2967576614174
13800.0,31,1770,20.0,21.769843824858015
13800.0,7,1635,20.0,29.904054853950875
13800.0,7,662,20.0,23.922378928805053
13800.0,15,1680,20.0,26.90042534048094
13800.0,15,707,20.0,23.01089808313417
13800.0,18,752,20.0,23.146858811442538
13800.0,18,1725,20.0,24.734241897448808
13800.0,28,797,20.0,24.79050867421121
13800.0,38,1815,20.0,20.669521538007476
13800.0,62,978,20.0,33.56273246427169
13800.0,62,49,20.0,27.664268320402012
13800.0,62,93,20.0,25.660723320014387
13800.0,61,934,20.0,27.791709160090328
13800.0,61,48,20.0,24.04326410787025
13800.0,5,1634,20.0,28.275728845467423
13800.0,53,933,20.0,29.907107083408366
13800.0,0,661,20.0,27.17198108634045
13800.0,86,753,20.0,21.270192998383454
13800.0,71,1679,20.0,25.5309542316756
13800.0,177,889,20.0,24.379890415216916
13800.0,170,2,20.0,19.632291643435156
13800.0,126,617,20.0,25.490150263942333
13800.0,205,1724,20.0,22.751646050672832
13800.0,205,708,20.0,20.82025358087645
13800.0,277,1769,20.0,20.274599892628764
13800.0,298,844,20.0,22.208049863971645
13800.0,304,47,20.0,20.26434927498424
14100.0,42,885,20.0,31.985456953034944
14100.0,42,1814,20.0,28.127761255953885
14100.0,42,841,20.0,27.033728812561904
14100.0,42,1813,20.0,25.118296601825413
14100.0,49,886,20.0,28.641885314909352
14100.0,49,1,20.0,26.48063719599001
14100.0,34,840,20.0,29.65145852615904
14100.0,34,1768,20.0,26.814322951395187
14100.0,31,795,20.0,27.802571695333324
14100.0,7,704,20.0,29.275417754068037
14100.0,7,1677,20.0,29.87993738174956
14100.0,7,1632,20.0,33.09812434226208
14100.0,45,0,20.0,23.60531152950818
14100.0,15,1678,20.0,31.94980774430153
14100.0,15,705,20.0,25.920451452840375
14100.0,15,749,20.0,30.3930368484113
14100.0,18,750,20.0,26.397511016696793
14100.0,18,1722,20.0,26.73315559186738
14100.0,21,1723,20.0,28.557996801034097
14100.0,62,976,20.0,33.83842181553075
14100.0,62,137,20.0,28.235196022384642
14100.0,62,46,20.0,27.0392975611783
14100.0,53,931,20.0,31.275687245914273
14100.0,0,659,20.0,28.32508465599694
14100.0,67,660,20.0,25.33498916351621
14100.0,115,91,20.0,24.071196143721117
14100.0,152,1767,20.0,24.74669238379771
14100.0,187,932,20.0,30.42325779447089
14100.0,160,796,20.0,24.956447389938806
14100.0,189,1631,20.0,31.76044062220677
14100.0,189,615,20.0,26.17216555535471
14100.0,248,136,20.0,25.379725246510517
14100.0,258,1676,20.0,28.63405146175504
14100.0,277,751,20.0,23.522072213880662
14400.0,42,883,20.0,30.68671662902964
14400.0,42,1811,20.0,26.102011332443922
14400.0,42,44,20.0,23.896190997606148
14400.0,49,928,20.0,34.27998458479088
14400.0,34,838,20.0,29.277950506861224
14400.0,34,1766,20.0,28.65432386848362
14400.0,31,793,20.0,28.088077983031372
14400.0,7,702,20.0,29.795876537602897
14400.0,7,1630,20.0,35.58680827695212
14400.0,7,1675,20.0,32.51065001932881
14400.0,15,747,20.0,30.694902172873434
14400.0,15,1720,20.0,29.361385459401564
14400.0,21,748,20.0,27.44326892529919
14400.0,28,1765,20.0,26.85798122688702
14400.0,23,792,20.0,31.85607873633571
14400.0,23,1721,20.0,31.297278253471294
14400.0,62,974,20.0,34.173940731045136
14400.0,62,135,20.0,28.030129746910713
14400.0,62,90,20.0,27.714636030015424
14400.0,5,657,20.0,29.734179518181936
14400.0,53,89,20.0,23.69566161206516
14400.0,53,929,20.0,31.36480072426992
14400.0,0,1629,20.0,33.801061873230715
14400.0,114,884,20.0,28.121095626336743
14400.0,96,1810,20.0,24.499144978728825
14400.0,124,134,20.0,24.22050192645713
14400.0,131,1674,20.0,30.580010041012436
14400.0,138,703,20.0,26.66558063882858
14400.0,167,839,20.0,26.732181570481874
14400.0,229,43,20.0,22.054214785046213
14400.0,258,658,20.0,25.966100733536965
14400.0,263,1719,20.0,27.582028165752522
14400.0,287,794,20.0,25.319347944658343
14400.0,365,88,20.0,22.12162820117194
14700.0,42,881,20.0,29.475614131910884
14700.0,42,1809,20.0,26.36089841457303
14700.0,49,42,20.0,25.051350014233638
14700.0,49,926,20.0,32.85187145466323
14700.0,34,1808,20.0,22.45395055724511
14700.0,34,835,20.0,30.370542884037114
14700.0,34,836,20.0,26.84711875495742
14700.0,31,1763,20.0,24.224904984323455
14700.0,7,700,20.0,25.31030593761498
14700.0,7,1672,20.0,26.822245638438076
14700.0,7,699,20.0,29.217030273551067
14700.0,15,745,20.0,26.49573530323957
14700.0,15,1673,20.0,29.99934320570302
14700.0,15,1718,20.0,26.917143821685954
14700.0,21,790,20.0,28.29946889940082
14700.0,62,132,20.0,26.242643752887847
14700.0,62,971,20.0,36.317572207642954
14700.0,62,972,20.0,33.45925233849106
14700.0,5,1628,20.0,33.37491694575512
14700.0,53,87,20.0,25.297248827761898
14700.0,0,1627,20.0,29.771683079233565
14700.0,0,654,20.0,27.822311072469073
14700.0,3,655,20.0,24.347047562650268
14700.0,121,927,20.0,30.139638907025535
14700.0,106,41,20.0,21.69566314346975
14700.0,90,791,20.0,24.857979677182733
14700.0,76,1717,20.0,23.851818528452092
14700.0,175,86,20.0,22.240564302091613
14700.0,148,746,20.0,23.38739162369244
14700.0,238,882,20.0,26.75621384036702
14700.0,211,1762,20.0,21.14022978829866
14700.0,266,701,20.0,21.892193138719964
14700.0,309,131,20.0,23.018645519556674
14700.0,355,837,20.0,23.869938350092585
15000.0,42,39,20.0,25.492506158998868
15000.0,42,878,20.0,26.456488524591343
15000.0,49,40,20.0,29.49429800927817
15000.0,49,924,20.0,28.077044323537407
15000.0,49,84,20.0,26.25800483682563
15000.0,49,923,20.0,30.04073933316288
15000.0,34,1806,20.0,25.00709416393639
15000.0,34,833,20.0,23.546659683982092
15000.0,31,1761,20.0,26.85776979076546
15000.0,7,1670,20.0,27.63209233983178
15000.0,7,697,20.0,25.560134253250922
15000.0,45,879,20.0,24.70158737623583
15000.0,15,1715,20.0,25.755801306333375
15000.0,15,742,20.0,25.81936496374246
15000.0,15,743,20.0,22.248748716160414
15000.0,18,1716,20.0,28.44158023078382
15000.0,21,788,20.0,22.695010668019503
15000.0,62,130,20.0,29.697013615835232
15000.0,62,969,20.0,30.871930596018842
15000.0,53,85,20.0,29.628850784967455
15000.0,0,1625,20.0,30.92822597319714
15000.0,0,652,20.0,26.418956332520988
15000.0,101,834,20.0,22.25203833748865
15000.0,86,1760,20.0,24.44024204180404
15000.0,71,698,20.0,22.410505919650944
15000.0,184,129,20.0,26.54492444994604
15000.0,156,1805,20.0,23.17499712094538
15000.0,218,789,20.0,20.819200533941597
15000.0,194,653,20.0,23.169262529706565
15000.0,193,1669,20.0,27.199933546989836
15000.0,251,970,20.0,31.215252554570938
15000.0,309,925,20.0,27.82048587352734
15000.0,289,38,20.0,23.460570997335957
15000.0,324,1714,20.0,25.028214840881134
15300.0,42,876,20.0,25.83621702672129
15300.0,42,37,20.0,23.55602480645619
15300.0,49,921,20.0,28.020385921907405
15300.0,49,82,20.0,22.29625345840232
15300.0,34,831,20.0,24.45389651464438
15300.0,34,1804,20.0,25.739507754545365
15300.0,31,1803,20.0,22.93589183522428
15300.0,7,695,20.0,27.906466655349178
15300.0,7,1668,20.0,31.6447727882296
15300.0,15,1713,20.0,28.253587693664137
15300.0,15,740,20.0,27.170314871366323
15300.0,18,785,20.0,27.590581120814957
15300.0,21,1758,20.0,25.37879881680469
15300.0,28,1759,20.0,28.561876874017948
15300.0,28,786,20.0,24.011960280671765
15300.0,28,830,20.0,28.57544584504854
15300.0,62,967,20.0,28.719171844086574
15300.0,62,128,20.0,26.507871020870688
15300.0,61,127,20.0,23.122901876342798
15300.0,53,922,20.0,26.065648039703674
15300.0,55,966,20.0,31.419107401757447
15300.0,0,650,20.0,29.38313835719237
15300.0,0,1623,20.0,35.19750078312355
15300.0,57,83,20.0,26.40251658528946
15300.0,67,1667,20.0,30.871434847095728
15300.0,81,741,20.0,24.11324473332393
15300.0,63,1622,20.0,34.34080667221644
15300.0,162,36,20.0,21.103478013690687
15300.0,138,1712,20.0,27.843357471748966
15300.0,171,877,20.0,23.955724087887294
15300.0,201,696,20.0,24.802246247524565
15300.0,251,172,20.0,24.787197503256944
15300.0,298,81,20.0,19.460587720639175
15300.0,289,832,20.0,22.471163628886533
15600.0,42,874,20.0,22.52636848999332
15600.0,42,35,20.0,25.362767898808546
15600.0,42,34,20.0,21.890289326591606
15600.0,49,965,20.0,25.168945335365414
15600.0,49,80,20.0,26.35020140419237
15600.0,34,1801,20.0,20.391431039387026
15600.0,34,829,20.0,20.09681679253846
15600.0,34,919,20.0,25.437006112628524
15600.0,31,828,20.0,22.12205090910672
15600.0,7,1665,20.0,22.14649304657012
15600.0,7,693,20.0,17.636624640879454
15600.0,7,1666,20.0,26.072065883460155
15600.0,15,738,20.0,17.56166842658626
15600.0,15,1711,20.0,22.24533995480092
15600.0,18,783,20.0,20.16310391029438
15600.0,21,1756,20.0,20.478783255840977
15600.0,8,737,20.0,21.699176975499533
15600.0,62,125,20.0,27.948454272793633
15600.0,62,1055,20.0,32.57592198274524
15600.0,61,1010,20.0,29.24338066534757
15600.0,5,692,20.0,21.33883268069193
15600.0,10,1710,20.0,18.948126889829638
15600.0,0,1620,20.0,25.542665951804125
15600.0,37,1802,20.0,24.46614801931657
15600.0,109,79,20.0,22.985486862755273
15600.0,124,1011,20.0,28.02370008547146
15600.0,63,648,20.0,18.59501337094784
15600.0,152,784,20.0,17.811495521043973
15600.0,143,1755,20.0,17.071868206567256
15600.0,246,920,20.0,24.71499996513647
15600.0,241,124,20.0,24.684512024678288
15600.0,216,1800,20.0,17.168420303451416
15600.0,273,739,20.0,15.574542155342142
15600.0,253,1664,20.0,20.49946875400086
15900.0,42,32,20.0,24.26570027881512
15900.0,42,962,20.0,32.1242424646359
15900.0,42,917,20.0,28.84741628872101
15900.0,49,77,20.0,26.2394786124879
15900.0,49,963,20.0,29.42523996346917
15900.0,34,1799,20.0,23.808156918692546
15900.0,34,872,20.0,25.388614530632875
15900.0,7,1663,20.0,24.485603541193015
15900.0,7,781,20.0,23.850478310611777
15900.0,7,690,20.0,22.512729051942905
15900.0,15,1708,20.0,21.93206843547956
15900.0,15,826,20.0,26.448106152205458
15900.0,15,736,20.0,20.40580406171132
15900.0,18,1753,20.0,21.2270455465145
15900.0,21,827,20.0,22.489894390331866
15900.0,28,1754,20.0,24.90176498436106
15900.0,62,123,20.0,31.946860377618012
15900.0,62,1053,20.0,36.16576696300505
15900.0,61,1008,20.0,32.86661706329965
15900.0,53,78,20.0,29.96344629893772
15900.0,55,122,20.0,28.75608165840629
15900.0,0,1618,20.0,28.054630381617354
15900.0,106,918,20.0,26.225334812038035
15900.0,90,1798,20.0,20.63868852003624
15900.0,127,1662,20.0,22.09313915174741
15900.0,187,167,20.0,30.80871669917386
15900.0,134,691,20.0,18.804827068105773
15900.0,224,873,20.0,22.8655142280713
15900.0,224,31,20.0,20.975706814296455
15900.0,197,1707,20.0,19.57131539802233
15900.0,251,1009,20.0,32.1946236865386
15900.0,280,782,20.0,20.38422014182146
15900.0,254,646,20.0,17.8408407389808
15900.0,355,76,20.0,22.904872466879535
16200.0,42,30,20.0,28.86954984566613
16200.0,42,915,20.0,27.852934876825508
16200.0,42,960,20.0,30.452527114286813
16200.0,49,75,20.0,27.390070279548006
16200.0,34,1797,20.0,30.536102293430535
16200.0,34,870,20.0,25.71774498723108
16200.0,31,1796,20.0,27.547238521492975
16200.0,7,1661,20.0,32.88206442698238
16200.0,7,779,20.0,26.19713697355133
16200.0,7,734,20.0,26.71697895844217
16200.0,15,1706,20.0,30.03825414392616
16200.0,15,824,20.0,26.77426647165311
16200.0,18,1751,20.0,28.799397038566408
16200.0,28,869,20.0,27.943315593844506
16200.0,36,29,20.0,26.351479859419403
16200.0,62,165,20.0,28.053083524970628
16200.0,62,121,20.0,31.3018920653246
16200.0,62,1050,20.0,36.997269672163604
16200.0,62,1051,20.0,35.70795884450697
16200.0,53,1005,20.0,33.325740522358316
16200.0,53,120,20.0,27.500591443608496
16200.0,0,1660,20.0,30.491434804262727
16200.0,0,733,20.0,30.20370958234747
16200.0,57,1006,20.0,32.374072611134615
16200.0,70,1705,20.0,28.06637686428204
16200.0,86,825,20.0,24.443175623801615
16200.0,177,961,20.0,29.052942425382085
16200.0,170,74,20.0,24.963214717340982
16200.0,205,780,20.0,23.711306644598995
16200.0,205,1750,20.0,26.523421577374812
16200.0,189,689,20.0,27.843616089877656
16200.0,233,916,20.0,26.68199541832795
16200.0,304,119,20.0,24.6135035249884
16200.0,324,735,20.0,24.073355979800393
16500.0,42,957,20.0,37.93544106695671
16500.0,42,28,20.0,32.98743990192581
16500.0,42,72,20.0,28.302289653169655
16500.0,49,73,20.0,31.496132023791393
16500.0,49,958,20.0,34.07854597449568
16500.0,34,912,20.0,35.01792597826161
16500.0,34,27,20.0,29.162787955315423
16500.0,31,1794,20.0,30.32070188957567
16500.0,31,867,20.0,32.98755294921542
16500.0,7,776,20.0,33.09948955953802
16500.0,7,1703,20.0,32.557041780351824
16500.0,15,1704,20.0,35.67228357660264
16500.0,15,822,20.0,31.285875062449897
16500.0,18,1749,20.0,32.711430281488475
16500.0,16,1748,20.0,29.737851704842626
16500.0,38,913,20.0,31.76097853086816
16500.0,9,777,20.0,29.78172005577384
16500.0,62,1048,20.0,39.63557419859238
16500.0,62,163,20.0,31.07942424927211
16500.0,6,1658,20.0,35.93261458587801
16500.0,61,118,20.0,31.592990033242295
16500.0,53,1003,20.0,36.37330991610679
16500.0,0,731,20.0,31.711444282789504
16500.0,67,732,20.0,28.577244619414472
16500.0,184,1004,20.0,33.336968773811975
16500.0,177,117,20.0,27.76773724738553
16500.0,160,868,20.0,29.3251693312523
16500.0,149,1839,20.0,27.76305275255362
16500.0,248,162,20.0,27.831283774881427
16500.0,213,823,20.0,27.638153786570722
16500.0,284,26,20.0,26.251756648433215
16500.0,304,959,20.0,30.647963837394666
16500.0,256,1702,20.0,29.748652358062134
16500.0,252,687,20.0,28.164634619595112
16800.0,42,955,20.0,25.560491204346484
16800.0,42,70,20.0,22.65001390210642
16800.0,42,25,20.0,24.270433380343462
16800.0,49,1000,20.0,29.17690967177843
16800.0,34,910,20.0,22.26520778848583
16800.0,31,1838,20.0,25.956038151307315
16800.0,31,865,20.0,20.16659276948458
16800.0,7,774,20.0,23.450353540956044
16800.0,7,1747,20.0,27.92258945294822
16800.0,15,819,20.0,23.094531667414916
16800.0,15,1792,20.0,25.172476152448937
16800.0,18,820,20.0,20.2266907306534
16800.0,21,864,20.0,23.554010031838704
16800.0,21,1793,20.0,29.11589305796846
16800.0,47,956,20.0,23.09851688631838
16800.0,23,1837,20.0,22.680167506917584
16800.0,62,1046,20.0,29.036811640498314
16800.0,62,161,20.0,27.570824020403048
16800.0,6,1656,20.0,31.547090967685765
16800.0,61,116,20.0,26.744620505379203
16800.0,53,115,20.0,22.759262129850452
16800.0,53,1001,20.0,26.088188196378834
16800.0,0,729,20.0,24.628576733200305
16800.0,121,160,20.0,24.206671865437574
16800.0,95,24,20.0,20.6186597687835
16800.0,63,1701,20.0,29.158944167744462
16800.0,131,1746,20.0,25.733759351401243
16800.0,138,775,20.0,20.5818027576244
16800.0,167,911,20.0,19.826019464065794
16800.0,229,69,20.0,19.254270855539886
16800.0,194,730,20.0,21.866429555108525
16800.0,263,1791,20.0,22.95211679008227
16800.0,284,866,20.0,17.120739135366783
16800.0,364,114,20.0,19.406285337535223
17100.0,42,953,20.0,18.904130025495718
17100.0,42,68,20.0,21.671673366120164
17100.0,49,998,20.0,22.056912059329754
17100.0,49,113,20.0,22.39643474299117
17100.0,34,22,20.0,17.807673815519372
17100.0,34,908,20.0,16.939941299522754
17100.0,31,907,20.0,19.390130970443078
17100.0,7,772,20.0,20.688286398939237
17100.0,7,1744,20.0,22.609859651641997
17100.0,7,1745,20.0,24.04666905612194
17100.0,15,817,20.0,19.217715489670066
17100.0,15,1790,20.0,20.90703949839294
17100.0,21,862,20.0,18.79273648146271
17100.0,28,1835,20.0,18.506344993722553
17100.0,38,23,20.0,21.412621260945293
17100.0,62,158,20.0,23.516888798350163
17100.0,62,1044,20.0,25.097249997752535
17100.0,61,1043,20.0,25.869810213480736
17100.0,5,771,20.0,24.722087251405554
17100.0,5,1700,20.0,27.544485974800647
17100.0,0,1699,20.0,25.79518525247652
17100.0,0,727,20.0,23.427330253384902
17100.0,118,999,20.0,21.82522539473854
17100.0,106,67,20.0,18.164865205824903
17100.0,90,863,20.0,16.5832815207034
17100.0,76,1789,20.0,19.908433998974726
17100.0,148,818,20.0,17.43973014061826
17100.0,238,112,20.0,18.60792235809712
17100.0,238,954,20.0,18.683251090801285
17100.0,211,1834,20.0,17.670254329084244
17100.0,266,773,20.0,18.61520414126049
17100.0,308,157,20.0,20.257871374970826
17100.0,355,909,20.0,16.413210942658253
17100.0,344,21,20.0,16.780268060168396
17400.0,42,65,20.0,27.8949919174908
17400.0,42,950,20.0,33.80859515004591
17400.0,42,951,20.0,30.171625648353295
17400.0,49,996,20.0,31.924191511000387
17400.0,49,110,20.0,26.851150732823314
17400.0,49,66,20.0,31.362093188505934
17400.0,34,20,20.0,29.13486623148287
17400.0,34,905,20.0,31.580538684529415
17400.0,7,1742,20.0,34.948741039649164
17400.0,7,769,20.0,31.914753274211428
17400.0,15,1787,20.0,32.083873081447045
17400.0,15,815,20.0,29.17282356539389
17400.0,18,1788,20.0,34.57882283928671
17400.0,21,860,20.0,30.30690678528247
17400.0,47,995,20.0,35.911365445074225
17400.0,28,1833,20.0,31.77841341874688
17400.0,9,814,20.0,33.03151484177818
17400.0,62,156,20.0,28.14157590878702
17400.0,62,1041,20.0,33.92372160139514
17400.0,53,111,20.0,29.44325837895394
17400.0,0,1697,20.0,38.14690699117195
17400.0,0,724,20.0,31.580014215533343
17400.0,101,906,20.0,28.350139338921345
17400.0,70,770,20.0,28.478871542362203
17400.0,86,1832,20.0,29.740918053031443
17400.0,184,155,20.0,25.728990729149373
17400.0,127,725,20.0,28.1710064829887
17400.0,188,1042,20.0,30.918450413419674
17400.0,189,1741,20.0,33.00876192955209
17400.0,218,19,20.0,27.107159060458933
17400.0,218,861,20.0,26.837198196299447
17400.0,309,997,20.0,28.713751209877344
17400.0,314,200,20.0,26.325794247588785
17400.0,289,64,20.0,25.86525524605254
17700.0,42,63,20.0,23.606290177469226
17700.0,42,948,20.0,24.492425224356836
17700.0,49,108,20.0,23.29862272528806
17700.0,49,993,20.0,27.22724878043029
17700.0,34,18,20.0,24.825036946829496
17700.0,34,903,20.0,22.795478481156124
17700.0,31,17,20.0,22.271441065377246
17700.0,7,1740,20.0,30.733894176447397
17700.0,7,767,20.0,25.70863221412133
17700.0,15,1785,20.0,27.364550563552175
17700.0,15,812,20.0,25.576079263198498
17700.0,18,857,20.0,25.724381529509728
17700.0,21,1830,20.0,24.35008581925689
17700.0,28,1831,20.0,27.61050016167356
17700.0,28,902,20.0,26.90674561200837
17700.0,23,858,20.0,22.252754354318743
17700.0,62,154,20.0,28.263270297394786
17700.0,62,1039,20.0,28.183247707100136
17700.0,53,994,20.0,25.11820891373221
17700.0,53,1038,20.0,30.891092377716287
17700.0,55,109,20.0,27.42559248096807
17700.0,55,153,20.0,25.00892918223545
17700.0,0,1695,20.0,34.3673165148094
17700.0,0,722,20.0,27.02485299283288
17700.0,67,1739,20.0,29.951409302741443
17700.0,80,813,20.0,22.270883666752106
17700.0,162,62,20.0,21.16346359204038
17700.0,170,949,20.0,22.415657997579157
17700.0,188,198,20.0,26.258406604900294
17700.0,197,1784,20.0,26.605280498173766
17700.0,197,768,20.0,22.524218033728243
17700.0,298,107,20.0,20.65517951222094
17700.0,289,904,20.0,20.619233445230414
17700.0,269,1829,20.0,23.446221651656987
18000.0,42,946,20.0,25.525944328868974
18000.0,42,61,20.0,24.947937251912094
18000.0,49,991,20.0,28.585625555369354
18000.0,49,106,20.0,24.366252214480514
18000.0,34,15,20.0,23.007344308530765
18000.0,34,945,20.0,29.48351811232688
18000.0,34,901,20.0,23.49696477711877
18000.0,31,900,20.0,26.967606861475954
18000.0,7,765,20.0,24.81258447214521
18000.0,7,1738,20.0,32.17611934978679
18000.0,7,809,20.0,28.333204398797104
18000.0,7,1737,20.0,29.284091847263525
18000.0,15,1783,20.0,28.524119611936626
18000.0,15,810,20.0,24.242515132948657
18000.0,18,855,20.0,25.243020032173003
18000.0,21,1828,20.0,25.31187023113574
18000.0,38,60,20.0,21.46643845658349
18000.0,9,1782,20.0,25.984029656380837
18000.0,36,16,20.0,26.78875358264924
18000.0,62,1081,20.0,35.65009857858395
18000.0,62,151,20.0,25.734127263164986
18000.0,53,1036,20.0,32.19912018974598
18000.0,0,764,20.0,28.214012825683348
18000.0,0,1692,20.0,32.56617419299463
18000.0,109,105,20.0,21.244267144228747
18000.0,124,1037,20.0,29.32081601073386
18000.0,125,196,20.0,27.56376871059323
18000.0,152,856,20.0,21.870923143137208
18000.0,127,720,20.0,26.07690973283231
18000.0,143,1827,20.0,22.660429252444892
18000.0,179,992,20.0,26.18989801288667
18000.0,241,150,20.0,22.134351924367998
18000.0,277,14,20.0,19.94594535185294
18000.0,298,947,20.0,22.848078276325218
18300.0,42,58,20.0,27.214740652287336
18300.0,42,988,20.0,30.91223816567841
18300.0,49,989,20.0,27.699929342258958
18300.0,49,103,20.0,25.430082263368107
18300.0,49,104,20.0,29.10242413439158
18300.0,34,13,20.0,29.630198253760813
18300.0,34,943,20.0,28.702428584628578
18300.0,31,898,20.0,27.45144631519909
18300.0,7,807,20.0,30.45667142265685
18300.0,7,1735,20.0,34.769704425007745
18300.0,15,852,20.0,30.567468620931574
18300.0,15,1780,20.0,31.73291082128745
18300.0,15,808,20.0,27.172261387114773
18300.0,18,1825,20.0,29.033338034297145
18300.0,18,853,20.0,26.97433771781154
18300.0,21,1826,20.0,32.46444189589542
18300.0,16,1781,20.0,35.204099822387796
18300.0,62,1079,20.0,33.984037311702586
18300.0,62,149,20.0,27.60191305136501
18300.0,62,194,20.0,28.07545654144242
18300.0,5,762,20.0,31.342349732913384
18300.0,53,1034,20.0,31.046140052925484
18300.0,0,1690,20.0,38.27459560041404
18300.0,118,148,20.0,24.06498189859984
18300.0,106,944,20.0,25.932828349145872
18300.0,90,12,20.0,26.64186610296625
18300.0,127,1734,20.0,33.09998739337057
18300.0,187,193,20.0,24.4365979047741
18300.0,160,899,20.0,24.915015192299048
18300.0,131,763,20.0,27.848808857313163
18300.0,224,57,20.0,24.08724290037064
18300.0,249,1035,20.0,28.723624520695225
18300.0,258,1779,20.0,29.68861107605082
18300.0,278,854,20.0,23.970350927366315
18600.0,42,56,20.0,24.847739503550674
18600.0,42,986,20.0,26.912649142309572
18600.0,49,101,20.0,24.772582395152387
18600.0,49,1031,20.0,30.545467378943545
18600.0,34,941,20.0,23.73084324128559
18600.0,34,11,20.0,25.53305213533041
18600.0,31,896,20.0,20.41364523030533
18600.0,7,805,20.0,20.983085214907923
18600.0,7,1733,20.0,28.462544473086012
18600.0,15,850,20.0,21.565923388937808
18600.0,15,1778,20.0,25.524314375401158
18600.0,18,1823,20.0,23.151306699840603
18600.0,28,10,20.0,21.7248033635377
18600.0,28,895,20.0,23.759778868917273
18600.0,62,1077,20.0,31.78169438481315
18600.0,62,191,20.0,26.412007394483048
18600.0,62,147,20.0,29.031194129048924
18600.0,6,760,20.0,21.84696772726528
18600.0,61,1076,20.0,34.03726201818183
18600.0,53,146,20.0,24.999919907762663
18600.0,55,1032,20.0,28.63651687153848
18600.0,0,1732,20.0,25.40369916391334
18600.0,70,1777,20.0,22.777997779915914
18600.0,86,851,20.0,18.806161269860393
18600.0,100,55,20.0,21.567840442400875
18600.0,112,987,20.0,25.353512181667817
18600.0,167,100,20.0,21.69449129931691
18600.0,205,806,20.0,18.156177353587815
18600.0,205,1822,20.0,20.57481146879267
18600.0,231,942,20.0,21.98237637554535
18600.0,300,145,20.0,21.739426511778497
18600.0,260,761,20.0,18.791977226644626
18600.0,335,9,20.0,18.99458994932291
18600.0,348,897,20.0,18.770927575268153
18900.0,42,984,20.0,21.44052025621744
18900.0,42,98,20.0,19.459670702918167
18900.0,42,54,20.0,23.234148554142806
18900.0,42,983,20.0,23.759476422013265
18900.0,49,99,20.0,22.116796445947536
18900.0,49,1029,20.0,24.268912733958828
18900.0,34,938,20.0,21.718986929347434
18900.0,34,53,20.0,19.85887143370105
18900.0,31,8,20.0,21.552637759187107
18900.0,7,1775,20.0,23.82693224413306
18900.0,7,802,20.0,24.28773345054007
18900.0,15,848,20.0,21.022933319248978
18900.0,15,1776,20.0,25.60583130213635
18900.0,18,1821,20.0,23.154752880089585
18900.0,21,893,20.0,21.7467841030035
18900.0,38,939,20.0,19.156806616699836
18900.0,8,803,20.0,20.786137304236842
18900.0,62,189,20.0,23.200284471099454
18900.0,62,1074,20.0,27.3489667681311
18900.0,53,144,20.0,22.362441747929118
18900.0,0,1730,20.0,26.97675695959037
18900.0,0,757,20.0,25.29155137426236
18900.0,67,758,20.0,21.99101317351179
18900.0,80,1820,20.0,21.809039529916404
18900.0,93,894,20.0,18.947861618914594
18900.0,184,1030,20.0,23.78050614286961
18900.0,177,143,20.0,19.5929403472123
18900.0,148,7,20.0,20.335997074368148
18900.0,188,1075,20.0,27.22472552739018
18900.0,213,849,20.0,18.502503349943915
18900.0,284,52,20.0,18.74128204419971
18900.0,309,188,20.0,20.49167252993314
18900.0,304,985,20.0,20.993983521887298
18900.0,319,1774,20.0,23.844403525437297
19200.0,42,981,20.0,28.335557306733516
19200.0,42,96,20.0,22.41256104352859
19200.0,49,1026,20.0,31.307846489825714
19200.0,49,141,20.0,23.203626826161578
19200.0,49,97,20.0,26.545963395758672
19200.0,34,936,20.0,25.577710535714544
19200.0,34,51,20.0,24.20455912734242
19200.0,31,6,20.0,27.018479364364318
19200.0,7,800,20.0,26.128868679587917
19200.0,7,1773,20.0,29.176753602064196
19200.0,45,982,20.0,25.244086230490293
19200.0,15,1818,20.0,25.96826986070597
19200.0,15,845,20.0,26.65835469854588
19200.0,18,846,20.0,23.262933047536873
19200.0,21,1819,20.0,29.92464065305425
19200.0,21,890,20.0,27.81637674785319
19200.0,28,891,20.0,23.819082690618632
19200.0,23,5,20.0,23.58692140996875
19200.0,62,1072,20.0,30.52888725027416
19200.0,62,187,20.0,27.146635072118734
19200.0,5,1728,20.0,32.964663996366035
19200.0,53,1027,20.0,27.471497386694864
19200.0,53,142,20.0,26.9119326197801
19200.0,0,755,20.0,27.00143406521702
19200.0,121,186,20.0,23.952405628345375
19200.0,74,801,20.0,23.143534262078994
19200.0,131,1772,20.0,27.232636611584507
19200.0,164,937,20.0,22.53496519067056
19200.0,126,1727,20.0,30.57823412847132
19200.0,155,50,20.0,20.99525808920172
19200.0,227,95,20.0,19.258052590727523
19200.0,194,756,20.0,23.898247072378844
19200.0,263,1817,20.0,23.82381749804268
19200.0,284,892,20.0,20.464273203483216
19500.0,42,979,20.0,24.64059378178026
19500.0,42,94,20.0,23.096430467214596
19500.0,49,1024,20.0,27.984198164816643
19500.0,49,139,20.0,23.064778878500075
19500.0,34,934,20.0,22.175355959466756
19500.0,34,48,20.0,21.143943949219214
19500.0,34,49,20.0,24.868928027460715
19500.0,31,933,20.0,24.561700621982585
19500.0,7,798,20.0,23.081632687375638
19500.0,7,1771,20.0,27.39167899701472
19500.0,15,843,20.0,22.743650501218244
19500.0,15,1816,20.0,25.004378621753965
19500.0,18,888,20.0,23.20592897367612
19500.0,21,3,20.0,23.240625779328834
19500.0,28,889,20.0,21.076426172427325
19500.0,62,1070,20.0,29.718880926126968
19500.0,62,184,20.0,24.644871417010435
19500.0,62,185,20.0,28.440853047382028
19500.0,6,1770,20.0,25.703833427654452
19500.0,55,1069,20.0,31.722509486566974
19500.0,0,1725,20.0,28.936190295843584
19500.0,0,753,20.0,24.402412850389773
19500.0,0,1726,20.0,31.036723751567983
19500.0,3,797,20.0,27.188757244169835
19500.0,101,93,20.0,19.81481126711606
19500.0,118,1025,20.0,26.571715631265178
19500.0,145,844,20.0,21.209196804923007
19500.0,138,1815,20.0,23.442571370768327
19500.0,238,980,20.0,23.321702554776454
19500.0,238,138,20.0,19.693936297412378
19500.0,209,2,20.0,21.533407706500764
19500.0,263,799,20.0,21.387726742985528
19500.0,292,935,20.0,20.732435341528525
19500.0,368,229,20.0,21.058788765051176
19800.0,42,137,20.0,19.112435501648324
19800.0,42,977,20.0,20.766614190291698
19800.0,49,1022,20.0,22.14802807774013
19800.0,49,183,20.0,21.04623108028714
19800.0,34,46,20.0,20.16197753915162
19800.0,34,931,20.0,22.30409742403465
19800.0,7,1768,20.0,27.885007220587692
19800.0,7,795,20.0,28.064017666712605
19800.0,7,796,20.0,24.428805044060212
19800.0,45,92,20.0,21.915074917143073
19800.0,15,841,20.0,22.800937338333224
19800.0,15,1813,20.0,24.844349029555644
19800.0,15,1814,20.0,26.74780622081814
19800.0,21,886,20.0,21.491223886736176
19800.0,21,1,20.0,23.500388278946048
19800.0,47,182,20.0,18.401726959850457
19800.0,38,976,20.0,23.708817383829256
19800.0,8,840,20.0,26.789106561701534
19800.0,62,228,20.0,20.817536870658834
19800.0,62,1112,20.0,28.855475696648284
19800.0,62,1067,20.0,25.430453741019658
19800.0,0,1723,20.0,31.306067847479323
19800.0,100,932,20.0,19.38958517701938
19800.0,83,0,20.0,21.523517412546617
19800.0,181,227,20.0,18.599196455559955
19800.0,127,751,20.0,26.04214276988103
19800.0,187,1068,20.0,24.13731381359309
19800.0,189,1767,20.0,27.819244638601155
19800.0,245,1023,20.0,21.403965983690885
19800.0,218,887,20.0,18.834471120242796
19800.0,218,91,20.0,18.7852854185646
19800.0,314,272,20.0,20.235783433020124
19800.0,364,978,20.0,19.72861048642897
19800.0,335,842,20.0,19.958728455158152
20100.0,42,135,20.0,27.158229142803933
20100.0,42,974,20.0,28.760342557937413
20100.0,49,180,20.0,25.224081625134662
20100.0,49,1019,20.0,31.096874015954604
20100.0,49,1020,20.0,27.65772464711724
20100.0,34,90,20.0,29.633319244133062
20100.0,34,929,20.0,27.02274641935612
20100.0,7,1766,20.0,35.56692753779952
20100.0,7,793,20.0,30.48764331772962
20100.0,7,838,20.0,30.518242122397172
20100.0,15,1811,20.0,32.33843115342337
20100.0,18,883,20.0,30.031127275306424
20100.0,18,44,20.0,29.608196027430864
20100.0,21,884,20.0,26.69506545968043
20100.0,28,45,20.0,33.22463244285246
20100.0,28,89,20.0,26.54313807200548
20100.0,62,226,20.0,26.909247513547534
20100.0,62,1065,20.0,30.72030536100316
20100.0,62,1110,20.0,34.02174644917099
20100.0,53,1064,20.0,34.39691347548208
20100.0,53,181,20.0,29.304534443043636
20100.0,55,225,20.0,23.58727633240515
20100.0,0,1721,20.0,39.15702213762034
20100.0,66,1765,20.0,33.56943629116515
20100.0,80,839,20.0,26.836212885628086
20100.0,63,748,20.0,31.10224935149554
20100.0,162,134,20.0,24.08267006778848
20100.0,187,270,20.0,23.41472603200382
20100.0,170,975,20.0,25.177340367227984
20100.0,197,1810,20.0,30.17262262330765
20100.0,197,794,20.0,26.946565036305927
20100.0,226,930,20.0,23.687851251286705
20100.0,314,1066,20.0,27.192690279559436
20100.0,296,179,20.0,21.974160655914744
20400.0,42,133,20.0,17.82728331697107
20400.0,42,972,20.0,17.34058176135544
20400.0,49,178,20.0,17.264382907816497
20400.0,49,1017,20.0,19.982949127612436
20400.0,34,971,20.0,19.932142201074118
20400.0,34,88,20.0,19.406563883554313
20400.0,34,927,20.0,16.199300320942307
20400.0,31,87,20.0,15.99699875593345
20400.0,7,1764,20.0,25.68006464497915
20400.0,7,791,20.0,23.17586222135392
20400.0,7,835,20.0,24.639863611292437
20400.0,15,1809,20.0,21.869671711739546
20400.0,15,836,20.0,20.713225259186924
20400.0,15,881,20.0,19.238795544140288
20400.0,18,42,20.0,18.823417535155603
20400.0,28,926,20.0,18.185468074753064
20400.0,38,132,20.0,15.110630000183962
20400.0,8,1808,20.0,20.872353060573502
20400.0,62,1107,20.0,26.039159873140147
20400.0,62,268,20.0,21.558853768491005
20400.0,61,223,20.0,18.9065225540933
20400.0,5,1763,20.0,24.207689108057803
20400.0,53,1062,20.0,22.882521778358857
20400.0,0,790,20.0,26.51075602620085
20400.0,60,1063,20.0,22.130867671317365
20400.0,107,177,20.0,14.90248754083441
20400.0,152,882,20.0,16.684076259731537
20400.0,177,1018,20.0,19.207023857045712
20400.0,143,41,20.0,17.309824555997622
20400.0,126,746,20.0,25.466332718931394
20400.0,241,222,20.0,15.873720361034177
20400.0,206,837,20.0,18.533170274617
20400.0,277,86,20.0,14.75833562255533
20400.0,298,973,20.0,16.317088005150456
20700.0,42,1014,20.0,24.38963648310901
20700.0,42,175,20.0,17.506691569907897
20700.0,42,130,20.0,19.691423648981427
20700.0,49,1015,20.0,21.26135280722197
20700.0,49,176,20.0,20.251875769418426
20700.0,34,969,20.0,21.90741134881635
20700.0,34,85,20.0,22.280005880397198
20700.0,31,924,20.0,20.56765781084711
20700.0,7,833,20.0,23.27854675494459
20700.0,7,1806,20.0,25.381334681984388
20700.0,7,1761,20.0,28.962357212806655
20700.0,15,878,20.0,23.051589129386908
20700.0,15,1807,20.0,27.970024972135093
20700.0,15,834,20.0,20.429984135096213
20700.0,15,39,20.0,22.78009980763097
20700.0,18,879,20.0,19.506347800225427
20700.0,21,40,20.0,24.86588678535404
20700.0,62,1105,20.0,26.653150399450865
20700.0,62,266,20.0,22.23935481084507
20700.0,62,221,20.0,19.821059419665183
20700.0,53,1060,20.0,23.971580075061482
20700.0,0,788,20.0,25.366444465945282
20700.0,101,970,20.0,19.324896682466097
20700.0,118,220,20.0,16.803627112609835
20700.0,89,84,20.0,19.999623401575295
20700.0,160,925,20.0,17.810316093592014
20700.0,131,789,20.0,22.495217890581742
20700.0,222,129,20.0,17.18342788244857
20700.0,189,1760,20.0,27.504062618749685
20700.0,248,265,20.0,19.318947661619756
20700.0,248,1061,20.0,22.467199340932083
20700.0,258,1805,20.0,24.107543188731345
20700.0,277,880,20.0,16.70016318677221
20700.0,252,744,20.0,24.797059358908275
21000.0,42,1012,20.0,27.479085660960614
21000.0,42,128,20.0,27.140797979833305
21000.0,42,173,20.0,24.372249272767526
21000.0,49,1103,20.0,30.43873898385587
21000.0,34,967,20.0,24.926235023883457
21000.0,34,83,20.0,30.475095745962243
21000.0,31,922,20.0,23.71933964935682
21000.0,7,831,20.0,27.36271295542196
21000.0,7,1804,20.0,33.314815807750215
21000.0,7,1759,20.0,36.68891997277294
21000.0,15,876,20.0,27.068282008758707
21000.0,15,37,20.0,29.941767958979515
21000.0,21,921,20.0,27.454784073550403
21000.0,28,82,20.0,26.678671536584524
21000.0,62,1149,20.0,29.88227193086441
21000.0,62,263,20.0,21.506636124541757
21000.0,62,264,20.0,25.16758906423289
21000.0,61,219,20.0,25.549913447838264
21000.0,5,786,20.0,29.573806298389446
21000.0,53,218,20.0,21.47621531707732
21000.0,55,1058,20.0,26.848626631890784
21000.0,0,1758,20.0,34.09506776900126
21000.0,58,1148,20.0,34.02208887513703
21000.0,70,1803,20.0,30.929919352883935
21000.0,86,877,20.0,23.885182301144855
21000.0,112,1013,20.0,24.333136031303543
21000.0,96,127,20.0,23.531533150458902
21000.0,139,832,20.0,24.28970648210742
21000.0,229,172,20.0,20.64262518878186
21000.0,229,968,20.0,21.67840806687082
21000.0,202,36,20.0,27.566947666952643
21000.0,258,787,20.0,25.83075739566438
21000.0,300,217,20.0,18.259042967849698
21000.0,375,1059,20.0,23.436752448841702
21300.0,42,1056,20.0,20.46764100466072
21300.0,42,170,20.0,19.195941074238945
21300.0,42,126,20.0,24.53393843581116
21300.0,49,1101,20.0,23.208775214050647
21300.0,49,171,20.0,22.54369881735015
21300.0,34,125,20.0,20.40231954542007
21300.0,34,1010,20.0,22.095374016846684
21300.0,34,1011,20.0,19.305631228332313
21300.0,31,80,20.0,22.4212441528508
21300.0,7,1801,20.0,26.415912652782925
21300.0,7,829,20.0,20.960601949428874
21300.0,7,828,20.0,24.7290431953711
21300.0,15,874,20.0,20.5688971018118
21300.0,15,1802,20.0,28.061978264946497
21300.0,15,35,20.0,25.265952154105385
21300.0,21,965,20.0,21.171248678992477
21300.0,62,261,20.0,23.342467026342824
21300.0,62,1146,20.0,26.69642051854573
21300.0,53,216,20.0,21.912487117988018
21300.0,40,1055,20.0,23.89501347308367
21300.0,0,1756,20.0,29.583536819027273
21300.0,0,783,20.0,27.064196042046
21300.0,67,784,20.0,23.59827428287178
21300.0,92,920,20.0,18.3325476054862
21300.0,75,34,20.0,23.946933624966075
21300.0,124,1147,20.0,25.95054301540671
21300.0,184,1102,20.0,22.462619186926474
21300.0,177,215,20.0,18.84535012415548
21300.0,213,79,20.0,21.138236486286008
21300.0,213,875,20.0,18.053201697233312
21300.0,309,260,20.0,20.072280357151673
21300.0,280,124,20.0,19.61349106897856
21300.0,300,1057,20.0,19.11411772690468
21300.0,328,830,20.0,18.017328804692077
21600.0,42,168,20.0,21.7321239183956
21600.0,42,1053,20.0,25.393791957058472
21600.0,49,213,20.0,21.911410920097463
21600.0,49,1098,20.0,28.15623639692926
21600.0,49,1099,20.0,25.73960849084799
21600.0,49,169,20.0,25.950341535902634
21600.0,34,123,20.0,22.64491830704428
21600.0,34,1008,20.0,23.6038804623161
21600.0,31,78,20.0,24.146325675471143
21600.0,7,1799,20.0,24.3123441777798
21600.0,7,872,20.0,25.7207601590322
21600.0,45,1054,20.0,23.22264608151343
21600.0,15,32,20.0,22.31759726384375
21600.0,15,917,20.0,26.142347659899325
21600.0,15,918,20.0,22.710472399491465
21600.0,18,33,20.0,26.384263953068835
21600.0,21,77,20.0,20.62549831176068
21600.0,21,962,20.0,26.81885114879371
21600.0,21,963,20.0,23.173234370905448
21600.0,62,259,20.0,25.810685972712758
21600.0,62,1144,20.0,28.642098865399177
21600.0,53,214,20.0,25.463064338073057
21600.0,0,1754,20.0,27.757212654024613
21600.0,0,827,20.0,26.502022691471915
21600.0,121,258,20.0,22.779931607520314
21600.0,74,873,20.0,22.57055939534558
21600.0,162,1009,20.0,21.668151911505444
21600.0,128,1798,20.0,23.902638896085318
21600.0,155,122,20.0,19.521653456632468
21600.0,193,782,20.0,23.22293066919125
21600.0,263,31,20.0,21.69770433281929
21600.0,284,964,20.0,20.613755970881435
21600.0,309,1100,20.0,23.826340183534626
21600.0,314,1145,20.0,27.11032102637202
21900.0,42,1051,20.0,26.994543063375623
21900.0,42,166,20.0,26.827761137860666
21900.0,49,1096,20.0,29.674125586234595
21900.0,49,211,20.0,26.368440195815758
21900.0,34,1006,20.0,25.3495495076083
21900.0,34,121,20.0,27.927124024809835
21900.0,31,120,20.0,24.943389538921938
21900.0,31,1005,20.0,29.467379994371782
21900.0,7,870,20.0,26.542785303870993
21900.0,7,1797,20.0,32.349076464716745
21900.0,15,30,20.0,28.853936497321655
21900.0,15,915,20.0,26.881091727426107
21900.0,18,960,20.0,28.193604656461073
21900.0,21,75,20.0,26.962568449341575
21900.0,28,76,20.0,30.362773146299165
21900.0,62,1142,20.0,29.015555578612908
21900.0,62,257,20.0,29.40003834524921
21900.0,61,256,20.0,26.469987222441112
21900.0,5,1796,20.0,29.716768788782556
21900.0,53,1141,20.0,32.9128006863049
21900.0,27,961,20.0,24.75479667929833
21900.0,0,1752,20.0,36.00728397697525
21900.0,0,825,20.0,27.23200259066421
21900.0,0,869,20.0,30.680070698521757
21900.0,101,165,20.0,24.31512580588679
21900.0,118,1097,20.0,26.525508335176397
21900.0,63,1751,20.0,33.04148700453617
21900.0,143,916,20.0,23.741266224731653
21900.0,138,29,20.0,26.319739560400517
21900.0,172,1052,20.0,23.985460888692977
21900.0,236,210,20.0,23.76459462569669
21900.0,251,301,20.0,27.650155771102398
21900.0,263,871,20.0,23.222434044953253
21900.0,290,1007,20.0,22.126397355232854
22200.0,42,1049,20.0,24.942886491390624
22200.0,42,164,20.0,28.59923908366536
22200.0,42,163,20.0,25.588852725563815
22200.0,49,1094,20.0,27.286810411434434
22200.0,49,209,20.0,27.000673314897632
22200.0,34,118,20.0,26.700924660553905
22200.0,34,1048,20.0,28.82218046556267
22200.0,31,1003,20.0,26.41650952282964
22200.0,7,1794,20.0,31.70722645998267
22200.0,7,912,20.0,28.965918656554635
22200.0,7,868,20.0,25.768897252808387
22200.0,15,913,20.0,24.944061590804484
22200.0,15,28,20.0,31.46772425208461
22200.0,18,958,20.0,25.5714823988162
22200.0,21,73,20.0,28.869490243420422
22200.0,8,1795,20.0,35.09178989350776
22200.0,9,27,20.0,28.69048726670756
22200.0,62,254,20.0,26.007297174592086
22200.0,62,1184,20.0,33.57965490543469
22200.0,61,1139,20.0,30.549994567907895
22200.0,5,867,20.0,29.313904451231355
22200.0,0,1749,20.0,35.02770407737778
22200.0,109,208,20.0,24.104352643882862
22200.0,83,72,20.0,26.05673649610873
22200.0,99,1004,20.0,23.192708822642807
22200.0,124,1140,20.0,28.668897444837643
22200.0,181,253,20.0,23.35192108245652
22200.0,127,823,20.0,27.31415151273974
22200.0,245,1095,20.0,26.024932241749898
22200.0,218,959,20.0,22.046226021350634
22200.0,217,117,20.0,24.0185542744994
22200.0,314,298,20.0,23.73144772147792
22200.0,253,1839,20.0,29.946204558059375
22200.0,271,914,20.0,21.709238936469426
22500.0,42,161,20.0,22.277064812426147
22500.0,42,1091,20.0,26.910024264629982
22500.0,49,206,20.0,21.34744105047362
22500.0,49,1092,20.0,23.840772817028427
22500.0,34,116,20.0,24.11042924788429
22500.0,34,1046,20.0,25.8731807663503
22500.0,34,1001,20.0,25.101641049107066
22500.0,7,1838,20.0,30.880175886138158
22500.0,7,910,20.0,27.553806014738964
22500.0,15,25,20.0,27.67143978546181
22500.0,15,955,20.0,28.032113497903037
22500.0,18,70,20.0,25.129885130457385
22500.0,21,956,20.0,24.276058856765633
22500.0,28,71,20.0,27.26642768651618
22500.0,62,252,20.0,24.61304332971417
22500.0,62,1182,20.0,30.389287113727356
22500.0,6,865,20.0,27.56089632556683
22500.0,61,1137,20.0,27.238281318832712
22500.0,53,207,20.0,25.260931377445484
22500.0,53,1136,20.0,30.3671878036453
22500.0,53,251,20.0,21.31960328014239
22500.0,0,1793,20.0,34.51095700148505
22500.0,106,1047,20.0,23.04854986286299
22500.0,90,115,20.0,22.538568730159554
22500.0,80,911,20.0,24.180833370976636
22500.0,64,1837,20.0,30.533764912015183
22500.0,162,160,20.0,20.949207454665398
22500.0,187,296,20.0,22.85871287725056
22500.0,224,1002,20.0,22.04290921427906
22500.0,197,866,20.0,23.92745297406532
22500.0,197,24,20.0,27.177749622058926
22500.0,314,1138,20.0,25.906450235473415
22500.0,296,205,20.0,19.922365942468065
22500.0,253,821,20.0,24.86250066759214
22800.0,42,159,20.0,29.72124944964292
22800.0,42,1089,20.0,33.36006691422081
22800.0,42,1044,20.0,30.340023321583637
22800.0,49,204,20.0,27.73894228786053
22800.0,34,114,20.0,31.878357269280993
22800.0,34,1043,20.0,33.391031114904884
22800.0,34,158,20.0,26.478205778359378
22800.0,31,113,20.0,28.11433262181966
22800.0,31,999,20.0,27.13882969772349
22800.0,7,1836,20.0,36.27472572920081
22800.0,7,908,20.0,28.116299327922846
22800.0,15,23,20.0,32.86891778346942
22800.0,15,953,20.0,28.732833338261003
22800.0,18,68,20.0,30.431198829112898
22800.0,28,998,20.0,30.07904937123582
22800.0,8,22,20.0,30.314452224077016
22800.0,62,294,20.0,28.356594898960616
22800.0,62,1179,20.0,39.76036916341989
22800.0,62,1180,20.0,37.470713690572566
22800.0,6,863,20.0,28.510314543137966
22800.0,61,250,20.0,31.679328924052033
22800.0,53,1134,20.0,36.155559175470145
22800.0,53,249,20.0,27.696610191674523
22800.0,0,1835,20.0,33.070321729179746
22800.0,0,862,20.0,31.985965982756387
22800.0,57,1135,20.0,34.24838400593324
22800.0,86,954,20.0,25.986764521537054
22800.0,177,1090,20.0,30.976057243365133
22800.0,143,67,20.0,27.79497777372191
22800.0,170,203,20.0,24.578984397983906
22800.0,205,909,20.0,25.156431963151825
22800.0,239,248,20.0,24.389681288837018
22800.0,277,112,20.0,25.32448818542516
22800.0,296,1045,20.0,27.811256770258222
23100.0,42,1086,20.0,23.761234571751356
23100.0,42,201,20.0,19.458281761201597
23100.0,49,202,20.0,21.657572139274844
23100.0,49,1087,20.0,20.702879235034413
23100.0,34,1041,20.0,21.789564487659923
23100.0,34,156,20.0,21.46041418633667
23100.0,31,111,20.0,23.53116426671164
23100.0,31,996,20.0,21.326762320043965
23100.0,7,905,20.0,25.109812536240057
23100.0,7,20,20.0,26.3034214694886
23100.0,15,21,20.0,29.051316558626645
23100.0,15,65,20.0,23.757396659385574
23100.0,15,950,20.0,24.40122390045999
23100.0,15,951,19.077014566788293,20.82888000813871
23100.0,18,951,0.9229854332117071,20.33140023748434
23100.0,18,66,20.0,26.226928948316914
23100.0,38,1042,20.0,19.30445608461803
23100.0,9,906,20.0,21.957731855293865
23100.0,62,1177,20.0,25.38105456232863
23100.0,62,292,20.0,21.138237713723182
23100.0,6,1833,20.0,30.12635408665089
23100.0,53,1132,20.0,22.540992979120908
23100.0,53,247,20.0,20.782575362764113
23100.0,0,860,20.0,26.29856249993025
23100.0,67,861,20.0,23.3079031223537
23100.0,114,246,20.0,18.45976283458097
23100.0,152,110,20.0,21.51791763213571
23100.0,156,997,20.0,18.26035988627503
23100.0,246,1133,20.0,21.780871736107116
23100.0,246,291,20.0,19.15395872743668
23100.0,221,155,20.0,19.373312578629086
23100.0,258,19,20.0,24.98143328058702
23100.0,277,952,20.0,17.65257002700567
23100.0,304,1088,20.0,19.618707995908963
23400.0,42,1084,20.0,25.784342638448592
23400.0,42,199,20.0,24.74557248716354
23400.0,49,1129,20.0,29.43254847273121
23400.0,49,244,20.0,25.206297360893227
23400.0,34,1039,20.0,23.029391778145513
23400.0,34,154,20.0,24.704260583493195
23400.0,31,109,20.0,24.995785563400325
23400.0,31,994,20.0,20.93273762823201
23400.0,7,903,20.0,18.968941998193323
23400.0,7,18,20.0,24.19860560477455
23400.0,15,948,20.0,20.09281128679004
23400.0,15,63,20.0,22.270256616293008
23400.0,21,993,20.0,23.1740075499849
23400.0,21,949,20.0,18.251807853687396
23400.0,28,108,20.0,21.70817466683206
23400.0,62,1175,20.0,31.24059503188483
23400.0,62,290,20.0,29.031516466431718
23400.0,6,1831,20.0,27.33579705424966
23400.0,53,1130,20.0,28.25245766418185
23400.0,55,245,20.0,28.831061210435934
23400.0,0,858,20.0,19.45963578270752
23400.0,60,289,20.0,25.6715007015001
23400.0,109,1085,20.0,25.024646937667956
23400.0,96,153,20.0,21.205826674337565
23400.0,63,1830,20.0,25.068215251568514
23400.0,131,17,20.0,22.199023546451173
23400.0,138,904,20.0,17.13773196092614
23400.0,227,198,20.0,21.382086335580876
23400.0,227,1040,20.0,22.281197338968813
23400.0,202,62,20.0,20.503089305406185
23400.0,258,859,20.0,17.44937084373588
23400.0,365,243,20.0,21.645639939889385
23400.0,375,1131,20.0,27.514374149003892
23400.0,335,107,20.0,19.436324709303207
23700.0,42,1082,20.0,25.160956569537973
23700.0,42,197,20.0,25.632644079740956
23700.0,49,1127,20.0,27.867479648238007
23700.0,49,242,20.0,26.364093074137504
23700.0,34,151,20.0,21.785957443884797
23700.0,34,1037,20.0,23.103294111529465
23700.0,34,1036,20.0,26.34800273634734
23700.0,7,901,20.0,22.669250655549064
23700.0,7,15,20.0,25.136778525158952
23700.0,15,946,20.0,22.129630150919095
23700.0,15,61,20.0,25.47108293931518
23700.0,21,991,20.0,23.78345510519665
23700.0,28,106,20.0,22.656905307472563
23700.0,38,152,20.0,24.98869592635469
23700.0,8,16,20.0,28.303378775959487
23700.0,62,287,20.0,26.89169148609017
23700.0,62,1173,20.0,30.32054964590353
23700.0,62,1172,20.0,31.200895369021907
23700.0,6,900,20.0,26.683706579614263
23700.0,41,196,20.0,22.694058166308245
23700.0,0,1828,20.0,27.908607867956093
23700.0,0,856,20.0,23.321473608933715
23700.0,74,60,20.0,22.68644812066076
23700.0,90,992,20.0,21.136615991769546
23700.0,184,1128,20.0,27.645698571238043
23700.0,175,241,20.0,23.362318713214602
23700.0,238,1083,20.0,24.977061268622897
23700.0,207,105,20.0,20.037707381068653
23700.0,211,947,20.0,19.605935984441967
23700.0,309,286,20.0,24.245659618396765
23700.0,280,150,20.0,19.141958840040914
23700.0,355,1038,20.0,22.53575369829607
23700.0,328,902,20.0,19.782601303643332
23700.0,317,14,20.0,25.174673297634456
24000.0,42,194,20.0,25.93076103359609
24000.0,42,1079,20.0,30.56744245433666
24000.0,42,1080,20.0,27.675661302544363
24000.0,49,1125,20.0,30.571765130384524
24000.0,49,239,20.0,25.8642621682404
24000.0,34,149,20.0,26.98213921929006
24000.0,34,1034,20.0,27.79758512934845
24000.0,7,13,20.0,31.918592021033465
24000.0,7,898,20.0,28.056658510015627
24000.0,45,1124,20.0,33.8431292125469
24000.0,45,195,20.0,30.067733317977563
24000.0,15,58,20.0,28.919029009316443
24000.0,15,944,20.0,24.403984571958897
24000.0,15,943,20.0,28.282994766402794
24000.0,18,59,20.0,32.14755903504078
24000.0,21,989,20.0,26.000155603840575
24000.0,21,103,20.0,26.638028839594607
24000.0,28,104,20.0,29.241393312777696
24000.0,62,285,20.0,29.05617333773111
24000.0,62,1170,20.0,33.774803587063026
24000.0,53,240,20.0,29.24694362929135
24000.0,0,1826,20.0,35.272824853781344
24000.0,0,853,20.0,28.927213135749344
24000.0,19,988,20.0,29.956719202404454
24000.0,70,899,20.0,24.72396402524824
24000.0,119,284,20.0,26.08273727907426
24000.0,162,1035,20.0,24.988564150672826
24000.0,155,148,20.0,24.533107010252127
24000.0,189,12,20.0,29.36601304579051
24000.0,189,854,20.0,25.389033053060714
24000.0,218,990,20.0,23.24575277275705
24000.0,250,1171,20.0,31.5941632325626
24000.0,309,1126,20.0,28.30175544219876
24000.0,314,329,20.0,26.85805296761288
24300.0,42,192,20.0,23.886513646654745
24300.0,42,1077,20.0,25.93187590565888
24300.0,49,237,20.0,22.05349535882298
24300.0,49,1122,20.0,27.1235117100635
24300.0,34,147,20.0,26.64242478607174
24300.0,34,1032,20.0,25.661957722461906
24300.0,31,146,20.0,24.513403353581385
24300.0,7,11,20.0,33.72267399708382
24300.0,7,896,20.0,30.849811362858343
24300.0,15,56,20.0,30.35774364767222
24300.0,15,941,20.0,30.050842186734013
24300.0,18,986,20.0,29.213295789533312
24300.0,21,101,20.0,27.330512035611527
24300.0,28,1031,20.0,29.567702116318664
24300.0,28,102,20.0,30.212017333138476
24300.0,23,987,20.0,25.93781266192229
24300.0,62,283,20.0,25.24366520480548
24300.0,62,1168,20.0,27.607728621627867
24300.0,53,1167,20.0,30.67620303647176
24300.0,55,282,20.0,21.773309023727794
24300.0,0,1824,20.0,37.34494179021582
24300.0,0,851,20.0,32.022440468892434
24300.0,0,895,20.0,34.896636230718165
24300.0,3,10,20.0,32.93284792515785
24300.0,118,1123,20.0,24.561200464061308
24300.0,100,191,20.0,22.120863280017723
24300.0,143,942,20.0,26.60475981297104
24300.0,170,1078,20.0,22.749889508059134
24300.0,134,55,20.0,29.699987044555265
24300.0,188,327,20.0,22.38813090740481
24300.0,235,236,20.0,20.221065111022284
24300.0,199,897,20.0,27.610661684443983
24300.0,289,1033,20.0,22.31812191260442
24300.0,269,100,20.0,26.37850540556661
24600.0,42,190,20.0,23.499495545701098
24600.0,42,1075,20.0,24.813635250259363
24600.0,49,1120,20.0,27.287445888989083
24600.0,49,235,20.0,24.91796296984406
24600.0,34,1074,20.0,27.936561595798842
24600.0,34,144,20.0,20.44774801080233
24600.0,31,1029,20.0,25.156104983894554
24600.0,7,938,20.0,25.952548005436995
24600.0,7,894,20.0,21.521295944845924
24600.0,7,9,20.0,30.38280662909778
24600.0,7,8,14.578901270275665,27.93870829895676
24600.0,15,54,20.0,26.662077253050246
24600.0,15,939,20.0,22.085675876290495
24600.0,18,984,20.0,22.88556180577761
24600.0,21,99,20.0,23.33381385569291
24600.0,38,189,20.0,20.426364157471326
24600.0,8,53,20.0,24.62174887478085
24600.0,62,1210,20.0,33.711058011354254
24600.0,62,280,20.0,26.979545286814684
24600.0,62,325,20.0,29.202711078938627
24600.0,6,8,5.421098729724335,27.719776116277174
24600.0,53,1165,20.0,30.258072583349445
24600.0,0,893,20.0,24.70459258424472
24600.0,0,1821,20.0,31.305593478773513
24600.0,109,234,20.0,22.263704237707863
24600.0,80,98,20.0,21.402067820013485
24600.0,96,1030,20.0,22.174528611146375
24600.0,124,1166,20.0,28.730788371894015
24600.0,152,985,20.0,20.269897433374226
24600.0,126,849,20.0,22.024842738940755
24600.0,241,279,20.0,23.849441702328164
24600.0,241,1121,20.0,25.922952001337208
24600.0,213,143,20.0,18.164069173414642
24600.0,312,324,20.0,26.205352595434444
24900.0,42,1117,20.0,29.481707092859864
24900.0,42,187,20.0,23.71651938025815
24900.0,49,1118,20.0,27.07752239722398
24900.0,49,232,20.0,23.842429749571586
24900.0,49,233,20.0,27.6532556379476
24900.0,34,1072,20.0,26.021134942641826
24900.0,34,142,20.0,24.648430903941417
24900.0,31,1027,20.0,23.32795620409667
24900.0,7,936,20.0,22.44585902710521
24900.0,7,6,20.0,27.30452673531465
24900.0,7,51,20.0,24.497493468827386
24900.0,15,981,20.0,24.495343078503154
24900.0,18,96,20.0,22.023789588771034
24900.0,18,982,20.0,21.07320076359561
24900.0,21,97,20.0,25.914721662263325
24900.0,62,1208,20.0,33.502702194038974
24900.0,62,278,20.0,29.192794200750058
24900.0,62,323,20.0,31.551114782299635
24900.0,5,891,20.0,22.3558825302019
24900.0,53,1163,20.0,30.474476160534046
24900.0,53,277,20.0,25.67039921834389
24900.0,0,1819,20.0,30.974505649445128
24900.0,50,1162,20.0,33.185547828103296
24900.0,90,141,20.0,21.190537493316615
24900.0,103,1073,20.0,24.00654153209597
24900.0,75,937,20.0,19.186396862314833
24900.0,127,5,20.0,24.40092623199556
24900.0,187,322,20.0,27.83051263672776
24900.0,133,892,20.0,18.89021213802527
24900.0,224,186,20.0,20.18352793408912
24900.0,224,1028,20.0,21.240198328116524
24900.0,197,50,20.0,21.453162801979296
24900.0,314,1164,20.0,28.495196259878586
24900.0,294,231,20.0,20.391009207285883
25200.0,42,1115,20.0,27.63171286473667
25200.0,42,185,20.0,26.60812846287317
25200.0,49,230,20.0,25.995099381734725
25200.0,49,1160,20.0,30.541791454525082
25200.0,34,1070,20.0,25.742190771270856
25200.0,34,184,20.0,23.806648567004547
25200.0,34,140,20.0,27.78324872194628
25200.0,31,1025,20.0,24.010825662956574
25200.0,31,1069,20.0,29.03466267361195
25200.0,7,934,20.0,25.116119807888598
25200.0,7,4,20.0,31.813817071685015
25200.0,15,979,20.0,25.269816074630874
25200.0,15,49,20.0,28.935818167680047
25200.0,18,94,20.0,25.984623122542054
25200.0,21,1024,20.0,27.207625248310087
25200.0,28,139,20.0,24.36410316008402
25200.0,62,1206,20.0,31.909974960576836
25200.0,62,366,20.0,26.602759705092613
25200.0,62,1205,20.0,34.07617366301207
25200.0,61,276,20.0,29.799585607657264
25200.0,5,889,20.0,25.414794716338093
25200.0,53,321,20.0,25.65308786889558
25200.0,0,3,20.0,29.679228774842343
25200.0,0,888,20.0,29.10907968255123
25200.0,57,1161,20.0,28.7569886676935
25200.0,70,48,20.0,27.147556469015957
25200.0,86,980,20.0,22.699498201318423
25200.0,177,1116,20.0,26.082305535677513
25200.0,170,275,20.0,23.46603142109109
25200.0,140,93,20.0,24.690819273318127
25200.0,205,935,20.0,22.416570493031816
25200.0,275,138,20.0,22.909831451568028
25200.0,296,1071,20.0,24.00380167309834
25200.0,300,320,20.0,22.95880840745436
25500.0,42,273,20.0,22.863827177918857
25500.0,42,1112,20.0,30.832831863862527
25500.0,42,1113,20.0,27.788882520498866
25500.0,49,274,20.0,26.347054896313924
25500.0,49,1158,20.0,30.996715064090374
25500.0,34,228,20.0,24.120584315346054
25500.0,34,1067,20.0,27.23184296636945
25500.0,31,183,20.0,26.901970714498123
25500.0,7,46,20.0,28.412336868549623
25500.0,7,931,20.0,27.564642399555623
25500.0,15,977,20.0,24.011545863733595
25500.0,15,137,20.0,26.099738696921683
25500.0,15,47,20.0,32.48405722037726
25500.0,18,92,20.0,29.506028147645594
25500.0,21,1022,20.0,25.268787110406954
25500.0,38,1068,20.0,24.59194703853416
25500.0,8,932,20.0,24.21611501805029
25500.0,62,364,20.0,26.419505137026064
25500.0,62,1203,20.0,33.93871648052022
25500.0,41,229,20.0,28.258879363465525
25500.0,53,319,20.0,26.073566409567846
25500.0,12,976,20.0,27.906851255737873
25500.0,0,1,20.0,31.51256031765458
25500.0,0,886,20.0,27.990896375417652
25500.0,67,887,20.0,24.83202450657938
25500.0,114,318,20.0,22.84319965508566
25500.0,184,1159,20.0,28.08778383558674
25500.0,148,182,20.0,23.430812134930743
25500.0,155,1023,20.0,22.178169292877705
25500.0,188,1204,20.0,31.336649684718132
25500.0,246,363,20.0,23.289916300816326
25500.0,277,978,20.0,21.178413139603073
25500.0,284,227,20.0,20.871398037191426
25500.0,255,91,20.0,26.350689882265105
25800.0,42,1110,20.0,24.40961858438538
25800.0,42,271,20.0,22.27085009713838
25800.0,49,1155,20.0,28.030515995617904
25800.0,49,316,20.0,23.612839974588812
25800.0,34,1065,20.0,21.59813232649943
25800.0,34,226,20.0,22.166718074914186
25800.0,31,181,20.0,22.85589449485739
25800.0,7,929,20.0,20.71579006750509
25800.0,7,90,20.0,23.519804131556928
25800.0,15,135,20.0,20.796613507759922
25800.0,15,974,20.0,21.78936171059742
25800.0,18,975,20.0,18.568548283275785
25800.0,21,1019,20.0,23.58423742363273
25800.0,21,180,20.0,19.99715899127911
25800.0,21,136,20.0,24.36231939456722
25800.0,28,1020,20.0,19.805441374323454
25800.0,62,1201,20.0,29.864308313309206
25800.0,62,362,20.0,28.594269627390045
25800.0,5,45,20.0,27.46139068312232
25800.0,53,1156,20.0,26.740971687809406
25800.0,53,317,20.0,27.497403256628612
25800.0,0,884,20.0,21.406239457710804
25800.0,109,1111,20.0,23.552521903720443
25800.0,121,361,20.0,25.251450023239475
25800.0,93,225,20.0,19.576920638704262
25800.0,131,89,20.0,22.708904795259045
25800.0,138,930,20.0,17.616342501353916
25800.0,126,44,20.0,26.16470858135357
25800.0,227,1066,20.0,20.791057388401555
25800.0,227,270,20.0,19.65997092932062
25800.0,258,885,20.0,18.21872127573639
25800.0,263,134,20.0,19.253132120358597
25800.0,284,1021,20.0,18.87907599524126
25800.0,375,1157,20.0,26.752108043679115
26100.0,42,1108,20.0,26.064810333062045
26100.0,42,269,20.0,25.36970067279202
26100.0,49,1153,20.0,28.693081260238927
26100.0,49,314,20.0,25.300422962405236
26100.0,34,1063,20.0,24.60376371281168
26100.0,34,223,20.0,23.414720480506467
26100.0,34,224,20.0,26.07428222259565
26100.0,31,1062,20.0,27.7247253370716
26100.0,7,927,20.0,24.039717037878937
26100.0,7,88,20.0,31.141879545359586
26100.0,7,87,20.0,28.82792462043595
26100.0,15,972,20.0,24.42477489813864
26100.0,15,133,20.0,28.138315275204377
26100.0,18,1017,20.0,26.421623633369016
26100.0,21,178,20.0,25.747679621057298
26100.0,62,359,20.0,25.47684197273039
26100.0,62,1199,20.0,29.371164207418975
26100.0,62,360,20.0,29.410229035850616
26100.0,55,1198,20.0,31.723606914605572
26100.0,0,42,20.0,31.9709109054804
26100.0,0,926,20.0,28.03406456733289
26100.0,0,882,20.0,25.108991923193294
26100.0,2,43,20.0,34.70036666041809
26100.0,101,268,20.0,23.14863040301136
26100.0,118,1154,20.0,26.877465755094054
26100.0,74,132,20.0,26.121432015765436
26100.0,90,1018,20.0,23.308036031739125
26100.0,174,313,20.0,23.231467073309933
26100.0,236,1109,20.0,24.150861037863663
26100.0,207,973,20.0,21.886875776493923
26100.0,207,177,20.0,23.43220439594321
26100.0,263,928,20.0,21.464346771321342
26100.0,308,358,20.0,23.300325752656413
26100.0,355,1064,20.0,22.348338504830345
26400.0,42,266,20.0,22.167062886724878
26400.0,42,1106,20.0,22.469197142424868
26400.0,49,1151,20.0,24.86144872306505
26400.0,49,311,20.0,20.410291253991577
26400.0,49,312,20.0,23.480978164432823
26400.0,34,221,20.0,24.620271948664293
26400.0,34,1060,20.0,24.60196477596796
26400.0,34,1105,20.0,26.26581618655075
26400.0,7,85,20.0,31.017720698567715
26400.0,7,969,20.0,27.65267282893732
26400.0,7,924,20.0,28.608341929297758
26400.0,45,267,20.0,25.45986445759875
26400.0,45,1150,20.0,28.909621758205397
26400.0,15,970,20.0,23.714891605874158
26400.0,15,130,20.0,27.971277826651388
26400.0,15,131,20.0,30.617492522528835
26400.0,21,1015,20.0,23.05165148531802
26400.0,21,176,20.0,27.932015881366553
26400.0,20,175,20.0,25.478956733145594
26400.0,62,357,20.0,22.2793959279608
26400.0,62,1287,20.0,31.248078638355885
26400.0,62,1196,20.0,28.04448932769224
26400.0,0,40,20.0,34.47086982963803
26400.0,70,925,20.0,24.83939636815741
26400.0,98,1061,20.0,21.12416027604298
26400.0,181,356,20.0,19.60326594363748
26400.0,187,1197,20.0,24.998725103873326
26400.0,155,220,20.0,22.78294848324024
26400.0,189,880,20.0,26.646632830440222
26400.0,189,84,20.0,29.13018359305029
26400.0,218,1016,20.0,19.899199575881617
26400.0,251,401,20.0,19.94913469990646
26400.0,309,1152,20.0,22.197256824307416
26400.0,289,265,20.0,20.116671411170458
26700.0,42,264,20.0,23.251303330220544
26700.0,42,1149,20.0,23.6997913647518
26700.0,42,1194,20.0,26.621300312868367
26700.0,49,309,20.0,23.38319393109129
26700.0,34,219,20.0,23.871886128589658
26700.0,34,1058,20.0,21.5402930545322
26700.0,7,83,20.0,27.028851908231665
26700.0,7,922,20.0,21.89888602359775
26700.0,7,967,20.0,21.403376353972405
26700.0,15,128,20.0,24.177947792546917
26700.0,15,1012,20.0,22.835168673078286
26700.0,18,173,20.0,22.36364381463413
26700.0,21,1013,20.0,19.879364549368923
26700.0,28,218,20.0,21.175180746828914
26700.0,28,174,20.0,25.61750122010154
26700.0,28,1103,20.0,24.834653606628233
26700.0,62,355,20.0,28.442940026005544
26700.0,62,1285,20.0,31.620590498776775
26700.0,62,1240,20.0,28.314176592470734
26700.0,53,1239,20.0,29.77065664901585
26700.0,53,354,20.0,25.142567834487583
26700.0,0,38,20.0,30.822126833406312
26700.0,50,1195,20.0,25.01686114249038
26700.0,1,82,20.0,25.415243592763197
26700.0,79,968,20.0,18.49573562851458
26700.0,125,399,20.0,26.29121732505339
26700.0,63,877,20.0,24.483104543677573
26700.0,162,263,20.0,20.642942536235022
26700.0,170,1104,20.0,22.22967645226346
26700.0,134,127,20.0,22.556439744334064
26700.0,197,923,20.0,19.014035532858642
26700.0,233,308,20.0,20.93608988240749
26700.0,266,172,20.0,20.40898369746229
26700.0,289,1059,20.0,20.03891605797797
27000.0,42,262,20.0,28.53977531432323
27000.0,42,1147,20.0,28.998262872632097
27000.0,49,307,20.0,27.933670413597113
27000.0,49,1192,20.0,31.891937587395088
27000.0,34,1146,20.0,32.57347833969902
27000.0,34,261,20.0,25.217956569771633
27000.0,31,216,20.0,26.22771238345107
27000.0,31,1102,20.0,26.64223570463713
27000.0,31,1101,20.0,30.302721961769443
27000.0,7,81,20.0,34.30437686742964
27000.0,7,1010,20.0,30.532171673529497
27000.0,7,125,20.0,28.457324459427145
27000.0,15,126,20.0,31.043548939010314
27000.0,15,1011,20.0,26.821362888952752
27000.0,15,1056,20.0,28.30013211957762
27000.0,18,171,20.0,28.783195088577056
27000.0,62,1282,20.0,38.475506387730775
27000.0,62,397,20.0,29.217125710619932
27000.0,6,920,20.0,25.783510468170775
27000.0,61,352,20.0,28.478633948247513
27000.0,5,80,20.0,31.199838612097277
27000.0,53,1237,20.0,35.01082758314461
27000.0,0,965,20.0,29.037887530833697
27000.0,109,306,20.0,24.90635777288377
27000.0,121,1238,20.0,33.02661715643973
27000.0,152,1057,20.0,24.70725146958643
27000.0,143,170,20.0,25.69325585995765
27000.0,241,1193,20.0,29.702292766958763
27000.0,241,351,20.0,24.708731542533638
27000.0,189,875,20.0,25.679231361300992
27000.0,213,215,20.0,23.65385583960312
27000.0,269,966,20.0,23.219713279332414
27000.0,375,396,20.0,25.621462934254815
27000.0,362,1148,20.0,26.67520314348482
27300.0,42,1189,20.0,33.09368457807599
27300.0,42,304,20.0,26.097297242903466
27300.0,42,259,20.0,26.516059840562164
27300.0,49,1190,20.0,30.780489201703485
27300.0,49,305,20.0,29.655877725488835
27300.0,34,1144,20.0,29.65271064695296
27300.0,34,214,20.0,26.705717569347634
27300.0,31,1099,20.0,26.842435404976744
27300.0,7,1008,20.0,26.139604110747428
27300.0,7,123,20.0,27.509609373471648
27300.0,7,78,20.0,31.0101821275849
27300.0,15,1053,20.0,28.432279105245613
27300.0,15,168,20.0,25.07885137519889
27300.0,18,1054,20.0,24.783494874354975
27300.0,21,169,20.0,28.255326918745173
27300.0,62,1280,20.0,36.90562483151595
27300.0,62,395,20.0,31.11899014423183
27300.0,61,350,20.0,29.967075437476492
27300.0,53,1235,20.0,33.8304535819017
27300.0,53,349,20.0,26.468556819333436
27300.0,12,1009,20.0,23.07191945016588
27300.0,0,963,20.0,25.31300689862413
27300.0,86,213,20.0,23.43800613151617
27300.0,102,1145,20.0,27.723282496135695
27300.0,187,394,20.0,27.75729035568106
27300.0,131,964,20.0,22.285540598889774
27300.0,126,77,20.0,27.92344826938971
27300.0,224,1100,20.0,24.624780310300906
27300.0,224,258,20.0,23.15081191446751
27300.0,249,1236,20.0,32.311450221754555
27300.0,194,122,20.0,24.70030712539269
27300.0,292,303,20.0,22.865685577953716
27300.0,368,1191,20.0,29.011538579973074
27300.0,328,167,20.0,22.059432277345053
27600.0,42,1187,20.0,27.087771540565672
27600.0,42,302,20.0,22.4404890840673
27600.0,42,257,20.0,22.436619532335307
27600.0,49,1232,20.0,30.696887860153794
27600.0,34,1142,20.0,24.466976984736494
27600.0,34,256,20.0,18.880234285199965
27600.0,31,212,20.0,24.1510506042081
27600.0,31,1097,20.0,22.676356518602162
27600.0,31,1141,20.0,27.997788668394836
27600.0,7,1006,20.0,22.65064435211113
27600.0,7,121,20.0,25.711617482957767
27600.0,15,1051,20.0,23.60289419143416
27600.0,15,166,20.0,22.868359901425627
27600.0,21,1096,20.0,25.573827191856694
27600.0,28,211,20.0,20.462895946734616
27600.0,62,1278,20.0,31.56983869058042
27600.0,62,392,20.0,25.752761430472304
27600.0,62,393,20.0,29.54830905627455
27600.0,6,76,20.0,29.0274791877946
27600.0,53,347,20.0,23.2987630645279
27600.0,55,1233,20.0,28.476535383871152
27600.0,0,961,20.0,22.996700145553177
27600.0,0,75,20.0,25.860750341643104
27600.0,57,1277,20.0,34.42357736440049
27600.0,57,348,20.0,27.44202401248955
27600.0,67,120,20.0,22.71644951875591
27600.0,83,1052,20.0,21.108542934028076
27600.0,177,1188,20.0,25.220122213119744
27600.0,167,301,20.0,18.859130679027505
27600.0,202,165,20.0,19.867781545308084
27600.0,202,1007,20.0,20.045895961488043
27600.0,230,1143,20.0,22.463446380986195
27600.0,298,346,20.0,20.182758846476652
27600.0,273,210,20.0,17.686102623447596
27900.0,42,1185,20.0,22.769804099050123
27900.0,42,299,20.0,21.91636678228661
27900.0,49,1230,20.0,25.38275311370546
27900.0,49,300,20.0,25.172652989459497
27900.0,34,254,20.0,23.56164031245111
27900.0,34,1139,20.0,23.77986875121118
27900.0,31,209,20.0,26.10961158562023
27900.0,7,118,20.0,29.77541620886703
27900.0,7,1003,20.0,28.61222628652903
27900.0,7,1004,20.0,24.982782003557556
27900.0,15,1049,20.0,23.029161099576775
27900.0,15,163,20.0,26.903811002622515
27900.0,15,164,20.0,29.402811124991874
27900.0,21,1094,20.0,22.895185160614496
27900.0,38,1184,20.0,25.756279813791373
27900.0,38,1140,20.0,21.269058377699007
27900.0,38,255,20.0,27.40815146372819
27900.0,9,119,20.0,32.679958772231345
27900.0,62,390,20.0,23.68281458826682
27900.0,62,1275,20.0,28.80680503636885
27900.0,53,345,20.0,23.447101722953775
27900.0,11,1048,20.0,27.178005754392128
27900.0,0,73,20.0,32.90939939871673
27900.0,0,958,20.0,30.343383452867105
27900.0,66,959,20.0,26.909248004329235
27900.0,112,344,20.0,20.72908254753486
27900.0,125,1276,20.0,26.544199290700384
27900.0,184,1231,20.0,23.331404322650005
27900.0,148,208,20.0,23.58115286043317
27900.0,155,1095,20.0,20.285300439128616
27900.0,246,389,20.0,20.912324488657823
27900.0,211,1050,20.0,20.786797202569215
27900.0,280,253,20.0,21.51984021787837
27900.0,300,1186,20.0,20.59902425214277
28200.0,42,297,20.0,24.42996585066222
28200.0,42,1182,20.0,30.258803409094284
28200.0,49,342,20.0,23.807424724703665
28200.0,49,1227,20.0,33.66080848163909
28200.0,49,1228,20.0,30.224300846235845
28200.0,34,252,20.0,27.02568167315276
28200.0,34,1137,20.0,27.570199708812762
28200.0,31,207,20.0,30.753301401890628
28200.0,7,116,20.0,33.16331650573216
28200.0,7,1001,20.0,28.165443044759
28200.0,15,161,20.0,30.055743544807264
28200.0,15,1046,20.0,28.78132334851645
28200.0,18,1047,20.0,25.313589488597046
28200.0,18,1091,20.0,29.832468230711207
28200.0,21,206,20.0,27.275472723215017
28200.0,21,162,20.0,33.94933156921867
28200.0,21,1092,20.0,26.242975234139085
28200.0,62,388,20.0,27.2694335335963
28200.0,62,1273,20.0,32.97749522025583
28200.0,53,343,20.0,27.545987367390318
28200.0,0,71,20.0,36.557207588475656
28200.0,0,956,20.0,28.691583816139467
28200.0,109,1183,20.0,26.870365702187005
28200.0,118,387,20.0,24.247000198410415
28200.0,92,251,20.0,24.2994015226726
28200.0,127,115,20.0,31.271497579525274
28200.0,138,1002,20.0,24.98229399116312
28200.0,164,1138,20.0,24.487118853083455
28200.0,227,296,20.0,21.62545419240368
28200.0,263,160,20.0,27.98613602511949
28200.0,314,432,20.0,25.16075938905128
28200.0,314,1274,20.0,30.334384438230714
28200.0,255,957,20.0,25.17141179870268
28200.0,282,1093,20.0,22.505417246006417
28500.0,42,1180,20.0,25.14647540421175
28500.0,42,295,20.0,27.16041773414141
28500.0,49,1225,20.0,28.375312678797222
28500.0,49,340,20.0,27.957993214296636
28500.0,34,1135,20.0,22.651710465610684
28500.0,34,250,20.0,27.295344354399873
28500.0,34,249,20.0,23.880020349435743
28500.0,31,1134,20.0,24.791268522250967
28500.0,7,999,20.0,20.517069842780348
28500.0,7,114,20.0,27.529109908678947
28500.0,15,159,20.0,24.553824895240027
28500.0,15,1044,20.0,20.73317270017739
28500.0,18,1089,20.0,22.41778993127034
28500.0,21,204,20.0,23.510753201323915
28500.0,62,1271,20.0,31.06830846584929
28500.0,62,386,20.0,32.7948499390951
28500.0,62,385,20.0,29.305516857315112
28500.0,62,1315,3.5168786638824585,35.70154030963438
28500.0,6,113,20.0,26.100669264836174
28500.0,53,1270,20.0,32.147929991996065
28500.0,0,998,20.0,24.436317757379506
28500.0,0,69,20.0,31.249212827199333
28500.0,0,954,20.0,21.44338255693795
28500.0,101,294,20.0,23.90178543942921
28500.0,74,158,20.0,23.33734552341234
28500.0,115,1226,20.0,27.954605226440545
28500.0,90,1090,20.0,20.763982480087552
28500.0,63,68,20.0,29.401061284963756
28500.0,145,1045,20.0,19.45755894700281
28500.0,188,430,20.0,30.54107548093913
28500.0,236,339,20.0,24.698000071979187
28500.0,236,1181,20.0,24.627050628810004
28500.0,207,203,20.0,22.03392005747464
28500.0,263,1000,20.0,19.043583186147536
28800.0,42,1178,20.0,22.218948181820075
28800.0,42,292,20.0,21.4053625080472
28800.0,42,293,20.0,25.155428745781148
28800.0,49,1223,20.0,25.262803940046297
28800.0,49,338,20.0,26.015902378210505
28800.0,34,247,20.0,20.600165673061912
28800.0,34,1177,20.0,25.871670483185927
28800.0,31,1132,20.0,23.353932080837623
28800.0,7,111,20.0,25.380211481756824
28800.0,7,1041,20.0,25.108890780672443
28800.0,45,337,20.0,22.66259394936381
28800.0,45,1222,20.0,29.472897383824947
28800.0,15,1042,20.0,21.315298451276792
28800.0,15,157,20.0,25.419921724355838
28800.0,18,1087,20.0,21.97397081168434
28800.0,21,202,20.0,22.03588986403689
28800.0,8,156,20.0,22.32584321052418
28800.0,62,1313,20.0,32.29567779577221
28800.0,62,383,20.0,27.08365454584847
28800.0,61,1268,20.0,29.251759007196206
28800.0,5,996,20.0,25.180284444255882
28800.0,0,66,20.0,28.87304801225944
28800.0,67,997,20.0,21.721647429488442
28800.0,83,201,20.0,18.811013690911327
28800.0,96,1133,20.0,20.20349626185681
28800.0,125,428,20.0,29.099103050785004
28800.0,181,382,20.0,23.678075272629712
28800.0,152,246,20.0,17.69354411878618
28800.0,187,1269,20.0,27.176638843239132
28800.0,189,952,20.0,22.142189053851155
28800.0,189,110,20.0,24.299487625725295
28800.0,217,1088,20.0,18.480747733190334
28800.0,314,427,20.0,25.25025007952691
28800.0,308,1224,20.0,23.82066384300346
29100.0,42,290,20.0,25.4202124798185
29100.0,42,1220,20.0,30.43706819729963
29100.0,49,335,20.0,23.775058304093466
29100.0,49,1221,20.0,27.59862934491135
29100.0,34,245,20.0,28.024930329026308
29100.0,34,1175,20.0,27.22624600309055
29100.0,34,1130,20.0,24.383976697461996
29100.0,7,109,20.0,34.36420211254683
29100.0,7,1039,20.0,26.34155440675347
29100.0,15,154,20.0,31.113788367926546
29100.0,15,1084,20.0,26.794918384870837
29100.0,18,199,20.0,27.90388764657886
29100.0,21,1085,20.0,23.244205302918573
29100.0,28,244,20.0,25.00321134833402
29100.0,23,200,20.0,31.564810070431847
29100.0,62,1311,20.0,33.809835982759
29100.0,62,381,20.0,26.947777105063434
29100.0,6,994,20.0,26.87028545425321
29100.0,61,1266,20.0,30.874750557275636
29100.0,53,1265,20.0,33.76981578594839
29100.0,53,380,20.0,23.423180747908628
29100.0,53,336,20.0,27.871048798259146
29100.0,0,64,20.0,38.03738600057729
29100.0,24,1129,20.0,27.983271439291745
29100.0,78,1040,20.0,23.036083551065868
29100.0,64,108,20.0,31.58861762440504
29100.0,124,425,20.0,23.61236072392503
29100.0,162,289,20.0,22.440146037001035
29100.0,170,1176,20.0,24.411931478126768
29100.0,134,153,20.0,28.47677473924853
29100.0,197,995,20.0,23.297183599710543
29100.0,266,198,20.0,25.18142417384367
29100.0,314,1267,20.0,28.37967135819185
29100.0,296,334,20.0,20.75897995990587
29400.0,42,288,20.0,31.940042496973113
29400.0,42,1218,20.0,31.16287032278353
29400.0,49,333,20.0,29.49722406829766
29400.0,49,1263,20.0,34.401715113774024
29400.0,34,1172,20.0,32.89195094801553
29400.0,34,287,20.0,28.47048701416923
29400.0,34,243,20.0,35.04463516144921
29400.0,31,242,20.0,31.113916472066293
29400.0,31,1128,20.0,27.990828292547416
29400.0,7,1037,20.0,31.261695488541562
29400.0,7,107,20.0,40.6799476312441
29400.0,7,151,20.0,34.47789352256412
29400.0,7,1036,1.1622622646150162,35.02443628307609
29400.0,15,152,20.0,37.21132281610615
29400.0,15,1082,20.0,31.20030272811476
29400.0,18,197,20.0,34.04410942884059
29400.0,28,1127,20.0,31.360911231555363
29400.0,38,1173,20.0,28.96570513841383
29400.0,62,423,20.0,27.17548860329455
29400.0,62,1308,20.0,37.316512917483884
29400.0,6,1036,18.837737735384984,34.96937912807683
29400.0,5,992,20.0,31.768298012005406
29400.0,53,378,20.0,28.409754101174325
29400.0,0,106,20.0,37.25469356642427
29400.0,0,991,20.0,35.190792421080864
29400.0,121,1264,20.0,31.231378835548508
29400.0,106,332,20.0,26.409082849222486
29400.0,125,1309,20.0,34.44071472180223
29400.0,143,196,20.0,31.331436680364256
29400.0,148,1083,20.0,27.801005054942248
29400.0,238,1219,20.0,28.18667182112926
29400.0,238,377,20.0,25.10207981635116
29400.0,266,1038,20.0,27.642750744142774
29400.0,277,241,20.0,28.25892683771267
29700.0,42,1215,20.0,33.463038423687365
29700.0,42,330,20.0,24.17021062849096
29700.0,49,331,20.0,27.800091256434133
29700.0,49,1216,20.0,30.037272078184344
29700.0,34,1170,20.0,30.496362810259136
29700.0,34,285,20.0,24.964023522371875
29700.0,31,240,20.0,25.887753071944775
29700.0,7,1034,20.0,27.577471889056937
29700.0,7,149,20.0,28.365222621691608
29700.0,15,194,20.0,25.439799151292654
29700.0,15,1079,20.0,29.928578061806764
29700.0,18,1080,20.0,26.036510865365095
29700.0,18,195,20.0,28.661144585619805
29700.0,28,1125,20.0,27.92431001371051
29700.0,62,1306,20.0,36.14779442662831
29700.0,62,421,20.0,30.262165288069895
29700.0,5,104,20.0,31.83583254814864
29700.0,53,1261,20.0,32.86805138156172
29700.0,53,376,20.0,28.508921585840806
29700.0,10,1035,20.0,24.477340222343496
29700.0,0,989,20.0,26.121433123082035
29700.0,13,150,20.0,31.902697515447713
29700.0,101,1171,20.0,27.345175621882355
29700.0,114,375,20.0,24.842492327078894
29700.0,86,239,20.0,23.254965731118972
29700.0,184,420,20.0,27.145329706324603
29700.0,131,990,20.0,23.027894180342678
29700.0,222,1126,20.0,24.702891923546527
29700.0,222,284,20.0,22.305547377329212
29700.0,248,1262,20.0,30.31579654034819
29700.0,258,148,20.0,25.667166174535907
29700.0,277,1081,20.0,22.825693542156138
29700.0,252,103,20.0,28.852597174432475
29700.0,368,1217,20.0,27.023550844504502
30000.0,42,1213,20.0,29.863829080192875
30000.0,42,328,20.0,25.118401630940696
30000.0,49,1258,20.0,32.71417885656367
30000.0,49,373,20.0,24.098201734050885
30000.0,34,1168,20.0,27.34062838445867
30000.0,34,283,20.0,27.51271306147716
30000.0,31,238,20.0,30.06544316712634
30000.0,7,1032,20.0,27.476018923284027
30000.0,7,147,20.0,32.04770684191299
30000.0,15,1077,20.0,28.372843499842624
30000.0,15,192,20.0,29.343720570164454
30000.0,21,1122,20.0,29.56993391219573
30000.0,21,237,20.0,27.257226022616372
30000.0,28,1123,20.0,25.935855278961157
30000.0,62,1304,20.0,33.13922359492878
30000.0,62,419,20.0,28.845434813800132
30000.0,61,418,20.0,25.38311694754036
30000.0,32,282,20.0,24.720349247149425
30000.0,5,102,20.0,35.533771784657226
30000.0,53,1259,20.0,30.299175431878577
30000.0,55,374,20.0,27.915812118807786
30000.0,0,987,20.0,26.856877641907516
30000.0,0,101,20.0,32.576295150983675
30000.0,57,1303,20.0,36.369991758704074
30000.0,67,146,20.0,29.283446757715836
30000.0,83,1078,20.0,25.210519567349632
30000.0,110,1214,20.0,27.770757211028428
30000.0,167,327,20.0,22.504972749765187
30000.0,229,1169,20.0,25.117477380711225
30000.0,202,1033,20.0,24.309791347265474
30000.0,202,191,20.0,26.63122332937661
30000.0,298,372,20.0,21.163150211231592
30000.0,256,988,20.0,23.666463818194238
30000.0,335,236,20.0,23.986032059015546
30300.0,42,1211,20.0,24.637730314266406
30300.0,42,326,20.0,26.49058208374964
30300.0,42,325,18.90385292031055,22.87480017752435
30300.0,49,1256,20.0,27.84603802321058
30300.0,49,371,20.0,26.905524304097145
30300.0,34,280,20.0,23.42284911546475
30300.0,34,1166,20.0,22.609552904046108
30300.0,34,1165,18.90385292031055,25.123527644088988
30300.0,31,1165,1.0961470796894517,24.714898157975217
30300.0,7,144,20.0,25.637606489730466
30300.0,7,1030,20.0,22.671625324315855
30300.0,15,1075,20.0,22.865538847354753
30300.0,15,190,20.0,26.610773999795015
30300.0,21,1120,20.0,23.685001007918828
30300.0,21,235,20.0,25.373417209436163
30300.0,38,281,20.0,27.41269023164788
30300.0,38,1210,20.0,27.509124680349988
30300.0,8,145,20.0,28.939654325769006
30300.0,62,416,20.0,27.266234195525353
30300.0,62,1301,20.0,31.76545836751535
30300.0,62,1302,18.90385292031055,30.42906119233552
30300.0,6,1029,20.0,26.533100900564108
30300.0,41,325,1.0961470796894517,22.808110704535583
30300.0,0,99,20.0,28.82867726105858
30300.0,13,189,20.0,23.83646218243458
30300.0,64,985,20.0,23.482840363552413
30300.0,124,1302,1.0961470796894517,30.283596926020625
30300.0,91,1121,20.0,21.77247857255815
30300.0,181,1257,20.0,27.02690814983992
30300.0,175,370,20.0,23.22652888488927
30300.0,145,234,20.0,22.32811714077488
30300.0,245,415,20.0,24.13061242603321
30300.0,210,1076,20.0,20.98593516590328
30300.0,298,1212,20.0,23.80594791855375
30600.0,42,323,20.0,23.80505654696792
30600.0,42,1208,20.0,30.510797604642228
30600.0,49,368,20.0,22.643867466977195
30600.0,49,1254,20.0,30.026699135453633
30600.0,49,1253,18.174113329828806,33.3284757633187
30600.0,34,278,20.0,25.420266194371155
30600.0,34,1163,20.0,28.31329293878908
30600.0,7,142,20.0,30.159648061388385
30600.0,7,1027,20.0,27.989723640231865
30600.0,45,1253,1.8258866701711938,33.13852727433608
30600.0,44,1209,20.0,27.637885066265916
30600.0,15,187,20.0,27.719676744428398
30600.0,15,1073,20.0,25.774120258028578
30600.0,15,1072,18.174113329828806,28.91064536267935
30600.0,18,188,20.0,31.136618789586244
30600.0,18,1117,20.0,30.233508711984097
30600.0,21,1118,20.0,27.021076032737554
30600.0,21,232,20.0,25.429931920358683
30600.0,28,233,20.0,28.25966132662989
30600.0,8,1072,1.8258866701711938,28.796621298805036
30600.0,62,414,20.0,25.926564932119994
30600.0,62,1299,20.0,33.27306418842817
30600.0,62,1344,18.174113329828806,36.82339131083193
30600.0,53,369,20.0,25.913325800596184
30600.0,0,97,20.0,33.56782440829167
30600.0,0,982,20.0,28.38891225320084
30600.0,118,459,20.0,23.1284366691385
30600.0,152,277,20.0,23.046520675228958
30600.0,127,141,20.0,28.85383549410804
30600.0,162,1164,20.0,25.579475105149726
30600.0,134,1028,20.0,25.038736404868644
30600.0,224,322,20.0,21.356342085684304
30600.0,251,504,20.0,24.597809657883175
30600.0,251,1300,20.0,30.987731313608663
30900.0,42,367,20.0,28.445889896730385
30900.0,42,1206,20.0,29.023796184797387
30900.0,49,412,20.0,27.63050757442518
30900.0,49,1251,20.0,32.11126323680897
30900.0,34,276,20.0,29.540853897483032
30900.0,34,1161,20.0,26.6347823382527
30900.0,31,321,20.0,26.026365040256813
30900.0,7,140,20.0,32.39596027861334
30900.0,7,1025,20.0,25.309088488737366
30900.0,15,185,20.0,29.582891871041753
30900.0,15,1070,20.0,26.00741055085042
30900.0,18,1115,20.0,27.227674810995936
30900.0,18,230,20.0,27.59035371942796
30900.0,28,1160,20.0,29.73599796799552
30900.0,62,458,20.0,32.03706392257982
30900.0,62,1297,20.0,33.21001629905296
30900.0,53,1296,20.0,35.49495633769882
30900.0,55,457,20.0,28.347237746989467
30900.0,0,1024,20.0,29.144441013243473
30900.0,0,95,20.0,36.05355077046977
30900.0,0,139,17.45648900178692,29.762851300154917
30900.0,3,139,2.5435109982130797,29.673523803858757
30900.0,24,1116,20.0,24.682277585622085
30900.0,101,366,20.0,25.342986943981952
30900.0,114,1252,20.0,30.0448572557306
30900.0,125,502,20.0,29.210999600360253
30900.0,63,980,20.0,26.372419735683252
30900.0,143,1071,20.0,23.254509967403024
30900.0,138,184,20.0,27.157269568465605
30900.0,236,1207,20.0,26.9744078804552
30900.0,236,411,20.0,24.648951384552504
30900.0,205,275,20.0,24.58299624151843
30900.0,263,1026,20.0,22.512185673694308
30900.0,304,456,20.0,25.01028105025437
31200.0,42,365,20.0,25.123323288453015
31200.0,42,1204,20.0,23.76835939061855
31200.0,49,1249,20.0,25.5204049677341
31200.0,49,410,20.0,23.39187383935785
31200.0,34,1203,20.0,27.26656804469618
31200.0,34,319,20.0,24.42652541488157
31200.0,34,364,16.751321486498675,21.99595285508146
31200.0,31,1158,20.0,25.85850452706706
31200.0,7,1067,20.0,28.64056403933055
31200.0,7,183,20.0,32.461969018399664
31200.0,7,228,16.751321486498675,29.206030139122277
31200.0,45,409,20.0,20.492927325099966
31200.0,15,229,20.0,30.714962614080157
31200.0,15,1068,20.0,25.00144652566177
31200.0,18,1113,20.0,24.825060282322866
31200.0,21,274,20.0,27.312265841928763
31200.0,38,364,3.248678513501325,21.536551125544552
31200.0,8,228,3.248678513501325,29.037970247587705
31200.0,62,1339,20.0,32.22884609337958
31200.0,62,500,20.0,25.237034255857587
31200.0,62,455,16.751321486498675,23.620531238596122
31200.0,6,1023,20.0,25.47932776673891
31200.0,61,455,3.248678513501325,23.384828054488942
31200.0,43,1248,20.0,29.726911920713952
31200.0,53,1294,20.0,28.895064883257373
31200.0,0,1022,20.0,28.518523855929004
31200.0,83,273,20.0,25.95244084926175
31200.0,96,1159,20.0,22.39544566882864
31200.0,184,1295,20.0,26.29562311962152
31200.0,177,454,20.0,20.315463043766364
31200.0,189,978,20.0,26.603475284206795
31200.0,213,318,20.0,22.59093876761184
31200.0,213,1114,20.0,21.535499370135106
31200.0,242,1250,20.0,23.017200342947802
31500.0,42,1246,20.0,29.173921972109717
31500.0,42,362,20.0,24.897886622518783
31500.0,42,407,16.058946405509573,24.170377632897473
31500.0,49,407,3.941053594490427,23.916710601271998
31500.0,49,1247,20.0,26.408543859745308
31500.0,49,1291,20.0,32.29795463838661
31500.0,34,1201,20.0,26.413237900172483
31500.0,34,317,20.0,26.423424936385796
31500.0,31,1156,20.0,24.45767575080201
31500.0,7,1065,20.0,26.03592980793474
31500.0,7,181,20.0,31.86187259164021
31500.0,7,226,16.058946405509573,28.66697741072374
31500.0,15,1110,20.0,26.74281238255299
31500.0,15,226,3.941053594490427,28.62078623848801
31500.0,15,271,20.0,25.71770523474829
31500.0,21,1111,20.0,23.193641757143727
31500.0,21,272,20.0,28.789788943211672
31500.0,23,1155,20.0,28.499046185426458
31500.0,62,1337,20.0,32.021514146150935
31500.0,62,453,20.0,26.93606744400802
31500.0,62,498,16.058946405509573,27.46995360117273
31500.0,5,1020,20.0,26.543270951091362
31500.0,53,452,20.0,23.187266106205495
31500.0,53,1292,20.0,29.075303167351134
31500.0,27,316,20.0,23.61077929507546
31500.0,50,408,20.0,27.768198234149754
31500.0,75,1066,20.0,22.939297547533943
31500.0,124,497,20.0,23.909246531304735
31500.0,125,498,3.941053594490427,27.531487407988237
31500.0,63,180,20.0,29.516371457626047
31500.0,160,361,20.0,22.011139663576856
31500.0,167,1202,20.0,23.68225671286106
31500.0,197,225,20.0,26.20023907530295
31500.0,197,1021,20.0,22.973373187276998
31800.0,42,1244,20.0,31.030284658281815
31800.0,42,360,20.0,29.86913352096844
31800.0,49,405,20.0,28.797525864145534
31800.0,49,1289,20.0,33.76972049372428
31800.0,34,1199,20.0,28.738792853464766
31800.0,34,359,20.0,26.244629723715466
31800.0,34,1198,15.379693291859247,31.9781586827434
31800.0,31,1198,4.6203067081407525,31.865572920323157
31800.0,31,315,20.0,32.02724870386554
31800.0,31,1154,20.0,26.98506660132747
31800.0,31,314,10.759386583718495,28.433545010108045
31800.0,7,1063,20.0,27.170196426973586
31800.0,7,223,20.0,30.955073675452983
31800.0,7,179,15.379693291859247,36.110774412023645
31800.0,15,1108,20.0,28.25411349893809
31800.0,15,224,20.0,33.292937331917685
31800.0,15,269,15.379693291859247,30.92428974951315
31800.0,18,269,4.6203067081407525,30.34034096540217
31800.0,21,1153,20.0,29.94993593047124
31800.0,28,314,9.240613416281505,27.91930033027314
31800.0,62,495,20.0,28.583430798146203
31800.0,62,1335,20.0,34.60059819198955
31800.0,62,1334,15.379693291859247,37.20842455709455
31800.0,6,179,4.6203067081407525,35.98207594066263
31800.0,61,1334,4.6203067081407525,37.07537927475201
31800.0,5,1062,20.0,31.192052091321642
31800.0,53,450,20.0,28.552036342760132
31800.0,0,178,20.0,33.172788654125185
31800.0,0,1018,20.0,26.6690461463216
31800.0,0,1017,15.379693291859247,30.35909746559299
31800.0,118,1290,20.0,31.483398112586396
31800.0,105,404,20.0,25.634718911377835
31800.0,175,1245,20.0,28.993086944655452
31800.0,148,1109,20.0,25.573656769640166
32100.0,42,402,20.0,23.000782490828637
32100.0,42,1287,20.0,28.53608880852162
32100.0,42,1242,14.713885433241614,25.629688446715672
32100.0,49,403,20.0,26.11267452123633
32100.0,49,1333,20.0,28.281971791987328
32100.0,34,357,20.0,23.243820799065787
32100.0,34,1196,20.0,25.996637912621313
32100.0,31,312,20.0,24.297854629374562
32100.0,7,221,20.0,24.360620698781865
32100.0,7,1060,20.0,26.31843478334856
32100.0,45,1242,5.2861145667583855,25.302715472682447
32100.0,15,1106,20.0,23.323154897644585
32100.0,15,266,20.0,22.264647931370938
32100.0,15,1105,14.713885433241614,27.20117929008843
32100.0,18,267,20.0,25.255724264337516
32100.0,21,1151,20.0,24.847891170632717
32100.0,9,1061,20.0,23.01861285782733
32100.0,62,493,20.0,27.81320808216355
32100.0,62,1378,20.0,31.332675456699345
32100.0,53,448,20.0,26.62653619453276
32100.0,11,1105,5.2861145667583855,27.122745482959793
32100.0,12,222,20.0,27.92364035498183
32100.0,0,176,20.0,27.53519220177934
32100.0,0,1015,20.0,26.37304378468947
32100.0,101,1197,20.0,23.27964882925967
32100.0,114,447,20.0,23.270956137730355
32100.0,86,311,20.0,21.484960865941485
32100.0,127,1016,20.0,23.13340972667944
32100.0,156,1152,20.0,21.8595132385702
32100.0,246,492,20.0,24.60094163651973
32100.0,246,1288,20.0,26.983059785415527
32100.0,218,356,20.0,20.718007299921936
32100.0,251,1379,20.0,30.3355565273706
32100.0,275,1107,20.0,20.45010574961759
32400.0,42,1285,20.0,33.16513417306631
32400.0,42,400,20.0,29.29348538315863
32400.0,49,1330,20.0,36.52331777013366
32400.0,49,445,20.0,28.598346093038543
32400.0,34,1240,20.0,30.563504766509023
32400.0,34,355,20.0,30.551821032733454
32400.0,31,310,20.0,32.34587801363987
32400.0,7,1058,20.0,28.293583311163324
32400.0,7,219,20.0,32.88127274465489
32400.0,15,264,20.0,29.692037861620783
32400.0,15,1149,20.0,29.438089402807964
32400.0,18,1194,20.0,32.23812148554552
32400.0,21,309,20.0,28.649560179124578
32400.0,28,1195,20.0,28.39938893579784
32400.0,62,1376,20.0,35.99434340989013
32400.0,62,491,20.0,31.73772570629781
32400.0,53,1331,20.0,33.07512030293793
32400.0,55,446,20.0,32.42492936893055
32400.0,55,1375,20.0,40.16339906799585
32400.0,0,174,20.0,36.27024429814262
32400.0,0,1013,20.0,27.982698253448827
32400.0,57,490,20.0,28.526069119065557
32400.0,67,218,20.0,29.784928160664712
32400.0,109,1286,20.0,30.091546889399144
32400.0,83,1104,20.0,26.1891430140164
32400.0,92,354,20.0,27.300246079890503
32400.0,164,399,20.0,26.248453942812286
32400.0,126,173,20.0,32.996156101681926
32400.0,137,1059,20.0,25.280302765726447
32400.0,227,1241,20.0,27.447896504059653
32400.0,201,263,20.0,26.585224348732577
32400.0,314,535,20.0,28.810173659602953
32400.0,255,1014,20.0,24.688974929932037
32400.0,298,444,20.0,25.2460296236242
32700.0,42,1283,20.0,20.82057740393094
32700.0,42,398,20.0,21.954136673159486
32700.0,49,1328,20.0,23.591822879878244
32700.0,49,443,20.0,23.56334421929955
32700.0,34,352,20.0,18.43724202713389
32700.0,34,1238,20.0,18.88348562954488
32700.0,31,1237,20.0,21.214219004668397
32700.0,7,1102,20.0,20.54572197200421
32700.0,7,217,20.0,24.98792828113242
32700.0,7,216,13.42386648499204,23.148702000683635
32700.0,15,1147,20.0,19.220466413468834
32700.0,15,262,20.0,21.508476242905825
32700.0,18,1192,20.0,20.22273930420797
32700.0,21,307,20.0,19.48211810393592
32700.0,38,353,20.0,22.257956823892638
32700.0,38,397,20.0,18.60330724588816
32700.0,38,1282,13.42386648499204,23.83152125083863
32700.0,36,1282,6.57613351500796,23.801930281083564
32700.0,62,488,20.0,25.293775379660502
32700.0,62,1374,20.0,27.47389678990258
32700.0,62,1418,13.42386648499204,31.183954325783464
32700.0,6,216,6.57613351500796,23.00408990004466
32700.0,5,1101,20.0,24.551503191255907
32700.0,53,1373,20.0,27.664657515280663
32700.0,0,171,20.0,26.465256373877644
32700.0,74,261,20.0,19.96099077797208
32700.0,90,1193,20.0,17.916257303588488
32700.0,64,1057,20.0,22.46113875075697
32700.0,181,1329,20.0,23.991750601918717
32700.0,175,442,20.0,20.321118617787796
32700.0,145,306,20.0,17.923494413379707
32700.0,207,1148,20.0,17.35406799839974
32700.0,277,351,20.0,16.915088363132455
32700.0,298,1284,20.0,21.088066702518958
33000.0,42,395,20.0,22.162519335152904
33000.0,42,1281,20.0,22.91041007382615
33000.0,49,1326,20.0,24.6866982370721
33000.0,49,440,20.0,20.896606099088242
33000.0,49,441,12.800269374512283,24.708874523506754
33000.0,34,350,20.0,24.05890141006165
33000.0,34,1235,20.0,24.382732738385396
33000.0,34,1280,12.800269374512283,26.492672021312767
33000.0,7,214,20.0,30.909863924563414
33000.0,7,1144,20.0,27.413747840281864
33000.0,7,1099,12.800269374512283,27.708457433658932
33000.0,45,1325,20.0,28.546596635455202
33000.0,45,396,20.0,26.22895843249853
33000.0,15,259,20.0,27.839461664542807
33000.0,15,1145,20.0,23.698013677982747
33000.0,18,260,20.0,31.012952419615154
33000.0,18,1189,20.0,27.374596697245675
33000.0,18,304,12.800269374512283,24.84663769254699
33000.0,21,1190,20.0,23.31569266097469
33000.0,21,304,7.199730625487717,24.75709907226265
33000.0,21,305,20.0,27.904502602919713
33000.0,38,1280,7.199730625487717,26.07220682550103
33000.0,62,486,20.0,24.05274350350761
33000.0,62,1416,20.0,31.56891377397773
33000.0,62,1371,12.800269374512283,28.471384983375334
33000.0,6,1099,7.199730625487717,27.46344922097332
33000.0,61,1371,7.199730625487717,28.2268177846503
33000.0,53,441,7.199730625487717,24.308906191971577
33000.0,0,169,20.0,34.40668961722924
33000.0,70,1100,20.0,24.04322050049096
33000.0,118,485,20.0,20.850349117084733
33000.0,152,349,20.0,21.505543563738776
33000.0,127,213,20.0,29.524557877010515
33000.0,162,1236,20.0,20.766300916067518
33300.0,42,393,20.0,22.135480637326665
33300.0,42,1278,20.0,22.60491263929811
33300.0,42,1323,12.19134518514872,25.47608019131974
33300.0,49,438,20.0,22.70053167196646
33300.0,49,1323,7.80865481485128,25.32892959269614
33300.0,34,348,20.0,23.0601604502608
33300.0,34,1233,20.0,19.896042765812933
33300.0,31,347,20.0,19.77540765774078
33300.0,7,212,20.0,26.52281367953505
33300.0,7,1142,20.0,22.425274534612893
33300.0,7,1097,12.19134518514872,23.059643387712374
33300.0,15,257,20.0,23.026985334537553
33300.0,15,1187,20.0,22.427728516065983
33300.0,18,302,20.0,21.09417570105893
33300.0,28,1232,20.0,23.593661387067634
33300.0,23,1188,20.0,18.90361305880409
33300.0,62,484,20.0,27.876539562126776
33300.0,62,1414,20.0,30.982257682742766
33300.0,6,1097,7.80865481485128,22.857872883570934
33300.0,61,1369,20.0,27.554713998087784
33300.0,53,1368,20.0,28.65450514467124
33300.0,53,483,20.0,24.344628096042083
33300.0,0,211,20.0,24.990880499234915
33300.0,0,167,20.0,30.348775529007675
33300.0,0,1096,12.19134518514872,26.813335060246146
33300.0,26,303,20.0,25.04038048512156
33300.0,114,1324,20.0,24.11261034376309
33300.0,100,392,20.0,19.056170756711836
33300.0,124,528,20.0,25.784440389026525
33300.0,143,1143,20.0,18.864332074564707
33300.0,126,1052,20.0,24.87658480425611
33300.0,134,256,20.0,21.53747365575844
33300.0,235,1279,20.0,21.475935202251016
33300.0,231,437,20.0,19.59262935055859
33600.0,42,391,20.0,27.361687196812625
33600.0,42,1276,20.0,25.20610768239547
33600.0,49,436,20.0,25.71884207425712
33600.0,49,1321,20.0,26.852689039784856
33600.0,34,1275,20.0,28.557228385882848
33600.0,34,390,20.0,24.420584556488578
33600.0,31,345,20.0,27.20294116162083
33600.0,31,1230,20.0,26.986419518362666
33600.0,7,1139,20.0,30.48561877141318
33600.0,7,254,20.0,30.876366709685318
33600.0,7,210,11.597383731836274,37.32898236923732
33600.0,44,435,20.0,23.289349879271843
33600.0,15,255,20.0,33.693312642987244
33600.0,15,1185,20.0,26.16772224140913
33600.0,15,1140,11.597383731836274,26.99299208876343
33600.0,18,300,20.0,30.686266257203894
33600.0,8,1140,8.402616268163726,27.04964756476967
33600.0,62,1411,20.0,33.22031828667545
33600.0,62,526,20.0,25.691963695115014
33600.0,6,210,8.402616268163726,37.3358187114103
33600.0,61,481,20.0,26.149733043735456
33600.0,5,209,20.0,34.063744780743036
33600.0,5,1095,20.0,28.325745631801137
33600.0,53,1366,20.0,29.831791494318264
33600.0,0,1094,20.0,31.459250139817872
33600.0,80,299,20.0,27.733434355121197
33600.0,93,1231,20.0,23.2630740920388
33600.0,122,1367,20.0,28.599293231248488
33600.0,177,480,20.0,23.09251652537322
33600.0,241,1322,20.0,25.362993140779935
33600.0,189,1050,20.0,29.62827194704015
33600.0,213,1186,20.0,22.399233238122896
33600.0,213,344,20.0,24.518842600406085
33600.0,309,525,20.0,23.009826068984253
33900.0,42,1318,20.0,27.774849620841685
33900.0,42,433,20.0,22.63269513185458
33900.0,49,434,20.0,26.40118607714973
33900.0,49,1319,20.0,25.699733297269084
33900.0,49,1363,11.018667708057862,31.523292235962835
33900.0,34,1273,20.0,24.89592099774014
33900.0,34,388,20.0,22.302980300164464
33900.0,34,343,11.018667708057862,24.034416255789964
33900.0,31,343,8.981332291942138,23.515314754033028
33900.0,31,1228,20.0,23.292164407243128
33900.0,7,1137,20.0,26.345205433095305
33900.0,7,252,20.0,26.559030668142594
33900.0,15,1182,20.0,26.360382536450707
33900.0,15,297,20.0,23.429768710738134
33900.0,18,1183,20.0,22.891699559849783
33900.0,21,298,20.0,25.89187861207339
33900.0,62,1409,20.0,31.84350138077255
33900.0,62,524,20.0,28.267414182894356
33900.0,6,207,20.0,30.000955476089253
33900.0,61,479,20.0,27.337493427160602
33900.0,53,1364,20.0,28.74320893908054
33900.0,53,478,20.0,23.625009782324618
33900.0,0,1092,20.0,26.57132215355071
33900.0,50,1363,8.981332291942138,31.498439688820934
33900.0,25,342,20.0,21.616992821049827
33900.0,74,1138,20.0,23.259509233201175
33900.0,103,1274,20.0,23.11532831210322
33900.0,184,523,20.0,24.886562764258464
33900.0,126,206,20.0,29.037085974925
33900.0,157,387,20.0,20.1239276053289
33900.0,222,1229,20.0,20.982151824492266
33900.0,196,1093,20.0,23.518500582784185
33900.0,196,251,20.0,25.869608227804807
33900.0,314,1365,20.0,28.970339028088905
34200.0,42,1316,20.0,27.14629403021751
34200.0,42,431,20.0,26.07377590054118
34200.0,42,386,10.455472551297646,27.655993121669106
34200.0,49,1361,20.0,29.946504230671593
34200.0,49,476,20.0,24.866982156080184
34200.0,34,1271,20.0,25.32872771912693
34200.0,34,385,20.0,24.768295499759237
34200.0,31,341,20.0,29.59930482133109
34200.0,31,1270,20.0,28.696504654311624
34200.0,7,1135,20.0,27.955891064798415
34200.0,7,250,20.0,32.08711891074135
34200.0,15,1180,20.0,27.23932247503769
34200.0,15,295,20.0,29.247519666082475
34200.0,21,1225,20.0,27.870240271544734
34200.0,28,340,20.0,26.611964887413723
34200.0,28,1226,20.0,24.972455984213546
34200.0,38,386,9.544527448702354,27.17945359557268
34200.0,62,1407,20.0,30.839550840267883
34200.0,62,521,20.0,24.63540103932065
34200.0,6,205,20.0,35.462902522411945
34200.0,6,249,20.0,30.29306292541643
34200.0,61,1406,20.0,33.69154821312339
34200.0,55,1362,20.0,27.935847332357138
34200.0,0,204,20.0,33.26182604525418
34200.0,0,1090,20.0,28.819017309990837
34200.0,175,1317,20.0,25.239511382842476
34200.0,148,1181,20.0,24.675118681194377
34200.0,138,294,20.0,27.635353490278142
34200.0,164,430,20.0,23.493574468247655
34200.0,238,475,20.0,22.121582812630386
34200.0,202,1136,20.0,25.438177284958744
34200.0,294,1272,20.0,23.199288511408522
34200.0,273,339,20.0,24.954217079262275
34200.0,319,1091,20.0,26.087134552857144
34500.0,42,428,20.0,21.622406157977615
34500.0,42,1314,20.0,23.165148088814277
34500.0,42,1313,9.908066311947707,26.519940009549433
34500.0,49,1359,20.0,25.725936415563183
34500.0,49,429,20.0,25.40239186674327
34500.0,34,383,20.0,22.879286187017446
34500.0,34,1268,20.0,24.061636987897856
34500.0,31,338,20.0,25.094819812019594
34500.0,7,247,20.0,27.67552321577878
34500.0,7,1132,20.0,25.317770259337788
34500.0,7,1133,9.908066311947707,21.825362144477918
34500.0,15,1178,20.0,20.84300409843876
34500.0,15,292,20.0,24.668916452138465
34500.0,18,293,20.0,26.828312431171216
34500.0,21,1223,20.0,22.262248336091254
34500.0,38,1313,10.091933688052293,26.267359081517398
34500.0,8,1133,10.091933688052293,21.733586646516546
34500.0,36,1269,20.0,21.364687589718677
34500.0,62,519,20.0,24.32473754624686
34500.0,62,1404,20.0,29.162172836732793
34500.0,53,474,20.0,23.9637670468631
34500.0,10,1177,20.0,24.871178022903376
34500.0,10,248,20.0,30.634184212615565
34500.0,0,202,20.0,30.97733196440162
34500.0,0,1087,20.0,27.161954942155194
34500.0,114,473,20.0,20.919537302637362
34500.0,125,1405,20.0,27.20123437815351
34500.0,127,1088,20.0,23.54777264864971
34500.0,148,337,20.0,22.396082683620868
34500.0,155,1224,20.0,19.500412731766165
34500.0,246,518,20.0,21.15658863245325
34500.0,246,1360,20.0,23.715966449407244
34500.0,218,382,20.0,20.999521880230194
34500.0,275,1179,20.0,18.175194010776938
34800.0,42,426,20.0,24.722960805328377
34800.0,42,1311,20.0,28.212706140109848
34800.0,49,471,20.0,24.867073850715897
34800.0,49,1356,20.0,31.66986951467969
34800.0,34,381,20.0,25.11681649555952
34800.0,34,1266,20.0,24.88248341913515
34800.0,7,245,20.0,27.91821552229746
34800.0,7,1130,20.0,21.504277316155544
34800.0,15,290,20.0,25.27893097123406
34800.0,15,1175,20.0,22.894094261954024
34800.0,18,1220,20.0,25.07704978314183
34800.0,18,1176,20.0,20.19463236086257
34800.0,21,335,20.0,23.272115645909132
34800.0,28,336,20.0,26.838896067407184
34800.0,28,1221,20.0,22.134734173292777
34800.0,62,517,20.0,28.52559959117879
34800.0,62,1402,20.0,33.00260026692289
34800.0,53,1357,20.0,29.8183079261178
34800.0,53,472,20.0,28.79529088452334
34800.0,55,1401,20.0,35.324129704007085
34800.0,0,200,20.0,31.448164659487286
34800.0,0,1085,20.0,22.58082558363598
34800.0,57,516,20.0,25.409877744759488
34800.0,109,1312,20.0,26.744018998189024
34800.0,92,380,20.0,21.957604451023474
34800.0,65,244,20.0,26.75841027625873
34800.0,135,1131,20.0,18.92707143315235
34800.0,224,425,20.0,21.685387635711834
34800.0,224,1267,20.0,23.57422331408738
34800.0,200,289,20.0,24.05832700638313
34800.0,251,561,20.0,26.30275295229602
34800.0,314,1403,20.0,31.727432352049636
34800.0,255,1086,20.0,19.69787523876345
34800.0,296,470,20.0,21.654024052301033
35100.0,42,424,20.0,25.147897505232244
35100.0,42,1309,20.0,22.090126130121924
35100.0,49,1354,20.0,24.056072465779504
35100.0,49,469,20.0,23.535211748671983
35100.0,34,1264,20.0,20.884985368407175
35100.0,34,379,20.0,27.69652889146407
35100.0,34,378,8.861655089698218,24.44293618772217
35100.0,31,378,11.138344910301782,24.059054388692978
35100.0,31,1263,20.0,24.65264179112883
35100.0,7,1128,20.0,26.277501756239612
35100.0,7,243,20.0,33.7491563892511
35100.0,15,288,20.0,30.043386463522747
35100.0,15,1173,20.0,24.702637492759585
35100.0,18,1218,20.0,24.45323161338216
35100.0,21,333,20.0,26.78741502951695
35100.0,38,423,20.0,22.27560456296365
35100.0,36,1308,20.0,26.257995553795634
35100.0,62,1444,20.0,31.185345411494552
35100.0,62,1400,20.0,24.86029680838831
35100.0,62,515,8.861655089698218,26.721042776743275
35100.0,6,242,20.0,31.531381344805414
35100.0,61,514,20.0,22.88050102143844
35100.0,53,1399,20.0,27.693772007473324
35100.0,0,1127,20.0,29.97434467859465
35100.0,74,287,20.0,28.038061441230276
35100.0,90,1219,20.0,21.18628787124642
35100.0,125,559,20.0,22.98079833334298
35100.0,63,1083,20.0,28.52519284181942
35100.0,63,197,20.0,35.013585312254214
35100.0,181,1355,20.0,21.579623552912622
35100.0,170,468,20.0,20.735159093340044
35100.0,235,1310,20.0,19.578412543059493
35100.0,205,332,20.0,24.73304472686299
35100.0,205,1174,20.0,21.558910277179137
35400.0,42,421,20.0,26.943208304414682
35400.0,42,1307,20.0,26.518000750210195
35400.0,42,1351,8.363148141867029,33.36619732041103
35400.0,49,1352,20.0,29.279895113710097
35400.0,49,467,20.0,29.193786340408206
35400.0,49,466,8.363148141867029,25.82921276611017
35400.0,34,376,20.0,29.241136827002055
35400.0,34,1306,20.0,29.94569385738568
35400.0,31,1261,20.0,27.823967897952
35400.0,7,1170,20.0,29.479111563104365
35400.0,7,240,20.0,35.22115757258623
35400.0,45,466,11.636851858132971,25.663351149020126
35400.0,45,1351,11.636851858132971,33.30252922191665
35400.0,45,422,20.0,30.76701205203682
35400.0,15,1171,20.0,25.915253475230127
35400.0,15,286,20.0,35.2115097220965
35400.0,15,285,8.363148141867029,32.299318009429406
35400.0,18,1216,20.0,26.77662583383885
35400.0,18,330,20.0,29.11929460145361
35400.0,21,331,20.0,31.940888119275193
35400.0,16,1215,20.0,30.608339055865574
35400.0,8,285,11.636851858132971,32.226782059067055
35400.0,62,1442,20.0,35.743396415644675
35400.0,62,512,20.0,27.869067499322366
35400.0,62,557,8.363148141867029,27.458552163499213
35400.0,5,1125,20.0,29.822798562001267
35400.0,53,1397,20.0,32.7046897233092
35400.0,0,195,20.0,38.61521557248148
35400.0,70,1126,20.0,26.29686352922082
35400.0,117,511,20.0,24.5140560985661
35400.0,125,557,11.636851858132971,27.41425518060773
35400.0,152,375,20.0,26.498111603964404
35400.0,162,1262,20.0,24.637513006530266
35400.0,187,1398,20.0,29.905623627290865
35700.0,42,419,20.0,21.84580341897484
35700.0,42,1349,20.0,25.770161679822138
35700.0,49,464,20.0,20.746189681596697
35700.0,49,1394,20.0,28.62404842866324
35700.0,34,374,20.0,24.171649178846355
35700.0,34,1304,20.0,24.213842643492796
35700.0,31,1259,20.0,23.621331757793552
35700.0,7,1168,20.0,26.891343290925565
35700.0,7,238,20.0,30.66828129051873
35700.0,15,283,20.0,27.247076616254706
35700.0,15,1213,20.0,26.850117826723597
35700.0,18,328,20.0,23.798949525990384
35700.0,21,1214,20.0,23.50435568643764
35700.0,28,373,20.0,21.842908454438437
35700.0,23,1258,20.0,27.600596877002
35700.0,23,329,20.0,26.754869963264774
35700.0,62,1440,20.0,28.011772893508354
35700.0,62,510,20.0,24.55471286088806
35700.0,6,1123,20.0,28.32280404034955
35700.0,53,509,20.0,20.795886693939718
35700.0,55,1395,20.0,24.75456901776797
35700.0,0,237,20.0,28.982228911737497
35700.0,114,1350,20.0,22.326137310157463
35700.0,124,554,20.0,21.18269644679071
35700.0,98,418,20.0,19.820203829802068
35700.0,143,1169,20.0,23.66010512963031
35700.0,131,282,20.0,25.666605141297545
35700.0,169,1305,20.0,20.88741183155875
35700.0,231,463,20.0,18.709193019433187
35700.0,258,1124,20.0,24.585235771080484
35700.0,266,327,20.0,22.14856308324841
35700.0,287,1260,20.0,20.330322563528142
35700.0,365,508,20.0,18.494659139648732
35700.0,375,1396,20.0,22.673531037279666
36000.0,42,417,20.0,31.23449122049803
36000.0,42,1347,20.0,28.69227197920913
36000.0,49,462,20.0,29.34094386095564
36000.0,49,1392,20.0,31.397684253348796
36000.0,34,416,20.0,27.53492681931412
36000.0,34,1301,20.0,30.246608930141072
36000.0,31,371,20.0,29.606206975009066
36000.0,7,280,20.0,32.15138708767113
36000.0,7,1165,20.0,31.644550444217685
36000.0,7,1166,7.416717771408315,28.017187478078753
36000.0,15,1211,20.0,27.63452101513994
36000.0,15,281,20.0,35.139954776277236
36000.0,18,326,20.0,32.06825032837508
36000.0,28,1256,20.0,28.749420376575625
36000.0,38,1302,20.0,26.513696238998786
36000.0,8,1166,12.583282228591685,27.831003689561893
36000.0,62,552,20.0,26.97567587395135
36000.0,62,1437,20.0,34.41381599820811
36000.0,6,236,20.0,38.660983850208794
36000.0,53,507,20.0,27.92021868807687
36000.0,0,235,20.0,35.05522201104788
36000.0,0,1120,20.0,31.47801541389381
36000.0,3,1121,20.0,28.117848229044515
36000.0,121,1393,20.0,28.38044695314627
36000.0,106,461,20.0,26.077959857194926
36000.0,92,1257,20.0,25.34480820517572
36000.0,78,325,20.0,29.401400767407477
36000.0,125,1438,20.0,31.6114721580731
36000.0,149,1212,20.0,24.345797506328704
36000.0,176,506,20.0,24.736419069178694
36000.0,238,1348,20.0,25.78748515061581
36000.0,213,370,20.0,26.773271870572803
36000.0,266,1167,20.0,24.47417899870134
36000.0,309,597,20.0,23.74318626963614
36300.0,42,1344,20.0,23.508720547839754
36300.0,42,505,20.0,22.29971039728261
36300.0,49,460,20.0,26.15058375477488
36300.0,49,1389,20.0,26.64844475119884
36300.0,49,1345,6.969244798378682,21.46240256317052
36300.0,34,1299,20.0,20.840548497474522
36300.0,34,414,20.0,23.2316321443729
36300.0,31,369,20.0,24.356288766723814
36300.0,7,1163,20.0,22.119926651814104
36300.0,7,278,20.0,26.811989903457693
36300.0,45,1345,13.030755201621318,21.278130502613763
36300.0,15,323,20.0,23.59345483931861
36300.0,15,1208,20.0,22.13845059885145
36300.0,18,1209,20.0,18.427529915848577
36300.0,18,324,20.0,26.992204256991414
36300.0,28,1254,20.0,19.096696314882916
36300.0,62,1435,20.0,26.937944661282625
36300.0,62,596,20.0,25.383504007194354
36300.0,5,233,20.0,30.633761785603564
36300.0,53,1390,20.0,23.667631523560594
36300.0,53,551,20.0,25.69079125443762
36300.0,53,550,6.969244798378682,22.222432944080367
36300.0,0,1118,20.0,24.511439385740385
36300.0,50,550,13.030755201621318,22.16391851659687
36300.0,101,1300,20.0,19.014424311549032
36300.0,86,368,20.0,21.524536995653477
36300.0,74,1164,20.0,18.886852689060866
36300.0,184,595,20.0,22.1620844713049
36300.0,130,1119,20.0,21.487195511734015
36300.0,157,459,20.0,20.658274855332365
36300.0,222,1255,20.0,17.136635833204522
36300.0,189,232,20.0,28.283110673823206
36300.0,194,277,20.0,24.801274803154907
36300.0,309,1391,20.0,22.78435824310968
36600.0,42,1342,20.0,22.70952238438106
36600.0,42,503,20.0,21.426349380180806
36600.0,49,1387,20.0,26.23962579039162
36600.0,49,548,20.0,22.298211325597528
36600.0,34,1297,20.0,20.94667784946915
36600.0,34,458,20.0,22.10919105916904
36600.0,34,457,6.539219998356209,18.68869834352933
36600.0,31,413,20.0,23.530578728076083
36600.0,31,457,13.46078000164379,18.592372515178106
36600.0,31,1296,13.078439996712419,24.540122836172415
36600.0,7,1161,20.0,22.66134831460843
36600.0,7,276,20.0,25.748492197989766
36600.0,15,1206,20.0,21.9143988496034
36600.0,15,367,20.0,22.2421903926284
36600.0,21,1251,20.0,22.521832888335652
36600.0,21,412,20.0,19.892740214696435
36600.0,28,1252,20.0,19.71936942702235
36600.0,28,1296,6.921560003287581,24.539871570365356
36600.0,62,1433,20.0,27.27744063017764
36600.0,62,594,20.0,27.802889382224713
36600.0,62,593,6.539219998356209,24.315312440477978
36600.0,61,593,13.46078000164379,24.19028366754135
36600.0,5,231,20.0,29.4968035220258
36600.0,53,1388,20.0,24.323030815029846
36600.0,55,1432,20.0,30.122083543009893
36600.0,0,1116,20.0,23.930651591920064
36600.0,0,230,20.0,28.130698802203987
36600.0,57,549,20.0,26.192073977047137
36600.0,67,321,20.0,24.631991865596813
36600.0,83,1207,20.0,19.51478836447398
36600.0,175,1343,20.0,20.925708674309714
36600.0,138,366,20.0,21.47690989575255
36600.0,164,502,20.0,18.119588596300297
36600.0,202,1162,20.0,20.186386587938436
36900.0,42,1340,20.0,22.52069116596722
36900.0,42,500,20.0,19.697266877095146
36900.0,42,501,6.126848039855702,23.450089183468513
36900.0,49,1385,20.0,25.722465565014723
36900.0,49,546,20.0,24.51263170344324
36900.0,49,501,6.126848039855702,23.538908289345155
36900.0,34,455,20.0,19.199258558069968
36900.0,34,1294,20.0,21.94284657657643
36900.0,34,1295,6.126848039855702,20.171521463671983
36900.0,7,319,20.0,22.29099100275163
36900.0,7,1159,20.0,20.641800364518495
36900.0,45,501,7.746303920288597,23.099058980472453
36900.0,15,1204,20.0,19.05148654903608
36900.0,15,365,20.0,22.336222377434044
36900.0,21,1249,20.0,18.984541592098655
36900.0,21,410,20.0,20.656633579992935
36900.0,38,1339,20.0,24.597238845161037
36900.0,38,456,20.0,23.372717912866857
36900.0,8,320,20.0,25.409013248353645
36900.0,9,1203,20.0,23.22023242176998
36900.0,36,1295,13.873151960144298,20.13265449024385
36900.0,62,591,20.0,25.134313080425468
36900.0,62,1430,20.0,29.700188472386717
36900.0,62,1475,6.126848039855702,33.14759638817332
36900.0,6,1158,20.0,24.351647228790384
36900.0,11,364,20.0,19.83561451566445
36900.0,0,274,20.0,25.63497023971542
36900.0,109,545,20.0,21.026185913785913
36900.0,64,1114,20.0,22.048334953183147
36900.0,124,1431,20.0,28.86488471515242
36900.0,152,1250,20.0,17.68797746371915
36900.0,148,409,20.0,17.902896026386887
36900.0,246,1386,20.0,25.410026199426394
36900.0,246,590,20.0,21.984500623821045
37200.0,42,498,20.0,21.250727139392552
37200.0,42,1337,20.0,23.10393391065568
37200.0,49,543,20.0,20.49168303205312
37200.0,49,1383,20.0,23.388517763533756
37200.0,49,1382,5.732325189595386,25.98604931175825
37200.0,34,453,20.0,22.809423019152135
37200.0,34,1292,20.0,20.777122296848052
37200.0,7,317,20.0,27.302222101544263
37200.0,7,1156,20.0,25.278797736765988
37200.0,7,1201,5.732325189595386,24.50140410846884
37200.0,45,1382,14.267674810404614,25.747237319827796
37200.0,15,362,20.0,24.022093077076565
37200.0,15,1201,14.267674810404614,24.465859873089116
37200.0,15,1202,11.464650379190772,20.858295759578773
37200.0,18,1246,20.0,23.99121953854833
37200.0,18,407,20.0,22.316269312291787
37200.0,18,363,5.732325189595386,27.609368840548964
37200.0,21,1247,20.0,20.349050075248286
37200.0,28,408,20.0,25.077755651940315
37200.0,16,1202,8.535349620809228,20.821756554783192
37200.0,62,589,20.0,25.03235456986413
37200.0,62,1428,20.0,26.74403281681538
37200.0,62,1473,5.732325189595386,30.266667506977793
37200.0,53,544,20.0,24.26092063351134
37200.0,0,272,20.0,30.951303365418948
37200.0,0,1111,20.0,27.094402669236228
37200.0,19,363,14.267674810404614,27.604983614372983
37200.0,56,588,20.0,21.962197469268382
37200.0,106,1338,20.0,20.69239208865277
37200.0,90,452,20.0,20.38290607791721
37200.0,125,1473,14.267674810404614,30.326960790470785
37200.0,127,316,20.0,25.862861429220846
37200.0,134,1157,20.0,21.802415220124495
37200.0,224,1293,20.0,18.485455041475483
37500.0,42,496,20.0,31.577768571992117
37500.0,42,1335,20.0,34.887000984250896
37500.0,49,541,20.0,30.623350772180412
37500.0,49,1380,20.0,37.78164885931761
37500.0,34,451,20.0,33.57983937058661
37500.0,34,1290,20.0,32.09389272204946
37500.0,31,450,20.0,29.884084365250253
37500.0,7,315,20.0,37.546691956371134
37500.0,7,1154,20.0,28.513730819648583
37500.0,15,360,20.0,34.28468273678849
37500.0,15,1199,20.0,30.131534288971597
37500.0,15,1244,5.3558392190847215,32.71832751191422
37500.0,18,1244,14.644160780915279,32.14698572847444
37500.0,18,405,20.0,32.400174094746866
37500.0,28,1289,20.0,35.309031425104294
37500.0,36,495,20.0,28.540106372460713
37500.0,62,587,20.0,34.26165883884178
37500.0,62,1516,20.0,44.40578644558583
37500.0,62,631,5.3558392190847215,30.867591882206813
37500.0,61,1426,20.0,38.775410260533846
37500.0,5,314,20.0,34.91390499590239
37500.0,53,1471,20.0,40.94983133712695
37500.0,53,586,20.0,30.71834867233039
37500.0,0,1153,20.0,32.13478757042418
37500.0,86,1245,20.0,29.269997431279126
37500.0,71,359,20.0,31.81589390964109
37500.0,115,1381,20.0,35.8159824680778
37500.0,124,631,14.644160780915279,30.83243626097741
37500.0,63,1109,20.0,28.164316594074077
37500.0,170,540,20.0,27.59855311016825
37500.0,205,1200,20.0,26.911431545881605
37500.0,205,404,20.0,29.34962994506745
37500.0,233,1336,20.0,32.740107716835055
37500.0,304,585,20.0,26.989915250688032
37800.0,42,494,20.0,32.56115064492996
37800.0,42,1423,20.0,34.671366672755624
37800.0,42,1379,4.997569315255248,28.523107738248324
37800.0,49,1424,20.0,30.661153945122678
37800.0,49,539,20.0,30.31341775008545
37800.0,34,1378,20.0,31.79401338399656
37800.0,34,448,20.0,30.804384304044213
37800.0,34,493,4.997569315255248,28.93911772835167
37800.0,31,1333,20.0,30.04120827506995
37800.0,7,1196,20.0,32.3391181937175
37800.0,7,357,20.0,32.91270582761271
37800.0,7,312,4.997569315255248,36.19558791019135
37800.0,45,538,20.0,26.952847546809206
37800.0,15,358,20.0,36.398485298200484
37800.0,15,1197,20.0,28.927950774980808
37800.0,18,1242,20.0,29.025970345464998
37800.0,18,402,20.0,29.855885163993133
37800.0,21,403,20.0,33.029263790402624
37800.0,38,493,15.002430684744752,28.501807474642554
37800.0,38,1379,15.002430684744752,28.56755532593577
37800.0,62,1514,20.0,36.90285827711128
37800.0,62,629,20.0,28.179386070050192
37800.0,62,584,4.997569315255248,29.148159139638643
37800.0,6,312,15.002430684744752,35.95586729680875
37800.0,61,584,15.002430684744752,28.90656638510594
37800.0,53,1469,20.0,33.76821632839786
37800.0,0,1151,20.0,32.47054725959565
37800.0,67,1152,20.0,29.38610242204979
37800.0,181,583,20.0,25.493353065073336
37800.0,152,447,20.0,27.271339677695007
37800.0,187,1470,20.0,30.566246943343582
37800.0,160,1288,20.0,26.494215833516165
37800.0,189,1107,20.0,30.58332134910936
37800.0,189,311,20.0,33.66208751659566
38100.0,42,1421,20.0,28.57876951160015
38100.0,42,491,20.0,26.4598823643546
38100.0,42,536,4.65768599517736,24.18617832441876
38100.0,49,536,15.34231400482264,23.995553614975286
38100.0,49,1466,20.0,32.17562510570962
38100.0,49,1422,9.31537199035472,25.441107376493107
38100.0,34,1376,20.0,25.944721093477742
38100.0,34,446,20.0,29.699628426830458
38100.0,31,1331,20.0,24.14023520679054
38100.0,7,1240,20.0,27.166324323310974
38100.0,7,310,20.0,35.93335789859928
38100.0,7,355,4.65768599517736,32.61059333631763
38100.0,15,1285,20.0,26.832798020289765
38100.0,15,400,20.0,29.328695717836528
38100.0,15,355,4.65768599517736,32.642223002752615
38100.0,21,1286,20.0,23.49673156131027
38100.0,28,445,20.0,26.182254420445563
38100.0,8,355,10.68462800964528,32.38559446721246
38100.0,23,1330,20.0,27.961115079303326
38100.0,23,401,20.0,33.008072645807964
38100.0,62,1512,20.0,31.3846933186958
38100.0,62,627,20.0,26.579986253365128
38100.0,62,582,4.65768599517736,26.366729952420986
38100.0,61,582,15.34231400482264,26.18042678622176
38100.0,5,1195,20.0,29.504990995954653
38100.0,53,581,20.0,22.389782333675882
38100.0,53,1467,20.0,28.545588801624962
38100.0,48,1422,10.68462800964528,25.44022448497027
38100.0,64,309,20.0,32.93675736600895
38100.0,124,626,20.0,22.907330883465555
38100.0,162,490,20.0,23.01802387410943
38100.0,131,354,20.0,29.612563131708665
38100.0,138,1241,20.0,23.977385820139283
38100.0,167,1377,20.0,22.769440431827512
38400.0,42,1419,20.0,25.511272172033614
38400.0,42,489,20.0,26.15442859539995
38400.0,49,534,20.0,25.073911604348297
38400.0,49,1464,20.0,28.322176552005025
38400.0,34,488,20.0,22.576372537513247
38400.0,34,1374,20.0,23.71510194448
38400.0,34,1373,4.336351024903379,26.80636652224874
38400.0,31,1373,15.66364897509662,26.657966025459935
38400.0,31,443,20.0,24.939517481971247
38400.0,7,1238,20.0,25.00892425355148
38400.0,7,352,20.0,28.178659719519196
38400.0,15,1283,20.0,24.64284184815597
38400.0,15,353,20.0,30.73971504830584
38400.0,15,398,4.336351024903379,27.52795809113481
38400.0,18,398,15.66364897509662,26.97049446208429
38400.0,21,1328,20.0,25.447321557213737
38400.0,62,624,20.0,24.634458222195498
38400.0,62,1509,20.0,31.898050411578794
38400.0,62,1510,4.336351024903379,28.85653800209868
38400.0,6,1237,20.0,28.949758941638233
38400.0,6,308,20.0,34.175363484432246
38400.0,29,1329,20.0,22.63810919997162
38400.0,53,579,20.0,24.395776745513732
38400.0,0,307,20.0,31.156444211259263
38400.0,0,1192,20.0,30.11341799662217
38400.0,0,1193,4.336351024903379,26.560163485656577
38400.0,3,1193,15.66364897509662,26.51233739546004
38400.0,118,1465,20.0,25.629380779128418
38400.0,106,533,20.0,22.05718805748805
38400.0,124,1510,15.66364897509662,28.851422915397386
38400.0,77,397,20.0,25.106828170636515
38400.0,148,1284,20.0,22.118143251171833
38400.0,238,578,20.0,21.439369812898967
38400.0,238,1420,20.0,22.766047599790348
38700.0,42,531,20.0,22.10914138084362
38700.0,42,1416,20.0,25.234911869143996
38700.0,42,1417,4.0337173424757395,23.053579280345293
38700.0,49,532,20.0,26.03903919764449
38700.0,49,1462,20.0,25.697073372756208
38700.0,49,576,4.0337173424757395,22.602409688239526
38700.0,34,486,20.0,22.149626829490824
38700.0,34,1371,20.0,22.155091060638618
38700.0,31,441,20.0,23.024122936079202
38700.0,7,350,20.0,23.65283278910443
38700.0,7,1235,20.0,21.996102054944526
38700.0,45,1417,15.96628265752426,22.766916994486373
38700.0,15,395,20.0,21.12111705874577
38700.0,15,1281,20.0,19.44313150085907
38700.0,15,1280,4.0337173424757395,23.18327696951715
38700.0,18,396,20.0,24.29640924689195
38700.0,21,1326,20.0,20.94603284826613
38700.0,47,1461,20.0,28.34390660647236
38700.0,62,622,20.0,26.138800788911936
38700.0,62,1507,20.0,28.759784687665213
38700.0,53,577,20.0,25.857295589908347
38700.0,10,1280,15.96628265752426,23.187980249009154
38700.0,10,1236,20.0,18.82002164510811
38700.0,0,305,20.0,27.016449315332192
38700.0,0,1190,20.0,22.34002836840594
38700.0,50,576,15.96628265752426,22.57429729205754
38700.0,101,1372,20.0,20.177378137848667
38700.0,86,440,20.0,20.01925035750592
38700.0,184,621,20.0,23.068301965947665
38700.0,128,1191,20.0,19.111825018070405
38700.0,218,485,20.0,19.537571566107292
38700.0,218,1327,20.0,18.477042054334408
38700.0,247,1463,20.0,24.4819740739486
38700.0,193,349,20.0,21.79031510224476
39000.0,42,1414,20.0,30.02519707960554
39000.0,42,529,20.0,27.521983502283284
39000.0,49,1459,20.0,32.140212642222195
39000.0,49,574,20.0,26.82507823667146
39000.0,34,1369,20.0,28.126118420203667
39000.0,34,484,20.0,28.595512049800384
39000.0,31,483,20.0,25.923360655486512
39000.0,31,439,20.0,31.0399955779582
39000.0,7,1233,20.0,29.102705296176737
39000.0,7,348,20.0,33.162915572670194
39000.0,15,393,20.0,29.890482200352377
39000.0,15,1278,20.0,28.6885782873718
39000.0,18,1323,20.0,30.258458517358374
39000.0,21,438,20.0,27.703417147911207
39000.0,28,1324,20.0,26.656777646441498
39000.0,28,1368,20.0,32.331271291834966
39000.0,62,1505,20.0,32.34950363606052
39000.0,62,620,20.0,30.24027649144782
39000.0,61,619,20.0,27.01262401873815
39000.0,53,1460,20.0,29.4685892279697
39000.0,55,1504,20.0,35.717403178339026
39000.0,55,575,20.0,30.85792394688029
39000.0,0,303,20.0,36.63126057928885
39000.0,0,1188,20.0,30.05405338359598
39000.0,67,347,20.0,31.656613711117227
39000.0,83,1279,20.0,25.59283855041692
39000.0,170,1415,20.0,27.527041122335483
39000.0,164,528,20.0,24.97781255860744
39000.0,126,302,20.0,34.9889838767761
39000.0,197,392,20.0,28.63043386363186
39000.0,202,1234,20.0,26.045691807745904
39000.0,251,664,20.0,27.255182503660713
39000.0,298,573,20.0,24.05289826496365
39000.0,289,1370,20.0,25.4770127963799
39300.0,42,1412,20.0,25.82708976362056
39300.0,42,527,20.0,26.200457390839425
39300.0,49,1457,20.0,28.04700234410951
39300.0,49,572,20.0,25.192956764621115
39300.0,34,481,20.0,23.706886286741558
39300.0,34,1367,20.0,24.10234548811538
39300.0,31,1366,20.0,26.864287862120978
39300.0,7,1231,20.0,23.049699087450037
39300.0,7,345,20.0,26.579652519495585
39300.0,7,346,3.4851210207743506,29.179089893263857
39300.0,15,1276,20.0,23.65827361186322
39300.0,15,391,20.0,26.07767387274638
39300.0,18,1321,20.0,25.503998423262214
39300.0,21,436,20.0,24.658879149898382
39300.0,38,526,20.0,22.956747916484147
39300.0,38,1411,20.0,29.254368878814994
39300.0,38,482,3.4851210207743506,27.421517747244323
39300.0,8,346,16.51487897922565,29.0801151716545
39300.0,8,1275,20.0,27.25794535790367
39300.0,36,482,16.51487897922565,27.372746996239073
39300.0,62,617,20.0,25.176894470929525
39300.0,62,1547,20.0,35.29245372285946
39300.0,5,1230,20.0,26.283958289330556
39300.0,53,1502,20.0,31.916113840167807
39300.0,10,390,20.0,24.046305119782424
39300.0,0,300,20.0,29.57079137260871
39300.0,109,571,20.0,22.232277391581093
39300.0,124,1503,20.0,30.536565019413015
39300.0,63,1186,20.0,24.173208795058542
39300.0,181,1458,20.0,27.403035221541042
39300.0,152,1322,20.0,22.524333016992706
39300.0,143,435,20.0,22.504568630649757
39300.0,243,616,20.0,22.061605531762023
39300.0,251,662,20.0,26.899503828364868
39600.0,42,524,20.0,17.92602653982626
39600.0,42,1454,20.0,22.977107229423833
39600.0,49,1455,20.0,19.634499881553353
39600.0,49,569,20.0,16.983175595886376
39600.0,34,479,20.0,20.622385154297113
39600.0,34,1409,20.0,20.61492075772817
39600.0,34,1364,3.2394194836378603,19.712405502977983
39600.0,31,1364,16.76058051636214,19.17372567667975
39600.0,7,343,20.0,27.356035001053094
39600.0,7,1273,20.0,23.726211453877287
39600.0,15,388,20.0,24.070386465821567
39600.0,15,1274,20.0,20.23153328743103
39600.0,15,1318,3.2394194836378603,23.41740230181188
39600.0,18,1318,16.76058051636214,23.254945503783734
39600.0,18,433,20.0,21.413442342710347
39600.0,18,389,6.4788389672757205,26.83404007609141
39600.0,21,1319,20.0,19.371264237273706
39600.0,28,434,20.0,23.88926859235819
39600.0,16,389,13.52116103272428,26.879268998014044
39600.0,62,615,20.0,20.417517076045005
39600.0,62,1545,20.0,25.913244227031655
39600.0,6,1228,20.0,25.425514482471133
39600.0,61,1500,20.0,22.63129343348693
39600.0,53,570,20.0,20.587677278561674
39600.0,0,298,20.0,31.065992814338944
39600.0,118,614,20.0,17.031595960178734
39600.0,106,1410,20.0,17.585400898523442
39600.0,90,478,20.0,18.682650512866807
39600.0,127,342,20.0,26.9801439137097
39600.0,134,1229,20.0,21.850952992360565
39600.0,161,1365,20.0,16.749630469182694
39600.0,188,659,20.0,19.449700956428615
39600.0,224,523,20.0,15.838722989170567
39600.0,250,1501,20.0,20.904002001423674
39900.0,42,522,20.0,25.926695450856634
39900.0,42,1452,20.0,26.751281589362893
39900.0,42,1407,3.012941314351721,24.141054564730332
39900.0,49,567,20.0,23.78619009327982
39900.0,34,477,20.0,28.251441835598257
39900.0,34,1407,16.98705868564828,24.227006594220246
39900.0,34,1362,6.025882628703442,22.132450578413177
39900.0,31,1362,13.974117371296558,21.78889177949294
39900.0,31,476,20.0,24.78983118156991
39900.0,7,341,20.0,34.46868008903059
39900.0,7,1271,20.0,25.952004274567972
39900.0,7,1226,3.012941314351721,27.21426613184386
39900.0,15,386,20.0,30.957659921992867
39900.0,15,1316,20.0,25.31765621860954
39900.0,18,431,20.0,27.79750892026926
39900.0,28,1361,20.0,25.637463843061063
39900.0,62,613,20.0,25.954232255145193
39900.0,62,1543,20.0,29.827458092786976
39900.0,62,657,3.012941314351721,21.921606491934334
39900.0,6,1226,16.98705868564828,27.01128732158362
39900.0,61,1542,20.0,32.94077513278546
39900.0,61,1498,20.0,26.60984828884429
39900.0,53,1497,20.0,29.20197575403163
39900.0,53,612,20.0,22.190165722618655
39900.0,0,340,20.0,32.1197040251551
39900.0,0,1225,20.0,30.768725196335367
39900.0,101,521,20.0,22.796729120588747
39900.0,70,385,20.0,28.987959155383372
39900.0,114,1453,20.0,23.856656439005025
39900.0,86,1317,20.0,21.74834308686136
39900.0,124,657,16.98705868564828,21.79873215656132
39900.0,169,566,20.0,20.782407128544392
39900.0,142,1272,20.0,22.513146625516775
39900.0,205,430,20.0,25.59545983787601
40200.0,42,520,20.0,25.463154939915672
40200.0,42,1449,20.0,30.557706111554825
40200.0,42,564,2.8057943042585123,20.17549062449695
40200.0,49,565,20.0,23.29737223215686
40200.0,49,1450,20.0,26.91701002226653
40200.0,34,1404,20.0,28.256250109536154
40200.0,34,519,20.0,21.690841623628817
40200.0,31,474,20.0,23.496497493292715
40200.0,7,1268,20.0,30.321391746891734
40200.0,7,383,20.0,27.61054203281323
40200.0,45,564,17.194205695741488,20.100770558374066
40200.0,15,384,20.0,30.073225910659442
40200.0,15,1314,20.0,26.708545213410467
40200.0,18,429,20.0,26.968786976807202
40200.0,28,1359,20.0,27.169070542197687
40200.0,38,1405,20.0,25.165938561267158
40200.0,9,1269,20.0,26.85900774128232
40200.0,62,1540,20.0,33.44147833775027
40200.0,62,655,20.0,24.686474113483197
40200.0,61,610,20.0,23.758761578030047
40200.0,5,338,20.0,30.896430429298253
40200.0,53,1495,20.0,29.949250111310395
40200.0,0,1223,20.0,30.297182360658137
40200.0,67,1224,20.0,27.06051925993212
40200.0,80,428,20.0,24.485437505055547
40200.0,95,1360,20.0,24.369722213629004
40200.0,184,1496,20.0,28.034765006399326
40200.0,177,609,20.0,19.92936431000662
40200.0,149,473,20.0,21.55490000403582
40200.0,213,1315,20.0,23.362697308595003
40200.0,284,518,20.0,19.465383341789334
40200.0,309,654,20.0,21.36280217856134
40200.0,314,1541,20.0,31.504029072063716
40200.0,304,1451,20.0,24.61300703299887
40500.0,42,1447,20.0,29.251751814495332
40500.0,42,562,20.0,25.713239852887956
40500.0,49,1492,20.0,32.76663136304133
40500.0,49,563,20.0,29.689974560945373
40500.0,34,1402,20.0,26.636478309901378
40500.0,34,517,20.0,27.73850865167153
40500.0,31,472,20.0,29.865421938881365
40500.0,31,1357,20.0,25.815721132974918
40500.0,7,1266,20.0,28.15121590167472
40500.0,7,381,20.0,33.27302260095726
40500.0,15,1311,20.0,28.015400964814802
40500.0,15,426,20.0,30.126904211476173
40500.0,18,1312,20.0,24.726708905619894
40500.0,21,427,20.0,33.39378311867997
40500.0,21,1356,20.0,29.514125422883488
40500.0,47,1448,20.0,27.005961916290516
40500.0,23,471,20.0,27.243454327917977
40500.0,62,1538,20.0,32.754248581116315
40500.0,62,653,20.0,28.86699529585357
40500.0,6,336,20.0,36.81351286537756
40500.0,53,1493,20.0,29.870749495485178
40500.0,53,607,20.0,25.17454330250757
40500.0,55,608,20.0,28.822656208787258
40500.0,0,1221,20.0,28.68208153288206
40500.0,121,652,20.0,25.601105223804108
40500.0,75,1267,20.0,25.166681528645384
40500.0,63,335,20.0,34.46626696306307
40500.0,160,516,20.0,24.914408126182202
40500.0,131,380,20.0,31.173438473394963
40500.0,164,1403,20.0,24.535420846147545
40500.0,194,1222,20.0,25.589394792808832
40500.0,263,425,20.0,27.942235305879958
40500.0,284,1358,20.0,22.983794473423906
40500.0,289,561,20.0,22.968875533924546
40800.0,42,1445,20.0,30.889282076352632
40800.0,42,560,20.0,25.979976689727035
40800.0,49,1490,20.0,34.23711676212627
40800.0,49,605,20.0,25.92694963461486
40800.0,34,1400,20.0,27.924226154684874
40800.0,34,514,20.0,23.290195180037056
40800.0,31,1399,20.0,30.504244378928593
40800.0,31,470,20.0,29.1082268419472
40800.0,7,1264,20.0,22.88298922888602
40800.0,7,379,20.0,29.90199923986837
40800.0,7,378,2.4498788771732123,27.49188892360319
40800.0,15,1309,20.0,24.62854621347962
40800.0,15,424,20.0,27.058748230008057
40800.0,21,1354,20.0,27.132207757203936
40800.0,28,469,20.0,25.077248792122617
40800.0,28,1355,20.0,25.062943329523865
40800.0,38,515,20.0,26.774479553678876
40800.0,62,650,20.0,26.333879406596093
40800.0,62,1536,20.0,35.31424542587055
40800.0,6,378,17.550121122826788,27.430650882718137
40800.0,61,1535,20.0,38.01308843017438
40800.0,5,334,20.0,33.210355235037966
40800.0,0,333,20.0,30.4290760437356
40800.0,0,1219,20.0,23.428763296657085
40800.0,3,1263,20.0,26.944873413774545
40800.0,118,1491,20.0,32.16348882144053
40800.0,102,559,20.0,22.514116887004157
40800.0,148,1310,20.0,22.8217494148496
40800.0,138,423,20.0,24.8030823431966
40800.0,238,1446,20.0,28.863455768184064
40800.0,238,604,20.0,22.258877353779898
40800.0,210,468,20.0,23.018439173317432
40800.0,263,1265,20.0,20.934457955423504
40800.0,292,1401,20.0,25.834857184736517
41100.0,42,557,20.0,21.2496618794357
41100.0,42,1443,20.0,21.96066212773557
41100.0,42,1442,2.301279856648108,25.766322242134393
41100.0,49,1488,20.0,25.082067471946093
41100.0,49,558,20.0,25.245014861473162
41100.0,49,602,2.301279856648108,20.59924684294083
41100.0,34,512,20.0,22.871633856872645
41100.0,34,1397,20.0,22.46119482300223
41100.0,7,376,20.0,28.73987339571891
41100.0,7,1261,20.0,26.338809271678613
41100.0,15,1307,20.0,21.16873602095122
41100.0,15,421,20.0,25.721045728460766
41100.0,18,422,20.0,28.633591487801738
41100.0,21,1352,20.0,21.5384390531213
41100.0,28,467,20.0,25.70984045220577
41100.0,38,1442,17.698720143351892,25.46293802780722
41100.0,8,1262,20.0,22.900017053836137
41100.0,9,1306,20.0,25.115031720034775
41100.0,62,648,20.0,23.130845858936617
41100.0,62,1533,20.0,28.55331199774493
41100.0,53,603,20.0,23.679812153619817
41100.0,11,377,20.0,32.39314991558216
41100.0,0,331,20.0,32.087197151902735
41100.0,0,1216,20.0,28.191934091347406
41100.0,48,602,17.698720143351892,20.615286629831484
41100.0,101,1398,20.0,19.13125205634705
41100.0,86,466,20.0,23.19261300368869
41100.0,181,647,20.0,20.135269823745187
41100.0,127,1217,20.0,24.661136292300096
41100.0,188,1534,20.0,26.811246812248424
41100.0,246,1489,20.0,23.550536144267586
41100.0,218,1353,20.0,18.068643535563663
41100.0,218,511,20.0,20.329673646981806
41100.0,191,375,20.0,27.972727459485515
41400.0,42,555,20.0,21.798225723021215
41400.0,42,1440,20.0,26.830914303312902
41400.0,49,600,20.0,22.451902113576157
41400.0,49,1485,20.0,29.685675066878623
41400.0,34,510,20.0,22.88174843175176
41400.0,34,1395,20.0,24.34767839743656
41400.0,7,374,20.0,28.446317729957
41400.0,7,1259,20.0,23.776925730492295
41400.0,15,419,20.0,25.1148248673249
41400.0,15,1304,20.0,24.882900364869027
41400.0,18,1349,20.0,26.53631422048477
41400.0,21,464,20.0,22.099961234774014
41400.0,28,465,20.0,25.300691408132852
41400.0,23,1350,20.0,22.965315225037912
41400.0,62,646,20.0,26.778841369315728
41400.0,62,1531,20.0,29.456443345630053
41400.0,29,509,20.0,20.394395217185114
41400.0,53,1486,20.0,26.843673432172352
41400.0,53,601,20.0,26.267546119867525
41400.0,53,1530,2.172350707626343,32.813482783589755
41400.0,55,1530,17.827649292373657,32.739143180370284
41400.0,55,645,20.0,23.90106956032365
41400.0,0,329,20.0,32.069705290132795
41400.0,0,1214,20.0,24.7435563623862
41400.0,67,373,20.0,26.60417602264653
41400.0,80,1305,20.0,21.44920921796112
41400.0,162,554,20.0,19.392404260549988
41400.0,170,1441,20.0,24.027234371453886
41400.0,188,690,20.0,25.6972362855943
41400.0,197,418,20.0,23.1902915962867
41400.0,197,1260,20.0,20.486190486014216
41400.0,227,1396,20.0,21.759783896324706
41400.0,298,599,20.0,19.863558073582553
41400.0,319,1215,20.0,21.11290739037611
41700.0,42,553,20.0,26.553869230537355
41700.0,42,1438,20.0,26.449195768259994
41700.0,49,1483,20.0,29.463619971625896
41700.0,49,598,20.0,26.048858752458827
41700.0,34,1393,20.0,24.74506619264723
41700.0,34,507,20.0,23.92400400918161
41700.0,34,1437,2.0631527934000715,30.460537226209485
41700.0,31,1392,20.0,28.342842508616357
41700.0,7,372,20.0,31.77103165263345
41700.0,7,1257,20.0,24.752826350971525
41700.0,15,417,20.0,28.14979330444181
41700.0,15,1302,20.0,25.30717655749729
41700.0,18,1347,20.0,26.65753259127129
41700.0,21,462,20.0,25.522200259282865
41700.0,38,552,20.0,23.192488727937203
41700.0,36,1437,17.93684720659993,30.41165932931124
41700.0,36,508,20.0,27.56701269549035
41700.0,62,1573,20.0,36.40462277875584
41700.0,62,689,20.0,28.195497433624027
41700.0,6,371,20.0,28.821435614844205
41700.0,61,1529,20.0,30.264969037854318
41700.0,53,1528,20.0,32.976955367893865
41700.0,10,416,20.0,25.638401178073988
41700.0,0,1256,20.0,28.226810540559484
41700.0,125,734,20.0,29.91335430434318
41700.0,63,1212,20.0,24.691971360850854
41700.0,152,1348,20.0,23.268772506044552
41700.0,143,461,20.0,22.946321022636376
41700.0,180,1484,20.0,26.97803191838061
41700.0,170,643,20.0,22.830780115893713
41700.0,241,688,20.0,24.57106534653674
41700.0,207,1303,20.0,22.084159855346805
41700.0,277,506,20.0,20.82994939538822
41700.0,298,1439,20.0,23.68485271863086
42000.0,42,596,20.0,25.160063026547043
42000.0,42,1480,20.0,34.59550849554532
42000.0,49,1481,20.0,30.728742695676246
42000.0,49,642,20.0,27.264009777440666
42000.0,49,641,1.9737380862623084,23.76114875457737
42000.0,34,1435,20.0,31.19247083356656
42000.0,34,551,20.0,27.51168503054256
42000.0,31,1390,20.0,29.192175562034162
42000.0,7,1299,20.0,29.6975435034858
42000.0,7,369,20.0,33.46937051484925
42000.0,45,641,18.02626191373769,23.549584311920785
42000.0,15,1344,20.0,31.324727423809286
42000.0,15,1300,20.0,26.36106466027178
42000.0,15,415,1.9737380862623084,32.96255177634048
42000.0,18,505,20.0,27.81467567810715
42000.0,18,1345,20.0,27.606764171379332
42000.0,18,415,1.9737380862623084,33.01892710599575
42000.0,21,460,20.0,30.20283085706705
42000.0,16,415,16.052523827475383,32.92068959397712
42000.0,8,414,20.0,30.370472111394907
42000.0,62,1571,20.0,37.079736578037775
42000.0,62,687,20.0,27.236087811246854
42000.0,62,732,1.9737380862623084,29.164788708604178
42000.0,41,1436,20.0,27.969070531458684
42000.0,5,1254,20.0,28.6624458993235
42000.0,53,1526,20.0,34.07252666754725
42000.0,0,324,20.0,36.90800342498566
42000.0,118,686,20.0,23.74862207776001
42000.0,89,550,20.0,25.462849137568323
42000.0,125,732,18.02626191373769,29.150028112937733
42000.0,160,1391,20.0,25.97234102547475
42000.0,131,1255,20.0,25.031102868450425
42000.0,126,368,20.0,31.230855909108342
42000.0,224,595,20.0,22.967648958118094
42300.0,42,1478,20.0,25.013200731732372
42300.0,42,594,20.0,25.851508673099598
42300.0,49,639,20.0,23.50489274814328
42300.0,49,1523,20.0,28.058516418881023
42300.0,34,1433,20.0,23.213490368282976
42300.0,34,549,20.0,28.265742881820735
42300.0,31,1388,20.0,22.755855812545466
42300.0,7,1297,20.0,27.995361407119223
42300.0,7,413,20.0,33.58334888935889
42300.0,15,1342,20.0,26.875133319084235
42300.0,15,458,20.0,30.119005384767995
42300.0,18,503,20.0,26.56709223532178
42300.0,28,548,20.0,24.545532153366285
42300.0,23,1387,20.0,26.506243214346977
42300.0,62,1569,20.0,27.52901793250041
42300.0,62,729,20.0,22.333769253483226
42300.0,62,685,1.9041491427709758,26.00540123265037
42300.0,6,1252,20.0,30.068198620762946
42300.0,61,685,18.095850857229024,25.88085583811904
42300.0,53,684,20.0,22.012915318904
42300.0,22,1343,20.0,23.700238442767105
42300.0,55,1524,20.0,24.385799835042295
42300.0,0,412,20.0,31.687369209682622
42300.0,60,1568,20.0,31.55281995400176
42300.0,70,457,20.0,28.50357354101095
42300.0,114,1479,20.0,21.767660539842105
42300.0,99,593,20.0,22.522972913780404
42300.0,140,1298,20.0,24.765975694757714
42300.0,229,638,20.0,20.268089159056487
42300.0,229,1434,20.0,19.87806606343788
42300.0,202,502,20.0,25.16526049644301
42300.0,258,1253,20.0,26.345749706669146
42300.0,302,683,20.0,18.744263499722997
42300.0,335,547,20.0,22.902991340321925
42600.0,42,1476,20.0,31.323854732907108
42600.0,42,592,20.0,30.738402432095093
42600.0,42,636,1.8544190834942569,26.049610356405207
42600.0,49,637,20.0,28.939448284409572
42600.0,49,1521,20.0,34.493695786673946
42600.0,34,591,20.0,27.111236640471343
42600.0,34,1430,20.0,32.91363907004145
42600.0,31,546,20.0,29.149913751834386
42600.0,7,455,20.0,32.30734110597693
42600.0,7,1294,20.0,31.783956298622822
42600.0,7,1295,1.8544190834942569,28.29526508877744
42600.0,44,636,18.145580916505743,26.082729162657518
42600.0,15,1340,20.0,29.262651916476912
42600.0,15,456,20.0,34.91739464782156
42600.0,18,501,20.0,31.532230715103097
42600.0,21,1385,20.0,31.396018738734675
42600.0,38,1431,20.0,29.37348784904858
42600.0,8,1295,18.145580916505743,28.122925447657273
42600.0,62,727,20.0,29.31103088771802
42600.0,62,1566,20.0,37.44032563594505
42600.0,41,1475,20.0,35.186307738862354
42600.0,53,682,20.0,28.652179764478984
42600.0,0,410,20.0,35.1874207857676
42600.0,0,1249,20.0,30.887241901905718
42600.0,67,1250,20.0,27.483843017831937
42600.0,92,1386,20.0,27.762151685173016
42600.0,80,500,20.0,29.43814005041549
42600.0,125,1567,20.0,35.10418323677473
42600.0,184,1522,20.0,31.7621388865372
42600.0,177,681,20.0,25.69537495865673
42600.0,213,545,20.0,26.82025254694097
42600.0,213,1341,20.0,25.887611445905506
42600.0,309,726,20.0,26.331476897969548
42600.0,300,1477,20.0,28.754059520008134
42900.0,42,1473,20.0,21.791871816389943
42900.0,42,634,20.0,19.08263027954933
42900.0,49,1518,20.0,24.953466898884663
42900.0,49,679,20.0,20.027873743857747
42900.0,49,635,1.8245715772469993,23.15133451611974
42900.0,34,1428,20.0,19.96129633334025
42900.0,34,589,20.0,20.090597192751833
42900.0,31,544,20.0,21.344858968440285
42900.0,7,1292,20.0,24.48947380197093
42900.0,7,453,20.0,24.3509577819939
42900.0,45,1474,20.0,19.748050033581574
42900.0,15,498,20.0,21.65475127679182
42900.0,15,1337,20.0,23.579438156161494
42900.0,18,1338,20.0,20.049371988427946
42900.0,21,499,20.0,23.739616769404755
42900.0,21,1382,20.0,23.784583088490397
42900.0,47,635,18.175428422753,23.21702734960611
42900.0,28,1383,20.0,19.72185165421631
42900.0,23,543,20.0,19.7588245616114
42900.0,62,1564,20.0,24.85945247777269
42900.0,62,725,20.0,24.338021700532625
42900.0,5,408,20.0,28.29942063085235
42900.0,53,1519,20.0,22.16935935115127
42900.0,53,680,20.0,23.62700323007134
42900.0,0,1247,20.0,26.161242232531713
42900.0,121,724,20.0,21.244144188759496
42900.0,74,1293,20.0,21.406622829100037
42900.0,164,1429,20.0,18.024207303771785
42900.0,155,588,20.0,18.748160321872373
42900.0,189,407,20.0,27.80602715139046
42900.0,194,452,20.0,24.255183653882526
42900.0,194,1248,20.0,23.011648353525274
42900.0,263,497,20.0,21.561613091360435
42900.0,284,1384,20.0,17.51494786707766
43200.0,42,1517,20.0,28.594643221718233
43200.0,42,632,20.0,25.995327797993763
43200.0,49,1562,20.0,31.28150312877645
43200.0,49,677,20.0,25.17159589688397
43200.0,34,1426,20.0,27.06212763803922
43200.0,34,587,20.0,27.834933789691416
43200.0,34,586,1.8146208298256354,25.460109821835967
43200.0,31,586,18.185379170174365,25.33072352033196
43200.0,31,1471,20.0,31.0856960708161
43200.0,7,1290,20.0,26.979882914607156
43200.0,7,451,20.0,33.721210011143256
43200.0,15,1335,20.0,27.718196252103546
43200.0,15,496,20.0,30.2664147545509
43200.0,18,1380,20.0,29.72160928025945
43200.0,21,541,20.0,27.715539449748114
43200.0,28,1381,20.0,26.062185075678798
43200.0,28,542,20.0,30.379392687790222
43200.0,62,1608,20.0,30.541019215024534
43200.0,62,723,20.0,28.597775067910998
43200.0,62,722,1.8146208298256354,24.971280839374522
43200.0,6,450,20.0,31.564698943383142
43200.0,61,722,18.185379170174365,24.832025606642272
43200.0,55,1607,20.0,34.346719682150756
43200.0,0,1245,20.0,27.487369444294814
43200.0,0,405,20.0,34.71819398780984
43200.0,0,406,1.8146208298256354,37.27457747951594
43200.0,3,406,18.185379170174365,37.211335682510224
43200.0,3,1289,20.0,31.200876550056403
43200.0,101,631,20.0,24.001323333125985
43200.0,118,1563,20.0,28.060550938736476
43200.0,145,1336,20.0,24.59210092530945
43200.0,138,495,20.0,28.18389197255559
43200.0,173,1472,20.0,25.622346316771072
43200.0,236,676,20.0,22.373856702952395
43500.0,42,1515,20.0,24.287485043268845
43500.0,42,629,20.0,22.27001463871735
43500.0,42,630,1.8245715772469993,26.161843810263317
43500.0,49,1560,20.0,27.411289269325245
43500.0,49,675,20.0,27.143427061462432
43500.0,34,584,20.0,21.608405451269135
43500.0,34,1469,20.0,24.25031904167419
43500.0,7,448,20.0,26.906821673869086
43500.0,7,1288,20.0,20.01383340668737
43500.0,45,630,18.175428422753,25.85261921370611
43500.0,15,1379,20.0,20.497721599901485
43500.0,15,494,20.0,26.850737053818367
43500.0,15,493,1.8245715772469993,23.94261377618116
43500.0,21,1424,20.0,22.0822714271219
43500.0,21,539,20.0,24.259816463748184
43500.0,38,1514,20.0,27.346184348657303
43500.0,8,1378,20.0,24.55918320399277
43500.0,9,449,20.0,30.404941698275433
43500.0,62,720,20.0,27.8722524741222
43500.0,62,1650,20.0,34.69550152329012
43500.0,62,1605,1.8245715772469993,31.376035595333736
43500.0,6,1333,20.0,23.576187727441813
43500.0,61,1605,18.175428422753,31.134468946623553
43500.0,10,493,18.175428422753,23.971507505242887
43500.0,0,403,20.0,30.263693947411245
43500.0,109,674,20.0,23.52716591105399
43500.0,100,1470,20.0,21.23193579215462
43500.0,83,538,20.0,21.23685781629419
43500.0,125,1606,20.0,28.865136156346356
43500.0,181,719,20.0,24.759469643635008
43500.0,127,1243,20.0,19.84693993683116
43500.0,154,1425,20.0,19.624172917830105
43500.0,246,1561,20.0,25.498923424408275
43500.0,218,583,20.0,19.09040081197349
43800.0,42,627,20.0,24.115416249204067
43800.0,42,1512,20.0,23.97026232318834
43800.0,49,672,20.0,23.255846139510194
43800.0,49,1557,20.0,26.181730478900594
43800.0,49,1558,1.8544190834942569,24.036264876787328
43800.0,34,582,20.0,25.176346584493082
43800.0,34,1467,20.0,22.88144455212804
43800.0,7,446,20.0,27.84252577046211
43800.0,7,1331,20.0,25.498324513112593
43800.0,7,1376,1.8544190834942569,24.67406702535314
43800.0,15,491,20.0,25.701773137276597
43800.0,15,1376,18.145580916505743,24.715495471587378
43800.0,15,1421,3.7088381669885138,24.64251963260833
43800.0,18,1421,16.291161833011486,24.279846189392707
43800.0,18,536,20.0,24.230332500319747
43800.0,21,1422,20.0,22.017061482589256
43800.0,28,537,20.0,27.227231106481618
43800.0,62,718,20.0,26.49914422702529
43800.0,62,1648,20.0,30.728336184336612
43800.0,62,1603,1.8544190834942569,27.362137524070686
43800.0,61,1603,18.145580916505743,27.1638696482654
43800.0,53,673,20.0,27.21796346026771
43800.0,53,1558,18.145580916505743,24.04913845506843
43800.0,53,1602,3.7088381669885138,29.621193330561162
43800.0,55,717,20.0,23.247147173942704
43800.0,55,1602,16.291161833011486,29.691095449810575
43800.0,0,401,20.0,31.542812484205093
43800.0,106,1513,20.0,21.982015025202948
43800.0,90,581,20.0,22.568789942202024
43800.0,80,1377,20.0,22.192247547980568
43800.0,64,445,20.0,26.49006049898789
43800.0,63,1286,20.0,27.47992185110711
43800.0,162,626,20.0,21.68511689270258
43800.0,187,762,20.0,23.724251201545385
44100.0,42,625,20.0,26.88543818223064
44100.0,42,1510,20.0,26.491965194168195
44100.0,49,670,20.0,24.130490447083083
44100.0,49,1555,20.0,28.865101631217307
44100.0,34,580,20.0,30.387671003817324
44100.0,34,1509,20.0,30.342989794833542
44100.0,34,1465,1.9041491427709758,24.78783712280662
44100.0,31,579,20.0,26.812730881625622
44100.0,31,1465,18.095850857229024,24.646868090912484
44100.0,7,444,20.0,36.60744168646659
44100.0,7,1329,20.0,26.42455527731004
44100.0,15,489,20.0,33.04276779652491
44100.0,15,1374,20.0,25.784479306881884
44100.0,15,1419,1.9041491427709758,26.5362851917089
44100.0,18,1419,18.095850857229024,25.983028759978705
44100.0,18,534,20.0,30.19380886310173
44100.0,28,1464,20.0,28.07533536201757
44100.0,38,624,20.0,23.986557556167654
44100.0,62,1645,20.0,35.61793561854815
44100.0,62,760,20.0,23.982184609613622
44100.0,62,716,1.9041491427709758,27.8430495175454
44100.0,61,716,18.095850857229024,27.855060681779108
44100.0,5,443,20.0,34.37840558546681
44100.0,53,1600,20.0,32.06302189273778
44100.0,53,715,20.0,24.078820774070355
44100.0,0,1328,20.0,29.832109215278148
44100.0,58,1601,20.0,29.829172767588773
44100.0,70,488,20.0,31.0635889161659
44100.0,87,1420,20.0,22.94247666884185
44100.0,177,1556,20.0,26.532352429311054
44100.0,143,533,20.0,27.8903268051776
44100.0,170,669,20.0,21.29077850195907
44100.0,126,1284,20.0,27.370160033093182
44100.0,205,1375,20.0,22.32914799697615
44400.0,42,1552,20.0,27.82965347493132
44400.0,42,667,20.0,23.880529776556234
44400.0,42,623,1.9737380862623084,28.03087294189644
44400.0,49,668,20.0,27.158507429236362
44400.0,49,1553,20.0,25.80339774108145
44400.0,34,1507,20.0,24.773561594660286
44400.0,34,622,20.0,24.19665315593274
44400.0,34,577,1.9737380862623084,24.741615586162702
44400.0,31,577,18.02626191373769,24.21834682144062
44400.0,31,1462,20.0,22.344389872309982
44400.0,7,1371,20.0,24.150683991995223
44400.0,7,486,20.0,24.73342295151273
44400.0,7,441,1.9737380862623084,28.33602516427247
44400.0,15,487,20.0,28.44022774725505
44400.0,15,1416,20.0,25.06421426479605
44400.0,15,1372,1.9737380862623084,20.96388151331942
44400.0,18,1417,20.0,21.106842007742657
44400.0,18,531,20.0,22.63482157967029
44400.0,21,532,20.0,25.978629295213736
44400.0,62,1643,20.0,32.26899503785531
44400.0,62,758,20.0,27.31408433135265
44400.0,6,441,18.02626191373769,28.088477807658382
44400.0,41,1508,20.0,23.410357718752962
44400.0,61,713,20.0,26.834705797770912
44400.0,43,623,18.02626191373769,28.031392329694867
44400.0,53,1598,20.0,29.003935779166834
44400.0,10,1372,18.02626191373769,20.971199353575507
44400.0,0,1326,20.0,25.093772458780066
44400.0,114,712,20.0,23.3709202061018
44400.0,68,1327,20.0,22.12402722175848
44400.0,152,576,20.0,21.0566936513584
44400.0,160,1463,20.0,20.680541402420936
44400.0,222,621,20.0,20.73881160232809
44400.0,189,440,20.0,26.327911122478373
44700.0,42,1550,20.0,24.948827952213485
44700.0,42,620,20.0,23.93880778140182
44700.0,42,665,2.0631527934000715,21.929012425220872
44700.0,49,665,17.93684720659993,21.805738708138524
44700.0,49,1595,20.0,28.53589630909404
44700.0,34,1505,20.0,22.918727933358213
44700.0,34,575,20.0,27.274245656954463
44700.0,31,1460,20.0,21.823537339723302
44700.0,7,1369,20.0,24.983310680437874
44700.0,7,484,20.0,31.01307061676794
44700.0,7,439,2.0631527934000715,34.49303343491069
44700.0,15,1414,20.0,24.267189305155448
44700.0,15,529,20.0,27.64742346094453
44700.0,21,1459,20.0,25.582251103878786
44700.0,21,1415,20.0,21.138743726442783
44700.0,28,574,20.0,24.465808033636524
44700.0,23,530,20.0,30.640072901598014
44700.0,62,1641,20.0,29.12825676167217
44700.0,62,756,20.0,25.30331446382666
44700.0,6,439,17.93684720659993,34.290658404415936
44700.0,61,711,20.0,25.108812881295645
44700.0,61,755,20.0,21.75974394313211
44700.0,53,710,20.0,21.092205619804666
44700.0,53,1596,20.0,26.29366302374546
44700.0,0,1324,20.0,26.356260473243257
44700.0,0,438,20.0,32.00088989600554
44700.0,112,1551,20.0,22.966522809970336
44700.0,96,619,20.0,21.26239417978189
44700.0,131,483,20.0,28.524274541822912
44700.0,138,1370,20.0,21.92045872850382
44700.0,229,1506,20.0,20.857757148836832
44700.0,229,664,20.0,19.203556779117093
44700.0,202,528,20.0,25.39868428041161
44700.0,258,1325,20.0,23.078349098182606
45000.0,42,1548,20.0,29.74374192120067
45000.0,42,662,20.0,26.658494496251326
45000.0,42,618,2.172350707626343,32.32478874502711
45000.0,49,1593,20.0,32.8272342482256
45000.0,49,663,20.0,29.942547687162598
45000.0,34,617,20.0,28.25071205955486
45000.0,34,1502,20.0,30.041020471561204
45000.0,34,1503,2.172350707626343,27.082711820506724
45000.0,31,572,20.0,30.73032307560091
45000.0,7,481,20.0,32.404550928796915
45000.0,7,1367,20.0,26.17430639919296
45000.0,7,1366,2.172350707626343,30.111658382577218
45000.0,15,1412,20.0,26.427352871547114
45000.0,15,527,20.0,33.282172402822106
45000.0,15,482,2.172350707626343,36.02422209640908
45000.0,21,1457,20.0,27.494826461745035
45000.0,38,1503,17.827649292373657,26.93321740871457
45000.0,38,618,17.827649292373657,32.09390132357316
45000.0,8,482,17.827649292373657,36.052620173038505
45000.0,62,753,20.0,27.045544650399556
45000.0,62,1638,20.0,36.17018344632829
45000.0,62,1639,2.172350707626343,33.25523251697962
45000.0,6,1366,17.827649292373657,29.963908490764847
45000.0,53,708,20.0,28.28240164265581
45000.0,0,436,20.0,35.44855808492273
45000.0,0,1321,20.0,30.46512981201974
45000.0,2,1322,20.0,26.973004352812012
45000.0,90,1458,20.0,24.757234151786022
45000.0,75,526,20.0,30.020623921855083
45000.0,124,1639,17.827649292373657,33.21079977440993
45000.0,184,1594,20.0,30.017791369628785
45000.0,175,707,20.0,25.203851516852822
45000.0,238,1549,20.0,27.0940705234108
45000.0,213,1413,20.0,23.931678408547885
45300.0,42,660,20.0,25.193296651245785
45300.0,42,1545,20.0,31.927930776101153
45300.0,49,705,20.0,25.030369264919514
45300.0,49,1591,20.0,31.712719406805665
45300.0,49,1590,2.301279856648108,35.454100725844285
45300.0,34,615,20.0,26.958710069522496
45300.0,34,1500,20.0,28.512066435381183
45300.0,31,570,20.0,30.000885681184805
45300.0,7,479,20.0,32.15120071704295
45300.0,7,1364,20.0,28.285320980809455
45300.0,45,1546,20.0,28.46056567438968
45300.0,15,524,20.0,29.185289011266295
45300.0,15,1409,20.0,28.71131828328309
45300.0,15,1410,2.301279856648108,25.11027207749312
45300.0,18,1410,17.698720143351892,24.941399681900073
45300.0,18,525,20.0,33.12149696305945
45300.0,21,1455,20.0,26.43588826640816
45300.0,47,1590,17.698720143351892,35.37522304872674
45300.0,47,661,20.0,29.263388530197695
45300.0,23,569,20.0,26.464550893426733
45300.0,62,751,20.0,28.624861283368404
45300.0,62,1636,20.0,34.62121973788954
45300.0,53,706,20.0,28.464449415920576
45300.0,0,434,20.0,35.40310905476801
45300.0,0,1319,20.0,28.9477128364407
45300.0,71,1365,20.0,25.10789893102516
45300.0,184,750,20.0,25.439446457928383
45300.0,162,1501,20.0,25.291347392460704
45300.0,155,614,20.0,23.902218820233877
45300.0,189,478,20.0,29.131005781325683
45300.0,189,1320,20.0,25.71157164381654
45300.0,218,1456,20.0,22.89261772401484
45300.0,251,1637,20.0,32.57706842394746
45300.0,309,1592,20.0,29.23300040381934
45600.0,42,658,20.0,24.85039750695355
45600.0,42,1543,20.0,28.874851300018104
45600.0,49,1588,20.0,31.295814437272117
45600.0,49,703,20.0,25.162686600891757
45600.0,34,1498,20.0,26.93499793362746
45600.0,34,613,20.0,26.52370823886359
45600.0,31,612,20.0,24.27830590427839
45600.0,7,1362,20.0,25.414883774162224
45600.0,7,477,20.0,30.59518378303605
45600.0,15,522,20.0,27.828121159480617
45600.0,15,1407,20.0,26.774308472255917
45600.0,18,1452,20.0,28.465858894168786
45600.0,21,567,20.0,26.084421287639113
45600.0,28,1497,20.0,30.341158097115777
45600.0,28,568,20.0,28.818227113620438
45600.0,28,1453,2.4498788771732123,25.692834062153008
45600.0,62,1634,20.0,31.76490927196915
45600.0,62,749,20.0,29.677814376000974
45600.0,61,748,20.0,26.297398535323772
45600.0,53,1633,20.0,34.53290114157287
45600.0,53,1589,20.0,29.39567126932231
45600.0,27,1453,17.550121122826788,25.584602025107593
45600.0,0,432,20.0,34.14781451658563
45600.0,0,1317,20.0,24.893872461440402
45600.0,3,476,20.0,28.585635072562354
45600.0,1,1361,20.0,29.60940523146116
45600.0,101,657,20.0,23.04442413449732
45600.0,143,1408,20.0,24.11861997748674
45600.0,138,521,20.0,25.977254034873372
45600.0,171,1544,20.0,26.98063786630943
45600.0,126,431,20.0,31.852102564695187
45600.0,236,702,20.0,23.251830533098417
45600.0,200,1363,20.0,22.896978628120344
45600.0,251,793,20.0,28.110965138167924
45900.0,42,1541,20.0,33.57958254452995
45900.0,42,656,20.0,33.91385998398819
45900.0,42,655,2.618077044115971,30.471232464909193
45900.0,49,1586,20.0,36.347347285931605
45900.0,49,701,20.0,32.66735111176689
45900.0,34,610,20.0,31.834407821087357
45900.0,34,1540,20.0,36.3300936580193
45900.0,34,1496,2.618077044115971,31.598336732757144
45900.0,31,1495,20.0,33.595482585279214
45900.0,7,474,20.0,35.192210192924314
45900.0,7,1360,20.0,29.59733833958755
45900.0,7,1404,2.618077044115971,34.007783988973394
45900.0,15,1405,20.0,29.930680328414816
45900.0,15,520,20.0,35.644330886166884
45900.0,18,1450,20.0,31.441919939586224
45900.0,21,565,20.0,33.60823630838922
45900.0,38,655,17.38192295588403,30.196420919054514
45900.0,8,1404,17.38192295588403,33.92016564369716
45900.0,8,475,20.0,38.42423858355017
45900.0,9,519,20.0,32.9526545596563
45900.0,62,746,20.0,31.726754204393096
45900.0,62,1676,20.0,42.915921072396074
45900.0,5,1359,20.0,33.281164263400086
45900.0,53,1631,20.0,39.84216434461887
45900.0,0,429,20.0,38.263329906344836
45900.0,109,700,20.0,29.283565205271803
45900.0,99,1496,17.38192295588403,31.475770893249607
45900.0,124,1632,20.0,38.052267058278396
45900.0,82,564,20.0,30.89610817279147
45900.0,152,1451,20.0,29.21696496502623
45900.0,127,1315,20.0,29.604380168986395
45900.0,188,791,20.0,31.786263309717356
45900.0,241,745,20.0,28.29790182970084
45900.0,241,1587,20.0,35.04969379684557
46200.0,42,653,20.0,24.183614670317063
46200.0,42,1583,20.0,30.23171013339734
46200.0,49,698,20.0,25.303650943155027
46200.0,49,1584,20.0,27.093671365734984
46200.0,34,608,20.0,24.061092528524913
46200.0,34,1538,20.0,27.929706097037737
46200.0,34,1493,2.805794304258505,26.014821754364064
46200.0,31,1493,17.194205695741495,25.45781967849744
46200.0,7,472,20.0,26.048606624052034
46200.0,7,1402,20.0,26.16563663463757
46200.0,15,517,20.0,23.152690008575103
46200.0,15,1447,20.0,27.942502422064013
46200.0,18,562,20.0,21.69300523219813
46200.0,21,1448,20.0,24.099397193323973
46200.0,28,563,20.0,24.999009876674783
46200.0,62,1674,20.0,32.56511953761734
46200.0,62,744,20.0,29.30364202202523
46200.0,6,1357,20.0,24.76682876259307
46200.0,61,1629,20.0,30.040697564526493
46200.0,53,699,20.0,28.508943625384823
46200.0,53,1628,20.0,33.21814206862839
46200.0,53,743,2.805794304258505,26.637981319280595
46200.0,55,743,17.194205695741495,26.557849665922515
46200.0,0,427,20.0,29.68438712321441
46200.0,106,1539,20.0,25.088320764187557
46200.0,90,607,20.0,21.341358740364374
46200.0,80,1403,20.0,22.78805567490237
46200.0,63,471,20.0,23.967263650583046
46200.0,187,788,20.0,28.037679426240214
46200.0,134,1358,20.0,21.28094622331667
46200.0,224,652,20.0,21.382607026196403
46200.0,224,1494,20.0,22.85240798732443
46200.0,197,516,20.0,20.91334324562148
46200.0,314,1630,20.0,29.072768707738636
46500.0,42,651,20.0,31.770386911491222
46500.0,42,1581,20.0,36.11790519255271
46500.0,42,1536,3.012941314351721,33.20112477570545
46500.0,49,696,20.0,30.752677945461016
46500.0,49,1626,20.0,39.514702012323376
46500.0,34,606,20.0,33.43502844713665
46500.0,34,1536,16.98705868564828,33.21077748686377
46500.0,34,650,6.025882628703442,28.579901534001195
46500.0,31,1491,20.0,29.94542834722315
46500.0,31,605,20.0,29.799217105360643
46500.0,7,470,20.0,36.43234064379469
46500.0,7,1400,20.0,27.9996746956135
46500.0,15,515,20.0,33.6606070770808
46500.0,15,1445,20.0,30.372847883853762
46500.0,18,560,20.0,31.18671376071523
46500.0,28,1490,20.0,33.02245768813048
46500.0,36,650,13.974117371296558,28.52422611618142
46500.0,62,786,20.0,30.29149303678084
46500.0,62,1671,20.0,42.61993699801417
46500.0,62,1672,3.012941314351721,39.56577824409854
46500.0,6,1355,20.0,26.623281655704563
46500.0,61,742,20.0,34.405024148312684
46500.0,32,1535,20.0,36.30854415806765
46500.0,53,741,20.0,30.470962226741598
46500.0,0,469,20.0,32.704624727323605
46500.0,0,1354,20.0,30.183275529894964
46500.0,57,1627,20.0,36.36086895226754
46500.0,70,514,20.0,30.338399815605566
46500.0,86,1446,20.0,27.59050771495872
46500.0,125,1672,16.98705868564828,39.45565760787423
46500.0,177,1582,20.0,33.123816315485485
46500.0,170,695,20.0,27.654121106025507
46500.0,205,559,20.0,27.756236333934286
46500.0,205,1401,20.0,25.04628272374462
46800.0,42,1578,20.0,32.11825125840215
46800.0,42,693,20.0,27.048539467819964
46800.0,42,649,3.2394194836378603,31.635477551300912
46800.0,49,694,20.0,30.38531825276608
46800.0,49,1579,20.0,28.998725556513474
46800.0,34,1533,20.0,29.142163466893255
46800.0,34,648,20.0,27.640207187723338
46800.0,31,603,20.0,28.37965440591937
46800.0,7,1397,20.0,26.799541367918785
46800.0,7,512,20.0,28.395919517847975
46800.0,15,513,20.0,32.25896499966521
46800.0,15,1443,20.0,25.01204627408855
46800.0,15,557,3.2394194836378603,26.646373577864455
46800.0,18,558,20.0,30.16574951672064
46800.0,18,557,16.76058051636214,26.68939065411522
46800.0,28,1488,20.0,26.539268468107565
46800.0,38,1534,20.0,26.550852023000385
46800.0,9,1398,20.0,23.504268428102392
46800.0,62,1669,20.0,35.09867319148273
46800.0,62,784,20.0,30.52100758908765
46800.0,41,649,16.76058051636214,31.62326913177161
46800.0,5,467,20.0,31.84753973521212
46800.0,53,1624,20.0,31.795076437054448
46800.0,53,739,20.0,30.522584030932112
46800.0,0,1352,20.0,27.351521095249623
46800.0,13,1442,20.0,28.722747278205183
46800.0,67,1353,20.0,24.263049976140355
46800.0,114,738,20.0,27.10787303557154
46800.0,152,602,20.0,25.240834844411744
46800.0,155,1489,20.0,24.07672618449607
46800.0,185,1625,20.0,30.487166298562386
46800.0,246,783,20.0,27.372959079026984
46800.0,277,1444,20.0,21.880142260595246
46800.0,284,647,20.0,24.196112242932685
47100.0,42,1576,20.0,32.22876456496162
47100.0,42,691,20.0,28.890273738316225
47100.0,49,1621,20.0,35.74029317962512
47100.0,49,736,20.0,28.859641354893196
47100.0,34,1531,20.0,29.022577493400252
47100.0,34,646,20.0,29.527981372994113
47100.0,31,601,20.0,30.31038679544176
47100.0,31,1486,20.0,26.57906977738358
47100.0,7,1395,20.0,25.599356173808655
47100.0,7,510,20.0,31.719724859761193
47100.0,15,1440,20.0,27.1607983580863
47100.0,15,555,20.0,29.152672088507597
47100.0,18,1441,20.0,24.04834160941106
47100.0,21,1485,20.0,30.04730061857171
47100.0,21,556,20.0,33.21934950379269
47100.0,23,600,20.0,26.862688526248
47100.0,62,1667,20.0,35.59266746811085
47100.0,62,782,20.0,33.17316418659565
47100.0,6,465,20.0,35.32447700619637
47100.0,53,1622,20.0,32.69625378528074
47100.0,55,737,20.0,32.4027957194517
47100.0,0,1350,20.0,26.181743384028422
47100.0,109,1577,20.0,29.61501372496369
47100.0,121,827,20.0,29.766549120473403
47100.0,96,645,20.0,26.169751752762284
47100.0,63,464,20.0,31.646752631296955
47100.0,131,509,20.0,28.35554732374219
47100.0,138,1396,20.0,22.49830754113828
47100.0,166,1532,20.0,26.613170466113466
47100.0,227,690,20.0,25.59112823075603
47100.0,258,1351,20.0,22.951662826653433
47100.0,263,554,20.0,25.742016545036513
47100.0,284,1487,20.0,23.43905950660009
47100.0,364,781,20.0,25.24995379832698
47400.0,42,1574,20.0,33.407907174623915
47400.0,42,735,20.0,33.56642172464212
47400.0,49,1619,20.0,36.117540774947166
47400.0,49,780,20.0,32.08917882231428
47400.0,34,689,20.0,31.628799966554446
47400.0,34,1529,20.0,31.33964217908632
47400.0,31,1528,20.0,34.94084747909395
47400.0,7,1393,20.0,30.52189773524185
47400.0,7,507,20.0,37.77631860628812
47400.0,7,508,3.7499289851366626,40.96538687851556
47400.0,15,1438,20.0,30.99159472923236
47400.0,15,553,20.0,37.59359243495924
47400.0,21,1483,20.0,32.95060095545625
47400.0,21,598,20.0,34.930518350944936
47400.0,38,644,20.0,35.3070750885322
47400.0,8,508,16.250071014863337,40.784756402725854
47400.0,62,825,20.0,30.524732765437967
47400.0,62,1665,20.0,35.93283647211511
47400.0,61,1664,20.0,39.64066789767633
47400.0,5,1392,20.0,34.53623681757663
47400.0,0,462,20.0,40.65783236559776
47400.0,0,1348,20.0,30.60465932119182
47400.0,3,463,20.0,44.13068790707053
47400.0,101,734,20.0,30.079464964937245
47400.0,118,1620,20.0,33.04790965691214
47400.0,90,1484,20.0,29.649145301260404
47400.0,75,552,20.0,34.82882840873007
47400.0,174,779,20.0,28.57554502275081
47400.0,238,1575,20.0,30.309114265642012
47400.0,207,1439,20.0,27.970348170454287
47400.0,211,643,20.0,31.82944461331322
47400.0,266,1394,20.0,27.306395148981714
47400.0,309,824,20.0,27.290963048648045
47400.0,355,1530,20.0,27.85058120466652
47700.0,42,732,20.0,17.500479171251214
47700.0,42,1572,20.0,19.132980151168777
47700.0,42,1571,4.033717342475732,22.206048080473565
47700.0,49,1617,20.0,20.557027547024372
47700.0,49,777,20.0,16.844490924670737
47700.0,34,687,20.0,19.483974009344816
47700.0,34,1526,20.0,20.259518706420746
47700.0,7,551,20.0,25.56104095865784
47700.0,7,1390,20.0,25.066319931180878
47700.0,45,733,20.0,21.50595386851058
47700.0,45,1616,20.0,23.95822179619334
47700.0,15,596,20.0,22.395680080584867
47700.0,15,1436,20.0,19.11898190586322
47700.0,18,597,20.0,25.508532782278095
47700.0,21,1481,20.0,19.206757769360635
47700.0,28,642,20.0,22.484716313653653
47700.0,38,1571,15.966282657524268,21.850205249659737
47700.0,8,1435,20.0,23.024942301833317
47700.0,62,823,20.0,20.581806222306515
47700.0,62,1662,20.0,24.110356364348238
47700.0,62,1707,4.033717342475732,27.88217330774603
47700.0,53,778,20.0,20.107986535833952
47700.0,0,460,20.0,29.071603759973065
47700.0,0,1345,20.0,27.91098641719175
47700.0,70,1391,20.0,21.580635086974105
47700.0,86,641,20.0,19.78508244407725
47700.0,100,1527,20.0,17.589597232189757
47700.0,184,822,20.0,17.52083567284027
47700.0,155,686,20.0,17.075507081239564
47700.0,188,1663,20.0,22.461149086287936
47700.0,189,1346,20.0,24.251174908224648
47700.0,189,550,20.0,25.852245959665286
47700.0,218,1482,20.0,16.458788229253003
47700.0,309,1618,20.0,18.895431198048243
48000.0,42,730,20.0,28.835614186482545
48000.0,42,1569,20.0,28.245911859647507
48000.0,49,775,20.0,29.181207815437716
48000.0,49,1614,20.0,31.5004928698419
48000.0,34,685,20.0,28.768989636967614
48000.0,34,1524,20.0,25.685536050539234
48000.0,31,684,20.0,25.5667395180504
48000.0,7,549,20.0,27.76855275065318
48000.0,7,1388,20.0,21.781401344900832
48000.0,15,594,20.0,26.1975677503018
48000.0,15,1433,20.0,23.316753550407316
48000.0,18,1478,20.0,24.964620513241208
48000.0,18,639,20.0,25.97987578296135
48000.0,28,640,20.0,29.517807331120178
48000.0,28,1523,20.0,27.88727673052351
48000.0,23,1479,20.0,23.385192225691924
48000.0,62,821,20.0,33.84402779794169
48000.0,62,1660,20.0,33.5919346493858
48000.0,53,1659,20.0,35.01373512148081
48000.0,53,1615,20.0,30.549755396032584
48000.0,55,820,20.0,30.446478337856078
48000.0,55,776,20.0,33.42996071976424
48000.0,0,504,20.0,30.806902665225344
48000.0,0,1343,20.0,22.962048705323312
48000.0,2,548,20.0,25.308793867373293
48000.0,80,1434,20.0,21.806882959632386
48000.0,162,729,20.0,25.702595816012618
48000.0,170,1570,20.0,27.258973112710642
48000.0,134,593,20.0,23.810305429430528
48000.0,188,865,20.0,31.534609519012818
48000.0,197,1389,20.0,20.34937762021819
48000.0,233,774,20.0,26.128069102459786
48000.0,289,1525,20.0,24.612262009096778
48000.0,269,638,20.0,22.822774347560966
48300.0,42,728,20.0,26.47995544274879
48300.0,42,1567,20.0,26.33616081044192
48300.0,49,1612,20.0,28.97914734946638
48300.0,49,773,20.0,25.748285101658464
48300.0,34,1566,20.0,30.119985668601853
48300.0,34,682,20.0,24.236523711147193
48300.0,34,1522,4.657685995177346,24.080867478861578
48300.0,31,1521,20.0,27.51596787452884
48300.0,7,547,20.0,32.73729375420198
48300.0,7,1386,20.0,23.479007793289334
48300.0,7,1430,4.657685995177346,27.392329617589265
48300.0,15,592,20.0,29.083679565878764
48300.0,15,1431,20.0,23.473100892255474
48300.0,18,1476,20.0,25.26389524377316
48300.0,21,637,20.0,25.803386836459214
48300.0,38,727,20.0,22.926900357433563
48300.0,8,1430,15.342314004822654,27.37769323963988
48300.0,8,591,20.0,27.114980499601295
48300.0,62,1702,20.0,35.78958017645172
48300.0,62,863,20.0,28.057549407824908
48300.0,62,818,4.657685995177346,26.548712575897145
48300.0,6,546,20.0,30.227588253499665
48300.0,61,818,15.342314004822654,26.31263108722057
48300.0,32,1522,15.342314004822654,24.055304923695708
48300.0,53,1657,20.0,32.39339891615675
48300.0,0,1385,20.0,26.733615095496656
48300.0,35,683,20.0,28.01729212362331
48300.0,109,772,20.0,22.606903693911374
48300.0,124,1658,20.0,30.807501374187506
48300.0,152,1477,20.0,22.0318281276311
48300.0,143,636,20.0,23.715170861286314
48300.0,126,1341,20.0,24.599595650490173
48300.0,241,1613,20.0,27.51033859689422
48300.0,241,817,20.0,22.78846932228715
48600.0,42,1655,20.0,33.538211589408355
48600.0,42,725,20.0,26.564239395136187
48600.0,49,1610,20.0,30.46620984979763
48600.0,49,771,20.0,30.914935926719657
48600.0,49,770,4.997569315255241,27.272840367626074
48600.0,34,1564,20.0,30.05358104334684
48600.0,34,680,20.0,26.285185349431398
48600.0,31,1519,20.0,27.11686148227492
48600.0,7,1428,20.0,26.640933126246075
48600.0,7,544,20.0,26.90049473652432
48600.0,7,589,4.997569315255241,24.408094489810043
48600.0,45,770,15.002430684744759,27.012806976364633
48600.0,15,1473,20.0,28.524814531626127
48600.0,15,589,15.002430684744759,24.40013178824493
48600.0,18,634,20.0,22.986844989729917
48600.0,18,1474,20.0,24.97748798204365
48600.0,21,635,20.0,26.749007678184398
48600.0,62,1746,20.0,36.89411146856316
48600.0,62,816,20.0,32.03122341927918
48600.0,62,861,4.997569315255241,33.909302347720946
48600.0,5,1383,20.0,25.413644635593506
48600.0,53,1701,20.0,33.82830848117799
48600.0,53,815,20.0,28.544079295496793
48600.0,0,499,20.0,30.467297258656316
48600.0,13,1429,20.0,23.475810744409316
48600.0,106,1565,20.0,27.454014478495544
48600.0,90,679,20.0,22.875963522084675
48600.0,125,861,15.002430684744759,33.92531954833798
48600.0,127,543,20.0,23.477964289361246
48600.0,187,860,20.0,30.309165510911956
48600.0,131,1384,20.0,21.855127211278717
48600.0,224,1520,20.0,24.35979682500839
48600.0,224,724,20.0,23.047386694658044
48600.0,196,588,20.0,20.832677940998458
48900.0,42,1653,20.0,33.71864940286579
48900.0,42,723,20.0,31.056955706432657
48900.0,49,768,20.0,28.54141051169197
48900.0,49,1698,20.0,37.06461170998426
48900.0,34,1608,20.0,30.832569388507043
48900.0,34,678,20.0,33.94656853594165
48900.0,34,722,5.355839219084729,27.70562906092731
48900.0,31,1563,20.0,27.95138472283873
48900.0,7,1426,20.0,29.878502385244442
48900.0,7,542,20.0,39.52595563821302
48900.0,15,1517,20.0,30.28285934159831
48900.0,15,587,20.0,36.25404389742268
48900.0,15,632,5.355839219084729,33.411902187234546
48900.0,18,632,14.644160780915271,32.84568594855857
48900.0,21,1562,20.0,31.767431138824655
48900.0,28,677,20.0,30.019234712796166
48900.0,62,1744,20.0,37.06031053036246
48900.0,62,858,20.0,25.993677430351493
48900.0,61,1743,20.0,40.407086283093335
48900.0,61,814,20.0,30.861576122245005
48900.0,5,1381,20.0,30.486653063304104
48900.0,53,813,20.0,26.76701071038547
48900.0,55,1699,20.0,34.18467800426546
48900.0,0,541,20.0,36.3219269118678
48900.0,35,722,14.644160780915271,27.719161389584116
48900.0,70,586,20.0,33.35342182836766
48900.0,86,1472,20.0,27.082557924748187
48900.0,177,1654,20.0,31.013741594158155
48900.0,167,767,20.0,25.32775922775659
48900.0,205,1427,20.0,26.59445545671681
48900.0,205,631,20.0,30.31000455722516
48900.0,231,1609,20.0,28.08738248390247
48900.0,300,812,20.0,23.494732464305812
48900.0,335,676,20.0,27.21154619172086
49200.0,42,1651,20.0,34.607884531797325
49200.0,42,765,20.0,29.04362186838691
49200.0,42,1650,5.732325189595372,38.4095966854905
49200.0,49,766,20.0,31.850935273109908
49200.0,49,1696,20.0,36.97297695727839
49200.0,34,720,20.0,30.55278625796264
49200.0,34,1605,20.0,35.655087142926824
49200.0,31,675,20.0,33.698183858101224
49200.0,7,584,20.0,37.05795938194317
49200.0,7,1469,20.0,35.36530718731383
49200.0,7,1470,5.732325189595372,32.01603581210715
49200.0,15,1515,20.0,32.403812525728846
49200.0,15,585,20.0,39.894250987889926
49200.0,15,629,5.732325189595372,34.430565911091605
49200.0,18,630,20.0,36.52136252818947
49200.0,21,1560,20.0,34.30447845609138
49200.0,16,629,14.267674810404628,34.456613040037205
49200.0,38,1606,20.0,32.30335103329067
49200.0,38,1650,14.267674810404628,38.434051789752885
49200.0,8,1470,14.267674810404628,31.857889919194015
49200.0,62,856,20.0,30.330995125092176
49200.0,62,1741,20.0,39.77782857472385
49200.0,41,721,20.0,34.02136628299248
49200.0,53,811,20.0,30.463427286756712
49200.0,0,539,20.0,39.89625899047969
49200.0,0,1424,20.0,35.157313602770216
49200.0,13,1514,20.0,36.4207785017806
49200.0,67,1425,20.0,31.898787056078437
49200.0,113,810,20.0,27.941391675939883
49200.0,184,1697,20.0,34.697383897194875
49200.0,148,674,20.0,31.42226764040011
49200.0,155,1561,20.0,30.594647108362963
49200.0,188,1742,20.0,37.66332022846098
49200.0,246,855,20.0,27.849518748442918
49500.0,42,1648,20.0,26.34327695711078
49500.0,42,763,20.0,23.921632049286856
49500.0,49,1693,20.0,29.27209699486386
49500.0,49,808,20.0,23.385323132930434
49500.0,34,1603,20.0,23.615756032755826
49500.0,34,718,20.0,26.22095813554048
49500.0,31,673,20.0,29.132811459045584
49500.0,7,1467,20.0,26.16509239097354
49500.0,7,582,20.0,32.23342543281423
49500.0,15,627,20.0,29.040757420811556
49500.0,15,1512,20.0,25.668437644764325
49500.0,18,1513,20.0,22.315309097130367
49500.0,21,1557,20.0,26.852913854258922
49500.0,21,628,20.0,32.530623344307955
49500.0,21,672,6.126848039855702,26.290592869500152
49500.0,28,1558,20.0,23.00498423637289
49500.0,23,672,13.873151960144298,26.124082456383416
49500.0,62,1739,20.0,29.18088071687168
49500.0,62,854,20.0,26.632889403966775
49500.0,5,537,20.0,36.16121752218535
49500.0,53,1694,20.0,26.098261167177753
49500.0,53,809,20.0,27.16176356520362
49500.0,0,1422,20.0,27.786477630682715
49500.0,46,1649,20.0,23.85903377551873
49500.0,121,853,20.0,23.394214745568007
49500.0,93,717,20.0,23.724387712138444
49500.0,131,581,20.0,30.326040929683295
49500.0,138,1468,20.0,22.997132077856417
49500.0,164,1604,20.0,21.19882764187805
49500.0,227,762,20.0,21.3671887842964
49500.0,189,536,20.0,33.61856720672334
49500.0,193,1423,20.0,24.651121250588538
49500.0,263,626,20.0,26.915856461216638
49500.0,284,1559,20.0,20.24312236713116
49800.0,42,1646,20.0,30.018171119012212
49800.0,42,761,20.0,28.14054075314987
49800.0,49,1691,20.0,32.92017319495078
49800.0,49,806,20.0,28.38941804940716
49800.0,34,1601,20.0,27.686455892431503
49800.0,34,715,20.0,24.89151226382548
49800.0,34,716,6.539219998356202,28.278954039836023
49800.0,31,1600,20.0,30.333089110897944
49800.0,7,1465,20.0,22.80259388603372
49800.0,7,580,20.0,29.939415532152623
49800.0,15,1510,20.0,24.817842366397965
49800.0,15,625,20.0,27.637239414882494
49800.0,18,1555,20.0,27.841629349226796
49800.0,21,670,20.0,26.185398141988298
49800.0,38,716,13.460780001643798,28.10378613618335
49800.0,62,1737,20.0,34.620012291510065
49800.0,62,851,20.0,29.86950345938496
49800.0,62,852,6.539219998356202,33.63472032815109
49800.0,6,579,20.0,27.675964696023737
49800.0,53,1736,20.0,36.84193930399066
49800.0,0,534,20.0,30.879985229991284
49800.0,0,1420,20.0,23.535402394621244
49800.0,0,1464,6.539219998356202,26.869442350849322
49800.0,3,1464,13.460780001643798,26.83645159734594
49800.0,3,535,20.0,33.49759778224217
49800.0,101,760,20.0,25.12776040729123
49800.0,118,1692,20.0,31.58211614980295
49800.0,74,624,20.0,25.735233351987993
49800.0,90,1556,20.0,25.315514918549383
49800.0,145,1511,20.0,23.010585132823532
49800.0,238,805,20.0,25.419055700896806
49800.0,238,1647,20.0,28.750992443728745
49800.0,207,669,20.0,23.953322516840387
49800.0,263,1466,20.0,20.80465738470382
50100.0,42,758,20.0,17.835683841732695
50100.0,42,1644,20.0,22.65578184724302
50100.0,49,1689,20.0,25.128843595387714
50100.0,49,804,20.0,21.615532383568382
50100.0,49,803,6.969244798378661,18.10484627608881
50100.0,34,713,20.0,20.25014442943297
50100.0,34,1598,20.0,23.121440560791005
50100.0,34,1643,6.969244798378661,25.913206527778577
50100.0,7,577,20.0,26.128337145575344
50100.0,7,1507,20.0,24.875947963626697
50100.0,45,759,20.0,21.59739619442641
50100.0,45,1688,20.0,28.701908795916736
50100.0,15,1508,20.0,20.88053941731749
50100.0,15,623,20.0,26.143122838918494
50100.0,15,622,6.969244798378661,23.084888965548423
50100.0,21,1553,20.0,21.675390187107006
50100.0,21,668,20.0,23.455862069300967
50100.0,47,803,13.03075520162134,18.03669318627661
50100.0,38,1643,13.03075520162134,25.530887396690957
50100.0,9,622,13.03075520162134,23.24481848191648
50100.0,62,849,20.0,23.70224520773734
50100.0,62,1779,20.0,32.27882496697123
50100.0,62,1734,6.969244798378661,29.086842638861924
50100.0,6,1462,20.0,24.93820629198676
50100.0,61,1734,13.03075520162134,28.838239204771057
50100.0,0,532,20.0,29.581935096054142
50100.0,70,1463,20.0,21.263988169143392
50100.0,83,667,20.0,20.30650857042659
50100.0,99,1599,20.0,20.13457571763361
50100.0,181,848,20.0,20.44826914612219
50100.0,127,1418,20.0,22.67914025242844
50100.0,187,1735,20.0,27.076030687626773
50100.0,189,576,20.0,25.718124936175677
50100.0,218,712,20.0,17.632149524446998
50400.0,42,756,20.0,25.44186299423341
50400.0,42,1641,20.0,27.996235683197263
50400.0,42,1686,7.416717771408329,30.818100009487175
50400.0,49,801,20.0,24.537929053726874
50400.0,49,1686,12.58328222859167,30.707303037064666
50400.0,49,1687,14.833435542816659,28.3996397275637
50400.0,34,711,20.0,27.030697621747073
50400.0,34,1596,20.0,25.892448362821785
50400.0,7,575,20.0,30.212795344120625
50400.0,7,1505,20.0,25.40953850954362
50400.0,7,1460,7.416717771408329,25.460269308901296
50400.0,15,620,20.0,26.932249808035365
50400.0,15,1550,20.0,27.00455975615278
50400.0,18,665,20.0,25.20652782257389
50400.0,21,1551,20.0,23.975313813807308
50400.0,28,710,20.0,23.819646969655835
50400.0,28,666,20.0,29.03578539245708
50400.0,62,847,20.0,28.69911339626627
50400.0,62,1777,20.0,34.29876205236305
50400.0,62,1732,7.416717771408329,31.098353584463585
50400.0,6,1460,12.58328222859167,25.248116286901443
50400.0,61,1732,12.58328222859167,30.89858788126491
50400.0,53,1731,20.0,33.429437869800765
50400.0,53,802,20.0,28.687540465425414
50400.0,53,846,7.416717771408329,25.438867657824314
50400.0,55,846,12.58328222859167,25.22735509166172
50400.0,27,1595,20.0,29.15430801220355
50400.0,0,530,20.0,33.86674430421749
50400.0,50,1687,5.166564457183341,28.32261514512597
50400.0,66,574,20.0,28.83162989551432
50400.0,80,1506,20.0,22.52822621977489
50400.0,125,891,20.0,26.565608158205016
50400.0,162,755,20.0,22.277114891687543
50400.0,170,1642,20.0,25.56821617483457
50700.0,42,754,20.0,27.47145135297992
50700.0,42,1639,20.0,25.565450751965187
50700.0,49,799,20.0,26.85813991580242
50700.0,49,1684,20.0,28.519402306740027
50700.0,34,1638,20.0,28.600266900263563
50700.0,34,753,20.0,24.206504630983986
50700.0,34,709,7.881425944545079,29.312917810546715
50700.0,31,708,20.0,25.26639585603961
50700.0,31,1594,20.0,22.50008189976335
50700.0,7,573,20.0,33.881533092739645
50700.0,7,1502,20.0,28.460979812823435
50700.0,7,617,7.881425944545079,27.73544711216751
50700.0,15,618,20.0,30.256751730465005
50700.0,15,1503,20.0,24.699497494912222
50700.0,15,1548,7.881425944545079,24.588047213703135
50700.0,18,1548,12.118574055454921,24.05828268425551
50700.0,18,663,20.0,27.82953733524274
50700.0,28,1593,20.0,25.155591508354426
50700.0,8,617,12.118574055454921,27.64643827770427
50700.0,62,1774,20.0,35.19685362161201
50700.0,62,889,20.0,27.9206878941384
50700.0,6,1458,20.0,24.890879564030794
50700.0,5,572,20.0,30.92754952496208
50700.0,53,1729,20.0,31.645800890206186
50700.0,53,844,20.0,26.95678285106655
50700.0,0,1457,20.0,28.23382326682109
50700.0,35,709,12.118574055454921,29.340166619131473
50700.0,121,1730,20.0,29.598387006785018
50700.0,106,798,20.0,23.849084529991032
50700.0,152,1549,20.0,21.020472437429593
50700.0,143,662,20.0,24.875908866975905
50700.0,178,1685,20.0,26.51254037188196
50700.0,241,843,20.0,23.40714292398478
50700.0,189,1413,20.0,25.311206533815295
51000.0,42,1681,20.0,21.719722274866914
51000.0,42,796,20.0,17.365504765806797
51000.0,49,797,20.0,20.853623452653864
51000.0,49,1682,20.0,19.334946090608792
51000.0,34,1636,20.0,19.853034651678993
51000.0,34,751,20.0,18.96578791174747
51000.0,34,706,8.363148141867015,21.408520122507724
51000.0,31,706,11.636851858132985,20.86341413616396
51000.0,31,1591,20.0,19.197046347508923
51000.0,7,1500,20.0,25.114489145221416
51000.0,7,615,20.0,25.666996113868787
51000.0,15,1545,20.0,23.88169879842909
51000.0,15,660,20.0,22.98017286739444
51000.0,15,616,8.363148141867015,27.234074313997276
51000.0,18,1546,20.0,20.099333376840015
51000.0,21,661,20.0,23.98270987974787
51000.0,16,616,11.636851858132985,27.273646253818423
51000.0,62,1772,20.0,25.171194593114777
51000.0,62,887,20.0,20.483587303993577
51000.0,6,570,20.0,29.2670589092166
51000.0,61,842,20.0,20.42254760240661
51000.0,53,1727,20.0,21.9066999403928
51000.0,11,1501,20.0,22.00117685885706
51000.0,0,1455,20.0,26.77387706030639
51000.0,101,1637,20.0,17.92828597303352
51000.0,118,841,20.0,16.928160045873238
51000.0,87,705,20.0,20.15536309801817
51000.0,131,1456,20.0,23.68368611484924
51000.0,186,886,20.0,17.20042844667903
51000.0,224,1592,20.0,16.91691399157616
51000.0,222,750,20.0,17.85318108711948
51000.0,189,569,20.0,27.951909718305412
51000.0,248,1728,20.0,20.453183131232954
51000.0,258,614,20.0,24.444480833257213
51300.0,42,1679,20.0,31.0928039194742
51300.0,42,794,20.0,27.42110503141408
51300.0,42,749,8.861655089698218,29.398391262866017
51300.0,49,1724,20.0,34.515738925985644
51300.0,34,1634,20.0,28.06507720412441
51300.0,34,749,11.138344910301782,29.45664580778671
51300.0,31,704,20.0,31.35841812676126
51300.0,31,1589,20.0,25.430948052076495
51300.0,7,1498,20.0,26.674808917054555
51300.0,7,613,20.0,33.46477409429826
51300.0,15,1543,20.0,27.118224087612415
51300.0,15,658,20.0,30.21251917564408
51300.0,21,1588,20.0,28.952611700268267
51300.0,28,703,20.0,27.802297582910313
51300.0,62,1770,20.0,34.540313999127385
51300.0,62,885,20.0,30.978145247101082
51300.0,62,884,8.861655089698218,27.347316869570943
51300.0,6,568,20.0,36.70586666031888
51300.0,61,884,11.138344910301782,27.29151041316981
51300.0,53,839,20.0,26.6642521164315
51300.0,53,1725,20.0,31.83057327875361
51300.0,0,1453,20.0,27.867020634597836
51300.0,0,567,20.0,33.33138475651336
51300.0,57,840,20.0,30.692683259389526
51300.0,57,1769,20.0,38.076856798949606
51300.0,67,612,20.0,30.286228949592623
51300.0,86,1544,20.0,24.08789594662544
51300.0,112,1680,20.0,28.659501046857596
51300.0,96,748,20.0,25.614383507854058
51300.0,167,793,20.0,23.961140559701576
51300.0,229,1635,20.0,25.476282673138982
51300.0,202,1499,20.0,23.433961022382046
51300.0,202,657,20.0,27.015575974241656
51300.0,258,1454,20.0,24.643686779504584
51600.0,42,1677,20.0,28.888223659782955
51600.0,42,791,20.0,22.371665420458317
51600.0,49,1722,20.0,32.11701618018302
51600.0,49,792,20.0,25.86654431219239
51600.0,34,746,20.0,23.7153944426167
51600.0,34,1631,20.0,29.436431892516
51600.0,34,1632,9.37670952573054,26.615075288350724
51600.0,7,610,20.0,27.951755549155145
51600.0,7,1496,20.0,23.868726274988525
51600.0,7,1495,9.37670952573054,27.667128319532683
51600.0,15,1541,20.0,24.495923116520053
51600.0,15,656,20.0,29.280255648672302
51600.0,21,1586,20.0,26.69154459058214
51600.0,28,701,20.0,26.186838141552713
51600.0,38,747,20.0,27.750482202609806
51600.0,38,1632,10.62329047426946,26.508783554124026
51600.0,38,1676,18.75341905146108,32.290986745117195
51600.0,9,611,20.0,31.88876666210761
51600.0,62,882,20.0,26.01014659848428
51600.0,62,1767,20.0,35.671596941094215
51600.0,6,1495,10.62329047426946,27.504837232917527
51600.0,53,837,20.0,25.359754929697573
51600.0,40,1676,1.24658094853892,32.30210585527364
51600.0,0,565,20.0,31.012530915903433
51600.0,0,1450,20.0,27.65854528423934
51600.0,14,655,20.0,25.723293595857157
51600.0,66,1451,20.0,24.11428414844714
51600.0,92,1587,20.0,24.0046697517897
51600.0,124,1768,20.0,32.80683424313084
51600.0,184,1723,20.0,29.469837466883043
51600.0,177,836,20.0,22.31266064322067
51600.0,148,700,20.0,23.09062112101922
51600.0,245,881,20.0,22.94988748539824
51600.0,211,1542,20.0,21.9448958877013
51900.0,42,789,20.0,24.062117373506933
51900.0,42,1674,20.0,28.0174934411052
51900.0,49,834,20.0,23.145017359006953
51900.0,49,1719,20.0,30.89696001210336
51900.0,49,1720,9.908066311947692,27.89433469423273
51900.0,34,744,20.0,25.480898251278845
51900.0,34,1629,20.0,26.37333745891694
51900.0,31,699,20.0,28.474855378047607
51900.0,7,608,20.0,31.850798434525764
51900.0,7,1493,20.0,29.085214733605543
51900.0,45,1675,20.0,25.32338361167809
51900.0,15,653,20.0,28.75513930051927
51900.0,15,1538,20.0,29.176648748970905
51900.0,15,1539,9.908066311947692,25.713231685912408
51900.0,18,1539,10.091933688052308,25.57963553136582
51900.0,18,654,20.0,31.683215053154466
51900.0,18,1583,19.816132623895385,29.723018197467656
51900.0,21,698,20.0,25.937911917715393
51900.0,21,1584,20.0,26.013172903612602
51900.0,21,1583,0.18386737610461523,29.687673248574008
51900.0,47,790,20.0,28.328064400951455
51900.0,62,880,20.0,25.415561869532777
51900.0,62,1765,20.0,30.794086672020377
51900.0,53,1720,10.091933688052308,27.576231142502824
51900.0,53,835,20.0,26.765759857725197
51900.0,0,563,20.0,35.24479989939834
51900.0,0,1448,20.0,29.971681421472468
51900.0,121,879,20.0,22.33503624497026
51900.0,73,1494,20.0,25.928919481019506
51900.0,127,607,20.0,31.135381688012096
51900.0,162,1630,20.0,23.850731707091064
51900.0,155,743,20.0,23.502987649674424
51900.0,226,788,20.0,22.203993866068426
51900.0,192,1449,20.0,26.626757124310064
52200.0,42,787,20.0,24.36760016255428
52200.0,42,1672,20.0,25.44818560434906
52200.0,49,1717,20.0,26.95921821878855
52200.0,49,832,20.0,23.698176337497205
52200.0,34,1627,20.0,24.390394838151213
52200.0,34,742,20.0,26.08866149454235
52200.0,31,741,20.0,23.65570760862338
52200.0,7,606,20.0,31.18780671729764
52200.0,7,1491,20.0,26.015664764804157
52200.0,15,651,20.0,28.210359322940196
52200.0,15,1536,20.0,25.694900713117416
52200.0,18,1581,20.0,26.550536127232686
52200.0,21,696,20.0,25.683114587491854
52200.0,28,1626,20.0,27.578392013780192
52200.0,62,878,20.0,26.9761878474995
52200.0,62,1763,20.0,26.703622115368987
52200.0,61,877,20.0,23.442269685502435
52200.0,5,605,20.0,29.667249363241492
52200.0,53,1762,20.0,29.835527706120615
52200.0,0,561,20.0,34.93635039272118
52200.0,0,1490,20.0,30.004175415821805
52200.0,0,1446,10.455472551297639,27.39353405150933
52200.0,26,1582,20.0,23.844610955327592
52200.0,101,786,20.0,22.40882646657962
52200.0,118,1718,20.0,24.48014293300002
52200.0,64,1446,9.544527448702361,27.341490209728537
52200.0,143,1537,20.0,23.1339900501248
52200.0,138,650,20.0,26.805712385902154
52200.0,126,560,20.0,33.10308040491985
52200.0,188,922,20.0,24.527601186272445
52200.0,236,1673,20.0,22.834696401964244
52200.0,236,831,20.0,21.73854494260255
52200.0,207,695,20.0,24.198623626991903
52200.0,263,1492,20.0,23.296087493796424
52500.0,42,1670,20.0,25.241529505459066
52500.0,42,785,20.0,26.849889627372615
52500.0,42,784,11.018667708057862,23.86947830744844
52500.0,49,1715,20.0,27.007402251304356
52500.0,49,830,20.0,25.58275380924908
52500.0,34,739,20.0,26.20434616497072
52500.0,34,1669,20.0,28.36132131885988
52500.0,31,1624,20.0,26.66384737686368
52500.0,7,603,20.0,31.992497937730562
52500.0,7,1533,20.0,27.78148027738887
52500.0,7,1489,11.018667708057862,24.404092387086138
52500.0,45,829,20.0,22.948421720968216
52500.0,15,1534,20.0,23.931846544153753
52500.0,15,649,20.0,31.641229776969286
52500.0,18,1579,20.0,25.427866191612114
52500.0,21,694,20.0,28.89966732291246
52500.0,38,784,8.981332291942138,23.544383558273214
52500.0,8,648,20.0,29.50671278637192
52500.0,62,1805,20.0,33.2261470184619
52500.0,62,875,20.0,25.18563401083344
52500.0,6,1489,8.981332291942138,24.393463273052983
52500.0,5,1488,20.0,27.93560711425429
52500.0,53,1760,20.0,30.008979599171084
52500.0,0,558,20.0,35.41315816704413
52500.0,83,693,20.0,26.70937450391617
52500.0,96,1625,20.0,23.97624683240829
52500.0,125,920,20.0,26.571274733915182
52500.0,181,874,20.0,22.417640147736755
52500.0,187,1761,20.0,27.602853807407126
52500.0,126,1444,20.0,25.41195221162682
52500.0,243,1716,20.0,25.115188253693688
52500.0,213,738,20.0,24.086878400859142
52500.0,213,1580,20.0,22.647274492305012
52500.0,314,965,20.0,22.860635997046163
52800.0,42,782,20.0,20.76760725268074
52800.0,42,1712,20.0,25.490979036220438
52800.0,49,873,20.0,20.305423873339947
52800.0,49,1713,20.0,22.581113432268413
52800.0,34,737,20.0,22.44669608874622
52800.0,34,1667,20.0,22.109204925614407
52800.0,31,1622,20.0,19.95662945104999
52800.0,7,601,20.0,28.090675391233376
52800.0,7,1531,20.0,22.98488463704855
52800.0,15,646,20.0,24.7367331402448
52800.0,15,1576,20.0,22.741768581669124
52800.0,18,691,20.0,21.636071939991663
52800.0,21,1577,20.0,19.7147020069508
52800.0,28,736,20.0,19.223228300863518
52800.0,23,692,20.0,25.47795627328158
52800.0,62,1803,20.0,29.04637100983416
52800.0,62,919,20.0,25.710337734302293
52800.0,6,1486,20.0,24.65968137159095
52800.0,61,1758,20.0,26.071377859647477
52800.0,53,1757,20.0,29.025759369553832
52800.0,53,918,20.0,22.223990642810467
52800.0,53,828,11.597383731836274,24.284481797843426
52800.0,0,556,20.0,31.870418605782895
52800.0,52,828,8.402616268163726,24.25758431049816
52800.0,25,1621,20.0,23.53874742969852
52800.0,76,1532,20.0,20.326805211010345
52800.0,64,600,20.0,26.549382436130074
52800.0,125,963,20.0,23.95980028482802
52800.0,162,827,20.0,17.552091594055796
52800.0,170,1668,20.0,19.301980656671148
52800.0,224,1623,20.0,17.431246511053974
52800.0,197,645,20.0,23.050232005090614
52800.0,197,1487,20.0,21.595797012208678
52800.0,266,690,20.0,20.142064400712155
53100.0,42,826,20.0,27.049385790149067
53100.0,42,1710,20.0,28.509562312831267
53100.0,49,871,20.0,25.591146110024443
53100.0,49,1755,20.0,31.959474333345515
53100.0,34,825,20.0,23.634664984534115
53100.0,34,1664,20.0,29.413856614341476
53100.0,34,781,12.191345185148698,29.346528940605566
53100.0,31,780,20.0,25.542166532391835
53100.0,31,1620,20.0,23.44331934821098
53100.0,31,781,7.808654814851302,29.408869295211428
53100.0,7,1529,20.0,24.244573345321722
53100.0,7,599,20.0,34.09750499745776
53100.0,7,689,12.191345185148698,27.878254596826167
53100.0,15,644,20.0,30.574722016469448
53100.0,15,1574,20.0,25.0983966719138
53100.0,18,735,20.0,27.272708896572777
53100.0,28,1619,20.0,26.664424141056553
53100.0,38,1665,20.0,25.646084046831504
53100.0,8,689,7.808654814851302,27.860019527067017
53100.0,62,961,20.0,27.169600761312843
53100.0,62,1800,20.0,35.16082020926721
53100.0,62,1801,12.191345185148698,33.42755318377024
53100.0,6,1528,20.0,28.10409595270803
53100.0,5,1484,20.0,24.675482727291527
53100.0,53,916,20.0,26.208587597991876
53100.0,0,598,20.0,30.730337565723516
53100.0,0,1483,20.0,28.198960271806722
53100.0,58,1756,20.0,30.179619734164643
53100.0,106,870,20.0,22.564552963753897
53100.0,125,1801,7.808654814851302,33.2879522598102
53100.0,177,1711,20.0,26.87409293137714
53100.0,143,734,20.0,24.67182858837095
53100.0,148,1575,20.0,21.950808419157884
53100.0,238,915,20.0,22.964061621655365
53400.0,42,1707,20.0,27.321194830438284
53400.0,42,868,20.0,20.431836279846504
53400.0,49,869,20.0,23.384066295558718
53400.0,49,1708,20.0,23.82365142782379
53400.0,34,1662,20.0,25.440945703319528
53400.0,34,823,20.0,22.071270060022883
53400.0,31,778,20.0,24.754123297182968
53400.0,7,1526,20.0,28.6067398611848
53400.0,7,687,20.0,29.460352836337396
53400.0,15,732,20.0,26.436514273435726
53400.0,15,1571,20.0,28.818288290225272
53400.0,15,1572,12.800269374512268,25.218170287983938
53400.0,18,1572,7.199730625487732,24.79285992558541
53400.0,18,733,20.0,28.354216544441456
53400.0,28,1617,20.0,24.559596494394665
53400.0,9,1527,20.0,25.475744276063963
53400.0,62,1798,20.0,28.847978674219625
53400.0,62,959,20.0,22.78006503114143
53400.0,5,642,20.0,33.10717488936024
53400.0,53,1753,20.0,25.473955706465212
53400.0,53,914,20.0,22.107308099841923
53400.0,12,688,20.0,31.813429893640045
53400.0,0,1481,20.0,29.102335003235527
53400.0,101,1663,20.0,22.187760531215297
53400.0,114,913,20.0,19.17781310562817
53400.0,86,777,20.0,23.338129888756534
53400.0,131,1482,20.0,25.940325756709957
53400.0,156,1618,20.0,21.47428605487
53400.0,246,958,20.0,20.159025383091425
53400.0,246,1754,20.0,23.621197821424392
53400.0,219,822,20.0,20.630338188375156
53400.0,258,686,20.0,28.54472886921084
53400.0,277,1573,20.0,21.58895587633723
53400.0,314,1799,20.0,26.982191724540552
53700.0,42,1705,20.0,30.33049794767979
53700.0,42,866,20.0,24.867825431872202
53700.0,49,1750,20.0,33.85639044704784
53700.0,49,911,20.0,25.82549474546142
53700.0,34,1660,20.0,27.108561983325963
53700.0,34,821,20.0,25.162068987087476
53700.0,31,776,20.0,27.183891863316788
53700.0,7,1524,20.0,23.979839904220984
53700.0,7,685,20.0,28.822724698963423
53700.0,15,1569,20.0,25.840656303425973
53700.0,15,730,20.0,25.893501650419623
53700.0,21,1614,20.0,28.46897166833087
53700.0,21,775,20.0,23.804635189292732
53700.0,28,1615,20.0,24.76219937777731
53700.0,62,1796,20.0,33.919806604652784
53700.0,62,957,20.0,31.005736189222585
53700.0,61,956,20.0,27.6999060785675
53700.0,5,640,20.0,32.374270084159626
53700.0,53,1751,20.0,30.98357549812725
53700.0,55,912,20.0,29.564807168778284
53700.0,0,1479,20.0,24.029506878286114
53700.0,57,1795,20.0,37.590470317849146
53700.0,67,684,20.0,26.1715359480394
53700.0,109,1706,20.0,27.848062918413046
53700.0,83,1570,20.0,22.59060152337835
53700.0,93,820,20.0,21.75845007100847
53700.0,63,639,20.0,29.321469692422347
53700.0,138,1525,20.0,20.996542118679915
53700.0,227,865,20.0,21.49708233804942
53700.0,227,1661,20.0,24.589593550351854
53700.0,202,729,20.0,23.27289250072496
53700.0,258,1480,20.0,20.850038496858332
53700.0,298,910,20.0,22.34173024388963
53700.0,375,1752,20.0,28.836349452374137
54000.0,42,1703,20.0,23.032107445974624
54000.0,42,864,20.0,23.588065656151656
54000.0,42,863,14.061839718137293,21.009559557246632
54000.0,49,1748,20.0,25.133253946843187
54000.0,49,909,20.0,22.679856316289893
54000.0,34,818,20.0,22.062832782749965
54000.0,34,1658,20.0,21.24322077451478
54000.0,34,1657,14.061839718137293,24.509461417299054
54000.0,31,1657,5.938160281862707,24.06854285112295
54000.0,7,1522,20.0,23.67560662589921
54000.0,7,682,20.0,27.292530151720328
54000.0,7,683,14.061839718137293,29.45990657873523
54000.0,15,1567,20.0,22.685393694344928
54000.0,15,728,20.0,26.36250060407564
54000.0,21,1612,20.0,22.939084194437317
54000.0,21,773,20.0,24.519477886009888
54000.0,38,819,20.0,25.067130760092663
54000.0,38,1702,20.0,26.60479690116779
54000.0,8,683,5.938160281862707,29.29354537099604
54000.0,62,954,20.0,22.825205453222818
54000.0,62,1794,20.0,26.552274185179535
54000.0,6,1521,20.0,27.6927539672141
54000.0,41,863,5.938160281862707,20.931015913293805
54000.0,61,1839,20.0,28.38145694608315
54000.0,0,637,20.0,30.479228849896135
54000.0,74,727,20.0,24.70222757481533
54000.0,90,1613,20.0,20.40821426141561
54000.0,64,1477,20.0,25.725513350975525
54000.0,181,1749,20.0,23.70454641326102
54000.0,175,908,20.0,20.017585789691115
54000.0,146,772,20.0,22.69783828814257
54000.0,211,1568,20.0,20.25419945089097
54000.0,309,953,20.0,20.43057172823771
54000.0,298,1704,20.0,21.593162759853303
54300.0,42,861,20.0,24.357331049295095
54300.0,42,1746,20.0,29.532876523742903
54300.0,42,1747,14.713885433241607,27.804097809512214
54300.0,49,1792,20.0,30.743393175368798
54300.0,49,906,20.0,25.013050205500512
54300.0,34,816,20.0,23.868758247750552
54300.0,34,1701,20.0,26.664368674762127
54300.0,7,680,20.0,27.993016148166532
54300.0,7,1519,20.0,27.568794156956564
54300.0,45,1791,20.0,32.75927924206056
54300.0,45,1747,5.286114566758393,27.796617875525197
54300.0,45,862,20.0,28.537347083034206
54300.0,15,725,20.0,25.029762723081237
54300.0,15,1565,20.0,23.70464729737969
54300.0,18,726,20.0,28.00865865601804
54300.0,18,1655,20.0,28.289170159035432
54300.0,21,1610,20.0,24.345251227153486
54300.0,21,770,20.0,22.177032550911044
54300.0,28,771,20.0,24.631647706673203
54300.0,8,1564,20.0,27.400041707294324
54300.0,62,952,20.0,28.78827745526215
54300.0,62,1837,20.0,34.13618215242444
54300.0,62,24,14.713885433241607,37.63116499618846
54300.0,53,907,20.0,28.46691436466684
54300.0,0,635,20.0,31.33598131324056
54300.0,0,1474,20.0,27.972694376476113
54300.0,118,951,20.0,25.73758153053869
54300.0,71,1520,20.0,24.122272503195095
54300.0,127,679,20.0,27.31987325572187
54300.0,162,1656,20.0,25.044681535590477
54300.0,155,815,20.0,21.051671859470034
54300.0,189,1475,20.0,24.355599704043154
54300.0,250,1838,20.0,32.98575206929812
54300.0,251,996,20.0,27.439716337719968
54600.0,42,859,20.0,24.335811269573448
54600.0,42,1744,20.0,25.027031497848977
54600.0,49,904,20.0,23.99367928327949
54600.0,49,1789,20.0,27.09101241793878
54600.0,34,814,20.0,25.535506800430337
54600.0,34,1699,20.0,23.559816887165223
54600.0,31,813,20.0,23.034718002494127
54600.0,7,678,20.0,29.591625062820576
54600.0,7,1563,20.0,26.200453308436103
54600.0,15,723,20.0,26.722616911386993
54600.0,15,1608,20.0,25.544971713451933
54600.0,18,1653,20.0,25.452859609124612
54600.0,18,768,20.0,24.587729228360562
54600.0,28,1698,20.0,26.745029178807908
54600.0,28,769,20.0,27.478579958701413
54600.0,23,1654,20.0,22.877506873309336
54600.0,62,950,20.0,27.62422792978276
54600.0,62,1835,20.0,27.65019481905072
54600.0,53,1834,20.0,29.384143327806637
54600.0,55,949,20.0,24.00599260932015
54600.0,0,633,20.0,33.32637055926799
54600.0,0,1562,20.0,30.10091110979493
54600.0,0,677,15.379693291859269,28.764493846034952
54600.0,3,677,4.620306708140731,28.719497612419595
54600.0,101,858,20.0,22.215533192869813
54600.0,114,1790,20.0,25.487074150337975
54600.0,125,994,20.0,25.273675809398842
54600.0,63,1472,20.0,27.626392017835087
54600.0,143,1609,20.0,22.681509672768644
54600.0,134,722,20.0,25.945209918662457
54600.0,236,1745,20.0,23.524845871545104
54600.0,235,903,20.0,21.858615515830916
54600.0,263,1518,20.0,23.35692064086823
54600.0,266,767,20.0,23.377392578622455
54900.0,42,857,20.0,28.589357061245888
54900.0,42,1742,20.0,22.375723790127882
54900.0,49,902,20.0,26.70969616560403
54900.0,49,1787,20.0,24.128996027677967
54900.0,34,1741,20.0,25.929812624373014
54900.0,34,811,20.0,26.746416232652344
54900.0,34,856,16.058946405509552,25.237160887084134
54900.0,31,1696,20.0,24.27052203967077
54900.0,7,1605,20.0,28.77578885269726
54900.0,7,676,20.0,35.78221199105764
54900.0,7,720,16.058946405509552,29.897389523435084
54900.0,15,721,20.0,31.989529429736105
54900.0,15,1606,20.0,25.081678215350493
54900.0,18,1651,20.0,24.299558039801706
54900.0,21,766,20.0,28.518508561979782
54900.0,38,856,3.941053594490448,24.84190312366133
54900.0,8,720,3.941053594490448,29.74442283516497
54900.0,62,19,20.0,30.506413288261612
54900.0,62,992,20.0,25.667839734873766
54900.0,62,947,16.058946405509552,26.24696362698339
54900.0,6,675,20.0,33.065290747701304
54900.0,6,1561,20.0,26.391752620001803
54900.0,61,947,3.941053594490448,26.00273070193636
54900.0,53,1832,20.0,27.144091972886827
54900.0,0,1560,20.0,29.51488637184797
54900.0,109,901,20.0,23.426524877668854
54900.0,80,765,20.0,26.483612779088922
54900.0,96,1697,20.0,20.680497825768498
54900.0,124,1833,20.0,24.013014690849005
54900.0,179,946,20.0,22.587647331182104
54900.0,241,1788,20.0,20.97522800446837
54900.0,189,1516,20.0,27.783519834363688
54900.0,213,1652,20.0,20.98366352886435
54900.0,213,810,20.0,24.23794130349884
55200.0,42,1784,20.0,33.41054434761879
55200.0,42,854,20.0,29.646255384078444
55200.0,42,899,16.75132148649866,28.40945557806471
55200.0,49,1785,20.0,30.568222298620093
55200.0,49,899,3.248678513501339,28.259151598825433
55200.0,49,900,20.0,32.03874887626413
55200.0,49,1829,13.502642972997322,35.87604788119862
55200.0,34,1739,20.0,31.280434402473126
55200.0,34,809,20.0,31.056273130111908
55200.0,31,1694,20.0,29.480771694922705
55200.0,7,1603,20.0,28.739685009082166
55200.0,7,673,20.0,34.68472321266175
55200.0,7,718,16.75132148649866,32.10918372878029
55200.0,15,1648,20.0,30.622148311800245
55200.0,15,718,3.248678513501339,32.177836748525266
55200.0,15,763,20.0,30.17829815754753
55200.0,18,1649,20.0,27.850800406993905
55200.0,21,764,20.0,33.17929155073451
55200.0,62,17,20.0,34.841187508338685
55200.0,62,990,20.0,29.615909080450564
55200.0,62,945,16.75132148649866,30.613553007842995
55200.0,61,945,3.248678513501339,30.41459389055536
55200.0,5,1558,20.0,27.78333558428088
55200.0,53,1830,20.0,32.53432353569557
55200.0,53,944,20.0,26.903902947923783
55200.0,50,1829,6.497357027002678,35.794317156401306
55200.0,26,808,20.0,28.257631836540877
55200.0,75,1604,20.0,26.171205376776186
55200.0,104,1740,20.0,28.75717073960978
55200.0,63,672,20.0,32.920520318426284
55200.0,187,989,20.0,25.93217485147789
55200.0,160,853,20.0,26.767824124002136
55200.0,224,1695,20.0,26.799563865021693
55200.0,197,1559,20.0,24.74623169931286
55500.0,42,1782,20.0,21.567470709533694
55500.0,42,852,20.0,19.50716853991946
55500.0,49,897,20.0,20.45140459522588
55500.0,49,1827,20.0,24.68023868182803
55500.0,34,1737,20.0,18.87217821832953
55500.0,34,851,20.0,16.53618394049716
55500.0,31,807,20.0,18.99806740119928
55500.0,31,1736,20.0,21.518804713408347
55500.0,31,1692,17.4564890017869,16.768036951750588
55500.0,7,1601,20.0,17.697435282826813
55500.0,7,671,20.0,22.89821532297139
55500.0,7,715,17.4564890017869,17.597909894974805
55500.0,15,1646,20.0,17.54911146631613
55500.0,15,716,20.0,19.249813472588162
55500.0,15,761,17.4564890017869,16.77865938387847
55500.0,18,761,2.543510998213101,16.23245883061464
55500.0,21,1691,20.0,19.14400876997001
55500.0,28,806,20.0,15.619745916917582
55500.0,28,1692,2.543510998213101,16.710835634852224
55500.0,62,987,20.0,25.403471080714315
55500.0,62,15,20.0,28.04844875393117
55500.0,62,14,17.4564890017869,28.5472718030571
55500.0,6,715,2.543510998213101,17.604243675609037
55500.0,61,14,2.543510998213101,28.404701937493762
55500.0,53,942,20.0,22.53978860800885
55500.0,0,670,20.0,20.664613843677415
55500.0,0,1556,20.0,19.091281526904552
55500.0,0,1555,17.4564890017869,22.949461132422222
55500.0,57,1828,20.0,24.770767125206
55500.0,59,943,20.0,26.75644909973225
55500.0,85,1647,20.0,15.700646589105098
55500.0,177,1783,20.0,21.89879776322405
55500.0,170,896,20.0,17.85217759076722
55500.0,139,760,20.0,14.99143297516725
55800.0,42,894,20.0,18.556751047075338
55800.0,42,1780,20.0,20.639938883853304
55800.0,42,1779,18.174113329828785,23.71436444641833
55800.0,49,895,20.0,22.19102739215065
55800.0,49,1825,20.0,22.76994860523742
55800.0,34,849,20.0,19.908384001868082
55800.0,34,1734,20.0,21.72233325511128
55800.0,31,804,20.0,21.899141102938202
55800.0,7,713,20.0,24.189380268854727
55800.0,7,1598,20.0,25.523189754243674
55800.0,15,1644,20.0,21.253830100583873
55800.0,15,758,20.0,21.68446889618608
55800.0,18,759,20.0,23.41800876820326
55800.0,21,1689,20.0,21.063798906691662
55800.0,38,1779,1.825886670171215,23.70002234510111
55800.0,38,1735,20.0,19.144134873136764
55800.0,8,1599,20.0,22.167416792082037
55800.0,62,985,20.0,22.709338547871493
55800.0,62,12,20.0,25.930884382286933
55800.0,53,940,20.0,22.130561944279062
55800.0,11,714,20.0,26.591469146012138
55800.0,11,1643,20.0,25.167958748924455
55800.0,0,668,20.0,27.492661915652356
55800.0,0,1553,20.0,27.248293352875937
55800.0,114,939,20.0,18.90626159981502
55800.0,127,1554,20.0,23.880731329747757
55800.0,148,803,20.0,19.988800964680525
55800.0,155,1690,20.0,18.102640749274236
55800.0,188,13,20.0,24.962429658044954
55800.0,246,1826,20.0,21.46957235940676
55800.0,246,984,20.0,19.545732854404427
55800.0,218,848,20.0,18.569212925141404
55800.0,275,1645,20.0,18.397752542685726
55800.0,255,712,20.0,24.935322142059793
56100.0,42,892,20.0,27.457890026034
56100.0,42,1777,20.0,30.766456305774323
56100.0,49,1822,20.0,33.52855264410482
56100.0,49,937,20.0,25.98268478399846
56100.0,34,1732,20.0,28.803069760247762
56100.0,34,847,20.0,29.55873367237907
56100.0,31,802,20.0,32.82661431753289
56100.0,7,1596,20.0,28.41963769222896
56100.0,7,711,20.0,35.08042874748863
56100.0,15,756,20.0,31.88996533146898
56100.0,15,1641,20.0,28.91850613361751
56100.0,18,1686,20.0,31.179895752079535
56100.0,18,1642,20.0,25.735068239371476
56100.0,21,801,20.0,29.153904019304104
56100.0,28,1687,20.0,27.317413991275522
56100.0,62,10,20.0,32.895588962651786
56100.0,62,983,20.0,29.212635892326993
56100.0,53,1823,20.0,29.95945703387094
56100.0,53,938,20.0,29.94043634494888
56100.0,0,666,20.0,38.489791100502806
56100.0,0,1551,20.0,29.10110334646441
56100.0,57,982,20.0,26.10302988227105
56100.0,109,1778,20.0,27.59225166163359
56100.0,92,846,20.0,26.3943489003423
56100.0,127,710,20.0,33.094191315543206
56100.0,138,1597,20.0,25.36803312413511
56100.0,227,891,20.0,24.23107601658249
56100.0,227,1733,20.0,25.626387623422247
56100.0,189,665,20.0,36.39634388652926
56100.0,200,755,20.0,29.938285687091433
56100.0,314,1027,20.0,26.59232642271084
56100.0,255,1552,20.0,25.748752595910958
56100.0,375,1824,20.0,27.206846729691485
56100.0,362,936,20.0,22.495317574349222
56400.0,42,1775,20.0,28.850731778020364
56400.0,42,890,20.0,27.338390712029472
56400.0,49,1820,20.0,31.413599735373587
56400.0,49,935,20.0,27.287149737894772
56400.0,34,1730,20.0,26.537444477855672
56400.0,34,844,20.0,25.23712390716296
56400.0,34,845,19.645360456709646,29.07077238077666
56400.0,31,1729,20.0,30.20155873223548
56400.0,7,1594,20.0,25.0438050251748
56400.0,7,709,20.0,33.86281793492934
56400.0,7,708,19.645360456709646,30.97515970695385
56400.0,15,1639,20.0,25.28071530095847
56400.0,15,754,20.0,30.272765068909354
56400.0,18,1684,20.0,27.692542163022658
56400.0,21,799,20.0,27.54542551127083
56400.0,38,845,0.35463954329035374,28.942210288125043
56400.0,38,889,20.0,24.103322586518217
56400.0,36,1774,20.0,33.1103527136213
56400.0,62,980,20.0,27.46859707510447
56400.0,62,8,20.0,31.57833738009697
56400.0,62,52,19.645360456709646,38.66934410209936
56400.0,6,708,0.35463954329035374,30.821157681812274
56400.0,53,7,20.0,35.273402141212294
56400.0,0,1593,20.0,28.89017999298629
56400.0,0,663,20.0,34.14237437365423
56400.0,74,753,20.0,27.605353773004538
56400.0,90,1685,20.0,24.160188466526375
56400.0,64,1549,20.0,24.881764102862487
56400.0,181,1821,20.0,28.27376062304777
56400.0,171,934,20.0,24.051351443776777
56400.0,236,1776,20.0,25.792242463938663
56400.0,207,798,20.0,24.631093904430053
56400.0,207,1640,20.0,22.13325474877439
56400.0,251,1025,20.0,28.71148684628824
56700.0,42,887,20.0,24.182252497856066
56700.0,42,1773,20.0,27.526189493224052
56700.0,49,1818,20.0,29.85175921054497
56700.0,49,933,20.0,28.200866105245208
56700.0,49,932,20.0,24.555599667420356
56700.0,34,842,20.0,25.483356280863557
56700.0,34,1772,20.0,30.560239983004237
56700.0,34,1727,20.0,27.99447165244046
56700.0,7,706,20.0,30.479554187427265
56700.0,7,1636,20.0,28.019297967175532
56700.0,45,1817,20.0,33.234382623880855
56700.0,45,888,20.0,28.117948097648878
56700.0,15,1637,20.0,24.248134743824632
56700.0,15,751,20.0,27.507479375477807
56700.0,15,752,20.0,30.719066805501757
56700.0,18,1681,20.0,29.72270439763242
56700.0,21,1682,20.0,25.533263179311042
56700.0,21,797,20.0,27.49835989064282
56700.0,21,796,20.0,24.497231312271914
56700.0,62,978,20.0,28.426654863537223
56700.0,62,50,20.0,36.07212965094753
56700.0,6,1591,20.0,27.54104146736503
56700.0,61,5,20.0,32.85234070984026
56700.0,0,661,20.0,33.889556025610524
56700.0,70,1592,20.0,23.983012971872288
56700.0,118,977,20.0,25.268872469260085
56700.0,152,841,20.0,22.928193942119446
56700.0,162,1728,20.0,24.874703168189374
56700.0,187,6,20.0,30.587379153610843
56700.0,189,705,20.0,28.835172000395662
56700.0,189,1547,20.0,24.525452670872944
56700.0,250,1022,20.0,26.053625151835632
56700.0,216,1683,20.0,23.03495996365205
56700.0,289,886,20.0,21.493093214902924
57000.0,42,885,20.0,22.632389663167142
57000.0,42,1815,20.0,27.760192530688172
57000.0,42,1770,20.0,25.025365012930095
57000.0,49,930,20.0,22.18034456302628
57000.0,34,840,20.0,23.806007368780246
57000.0,34,1725,20.0,22.646543129874043
57000.0,7,704,20.0,27.866848902547723
57000.0,7,1634,20.0,22.83366062037002
57000.0,7,1589,20.0,24.009070500386077
57000.0,15,749,20.0,24.501107049492525
57000.0,15,1679,20.0,23.79367497804567
57000.0,18,794,20.0,22.6518345962136
57000.0,21,1680,20.0,21.261240746024324
57000.0,28,839,20.0,20.96874386495069
57000.0,28,1724,20.0,25.52022531673716
57000.0,62,976,20.0,27.97804122575769
57000.0,62,48,20.0,32.01605107630422
57000.0,61,3,20.0,28.68425267876585
57000.0,53,2,20.0,30.98613790316216
57000.0,53,975,20.0,24.485934574519028
57000.0,27,795,20.0,26.02145657155958
57000.0,0,659,20.0,31.5910405035793
57000.0,0,703,20.0,27.00529809773812
57000.0,114,1816,20.0,25.221016526986176
57000.0,99,884,20.0,20.15848299199524
57000.0,124,1020,20.0,27.04299750654252
57000.0,143,1635,20.0,20.197760593980995
57000.0,170,1771,20.0,22.692655515570443
57000.0,134,748,20.0,23.648740273331097
57000.0,189,1544,20.0,25.3391122594998
57000.0,231,929,20.0,19.67536341144506
57000.0,258,1590,20.0,21.261404231164075
57000.0,266,793,20.0,21.58374684337449
57000.0,289,1726,20.0,20.265947025063507
57300.0,42,883,20.0,29.862187808564094
57300.0,42,1768,20.0,29.590799552902443
57300.0,42,1813,20.0,32.23081207346775
57300.0,49,928,20.0,28.557179686205878
57300.0,34,1767,20.0,32.99882386970757
57300.0,34,882,20.0,26.371618393536767
57300.0,31,837,20.0,28.04149902351522
57300.0,7,1631,20.0,31.799775716294526
57300.0,7,746,20.0,30.394132598721797
57300.0,7,702,20.0,36.71834501995286
57300.0,15,747,20.0,33.16403949319253
57300.0,15,1677,20.0,29.53804535802141
57300.0,15,1632,20.0,28.25256255103557
57300.0,18,792,20.0,30.76133829142389
57300.0,28,1722,20.0,30.571015469953323
57300.0,62,91,20.0,38.23614867848056
57300.0,62,1018,20.0,29.823349466331493
57300.0,6,1587,20.0,26.998835124698218
57300.0,5,701,20.0,33.58195936741913
57300.0,53,0,20.0,34.78600349125274
57300.0,53,973,20.0,29.045233223050083
57300.0,0,1586,20.0,30.141560776613467
57300.0,109,927,20.0,25.499437116147575
57300.0,121,1,20.0,32.29734687119832
57300.0,92,1723,20.0,27.40665965073294
57300.0,80,791,20.0,27.938294023115354
57300.0,149,1678,20.0,26.049719315480832
57300.0,238,972,20.0,25.589283035050464
57300.0,241,1814,20.0,29.03459762815953
57300.0,189,1542,20.0,26.46110574101034
57300.0,213,836,20.0,25.3597066211947
57300.0,251,46,20.0,35.54961738486321
57300.0,310,1017,20.0,26.501054848163974
57300.0,269,1633,20.0,24.60387167290619
57600.0,42,1810,20.0,27.5145849137715
57600.0,42,925,20.0,22.077449209265346
57600.0,49,926,20.0,25.77872467993271
57600.0,49,1811,20.0,24.168189404190613
57600.0,49,43,20.0,31.278331423079013
57600.0,34,1765,20.0,24.561442463954652
57600.0,34,880,20.0,22.2948323525345
57600.0,34,835,20.0,24.551252723071606
57600.0,31,1720,20.0,22.95475919195262
57600.0,7,1629,20.0,24.65197723470206
57600.0,7,744,20.0,24.93571029924401
57600.0,15,1674,20.0,24.994323768813267
57600.0,15,789,20.0,22.875852408379952
57600.0,18,1675,20.0,21.39180925383733
57600.0,21,790,20.0,26.450034941030545
57600.0,62,89,20.0,30.352863978481157
57600.0,62,1016,20.0,27.648736412703553
57600.0,6,699,20.0,28.568106663873063
57600.0,61,971,20.0,26.966460159553886
57600.0,53,44,20.0,27.187110620171104
57600.0,53,970,20.0,23.306412600032264
57600.0,0,1584,20.0,25.023370796127526
57600.0,86,834,20.0,20.7861237578818
57600.0,74,1630,20.0,21.46840065945916
57600.0,102,1766,20.0,21.526716433525642
57600.0,184,1015,20.0,24.351060619335986
57600.0,131,1585,20.0,22.0487036085371
57600.0,126,698,20.0,25.869753370274022
57600.0,158,879,20.0,18.963688388665872
57600.0,222,1721,20.0,19.347979637515063
57600.0,194,743,20.0,22.40298696045707
57600.0,314,45,20.0,25.629670287304496
57600.0,292,924,20.0,18.623111927475613
57600.0,368,1812,20.0,22.360878458286646
57900.0,42,1808,20.0,31.467129090927553
57900.0,42,923,20.0,29.873556309870754
57900.0,42,878,20.0,31.503998745721226
57900.0,49,41,20.0,34.20079171944514
57900.0,49,968,20.0,29.207330520099074
57900.0,34,1763,20.0,29.668346037305316
57900.0,34,877,20.0,28.38190496091254
57900.0,31,833,20.0,33.27143162881175
57900.0,31,1762,20.0,33.75971929987655
57900.0,7,1627,20.0,29.29213597708792
57900.0,7,742,20.0,36.407270278733606
57900.0,15,1672,20.0,30.031361406219666
57900.0,15,787,20.0,33.1171016071685
57900.0,21,1717,20.0,31.79437294649511
57900.0,28,832,20.0,30.12993976288052
57900.0,28,1718,20.0,28.23297370978594
57900.0,62,87,20.0,34.33572571018479
57900.0,62,1013,20.0,28.241981517349473
57900.0,62,1014,20.0,32.00921055848974
57900.0,6,697,20.0,39.75281491974739
57900.0,55,42,20.0,31.504114875500644
57900.0,0,1582,20.0,29.147043911652712
57900.0,0,696,20.0,36.46299426357357
57900.0,57,86,20.0,37.69558993717006
57900.0,57,969,20.0,32.8996071082689
57900.0,67,741,20.0,33.38040601907714
57900.0,83,1673,20.0,27.013968134989135
57900.0,175,1809,20.0,28.920276009722393
57900.0,139,786,20.0,30.389344475831034
57900.0,164,922,20.0,27.089193891583733
57900.0,202,1628,20.0,26.148533731648424
57900.0,298,967,20.0,26.10746641860447
57900.0,294,1764,20.0,26.943005487208207
57900.0,273,831,20.0,27.27033968851828
58200.0,42,1806,20.0,27.599943445552103
58200.0,42,920,20.0,25.17608948310272
58200.0,49,39,20.0,29.51977146998593
58200.0,49,921,20.0,28.884895982812186
58200.0,34,875,20.0,26.892880807256766
58200.0,34,1760,20.0,29.592091399271432
58200.0,7,739,20.0,32.19956689923489
58200.0,7,1625,20.0,26.163998731626226
58200.0,7,1624,20.0,29.823971191253733
58200.0,15,1670,20.0,26.59156657648073
58200.0,15,784,20.0,29.3541869891457
58200.0,15,785,20.0,32.142892964197706
58200.0,21,1715,20.0,28.06824221101783
58200.0,28,830,20.0,28.98098677945376
58200.0,38,1805,20.0,31.41025987135087
58200.0,38,876,20.0,31.114646846602245
58200.0,38,1761,20.0,26.243960200578034
58200.0,9,740,20.0,35.44509575894135
58200.0,62,1057,20.0,24.97788799093892
58200.0,62,84,20.0,32.99193807095161
58200.0,53,966,20.0,26.398910616459595
58200.0,10,1669,20.0,30.722755310768008
58200.0,0,694,20.0,35.351815323065736
58200.0,0,1579,20.0,29.43553603524616
58200.0,112,1011,20.0,23.326690664224415
58200.0,64,1580,20.0,25.938435187503323
58200.0,125,85,20.0,29.51786913371082
58200.0,148,829,20.0,26.62085734667769
58200.0,155,1716,20.0,24.694857147194256
58200.0,246,40,20.0,26.13804125179785
58200.0,246,1056,20.0,21.85174621567794
58200.0,275,1671,20.0,23.342276407915037
58200.0,278,874,20.0,24.690542794306143
58200.0,300,1807,20.0,24.299540335555132
58500.0,42,964,20.0,23.859438350927963
58500.0,42,1803,20.0,28.363594423027212
58500.0,49,1009,20.0,22.451812801467145
58500.0,49,36,20.0,31.238016206619314
58500.0,49,37,20.0,27.773053255845085
58500.0,34,919,20.0,25.946930499365816
58500.0,34,1758,20.0,26.773557683416144
58500.0,7,737,20.0,30.696524583574284
58500.0,7,1622,20.0,29.409553696202945
58500.0,15,782,20.0,27.55955770188609
58500.0,15,1667,20.0,29.422525300389527
58500.0,18,1712,20.0,29.896711422548115
58500.0,18,1668,20.0,25.991754242609357
58500.0,21,873,20.0,25.286135980214148
58500.0,21,1713,20.0,26.352107451330475
58500.0,20,783,20.0,31.784459976342536
58500.0,28,828,20.0,28.78038595312069
58500.0,62,1055,20.0,26.208417569788132
58500.0,62,82,20.0,30.73340036589045
58500.0,53,1010,20.0,26.26337128911481
58500.0,0,692,20.0,34.14448956555805
58500.0,0,1577,20.0,29.810928503517182
58500.0,109,1804,20.0,25.020297474858353
58500.0,118,1054,20.0,23.063612050335614
58500.0,92,918,20.0,22.873513945844135
58500.0,127,736,20.0,29.27812224232737
58500.0,134,1623,20.0,26.179465381579487
58500.0,224,1759,20.0,23.572471311403966
58500.0,224,963,20.0,20.836344904170293
58500.0,251,1099,20.0,24.161899084637593
58500.0,263,827,20.0,26.048609983761907
58500.0,314,83,20.0,29.130248423552697
58500.0,255,1578,20.0,26.26291136759701
58500.0,282,1714,20.0,22.73234100467516
58800.0,42,962,20.0,25.42374658772848
58800.0,42,1801,20.0,22.63370900252204
58800.0,49,34,20.0,25.188601685018643
58800.0,49,1007,20.0,22.70880506473666
58800.0,34,1756,20.0,21.392109406661355
58800.0,34,917,20.0,29.040622898747074
58800.0,31,916,20.0,25.23613012373533
58800.0,31,1755,20.0,25.285396889806172
58800.0,7,781,20.0,35.30974801426056
58800.0,7,1620,20.0,27.597702387714392
58800.0,15,826,20.0,31.651611904666492
58800.0,15,1665,20.0,25.751346728700952
58800.0,18,1710,20.0,25.100961270886188
58800.0,21,871,20.0,28.418623707924954
58800.0,38,961,20.0,22.363245859291744
58800.0,62,1053,20.0,25.365471000512773
58800.0,62,80,20.0,25.306206602859838
58800.0,62,124,20.0,32.30054290464888
58800.0,61,1052,20.0,21.68030096473834
58800.0,5,780,20.0,32.505596878510346
58800.0,53,79,20.0,28.77677554317614
58800.0,0,1619,20.0,31.36616716377113
58800.0,0,690,20.0,39.13696943468029
58800.0,74,825,20.0,29.162474835599838
58800.0,90,1711,20.0,21.816267031964248
58800.0,64,1575,20.0,30.325910491300487
58800.0,125,1097,20.0,20.377923112744924
58800.0,116,35,20.0,22.163479661234025
58800.0,170,1006,20.0,19.675050007960333
58800.0,236,1802,20.0,19.515204394316747
58800.0,205,1666,20.0,22.501220026891225
58800.0,205,870,20.0,25.826385084814042
58800.0,263,1621,20.0,24.303308442820967
58800.0,304,1051,20.0,18.11124017980955
59100.0,42,1799,20.0,21.456321277221566
59100.0,42,959,20.0,21.935015019963494
59100.0,42,960,20.0,25.65440350243989
59100.0,42,31,6.78854153274078,27.97028803339019
59100.0,49,32,20.0,23.812500244387596
59100.0,49,1005,20.0,24.341710316139174
59100.0,34,914,20.0,23.51620043870493
59100.0,34,1798,20.0,24.936801251128866
59100.0,31,1753,20.0,22.90597133615292
59100.0,7,1662,20.0,26.858496575250882
59100.0,7,778,20.0,29.781681974377744
59100.0,45,1004,20.0,20.927522611865573
59100.0,45,31,13.21145846725922,27.94992956355333
59100.0,15,1663,20.0,23.23906678804425
59100.0,15,824,20.0,29.747239615708803
59100.0,18,1708,20.0,22.5935019913437
59100.0,18,868,20.0,23.29064540007657
59100.0,21,869,20.0,26.28335628163901
59100.0,8,823,20.0,26.532707265982616
59100.0,62,122,20.0,30.566153381661575
59100.0,62,1050,20.0,24.7178600425837
59100.0,62,1095,20.0,25.449888726548746
59100.0,5,1617,20.0,28.240789467893936
59100.0,53,77,20.0,27.349943703259004
59100.0,0,733,20.0,33.3229666684541
59100.0,67,1618,20.0,24.71106802058165
59100.0,97,1754,20.0,19.736441105039862
59100.0,181,1049,20.0,21.197479910466374
59100.0,152,913,20.0,20.48867627287285
59100.0,187,78,20.0,25.682063163866584
59100.0,189,1573,20.0,25.928713322084338
59100.0,189,777,20.0,27.962923219360555
59100.0,250,1094,20.0,21.82798828972868
59100.0,216,1709,20.0,19.18712963767027
59400.0,42,957,20.0,21.075664751676594
59400.0,42,29,20.0,24.10436984016698
59400.0,49,1002,20.0,20.862592249551874
59400.0,49,30,20.0,22.582319728035568
59400.0,49,74,20.0,27.26964181890162
59400.0,34,1796,20.0,21.900400640755787
59400.0,34,912,20.0,22.155524325353046
59400.0,31,1751,20.0,20.23378227714341
59400.0,7,1660,20.0,20.97986782553901
59400.0,7,776,20.0,25.73302360919408
59400.0,15,1705,20.0,21.466724613650797
59400.0,15,821,20.0,22.927367290964895
59400.0,18,866,20.0,20.601566915064254
59400.0,21,1706,20.0,19.249247157133908
59400.0,28,911,20.0,19.32215823627867
59400.0,23,867,20.0,24.049649715504984
59400.0,23,1750,20.0,23.061925970233496
59400.0,62,120,20.0,28.35980405228446
59400.0,62,1048,20.0,25.998738770969318
59400.0,6,1615,20.0,22.72599081705355
59400.0,53,1047,20.0,22.279586778594236
59400.0,55,75,20.0,25.07605407568218
59400.0,0,775,20.0,25.92074112843768
59400.0,124,1092,20.0,24.481514807920995
59400.0,162,956,20.0,18.321978691194005
59400.0,143,1661,20.0,18.980171105881706
59400.0,134,820,20.0,22.49971579411612
59400.0,167,1797,20.0,20.35582855164634
59400.0,197,1616,20.0,20.327530024966013
59400.0,231,1001,20.0,18.238400540694283
59400.0,266,865,20.0,20.220687497134076
59400.0,287,1752,20.0,18.696469800053812
59400.0,365,1046,20.0,19.420019572302902
59400.0,375,76,20.0,25.374927740048378
59700.0,42,27,20.0,28.48890790974087
59700.0,42,955,20.0,29.07548864868912
59700.0,49,1000,20.0,27.35873730787374
59700.0,49,72,20.0,31.226883846990663
59700.0,34,954,20.0,25.43181625099815
59700.0,34,1839,20.0,28.42361431057867
59700.0,34,1794,20.0,26.214255088734667
59700.0,31,909,20.0,26.924298056561845
59700.0,31,1749,20.0,24.760371251174863
59700.0,7,1658,20.0,26.2211669985001
59700.0,7,818,20.0,30.433567177781324
59700.0,7,1657,20.0,30.015182261901014
59700.0,7,774,8.474032514512444,36.334302483753696
59700.0,15,1703,20.0,25.952183114087475
59700.0,15,819,20.0,32.73381243465203
59700.0,18,864,20.0,29.277755838406605
59700.0,21,1748,20.0,27.18632159188413
59700.0,62,1090,20.0,25.95870410867539
59700.0,62,117,20.0,34.348447217010126
59700.0,6,774,11.525967485487556,36.25511078547181
59700.0,5,1613,20.0,27.179307017549842
59700.0,53,1045,20.0,26.29011423795001
59700.0,0,773,20.0,33.36644341375507
59700.0,0,1612,20.0,30.516742639174574
59700.0,121,73,20.0,28.811799319537904
59700.0,106,999,20.0,24.16231841590849
59700.0,125,118,20.0,32.0080099591284
59700.0,143,863,20.0,27.2200115577071
59700.0,148,1704,20.0,23.88030173323075
59700.0,238,1044,20.0,22.97698411824238
59700.0,238,28,20.0,26.19703655204043
59700.0,211,908,20.0,24.686978570384362
59700.0,266,1659,20.0,23.880803356402698
59700.0,375,1089,20.0,22.67821302766235
60000.0,42,24,20.0,31.590529665160062
60000.0,42,997,20.0,23.244967676828796
60000.0,49,998,20.0,27.025260753848297
60000.0,49,25,20.0,28.30290639430741
60000.0,49,69,20.0,35.28593041195516
60000.0,34,1837,20.0,28.058659131321168
60000.0,34,952,20.0,23.35154299971059
60000.0,31,907,20.0,24.98006139852855
60000.0,7,1701,20.0,26.09536299495919
60000.0,7,816,20.0,27.135310599625157
60000.0,15,861,20.0,24.116703825555387
60000.0,15,1746,20.0,27.484020826371847
60000.0,15,1747,20.0,24.02227394232208
60000.0,18,862,20.0,27.371995553948487
60000.0,28,1792,20.0,25.57825049322194
60000.0,62,115,20.0,34.31748006928769
60000.0,62,1088,20.0,28.76495846142567
60000.0,5,771,20.0,30.861426562334827
60000.0,53,70,20.0,31.026609754281097
60000.0,53,1043,20.0,27.516409444148326
60000.0,11,1656,20.0,23.00569044641417
60000.0,0,1610,20.0,25.03794860351648
60000.0,50,1042,20.0,24.115484614126352
60000.0,101,1838,20.0,24.959890019363367
60000.0,86,906,20.0,22.202746682654826
60000.0,184,1087,20.0,25.62721022057261
60000.0,131,1611,20.0,21.989486243523295
60000.0,222,951,20.0,20.770072601080642
60000.0,222,1793,20.0,22.385075833283352
60000.0,248,71,20.0,29.676009269786373
60000.0,193,815,20.0,24.574387016009833
60000.0,314,116,20.0,32.96598547535258
60000.0,290,996,20.0,20.578620660133858
60000.0,252,770,20.0,27.864203339341525
60300.0,42,22,20.0,28.769527268117738
60300.0,42,995,20.0,28.240515093831707
60300.0,49,67,20.0,31.484455952110217
60300.0,49,1040,20.0,28.08942961811964
60300.0,34,1835,20.0,26.352546818876284
60300.0,34,950,20.0,29.105339063705525
60300.0,31,905,20.0,30.458314512378074
60300.0,31,949,20.0,26.315385898152893
60300.0,7,1699,20.0,25.497512464448608
60300.0,7,814,20.0,32.08174316961881
60300.0,15,1744,20.0,25.794377800526078
60300.0,15,859,20.0,29.32317435290598
60300.0,21,1789,20.0,26.51885353962512
60300.0,21,904,20.0,27.44040005393328
60300.0,28,1790,20.0,24.244942329110078
60300.0,62,113,20.0,32.811472176300974
60300.0,62,1086,20.0,31.97300981314536
60300.0,61,1085,20.0,28.519221901292905
60300.0,5,769,20.0,35.789260595421624
60300.0,29,1834,20.0,29.38833847440616
60300.0,53,68,20.0,30.049148143177984
60300.0,55,112,20.0,35.136839589463406
60300.0,55,1041,20.0,32.025829736893435
60300.0,0,1654,20.0,26.416765481000045
60300.0,0,768,20.0,33.94760799886425
60300.0,67,813,20.0,30.51175564727471
60300.0,83,1745,20.0,23.329299968902745
60300.0,175,23,20.0,27.541011176780792
60300.0,164,994,20.0,25.620634556972004
60300.0,202,858,20.0,27.86446762469785
60300.0,202,1700,20.0,23.017069862366576
60300.0,228,1836,20.0,25.096733756922802
60300.0,298,1039,20.0,25.18230476069156
60300.0,271,903,20.0,25.678021067569286
60600.0,42,20,20.0,20.593181501363247
60600.0,42,993,20.0,22.373763789817804
60600.0,42,992,20.0,19.38920998292795
60600.0,49,65,20.0,22.38978669126805
60600.0,49,1038,20.0,21.253190675695585
60600.0,34,947,20.0,21.168999809209907
60600.0,34,1833,20.0,19.936179190724246
60600.0,34,1832,20.0,23.66055407859
60600.0,7,811,20.0,28.599538349936466
60600.0,7,1697,20.0,24.934165396501726
60600.0,15,1742,20.0,23.461391012829413
60600.0,15,857,20.0,27.445597547986004
60600.0,18,1787,20.0,23.757953325426374
60600.0,21,902,20.0,24.294978788274147
60600.0,38,19,20.0,24.571095101724147
60600.0,38,948,20.0,24.62766036577296
60600.0,8,812,20.0,31.082799886466994
60600.0,9,1741,20.0,27.7160052520993
60600.0,62,1083,20.0,20.21339686648632
60600.0,62,155,20.0,29.279014115246586
60600.0,6,1696,20.0,28.799029206084803
60600.0,61,110,20.0,25.65108952835852
60600.0,11,856,20.0,25.538393306607162
60600.0,0,766,20.0,31.90332260088343
60600.0,64,1652,20.0,26.843251873256342
60600.0,124,111,20.0,22.942927887067757
60600.0,111,1037,20.0,18.421729448469193
60600.0,181,66,20.0,20.242315774118772
60600.0,152,1788,20.0,19.994071390038602
60600.0,148,901,20.0,22.18374522444621
60600.0,245,1082,20.0,17.617325260424252
60600.0,277,946,20.0,19.43606274447626
60600.0,275,1743,20.0,20.409382547040945
60600.0,298,21,20.0,18.325134295481494
60900.0,42,990,20.0,23.87780028659409
60900.0,42,17,20.0,28.147271966821194
60900.0,49,1035,20.0,23.130995544244975
60900.0,49,63,20.0,27.05931710291605
60900.0,49,62,20.0,30.973422840818284
60900.0,34,945,20.0,25.379051157185735
60900.0,34,1830,20.0,25.341867314682723
60900.0,7,809,20.0,30.75085998734504
60900.0,7,1694,20.0,26.57449562460155
60900.0,7,1739,20.0,26.69495654923189
60900.0,15,854,20.0,27.602958847101156
60900.0,15,1740,20.0,23.000669393323236
60900.0,18,1784,20.0,27.58220832364587
60900.0,18,855,20.0,31.071608931917403
60900.0,18,899,20.0,25.113181305939605
60900.0,21,1785,20.0,23.809050302672176
60900.0,28,900,20.0,27.86302965084954
60900.0,62,1081,20.0,26.620270724343605
60900.0,62,108,20.0,30.453576523141848
60900.0,62,153,20.0,33.82706815145248
60900.0,53,1036,20.0,26.77898817604768
60900.0,0,764,20.0,34.29107749273984
60900.0,0,1649,20.0,27.37145582418058
60900.0,109,18,20.0,24.64279985994723
60900.0,118,1080,20.0,23.38783762908949
60900.0,92,944,20.0,22.958148353577354
60900.0,127,808,20.0,28.72801052732313
60900.0,162,1831,20.0,21.993734395006598
60900.0,134,1695,20.0,22.973653083515835
60900.0,224,989,20.0,21.331030155571945
60900.0,250,1125,20.0,24.592282217467833
60900.0,251,109,20.0,27.48244523175735
60900.0,258,853,20.0,25.507972610806327
60900.0,255,1650,20.0,23.640089073066896
61200.0,42,988,20.0,23.609355701968873
61200.0,42,15,20.0,26.36766980584461
61200.0,49,1033,20.0,22.77729152150389
61200.0,49,60,20.0,29.579346666133997
61200.0,34,943,20.0,25.356476382931888
61200.0,34,1828,20.0,23.774658996732835
61200.0,31,942,20.0,21.795032538357933
61200.0,7,807,20.0,30.079637227224595
61200.0,7,1692,20.0,24.03889311986581
61200.0,15,852,20.0,26.62364688891016
61200.0,15,1737,20.0,24.29014386943996
61200.0,15,1782,20.0,26.032637813423232
61200.0,18,897,20.0,23.866779412026993
61200.0,28,1827,20.0,27.351544776249344
61200.0,62,1079,20.0,28.07551161398311
61200.0,62,150,20.0,36.762409713140265
61200.0,62,106,20.0,30.91208348750414
61200.0,53,105,20.0,32.99802728310538
61200.0,53,1078,20.0,24.57156302124658
61200.0,0,1691,20.0,27.728891518190366
61200.0,0,806,20.0,26.723130772169664
61200.0,0,762,20.0,33.80544588272555
61200.0,101,987,20.0,20.449923720890702
61200.0,114,61,20.0,27.51435281600952
61200.0,86,1783,20.0,22.267819628357177
61200.0,71,851,20.0,23.605823153248746
61200.0,124,1123,20.0,26.5517497701967
61200.0,63,1647,20.0,24.472410101387766
61200.0,143,1738,20.0,20.9097509144757
61200.0,170,1032,20.0,19.812727680314186
61200.0,235,16,20.0,24.22041568210171
61200.0,205,896,20.0,20.30527442260937
61200.0,260,1693,20.0,20.58658625987239
61200.0,304,1077,20.0,20.93155552592258
61500.0,42,986,20.0,21.92404006135282
61500.0,42,13,20.0,22.00774503370366
61500.0,42,57,20.0,28.56608007519658
61500.0,49,1031,20.0,22.49518302570598
61500.0,49,58,20.0,24.488635365770488
61500.0,34,12,20.0,25.333702724127363
61500.0,34,985,20.0,18.355076654970404
61500.0,34,940,20.0,18.270800830016764
61500.0,31,1825,20.0,22.719595871592468
61500.0,7,1734,20.0,21.537761154563075
61500.0,7,849,20.0,19.63468414458935
61500.0,45,1030,20.0,19.253456090066035
61500.0,15,850,20.0,22.482551749973506
61500.0,15,1735,20.0,18.070162934230424
61500.0,18,1780,20.0,19.642108734430003
61500.0,21,895,20.0,18.887560665352225
61500.0,62,148,20.0,31.388164373427177
61500.0,62,1121,20.0,28.4339877695047
61500.0,6,804,20.0,22.962768823314065
61500.0,61,1076,20.0,25.374389299659594
61500.0,53,103,20.0,27.89197230366867
61500.0,0,1689,20.0,21.35754636223327
61500.0,67,1690,20.0,18.174146248226126
61500.0,83,894,20.0,16.371324741266196
61500.0,96,1826,20.0,19.252092832971428
61500.0,184,104,20.0,26.73376364605778
61500.0,177,1075,20.0,21.84946709869577
61500.0,151,939,20.0,15.30467481297419
61500.0,189,1645,20.0,19.466651342196947
61500.0,213,1781,20.0,16.42554890293917
61500.0,284,984,20.0,15.342736221030204
61500.0,314,1120,20.0,25.001727761399255
61500.0,304,59,20.0,23.120575343282983
61500.0,252,803,20.0,21.726365815825773
61800.0,42,55,20.0,25.176830646004046
61800.0,42,983,20.0,23.09346833606825
61800.0,42,1028,20.0,21.37299170666678
61800.0,49,100,20.0,28.88315052164644
61800.0,49,56,20.0,23.134702484712143
61800.0,34,10,20.0,23.003449295882895
61800.0,34,938,20.0,25.212611135870336
61800.0,31,1823,20.0,21.993133055941925
61800.0,7,1732,20.0,24.657255113456586
61800.0,7,847,20.0,27.03782394098083
61800.0,7,802,20.0,29.91090565566284
61800.0,15,1777,20.0,24.496711562442673
61800.0,15,892,20.0,24.31141401677509
61800.0,18,1778,20.0,21.30087610932699
61800.0,21,893,20.0,27.489821460057208
61800.0,23,1822,20.0,25.864983841505325
61800.0,62,146,20.0,29.25400422124416
61800.0,62,1119,20.0,26.074595608480443
61800.0,61,1074,20.0,25.078973062093407
61800.0,5,1687,20.0,26.634735644160788
61800.0,53,1073,20.0,21.344298384551
61800.0,53,101,20.0,26.296763717644787
61800.0,27,937,20.0,22.26403549980211
61800.0,50,1029,20.0,25.129324800859145
61800.0,76,1733,20.0,21.600001597032577
61800.0,124,1118,20.0,22.539438955382707
61800.0,63,801,20.0,28.30273955386523
61800.0,160,982,20.0,20.077679674726426
61800.0,131,846,20.0,25.62441894916427
61800.0,167,11,20.0,20.969471800000363
61800.0,196,1688,20.0,22.95765413602839
61800.0,266,891,20.0,22.83736680710455
61800.0,284,1824,20.0,19.684336613402206
61800.0,314,102,20.0,25.754969765263443
62100.0,42,53,20.0,35.5508469645735
62100.0,42,981,20.0,34.02046584887734
62100.0,49,1026,20.0,31.301997884293087
62100.0,49,98,20.0,38.33736202247836
62100.0,34,980,20.0,30.531039053889735
62100.0,34,8,20.0,34.08106607082949
62100.0,34,7,20.0,37.942796859638705
62100.0,31,936,20.0,36.928964184338206
62100.0,7,1730,20.0,36.059100537884405
62100.0,7,844,20.0,37.55576330933108
62100.0,15,1775,20.0,36.334499933282856
62100.0,15,890,20.0,36.29493332513701
62100.0,15,845,20.0,39.19369751425007
62100.0,21,1820,20.0,37.185756205917855
62100.0,28,935,20.0,33.08303649635075
62100.0,28,1821,20.0,33.755480294911735
62100.0,62,1116,20.0,29.862705600820792
62100.0,62,144,20.0,39.11077857390111
62100.0,62,143,20.0,41.705416176581494
62100.0,6,800,20.0,42.19981390516775
62100.0,5,1729,20.0,40.06735970878438
62100.0,53,1071,20.0,29.609915202111072
62100.0,0,799,20.0,40.13340735081349
62100.0,0,1685,20.0,35.896750506966704
62100.0,0,1684,20.0,39.6166074273806
62100.0,118,99,20.0,36.20346909225768
62100.0,106,1025,20.0,28.377639310605392
62100.0,148,1776,20.0,33.17366403456806
62100.0,138,889,20.0,34.73796301946337
62100.0,238,54,20.0,33.415903609534375
62100.0,238,1070,20.0,26.750247591546756
62100.0,266,1731,20.0,32.64838938671154
62100.0,275,934,20.0,31.841044093236334
62100.0,294,9,20.0,31.870289645044082
62400.0,42,1023,20.0,24.62976915925882
62400.0,42,50,20.0,29.68855251110132
62400.0,42,51,20.0,26.163271428698614
62400.0,49,96,20.0,28.292358106007875
62400.0,49,1024,20.0,28.486873993960433
62400.0,34,978,20.0,26.352867837041163
62400.0,34,5,20.0,27.42253997697975
62400.0,31,933,20.0,29.94783656599619
62400.0,7,842,20.0,34.04094221070633
62400.0,7,1727,20.0,30.93910106697792
62400.0,15,887,20.0,31.137999476254283
62400.0,15,1773,20.0,27.184965827437953
62400.0,15,1772,20.0,31.094161092617163
62400.0,18,888,20.0,32.99162935039465
62400.0,21,1818,20.0,27.28377929571751
62400.0,9,1728,20.0,27.652828227171785
62400.0,62,1114,20.0,24.810358034682267
62400.0,62,141,20.0,31.25535941201385
62400.0,53,1069,20.0,26.289764174922674
62400.0,12,843,20.0,36.52416256129031
62400.0,0,797,20.0,37.20791987827995
62400.0,0,1682,20.0,31.687829662446763
62400.0,50,1068,20.0,23.136736169173844
62400.0,101,6,20.0,24.160679426299417
62400.0,86,932,20.0,28.17302512396726
62400.0,184,1113,20.0,21.81706714901458
62400.0,127,1683,20.0,28.400646611956763
62400.0,188,142,20.0,29.290503935931408
62400.0,246,97,20.0,26.03324878793407
62400.0,218,1819,20.0,23.618495130635576
62400.0,218,977,20.0,24.993556842893558
62400.0,191,841,20.0,32.700980295293164
62400.0,275,1774,20.0,23.80624116428143
62400.0,365,52,20.0,23.69235455238494
62700.0,42,1021,20.0,21.774025147011436
62700.0,42,48,20.0,23.957285723383237
62700.0,49,93,20.0,26.219399018109996
62700.0,49,1066,20.0,21.0294744385724
62700.0,34,3,20.0,21.883837501674805
62700.0,34,976,20.0,23.748539325638614
62700.0,31,931,20.0,26.648837715074492
62700.0,31,975,20.0,21.799270033410263
62700.0,7,840,20.0,29.69823002011939
62700.0,7,1725,20.0,24.93898467384374
62700.0,15,885,20.0,26.305743204737023
62700.0,15,1770,20.0,24.327005388289386
62700.0,18,1815,20.0,24.734507711277047
62700.0,21,930,20.0,23.92494145494434
62700.0,28,1816,20.0,21.10941641950408
62700.0,62,1112,20.0,24.833229006227253
62700.0,62,139,20.0,25.876976853506207
62700.0,53,94,20.0,23.411973514758664
62700.0,55,1067,20.0,24.98097640280266
62700.0,55,138,20.0,29.330497809259708
62700.0,0,795,20.0,33.30265317642183
62700.0,0,1680,20.0,26.698507256653457
62700.0,57,1111,20.0,21.533741154453185
62700.0,67,839,20.0,28.279847828006034
62700.0,83,1771,20.0,21.14514069438696
62700.0,170,49,20.0,21.32909851093498
62700.0,164,1020,20.0,19.90787839679544
62700.0,227,4,20.0,19.354309548998962
62700.0,189,794,20.0,31.722353312384865
62700.0,202,1726,20.0,21.84871587211148
62700.0,201,884,20.0,24.92499530796399
62700.0,251,1156,20.0,22.89195600482224
62700.0,255,1681,20.0,23.37193244142166
62700.0,298,1065,20.0,18.920087546999813
63000.0,42,46,20.0,27.45739232331177
63000.0,42,1019,20.0,27.125050816387667
63000.0,49,137,20.0,29.387091515203117
63000.0,49,1064,20.0,25.524621870617835
63000.0,34,973,20.0,25.643691977697117
63000.0,34,1,20.0,25.737187225149
63000.0,31,0,20.0,29.225008888336017
63000.0,7,1723,20.0,26.04784451840766
63000.0,7,838,20.0,33.223993550126
63000.0,7,837,20.0,30.77310094203792
63000.0,15,1768,20.0,26.127076215828755
63000.0,15,883,20.0,29.600834199364012
63000.0,18,1813,20.0,27.83885848801507
63000.0,21,928,20.0,27.62682003819454
63000.0,38,1018,20.0,23.711656749178346
63000.0,38,974,20.0,29.52867876785866
63000.0,38,91,20.0,31.589184871691522
63000.0,62,1109,20.0,25.852757664525363
63000.0,62,227,20.0,36.55522143648718
63000.0,62,183,20.0,29.707077550393223
63000.0,53,182,20.0,33.17856602666711
63000.0,11,882,20.0,27.604213263971857
63000.0,0,1722,20.0,29.67070577251165
63000.0,0,792,20.0,33.97887493000277
63000.0,64,1678,20.0,26.434466825567238
63000.0,181,92,20.0,26.378101932997428
63000.0,152,1814,20.0,24.241818226705806
63000.0,175,1063,20.0,22.352091720970922
63000.0,145,927,20.0,25.443389417750684
63000.0,188,1154,20.0,27.440215313680387
63000.0,243,1108,20.0,22.43992489964377
63000.0,207,1769,20.0,23.03718903284959
63000.0,277,972,20.0,23.357594535399993
63000.0,298,47,20.0,24.200083297727517
63300.0,42,1016,20.0,28.401155364049984
63300.0,42,134,20.0,30.3708335139477
63300.0,42,90,20.0,25.35365093881257
63300.0,49,135,20.0,26.36575758858804
63300.0,49,1061,20.0,26.056809616424854
63300.0,49,1062,20.0,29.840160137563963
63300.0,34,971,20.0,31.37021925991139
63300.0,34,89,20.0,28.77176603340914
63300.0,34,44,20.0,28.11924984284405
63300.0,7,835,20.0,37.943897756430125
63300.0,7,1765,20.0,32.38037447955674
63300.0,15,880,20.0,34.927538223237875
63300.0,15,1766,20.0,28.833622721068537
63300.0,15,1810,20.0,31.523324857874933
63300.0,18,925,20.0,31.880527785480965
63300.0,18,881,20.0,38.182999575383946
63300.0,21,1811,20.0,27.38886157246272
63300.0,21,926,20.0,35.0192144236116
63300.0,62,1107,20.0,26.956589108561598
63300.0,62,225,20.0,32.22699953192959
63300.0,6,1720,20.0,33.50232515334569
63300.0,61,180,20.0,29.23613157658391
63300.0,0,790,20.0,41.4074099343294
63300.0,118,1106,20.0,23.620380160891976
63300.0,152,970,20.0,28.6341968849516
63300.0,127,834,20.0,36.39507295446058
63300.0,162,45,20.0,24.487054588580556
63300.0,131,1721,20.0,29.94952581120813
63300.0,224,1015,20.0,25.693025879941537
63300.0,189,1676,20.0,31.060756119990554
63300.0,249,1151,20.0,22.265589986437615
63300.0,249,181,20.0,26.29926640544699
63300.0,258,879,20.0,33.08347147083247
63300.0,278,1812,20.0,24.14332829889892
63600.0,42,1014,20.0,24.520404679563534
63600.0,42,132,20.0,30.151746850448486
63600.0,42,87,20.0,27.646279413975194
63600.0,49,1059,20.0,24.383706297814857
63600.0,34,969,20.0,26.188926783410878
63600.0,34,42,20.0,25.10937251580019
63600.0,31,968,20.0,23.453940267368523
63600.0,7,833,20.0,30.390726113982787
63600.0,7,1763,20.0,26.904731735430524
63600.0,7,1718,20.0,26.999539546248084
63600.0,15,878,20.0,27.053184420260173
63600.0,15,1808,20.0,27.66392920337415
63600.0,18,923,20.0,24.55720747106016
63600.0,28,41,20.0,28.69535635084065
63600.0,23,1809,20.0,24.305478429207138
63600.0,62,223,20.0,34.90737187508899
63600.0,62,1105,20.0,30.057494524136487
63600.0,62,1195,20.0,28.381851955607367
63600.0,61,178,20.0,31.781918559618674
63600.0,53,177,20.0,33.25976522048832
63600.0,53,1104,20.0,26.331717086575935
63600.0,0,832,20.0,28.710570471066426
63600.0,0,1717,20.0,30.619226271775176
63600.0,60,222,20.0,37.0027349824889
63600.0,114,133,20.0,28.41964756724093
63600.0,71,877,20.0,25.693808552927376
63600.0,100,1013,20.0,21.959780816845527
63600.0,143,1764,20.0,23.522234470558534
63600.0,205,922,20.0,23.054342509237415
63600.0,231,1058,20.0,21.791934263333708
63600.0,231,88,20.0,25.750913728088047
63600.0,260,1719,20.0,23.224371824232378
63600.0,302,1149,20.0,23.53512658836547
63600.0,252,1673,20.0,26.8248802899609
63900.0,42,1012,20.0,21.84600831196306
63900.0,42,130,20.0,23.313398842922854
63900.0,42,129,20.0,26.9757602597627
63900.0,49,1103,20.0,20.003683242769082
63900.0,34,84,20.0,24.972142632840715
63900.0,34,1057,20.0,19.324686984542687
63900.0,31,966,20.0,21.39313533344147
63900.0,7,1760,20.0,28.56665834126113
63900.0,7,875,20.0,26.255214771507788
63900.0,45,1102,20.0,18.123121599117788
63900.0,15,876,20.0,27.502401426643054
63900.0,15,1806,20.0,24.920807455514932
63900.0,18,921,20.0,24.166148606951815
63900.0,28,39,20.0,24.44748416195013
63900.0,38,85,20.0,21.478030052804947
63900.0,8,1761,20.0,25.12883181426797
63900.0,62,220,20.0,28.430935151046928
63900.0,62,1193,20.0,22.347035654926525
63900.0,5,830,20.0,29.77401660957109
63900.0,53,175,20.0,24.84522617550154
63900.0,53,1148,20.0,21.121931584992527
63900.0,0,1715,20.0,28.40094341327838
63900.0,4,1716,20.0,25.309404547830866
63900.0,80,920,20.0,22.991359588734863
63900.0,93,40,20.0,21.294099278904195
63900.0,184,176,20.0,22.90271325785607
63900.0,177,1147,20.0,18.27789857672782
63900.0,213,1011,20.0,20.374993633664754
63900.0,213,1807,20.0,21.292823177584218
63900.0,251,221,20.0,26.445114854290537
63900.0,240,131,20.0,20.885395352264336
63900.0,284,1056,20.0,18.358369558897444
63900.0,309,1192,20.0,19.6543449110196
63900.0,252,1671,20.0,26.09916330947962
64200.0,42,127,20.0,23.41333244314459
64200.0,42,1100,20.0,19.415779847222012
64200.0,49,172,20.0,27.217241226898
64200.0,49,1101,20.0,23.329648186664272
64200.0,49,128,20.0,20.88175758945718
64200.0,34,82,20.0,20.99927588283734
64200.0,34,1055,20.0,19.322671703512867
64200.0,31,1010,20.0,19.713792410212537
64200.0,31,37,20.0,19.921527875866023
64200.0,7,1758,20.0,23.609662080384123
64200.0,7,919,20.0,22.76025809681734
64200.0,15,1803,20.0,22.704810902144875
64200.0,15,964,20.0,19.443638090915993
64200.0,18,1804,20.0,19.283494114401375
64200.0,21,965,20.0,22.0288428328807
64200.0,21,36,20.0,23.64147254859079
64200.0,23,1009,20.0,17.745985930213823
64200.0,62,218,20.0,27.102351596334035
64200.0,62,1191,20.0,25.101933584640147
64200.0,6,828,20.0,26.565647586745907
64200.0,53,173,20.0,23.906150383552596
64200.0,53,1145,20.0,20.205814921987805
64200.0,55,1146,20.0,23.70673531018752
64200.0,0,1713,20.0,24.764387340588602
64200.0,74,1759,20.0,20.579211970899838
64200.0,122,1190,20.0,21.879327061963888
64200.0,160,1054,20.0,17.234297303846457
64200.0,164,83,20.0,18.52902144012637
64200.0,126,873,20.0,25.239135912728194
64200.0,196,918,20.0,21.875578328065227
64200.0,194,1714,20.0,21.627760278170815
64200.0,263,963,20.0,18.482202973235076
64200.0,284,38,20.0,16.707447136208934
64200.0,310,174,20.0,23.526008551163454
64500.0,42,125,20.0,30.999057623704445
64500.0,42,1098,20.0,29.880409624944424
64500.0,49,170,20.0,34.20077983988041
64500.0,49,1143,20.0,27.536673369616253
64500.0,34,80,20.0,29.024349208067125
64500.0,34,1052,20.0,29.117382292590325
64500.0,34,1053,20.0,32.95032948040613
64500.0,31,79,20.0,32.94102367688634
64500.0,31,1008,20.0,35.898678100835724
64500.0,7,1756,20.0,29.477994852006955
64500.0,7,917,20.0,38.28234689563796
64500.0,7,916,20.0,35.40203800516281
64500.0,15,1801,20.0,29.85106358529768
64500.0,15,962,20.0,34.96097107836524
64500.0,21,34,20.0,31.381980486691987
64500.0,28,1007,20.0,31.996189208752646
64500.0,28,35,20.0,28.039023698845188
64500.0,62,216,20.0,33.88882238293416
64500.0,62,1188,20.0,26.841476859534847
64500.0,62,1189,20.0,30.747558330310913
64500.0,61,215,20.0,37.904780695692374
64500.0,5,872,20.0,41.55653269579315
64500.0,0,871,20.0,38.24354775768347
64500.0,0,1711,20.0,30.365365361262157
64500.0,3,1755,20.0,33.656965392634646
64500.0,118,171,20.0,30.893106042721815
64500.0,102,1097,20.0,26.52413649930004
64500.0,148,1802,20.0,26.800340884016265
64500.0,138,961,20.0,32.17187443552705
64500.0,174,126,20.0,27.98987607794013
64500.0,238,1142,20.0,23.987430997010645
64500.0,263,1757,20.0,26.28159702802724
64500.0,294,81,20.0,25.804388115025716
64500.0,273,1006,20.0,29.072267635405282
64800.0,42,1095,20.0,26.700816017213075
64800.0,42,123,20.0,30.692237848350036
64800.0,49,168,20.0,32.507391804039415
64800.0,49,1096,20.0,30.021950738468806
64800.0,34,1050,20.0,27.717165810698308
64800.0,34,77,20.0,31.1669346643652
64800.0,7,914,20.0,30.872022036572737
64800.0,7,1753,20.0,29.22912834958167
64800.0,7,1754,20.0,26.312968774636264
64800.0,15,1799,20.0,27.211955568174847
64800.0,15,959,20.0,28.958181013921166
64800.0,15,960,20.0,31.586177919218287
64800.0,21,32,20.0,29.122068827026993
64800.0,28,1005,20.0,29.159764212957548
64800.0,38,122,20.0,33.13392231814839
64800.0,9,1798,20.0,30.64095779499178
64800.0,62,1186,20.0,28.02304989646297
64800.0,62,213,20.0,35.36306374818021
64800.0,53,1141,20.0,28.75489569280359
64800.0,10,915,20.0,33.888917295638116
64800.0,0,869,20.0,33.729456540254134
64800.0,0,1708,20.0,29.128343801445254
64800.0,101,78,20.0,28.922318518153453
64800.0,109,1140,20.0,26.323900182276795
64800.0,83,1004,20.0,27.194704202783793
64800.0,127,1709,20.0,26.079200310251686
64800.0,187,214,20.0,33.626983415689416
64800.0,155,33,20.0,27.092364657732244
64800.0,182,1185,20.0,25.634258642966202
64800.0,246,169,20.0,30.98652363319137
64800.0,218,1049,20.0,25.78476314585108
64800.0,314,1230,20.0,25.856816527787533
64800.0,255,913,20.0,30.017731955961555
64800.0,273,1800,20.0,25.150540993442913
65100.0,42,1093,20.0,19.83875434074881
65100.0,42,120,20.0,21.77611956977855
65100.0,49,1138,20.0,18.488668339305626
65100.0,49,165,20.0,24.68591779323295
65100.0,34,1048,20.0,22.05173966510285
65100.0,34,75,20.0,20.120478912324145
65100.0,7,912,20.0,26.748252076566303
65100.0,7,1751,20.0,23.729551474046016
65100.0,15,957,20.0,23.95830780707652
65100.0,15,1796,20.0,22.671133976106766
65100.0,18,29,20.0,22.295419501787837
65100.0,21,1002,20.0,21.430720163535195
65100.0,21,30,20.0,19.52254163456218
65100.0,28,1003,20.0,24.559596955303075
65100.0,62,1184,20.0,22.357803277876663
65100.0,62,211,20.0,25.005281440001283
65100.0,53,166,20.0,22.31369242699006
65100.0,53,1139,20.0,22.491540311037223
65100.0,53,210,20.0,27.81272134428522
65100.0,55,1183,20.0,19.24778191407698
65100.0,0,867,20.0,30.442201064993352
65100.0,0,1706,20.0,26.260977399044524
65100.0,66,911,20.0,26.661599389739088
65100.0,90,1047,20.0,19.57076280998099
65100.0,80,1797,20.0,19.712481911516598
65100.0,107,121,20.0,19.68741225187228
65100.0,162,1092,20.0,17.477646400940447
65100.0,188,1228,20.0,21.471631339801206
65100.0,197,1752,20.0,20.937178345941508
65100.0,197,956,20.0,23.796319808770235
65100.0,227,76,20.0,18.065546630761542
65100.0,314,212,20.0,23.960433349349472
65100.0,255,1707,20.0,23.349017087066755
65100.0,296,1137,20.0,15.863353267665513
65400.0,42,1091,20.0,24.521036933963163
65400.0,42,118,20.0,20.528727390690058
65400.0,49,1136,20.0,22.822280017100336
65400.0,49,163,20.0,22.820167895116168
65400.0,34,73,20.0,19.732932865704683
65400.0,34,1046,20.0,27.076253706704875
65400.0,34,117,20.0,23.999841204472776
65400.0,34,1045,20.0,24.151326480525476
65400.0,31,72,20.0,22.861622151120994
65400.0,7,910,20.0,31.689502332361315
65400.0,7,1749,20.0,24.614806307882198
65400.0,15,955,20.0,28.547171964614574
65400.0,15,1794,20.0,23.39314020111741
65400.0,18,27,20.0,22.466327790354214
65400.0,21,1000,20.0,25.78700590355236
65400.0,38,1090,20.0,21.883219605316366
65400.0,62,253,20.0,30.009874275664217
65400.0,62,1182,20.0,26.574833916965954
65400.0,6,909,20.0,28.894828577967154
65400.0,61,1181,20.0,22.74336805507282
65400.0,61,209,20.0,23.668141003439896
65400.0,53,208,20.0,26.41780643015317
65400.0,0,1748,20.0,27.840071756475158
65400.0,71,954,20.0,26.01900361560559
65400.0,89,28,20.0,19.899868335705033
65400.0,125,1226,20.0,22.566263676825223
65400.0,63,1704,20.0,27.16865266734759
65400.0,177,164,20.0,20.32277687939652
65400.0,143,999,20.0,23.291504397017306
65400.0,170,1135,20.0,20.282990803706525
65400.0,205,1795,20.0,20.787017558887985
65400.0,277,1044,20.0,21.03339224153393
65400.0,298,119,20.0,17.729402051935857
65400.0,304,1180,20.0,19.680590383793202
65700.0,42,160,20.0,28.26587068273813
65700.0,42,1088,20.0,22.94982502643247
65700.0,42,116,20.0,23.77312722546926
65700.0,49,161,20.0,24.32638838408531
65700.0,49,1134,20.0,24.93372785204172
65700.0,34,115,20.0,27.02998569399465
65700.0,34,1043,20.0,24.307332474066033
65700.0,31,70,20.0,26.0601987434584
65700.0,7,1837,20.0,27.901509944844566
65700.0,7,907,20.0,30.69260197300152
65700.0,7,952,20.0,27.591239504539196
65700.0,45,1133,20.0,21.3359267311249
65700.0,44,1089,20.0,26.749206846486427
65700.0,15,1838,20.0,24.51117516674192
65700.0,15,953,20.0,30.51166698242937
65700.0,15,24,20.0,29.163115823949596
65700.0,18,25,20.0,25.3185689998627
65700.0,18,997,20.0,24.171649572652285
65700.0,21,998,20.0,27.036260033549702
65700.0,62,251,20.0,30.883875733293863
65700.0,62,1179,20.0,24.313550337363875
65700.0,62,1224,20.0,24.757755211881985
65700.0,5,1792,20.0,28.559948882296414
65700.0,53,206,20.0,27.738729410341147
65700.0,0,862,20.0,34.23745496572061
65700.0,70,1793,20.0,25.0307079664355
65700.0,118,1178,20.0,20.87283388790612
65700.0,152,1042,20.0,21.41799249236683
65700.0,160,71,20.0,22.743316771409596
65700.0,189,906,20.0,29.282802628074826
65700.0,189,1702,20.0,26.665112915857428
65700.0,248,207,20.0,26.028876433160008
65700.0,248,1223,20.0,21.186365514354392
65700.0,258,951,20.0,26.074706500885124
66000.0,42,158,20.0,28.098336506309224
66000.0,42,1086,20.0,26.635966325677693
66000.0,49,1131,20.0,24.491991356572683
66000.0,49,203,20.0,31.124314754449685
66000.0,34,113,20.0,25.749634208198998
66000.0,34,1041,20.0,28.86052624034528
66000.0,31,68,20.0,24.77048004284173
66000.0,7,1835,20.0,27.37742490535485
66000.0,7,905,20.0,33.382195903834464
66000.0,15,22,20.0,27.86307883536258
66000.0,15,950,20.0,30.017027902548115
66000.0,15,995,20.0,28.171449214042404
66000.0,21,23,20.0,24.641546467196957
66000.0,28,1040,20.0,25.821551814915637
66000.0,23,67,20.0,28.576183072945867
66000.0,62,249,20.0,30.5000980668455
66000.0,62,1177,20.0,27.20935395969972
66000.0,62,1221,20.0,24.73505602717968
66000.0,5,1790,20.0,27.479118059940237
66000.0,53,1176,20.0,23.25676615126558
66000.0,55,204,20.0,27.367903130573954
66000.0,0,904,20.0,31.00447337628212
66000.0,24,996,20.0,31.230004856012197
66000.0,114,159,20.0,24.835109171146975
66000.0,99,1085,20.0,23.965414814762287
66000.0,131,949,20.0,27.703657283921352
66000.0,139,1836,20.0,24.17030522918892
66000.0,229,114,20.0,22.38872989935904
66000.0,229,1130,20.0,21.83961715563296
66000.0,203,994,20.0,25.682797657747216
66000.0,258,1791,20.0,23.8806185486373
66000.0,287,69,20.0,21.468980162880477
66000.0,365,1175,20.0,20.39717067194987
66000.0,375,205,20.0,25.627151961509753
66300.0,42,156,20.0,25.37460301462663
66300.0,42,1084,20.0,26.835734686363665
66300.0,42,1128,20.0,22.164663408896597
66300.0,49,1129,20.0,25.293829635343673
66300.0,49,201,20.0,28.72379627534865
66300.0,34,1083,20.0,22.962189177950453
66300.0,34,110,20.0,25.74223783998177
66300.0,31,1038,20.0,25.154958111714404
66300.0,7,947,20.0,27.080829577951125
66300.0,7,1833,20.0,24.771561180347064
66300.0,7,1832,20.0,28.428605607310146
66300.0,15,20,20.0,23.8297359588304
66300.0,15,948,20.0,30.5426132243021
66300.0,18,993,20.0,27.54772491056178
66300.0,21,65,20.0,24.372408094607906
66300.0,38,111,20.0,22.677409002966925
66300.0,62,1219,20.0,24.979573559816128
66300.0,62,246,20.0,31.93731622322752
66300.0,5,903,20.0,34.09018600383956
66300.0,53,1174,20.0,24.306276593917165
66300.0,0,902,20.0,30.09291860551159
66300.0,0,1787,20.0,29.4373232113655
66300.0,3,1788,20.0,26.1135385245126
66300.0,92,66,20.0,21.301284941731307
66300.0,80,992,20.0,24.685000942595618
66300.0,125,247,20.0,29.689143776297595
66300.0,184,202,20.0,26.230704106186476
66300.0,177,1173,20.0,21.159422981226243
66300.0,238,157,20.0,23.171559323095874
66300.0,213,21,20.0,21.074430274960008
66300.0,213,1037,20.0,21.92598354137372
66300.0,309,1218,20.0,21.73227702632794
66300.0,267,1834,20.0,21.870934319041517
66300.0,319,946,20.0,26.077238297875915
66600.0,42,1126,20.0,23.221129876704826
66600.0,42,153,20.0,26.5134746997817
66600.0,49,1127,20.0,27.222249798276255
66600.0,49,198,20.0,29.948623560404226
66600.0,49,1171,20.0,24.17814511305547
66600.0,34,108,20.0,24.66650045092792
66600.0,34,1081,20.0,22.77888063430441
66600.0,31,1036,20.0,23.94484024381409
66600.0,7,945,20.0,25.443391754553346
66600.0,7,1830,20.0,25.356205556516944
66600.0,45,154,20.0,24.338020310876182
66600.0,15,990,20.0,22.926571066796846
66600.0,15,17,20.0,26.078252180883638
66600.0,18,18,20.0,22.413350054608795
66600.0,18,991,20.0,26.367474719336286
66600.0,28,63,20.0,23.281025481370044
66600.0,23,1035,20.0,21.206878678217947
66600.0,62,244,20.0,30.338831135108922
66600.0,62,1217,20.0,28.423220562984394
66600.0,5,900,20.0,29.316005910243256
66600.0,53,199,20.0,27.047596850513795
66600.0,53,1172,20.0,27.665612435946475
66600.0,0,1785,20.0,25.548051842789384
66600.0,74,1831,20.0,22.17240754164234
66600.0,184,1216,20.0,25.174238158766098
66600.0,162,109,20.0,22.816358712224392
66600.0,156,1080,20.0,20.230790721559437
66600.0,219,64,20.0,21.25842056147851
66600.0,194,1786,20.0,22.349472500388785
66600.0,194,944,20.0,24.037408654873133
66600.0,309,200,20.0,26.67826865272226
66600.0,314,245,20.0,30.100974270252824
66600.0,289,1125,20.0,20.555889268741236
66600.0,252,899,20.0,27.38407296793927
66900.0,42,151,20.0,25.125246901197414
66900.0,42,1124,20.0,25.511472509395293
66900.0,49,196,20.0,27.961311024064297
66900.0,49,1169,20.0,25.60924037662764
66900.0,34,106,20.0,22.875275307414675
66900.0,34,1079,20.0,26.60391162973593
66900.0,34,1078,20.0,23.824553492622822
66900.0,31,105,20.0,27.028577434723434
66900.0,31,1034,20.0,29.013877380214183
66900.0,7,1828,20.0,24.644607210552937
66900.0,7,943,20.0,30.992196755841224
66900.0,15,15,20.0,24.872130556791713
66900.0,15,988,20.0,28.090181118946475
66900.0,18,60,20.0,25.975165821969206
66900.0,21,1033,20.0,25.77150255829201
66900.0,28,61,20.0,22.292547774917878
66900.0,62,242,20.0,29.013093436578654
66900.0,62,1215,20.0,29.340429266638637
66900.0,62,1214,20.0,25.883260409854422
66900.0,5,942,20.0,28.911637102259196
66900.0,55,241,20.0,31.725976029721956
66900.0,55,197,20.0,26.084235629626885
66900.0,0,1783,20.0,25.907429233979748
66900.0,0,898,20.0,34.59003035008521
66900.0,0,897,20.0,32.2044749117323
66900.0,143,16,20.0,21.806338070697812
66900.0,138,987,20.0,26.109524528529466
66900.0,164,1123,20.0,22.784037798753268
66900.0,174,152,20.0,23.31957876334636
66900.0,236,1168,20.0,22.900612743039964
66900.0,201,1829,20.0,21.579761599240552
66900.0,292,107,20.0,20.831075190913456
66900.0,273,1032,20.0,23.481432246612197
66900.0,368,1213,20.0,22.807170452172713
67200.0,42,149,20.0,31.393269697909002
67200.0,42,1121,20.0,28.429137314028356
67200.0,42,1122,20.0,32.15213868273831
67200.0,49,194,20.0,34.21821695148712
67200.0,49,1167,20.0,30.79816957096121
67200.0,34,1076,20.0,30.456465181104125
67200.0,34,103,20.0,31.82769336493668
67200.0,7,940,20.0,35.54143141982757
67200.0,7,1826,20.0,27.260756227107805
67200.0,15,13,20.0,26.85954768170989
67200.0,15,986,20.0,36.16941208492637
67200.0,18,58,20.0,28.89581219654167
67200.0,21,1031,20.0,33.24937880506741
67200.0,38,148,20.0,34.577112028329346
67200.0,8,12,20.0,30.993574348248885
67200.0,8,941,20.0,39.57691349154207
67200.0,62,1212,20.0,30.658077852303236
67200.0,62,284,20.0,40.94330090635333
67200.0,6,1825,20.0,30.97612853144951
67200.0,61,239,20.0,37.74066941143954
67200.0,10,985,20.0,32.78849914950489
67200.0,0,895,20.0,38.654939392849336
67200.0,35,104,20.0,28.81391285723975
67200.0,109,1166,20.0,27.292353502547968
67200.0,83,1030,20.0,29.756993179125466
67200.0,124,240,20.0,34.829600983143145
67200.0,152,59,20.0,25.887799716863974
67200.0,127,1781,20.0,27.99251919043993
67200.0,246,1211,20.0,27.458043769109047
67200.0,246,195,20.0,31.7458260683779
67200.0,217,1075,20.0,27.294876655705334
67200.0,314,1256,20.0,28.282989613569978
67200.0,273,14,20.0,24.249033092581573
67200.0,254,939,20.0,32.867302423888276
67500.0,42,1119,20.0,21.961455902356228
67500.0,42,146,20.0,24.14825295696911
67500.0,42,191,20.0,27.621511456604246
67500.0,49,1164,20.0,21.969402494377196
67500.0,49,192,20.0,24.321944889557848
67500.0,34,1074,20.0,23.573508436776372
67500.0,34,101,20.0,22.499422020045508
67500.0,7,938,20.0,29.367843349504504
67500.0,7,1823,20.0,26.168430392127448
67500.0,7,10,20.0,25.106755310116657
67500.0,15,983,20.0,26.12813325498858
67500.0,18,55,20.0,25.14716520090423
67500.0,18,1028,20.0,23.768445250377244
67500.0,21,56,20.0,21.550914833831886
67500.0,28,1029,20.0,26.135778938214806
67500.0,16,11,20.0,21.609110180284784
67500.0,62,1210,20.0,25.709868789835646
67500.0,62,282,20.0,31.033996689252216
67500.0,62,237,20.0,27.752492015293857
67500.0,53,1165,20.0,25.81139663279846
67500.0,53,236,20.0,30.952367041910904
67500.0,55,1209,20.0,22.52553892882402
67500.0,0,893,20.0,33.00006134835414
67500.0,106,147,20.0,21.112374571672454
67500.0,90,1073,20.0,21.628644158375963
67500.0,64,937,20.0,27.494544594496034
67500.0,63,1778,20.0,27.862989870864197
67500.0,134,1824,20.0,22.648790353723733
67500.0,188,1254,20.0,23.41564821858253
67500.0,224,1118,20.0,19.934690422182157
67500.0,224,102,20.0,19.54347254122488
67500.0,197,982,20.0,24.091731424839097
67500.0,314,238,20.0,26.293129557125418
67500.0,254,1779,20.0,24.170581497567007
67800.0,42,1117,20.0,24.129387832972338
67800.0,42,144,20.0,25.64486359408493
67800.0,42,189,20.0,28.953280405077916
67800.0,49,1162,20.0,24.16516764490201
67800.0,34,1072,20.0,24.586059465472694
67800.0,34,99,20.0,23.70982026982363
67800.0,34,143,20.0,28.662066799146345
67800.0,31,1071,20.0,20.845203219514577
67800.0,7,936,20.0,27.150465470251564
67800.0,7,1821,20.0,22.393750853323898
67800.0,15,981,20.0,24.169994741906013
67800.0,15,8,20.0,22.6700188844029
67800.0,15,53,20.0,24.32447882673608
67800.0,18,1026,20.0,22.41108615404898
67800.0,28,98,20.0,26.197422617544007
67800.0,38,1116,20.0,21.040810548002728
67800.0,62,279,20.0,35.532220017171156
67800.0,62,1252,20.0,28.02422556326662
67800.0,62,1208,20.0,29.19712710124347
67800.0,61,235,20.0,30.367500366343343
67800.0,53,234,20.0,31.81312392483769
67800.0,53,1207,20.0,25.46837570118579
67800.0,0,935,20.0,24.761981420462945
67800.0,0,1820,20.0,25.872914913854924
67800.0,70,980,20.0,22.247757290924536
67800.0,86,54,20.0,21.636199736106427
67800.0,177,190,20.0,26.866515646519797
67800.0,170,1161,20.0,21.085155656343172
67800.0,126,1776,20.0,23.823597510713384
67800.0,188,280,20.0,33.7446404672994
67800.0,205,1025,20.0,19.97899852938237
67800.0,205,9,20.0,20.01181877590577
67800.0,275,1070,20.0,18.697269163283508
67800.0,298,145,20.0,23.885833811524638
68100.0,42,186,20.0,29.81187659138525
68100.0,42,1115,20.0,25.496718335703385
68100.0,42,1159,20.0,22.42809577288182
68100.0,49,1160,20.0,25.63296234723343
68100.0,49,187,20.0,26.841300857402786
68100.0,34,141,20.0,26.134162928036854
68100.0,34,1114,20.0,21.711197553943
68100.0,34,1069,20.0,21.877117543071567
68100.0,31,96,20.0,23.158876363561845
68100.0,7,5,20.0,23.502468462208018
68100.0,7,978,20.0,24.292415952016007
68100.0,15,979,20.0,27.030149155859718
68100.0,15,6,20.0,20.25905554825687
68100.0,15,50,20.0,24.307334182057062
68100.0,18,51,20.0,20.218745299917327
68100.0,18,1023,20.0,21.19348977027357
68100.0,21,1024,20.0,23.483773209489534
68100.0,38,142,20.0,23.878570604943107
68100.0,62,277,20.0,33.38941125968384
68100.0,62,1250,20.0,29.09942768242705
68100.0,6,933,20.0,27.624733657181146
68100.0,61,1205,20.0,27.109937154663978
68100.0,53,232,20.0,30.039851648792943
68100.0,0,1818,20.0,24.580010766298148
68100.0,67,1819,20.0,21.54863534098687
68100.0,114,1204,20.0,23.650087025810734
68100.0,152,1068,20.0,19.134681080915577
68100.0,160,97,20.0,20.51975564751529
68100.0,186,233,20.0,29.826739115750684
68100.0,189,932,20.0,25.940571051820193
68100.0,248,1249,20.0,25.733930703025305
68100.0,277,52,20.0,17.720037974290108
68100.0,284,1113,20.0,18.987044141352683
68100.0,304,188,20.0,26.430918424383563
68400.0,42,184,20.0,24.365472245328277
68400.0,42,1157,20.0,23.312383992623026
68400.0,42,1112,20.0,24.9539697705162
68400.0,49,275,20.0,27.990554005763748
68400.0,34,139,20.0,22.2486193950266
68400.0,34,1067,20.0,26.896381274843687
68400.0,31,94,20.0,21.676040651089664
68400.0,7,3,20.0,26.152386023605537
68400.0,7,976,20.0,30.357919580611863
68400.0,7,931,20.0,33.95520967429061
68400.0,15,48,20.0,25.388102624683953
68400.0,15,1021,20.0,26.98901947032193
68400.0,21,49,20.0,22.175951659961427
68400.0,21,93,20.0,25.457480178639905
68400.0,28,1066,20.0,23.87196123969732
68400.0,23,1022,20.0,30.227844913196936
68400.0,62,321,20.0,27.920460914661238
68400.0,62,1248,20.0,24.717716265202665
68400.0,61,1203,20.0,25.557471591253574
68400.0,53,1202,20.0,21.598373801062756
68400.0,53,230,20.0,25.026602254654026
68400.0,0,1816,20.0,27.323659053712703
68400.0,109,185,20.0,21.82727769946413
68400.0,121,1247,20.0,21.248362979263202
68400.0,96,1111,20.0,21.991370809502353
68400.0,64,930,20.0,31.999973716116717
68400.0,131,975,20.0,28.526346299333245
68400.0,138,4,20.0,23.0317945608833
68400.0,167,140,20.0,19.788388579489165
68400.0,229,1156,20.0,20.368030458948702
68400.0,258,1817,20.0,24.034912443386077
68400.0,263,1020,20.0,25.236577714774185
68400.0,284,95,20.0,18.810736765127814
68400.0,365,1201,20.0,18.891572416370916
68700.0,42,228,20.0,19.811424564329336
68700.0,42,1110,20.0,22.810764453437447
68700.0,42,1155,20.0,22.742771128050318
68700.0,49,273,20.0,22.714513614848986
68700.0,34,1109,20.0,19.395844150803555
68700.0,34,183,20.0,19.523513863341716
68700.0,34,182,20.0,23.246612789965866
68700.0,7,1,20.0,23.357159477200394
68700.0,7,973,20.0,23.794780434811464
68700.0,15,46,20.0,22.628508419418228
68700.0,15,1019,20.0,22.88939808355547
68700.0,15,974,20.0,26.48722262237872
68700.0,21,137,20.0,22.411287513811317
68700.0,28,1064,20.0,19.308946424863407
68700.0,62,1245,20.0,22.648575998446688
68700.0,62,319,20.0,23.47184193270467
68700.0,62,318,20.0,26.536703316646292
68700.0,6,0,20.0,27.305616367731307
68700.0,5,929,20.0,29.98256800773059
68700.0,53,1200,20.0,21.978051735695978
68700.0,0,928,20.0,26.982349056118178
68700.0,0,1813,20.0,29.092134279504403
68700.0,0,1814,20.0,25.507348316288763
68700.0,106,1154,20.0,19.57472725763036
68700.0,90,92,20.0,19.015064916602668
68700.0,76,1018,20.0,20.540487171714567
68700.0,120,274,20.0,20.09111210257382
68700.0,175,1199,20.0,19.586067696740358
68700.0,147,47,20.0,19.601414464382387
68700.0,238,229,20.0,17.170517556977337
68700.0,211,1063,20.0,17.298809717528652
68700.0,266,2,20.0,20.017620346055207
68700.0,309,1244,20.0,20.0302807844958
68700.0,355,138,20.0,16.575790784568028
69000.0,42,1152,20.0,23.950881720831305
69000.0,42,225,20.0,26.354357426542325
69000.0,42,226,20.0,24.154531075817243
69000.0,49,271,20.0,26.620227537693854
69000.0,49,1197,20.0,24.024488428005977
69000.0,49,1153,20.0,27.41912882051298
69000.0,34,1107,20.0,24.713023205628296
69000.0,34,180,20.0,24.588951126675468
69000.0,31,1062,20.0,26.234763808448058
69000.0,7,971,20.0,28.10258696117451
69000.0,7,44,20.0,25.01617818411451
69000.0,15,1016,20.0,25.32007215099398
69000.0,15,90,20.0,21.994379796296315
69000.0,15,89,20.0,25.764840988611727
69000.0,18,1017,20.0,27.659553097181877
69000.0,21,135,20.0,23.479588290730813
69000.0,47,270,20.0,28.64220627936829
69000.0,62,1243,20.0,26.40669856065739
69000.0,62,316,20.0,29.650342525220303
69000.0,53,1198,20.0,26.734686343013315
69000.0,0,926,20.0,31.470383998796322
69000.0,0,1811,20.0,25.851779119216555
69000.0,101,181,20.0,22.6602937222705
69000.0,86,1061,20.0,23.962224974277035
69000.0,71,45,20.0,21.69591796354629
69000.0,184,1242,20.0,23.905765424263254
69000.0,155,1106,20.0,23.19074848757843
69000.0,189,1812,20.0,22.49498499854317
69000.0,189,970,20.0,27.382087614221646
69000.0,218,136,20.0,21.133284066627347
69000.0,251,317,20.0,28.892888973336206
69000.0,309,272,20.0,25.57883853876304
69000.0,314,1333,20.0,24.49199070704901
69000.0,289,1151,20.0,22.198237405614755
69300.0,42,1150,20.0,27.926107298134504
69300.0,42,223,20.0,30.270032672087343
69300.0,49,268,20.0,32.81224598026466
69300.0,49,1241,20.0,26.205996266687634
69300.0,34,178,20.0,29.903619159486325
69300.0,34,1105,20.0,31.10270514684432
69300.0,31,1104,20.0,28.677530586750034
69300.0,7,969,20.0,37.42335793330088
69300.0,7,42,20.0,33.78094792767943
69300.0,15,1014,20.0,34.20824288332318
69300.0,15,87,20.0,33.500334144909544
69300.0,18,132,20.0,33.64337831395886
69300.0,21,1059,20.0,31.439335045078817
69300.0,28,1060,20.0,34.41927934666469
69300.0,28,177,20.0,33.98533906989554
69300.0,28,133,20.0,30.254546589327
69300.0,62,1287,20.0,29.775787397896565
69300.0,62,314,20.0,33.64128898641575
69300.0,53,269,20.0,30.833610130739377
69300.0,53,313,20.0,36.41104888160843
69300.0,55,1286,20.0,26.51040840041512
69300.0,55,1196,20.0,30.363478849690278
69300.0,0,924,20.0,40.85946817968552
69300.0,0,1809,20.0,34.422092187571494
69300.0,67,968,20.0,35.90269782924282
69300.0,80,88,20.0,30.3736031500799
69300.0,162,1195,20.0,25.746533308710447
69300.0,170,224,20.0,28.372609961543347
69300.0,136,1013,20.0,32.957634973160914
69300.0,201,43,20.0,30.657461452755687
69300.0,251,1331,20.0,26.049001851052076
69300.0,298,1240,20.0,23.759691515563492
69300.0,289,179,20.0,27.831796352166275
69300.0,269,1058,20.0,29.86223495327203
69600.0,42,221,20.0,29.580866218994537
69600.0,42,1194,20.0,33.775337121064545
69600.0,49,266,20.0,32.37411897776682
69600.0,49,1239,20.0,31.75979777426288
69600.0,34,1148,20.0,32.035068081226505
69600.0,34,220,20.0,33.57364317072381
69600.0,34,176,20.0,26.98990286658151
69600.0,31,175,20.0,30.308117914168847
69600.0,7,40,20.0,28.38512456250868
69600.0,7,966,20.0,38.26940576071798
69600.0,7,967,20.0,41.39904874246275
69600.0,7,84,20.0,31.937466003091362
69600.0,15,85,20.0,27.8068106662923
69600.0,15,1012,20.0,37.82130801688484
69600.0,18,130,20.0,28.548764904584843
69600.0,21,1103,20.0,34.7566060252946
69600.0,38,1193,20.0,30.175830376238544
69600.0,9,1057,20.0,35.23912371636672
69600.0,36,1149,20.0,35.998769085722735
69600.0,62,356,20.0,38.99333424591882
69600.0,62,1284,20.0,30.16186636440424
69600.0,5,39,20.0,32.206058810543034
69600.0,53,311,20.0,35.85521640196167
69600.0,0,921,20.0,41.46105935855667
69600.0,109,1238,20.0,28.492279124936676
69600.0,124,312,20.0,32.91788457580611
69600.0,125,1329,20.0,29.139357149980896
69600.0,152,131,20.0,25.108564023219145
69600.0,127,1807,20.0,29.34123691430357
69600.0,143,1102,20.0,32.01187378065552
69600.0,241,267,20.0,29.882415499465353
69600.0,241,1283,20.0,26.703614562775574
69600.0,215,1147,20.0,29.31246088695359
69600.0,298,222,20.0,26.95830857338402
69900.0,42,1191,20.0,25.329174671928353
69900.0,42,263,20.0,33.76706200967128
69900.0,49,264,20.0,30.25266607959094
69900.0,49,1236,20.0,25.39808853761697
69900.0,49,1237,20.0,29.32049318693505
69900.0,34,1146,20.0,26.73911510370344
69900.0,34,218,20.0,30.979834718421763
69900.0,31,173,20.0,28.115346434653503
69900.0,7,1010,20.0,31.498995422555435
69900.0,7,82,20.0,28.068336100814623
69900.0,15,1055,20.0,28.446369208788884
69900.0,15,127,20.0,30.241295317864243
69900.0,15,83,20.0,24.74253638758452
69900.0,18,1100,20.0,25.910311326670545
69900.0,21,128,20.0,26.309819166918395
69900.0,21,1101,20.0,29.767982318359742
69900.0,17,1056,20.0,32.386245782836745
69900.0,62,354,20.0,36.68830618868891
69900.0,62,1282,20.0,30.09194338748593
69900.0,6,37,20.0,27.200740418625784
69900.0,61,309,20.0,33.75882416100195
69900.0,55,1281,20.0,26.81701648125434
69900.0,0,965,20.0,35.00768198161729
69900.0,106,219,20.0,27.814595817370062
69900.0,90,1145,20.0,23.484126383617618
69900.0,127,1009,20.0,29.272739459266734
69900.0,187,1326,20.0,27.889080090559723
69900.0,134,38,20.0,23.608890966321113
69900.0,224,174,20.0,25.139821343143648
69900.0,224,1190,20.0,21.952965763181094
69900.0,196,1054,20.0,26.181029569588887
69900.0,250,310,20.0,31.280692668394195
69900.0,253,1805,20.0,22.773576696859042
69900.0,279,129,20.0,23.360588332556723
70200.0,42,1189,20.0,23.699652269737772
70200.0,42,261,20.0,25.821371431461255
70200.0,42,216,20.0,24.539699027960456
70200.0,49,1234,20.0,22.569894972850122
70200.0,49,306,20.0,28.83509301083486
70200.0,34,1144,20.0,24.952945753959973
70200.0,31,171,20.0,23.23790891481693
70200.0,31,1143,20.0,22.629353146349725
70200.0,7,1008,20.0,31.492759695555463
70200.0,7,80,20.0,25.388691676630877
70200.0,15,1053,20.0,27.964836696035658
70200.0,15,125,20.0,25.81227628000741
70200.0,18,1098,20.0,24.94825825077959
70200.0,28,170,20.0,27.03931909824207
70200.0,36,1188,20.0,21.7245641798343
70200.0,62,352,20.0,29.006869001036648
70200.0,62,1324,20.0,23.41689637661665
70200.0,62,1280,20.0,26.43799911731009
70200.0,62,351,20.0,32.21684749870717
70200.0,6,35,20.0,26.424243167295245
70200.0,53,1279,20.0,22.480369910331973
70200.0,0,1007,20.0,28.97994827398018
70200.0,0,34,20.0,30.06604215409838
70200.0,57,307,20.0,25.638127494616054
70200.0,70,1052,20.0,25.825818022703924
70200.0,86,126,20.0,22.398931444819503
70200.0,177,262,20.0,22.832618813927002
70200.0,170,1233,20.0,20.728381189987562
70200.0,205,81,20.0,21.845184673216806
70200.0,205,1097,20.0,22.772741658470608
70200.0,231,217,20.0,21.48541733957949
70200.0,300,1278,20.0,20.38589625782094
70200.0,335,1142,20.0,20.212355352566753
70200.0,324,36,20.0,22.673934748889717
70500.0,42,258,20.0,30.2301966337263
70500.0,42,1231,20.0,22.35045509092394
70500.0,42,1187,20.0,26.875132578899702
70500.0,42,259,20.0,27.285805096655857
70500.0,49,1232,20.0,25.615080103265953
70500.0,34,213,20.0,27.781466491409613
70500.0,34,1186,20.0,22.930600845828625
70500.0,31,1141,20.0,24.608199653644398
70500.0,7,77,20.0,28.4069577115937
70500.0,7,1050,20.0,27.521604117999658
70500.0,15,1051,20.0,29.598699215789544
70500.0,15,123,20.0,25.81687325454187
70500.0,15,1095,20.0,25.210815989580993
70500.0,18,1096,20.0,26.865126409367242
70500.0,28,168,20.0,26.317445193373267
70500.0,38,214,20.0,25.066239917924634
70500.0,8,78,20.0,25.122620900704042
70500.0,62,349,20.0,32.99890939170199
70500.0,62,1322,20.0,26.17642959537202
70500.0,5,1005,20.0,31.038249319045985
70500.0,53,304,20.0,29.57630590164695
70500.0,53,1277,20.0,25.150154723610846
70500.0,0,32,20.0,28.413706261720492
70500.0,67,33,20.0,25.22433506968762
70500.0,184,305,20.0,28.883258038258614
70500.0,177,1276,20.0,21.608620716655526
70500.0,148,1140,20.0,23.15429911783594
70500.0,155,169,20.0,23.723146430840565
70500.0,248,1321,20.0,23.023446459974064
70500.0,213,124,20.0,22.91074935895935
70500.0,251,350,20.0,32.18498510623428
70500.0,284,1185,20.0,21.330605330612105
70500.0,304,260,20.0,25.868808344608787
70500.0,319,1049,20.0,26.287474308018133
70800.0,42,256,20.0,32.07968326413087
70800.0,42,1229,20.0,27.9759870999272
70800.0,49,301,20.0,35.551469683366896
70800.0,49,1274,20.0,27.785128207550514
70800.0,34,211,20.0,28.887945324168076
70800.0,34,1184,20.0,29.363125109576035
70800.0,31,1139,20.0,30.732747823867008
70800.0,7,75,20.0,26.0934846966162
70800.0,7,1048,20.0,32.738687308253034
70800.0,15,120,20.0,27.073198478536437
70800.0,15,1093,20.0,29.60263152017869
70800.0,18,121,20.0,24.439237774415417
70800.0,21,165,20.0,29.431920250395113
70800.0,21,1094,20.0,33.59069635539888
70800.0,47,257,20.0,29.62143398849625
70800.0,28,166,20.0,26.037266289613488
70800.0,23,1138,20.0,27.339684634202285
70800.0,62,347,20.0,35.313426564604455
70800.0,62,1320,20.0,32.061768426283834
70800.0,6,1003,20.0,36.451062272967626
70800.0,53,302,20.0,32.42292716254537
70800.0,55,1275,20.0,31.24414416432282
70800.0,0,30,20.0,25.928581028973063
70800.0,121,1319,20.0,28.756268917178172
70800.0,95,1183,20.0,26.102349592157157
70800.0,131,1047,20.0,30.09065243012826
70800.0,138,76,20.0,23.531069798393577
70800.0,164,212,20.0,26.521952785488736
70800.0,126,1002,20.0,33.26342349008902
70800.0,227,1228,20.0,24.73956557530824
70800.0,194,31,20.0,23.46672585323718
70800.0,263,1092,20.0,26.84780470805784
70800.0,284,167,20.0,23.35144776580944
70800.0,375,303,20.0,30.047063598856006
71100.0,42,254,20.0,19.877316719598944
71100.0,42,1227,20.0,21.39843637802492
71100.0,49,299,20.0,22.742421592018296
71100.0,49,1272,20.0,20.95675671469918
71100.0,34,209,20.0,18.491153566623638
71100.0,34,1181,20.0,20.099420567079513
71100.0,31,208,20.0,22.227830688691242
71100.0,7,73,20.0,23.676655826120516
71100.0,7,1046,20.0,27.380728507886047
71100.0,7,1045,20.0,25.554971753517776
71100.0,15,118,20.0,22.404566556333155
71100.0,15,1091,20.0,23.690549812983665
71100.0,21,163,20.0,21.470933776235142
71100.0,21,1136,20.0,21.465721888601955
71100.0,38,1182,20.0,22.451378090451723
71100.0,62,1317,20.0,21.916204855116224
71100.0,62,345,20.0,24.694865394647593
71100.0,61,344,20.0,26.76447742461886
71100.0,5,72,20.0,27.834635521347277
71100.0,0,1000,20.0,28.7414929738511
71100.0,0,28,20.0,25.664143296244145
71100.0,3,1001,20.0,30.893441917814688
71100.0,101,1226,20.0,19.220739556008414
71100.0,118,300,20.0,21.415100416785446
71100.0,90,164,20.0,18.102996602124
71100.0,75,1090,20.0,22.24114818129562
71100.0,145,119,20.0,19.4410729907578
71100.0,238,1271,20.0,18.57959032421727
71100.0,238,255,20.0,18.576355973340384
71100.0,210,1135,20.0,19.621315261680188
71100.0,263,74,20.0,20.517630670128764
71100.0,307,1316,20.0,19.788226889772858
71100.0,355,210,20.0,16.807594234002366
71100.0,344,1180,20.0,18.473612076638794
71400.0,42,1224,20.0,27.24320817042085
71400.0,42,252,20.0,27.18722093382064
71400.0,42,251,20.0,30.42103223367198
71400.0,49,297,20.0,30.108978178626153
71400.0,49,1269,20.0,27.26217836440605
71400.0,34,1179,20.0,27.90750499107487
71400.0,34,206,20.0,27.74208708252064
71400.0,7,1043,20.0,32.80377673493216
71400.0,7,70,20.0,27.516159671647674
71400.0,45,1225,20.0,31.114855638108352
71400.0,45,296,20.0,33.6197815335861
71400.0,15,116,20.0,24.18870979381039
71400.0,15,1088,20.0,29.881989991097775
71400.0,15,1089,20.0,33.80808921664985
71400.0,21,161,20.0,25.564113888529036
71400.0,28,1134,20.0,30.125972340450232
71400.0,8,115,20.0,28.167301437259066
71400.0,62,1315,20.0,29.992559180722008
71400.0,62,342,20.0,33.546831983048904
71400.0,62,387,20.0,37.01732146790509
71400.0,53,1270,20.0,30.408636281738822
71400.0,0,998,20.0,36.096073905813164
71400.0,0,25,20.0,29.02913394066909
71400.0,70,71,20.0,23.876236218207776
71400.0,86,1133,20.0,26.918111650661096
71400.0,100,207,20.0,24.966385472823067
71400.0,181,1314,20.0,26.888135583910252
71400.0,127,26,20.0,25.456901133806575
71400.0,187,343,20.0,30.717568373730174
71400.0,189,1042,20.0,30.280803207262878
71400.0,218,1178,20.0,24.71372995658273
71400.0,218,162,20.0,22.82507013672648
71400.0,309,298,20.0,27.29402069519788
71400.0,314,1359,20.0,27.027259763237986
71700.0,42,1222,20.0,24.201553709764283
71700.0,42,249,20.0,24.941647591910023
71700.0,49,1267,20.0,23.911560851457153
71700.0,49,294,20.0,28.321463908184846
71700.0,34,1177,20.0,25.31274443551248
71700.0,34,204,20.0,22.78693660179016
71700.0,7,1041,20.0,27.267440781574386
71700.0,7,68,20.0,21.89703302034043
71700.0,15,1086,20.0,24.450912774565715
71700.0,15,113,20.0,22.7878436742208
71700.0,18,158,20.0,23.651949065572992
71700.0,18,1131,20.0,23.197233595097373
71700.0,28,1132,20.0,26.710832953503044
71700.0,28,1176,20.0,22.182038659965375
71700.0,23,159,20.0,21.383636114103712
71700.0,62,1313,20.0,27.846855660906932
71700.0,62,340,20.0,29.316654724551277
71700.0,53,339,20.0,31.908027498556812
71700.0,53,295,20.0,26.117623138443953
71700.0,53,1268,20.0,28.102451413059374
71700.0,55,1312,20.0,24.522015732643418
71700.0,27,203,20.0,25.60604034778383
71700.0,0,996,20.0,30.984324182795667
71700.0,0,23,20.0,23.1287975438066
71700.0,67,1040,20.0,25.410049163403936
71700.0,80,114,20.0,20.552866536069082
71700.0,162,1221,20.0,21.118254273033024
71700.0,170,250,20.0,22.696045539287883
71700.0,188,1357,20.0,25.417435596183118
71700.0,197,1085,20.0,22.450843992847318
71700.0,197,69,20.0,19.745820145750496
71700.0,298,1266,20.0,20.749950716332666
71700.0,289,205,20.0,20.494145450588057
71700.0,269,1130,20.0,20.73604928607268
72000.0,42,1220,20.0,24.73935333401349
72000.0,42,247,20.0,20.879926583380175
72000.0,49,1265,20.0,22.900177779620016
72000.0,49,292,20.0,22.767967682517963
72000.0,34,246,20.0,24.718209775533577
72000.0,34,202,20.0,20.211875193938475
72000.0,34,1174,20.0,23.709447886059667
72000.0,34,1175,20.0,27.37165503222266
72000.0,31,201,20.0,23.770794278567784
72000.0,7,1039,20.0,33.16188896944573
72000.0,7,66,20.0,24.74461214260719
72000.0,7,110,20.0,27.3350075733183
72000.0,15,1084,20.0,29.384737930656886
72000.0,15,111,20.0,23.365503859242242
72000.0,18,156,20.0,22.615107733480137
72000.0,18,1129,20.0,26.551076480476468
72000.0,38,1219,20.0,21.3070993375391
72000.0,9,1083,20.0,27.94574362274997
72000.0,62,382,20.0,28.578116705545725
72000.0,62,1355,20.0,23.21505321973145
72000.0,6,1038,20.0,31.347845998919038
72000.0,61,1310,20.0,23.06905610607826
72000.0,53,337,20.0,25.051467603313842
72000.0,0,65,20.0,28.071704694578244
72000.0,109,1264,20.0,19.87244267702905
72000.0,121,338,20.0,22.335896481305593
72000.0,152,157,20.0,19.369071650378302
72000.0,143,1128,20.0,24.495114010665453
72000.0,126,21,20.0,27.243284470814196
72000.0,179,293,20.0,20.25684245232876
72000.0,241,1309,20.0,19.531755934186865
72000.0,277,1173,20.0,21.647880670096978
72000.0,298,248,20.0,18.094921417089274
72000.0,269,112,20.0,19.875785216090947
72300.0,42,289,20.0,26.79795534589064
72300.0,42,1217,20.0,22.79576318868385
72300.0,49,290,20.0,24.564852437320006
72300.0,49,1263,20.0,26.485754061691583
72300.0,49,1262,20.0,23.012255407561522
72300.0,34,244,20.0,23.856838462535144
72300.0,34,1172,20.0,23.09508508206936
72300.0,31,199,20.0,21.822891405615575
72300.0,7,108,20.0,22.112118918128797
72300.0,7,1036,20.0,28.430044426375684
72300.0,7,1081,20.0,25.16042741737578
72300.0,15,153,20.0,23.29748332361226
72300.0,15,1082,20.0,28.289613499565036
72300.0,15,109,20.0,19.234502021612627
72300.0,18,1126,20.0,21.670313953766613
72300.0,18,154,20.0,19.913619362037046
72300.0,21,1127,20.0,24.70673993794511
72300.0,62,380,20.0,31.038966194247216
72300.0,62,1353,20.0,29.016117229054316
72300.0,62,1308,20.0,27.815968462478697
72300.0,5,63,20.0,23.03201891647647
72300.0,53,335,20.0,27.912752005811324
72300.0,118,1307,20.0,24.20153470311835
72300.0,106,245,20.0,22.149854595264078
72300.0,90,1171,20.0,20.329819017764528
72300.0,187,1352,20.0,25.53577546283597
72300.0,131,64,20.0,19.623625100458682
72300.0,126,1035,20.0,26.68456022870108
72300.0,159,200,20.0,20.082932905181764
72300.0,224,1216,20.0,19.896518441498653
72300.0,248,336,20.0,26.95315581100069
72300.0,258,1080,20.0,23.180468688946
72300.0,277,155,20.0,17.94848619115073
72300.0,253,19,20.0,21.76571389510385
72600.0,42,287,20.0,24.03630330133244
72600.0,42,1215,20.0,21.727486006347675
72600.0,49,1260,20.0,22.701142512892556
72600.0,49,332,20.0,27.700282905624757
72600.0,34,242,20.0,21.395106714866508
72600.0,34,1170,20.0,22.336469683078835
72600.0,31,197,20.0,19.92019453035321
72600.0,7,106,20.0,22.80688411384691
72600.0,7,1034,20.0,26.779140420009206
72600.0,15,151,20.0,22.726145242756985
72600.0,15,1079,20.0,23.27239641773438
72600.0,15,1124,20.0,20.648399252140095
72600.0,21,196,20.0,23.76067958968893
72600.0,28,1169,20.0,19.093839414344522
72600.0,62,378,20.0,30.506431156040822
72600.0,62,1350,20.0,26.401396857974326
72600.0,61,1306,20.0,28.43804974295149
72600.0,5,61,20.0,23.872495147446713
72600.0,53,1305,20.0,24.397459738085907
72600.0,55,333,20.0,27.36195256629903
72600.0,0,1033,20.0,25.406056619052777
72600.0,58,377,20.0,31.325249312768385
72600.0,70,1078,20.0,22.175821426281463
72600.0,86,152,20.0,19.491529370022562
72600.0,112,288,20.0,24.104906161997043
72600.0,99,1214,20.0,18.89020462717106
72600.0,167,1259,20.0,19.503576286045867
72600.0,205,107,20.0,19.54065323437342
72600.0,205,1123,20.0,19.461767364685215
72600.0,229,243,20.0,21.388300502226443
72600.0,258,62,20.0,20.292175889722706
72600.0,300,1304,20.0,21.153609634970486
72600.0,335,1168,20.0,18.048602785534914
72600.0,348,198,20.0,19.68333654103064
72900.0,42,285,20.0,27.775287929126087
72900.0,42,1257,20.0,22.884136641405703
72900.0,42,1213,20.0,28.641016155857013
72900.0,49,1258,20.0,26.227099937576725
72900.0,49,330,20.0,31.014377712073614
72900.0,34,1212,20.0,24.5405102421637
72900.0,34,239,20.0,27.516678286308565
72900.0,31,1167,20.0,26.848940239616603
72900.0,7,1076,20.0,28.638167422972153
72900.0,7,103,20.0,29.055550661086993
72900.0,7,104,20.0,26.142947306902308
72900.0,15,149,20.0,25.63781295280872
72900.0,15,1077,20.0,32.007234474548525
72900.0,18,1122,20.0,28.949089648116736
72900.0,21,194,20.0,26.266141681051423
72900.0,38,240,20.0,24.633291629078037
72900.0,62,1348,20.0,26.048296694026007
72900.0,62,375,20.0,34.17911716793357
72900.0,41,284,20.0,31.06236990772932
72900.0,53,1303,20.0,25.882914785344205
72900.0,0,1031,20.0,31.079941275368046
72900.0,0,58,20.0,29.04934058571883
72900.0,67,59,20.0,26.299042123024602
72900.0,92,195,20.0,23.367756238708704
72900.0,80,1121,20.0,26.290133466613007
72900.0,125,376,20.0,32.63645746492813
72900.0,184,331,20.0,29.28705585625446
72900.0,177,1302,20.0,22.648570806676073
72900.0,148,1166,20.0,23.978417039636454
72900.0,213,150,20.0,22.998968288969824
72900.0,309,1347,20.0,22.753604281711368
72900.0,280,1211,20.0,21.969736315627056
72900.0,300,286,20.0,26.110304202092102
72900.0,328,105,20.0,23.16859810266816
73200.0,42,1255,20.0,23.571111274202185
73200.0,42,282,20.0,27.653715432780963
73200.0,49,327,20.0,31.26310090421459
73200.0,49,1300,20.0,24.46736343179978
73200.0,34,237,20.0,24.21490419424895
73200.0,34,1210,20.0,23.543982640078195
73200.0,31,1165,20.0,25.356493091252627
73200.0,7,1074,20.0,25.51735763891511
73200.0,7,101,20.0,23.125702531062622
73200.0,45,283,20.0,25.6432733310128
73200.0,15,1119,20.0,22.95396189634416
73200.0,15,146,20.0,23.422081438863373
73200.0,18,147,20.0,19.935560185879208
73200.0,21,1120,20.0,26.950457643858226
73200.0,21,191,20.0,25.191219980837467
73200.0,21,1164,20.0,21.941822119343943
73200.0,28,192,20.0,21.276565661859827
73200.0,62,1346,20.0,29.076703625791765
73200.0,62,373,20.0,31.74487001181095
73200.0,53,328,20.0,28.543987028087543
73200.0,53,1301,20.0,28.13235741754479
73200.0,0,1029,20.0,28.886042454104775
73200.0,0,56,20.0,23.962308778504777
73200.0,48,1256,20.0,27.76714972511013
73200.0,121,1345,20.0,25.940326729997455
73200.0,74,102,20.0,20.085246815840993
73200.0,130,1073,20.0,23.673434293714006
73200.0,164,238,20.0,22.300830962738274
73200.0,155,1209,20.0,20.358064815404518
73200.0,227,1254,20.0,20.473040726767344
73200.0,193,57,20.0,20.766775024981545
73200.0,263,1118,20.0,20.911611622226836
73200.0,284,193,20.0,19.055201765205577
73200.0,310,329,20.0,28.17699985426913
73500.0,42,280,20.0,32.18940202711969
73500.0,42,1253,20.0,30.368389767979927
73500.0,49,325,20.0,35.27045610766592
73500.0,49,1298,20.0,28.955937548596328
73500.0,34,235,20.0,29.982979208714003
73500.0,34,1208,20.0,33.051011353950024
73500.0,34,1207,20.0,29.525761517309807
73500.0,31,234,20.0,33.368603974036425
73500.0,7,99,20.0,29.055499900811775
73500.0,7,1072,20.0,36.664042388898814
73500.0,15,144,20.0,29.976226712771336
73500.0,15,1117,20.0,33.91359651903554
73500.0,18,189,20.0,31.723525476915288
73500.0,21,1162,20.0,31.7440534925324
73500.0,62,371,20.0,36.23235161394993
73500.0,62,1344,20.0,31.892375630178897
73500.0,62,1343,20.0,28.295887556020066
73500.0,6,1071,20.0,33.95754546659634
73500.0,29,1163,20.0,35.70065975131107
73500.0,53,370,20.0,39.03398757221056
73500.0,27,190,20.0,28.804518794483087
73500.0,0,54,20.0,28.889978171658605
73500.0,0,1026,20.0,37.049106510698685
73500.0,0,1027,20.0,40.13208061757514
73500.0,0,98,20.0,33.19345161976684
73500.0,101,1252,20.0,27.14699775048449
73500.0,118,326,20.0,33.32247024323834
73500.0,145,145,20.0,27.47528085271435
73500.0,138,1116,20.0,31.265073038074124
73500.0,238,281,20.0,30.36040044711759
73500.0,236,1297,20.0,25.595218350662236
73500.0,207,1161,20.0,28.995637862131606
73500.0,263,100,20.0,26.401928290561376
73500.0,314,1388,20.0,28.46184286830939
73800.0,42,278,20.0,19.01027116563412
73800.0,42,1250,20.0,20.699586042536076
73800.0,42,1251,20.0,24.561592882629355
73800.0,49,323,20.0,21.48158759883472
73800.0,49,1296,20.0,23.86663543385558
73800.0,34,1205,20.0,21.77199358022302
73800.0,34,277,20.0,21.12905788164338
73800.0,34,232,20.0,19.81915256324737
73800.0,7,1069,20.0,26.221819464355143
73800.0,7,141,20.0,23.52918409340462
73800.0,7,97,20.0,22.127538380195006
73800.0,15,142,20.0,19.476154273342022
73800.0,15,1115,20.0,25.994796819309645
73800.0,15,1114,20.0,23.69716026270322
73800.0,18,187,20.0,19.2659869773779
73800.0,21,1160,20.0,23.799400851640033
73800.0,47,1295,20.0,20.426651823699483
73800.0,62,1341,20.0,23.671437500360415
73800.0,62,459,20.0,28.013497244723027
73800.0,6,96,20.0,25.69872271051871
73800.0,61,368,20.0,24.674009764216635
73800.0,0,1024,20.0,29.745634250233536
73800.0,83,1159,20.0,20.78588035841305
73800.0,99,233,20.0,17.914049059541213
73800.0,181,1340,20.0,20.445499477203647
73800.0,127,52,20.0,24.776049916216618
73800.0,187,369,20.0,22.759299049070165
73800.0,189,1068,20.0,26.97749332337346
73800.0,245,324,20.0,20.171789207471317
73800.0,218,188,20.0,17.38163442064548
73800.0,218,1204,20.0,19.186957838663826
73800.0,314,1385,20.0,20.737847830590404
73800.0,364,279,20.0,17.414976661561187
73800.0,335,143,20.0,17.838485481778832
74100.0,42,1248,20.0,19.981685059577057
74100.0,42,321,20.0,21.181433173742093
74100.0,42,366,20.0,23.9834380727697
74100.0,49,1293,20.0,19.588252239495773
74100.0,49,367,20.0,21.519671443382556
74100.0,34,1203,20.0,22.239461881692442
74100.0,34,230,20.0,20.166497637203324
74100.0,7,1067,20.0,28.545976170695354
74100.0,7,139,20.0,22.98824788118771
74100.0,7,94,20.0,24.229556227706308
74100.0,15,1112,20.0,25.161487348646734
74100.0,15,184,20.0,22.9688884776804
74100.0,18,1157,20.0,22.636188145636964
74100.0,21,185,20.0,19.253136519540625
74100.0,28,1158,20.0,25.251066794325578
74100.0,28,1202,20.0,20.308467926884198
74100.0,62,1339,20.0,23.664599201545776
74100.0,62,457,20.0,27.292779398862944
74100.0,62,412,20.0,24.38624067581143
74100.0,53,411,20.0,26.737128960904784
74100.0,53,1294,20.0,23.014282866796457
74100.0,53,1338,20.0,21.051838757049268
74100.0,0,1022,20.0,32.31443106796962
74100.0,80,140,20.0,19.49386989649717
74100.0,64,1066,20.0,27.636966808998967
74100.0,162,1247,20.0,18.06608900304462
74100.0,187,1383,20.0,22.733431199831006
74100.0,170,276,20.0,18.663429023248984
74100.0,126,49,20.0,26.62191871273066
74100.0,224,231,20.0,17.888605261625806
74100.0,197,1111,20.0,24.16033941785323
74100.0,197,95,20.0,20.524594276786736
74100.0,314,413,20.0,24.149975193342506
74100.0,296,1292,20.0,17.54369909341397
74400.0,42,1246,20.0,24.301564015982876
74400.0,42,319,20.0,25.821436073492812
74400.0,42,364,20.0,29.26877162394962
74400.0,49,1291,20.0,23.5929756128023
74400.0,34,318,20.0,29.504639003366695
74400.0,34,1201,20.0,26.53714325370523
74400.0,34,1245,20.0,21.09273951461514
74400.0,31,1200,20.0,22.62166095639095
74400.0,31,274,20.0,23.140545164255347
74400.0,7,1065,20.0,32.32021586931647
74400.0,15,1110,20.0,28.71655670810133
74400.0,15,228,20.0,25.149730278318557
74400.0,15,183,20.0,23.587192063104226
74400.0,18,1155,20.0,25.685073291813904
74400.0,28,273,20.0,26.5265415248164
74400.0,8,1109,20.0,25.856790244453446
74400.0,62,454,20.0,35.798448023714855
74400.0,62,1381,20.0,26.82125590092157
74400.0,6,92,20.0,24.15465448231362
74400.0,6,182,20.0,27.38605709849196
74400.0,5,1064,20.0,29.187103158584414
74400.0,53,409,20.0,32.09872959262364
74400.0,53,1336,20.0,25.029090036281055
74400.0,0,137,20.0,27.585836228110715
74400.0,59,410,20.0,29.30577472473994
74400.0,107,1290,20.0,20.63468119005891
74400.0,152,229,20.0,21.6048024870976
74400.0,177,365,20.0,25.900752995031464
74400.0,143,1154,20.0,22.539137751513056
74400.0,188,455,20.0,32.66400979045702
74400.0,241,1335,20.0,21.58493683324796
74400.0,205,138,20.0,20.07287044993301
74400.0,189,47,20.0,24.77866260360749
74400.0,277,1199,20.0,19.54156310067538
74700.0,42,361,20.0,33.760327764888714
74700.0,42,1288,20.0,26.499445978336734
74700.0,49,1289,20.0,29.915625720540614
74700.0,49,362,20.0,30.12093614583684
74700.0,34,316,20.0,30.843697128317753
74700.0,34,1243,20.0,28.260587428038114
74700.0,34,1198,20.0,30.483552953885148
74700.0,31,271,20.0,28.954412173028963
74700.0,7,180,20.0,29.24836808567096
74700.0,7,1107,20.0,32.72653413944315
74700.0,15,225,20.0,31.101929284362797
74700.0,15,1108,20.0,36.60266905632937
74700.0,15,1152,20.0,29.849162677774444
74700.0,18,226,20.0,27.185792323335473
74700.0,21,1153,20.0,33.13133756741313
74700.0,62,452,20.0,36.25932733388944
74700.0,62,1425,20.0,27.932696921902263
74700.0,6,1062,20.0,36.05856925216848
74700.0,61,1334,20.0,28.731980117724174
74700.0,53,407,20.0,33.08482769772997
74700.0,10,181,20.0,26.11887039855946
74700.0,0,135,20.0,29.22886793050602
74700.0,101,317,20.0,27.633756546150238
74700.0,114,1379,20.0,25.0729297158523
74700.0,87,1197,20.0,26.855801966993937
74700.0,131,136,20.0,26.07210518431294
74700.0,157,272,20.0,25.453228805898984
74700.0,246,1424,20.0,24.68394372204416
74700.0,222,1242,20.0,24.863437268174266
74700.0,189,1061,20.0,33.04926832579136
74700.0,248,408,20.0,30.428754824027635
74700.0,258,1106,20.0,29.854779127170872
74700.0,277,227,20.0,23.857384411414678
74700.0,252,91,20.0,27.354526939897504
75000.0,42,359,20.0,26.499504018487677
75000.0,42,1332,20.0,24.133187890496796
75000.0,42,1287,20.0,25.72723034991068
75000.0,49,404,20.0,29.47681812979811
75000.0,34,314,20.0,24.17903613109103
75000.0,31,1196,20.0,27.46459499762406
75000.0,31,269,20.0,23.194623110196723
75000.0,7,178,20.0,25.631860241987184
75000.0,7,1105,20.0,30.145373893448998
75000.0,15,223,20.0,25.46608437689238
75000.0,15,1150,20.0,27.093744694669645
75000.0,21,268,20.0,26.740137424074547
75000.0,28,1241,20.0,24.64371921573192
75000.0,62,450,20.0,30.688676981693664
75000.0,62,1423,20.0,27.44724529645369
75000.0,62,1422,20.0,23.98121658342585
75000.0,6,1060,20.0,33.564257206672586
75000.0,53,1377,20.0,22.576944988085852
75000.0,53,405,20.0,27.844443345844805
75000.0,0,133,20.0,26.519811007698976
75000.0,0,1059,20.0,31.72090834190722
75000.0,57,1378,20.0,26.487426670836378
75000.0,57,449,20.0,33.16973420909658
75000.0,86,224,20.0,22.39733241561412
75000.0,68,1104,20.0,28.485381911956942
75000.0,112,360,20.0,25.187462864401752
75000.0,96,1286,20.0,22.576441651087357
75000.0,138,179,20.0,22.632414040383033
75000.0,227,1331,20.0,21.290345114293913
75000.0,229,315,20.0,22.739330489555385
75000.0,202,1195,20.0,25.45697372239725
75000.0,258,134,20.0,23.288190849702133
75000.0,300,1376,20.0,19.96591530270152
75000.0,375,406,20.0,25.97275026524722
75300.0,42,357,20.0,24.477924936471304
75300.0,42,1329,20.0,21.240124912525022
75300.0,42,1330,20.0,24.964026160862293
75300.0,49,402,20.0,27.72341596689652
75300.0,34,1284,20.0,23.386702940111533
75300.0,34,311,20.0,26.38347322710319
75300.0,34,312,20.0,23.393946649897792
75300.0,7,1148,20.0,29.528522467299545
75300.0,7,176,20.0,24.442943172422112
75300.0,15,221,20.0,23.95763565136982
75300.0,15,1194,20.0,28.92486660515955
75300.0,21,266,20.0,24.72818100938011
75300.0,28,1239,20.0,25.903491427917015
75300.0,38,1285,20.0,27.303311445753156
75300.0,38,356,20.0,27.99688836120657
75300.0,8,1149,20.0,31.724968238679196
75300.0,62,1420,20.0,25.507414260761664
75300.0,62,447,20.0,31.380756809966716
75300.0,62,448,20.0,29.63208114810618
75300.0,6,175,20.0,28.238756334618333
75300.0,53,1375,20.0,24.293336868146845
75300.0,0,1103,20.0,32.58923140890998
75300.0,0,130,20.0,29.5845312149824
75300.0,66,131,20.0,25.93139025655571
75300.0,92,267,20.0,22.011351420612684
75300.0,75,1193,20.0,27.103919311820917
75300.0,184,403,20.0,26.285074201843656
75300.0,175,1374,20.0,21.187720563000905
75300.0,211,1238,20.0,24.37855198301407
75300.0,211,222,20.0,21.397359395617766
75300.0,309,1419,20.0,22.238440277846117
75300.0,280,1283,20.0,21.97310234609278
75300.0,300,358,20.0,22.901201184305076
75300.0,328,177,20.0,21.537161641099555
75600.0,42,1327,20.0,21.863415387944976
75600.0,42,354,20.0,28.69744721239504
75600.0,49,1372,20.0,22.377579413672436
75600.0,49,400,20.0,28.48097953632386
75600.0,49,399,20.0,31.669735774884863
75600.0,34,1282,20.0,23.276242727513555
75600.0,34,309,20.0,26.394677683750672
75600.0,31,1237,20.0,26.018370325439605
75600.0,7,1146,20.0,27.40756882522264
75600.0,7,173,20.0,26.684243433193792
75600.0,45,355,20.0,25.855460142060753
75600.0,15,1191,20.0,25.19543102219619
75600.0,15,218,20.0,26.784355322461135
75600.0,15,219,20.0,23.759737757802156
75600.0,18,1192,20.0,27.99848263869899
75600.0,21,264,20.0,24.705598344864608
75600.0,21,1236,20.0,23.49934611427347
75600.0,47,1328,20.0,26.030691866099104
75600.0,20,263,20.0,27.87807483715328
75600.0,62,1418,20.0,26.73601463481168
75600.0,62,445,20.0,31.292328202443052
75600.0,53,1373,20.0,25.879073126129807
75600.0,0,1101,20.0,30.807045761728574
75600.0,0,128,20.0,27.518567581528703
75600.0,121,1417,20.0,23.751175887590247
75600.0,71,174,20.0,23.486823192862772
75600.0,162,310,20.0,23.741858407887076
75600.0,128,1145,20.0,26.192935583673872
75600.0,155,1281,20.0,21.361006769979987
75600.0,193,129,20.0,24.18522748526283
75600.0,251,446,20.0,29.72154392935986
75600.0,284,265,20.0,21.779445302147835
75600.0,309,401,20.0,26.665086029651498
75600.0,314,1462,20.0,25.084433913260522
75900.0,42,1325,20.0,23.37835781237684
75900.0,42,352,20.0,26.362723479297554
75900.0,49,1370,20.0,22.662578096482463
75900.0,49,397,20.0,29.672281523365683
75900.0,34,307,20.0,23.224784433212168
75900.0,34,1280,20.0,24.711979888166304
75900.0,31,1279,20.0,21.22388212531879
75900.0,7,1144,20.0,28.775371869659878
75900.0,7,171,20.0,24.611711890877203
75900.0,15,1189,20.0,25.588093475827634
75900.0,15,216,20.0,23.426414670258914
75900.0,18,261,20.0,24.262043124330738
75900.0,21,1234,20.0,23.124197735630734
75900.0,28,306,20.0,26.494428140280828
75900.0,28,1235,20.0,27.200787522408913
75900.0,62,1416,20.0,27.73738051476902
75900.0,62,443,20.0,30.258854340689652
75900.0,61,1415,20.0,24.359712441699312
75900.0,53,442,20.0,33.42066907640056
75900.0,27,262,20.0,21.583494499454567
75900.0,0,1099,20.0,32.47248067104737
75900.0,0,126,20.0,26.12422199134585
75900.0,0,170,20.0,28.66700588715423
75900.0,3,1143,20.0,26.15565787065719
75900.0,101,1324,20.0,20.32275757697066
75900.0,118,398,20.0,27.130656375253572
75900.0,143,217,20.0,20.758871097347786
75900.0,138,1188,20.0,23.177430121606545
75900.0,171,353,20.0,23.874791279171074
75900.0,188,1460,20.0,26.45963547839947
75900.0,236,1369,20.0,19.587178997284234
75900.0,263,172,20.0,21.840627485641406
75900.0,289,308,20.0,20.569752657955323
75900.0,269,1233,20.0,20.34660297285325
76200.0,42,350,20.0,21.180036568675536
76200.0,42,1323,20.0,26.108201285507754
76200.0,42,1322,20.0,22.693830143417653
76200.0,49,395,20.0,23.636791215305678
76200.0,49,1368,20.0,24.896409349008177
76200.0,34,1277,20.0,23.37822871517024
76200.0,34,349,20.0,24.355246056104775
76200.0,31,304,20.0,22.27726184891045
76200.0,7,1141,20.0,26.4945267945362
76200.0,7,213,20.0,25.123851380895914
76200.0,7,169,20.0,22.777387270257755
76200.0,15,1187,20.0,26.543624543645066
76200.0,15,214,20.0,21.824604744351095
76200.0,18,259,20.0,21.85901171688197
76200.0,21,1232,20.0,24.305524725280605
76200.0,8,1142,20.0,29.725098272716277
76200.0,9,1186,20.0,23.73184989895734
76200.0,62,485,20.0,30.072561561664386
76200.0,62,1413,20.0,24.685703204362085
76200.0,5,168,20.0,25.835438852254118
76200.0,53,440,20.0,26.71335855213706
76200.0,0,1096,20.0,29.952809410504067
76200.0,109,1367,20.0,21.490591385324834
76200.0,83,1231,20.0,21.653911309504288
76200.0,99,305,20.0,19.62330492066274
76200.0,124,441,20.0,25.634732426545227
76200.0,125,1458,20.0,25.575853232175803
76200.0,180,1412,20.0,21.275824675134974
76200.0,126,124,20.0,24.920693321825613
76200.0,241,396,20.0,22.891878457397194
76200.0,213,260,20.0,19.052500537028823
76200.0,213,1276,20.0,20.62198237465117
76200.0,314,1457,20.0,21.964418177018214
76200.0,253,1140,20.0,24.975529735676197
76500.0,42,1320,20.0,17.926885223098118
76500.0,42,392,20.0,21.68710584745906
76500.0,49,1365,20.0,19.096759641359604
76500.0,49,393,20.0,19.901712584586356
76500.0,34,1275,20.0,17.84756077733939
76500.0,34,347,20.0,18.682820569841645
76500.0,31,302,20.0,15.948659483199547
76500.0,7,211,20.0,20.212389359373326
76500.0,7,1139,20.0,23.446470570225415
76500.0,15,1184,20.0,20.09024410490853
76500.0,15,256,20.0,19.266560054280383
76500.0,18,1229,20.0,16.59913969121935
76500.0,21,257,20.0,15.543959635312918
76500.0,23,1230,20.0,19.734968029540696
76500.0,62,483,20.0,26.66525329389511
76500.0,62,1411,20.0,24.418436008394192
76500.0,6,166,20.0,22.279888238132024
76500.0,61,438,20.0,23.629193063198116
76500.0,53,1366,20.0,22.958806859590137
76500.0,53,1410,20.0,20.969244078250316
76500.0,53,437,20.0,25.447380278751474
76500.0,0,1094,20.0,27.23726902433822
76500.0,90,1274,20.0,15.015380684897831
76500.0,105,348,20.0,17.19512613971001
76500.0,75,212,20.0,17.00021239069854
76500.0,64,1138,20.0,23.13011982618748
76500.0,187,1455,20.0,23.610392263141915
76500.0,160,1319,20.0,15.266572913859626
76500.0,224,303,20.0,14.567328115695451
76500.0,197,167,20.0,18.523742953121456
76500.0,197,1183,20.0,19.59312790948454
76500.0,314,439,20.0,23.25198995921512
76500.0,294,1364,20.0,16.297598271939744
76500.0,252,122,20.0,20.948746978350073
76800.0,42,1318,20.0,20.987812142363286
76800.0,42,390,20.0,25.749863879740907
76800.0,49,1363,20.0,21.837710537588872
76800.0,49,435,20.0,29.438006444817532
76800.0,34,1317,20.0,17.62655103559108
76800.0,34,345,20.0,22.52089769412242
76800.0,34,1273,20.0,21.269942056854816
76800.0,34,344,20.0,25.04443145967555
76800.0,31,300,20.0,19.299822555012522
76800.0,31,1272,20.0,17.590703109077122
76800.0,7,209,20.0,17.632724589165424
76800.0,7,1137,20.0,24.03664799175676
76800.0,15,254,20.0,19.199267367687398
76800.0,15,1182,20.0,20.368221525925193
76800.0,18,1227,20.0,18.287382400417002
76800.0,28,299,20.0,21.728144952696415
76800.0,62,1453,20.0,26.674845610968735
76800.0,62,480,20.0,32.94613850474663
76800.0,62,481,20.0,30.999845589896516
76800.0,5,164,20.0,18.30103733071288
76800.0,53,1408,20.0,23.86889364750059
76800.0,0,1136,20.0,20.764956647803388
76800.0,0,163,20.0,21.92344409947286
76800.0,57,436,20.0,27.586910913984713
76800.0,60,1409,20.0,27.950671265716085
76800.0,70,1181,20.0,17.494222239050767
76800.0,86,255,20.0,17.17967718725961
76800.0,177,391,20.0,24.06790494172725
76800.0,170,1362,20.0,18.67166136083376
76800.0,140,1226,20.0,15.74198235252
76800.0,205,210,20.0,15.433613308275426
76800.0,239,1407,20.0,20.657239637367507
76800.0,275,1271,20.0,14.572929498414354
76800.0,296,346,20.0,20.602626549971788
77100.0,42,1360,20.0,23.63691779221652
77100.0,42,387,20.0,28.529314066417257
77100.0,49,1361,20.0,27.121744284173925
77100.0,49,388,20.0,26.134492631135274
77100.0,49,433,20.0,29.506503870709512
77100.0,34,342,20.0,24.961339997219618
77100.0,34,1315,20.0,23.085948358339365
77100.0,31,1270,20.0,24.61481378882804
77100.0,7,1179,20.0,26.985600078194953
77100.0,7,206,20.0,25.066213852524296
77100.0,15,252,20.0,21.548404880962686
77100.0,15,1224,20.0,24.575335383072172
77100.0,15,1180,20.0,29.826961282242017
77100.0,15,251,20.0,25.313961814476603
77100.0,18,1225,20.0,26.933264967896953
77100.0,28,297,20.0,22.64548744915311
77100.0,38,343,20.0,23.023715517148236
77100.0,9,207,20.0,21.791295126874026
77100.0,62,478,20.0,32.20338684174305
77100.0,62,1451,20.0,27.77694505505596
77100.0,41,1316,20.0,27.216616855619485
77100.0,5,1134,20.0,30.683860637774526
77100.0,53,1406,20.0,27.497096190393222
77100.0,0,161,20.0,26.34675088706835
77100.0,114,1405,20.0,24.087742520365712
77100.0,152,1269,20.0,22.612833177929403
77100.0,127,162,20.0,23.22858416065957
77100.0,156,298,20.0,20.63783148422781
77100.0,246,434,20.0,28.633664922022618
77100.0,246,1450,20.0,24.601977019236
77100.0,219,1314,20.0,21.131454564125086
77100.0,251,479,20.0,31.991709558939384
77100.0,277,253,20.0,19.156781033975534
77100.0,255,1178,20.0,26.289585371241103
77400.0,42,385,20.0,20.295496975742992
77400.0,42,1358,20.0,19.315412382499737
77400.0,49,430,20.0,23.402337192453846
77400.0,49,1403,20.0,19.64184282987329
77400.0,34,340,20.0,18.61501488030238
77400.0,34,1313,20.0,20.531368591721503
77400.0,31,1268,20.0,22.93160199095094
77400.0,7,204,20.0,22.944213776113294
77400.0,7,1177,20.0,24.329938707218155
77400.0,15,249,20.0,21.46451173784347
77400.0,15,1222,20.0,21.99018607805165
77400.0,21,294,20.0,21.82773350849347
77400.0,21,1267,20.0,20.17760151861502
77400.0,20,250,20.0,18.367339568210557
77400.0,28,295,20.0,18.048689570916
77400.0,62,476,20.0,23.563605486330506
77400.0,62,1449,20.0,23.635320497362695
77400.0,5,1132,20.0,28.216067945839136
77400.0,53,431,20.0,20.44909854241173
77400.0,55,1404,20.0,23.29963782282472
77400.0,0,159,20.0,25.17285038085026
77400.0,60,1448,20.0,20.406700489555057
77400.0,109,386,20.0,17.75371123488734
77400.0,93,1312,20.0,17.830834551013112
77400.0,63,1131,20.0,26.638349382716683
77400.0,131,1176,20.0,22.96982533510038
77400.0,138,205,20.0,19.899897258825266
77400.0,227,1357,20.0,16.619798433002437
77400.0,227,341,20.0,16.077940587938677
77400.0,201,1221,20.0,20.827647366617892
77400.0,258,160,20.0,21.98175126912264
77400.0,364,1402,20.0,16.74282817804744
77400.0,375,432,20.0,19.8320135630588
77400.0,335,1266,20.0,18.496056906957214
77700.0,42,383,20.0,30.100892095532032
77700.0,42,1356,20.0,30.316462375026063
77700.0,49,428,20.0,32.05302116898626
77700.0,49,1401,20.0,27.92766363928458
77700.0,34,1310,20.0,29.031894949688166
77700.0,34,338,20.0,29.320754693971388
77700.0,31,337,20.0,32.875708110218696
77700.0,7,202,20.0,31.926082281490636
77700.0,7,1174,20.0,35.376676433359975
77700.0,7,1175,20.0,37.97322454594936
77700.0,15,247,20.0,31.965154522417638
77700.0,15,1220,20.0,34.53216059905646
77700.0,21,292,20.0,32.35834157647514
77700.0,21,1265,20.0,31.757582608945263
77700.0,38,1311,20.0,32.78227735043081
77700.0,62,1446,20.0,25.904650701137744
77700.0,62,474,20.0,32.079366929884756
77700.0,41,1355,20.0,26.94199980266048
77700.0,61,473,20.0,35.79279793471163
77700.0,5,201,20.0,35.91904321155898
77700.0,0,1129,20.0,38.33632069582493
77700.0,0,157,20.0,32.05858100677949
77700.0,74,1219,20.0,32.37166781905372
77700.0,90,293,20.0,29.167831451672384
77700.0,181,429,20.0,28.83453163657933
77700.0,175,1400,20.0,24.522217308584693
77700.0,236,384,20.0,27.040434232946726
77700.0,207,1264,20.0,29.297120834287828
77700.0,207,248,20.0,28.937828695569557
77700.0,309,1445,20.0,22.642234702354717
77700.0,355,339,20.0,25.864149019825753
77700.0,328,203,20.0,28.474211404357654
77700.0,344,1309,20.0,26.74788846868423
77700.0,316,1173,20.0,33.663327973855964
78000.0,42,1353,20.0,29.298371542417538
78000.0,42,381,20.0,30.89123062085261
78000.0,42,380,20.0,33.40181555716499
78000.0,49,426,20.0,33.0641842624564
78000.0,49,1398,20.0,28.743449396172235
78000.0,34,1308,20.0,30.0104570318247
78000.0,34,335,20.0,30.711479672312308
78000.0,7,1172,20.0,33.44748335603889
78000.0,7,199,20.0,30.324136006367173
78000.0,45,425,20.0,35.812048635759645
78000.0,45,1354,20.0,33.34740759264413
78000.0,15,1217,20.0,31.130395675960017
78000.0,15,245,20.0,27.686537886341004
78000.0,18,1218,20.0,34.87087586632635
78000.0,18,289,20.0,32.54104426335109
78000.0,21,290,20.0,28.758909999995765
78000.0,21,1262,20.0,28.889674850503113
78000.0,28,1263,20.0,32.180536948941466
78000.0,8,244,20.0,31.159106403578605
78000.0,62,1444,20.0,31.356714221827175
78000.0,62,471,20.0,36.38816430469018
78000.0,62,516,20.0,39.62592654572502
78000.0,53,1399,20.0,32.077597931357104
78000.0,0,1127,20.0,36.756970906789824
78000.0,0,154,20.0,30.503649794426003
78000.0,70,200,20.0,27.08566774997969
78000.0,119,1443,20.0,28.340503504932713
78000.0,162,336,20.0,28.35747468896413
78000.0,155,1307,20.0,26.953024467043317
78000.0,188,472,20.0,34.06978450910417
78000.0,189,1171,20.0,31.97673836905873
78000.0,189,155,20.0,27.05970578825105
78000.0,218,291,20.0,26.72816358542715
78000.0,251,1488,20.0,28.654574717212828
78300.0,42,1351,20.0,28.319278068957217
78300.0,42,378,20.0,28.59888331734621
78300.0,49,1396,20.0,26.895862350777755
78300.0,49,423,20.0,31.101557425426
78300.0,34,1306,20.0,30.0070615567872
78300.0,34,333,20.0,26.413313545283366
78300.0,31,1305,20.0,27.351978188496048
78300.0,7,1170,20.0,35.987007537133906
78300.0,7,197,20.0,29.608237714541175
78300.0,15,1215,20.0,32.644800863061896
78300.0,15,242,20.0,29.496934591672424
78300.0,15,287,20.0,29.883907090794047
78300.0,18,1260,20.0,29.964691007160464
78300.0,28,332,20.0,30.276825750738812
78300.0,28,1261,20.0,33.11793960250071
78300.0,23,288,20.0,26.11421557748095
78300.0,62,1442,20.0,29.837330070839545
78300.0,62,469,20.0,30.875011521693626
78300.0,53,468,20.0,33.79579141755059
78300.0,55,1441,20.0,26.29158931559674
78300.0,0,1125,20.0,39.63838099708099
78300.0,0,1169,20.0,34.07748457246207
78300.0,114,424,20.0,28.211493692990228
78300.0,100,1350,20.0,25.943034132696866
78300.0,125,1486,20.0,26.413162683293944
78300.0,125,514,20.0,34.222692567496395
78300.0,63,152,20.0,30.41769735071123
78300.0,143,243,20.0,25.918316466825992
78300.0,170,379,20.0,25.874834233690898
78300.0,134,1214,20.0,30.738936404034767
78300.0,233,1395,20.0,24.413243313837626
78300.0,198,198,20.0,26.2559303109383
78300.0,266,1259,20.0,27.630535462020934
78300.0,289,334,20.0,23.581522040586705
78600.0,42,1349,20.0,24.44668093274154
78600.0,42,376,20.0,25.585573890687044
78600.0,49,1394,20.0,22.640663887260708
78600.0,49,421,20.0,27.388919340456184
78600.0,34,375,20.0,29.19554453213268
78600.0,34,1303,20.0,24.09785085101245
78600.0,34,1348,20.0,22.348281710156762
78600.0,31,330,20.0,28.116289709460755
78600.0,7,239,20.0,30.839086859840393
78600.0,7,1168,20.0,33.76977181032652
78600.0,7,195,20.0,27.594388264715374
78600.0,15,1213,20.0,30.097973935907813
78600.0,15,240,20.0,27.091226160064718
78600.0,18,285,20.0,27.094038335109786
78600.0,18,1258,20.0,27.30376785144352
78600.0,8,1212,20.0,28.559163470026967
78600.0,62,511,20.0,32.716662494187446
78600.0,62,1484,20.0,23.633313996376195
78600.0,6,1167,20.0,31.83525093733345
78600.0,61,1439,20.0,22.75217839424969
78600.0,53,466,20.0,29.543113647411545
78600.0,0,194,20.0,30.70786640589874
78600.0,109,1393,20.0,20.678440030802427
78600.0,80,1257,20.0,25.430806873422615
78600.0,93,331,20.0,24.564775555275055
78600.0,124,467,20.0,27.58146087027484
78600.0,152,286,20.0,23.998201381645643
78600.0,241,1438,20.0,20.29533079690759
78600.0,241,422,20.0,25.358073068108993
78600.0,189,150,20.0,27.651186810212835
78600.0,213,1302,20.0,22.20810046469351
78600.0,312,1483,20.0,21.36697891849239
78600.0,269,241,20.0,23.62543870692152
78600.0,362,377,20.0,23.31020411408347
78900.0,42,418,20.0,30.235158803340415
78900.0,42,1346,20.0,26.998419578583857
78900.0,42,1391,20.0,25.720985460316832
78900.0,49,419,20.0,27.322379970068365
78900.0,49,1392,20.0,29.284351061027902
78900.0,34,373,20.0,26.854770613021508
78900.0,34,1301,20.0,28.32687088375698
78900.0,31,328,20.0,25.91059037711323
78900.0,7,237,20.0,27.037448237523325
78900.0,7,1210,20.0,28.790450751953824
78900.0,7,1165,20.0,31.48587938045013
78900.0,15,282,20.0,28.141597637436078
78900.0,15,1255,20.0,26.868034032826337
78900.0,18,283,20.0,25.242887017090677
78900.0,21,1256,20.0,30.369115513281763
78900.0,62,509,20.0,33.458681644883626
78900.0,62,1482,20.0,29.6571911101625
78900.0,62,1437,20.0,29.0145564362139
78900.0,5,192,20.0,27.317278035148643
78900.0,53,464,20.0,30.475582320798345
78900.0,53,1436,20.0,25.343004545758763
78900.0,50,463,20.0,33.862738824701324
78900.0,74,238,20.0,24.49157349430505
78900.0,90,1300,20.0,24.78778252108603
78900.0,103,374,20.0,24.29872489546977
78900.0,127,1164,20.0,29.407784417217904
78900.0,187,1481,20.0,26.097808273761547
78900.0,131,193,20.0,24.30504742325967
78900.0,224,1345,20.0,23.387054810671252
78900.0,224,329,20.0,23.16711108892079
78900.0,196,1209,20.0,26.731436673752576
78900.0,314,465,20.0,29.247827551389353
78900.0,292,1390,20.0,22.085207379418087
78900.0,252,148,20.0,25.312027156752734
79200.0,42,416,20.0,24.875924107600078
79200.0,42,1344,20.0,24.054020249800466
79200.0,42,1389,20.0,22.667842589047957
79200.0,49,461,20.0,28.456824509941292
79200.0,34,371,20.0,22.89270065197764
79200.0,34,1343,20.0,20.5349955685117
79200.0,34,1299,20.0,25.883900886175383
79200.0,31,326,20.0,22.16738499434688
79200.0,31,370,20.0,26.86868045274841
79200.0,7,235,20.0,25.15510280521477
79200.0,7,1163,20.0,32.062179256561684
79200.0,15,280,20.0,24.922076091027662
79200.0,15,1208,20.0,28.59548342245713
79200.0,15,1253,20.0,25.343151868015948
79200.0,21,325,20.0,25.771213804167754
79200.0,28,1298,20.0,21.843429632602835
79200.0,62,507,20.0,28.19646907615547
79200.0,62,1479,20.0,22.979911971276465
79200.0,61,506,20.0,32.14260811898998
79200.0,53,1434,20.0,21.71519590636098
79200.0,55,462,20.0,25.104428680593955
79200.0,0,1162,20.0,29.849606601289516
79200.0,0,190,20.0,26.066698692667995
79200.0,58,1435,20.0,25.876564714202523
79200.0,67,1207,20.0,26.838643540724373
79200.0,86,281,20.0,21.875988524742716
79200.0,177,417,20.0,21.73659221156199
79200.0,140,1252,20.0,23.59132443834236
79200.0,167,1388,20.0,18.8976631450022
79200.0,205,236,20.0,22.01158709385883
79200.0,296,372,20.0,19.578927800297027
79200.0,300,1433,20.0,18.427587122483175
79200.0,273,1297,20.0,20.301381219490388
79200.0,324,191,20.0,22.728855043845094
79500.0,42,1386,20.0,18.40457443675029
79500.0,42,414,20.0,20.899360637851693
79500.0,42,459,20.0,23.529911505186657
79500.0,49,1387,20.0,21.96713616983959
79500.0,49,505,20.0,24.224323381858326
79500.0,34,1341,20.0,17.867405191095617
79500.0,34,368,20.0,20.344298951409023
79500.0,31,1296,20.0,20.371875534998434
79500.0,7,1205,20.0,24.279885109444283
79500.0,7,232,20.0,23.999143301060943
79500.0,7,233,20.0,20.619895010372357
79500.0,15,278,20.0,19.49305661862807
79500.0,15,1250,20.0,21.3099208543506
79500.0,18,1251,20.0,22.853434438013906
79500.0,21,323,20.0,20.128974933211865
79500.0,38,369,20.0,18.264484438061302
79500.0,62,1477,20.0,23.87844824301626
79500.0,62,550,20.0,27.52348787789723
79500.0,41,1342,20.0,22.084963349018068
79500.0,53,1432,20.0,22.55966706184877
79500.0,10,1206,20.0,26.6147728162412
79500.0,11,277,20.0,23.52256778319994
79500.0,0,1160,20.0,27.475320627704182
79500.0,0,187,20.0,26.277269732521717
79500.0,114,1431,20.0,19.463920525486593
79500.0,66,188,20.0,22.9848071881903
79500.0,148,1295,20.0,18.525345487477573
79500.0,155,324,20.0,17.760430021105133
79500.0,183,460,20.0,24.133638533621284
79500.0,188,551,20.0,27.366851853318547
79500.0,246,1476,20.0,20.760247796273
79500.0,277,279,20.0,17.456980335616986
79500.0,284,1340,20.0,16.540332640183294
79500.0,255,1204,20.0,24.28536546260208
79800.0,42,1384,20.0,15.341391401773018
79800.0,42,457,20.0,17.12012991633547
79800.0,49,502,20.0,20.21236153454113
79800.0,49,1429,20.0,15.618306122668342
79800.0,34,412,20.0,16.531055617297636
79800.0,34,1339,20.0,17.36369717026961
79800.0,31,1294,20.0,20.115260428873558
79800.0,7,1203,20.0,24.474699721997276
79800.0,7,230,20.0,24.769835738579527
79800.0,15,1248,20.0,21.02644716125771
79800.0,15,321,20.0,22.726236120628744
79800.0,18,276,20.0,19.412222608310493
79800.0,18,366,20.0,21.675375773939646
79800.0,21,1293,20.0,17.964778886998236
79800.0,21,1249,20.0,23.739153556700042
79800.0,28,367,20.0,17.78985798839893
79800.0,62,1475,20.0,18.615459320396013
79800.0,62,548,20.0,19.82289859146941
79800.0,53,503,20.0,17.12757827391533
79800.0,53,1430,20.0,18.86073258969353
79800.0,0,1158,20.0,28.13620546805787
79800.0,0,185,20.0,27.72393357510436
79800.0,109,458,20.0,14.45134600766244
79800.0,121,1474,20.0,15.935911672737916
79800.0,92,1338,20.0,15.794405619919944
79800.0,127,1202,20.0,25.45543577421288
79800.0,138,231,20.0,21.651330846798217
79800.0,227,413,20.0,13.893738444174076
79800.0,227,1383,20.0,13.696376313537469
79800.0,263,1247,20.0,21.816238729878023
79800.0,314,1519,20.0,18.86300136645084
79800.0,255,186,20.0,24.310011836961458
79800.0,282,322,20.0,14.974646826549794
79800.0,252,1157,20.0,29.02764920950239
80100.0,42,455,20.0,28.497618026594708
80100.0,42,1382,20.0,27.17791497619306
80100.0,49,500,20.0,31.01797164765122
80100.0,49,1427,20.0,25.792249669684406
80100.0,34,410,20.0,26.217592747945286
80100.0,34,1336,20.0,25.822865218712913
80100.0,34,1337,20.0,29.48725510230423
80100.0,31,409,20.0,30.014366302289023
80100.0,7,274,20.0,26.146573554019003
80100.0,7,1201,20.0,35.287398044779394
80100.0,15,319,20.0,26.554501678436303
80100.0,15,1246,20.0,31.75042461314936
80100.0,18,364,20.0,28.05640896560275
80100.0,21,1291,20.0,28.770848144597903
80100.0,62,546,20.0,31.645748172332954
80100.0,62,1472,20.0,25.68592649360122
80100.0,62,1473,20.0,29.420318146754077
80100.0,62,590,20.0,38.162883407617755
80100.0,6,1200,20.0,32.9990275113243
80100.0,53,545,20.0,34.78551794710569
80100.0,0,273,20.0,30.065479907416442
80100.0,0,1155,20.0,36.288691463147885
80100.0,0,229,20.0,27.315770068452387
80100.0,2,1156,20.0,38.90415078884186
80100.0,101,1381,20.0,23.808236369982165
80100.0,74,1245,20.0,29.7822785815375
80100.0,90,365,20.0,24.503580633216192
80100.0,117,501,20.0,28.627426948921205
80100.0,171,1426,20.0,22.637573948273516
80100.0,236,456,20.0,25.999425132338658
80100.0,207,320,20.0,23.32807660002698
80100.0,207,1290,20.0,26.53889729568281
80100.0,251,1563,20.0,26.58752895474664
80100.0,263,275,20.0,22.924306937297388
80400.0,42,1425,20.0,20.61995280868373
80400.0,42,453,20.0,22.6069910903454
80400.0,49,498,20.0,25.614215970763876
80400.0,49,1471,20.0,23.700055991830286
80400.0,49,1470,20.0,20.221901815440187
80400.0,34,1334,20.0,22.483585607246034
80400.0,34,452,20.0,26.023025475113336
80400.0,34,407,20.0,22.869638756429193
80400.0,7,1198,20.0,27.19428794757931
80400.0,7,316,20.0,23.422920113293582
80400.0,45,1380,20.0,24.424556225787835
80400.0,45,497,20.0,29.44354684094052
80400.0,15,317,20.0,19.595446696636568
80400.0,15,1244,20.0,27.75192019607026
80400.0,15,1243,20.0,24.134841636802957
80400.0,18,362,20.0,20.942866201686122
80400.0,21,1289,20.0,24.99923060486205
80400.0,62,1516,20.0,24.235041639742764
80400.0,62,588,20.0,32.61456882424212
80400.0,6,271,20.0,23.998891716527325
80400.0,61,543,20.0,29.385992726122723
80400.0,0,1153,20.0,30.68900479937752
80400.0,70,272,20.0,20.302799345856236
80400.0,83,1288,20.0,21.278365275672737
80400.0,98,408,20.0,19.50837992182134
80400.0,181,1515,20.0,20.862780093260525
80400.0,152,1379,20.0,19.35920419887279
80400.0,187,544,20.0,27.529190048986923
80400.0,189,227,20.0,22.208400083616482
80400.0,189,1197,20.0,24.418701061784894
80400.0,217,363,20.0,17.591026381266357
80400.0,251,1560,20.0,23.393331772792415
80400.0,309,499,20.0,24.223821806704148
80400.0,287,1424,20.0,17.183969518548107
80700.0,42,1423,20.0,28.277016880223492
80700.0,42,495,20.0,33.049315807317214
80700.0,42,450,20.0,29.898582031449326
80700.0,49,1468,20.0,29.03562276938777
80700.0,34,1378,20.0,27.870405263372778
80700.0,34,405,20.0,26.68993790934009
80700.0,7,1196,20.0,30.6534285471353
80700.0,7,314,20.0,25.453232108404137
80700.0,7,269,20.0,24.140512795525893
80700.0,15,1287,20.0,27.413591587683236
80700.0,15,359,20.0,27.330886006799183
80700.0,18,1332,20.0,24.696081122513352
80700.0,21,360,20.0,23.813605840478232
80700.0,28,1377,20.0,24.53498572517296
80700.0,62,1514,20.0,33.64705747118028
80700.0,62,586,20.0,36.518194593818194
80700.0,61,541,20.0,33.33713937666948
80700.0,53,540,20.0,36.26863069301881
80700.0,53,1513,20.0,30.19456150522022
80700.0,53,1469,20.0,33.250058606447595
80700.0,27,1333,20.0,28.611645646648366
80700.0,27,404,20.0,30.415279828941454
80700.0,0,1151,20.0,34.28552830185695
80700.0,0,1241,20.0,28.101461710244656
80700.0,50,496,20.0,30.144994174763088
80700.0,124,1558,20.0,31.026332633336164
80700.0,162,1422,20.0,25.018857888608462
80700.0,143,315,20.0,21.913296580247106
80700.0,170,451,20.0,26.879340526550582
80700.0,134,1286,20.0,24.82163373917958
80700.0,197,270,20.0,20.487882876775085
80700.0,231,1467,20.0,25.946200389156157
80700.0,266,1331,20.0,21.91258781377241
80700.0,289,406,20.0,23.66258584517885
81000.0,42,1421,20.0,27.097978006478073
81000.0,42,448,20.0,25.949850875847872
81000.0,42,493,20.0,28.58918331186705
81000.0,49,1466,20.0,26.76063302077541
81000.0,34,447,20.0,29.414131861247238
81000.0,34,1420,20.0,24.268835185921816
81000.0,31,1375,20.0,25.47374241363524
81000.0,31,403,20.0,23.672167086367974
81000.0,7,1240,20.0,33.71151660520804
81000.0,7,311,20.0,29.051093091103027
81000.0,7,1284,20.0,27.718782557064433
81000.0,15,1285,20.0,30.124252147452033
81000.0,15,357,20.0,26.20327168877945
81000.0,15,312,20.0,25.45095303929382
81000.0,18,1330,20.0,27.03291934107532
81000.0,28,402,20.0,26.88791452049908
81000.0,62,583,20.0,34.87652939978483
81000.0,62,1556,20.0,29.134549748029812
81000.0,6,267,20.0,24.736881469001954
81000.0,5,1239,20.0,31.01876411871547
81000.0,53,538,20.0,31.300452348078508
81000.0,53,1511,20.0,27.865619056300453
81000.0,0,266,20.0,27.967450321693242
81000.0,121,539,20.0,29.270624713774048
81000.0,106,1465,20.0,24.259211787411758
81000.0,143,1329,20.0,24.40999318547191
81000.0,148,358,20.0,22.77115236875794
81000.0,188,584,20.0,32.639581523151584
81000.0,238,1510,20.0,25.077852030315544
81000.0,238,494,20.0,26.095845644400008
81000.0,189,222,20.0,25.709197706063552
81000.0,213,1374,20.0,23.119685497226993
81000.0,269,313,20.0,21.727693458875077
81000.0,375,1555,20.0,26.264512579549923
81300.0,42,490,20.0,18.35952695819131
81300.0,42,1463,20.0,17.11545221043497
81300.0,49,1464,20.0,20.74724059450366
81300.0,49,491,20.0,15.528692212825657
81300.0,34,445,20.0,16.462882906617256
81300.0,34,1418,20.0,19.277161465383898
81300.0,31,1373,20.0,21.366870066510817
81300.0,31,400,20.0,17.013068181304547
81300.0,7,309,20.0,24.455593966360492
81300.0,7,1282,20.0,24.275465217746724
81300.0,15,354,20.0,22.655731861762806
81300.0,15,1327,20.0,21.56247860599886
81300.0,18,355,20.0,18.918290591619456
81300.0,21,1328,20.0,23.877291621119102
81300.0,62,581,20.0,21.939807811537502
81300.0,62,1554,20.0,20.98090904538819
81300.0,6,1237,20.0,28.099020148673244
81300.0,61,1509,20.0,20.46039369552171
81300.0,53,536,20.0,18.619423102003452
81300.0,53,1508,20.0,16.85070861107627
81300.0,11,310,20.0,21.413364611141528
81300.0,0,264,20.0,26.743198784503125
81300.0,101,446,20.0,14.000078112660317
81300.0,86,1372,20.0,19.377004402823676
81300.0,184,1553,20.0,17.76559010858276
81300.0,131,265,20.0,23.706984394600575
81300.0,222,401,20.0,13.911295447512263
81300.0,222,1417,20.0,17.021837301149066
81300.0,189,1236,20.0,27.008338582889955
81300.0,248,537,20.0,18.411650052918638
81300.0,194,1281,20.0,23.59734001520893
81300.0,368,492,20.0,14.947684131436686
81300.0,355,1462,20.0,14.682881068520492
81300.0,328,1326,20.0,20.676117390924055
81600.0,42,488,20.0,30.968648115427793
81600.0,42,1461,20.0,26.133160617374514
81600.0,49,533,20.0,33.82941041321587
81600.0,49,1506,20.0,25.471659224871463
81600.0,34,443,20.0,29.023548029805795
81600.0,34,1416,20.0,27.24262433950359
81600.0,34,1415,20.0,24.30758110115146
81600.0,31,1371,20.0,28.87435339700039
81600.0,7,307,20.0,26.22583063093209
81600.0,7,1280,20.0,30.474771618438083
81600.0,15,352,20.0,27.941014438012573
81600.0,15,1325,20.0,27.713164029210702
81600.0,21,397,20.0,30.283917733715793
81600.0,28,398,20.0,27.246238152297572
81600.0,28,1370,20.0,25.868228038721714
81600.0,62,579,20.0,33.99986530181934
81600.0,62,1552,20.0,29.47975237437608
81600.0,62,1551,20.0,25.87974648058809
81600.0,6,1235,20.0,33.69571506867026
81600.0,53,534,20.0,31.21101864745691
81600.0,0,262,20.0,26.271480029812647
81600.0,0,1234,20.0,30.49849404155462
81600.0,30,442,20.0,32.63610184504936
81600.0,57,578,20.0,37.45499782642254
81600.0,57,1507,20.0,29.113552927174208
81600.0,67,1279,20.0,27.568590320778483
81600.0,83,353,20.0,25.441783972157143
81600.0,175,489,20.0,28.398283221574626
81600.0,167,1460,20.0,23.32150258797947
81600.0,229,444,20.0,26.492318891184226
81600.0,202,1324,20.0,24.845011395106695
81600.0,202,308,20.0,23.65889830037901
81600.0,298,1505,20.0,22.4380167180305
81600.0,272,1369,20.0,22.989726724298645
81900.0,42,486,20.0,22.001051953393418
81900.0,42,1458,20.0,20.163278901869177
81900.0,49,531,20.0,24.883333000642835
81900.0,49,1459,20.0,23.1943008101583
81900.0,49,1504,20.0,23.806801642309793
81900.0,34,1413,20.0,20.746546085542274
81900.0,34,440,20.0,23.79845139394513
81900.0,34,441,20.0,20.350570959319207
81900.0,7,1277,20.0,27.835203184913325
81900.0,7,305,20.0,23.312794853858275
81900.0,7,304,20.0,27.140151203054486
81900.0,15,350,20.0,21.902850678783807
81900.0,15,1323,20.0,26.6231977999948
81900.0,15,1322,20.0,24.914262713491702
81900.0,21,395,20.0,22.347007728064995
81900.0,28,1368,20.0,22.906977140318965
81900.0,38,485,20.0,25.93029699945643
81900.0,38,1414,20.0,24.246949340402168
81900.0,9,1278,20.0,30.023283718588257
81900.0,62,1549,20.0,24.748217914019804
81900.0,62,576,20.0,28.548360932545567
81900.0,11,349,20.0,26.105641903462068
81900.0,0,1232,20.0,31.057293641460653
81900.0,0,259,20.0,28.361930984405387
81900.0,112,1503,20.0,20.75521904697385
81900.0,64,260,20.0,24.728595148283286
81900.0,124,577,20.0,27.403225631014237
81900.0,181,532,20.0,24.128950884324123
81900.0,152,396,20.0,19.15358500462519
81900.0,148,1367,20.0,21.510280790690278
81900.0,246,1548,20.0,22.26052102083088
81900.0,210,351,20.0,18.81615551114681
81900.0,278,1412,20.0,19.449644836614677
81900.0,300,487,20.0,21.08387254745517
82200.0,42,1456,20.0,25.331824034617558
82200.0,42,483,20.0,25.910246182536497
82200.0,49,1501,20.0,25.38473620350048
82200.0,49,528,20.0,29.320568839212395
82200.0,49,529,20.0,26.864481993453847
82200.0,34,1411,20.0,26.728855960029243
82200.0,34,438,20.0,22.898819008150248
82200.0,7,1275,20.0,30.5288233501383
82200.0,7,302,20.0,24.477545224775252
82200.0,15,1320,20.0,27.96659240153894
82200.0,15,347,20.0,24.278221590001294
82200.0,15,348,20.0,21.387252423593438
82200.0,18,392,20.0,24.922766025791752
82200.0,18,1321,20.0,31.528653329899402
82200.0,21,1365,20.0,25.63067418889167
82200.0,21,393,20.0,21.856532769942863
82200.0,28,1366,20.0,28.453018133202207
82200.0,62,1547,20.0,29.037437492919246
82200.0,62,574,20.0,29.86732538400675
82200.0,53,1502,20.0,29.077269000166716
82200.0,0,1230,20.0,33.413824553126545
82200.0,0,257,20.0,26.317342554431384
82200.0,109,484,20.0,23.650106149468574
82200.0,118,1546,20.0,25.947891824757164
82200.0,92,1410,20.0,24.34178243677097
82200.0,127,1274,20.0,29.226932148686014
82200.0,162,439,20.0,20.934036034051434
82200.0,134,303,20.0,21.72978556934412
82200.0,224,1455,20.0,22.92907510697138
82200.0,251,1591,20.0,26.804075078476583
82200.0,263,1319,20.0,26.55829737049178
82200.0,314,575,20.0,29.316799951078718
82200.0,255,258,20.0,23.314742438519332
82200.0,280,394,20.0,19.518842472066794
82500.0,42,1454,20.0,26.230469054681357
82500.0,42,481,20.0,25.36010375267502
82500.0,49,1499,20.0,25.304809980961647
82500.0,49,526,20.0,27.924237039932795
82500.0,34,436,20.0,24.382655784042807
82500.0,34,1409,20.0,28.05722102738614
82500.0,31,1408,20.0,24.675499866483513
82500.0,7,1273,20.0,33.6941568475512
82500.0,7,300,20.0,27.371819186445805
82500.0,15,1318,20.0,30.211953224444517
82500.0,15,345,20.0,26.792882126474666
82500.0,18,390,20.0,27.044742610256304
82500.0,21,1363,20.0,27.130217300932536
82500.0,28,435,20.0,28.041178279103
82500.0,62,1545,20.0,29.0745678479027
82500.0,62,572,20.0,28.550903312022896
82500.0,62,616,20.0,34.73638666294743
82500.0,61,1544,20.0,25.544352343498677
82500.0,5,1272,20.0,31.88414276835252
82500.0,53,571,20.0,31.168895176233793
82500.0,0,299,20.0,31.210349836198137
82500.0,0,1228,20.0,37.37781406754708
82500.0,101,1453,20.0,23.31531913229865
82500.0,114,527,20.0,25.774767800210206
82500.0,86,391,20.0,23.77476396403211
82500.0,74,1317,20.0,28.675064184834316
82500.0,64,255,20.0,28.47816276446387
82500.0,125,1589,20.0,26.031240639552703
82500.0,143,346,20.0,23.602196111466604
82500.0,236,1498,20.0,22.46484761336695
82500.0,236,482,20.0,23.101291083725762
82500.0,205,1362,20.0,25.451970938884482
82500.0,263,301,20.0,24.03429045708995
82500.0,304,1543,20.0,22.228868108804196
82800.0,42,479,20.0,25.67667723316361
82800.0,42,1452,20.0,28.639145844488006
82800.0,42,1451,20.0,25.085765504734194
82800.0,42,523,20.0,32.266008859707945
82800.0,49,524,20.0,28.038732328179208
82800.0,49,1497,20.0,28.93479604341949
82800.0,34,478,20.0,29.211467584746796
82800.0,34,1406,20.0,25.27198414197146
82800.0,31,433,20.0,26.445849147729945
82800.0,7,342,20.0,26.575376961025075
82800.0,7,1270,20.0,29.35668986637363
82800.0,45,1496,20.0,25.637515233388402
82800.0,15,1316,20.0,29.573046124628465
82800.0,15,343,20.0,22.90008122432204
82800.0,18,388,20.0,24.432227674967884
82800.0,21,1361,20.0,26.21633503973622
82800.0,8,1315,20.0,26.13175345836765
82800.0,62,614,20.0,34.841771868775844
82800.0,62,1542,20.0,29.697851876765775
82800.0,62,1587,20.0,30.942685397476303
82800.0,5,297,20.0,26.18514358198818
82800.0,53,569,20.0,31.56225611805823
82800.0,0,1225,20.0,32.78949088974959
82800.0,67,298,20.0,22.493033372136807
82800.0,83,1360,20.0,22.876701662723782
82800.0,96,434,20.0,23.16025613515895
82800.0,181,1541,20.0,26.20931325893584
82800.0,152,1405,20.0,21.95223168661469
82800.0,187,570,20.0,28.697974250251356
82800.0,189,253,20.0,23.319373486059224
82800.0,189,1269,20.0,26.420170680376128
82800.0,213,389,20.0,21.128226625401155
82800.0,284,1450,20.0,21.476871698290537
82800.0,314,1586,20.0,27.21194821384183
83100.0,42,1449,20.0,21.204943054813274
83100.0,42,521,20.0,26.40253472786399
83100.0,49,1494,20.0,22.419292549249242
83100.0,49,522,20.0,24.534419587903166
83100.0,49,566,20.0,29.92522355255767
83100.0,34,476,20.0,23.567178658445854
83100.0,34,1404,20.0,21.962906080190237
83100.0,31,431,20.0,21.357464216621402
83100.0,7,340,20.0,23.06003711168995
83100.0,7,1268,20.0,26.56816968882983
83100.0,15,385,20.0,24.134328772970598
83100.0,15,1313,20.0,23.271294412570867
83100.0,18,1358,20.0,20.38039197738925
83100.0,21,386,20.0,20.622808615513286
83100.0,28,1403,20.0,18.61573214158332
83100.0,23,1359,20.0,24.322272047125416
83100.0,23,430,20.0,25.441689188638478
83100.0,62,612,20.0,30.671571667763683
83100.0,62,1540,20.0,28.04393158132418
83100.0,6,295,20.0,23.77171615635316
83100.0,53,1539,20.0,24.364240557170632
83100.0,53,567,20.0,27.706246582411744
83100.0,53,1495,20.0,26.459410032493054
83100.0,76,341,20.0,19.90570286693127
83100.0,64,1267,20.0,25.463035530282546
83100.0,124,1584,20.0,26.271740237644384
83100.0,162,1448,20.0,17.897189901178546
83100.0,170,477,20.0,21.845788811030932
83100.0,133,1312,20.0,22.2240879889134
83100.0,197,296,20.0,20.077999873119573
83100.0,266,1357,20.0,19.456128269470902
83100.0,284,432,20.0,19.634358012242753
83100.0,314,568,20.0,27.45088455664272
83100.0,296,1493,20.0,19.12157551474541
83400.0,42,519,20.0,27.63465519926349
83400.0,42,1447,20.0,27.542564113865975
83400.0,49,1492,20.0,25.5127047589965
83400.0,49,564,20.0,30.701913567670683
83400.0,34,1446,20.0,24.559429830065966
83400.0,34,473,20.0,28.30991393284568
83400.0,34,474,20.0,25.323959920054623
83400.0,31,1401,20.0,26.651567801954265
83400.0,31,429,20.0,22.80590361170255
83400.0,7,338,20.0,22.788993344772905
83400.0,7,1310,20.0,28.966875275470663
83400.0,7,1266,20.0,34.80558788442311
83400.0,15,383,20.0,23.16301589024716
83400.0,15,1311,20.0,31.224585486640557
83400.0,18,1356,20.0,28.31167580863015
83400.0,21,428,20.0,25.86767689173233
83400.0,62,1582,20.0,25.818941210007647
83400.0,62,609,20.0,33.973283988507355
83400.0,62,610,20.0,32.21327602813827
83400.0,6,337,20.0,26.658249784076723
83400.0,32,1402,20.0,29.826728661182937
83400.0,5,293,20.0,24.63334940063212
83400.0,53,1537,20.0,25.28913438581892
83400.0,0,1265,20.0,31.899481350863784
83400.0,0,292,20.0,28.07016323787521
83400.0,118,565,20.0,29.031775617918242
83400.0,106,1491,20.0,22.98766662541775
83400.0,143,1355,20.0,26.36362292173971
83400.0,148,384,20.0,20.453638126257275
83400.0,238,520,20.0,25.911574483236596
83400.0,238,1536,20.0,22.645142292516674
83400.0,266,339,20.0,19.85466739071381
83400.0,277,1400,20.0,24.340351050871835
83400.0,294,475,20.0,23.497150730115454
83700.0,42,1489,20.0,24.39434298447854
83700.0,42,516,20.0,31.156043307140006
83700.0,49,1490,20.0,28.102683344845836
83700.0,49,562,20.0,32.260657886001916
83700.0,49,517,20.0,28.99027415234461
83700.0,34,471,20.0,27.61406928254576
83700.0,34,1444,20.0,24.78677588221378
83700.0,31,1399,20.0,26.308690268432937
83700.0,7,1308,20.0,28.278156807630623
83700.0,7,335,20.0,26.781623175967216
83700.0,15,1353,20.0,25.953057343702458
83700.0,15,380,20.0,28.562679333101375
83700.0,15,381,20.0,24.93352182347031
83700.0,18,1354,20.0,29.07663229624601
83700.0,28,426,20.0,25.997172468018597
83700.0,62,1580,20.0,29.508756435418523
83700.0,62,607,20.0,34.976925837809574
83700.0,5,1263,20.0,31.993436933821773
83700.0,53,1535,20.0,28.800228307060063
83700.0,10,336,20.0,23.5928396100774
83700.0,0,290,20.0,26.494975626021617
83700.0,13,1309,20.0,31.844770711394474
83700.0,101,472,20.0,25.614644234266862
83700.0,114,1534,20.0,25.263171588753266
83700.0,86,1398,20.0,23.56887423549961
83700.0,184,1579,20.0,26.45162897161986
83700.0,131,291,20.0,23.379785785663323
83700.0,246,563,20.0,29.776717401048607
83700.0,222,427,20.0,23.95413538296495
83700.0,218,1443,20.0,22.22182352072145
83700.0,251,608,20.0,33.09591034468202
83700.0,275,382,20.0,22.575910223092247
83700.0,255,1307,20.0,26.699139685434286
83700.0,368,518,20.0,26.531155619221376
84000.0,42,514,20.0,27.28362750318788
84000.0,42,1487,20.0,24.166776142987562
84000.0,49,559,20.0,30.666365856994958
84000.0,49,1532,20.0,23.112444072140537
84000.0,34,469,20.0,25.057043595676973
84000.0,34,1442,20.0,26.240592506959597
84000.0,31,1397,20.0,29.58266031619281
84000.0,7,333,20.0,29.04908111858796
84000.0,7,1306,20.0,32.60905290392665
84000.0,15,378,20.0,28.244645574261085
84000.0,15,1351,20.0,29.325028597310506
84000.0,21,423,20.0,28.158932028622193
84000.0,21,1396,20.0,26.59731196291244
84000.0,28,424,20.0,24.603310066711728
84000.0,62,605,20.0,30.79811237556812
84000.0,62,1578,20.0,26.199909742141866
84000.0,61,1577,20.0,22.903973299601475
84000.0,5,1261,20.0,36.33884175946476
84000.0,53,560,20.0,27.93891214641276
84000.0,55,1533,20.0,26.971155856504488
84000.0,55,604,20.0,34.36491653360788
84000.0,0,288,20.0,30.375207734096296
84000.0,67,1305,20.0,31.62167206971125
84000.0,109,515,20.0,24.921622516338022
84000.0,83,379,20.0,25.070004400210284
84000.0,92,1441,20.0,23.521809375212516
84000.0,63,1260,20.0,34.880764790628106
84000.0,164,1486,20.0,21.629695279212477
84000.0,227,470,20.0,22.619580290479917
84000.0,202,334,20.0,25.914391171160744
84000.0,202,1350,20.0,28.439590397572225
84000.0,298,1531,20.0,20.25760803933418
84000.0,256,289,20.0,27.137756898722742
84000.0,335,1395,20.0,25.192410562119463
84300.0,42,512,20.0,26.812515829413186
84300.0,42,1485,20.0,26.93503520235283
84300.0,42,1484,20.0,23.5180626539526
84300.0,49,557,20.0,29.442213193706074
84300.0,49,1530,20.0,27.322888503024828
84300.0,34,1439,20.0,23.443749716338925
84300.0,34,467,20.0,24.455497261855168
84300.0,31,466,20.0,26.64235955634105
84300.0,7,331,20.0,20.228100055789124
84300.0,7,1303,20.0,24.791090704503233
84300.0,7,1304,20.0,28.08679672997584
84300.0,15,376,20.0,21.618147124093493
84300.0,15,1349,20.0,25.591019819279246
84300.0,18,421,20.0,24.342859837079317
84300.0,21,1394,20.0,24.321580902011977
84300.0,38,1440,20.0,27.38206181362045
84300.0,38,511,20.0,29.725059674739803
84300.0,62,1575,20.0,27.84254704564728
84300.0,62,603,20.0,32.05451068334525
84300.0,62,647,20.0,36.88392921701453
84300.0,61,602,20.0,33.36313071072048
84300.0,5,330,20.0,24.054759161034767
84300.0,12,1348,20.0,22.91883172282804
84300.0,0,1258,20.0,27.9907813594203
84300.0,64,286,20.0,20.22736475604928
84300.0,181,558,20.0,28.636716984199825
84300.0,152,422,20.0,21.75063788260299
84300.0,175,1529,20.0,23.847507114365506
84300.0,145,1393,20.0,21.381980256191344
84300.0,243,1574,20.0,24.624911621430407
84300.0,210,377,20.0,19.778163788201695
84300.0,298,513,20.0,25.913358877695984
84300.0,278,1438,20.0,20.726052890540423
84300.0,328,332,20.0,18.020751494027138
84600.0,42,1482,20.0,22.202662680265377
84600.0,42,509,20.0,22.53731999924167
84600.0,42,510,20.0,20.15131070102686
84600.0,49,555,20.0,23.12664942654376
84600.0,49,1527,20.0,20.90735700586881
84600.0,34,1437,20.0,23.665402592581614
84600.0,34,464,20.0,20.389049042031015
84600.0,7,1301,20.0,27.355866339930667
84600.0,7,328,20.0,24.799150345883852
84600.0,7,373,20.0,23.344468307979923
84600.0,45,554,20.0,25.695929541425915
84600.0,15,1346,20.0,24.710035152005116
84600.0,15,374,20.0,19.597015528633555
84600.0,18,1347,20.0,28.62739788095329
84600.0,18,418,20.0,23.37489444872966
84600.0,21,419,20.0,19.46997344008226
84600.0,21,1391,20.0,22.11829164747355
84600.0,28,1392,20.0,25.622378165802772
84600.0,62,1573,20.0,24.02558360620834
84600.0,62,645,20.0,30.058223619252733
84600.0,62,600,20.0,26.702223485577473
84600.0,53,1528,20.0,24.434350864095112
84600.0,0,1256,20.0,30.99296382551054
84600.0,118,1572,20.0,20.843931604869113
84600.0,63,283,20.0,27.53661966522728
84600.0,152,1436,20.0,20.58071929808182
84600.0,127,1300,20.0,26.627810202918482
84600.0,162,465,20.0,18.118984528102263
84600.0,134,329,20.0,21.073188914402216
84600.0,224,1481,20.0,19.072814361969193
84600.0,189,284,20.0,23.898350659590296
84600.0,250,1617,20.0,20.962779909671255
84600.0,250,601,20.0,24.853109654406094
84600.0,258,1345,20.0,23.831455069542336
84900.0,42,1480,20.0,27.712196815783646
84900.0,42,507,20.0,28.41431471376883
84900.0,42,552,20.0,31.309044238480638
84900.0,49,1525,20.0,25.813741686744148
84900.0,34,1435,20.0,30.443850669500648
84900.0,34,462,20.0,26.555991751520146
84900.0,31,1434,20.0,27.61038025995906
84900.0,7,1299,20.0,35.59746893316387
84900.0,7,326,20.0,28.58927649147998
84900.0,7,371,20.0,28.200791423980323
84900.0,15,1344,20.0,32.24361946656926
84900.0,15,416,20.0,28.399072183768393
84900.0,18,1389,20.0,30.09674517595873
84900.0,28,461,20.0,29.63580169019997
84900.0,23,417,20.0,25.422637836657987
84900.0,62,1571,20.0,28.009728632425666
84900.0,62,598,20.0,30.84343375021379
84900.0,53,643,20.0,33.55773057032842
84900.0,53,1570,20.0,25.15436908179659
84900.0,0,1298,20.0,32.88254217834509
84900.0,0,325,20.0,32.34583306138229
84900.0,0,1254,20.0,39.24919338032969
84900.0,101,1479,20.0,25.247316448628165
84900.0,114,553,20.0,28.12145944823686
84900.0,124,1615,20.0,26.018191339136546
84900.0,125,689,20.0,34.08881628762879
84900.0,63,281,20.0,29.75075539401509
84900.0,143,372,20.0,25.103203729795677
84900.0,134,1343,20.0,29.595797316667483
84900.0,235,508,20.0,25.607123203414083
84900.0,235,1524,20.0,23.395057675554565
84900.0,205,1388,20.0,27.204229465151492
84900.0,263,327,20.0,25.129465797225727
84900.0,368,1569,20.0,22.03817721253941
85200.0,42,1478,20.0,23.791701725192922
85200.0,42,551,20.0,21.69466944278816
85200.0,42,595,20.0,27.099030382343365
85200.0,49,1523,20.0,24.36024829911831
85200.0,49,596,20.0,24.1339425182454
85200.0,34,550,20.0,23.895673981529946
85200.0,34,1477,20.0,20.277400425362547
85200.0,34,1432,20.0,21.40817921010135
85200.0,31,505,20.0,22.466474481974792
85200.0,7,368,20.0,24.61999016490926
85200.0,7,1341,20.0,23.232196775254536
85200.0,45,1522,20.0,21.235441474164183
85200.0,15,1342,20.0,25.43764791421487
85200.0,15,369,20.0,21.096293956046857
85200.0,18,414,20.0,20.702321451628315
85200.0,18,1387,20.0,23.00741987332266
85200.0,62,686,20.0,30.366969571381837
85200.0,62,1613,20.0,26.86815099631838
85200.0,6,1296,20.0,26.600244737155407
85200.0,61,1568,20.0,25.88007473043297
85200.0,5,324,20.0,22.079941381124545
85200.0,53,641,20.0,26.863426565247416
85200.0,0,323,20.0,25.133193157621672
85200.0,80,1386,20.0,20.43514720597675
85200.0,96,460,20.0,20.063521760721216
85200.0,184,642,20.0,25.423393776831734
85200.0,177,1567,20.0,22.34416187601025
85200.0,241,597,20.0,22.718741884759652
85200.0,189,279,20.0,23.68241204768622
85200.0,213,1431,20.0,18.788550629793004
85200.0,213,415,20.0,18.65791247621117
85200.0,284,1476,20.0,17.93763812048929
85200.0,310,1612,20.0,23.433054226550112
85200.0,252,1295,20.0,25.9194672097495
85500.0,42,593,20.0,28.928332348801163
85500.0,42,1520,20.0,23.866826444180955
85500.0,42,1475,20.0,25.9497077863444
85500.0,49,594,20.0,26.234538528181325
85500.0,49,638,20.0,32.02021092600782
85500.0,49,1521,20.0,27.632243341864108
85500.0,34,548,20.0,26.75064153612698
85500.0,34,1430,20.0,28.469910538354963
85500.0,31,503,20.0,25.635285038681502
85500.0,7,412,20.0,27.56337905570022
85500.0,7,1339,20.0,30.51900292055021
85500.0,7,1294,20.0,33.92754169774272
85500.0,15,457,20.0,28.02302957661608
85500.0,15,1384,20.0,27.973326451339908
85500.0,18,458,20.0,24.99580761420409
85500.0,21,1385,20.0,31.086792808264335
85500.0,23,502,20.0,29.26328751375904
85500.0,62,684,20.0,31.698158234237383
85500.0,62,1611,20.0,28.360382785722344
85500.0,61,1566,20.0,27.534938821784237
85500.0,53,639,20.0,28.73936997828912
85500.0,53,1565,20.0,23.85520236541735
85500.0,0,367,20.0,27.551211397693518
85500.0,24,1429,20.0,25.55863143014864
85500.0,75,413,20.0,24.77391924705586
85500.0,124,1610,20.0,24.96231373694999
85500.0,63,1293,20.0,32.03142543360752
85500.0,160,1474,20.0,22.939824772361757
85500.0,164,549,20.0,24.28764870268913
85500.0,197,1338,20.0,28.817946421019332
85500.0,222,504,20.0,22.852764884710815
85500.0,196,322,20.0,24.76474460146809
85500.0,314,640,20.0,27.38197864630586
85500.0,294,1519,20.0,20.876495620942535
85800.0,42,591,20.0,26.235005142894142
85800.0,42,1473,20.0,24.31998624012379
85800.0,42,1518,20.0,23.709455573020325
85800.0,49,636,20.0,29.11490139289956
85800.0,34,546,20.0,24.911582213058836
85800.0,34,1472,20.0,21.181960041601574
85800.0,31,545,20.0,28.12003050802982
85800.0,31,1428,20.0,25.942577243115274
85800.0,7,410,20.0,23.83838689116108
85800.0,7,1336,20.0,26.06855138865745
85800.0,15,455,20.0,24.604769582066986
85800.0,15,1382,20.0,25.463630678221456
85800.0,15,1337,20.0,28.272818997160385
85800.0,21,500,20.0,26.481286725048463
85800.0,28,1427,20.0,22.52342595691944
85800.0,28,501,20.0,23.586278305413146
85800.0,62,1654,20.0,23.938067553652267
85800.0,62,682,20.0,29.818782155602758
85800.0,6,1292,20.0,31.63779699622506
85800.0,61,681,20.0,32.16264735304232
85800.0,53,1609,20.0,23.258598116893822
85800.0,0,1291,20.0,29.04435319823494
85800.0,0,365,20.0,24.917103749233522
85800.0,3,409,20.0,27.962457314412443
85800.0,118,637,20.0,27.167241494196215
85800.0,105,1563,20.0,20.718155996210797
85800.0,175,592,20.0,24.574894074977973
85800.0,148,456,20.0,22.01700298181201
85800.0,138,1381,20.0,23.37800459786667
85800.0,238,1608,20.0,20.755836530385213
85800.0,266,411,20.0,21.039214838413375
85800.0,275,1426,20.0,20.679071659980544
85800.0,294,547,20.0,22.96989547701596
85800.0,371,1653,20.0,21.095908127094557
86100.0,42,1561,20.0,19.85497286286153
86100.0,42,589,20.0,24.08978489590963
86100.0,42,588,20.0,27.19517389809136
86100.0,49,634,20.0,27.32236369023262
86100.0,49,1562,20.0,23.63912727535987
86100.0,34,1516,20.0,21.124274365275156
86100.0,34,543,20.0,23.51109086765106
86100.0,31,1471,20.0,23.994257930358525
86100.0,7,1334,20.0,25.369697466214
86100.0,7,407,20.0,24.33660450017435
86100.0,15,453,20.0,21.103839809896645
86100.0,15,1425,20.0,22.96645452406154
86100.0,18,1380,20.0,26.454705268538618
86100.0,21,498,20.0,22.181081516363136
86100.0,8,408,20.0,20.971731335271667
86100.0,62,1652,20.0,23.930980291855725
86100.0,62,679,20.0,30.59709629811418
86100.0,53,1607,20.0,22.931292202801625
86100.0,10,452,20.0,25.04875426298257
86100.0,11,1335,20.0,29.54973746213784
86100.0,0,1289,20.0,28.634822127424968
86100.0,0,362,20.0,24.977776540116192
86100.0,101,544,20.0,20.73817350932384
86100.0,114,1606,20.0,19.710255269232178
86100.0,86,1470,20.0,20.473587527213564
86100.0,127,363,20.0,21.564741095985184
86100.0,155,499,20.0,19.351434522937492
86100.0,188,680,20.0,28.737527320433664
86100.0,246,1651,20.0,20.727891807986957
86100.0,246,635,20.0,25.314063070452708
86100.0,218,1515,20.0,18.017849820917814
86100.0,275,454,20.0,18.346422221248776
86100.0,255,1379,20.0,24.47385451581542
86100.0,365,590,20.0,21.90682176479338
