ground_index,latitude_deg,longitude_deg,minimum_visible_satellites,mean_visible_satellites,maximum_visible_satellites,mean_minimum_slant_distance_km
0,4.0,73.0,2,2.388888888888889,4,614.9276306299594
1,4.0,74.0,2,2.4131944444444446,4,615.1577606904498
2,4.0,75.0,2,2.4097222222222223,4,615.0486779690734
3,4.0,76.0,2,2.4097222222222223,4,614.8446311946022
4,4.0,77.0,2,2.40625,4,614.8091558126434
5,4.0,78.0,2,2.40625,4,615.0963953250829
6,4.0,79.0,2,2.3993055555555554,4,615.3748578179052
7,4.0,80.0,1,2.4097222222222223,4,615.0854501376848
8,4.0,81.0,2,2.423611111111111,4,614.8171387897165
9,4.0,82.0,2,2.420138888888889,4,614.947543378815
10,4.0,83.0,2,2.4131944444444446,4,615.132533781976
11,4.0,84.0,2,2.4166666666666665,4,615.239329948568
12,4.0,85.0,2,2.3958333333333335,4,615.3148823419502
13,4.0,86.0,2,2.4131944444444446,4,615.2549520496009
14,4.0,87.0,2,2.423611111111111,4,615.1031148444372
15,4.0,88.0,1,2.4027777777777777,4,614.7922142895137
16,4.0,89.0,2,2.4097222222222223,4,614.7168118819269
17,4.0,90.0,2,2.392361111111111,4,615.0653363045038
18,4.0,91.0,2,2.3993055555555554,4,615.0797851406567
19,4.0,92.0,2,2.4270833333333335,4,614.9259951319531
20,4.0,93.0,2,2.4270833333333335,4,615.0036995190036
21,4.0,94.0,2,2.420138888888889,4,614.9345373870104
22,4.0,95.0,2,2.40625,4,614.7594047763246
23,4.0,96.0,2,2.4131944444444446,4,614.6274722429393
24,4.0,97.0,2,2.4027777777777777,4,614.6621005915035
25,4.0,98.0,2,2.4166666666666665,4,615.0239064097431
26,4.0,99.0,2,2.4166666666666665,4,614.8400666519791
27,4.0,100.0,2,2.420138888888889,4,614.4687575422629
28,4.0,101.0,2,2.4131944444444446,4,614.7095650338812
29,4.0,102.0,2,2.4131944444444446,4,615.0651638051647
30,4.0,103.0,2,2.4097222222222223,4,615.1663799161709
31,4.0,104.0,2,2.4097222222222223,4,615.0344779011562
32,4.0,105.0,2,2.423611111111111,4,614.8138128554253
33,4.0,106.0,2,2.423611111111111,4,615.0198386060179
34,4.0,107.0,2,2.4131944444444446,4,614.8882413362105
35,4.0,108.0,2,2.4027777777777777,4,614.7523922698825
36,4.0,109.0,2,2.4097222222222223,4,615.1445359944757
37,4.0,110.0,2,2.4097222222222223,4,615.3101323076344
38,4.0,111.0,2,2.423611111111111,4,615.2075144370347
39,4.0,112.0,2,2.4340277777777777,4,615.282985994869
40,4.0,113.0,2,2.420138888888889,4,615.1425664794489
41,4.0,114.0,2,2.3993055555555554,4,615.1884809695464
42,4.0,115.0,2,2.420138888888889,4,615.0827746836035
43,4.0,116.0,2,2.40625,4,614.8576757138429
44,4.0,117.0,2,2.4097222222222223,4,615.1798399321393
45,4.0,118.0,2,2.4166666666666665,4,615.1896150954992
46,4.0,119.0,2,2.420138888888889,4,614.8080635463926
47,4.0,120.0,2,2.4027777777777777,4,614.9516606620213
48,4.0,121.0,2,2.4131944444444446,4,615.1421024334963
49,4.0,122.0,2,2.4027777777777777,4,615.2444346973502
50,4.0,123.0,2,2.4270833333333335,4,614.9941628750154
51,4.0,124.0,2,2.4409722222222223,4,614.5853568783293
52,4.0,125.0,2,2.40625,4,614.9143877377777
53,4.0,126.0,2,2.3958333333333335,4,614.9185694537456
54,4.0,127.0,2,2.40625,4,614.593339699196
55,4.0,128.0,2,2.4027777777777777,4,614.6646642053995
56,4.0,129.0,2,2.4097222222222223,4,614.8287900709493
57,4.0,130.0,2,2.420138888888889,4,614.9053144075154
58,4.0,131.0,2,2.4166666666666665,4,614.9122592445345
59,4.0,132.0,2,2.4166666666666665,4,614.682974377984
60,4.0,133.0,2,2.4097222222222223,4,614.9706253020605
61,4.0,134.0,2,2.4027777777777777,4,614.9218193053583
62,4.0,135.0,2,2.4166666666666665,4,614.643789803675
63,5.0,73.0,2,2.4097222222222223,4,609.715971445899
64,5.0,74.0,2,2.4131944444444446,4,610.0700210106987
65,5.0,75.0,2,2.4340277777777777,4,610.1856011923464
66,5.0,76.0,2,2.4166666666666665,4,610.0503229186836
67,5.0,77.0,2,2.4097222222222223,4,610.1739676851053
68,5.0,78.0,2,2.4131944444444446,4,610.2042689118904
69,5.0,79.0,2,2.3958333333333335,4,610.1058073082417
70,5.0,80.0,2,2.420138888888889,4,610.1424524807676
71,5.0,81.0,2,2.4305555555555554,4,610.0445796363645
72,5.0,82.0,2,2.4166666666666665,4,609.8841739854001
73,5.0,83.0,2,2.420138888888889,4,610.116051114625
74,5.0,84.0,2,2.4131944444444446,4,610.3142872721005
75,5.0,85.0,2,2.4097222222222223,4,610.1537069925848
76,5.0,86.0,2,2.4305555555555554,4,610.020725289519
77,5.0,87.0,2,2.4375,4,610.0146041397296
78,5.0,88.0,2,2.4027777777777777,4,609.841048678787
79,5.0,89.0,2,2.4027777777777777,4,609.9296433410649
80,5.0,90.0,2,2.4270833333333335,4,610.0949146408221
81,5.0,91.0,2,2.40625,4,609.9897313983319
82,5.0,92.0,2,2.4131944444444446,4,610.0978478126158
83,5.0,93.0,2,2.4166666666666665,4,610.3886331190974
84,5.0,94.0,2,2.420138888888889,4,610.2260277525099
85,5.0,95.0,2,2.4409722222222223,4,609.9471851579394
86,5.0,96.0,2,2.420138888888889,4,609.8845329542584
87,5.0,97.0,2,2.4027777777777777,4,609.7622887880576
88,5.0,98.0,2,2.423611111111111,4,609.8739344918301
89,5.0,99.0,2,2.423611111111111,4,609.9780250179425
90,5.0,100.0,2,2.4097222222222223,4,609.878673101884
91,5.0,101.0,2,2.4027777777777777,4,609.8217696824402
92,5.0,102.0,2,2.40625,4,610.1500340265427
93,5.0,103.0,2,2.420138888888889,4,610.3655615933608
94,5.0,104.0,2,2.420138888888889,4,610.1106719638171
95,5.0,105.0,2,2.4166666666666665,4,610.1272833497402
96,5.0,106.0,2,2.4270833333333335,4,610.0732907458041
97,5.0,107.0,2,2.4340277777777777,4,609.9141973070421
98,5.0,108.0,2,2.4270833333333335,4,609.9755782239613
99,5.0,109.0,2,2.423611111111111,4,609.9893167349279
100,5.0,110.0,2,2.4270833333333335,4,609.8944488037971
101,5.0,111.0,2,2.40625,4,610.2386580881504
102,5.0,112.0,2,2.40625,4,610.5004151968309
103,5.0,113.0,2,2.4027777777777777,4,610.1398900459951
104,5.0,114.0,2,2.423611111111111,4,609.9195981631445
105,5.0,115.0,2,2.4305555555555554,4,609.9347283550744
106,5.0,116.0,2,2.4166666666666665,4,609.8779912379337
107,5.0,117.0,2,2.420138888888889,4,610.1486477751295
108,5.0,118.0,2,2.4340277777777777,4,610.3173623828066
109,5.0,119.0,2,2.4305555555555554,4,610.0639444724823
110,5.0,120.0,2,2.4166666666666665,4,610.0233416600846
111,5.0,121.0,2,2.4270833333333335,4,610.3468846609949
112,5.0,122.0,2,2.4166666666666665,4,610.1014699227342
113,5.0,123.0,2,2.392361111111111,4,609.9389067978206
114,5.0,124.0,2,2.4097222222222223,4,609.9742770359794
115,5.0,125.0,2,2.40625,4,609.8328702076105
116,5.0,126.0,2,2.4375,4,609.8120029600075
117,5.0,127.0,2,2.423611111111111,4,609.9777700008785
118,5.0,128.0,2,2.4166666666666665,4,609.8432557784038
119,5.0,129.0,2,2.4409722222222223,4,609.9511167086009
120,5.0,130.0,2,2.4305555555555554,4,610.350181107709
121,5.0,131.0,2,2.4027777777777777,4,610.2817651987509
122,5.0,132.0,2,2.420138888888889,4,609.9726417553311
123,5.0,133.0,2,2.4131944444444446,4,609.9559227580003
124,5.0,134.0,2,2.4131944444444446,4,609.8531235925316
125,5.0,135.0,2,2.4131944444444446,4,609.8469322591587
126,6.0,73.0,2,2.4166666666666665,4,610.948524543229
127,6.0,74.0,2,2.4305555555555554,4,610.7449519435407
128,6.0,75.0,2,2.4097222222222223,4,610.7122447197407
129,6.0,76.0,2,2.4166666666666665,4,610.9403360185865
130,6.0,77.0,2,2.420138888888889,4,610.8310800853371
131,6.0,78.0,2,2.4131944444444446,4,610.5953346664346
132,6.0,79.0,2,2.4409722222222223,4,610.4896419943597
133,6.0,80.0,2,2.4305555555555554,4,610.4891592515286
134,6.0,81.0,2,2.4340277777777777,4,610.5340287309132
135,6.0,82.0,2,2.4131944444444446,4,610.5633509394801
136,6.0,83.0,2,2.40625,4,610.4617854034673
137,6.0,84.0,2,2.4305555555555554,4,610.5471303569453
138,6.0,85.0,2,2.4340277777777777,4,610.8876117438534
139,6.0,86.0,2,2.420138888888889,4,610.9422582615792
140,6.0,87.0,2,2.4340277777777777,4,610.7052778154347
141,6.0,88.0,2,2.4097222222222223,4,610.5698344894897
142,6.0,89.0,2,2.4270833333333335,4,610.4978276782813
143,6.0,90.0,2,2.4131944444444446,4,610.506496489494
144,6.0,91.0,2,2.420138888888889,4,610.7419543692251
145,6.0,92.0,2,2.4340277777777777,4,610.8190970907199
146,6.0,93.0,2,2.4340277777777777,4,610.6566725018331
147,6.0,94.0,2,2.3958333333333335,4,610.7801913731998
148,6.0,95.0,2,2.3993055555555554,4,610.8291935450854
149,6.0,96.0,2,2.4131944444444446,4,610.7688162103202
150,6.0,97.0,2,2.4340277777777777,4,610.7126776983681
151,6.0,98.0,2,2.4409722222222223,4,610.6964433178501
152,6.0,99.0,2,2.4270833333333335,4,610.7622680031006
153,6.0,100.0,2,2.420138888888889,4,610.9758645650865
154,6.0,101.0,2,2.4409722222222223,4,610.9684271909987
155,6.0,102.0,2,2.4340277777777777,4,610.7590301533644
156,6.0,103.0,2,2.451388888888889,4,610.8000359251105
157,6.0,104.0,2,2.4305555555555554,4,610.8168128955401
158,6.0,105.0,2,2.40625,4,610.7211904227521
159,6.0,106.0,2,2.40625,4,610.4837318136103
160,6.0,107.0,2,2.4097222222222223,4,610.428202830353
161,6.0,108.0,2,2.4166666666666665,4,610.4444220767016
162,6.0,109.0,2,2.4340277777777777,4,610.5453898573951
163,6.0,110.0,2,2.4375,4,610.8654550717957
164,6.0,111.0,2,2.4375,4,610.8836250611187
165,6.0,112.0,2,2.4305555555555554,4,610.7816760585162
166,6.0,113.0,2,2.4479166666666665,4,610.7370308144627
167,6.0,114.0,2,2.4375,4,610.6394233665974
168,6.0,115.0,2,2.4340277777777777,4,610.523909858699
169,6.0,116.0,2,2.4340277777777777,4,610.4906808806741
170,6.0,117.0,2,2.4131944444444446,4,610.4002483816917
171,6.0,118.0,2,2.388888888888889,4,610.4411235084349
172,6.0,119.0,2,2.40625,4,610.7023335029262
173,6.0,120.0,2,2.4340277777777777,4,610.8062483186193
174,6.0,121.0,2,2.4479166666666665,4,610.7018929740524
175,6.0,122.0,2,2.4444444444444446,4,610.7716550245316
176,6.0,123.0,2,2.4479166666666665,4,610.8622430605827
177,6.0,124.0,2,2.423611111111111,4,610.9311276726243
178,6.0,125.0,2,2.423611111111111,4,610.8010072430393
179,6.0,126.0,2,2.4375,4,610.6938446947674
180,6.0,127.0,2,2.4375,4,610.5647803826969
181,6.0,128.0,2,2.420138888888889,4,610.7961426565253
182,6.0,129.0,2,2.3993055555555554,4,610.9974071969954
183,6.0,130.0,2,2.4131944444444446,4,610.9285940538541
184,6.0,131.0,2,2.4131944444444446,4,610.6487003456803
185,6.0,132.0,2,2.4340277777777777,4,610.61409609218
186,6.0,133.0,2,2.4444444444444446,4,610.5487291058087
187,6.0,134.0,2,2.4270833333333335,4,610.6141724399
188,6.0,135.0,2,2.4375,4,610.7195659883076
189,7.0,73.0,2,2.4409722222222223,4,614.3347238222775
190,7.0,74.0,2,2.4305555555555554,4,613.8503831808313
191,7.0,75.0,2,2.4270833333333335,4,613.9545168581483
192,7.0,76.0,2,2.4305555555555554,4,614.1063091733522
193,7.0,77.0,2,2.423611111111111,4,614.2750442475849
194,7.0,78.0,2,2.4305555555555554,4,614.081265774398
195,7.0,79.0,2,2.4340277777777777,4,613.6442203842043
196,7.0,80.0,2,2.4375,4,613.9852824578975
197,7.0,81.0,2,2.423611111111111,4,613.9208355532795
198,7.0,82.0,2,2.4305555555555554,4,613.5408167266827
199,7.0,83.0,2,2.4340277777777777,4,613.725452487452
200,7.0,84.0,2,2.420138888888889,4,613.9050747837355
201,7.0,85.0,2,2.451388888888889,4,614.0096466334352
202,7.0,86.0,2,2.4409722222222223,4,613.9327184764084
203,7.0,87.0,2,2.4340277777777777,4,613.6955528033302
204,7.0,88.0,2,2.4270833333333335,4,614.0017243684889
205,7.0,89.0,2,2.3993055555555554,4,613.9688709028454
206,7.0,90.0,2,2.4479166666666665,4,613.7497403657471
207,7.0,91.0,2,2.4375,4,614.0676483538612
208,7.0,92.0,2,2.4444444444444446,4,614.2733396959753
209,7.0,93.0,2,2.4375,4,614.1855509226111
210,7.0,94.0,2,2.4166666666666665,4,614.0815809952031
211,7.0,95.0,2,2.4444444444444446,4,614.0044240296801
212,7.0,96.0,2,2.4409722222222223,4,614.3740561697878
213,7.0,97.0,2,2.454861111111111,4,614.2485025889447
214,7.0,98.0,2,2.4409722222222223,4,613.94070539446
215,7.0,99.0,2,2.4340277777777777,4,614.2133112049011
216,7.0,100.0,2,2.3958333333333335,4,614.3947590026481
217,7.0,101.0,2,2.4166666666666665,4,614.1178855924163
218,7.0,102.0,2,2.420138888888889,4,613.9271579410984
219,7.0,103.0,2,2.4409722222222223,4,613.9976463821631
220,7.0,104.0,2,2.4618055555555554,4,614.3063115224512
221,7.0,105.0,2,2.4270833333333335,4,614.2067711067907
222,7.0,106.0,2,2.4305555555555554,4,613.8758039944862
223,7.0,107.0,2,2.4409722222222223,4,613.8469539711402
224,7.0,108.0,2,2.451388888888889,4,613.9019446904266
225,7.0,109.0,2,2.454861111111111,4,613.7235639241665
226,7.0,110.0,2,2.4375,4,613.7830278648039
227,7.0,111.0,2,2.40625,4,613.9034146739386
228,7.0,112.0,2,2.3958333333333335,4,613.9778342868484
229,7.0,113.0,2,2.4131944444444446,4,613.7228272482084
230,7.0,114.0,2,2.423611111111111,4,613.5077505619504
231,7.0,115.0,2,2.4583333333333335,4,613.7416501519109
232,7.0,116.0,2,2.4444444444444446,4,613.958485884216
233,7.0,117.0,2,2.4375,4,613.7432634920887
234,7.0,118.0,2,2.423611111111111,4,613.8894551647775
235,7.0,119.0,2,2.4340277777777777,4,614.1532708202006
236,7.0,120.0,2,2.4479166666666665,4,614.2001556162645
237,7.0,121.0,2,2.454861111111111,4,613.9108378310027
238,7.0,122.0,2,2.4305555555555554,4,613.8061289199719
239,7.0,123.0,2,2.420138888888889,4,614.1003290586625
240,7.0,124.0,2,2.3993055555555554,4,614.2960358878022
241,7.0,125.0,2,2.4097222222222223,4,614.0975857179278
242,7.0,126.0,2,2.4409722222222223,4,613.9338472728973
243,7.0,127.0,2,2.451388888888889,4,614.1103030223552
244,7.0,128.0,2,2.4583333333333335,4,614.2554169413495
245,7.0,129.0,2,2.4375,4,614.1701309839814
246,7.0,130.0,2,2.4131944444444446,4,614.2108347782997
247,7.0,131.0,2,2.423611111111111,4,614.3062662581267
248,7.0,132.0,2,2.4375,4,614.2138617786654
249,7.0,133.0,2,2.451388888888889,4,613.8879270223698
250,7.0,134.0,2,2.423611111111111,4,613.792352622516
251,7.0,135.0,2,2.420138888888889,4,614.1118693599448
252,8.0,73.0,2,2.4652777777777777,4,609.2389687237684
253,8.0,74.0,2,2.4444444444444446,4,609.226925211759
254,8.0,75.0,2,2.423611111111111,4,609.3687110443778
255,8.0,76.0,2,2.4479166666666665,4,609.6947337661161
256,8.0,77.0,2,2.4583333333333335,4,609.9072793187412
257,8.0,78.0,2,2.4479166666666665,4,609.5646775992637
258,8.0,79.0,2,2.4340277777777777,4,609.1483162525151
259,8.0,80.0,2,2.423611111111111,4,609.2641900252735
260,8.0,81.0,2,2.4479166666666665,4,609.4203557338387
261,8.0,82.0,2,2.454861111111111,4,609.3100068671873
262,8.0,83.0,2,2.4340277777777777,4,609.3219169595229
263,8.0,84.0,2,2.4409722222222223,4,609.4241020574524
264,8.0,85.0,2,2.454861111111111,4,609.2551678508751
265,8.0,86.0,2,2.4479166666666665,4,609.1891740947337
266,8.0,87.0,2,2.4340277777777777,4,609.3424155348122
267,8.0,88.0,2,2.451388888888889,4,609.391700069058
268,8.0,89.0,2,2.4375,4,609.5019333493237
269,8.0,90.0,2,2.4479166666666665,4,609.5370566242298
270,8.0,91.0,2,2.4618055555555554,4,609.5159803853193
271,8.0,92.0,2,2.4479166666666665,4,609.6577041849304
272,8.0,93.0,2,2.454861111111111,4,609.6525428070395
273,8.0,94.0,2,2.4305555555555554,4,609.4441777214101
274,8.0,95.0,2,2.420138888888889,4,609.4547957635695
275,8.0,96.0,2,2.454861111111111,4,609.6424096562934
276,8.0,97.0,2,2.4444444444444446,4,609.6448444287512
277,8.0,98.0,2,2.4479166666666665,4,609.6599667119804
278,8.0,99.0,2,2.4409722222222223,4,609.884131891297
279,8.0,100.0,2,2.4375,4,609.9180944643418
280,8.0,101.0,2,2.4444444444444446,4,609.5787779518919
281,8.0,102.0,2,2.4479166666666665,4,609.2942979071587
282,8.0,103.0,2,2.4791666666666665,4,609.2513693672402
283,8.0,104.0,2,2.451388888888889,4,609.5535706235493
284,8.0,105.0,2,2.4375,4,609.8392110571056
285,8.0,106.0,2,2.420138888888889,4,609.7657298836776
286,8.0,107.0,2,2.420138888888889,4,609.4784115138527
287,8.0,108.0,2,2.4166666666666665,4,609.2018064408886
288,8.0,109.0,2,2.4652777777777777,4,609.0756377250661
289,8.0,110.0,2,2.451388888888889,4,609.1157167750486
290,8.0,111.0,2,2.4375,4,609.5278640879405
291,8.0,112.0,2,2.4305555555555554,4,609.6660255028985
292,8.0,113.0,2,2.4444444444444446,4,609.4023567739719
293,8.0,114.0,2,2.4583333333333335,4,609.1041430944056
294,8.0,115.0,2,2.4722222222222223,4,609.1545724009984
295,8.0,116.0,2,2.4409722222222223,4,609.2089455480324
296,8.0,117.0,2,2.420138888888889,4,609.3895175897281
297,8.0,118.0,2,2.4166666666666665,4,609.671621896285
298,8.0,119.0,2,2.4166666666666665,4,609.7884264069983
299,8.0,120.0,2,2.4479166666666665,4,609.6219054769712
300,8.0,121.0,2,2.4583333333333335,4,609.2236237927114
301,8.0,122.0,2,2.4444444444444446,4,609.1365245165479
302,8.0,123.0,2,2.4409722222222223,4,609.435160532797
303,8.0,124.0,2,2.4305555555555554,4,609.9169181508245
304,8.0,125.0,2,2.4444444444444446,4,609.9287574500312
305,8.0,126.0,2,2.4479166666666665,4,609.6374919992727
306,8.0,127.0,2,2.4583333333333335,4,609.6149106152162
307,8.0,128.0,2,2.4375,4,609.5320560611847
308,8.0,129.0,2,2.4166666666666665,4,609.5036800963845
309,8.0,130.0,2,2.4131944444444446,4,609.5896948955565
310,8.0,131.0,2,2.4375,4,609.6534107033731
311,8.0,132.0,2,2.4479166666666665,4,609.6169600493608
312,8.0,133.0,2,2.482638888888889,5,609.6141836231444
313,8.0,134.0,2,2.4583333333333335,4,609.6070284292499
314,8.0,135.0,2,2.4270833333333335,4,609.5242023491468
315,9.0,73.0,2,2.4340277777777777,4,607.1364077587026
316,9.0,74.0,2,2.4409722222222223,4,606.992623598514
317,9.0,75.0,2,2.46875,4,607.0344281635973
318,9.0,76.0,2,2.4409722222222223,4,606.9494236029764
319,9.0,77.0,2,2.4409722222222223,4,607.3252057596976
320,9.0,78.0,2,2.4479166666666665,4,607.4516334968864
321,9.0,79.0,2,2.4618055555555554,4,607.4104437376002
322,9.0,80.0,2,2.451388888888889,4,607.1602453932898
323,9.0,81.0,2,2.451388888888889,4,606.9747403517853
324,9.0,82.0,2,2.4375,4,606.8256252483822
325,9.0,83.0,2,2.451388888888889,4,607.1790600193785
326,9.0,84.0,2,2.4618055555555554,4,607.2264008954218
327,9.0,85.0,2,2.4340277777777777,4,607.2960350653548
328,9.0,86.0,2,2.4479166666666665,4,607.2490335485659
329,9.0,87.0,2,2.46875,4,607.0193114107784
330,9.0,88.0,2,2.451388888888889,4,606.7259101027481
331,9.0,89.0,2,2.4305555555555554,4,607.0266635019732
332,9.0,90.0,2,2.454861111111111,4,607.4218172685893
333,9.0,91.0,2,2.4583333333333335,4,607.5724176481975
334,9.0,92.0,2,2.4583333333333335,4,607.4165510507371
335,9.0,93.0,2,2.4479166666666665,4,607.1210829426742
336,9.0,94.0,2,2.454861111111111,4,606.8552269757154
337,9.0,95.0,2,2.4444444444444446,4,606.9474283543018
338,9.0,96.0,2,2.4305555555555554,4,607.1269217790592
339,9.0,97.0,2,2.4444444444444446,4,607.4921296272017
340,9.0,98.0,2,2.4722222222222223,4,607.6448197448726
341,9.0,99.0,2,2.482638888888889,4,607.513807231107
342,9.0,100.0,2,2.4479166666666665,4,607.0234674065538
343,9.0,101.0,2,2.4340277777777777,4,606.8428895077221
344,9.0,102.0,2,2.4479166666666665,4,606.9813912413753
345,9.0,103.0,2,2.46875,4,607.0707256970935
346,9.0,104.0,2,2.454861111111111,4,607.3096931109692
347,9.0,105.0,2,2.4444444444444446,4,607.4890299037629
348,9.0,106.0,2,2.451388888888889,4,607.4367366624847
349,9.0,107.0,2,2.4583333333333335,4,607.0931963784335
350,9.0,108.0,2,2.4375,4,607.0590489067514
351,9.0,109.0,2,2.4618055555555554,4,606.9946741547526
352,9.0,110.0,2,2.4756944444444446,5,607.172477237807
353,9.0,111.0,2,2.4756944444444446,5,607.1592455220243
354,9.0,112.0,2,2.4479166666666665,4,607.0630322152832
355,9.0,113.0,2,2.4583333333333335,4,607.0519495569263
356,9.0,114.0,2,2.4652777777777777,4,607.0751728941407
357,9.0,115.0,2,2.4479166666666665,4,607.0032703684888
358,9.0,116.0,2,2.454861111111111,4,607.1721567436533
359,9.0,117.0,2,2.454861111111111,4,607.2261467451616
360,9.0,118.0,2,2.4618055555555554,4,607.4441887482933
361,9.0,119.0,2,2.454861111111111,4,607.3309550137024
362,9.0,120.0,2,2.4444444444444446,4,607.306520427245
363,9.0,121.0,2,2.4618055555555554,4,607.0905099364611
364,9.0,122.0,2,2.4722222222222223,4,606.9310597035465
365,9.0,123.0,2,2.454861111111111,4,606.8394599643293
366,9.0,124.0,2,2.4479166666666665,4,607.1231948187319
367,9.0,125.0,2,2.4722222222222223,4,607.3703633309655
368,9.0,126.0,2,2.482638888888889,5,607.5036128316366
369,9.0,127.0,2,2.4652777777777777,4,607.3712280052913
370,9.0,128.0,2,2.4409722222222223,4,607.1237055250461
371,9.0,129.0,2,2.454861111111111,4,606.9889094779447
372,9.0,130.0,2,2.4444444444444446,4,607.0433750535217
373,9.0,131.0,2,2.4479166666666665,4,607.0692784954789
374,9.0,132.0,2,2.4652777777777777,4,607.4521516533899
375,9.0,133.0,2,2.46875,4,607.5299033058774
376,9.0,134.0,2,2.4479166666666665,4,607.343700762079
377,9.0,135.0,2,2.4375,4,606.9942064217784
378,10.0,73.0,2,2.454861111111111,4,619.8075021407097
379,10.0,74.0,2,2.454861111111111,4,619.4329190929562
380,10.0,75.0,2,2.4791666666666665,4,619.5170293917637
381,10.0,76.0,2,2.46875,4,619.7621778784095
382,10.0,77.0,2,2.486111111111111,4,619.9212397871454
383,10.0,78.0,2,2.4652777777777777,4,620.1338298016875
384,10.0,79.0,2,2.4375,4,620.2915390051028
385,10.0,80.0,2,2.4444444444444446,4,619.8884534810544
386,10.0,81.0,2,2.4791666666666665,4,619.6578965700393
387,10.0,82.0,2,2.482638888888889,4,619.8335925494937
388,10.0,83.0,2,2.4722222222222223,4,619.8954484671431
389,10.0,84.0,2,2.4479166666666665,4,619.7752162832873
390,10.0,85.0,2,2.4479166666666665,4,620.0690792797
391,10.0,86.0,2,2.4756944444444446,4,620.2168973166804
392,10.0,87.0,2,2.4652777777777777,4,619.7770361440621
393,10.0,88.0,2,2.4722222222222223,4,619.6049705556107
394,10.0,89.0,2,2.4791666666666665,4,619.7085419006733
395,10.0,90.0,2,2.451388888888889,4,620.052048360147
396,10.0,91.0,2,2.4409722222222223,4,620.3914887251949
397,10.0,92.0,2,2.4618055555555554,4,620.1170308067179
398,10.0,93.0,2,2.4895833333333335,5,619.5513000644883
399,10.0,94.0,2,2.4756944444444446,4,619.5249471830504
400,10.0,95.0,2,2.4722222222222223,4,619.5486156880064
401,10.0,96.0,2,2.4618055555555554,4,619.4346586174565
402,10.0,97.0,2,2.4618055555555554,4,619.9367562693334
403,10.0,98.0,2,2.46875,4,620.375476850354
404,10.0,99.0,2,2.46875,4,620.0321750880165
405,10.0,100.0,2,2.4618055555555554,4,619.7389427600573
406,10.0,101.0,2,2.4652777777777777,4,619.5086821433587
407,10.0,102.0,2,2.4479166666666665,4,619.4167032165303
408,10.0,103.0,2,2.4618055555555554,4,619.4966598759645
409,10.0,104.0,2,2.4791666666666665,5,619.9194307857929
410,10.0,105.0,2,2.486111111111111,5,620.3118949094928
411,10.0,106.0,2,2.4756944444444446,4,620.278470192866
412,10.0,107.0,2,2.4895833333333335,4,619.8386513077782
413,10.0,108.0,2,2.4895833333333335,4,619.5851456565837
414,10.0,109.0,2,2.4652777777777777,4,619.5180303130651
415,10.0,110.0,2,2.4652777777777777,4,620.186324605083
416,10.0,111.0,2,2.4583333333333335,4,620.1558543690472
417,10.0,112.0,2,2.4618055555555554,4,619.8205620701124
418,10.0,113.0,2,2.46875,4,620.0061397058361
419,10.0,114.0,2,2.4583333333333335,4,619.8626063309907
420,10.0,115.0,2,2.4583333333333335,4,619.5303764615333
421,10.0,116.0,2,2.4791666666666665,5,619.9172431666854
422,10.0,117.0,2,2.486111111111111,4,620.0764483843271
423,10.0,118.0,2,2.486111111111111,4,620.2260587121866
424,10.0,119.0,2,2.4895833333333335,4,620.2234676477321
425,10.0,120.0,2,2.4756944444444446,5,619.7505323069076
426,10.0,121.0,2,2.4791666666666665,4,619.4740825517652
427,10.0,122.0,2,2.451388888888889,4,619.5372724325715
428,10.0,123.0,2,2.4479166666666665,4,619.6361654144407
429,10.0,124.0,2,2.454861111111111,4,619.9670445412656
430,10.0,125.0,2,2.451388888888889,4,620.2191483703346
431,10.0,126.0,2,2.4652777777777777,4,620.0851296514916
432,10.0,127.0,2,2.46875,4,619.5975333106878
433,10.0,128.0,2,2.482638888888889,4,619.4566745884032
434,10.0,129.0,2,2.4756944444444446,4,619.8093463919763
435,10.0,130.0,2,2.46875,4,619.75114541355
436,10.0,131.0,2,2.482638888888889,4,619.6827964645552
437,10.0,132.0,2,2.4756944444444446,5,619.9813237014155
438,10.0,133.0,2,2.4583333333333335,4,620.0031796708519
439,10.0,134.0,2,2.4444444444444446,4,619.946578807548
440,10.0,135.0,2,2.4756944444444446,4,619.8860187858124
441,11.0,73.0,2,2.451388888888889,4,634.6710003072452
442,11.0,74.0,2,2.4583333333333335,4,634.2947499939504
443,11.0,75.0,2,2.486111111111111,5,634.3522994368398
444,11.0,76.0,2,2.5069444444444446,5,634.5884874135417
445,11.0,77.0,2,2.4895833333333335,4,634.78702291358
446,11.0,78.0,2,2.4722222222222223,4,635.0440607325861
447,11.0,79.0,2,2.4583333333333335,4,635.1796609947824
448,11.0,80.0,2,2.4756944444444446,4,634.8220523581325
449,11.0,81.0,2,2.486111111111111,4,634.638383097973
450,11.0,82.0,2,2.4756944444444446,4,634.8122536155606
451,11.0,83.0,2,2.4756944444444446,4,634.8208380423105
452,11.0,84.0,2,2.4652777777777777,4,634.7158973248333
453,11.0,85.0,2,2.451388888888889,4,635.0489991192072
454,11.0,86.0,2,2.4930555555555554,4,635.1478160643451
455,11.0,87.0,2,2.482638888888889,5,634.6794867003667
456,11.0,88.0,2,2.4895833333333335,5,634.4318959678164
457,11.0,89.0,2,2.4895833333333335,4,634.5539091475981
458,11.0,90.0,2,2.4756944444444446,4,634.8774591993932
459,11.0,91.0,2,2.482638888888889,4,635.2562746596964
460,11.0,92.0,2,2.482638888888889,4,635.041489237959
461,11.0,93.0,2,2.4722222222222223,4,634.465570109612
462,11.0,94.0,2,2.4756944444444446,4,634.371415222365
463,11.0,95.0,2,2.46875,4,634.3178418209628
464,11.0,96.0,2,2.4479166666666665,4,634.1848669550603
465,11.0,97.0,2,2.4618055555555554,4,634.6714002756711
466,11.0,98.0,2,2.5,5,635.0309592545484
467,11.0,99.0,2,2.5,5,634.7824299232979
468,11.0,100.0,2,2.5,4,634.4968821549415
469,11.0,101.0,2,2.486111111111111,4,634.3171424077841
470,11.0,102.0,2,2.482638888888889,4,634.1610422364381
471,11.0,103.0,2,2.4652777777777777,4,634.326351430038
472,11.0,104.0,2,2.4722222222222223,4,634.8143947625266
473,11.0,105.0,2,2.486111111111111,4,635.2764652093705
474,11.0,106.0,2,2.482638888888889,4,635.2268860006793
475,11.0,107.0,2,2.4618055555555554,4,634.688694140058
476,11.0,108.0,2,2.4479166666666665,4,634.4091370793728
477,11.0,109.0,2,2.4583333333333335,4,634.3948116261371
478,11.0,110.0,2,2.5,5,635.0815409301498
479,11.0,111.0,2,2.5069444444444446,4,635.1578206921057
480,11.0,112.0,2,2.5243055555555554,4,634.8487309391453
481,11.0,113.0,2,2.5069444444444446,4,634.9546729188488
482,11.0,114.0,2,2.4895833333333335,4,634.7683094610117
483,11.0,115.0,2,2.4791666666666665,4,634.4608707828812
484,11.0,116.0,2,2.4618055555555554,4,634.821101639467
485,11.0,117.0,2,2.4756944444444446,4,635.0047343749743
486,11.0,118.0,2,2.4756944444444446,4,635.172885220534
487,11.0,119.0,2,2.486111111111111,4,635.1367183273754
488,11.0,120.0,2,2.451388888888889,4,634.6102981599745
489,11.0,121.0,2,2.46875,4,634.2672326290143
490,11.0,122.0,2,2.4756944444444446,4,634.3153010493555
491,11.0,123.0,2,2.5,4,634.4613982044857
492,11.0,124.0,2,2.53125,4,634.9014718352312
493,11.0,125.0,2,2.5,4,635.0025274943041
494,11.0,126.0,2,2.486111111111111,5,634.774186317724
495,11.0,127.0,2,2.46875,4,634.3040601555741
496,11.0,128.0,2,2.4375,4,634.1847428764003
497,11.0,129.0,2,2.482638888888889,4,634.6348520068667
498,11.0,130.0,2,2.486111111111111,4,634.6461001893916
499,11.0,131.0,2,2.4756944444444446,4,634.5735355636027
500,11.0,132.0,2,2.4756944444444446,4,634.8115613460882
501,11.0,133.0,2,2.486111111111111,4,634.8233063729248
502,11.0,134.0,2,2.4791666666666665,4,634.7484220610288
503,11.0,135.0,2,2.4930555555555554,4,634.7104159828206
504,12.0,73.0,2,2.46875,4,611.4555531643196
505,12.0,74.0,2,2.4791666666666665,4,611.0230237869397
506,12.0,75.0,2,2.513888888888889,4,610.8982205137022
507,12.0,76.0,2,2.5208333333333335,4,611.0124640800077
508,12.0,77.0,2,2.5069444444444446,4,611.260491962868
509,12.0,78.0,2,2.4965277777777777,4,611.7026444738924
510,12.0,79.0,2,2.4722222222222223,4,611.8125173975461
511,12.0,80.0,2,2.4756944444444446,4,611.4012724316361
512,12.0,81.0,2,2.4965277777777777,4,610.9397546861954
513,12.0,82.0,2,2.513888888888889,4,610.9984516272009
514,12.0,83.0,2,2.513888888888889,4,611.2048550741509
515,12.0,84.0,2,2.482638888888889,4,611.3512094113171
516,12.0,85.0,2,2.4618055555555554,4,611.7323640109455
517,12.0,86.0,2,2.4722222222222223,4,611.6642245898624
518,12.0,87.0,2,2.4930555555555554,4,611.0149795552055
519,12.0,88.0,2,2.517361111111111,4,610.7595350549968
520,12.0,89.0,2,2.5069444444444446,4,610.9026635118364
521,12.0,90.0,2,2.482638888888889,4,611.4533708622878
522,12.0,91.0,2,2.46875,4,611.9453685452977
523,12.0,92.0,2,2.4895833333333335,4,611.7435932542882
524,12.0,93.0,2,2.5104166666666665,4,611.1199819997398
525,12.0,94.0,2,2.513888888888889,4,610.8259941115807
526,12.0,95.0,2,2.5034722222222223,4,610.826013301627
527,12.0,96.0,2,2.4895833333333335,4,610.9491585118194
528,12.0,97.0,2,2.46875,4,611.4938567359251
529,12.0,98.0,2,2.4930555555555554,4,611.8340580300469
530,12.0,99.0,2,2.4722222222222223,4,611.4834332432273
531,12.0,100.0,2,2.4930555555555554,4,610.9465904126423
532,12.0,101.0,2,2.4965277777777777,4,610.8462168821758
533,12.0,102.0,2,2.5,4,610.8497459658333
534,12.0,103.0,2,2.486111111111111,4,611.0828019205592
535,12.0,104.0,2,2.4930555555555554,4,611.591105090353
536,12.0,105.0,2,2.5034722222222223,5,611.7680915097004
537,12.0,106.0,2,2.5208333333333335,5,611.5811589507822
538,12.0,107.0,2,2.5208333333333335,4,611.143386518753
539,12.0,108.0,2,2.5034722222222223,4,610.9122221568508
540,12.0,109.0,2,2.486111111111111,4,611.0256084034468
541,12.0,110.0,2,2.486111111111111,4,611.4842702929865
542,12.0,111.0,2,2.4791666666666665,4,611.5148117035367
543,12.0,112.0,2,2.5,4,611.2097654362119
544,12.0,113.0,2,2.4930555555555554,4,611.3062061243481
545,12.0,114.0,2,2.4895833333333335,4,611.1749514651924
546,12.0,115.0,2,2.486111111111111,4,611.0430680198127
547,12.0,116.0,2,2.5069444444444446,4,611.2924530181576
548,12.0,117.0,2,2.5069444444444446,5,611.4674476922088
549,12.0,118.0,2,2.513888888888889,4,611.5556470739612
550,12.0,119.0,2,2.5104166666666665,5,611.5450668316656
551,12.0,120.0,2,2.5034722222222223,4,611.2912578217772
552,12.0,121.0,2,2.5,4,611.0031883255892
553,12.0,122.0,2,2.4895833333333335,4,610.9257547324727
554,12.0,123.0,2,2.482638888888889,4,611.0489162274474
555,12.0,124.0,2,2.4895833333333335,4,611.1898306915805
556,12.0,125.0,2,2.4930555555555554,4,611.5836151351897
557,12.0,126.0,2,2.4930555555555554,4,611.4775489492363
558,12.0,127.0,2,2.4930555555555554,4,611.1766839242338
559,12.0,128.0,2,2.5,4,610.9995489852095
560,12.0,129.0,2,2.4965277777777777,4,611.1314347375214
561,12.0,130.0,2,2.5208333333333335,5,611.0612144145831
562,12.0,131.0,2,2.4965277777777777,5,611.2200383582979
563,12.0,132.0,2,2.5104166666666665,4,611.4828016434291
564,12.0,133.0,2,2.5069444444444446,4,611.5027828105029
565,12.0,134.0,2,2.4965277777777777,4,611.3468230103852
566,12.0,135.0,2,2.486111111111111,4,611.1028462466288
567,13.0,73.0,2,2.53125,4,605.6191040927513
568,13.0,74.0,2,2.5069444444444446,4,605.4995244128319
569,13.0,75.0,2,2.513888888888889,4,605.5553206020245
570,13.0,76.0,2,2.486111111111111,4,605.7333799519126
571,13.0,77.0,2,2.5069444444444446,4,605.9238517997106
572,13.0,78.0,2,2.5208333333333335,4,605.9431612033245
573,13.0,79.0,2,2.5,4,605.7885970283284
574,13.0,80.0,2,2.5069444444444446,4,605.6177870933755
575,13.0,81.0,2,2.5069444444444446,4,605.5400231396886
576,13.0,82.0,2,2.4930555555555554,4,605.4889753207193
577,13.0,83.0,2,2.5069444444444446,4,605.6378452948051
578,13.0,84.0,2,2.5243055555555554,4,605.7467759505729
579,13.0,85.0,2,2.5243055555555554,4,605.8020185018183
580,13.0,86.0,2,2.5208333333333335,4,605.6841182323279
581,13.0,87.0,2,2.5347222222222223,4,605.5664977903925
582,13.0,88.0,2,2.4965277777777777,4,605.365927385456
583,13.0,89.0,2,2.4930555555555554,4,605.4204880800631
584,13.0,90.0,2,2.5069444444444446,4,605.8044240824254
585,13.0,91.0,2,2.5,4,606.0585497912002
586,13.0,92.0,2,2.5034722222222223,4,606.0971411335127
587,13.0,93.0,2,2.5104166666666665,4,605.8676650767172
588,13.0,94.0,2,2.4930555555555554,4,605.5729565638675
589,13.0,95.0,2,2.5034722222222223,4,605.4583707595997
590,13.0,96.0,2,2.5069444444444446,4,605.630644814806
591,13.0,97.0,2,2.5104166666666665,4,605.9435863241731
592,13.0,98.0,2,2.53125,4,606.1256889347736
593,13.0,99.0,2,2.548611111111111,4,606.1362666749287
594,13.0,100.0,2,2.5243055555555554,4,605.734771890325
595,13.0,101.0,2,2.5208333333333335,4,605.4243533261428
596,13.0,102.0,2,2.5069444444444446,4,605.4702142794857
597,13.0,103.0,2,2.486111111111111,4,605.6680941008823
598,13.0,104.0,2,2.5208333333333335,4,606.013285777867
599,13.0,105.0,2,2.5034722222222223,4,606.121779614186
600,13.0,106.0,2,2.5208333333333335,4,606.05493134015
601,13.0,107.0,2,2.5069444444444446,4,605.5802997261779
602,13.0,108.0,2,2.5069444444444446,4,605.3617267070126
603,13.0,109.0,2,2.5069444444444446,4,605.44709479488
604,13.0,110.0,2,2.5208333333333335,4,605.6189932389753
605,13.0,111.0,2,2.545138888888889,4,605.7726999476639
606,13.0,112.0,2,2.5381944444444446,4,605.7547124946791
607,13.0,113.0,2,2.5277777777777777,4,605.6316693011141
608,13.0,114.0,2,2.5034722222222223,4,605.4979840557703
609,13.0,115.0,2,2.5,4,605.514987306991
610,13.0,116.0,2,2.5,4,605.5995245265912
611,13.0,117.0,2,2.5208333333333335,4,605.7299416354925
612,13.0,118.0,2,2.548611111111111,4,606.0071749672195
613,13.0,119.0,2,2.513888888888889,4,605.8941032960529
614,13.0,120.0,2,2.4965277777777777,4,605.8467338930991
615,13.0,121.0,2,2.4965277777777777,4,605.6329488653155
616,13.0,122.0,2,2.513888888888889,4,605.4803533377348
617,13.0,123.0,2,2.513888888888889,4,605.5166124066743
618,13.0,124.0,2,2.5243055555555554,4,605.7848783054712
619,13.0,125.0,2,2.5277777777777777,4,606.0287491530609
620,13.0,126.0,2,2.5104166666666665,4,605.9988022293286
621,13.0,127.0,2,2.486111111111111,4,605.9014484789592
622,13.0,128.0,2,2.517361111111111,4,605.6433578220425
623,13.0,129.0,2,2.5069444444444446,4,605.5323407053967
624,13.0,130.0,2,2.5277777777777777,4,605.6740845781878
625,13.0,131.0,2,2.5208333333333335,4,605.7677215344719
626,13.0,132.0,2,2.5104166666666665,4,606.0797654886014
627,13.0,133.0,2,2.4895833333333335,4,606.0305513502557
628,13.0,134.0,2,2.5034722222222223,4,605.7902796639057
629,13.0,135.0,2,2.5,4,605.5043804847078
630,14.0,73.0,2,2.5243055555555554,4,613.3633927959004
631,14.0,74.0,2,2.5416666666666665,5,613.0318506676301
632,14.0,75.0,2,2.53125,4,612.9763896252028
633,14.0,76.0,2,2.5243055555555554,4,613.2605057244673
634,14.0,77.0,2,2.5347222222222223,4,613.513360159039
635,14.0,78.0,2,2.5381944444444446,4,613.3010286858454
636,14.0,79.0,2,2.513888888888889,4,613.0129043393836
637,14.0,80.0,2,2.5208333333333335,4,613.077537426103
638,14.0,81.0,2,2.5208333333333335,4,613.0115574322822
639,14.0,82.0,2,2.5243055555555554,4,612.7920025333078
640,14.0,83.0,2,2.517361111111111,5,612.8535793549047
641,14.0,84.0,2,2.53125,5,613.2077653707594
642,14.0,85.0,2,2.517361111111111,4,613.3012933078224
643,14.0,86.0,2,2.5277777777777777,5,613.1362971314691
644,14.0,87.0,2,2.5277777777777777,4,612.9837932243013
645,14.0,88.0,2,2.53125,4,612.8904978204642
646,14.0,89.0,2,2.5416666666666665,4,612.9751726571286
647,14.0,90.0,2,2.5416666666666665,4,613.1480498574261
648,14.0,91.0,2,2.53125,4,613.4648544397575
649,14.0,92.0,2,2.5208333333333335,4,613.592170493016
650,14.0,93.0,2,2.517361111111111,4,613.3434080389243
651,14.0,94.0,2,2.5208333333333335,4,613.0224344739879
652,14.0,95.0,2,2.5416666666666665,5,613.1199137231466
653,14.0,96.0,2,2.545138888888889,5,613.4780950764157
654,14.0,97.0,2,2.5069444444444446,4,613.534336132922
655,14.0,98.0,2,2.5208333333333335,4,613.44119308406
656,14.0,99.0,2,2.5381944444444446,4,613.523580771221
657,14.0,100.0,2,2.5243055555555554,4,613.5108864532348
658,14.0,101.0,2,2.548611111111111,4,613.1924460311735
659,14.0,102.0,2,2.5347222222222223,4,612.9892456594671
660,14.0,103.0,2,2.517361111111111,4,613.1410874103634
661,14.0,104.0,2,2.5243055555555554,4,613.5308303340014
662,14.0,105.0,2,2.5347222222222223,5,613.5566538008989
663,14.0,106.0,2,2.548611111111111,5,613.3026551978354
664,14.0,107.0,2,2.545138888888889,5,613.06440618411
665,14.0,108.0,2,2.5381944444444446,5,612.927603039611
666,14.0,109.0,2,2.5243055555555554,4,612.8919361452131
667,14.0,110.0,2,2.5347222222222223,4,613.0380192974128
668,14.0,111.0,2,2.5208333333333335,4,613.2053904534978
669,14.0,112.0,2,2.5104166666666665,4,613.2781734249861
670,14.0,113.0,2,2.5347222222222223,4,612.9764610332876
671,14.0,114.0,2,2.545138888888889,4,612.8055491065829
672,14.0,115.0,2,2.53125,5,612.9640953073691
673,14.0,116.0,2,2.5243055555555554,4,613.0442188616215
674,14.0,117.0,2,2.53125,5,613.0552694147277
675,14.0,118.0,2,2.5208333333333335,5,613.2179645582062
676,14.0,119.0,2,2.5520833333333335,5,613.5149965100737
677,14.0,120.0,2,2.5555555555555554,5,613.4470510271644
678,14.0,121.0,2,2.53125,4,613.0021890774117
679,14.0,122.0,2,2.5347222222222223,4,612.9870780113112
680,14.0,123.0,2,2.53125,4,613.1816709062604
681,14.0,124.0,2,2.513888888888889,4,613.534255575489
682,14.0,125.0,2,2.5277777777777777,4,613.4967890283729
683,14.0,126.0,2,2.5347222222222223,4,613.3792265415566
684,14.0,127.0,2,2.5243055555555554,4,613.3403919747357
685,14.0,128.0,2,2.5416666666666665,4,613.4149260440835
686,14.0,129.0,2,2.5416666666666665,5,613.269244883771
687,14.0,130.0,2,2.5381944444444446,5,613.2803651588777
688,14.0,131.0,2,2.517361111111111,5,613.4374013732165
689,14.0,132.0,2,2.5277777777777777,4,613.4347751351626
690,14.0,133.0,2,2.5243055555555554,4,613.3370507911318
691,14.0,134.0,2,2.545138888888889,5,613.2784744110254
692,14.0,135.0,2,2.5416666666666665,4,613.1811030956105
693,15.0,73.0,2,2.5729166666666665,4,614.5084927190783
694,15.0,74.0,2,2.5520833333333335,4,614.0754440504336
695,15.0,75.0,2,2.5347222222222223,4,614.1990787648542
696,15.0,76.0,2,2.5243055555555554,4,614.3098156689059
697,15.0,77.0,2,2.545138888888889,5,614.4914789074281
698,15.0,78.0,2,2.5833333333333335,5,614.2823460325511
699,15.0,79.0,2,2.5694444444444446,5,614.0118703142639
700,15.0,80.0,2,2.5729166666666665,5,614.1012558362452
701,15.0,81.0,2,2.5416666666666665,5,614.1414880942137
702,15.0,82.0,2,2.5069444444444446,4,613.9001531608204
703,15.0,83.0,2,2.5347222222222223,4,613.9753594063994
704,15.0,84.0,2,2.5659722222222223,5,614.0726426055821
705,15.0,85.0,2,2.576388888888889,4,614.3292973616543
706,15.0,86.0,2,2.5694444444444446,5,614.3363545793362
707,15.0,87.0,2,2.5277777777777777,4,614.0512531443886
708,15.0,88.0,2,2.5381944444444446,5,613.9706495049782
709,15.0,89.0,2,2.5416666666666665,5,614.0252093380044
710,15.0,90.0,2,2.5625,5,613.9742869601696
711,15.0,91.0,2,2.5555555555555554,5,614.4549235789361
712,15.0,92.0,2,2.5694444444444446,5,614.6088647064958
713,15.0,93.0,2,2.5520833333333335,5,614.3454766034371
714,15.0,94.0,2,2.5277777777777777,4,614.2795408561941
715,15.0,95.0,2,2.5381944444444446,4,614.2467050588382
716,15.0,96.0,2,2.5416666666666665,4,614.4278028367851
717,15.0,97.0,2,2.545138888888889,4,614.3878427822256
718,15.0,98.0,2,2.5555555555555554,4,614.1991769040495
719,15.0,99.0,2,2.548611111111111,4,614.4339677345407
720,15.0,100.0,2,2.5381944444444446,5,614.4954010486244
721,15.0,101.0,2,2.545138888888889,5,614.3279585071342
722,15.0,102.0,2,2.5555555555555554,5,614.2151166118965
723,15.0,103.0,2,2.5590277777777777,5,614.2750632525772
724,15.0,104.0,2,2.5590277777777777,5,614.5633041032789
725,15.0,105.0,2,2.5555555555555554,5,614.5428980250305
726,15.0,106.0,2,2.5555555555555554,5,614.1697907988766
727,15.0,107.0,2,2.5416666666666665,4,613.9887626503623
728,15.0,108.0,2,2.5381944444444446,4,613.8923964850586
729,15.0,109.0,2,2.5381944444444446,4,613.8936847958772
730,15.0,110.0,2,2.548611111111111,4,614.2517016298289
731,15.0,111.0,2,2.5555555555555554,5,614.3372948321899
732,15.0,112.0,2,2.5590277777777777,5,614.2340151623007
733,15.0,113.0,2,2.5555555555555554,5,613.9879149446066
734,15.0,114.0,2,2.548611111111111,5,613.9114920134502
735,15.0,115.0,2,2.5277777777777777,5,613.964356253256
736,15.0,116.0,2,2.5625,5,614.0354223401197
737,15.0,117.0,2,2.5520833333333335,5,614.0038705670263
738,15.0,118.0,2,2.5555555555555554,5,614.2209629833022
739,15.0,119.0,2,2.545138888888889,5,614.4438514521701
740,15.0,120.0,2,2.5590277777777777,5,614.4003517522061
741,15.0,121.0,2,2.53125,5,614.0974106668792
742,15.0,122.0,2,2.53125,5,614.1086138582008
743,15.0,123.0,2,2.5659722222222223,5,614.3197814919205
744,15.0,124.0,2,2.5625,5,614.5893330213163
745,15.0,125.0,2,2.5590277777777777,5,614.3707394006119
746,15.0,126.0,2,2.5416666666666665,4,614.1430020645806
747,15.0,127.0,2,2.5347222222222223,4,614.0756339761554
748,15.0,128.0,2,2.548611111111111,4,614.3577245727286
749,15.0,129.0,2,2.5520833333333335,5,614.5872519095522
750,15.0,130.0,2,2.5555555555555554,5,614.6163840568174
751,15.0,131.0,2,2.5590277777777777,5,614.380062591175
752,15.0,132.0,2,2.5625,5,614.2917032843687
753,15.0,133.0,2,2.5381944444444446,5,614.1591946599472
754,15.0,134.0,2,2.5625,5,614.121591447091
755,15.0,135.0,2,2.5590277777777777,5,614.126015667608
756,16.0,73.0,2,2.5555555555555554,4,604.8719326042004
757,16.0,74.0,2,2.5659722222222223,4,604.983267754955
758,16.0,75.0,2,2.5868055555555554,4,605.087403456871
759,16.0,76.0,2,2.5833333333333335,4,605.022652114565
760,16.0,77.0,2,2.5659722222222223,4,605.207175564919
761,16.0,78.0,2,2.5625,4,605.1365978713395
762,16.0,79.0,2,2.5833333333333335,4,604.8171567376315
763,16.0,80.0,2,2.576388888888889,4,604.940567331006
764,16.0,81.0,2,2.576388888888889,4,604.8965628600421
765,16.0,82.0,2,2.5729166666666665,4,604.667650825255
766,16.0,83.0,2,2.579861111111111,4,604.9719760463482
767,16.0,84.0,2,2.5833333333333335,4,605.261606442309
768,16.0,85.0,2,2.5729166666666665,4,605.1864782588044
769,16.0,86.0,2,2.5625,4,605.0777292263427
770,16.0,87.0,2,2.5659722222222223,4,604.9522732820154
771,16.0,88.0,2,2.5625,4,604.7680454200434
772,16.0,89.0,2,2.5902777777777777,4,604.807742113326
773,16.0,90.0,2,2.5868055555555554,4,604.9124711645112
774,16.0,91.0,2,2.5902777777777777,4,604.9755762501969
775,16.0,92.0,2,2.5833333333333335,4,605.100175658455
776,16.0,93.0,2,2.5694444444444446,4,605.2421620230637
777,16.0,94.0,2,2.5868055555555554,4,605.0380820022275
778,16.0,95.0,2,2.576388888888889,4,604.7967112075421
779,16.0,96.0,2,2.5694444444444446,4,604.9584704999263
780,16.0,97.0,2,2.5729166666666665,4,604.9533761562839
781,16.0,98.0,2,2.5659722222222223,4,604.9349562704585
782,16.0,99.0,2,2.5625,4,605.1680202686055
783,16.0,100.0,2,2.5659722222222223,4,605.0992293884236
784,16.0,101.0,2,2.5902777777777777,4,604.8452215105823
785,16.0,102.0,2,2.5972222222222223,4,604.9956798613706
786,16.0,103.0,2,2.59375,4,605.1894883671898
787,16.0,104.0,2,2.5694444444444446,4,605.0383436671874
788,16.0,105.0,2,2.5555555555555554,4,605.1687623560819
789,16.0,106.0,2,2.5694444444444446,4,604.9571843766046
790,16.0,107.0,2,2.5694444444444446,4,604.7651799539836
791,16.0,108.0,2,2.579861111111111,4,604.8169087872832
792,16.0,109.0,2,2.5729166666666665,4,604.805413157075
793,16.0,110.0,2,2.5729166666666665,4,604.8977326772948
794,16.0,111.0,2,2.548611111111111,4,605.302108462156
795,16.0,112.0,2,2.579861111111111,4,605.5035782225846
796,16.0,113.0,2,2.5833333333333335,4,605.1307212176289
797,16.0,114.0,2,2.5833333333333335,4,604.7909342168355
798,16.0,115.0,2,2.5868055555555554,4,604.8103716142733
799,16.0,116.0,2,2.5625,4,604.7493377202354
800,16.0,117.0,2,2.5555555555555554,4,604.8880725459817
801,16.0,118.0,2,2.5520833333333335,4,605.1195257493889
802,16.0,119.0,2,2.5625,4,605.0715758223556
803,16.0,120.0,2,2.5694444444444446,4,604.9904955615132
804,16.0,121.0,2,2.5868055555555554,4,605.1604540641076
805,16.0,122.0,2,2.5868055555555554,4,604.9532414944691
806,16.0,123.0,2,2.5555555555555554,4,604.9669625308504
807,16.0,124.0,2,2.5729166666666665,4,605.2091560360547
808,16.0,125.0,2,2.548611111111111,4,605.0198001552706
809,16.0,126.0,2,2.5729166666666665,4,604.9141385699268
810,16.0,127.0,2,2.5868055555555554,4,605.030013538955
811,16.0,128.0,2,2.5694444444444446,4,604.8835144520463
812,16.0,129.0,2,2.5520833333333335,4,604.9263719518855
813,16.0,130.0,2,2.5590277777777777,4,605.2374613353275
814,16.0,131.0,2,2.5590277777777777,4,605.1310036216883
815,16.0,132.0,2,2.576388888888889,4,604.9276122055423
816,16.0,133.0,2,2.6041666666666665,4,604.9090377709308
817,16.0,134.0,2,2.59375,4,604.8206515340589
818,16.0,135.0,2,2.5902777777777777,4,604.8893529003587
819,17.0,73.0,2,2.6354166666666665,5,605.6764944473853
820,17.0,74.0,2,2.6180555555555554,5,605.8459996226726
821,17.0,75.0,2,2.5833333333333335,5,605.9676335871934
822,17.0,76.0,2,2.59375,5,606.0124448589685
823,17.0,77.0,2,2.611111111111111,5,606.0334754028736
824,17.0,78.0,2,2.5833333333333335,5,606.0864467535116
825,17.0,79.0,2,2.5694444444444446,4,606.0841830016066
826,17.0,80.0,2,2.59375,5,605.9455694203432
827,17.0,81.0,2,2.5972222222222223,5,605.8575171283607
828,17.0,82.0,2,2.5902777777777777,5,605.8842528674976
829,17.0,83.0,2,2.579861111111111,5,606.0997600103515
830,17.0,84.0,2,2.6180555555555554,5,606.2508440898187
831,17.0,85.0,2,2.6354166666666665,5,606.236615534395
832,17.0,86.0,2,2.638888888888889,5,605.9462406295145
833,17.0,87.0,2,2.5902777777777777,5,605.875276153138
834,17.0,88.0,2,2.5902777777777777,5,605.7827737314229
835,17.0,89.0,2,2.5868055555555554,5,605.8099775624452
836,17.0,90.0,2,2.5729166666666665,4,605.9339633215261
837,17.0,91.0,2,2.5972222222222223,5,605.9383786778094
838,17.0,92.0,2,2.6041666666666665,5,606.0273076555345
839,17.0,93.0,2,2.5902777777777777,5,606.0717249934773
840,17.0,94.0,2,2.5833333333333335,5,605.987270089931
841,17.0,95.0,2,2.5729166666666665,4,605.7054130826722
842,17.0,96.0,2,2.6180555555555554,5,605.5776886045128
843,17.0,97.0,2,2.6284722222222223,5,605.6481664103375
844,17.0,98.0,2,2.6145833333333335,5,605.8325833225649
845,17.0,99.0,2,2.5972222222222223,5,605.8225406584529
846,17.0,100.0,2,2.6215277777777777,5,605.6798106262307
847,17.0,101.0,2,2.5694444444444446,4,605.6644764662859
848,17.0,102.0,2,2.5729166666666665,4,605.8345863868334
849,17.0,103.0,2,2.5972222222222223,5,606.0366031185774
850,17.0,104.0,2,2.6006944444444446,5,606.0975847117097
851,17.0,105.0,2,2.6180555555555554,5,605.9589922398987
852,17.0,106.0,2,2.5902777777777777,4,606.0209638016481
853,17.0,107.0,2,2.579861111111111,4,605.8256948213101
854,17.0,108.0,2,2.5902777777777777,5,605.7181320893658
855,17.0,109.0,2,2.607638888888889,5,605.8218929148835
856,17.0,110.0,2,2.607638888888889,5,605.8851507165947
857,17.0,111.0,2,2.59375,4,606.2024748538815
858,17.0,112.0,2,2.6145833333333335,5,606.4303973767599
859,17.0,113.0,2,2.5833333333333335,4,606.2065458768222
860,17.0,114.0,2,2.5625,4,605.8703964871328
861,17.0,115.0,2,2.6006944444444446,5,605.7408182719603
862,17.0,116.0,2,2.6006944444444446,5,605.8220766701392
863,17.0,117.0,2,2.611111111111111,5,606.0252739366258
864,17.0,118.0,2,2.5902777777777777,4,606.1524464431916
865,17.0,119.0,2,2.611111111111111,5,606.0036073605546
866,17.0,120.0,2,2.5833333333333335,5,605.9565225261497
867,17.0,121.0,2,2.5972222222222223,5,605.9692517009948
868,17.0,122.0,2,2.5729166666666665,4,605.955652591249
869,17.0,123.0,2,2.5868055555555554,4,605.8420072329781
870,17.0,124.0,2,2.6145833333333335,4,605.7793337525633
871,17.0,125.0,2,2.59375,4,605.8652630760337
872,17.0,126.0,2,2.59375,4,605.7773310877983
873,17.0,127.0,2,2.611111111111111,5,605.687059069898
874,17.0,128.0,2,2.5972222222222223,5,605.5954703857852
875,17.0,129.0,2,2.607638888888889,5,605.6419059047607
876,17.0,130.0,2,2.5972222222222223,4,605.9187156915619
877,17.0,131.0,2,2.607638888888889,5,605.9613711770894
878,17.0,132.0,2,2.6006944444444446,5,605.918258177067
879,17.0,133.0,2,2.579861111111111,5,605.7962926955298
880,17.0,134.0,2,2.548611111111111,4,605.7546346063193
881,17.0,135.0,2,2.5833333333333335,4,605.7851182758699
882,18.0,73.0,2,2.6354166666666665,4,607.0178006671894
883,18.0,74.0,2,2.6215277777777777,4,607.2742088245302
884,18.0,75.0,2,2.625,4,607.4316009325468
885,18.0,76.0,2,2.6284722222222223,4,607.1598630856352
886,18.0,77.0,2,2.625,4,607.1356844180792
887,18.0,78.0,2,2.6180555555555554,4,607.309832532937
888,18.0,79.0,2,2.6180555555555554,4,607.4438467524407
889,18.0,80.0,2,2.6180555555555554,4,607.3079589146278
890,18.0,81.0,2,2.638888888888889,4,607.3021899445574
891,18.0,82.0,2,2.6319444444444446,4,607.5329392662164
892,18.0,83.0,2,2.625,4,607.5643940035917
893,18.0,84.0,2,2.6215277777777777,4,607.3030237575447
894,18.0,85.0,2,2.6215277777777777,4,607.242303716994
895,18.0,86.0,2,2.6145833333333335,4,607.4821281923737
896,18.0,87.0,2,2.6215277777777777,4,607.4559973999025
897,18.0,88.0,2,2.6215277777777777,4,607.1842644850444
898,18.0,89.0,2,2.6284722222222223,4,607.1922906739178
899,18.0,90.0,2,2.6180555555555554,4,607.3504703845832
900,18.0,91.0,2,2.6215277777777777,4,607.3070113626161
901,18.0,92.0,2,2.611111111111111,4,607.0655232165859
902,18.0,93.0,2,2.6145833333333335,4,607.0833597497517
903,18.0,94.0,2,2.6319444444444446,4,607.3434645195834
904,18.0,95.0,2,2.6354166666666665,4,607.16527305453
905,18.0,96.0,2,2.6354166666666665,4,606.8822683826282
906,18.0,97.0,2,2.6180555555555554,4,606.8329753685643
907,18.0,98.0,2,2.6041666666666665,4,607.0949418466037
908,18.0,99.0,2,2.6041666666666665,4,606.9825516011882
909,18.0,100.0,2,2.6145833333333335,4,606.8875243809234
910,18.0,101.0,2,2.6215277777777777,4,607.0142386760226
911,18.0,102.0,2,2.6319444444444446,4,607.345512662069
912,18.0,103.0,2,2.6319444444444446,4,607.2101148424285
913,18.0,104.0,2,2.6319444444444446,4,607.0083319084619
914,18.0,105.0,2,2.6145833333333335,4,607.2198453585379
915,18.0,106.0,2,2.6215277777777777,4,607.4147854000487
916,18.0,107.0,2,2.6215277777777777,4,607.2382674990613
917,18.0,108.0,2,2.6319444444444446,4,607.1403945408989
918,18.0,109.0,2,2.642361111111111,4,607.2701410488179
919,18.0,110.0,2,2.6180555555555554,4,607.5725931500913
920,18.0,111.0,2,2.6041666666666665,4,607.3477891287816
921,18.0,112.0,2,2.6145833333333335,4,607.2691147312918
922,18.0,113.0,2,2.6145833333333335,4,607.4430845550245
923,18.0,114.0,2,2.638888888888889,4,607.6020134510502
924,18.0,115.0,2,2.6527777777777777,4,607.3310592265248
925,18.0,116.0,2,2.625,4,607.2353975714201
926,18.0,117.0,2,2.611111111111111,4,607.374433459758
927,18.0,118.0,2,2.6180555555555554,4,607.4389853077851
928,18.0,119.0,2,2.6180555555555554,4,607.1706553279555
929,18.0,120.0,2,2.6319444444444446,4,607.0440299088627
930,18.0,121.0,2,2.6493055555555554,4,607.3260370066585
931,18.0,122.0,2,2.6284722222222223,4,607.3911133369654
932,18.0,123.0,2,2.6215277777777777,4,607.0726720115231
933,18.0,124.0,2,2.611111111111111,4,607.0589527896486
934,18.0,125.0,2,2.611111111111111,4,607.144169098812
935,18.0,126.0,2,2.625,4,607.1329028335341
936,18.0,127.0,2,2.638888888888889,4,606.8419119848329
937,18.0,128.0,2,2.6284722222222223,4,606.7830947105409
938,18.0,129.0,2,2.6145833333333335,4,607.1229597577562
939,18.0,130.0,2,2.6215277777777777,4,607.1612858554199
940,18.0,131.0,2,2.625,4,606.9476565207526
941,18.0,132.0,2,2.625,4,607.0193771211984
942,18.0,133.0,2,2.638888888888889,4,607.2891035487562
943,18.0,134.0,2,2.6319444444444446,4,607.2792297817535
944,18.0,135.0,2,2.6180555555555554,4,607.1320557882391
945,19.0,73.0,2,2.6458333333333335,5,603.8792728107894
946,19.0,74.0,2,2.65625,5,603.8097434537054
947,19.0,75.0,2,2.6319444444444446,5,603.7926093925166
948,19.0,76.0,2,2.6215277777777777,5,603.6762785231491
949,19.0,77.0,2,2.6493055555555554,6,603.6521828252979
950,19.0,78.0,2,2.6631944444444446,5,603.6679544081118
951,19.0,79.0,2,2.6805555555555554,5,603.8005452726046
952,19.0,80.0,2,2.6770833333333335,5,604.0239872449652
953,19.0,81.0,2,2.6527777777777777,6,604.1198980201895
954,19.0,82.0,2,2.6319444444444446,5,604.0117609650608
955,19.0,83.0,2,2.6458333333333335,5,603.7943275607762
956,19.0,84.0,2,2.6493055555555554,5,603.6980692479201
957,19.0,85.0,2,2.6527777777777777,5,603.7201358685224
958,19.0,86.0,2,2.6631944444444446,5,603.8916930476381
959,19.0,87.0,2,2.6597222222222223,5,604.0013362485727
960,19.0,88.0,2,2.6458333333333335,5,603.9460344812436
961,19.0,89.0,2,2.6284722222222223,5,603.9370783257168
962,19.0,90.0,2,2.6493055555555554,5,603.7602874770024
963,19.0,91.0,2,2.6631944444444446,5,603.7405382206773
964,19.0,92.0,2,2.6631944444444446,6,603.6367420247291
965,19.0,93.0,2,2.6631944444444446,6,603.6659733329611
966,19.0,94.0,2,2.642361111111111,5,603.7057494412695
967,19.0,95.0,2,2.638888888888889,5,603.7524613153346
968,19.0,96.0,2,2.642361111111111,5,603.6863289387627
969,19.0,97.0,2,2.6493055555555554,5,603.6018444425722
970,19.0,98.0,2,2.6631944444444446,5,603.5795678886757
971,19.0,99.0,2,2.6631944444444446,5,603.5919288123619
972,19.0,100.0,2,2.6354166666666665,5,603.6911800414977
973,19.0,101.0,2,2.6319444444444446,5,603.7701353899822
974,19.0,102.0,2,2.6458333333333335,5,603.7150772509829
975,19.0,103.0,2,2.6631944444444446,5,603.6256593048221
976,19.0,104.0,2,2.673611111111111,6,603.6007251687045
977,19.0,105.0,2,2.6631944444444446,6,603.7286510981411
978,19.0,106.0,2,2.6493055555555554,5,603.8217567609413
979,19.0,107.0,2,2.642361111111111,5,603.8808791003653
980,19.0,108.0,2,2.6354166666666665,5,603.9279411163601
981,19.0,109.0,2,2.670138888888889,5,603.9666752070393
982,19.0,110.0,2,2.670138888888889,5,603.9676358954864
983,19.0,111.0,2,2.6631944444444446,5,603.7985760414587
984,19.0,112.0,2,2.670138888888889,5,603.7368686384483
985,19.0,113.0,2,2.65625,5,603.6953510126723
986,19.0,114.0,2,2.6527777777777777,5,603.9555257317729
987,19.0,115.0,2,2.6493055555555554,5,604.1373581923503
988,19.0,116.0,2,2.6770833333333335,6,604.1080703038832
989,19.0,117.0,2,2.6666666666666665,5,603.8894953105078
990,19.0,118.0,2,2.6527777777777777,5,603.7869773899199
991,19.0,119.0,2,2.6493055555555554,5,603.7030426940224
992,19.0,120.0,2,2.6597222222222223,6,603.6651349652799
993,19.0,121.0,2,2.638888888888889,5,603.6990806512248
994,19.0,122.0,2,2.65625,5,603.742752238524
995,19.0,123.0,2,2.670138888888889,5,603.8053986120044
996,19.0,124.0,2,2.670138888888889,5,603.911766914506
997,19.0,125.0,2,2.6527777777777777,5,603.7601448629516
998,19.0,126.0,2,2.6597222222222223,5,603.525576339578
999,19.0,127.0,2,2.6493055555555554,5,603.4856428368346
1000,19.0,128.0,2,2.6493055555555554,5,603.6156945966379
1001,19.0,129.0,2,2.6319444444444446,5,603.7235384939664
1002,19.0,130.0,2,2.6527777777777777,5,603.7369726806713
1003,19.0,131.0,2,2.6805555555555554,5,603.5834695330047
1004,19.0,132.0,2,2.670138888888889,6,603.519247911336
1005,19.0,133.0,2,2.642361111111111,5,603.7057939624159
1006,19.0,134.0,2,2.6458333333333335,5,603.8891315628289
1007,19.0,135.0,2,2.6527777777777777,5,603.8606520628549
1008,20.0,73.0,2,2.6597222222222223,4,603.0288562746902
1009,20.0,74.0,2,2.6909722222222223,5,602.9947311827323
1010,20.0,75.0,2,2.6909722222222223,5,602.7293186656572
1011,20.0,76.0,2,2.704861111111111,5,602.5762647642582
1012,20.0,77.0,2,2.6909722222222223,4,602.683966145964
1013,20.0,78.0,2,2.670138888888889,5,602.7486140202416
1014,20.0,79.0,2,2.6770833333333335,4,602.8567950105796
1015,20.0,80.0,2,2.6805555555555554,5,603.1116305368397
1016,20.0,81.0,2,2.6875,5,603.1036862967021
1017,20.0,82.0,2,2.6944444444444446,5,602.8051512023495
1018,20.0,83.0,2,2.6909722222222223,5,602.6446133052834
1019,20.0,84.0,2,2.6805555555555554,5,602.8351034180637
1020,20.0,85.0,2,2.65625,4,602.7706603833963
1021,20.0,86.0,2,2.6875,5,602.7814895146082
1022,20.0,87.0,2,2.6909722222222223,5,603.0219663245975
1023,20.0,88.0,2,2.6909722222222223,4,602.8642291133858
1024,20.0,89.0,2,2.6805555555555554,5,602.8170887907445
1025,20.0,90.0,2,2.6979166666666665,5,602.9335226671932
1026,20.0,91.0,2,2.6770833333333335,4,602.7284197432684
1027,20.0,92.0,2,2.6805555555555554,5,602.8629416398832
1028,20.0,93.0,2,2.6770833333333335,5,603.0035710011115
1029,20.0,94.0,2,2.6840277777777777,5,602.8071684457375
1030,20.0,95.0,2,2.6979166666666665,5,602.7724920131154
1031,20.0,96.0,2,2.6979166666666665,5,602.9866852396678
1032,20.0,97.0,2,2.6875,5,602.8496265380999
1033,20.0,98.0,2,2.673611111111111,5,602.9102919881802
1034,20.0,99.0,2,2.670138888888889,5,602.9251505804845
1035,20.0,100.0,2,2.6909722222222223,5,602.8490330414362
1036,20.0,101.0,2,2.6805555555555554,5,602.6881629331693
1037,20.0,102.0,2,2.6909722222222223,5,602.6771976373093
1038,20.0,103.0,2,2.6840277777777777,4,602.8165909520143
1039,20.0,104.0,2,2.6875,5,602.8334925294121
1040,20.0,105.0,2,2.6631944444444446,5,602.944227695018
1041,20.0,106.0,2,2.6770833333333335,5,603.0706328074648
1042,20.0,107.0,2,2.6840277777777777,5,602.915169214373
1043,20.0,108.0,2,2.6805555555555554,5,603.0516470316317
1044,20.0,109.0,2,2.6944444444444446,5,602.9998319032792
1045,20.0,110.0,2,2.6770833333333335,4,602.713028403382
1046,20.0,111.0,2,2.673611111111111,5,602.7241325107491
1047,20.0,112.0,2,2.65625,5,602.7832528626094
1048,20.0,113.0,2,2.670138888888889,5,602.4764778410538
1049,20.0,114.0,2,2.6805555555555554,5,602.6996573676021
1050,20.0,115.0,2,2.7152777777777777,5,603.0258543525065
1051,20.0,116.0,2,2.6805555555555554,4,603.053982755815
1052,20.0,117.0,2,2.6909722222222223,5,603.0934732685939
1053,20.0,118.0,2,2.6666666666666665,5,602.9904778638075
1054,20.0,119.0,2,2.6944444444444446,5,602.7835996015962
1055,20.0,120.0,2,2.701388888888889,5,602.7035450534211
1056,20.0,121.0,2,2.701388888888889,5,602.7206535020703
1057,20.0,122.0,2,2.6805555555555554,4,602.701155126097
1058,20.0,123.0,2,2.6875,5,602.8477799456575
1059,20.0,124.0,2,2.6527777777777777,5,603.0905564654033
1060,20.0,125.0,2,2.6805555555555554,5,602.9160705099572
1061,20.0,126.0,2,2.673611111111111,4,602.6418821979872
1062,20.0,127.0,2,2.6875,5,602.7760251824365
1063,20.0,128.0,2,2.6909722222222223,5,602.8513639603607
1064,20.0,129.0,2,2.6805555555555554,5,602.8642919542258
1065,20.0,130.0,2,2.673611111111111,5,603.0342188232923
1066,20.0,131.0,2,2.6805555555555554,5,603.0524036003585
1067,20.0,132.0,2,2.6805555555555554,4,602.7436439950469
1068,20.0,133.0,2,2.701388888888889,5,602.7836253444033
1069,20.0,134.0,2,2.6979166666666665,5,602.870168468235
1070,20.0,135.0,2,2.6805555555555554,5,602.8120957155331
1071,21.0,73.0,2,2.7465277777777777,5,612.8251971712492
1072,21.0,74.0,2,2.7083333333333335,5,612.6914427610072
1073,21.0,75.0,2,2.704861111111111,5,612.3163630244879
1074,21.0,76.0,2,2.6944444444444446,5,612.2872555491572
1075,21.0,77.0,2,2.7152777777777777,5,612.2316245829594
1076,21.0,78.0,2,2.7291666666666665,5,612.2600370549487
1077,21.0,79.0,2,2.7569444444444446,5,612.8222745291067
1078,21.0,80.0,2,2.7395833333333335,5,612.6032448397509
1079,21.0,81.0,2,2.7256944444444446,5,612.3384980938264
1080,21.0,82.0,2,2.701388888888889,5,612.2233592003713
1081,21.0,83.0,2,2.704861111111111,5,612.0961114276708
1082,21.0,84.0,2,2.7118055555555554,5,612.4373587003777
1083,21.0,85.0,2,2.7222222222222223,5,612.4942668528856
1084,21.0,86.0,2,2.7083333333333335,5,612.2446502918316
1085,21.0,87.0,2,2.7222222222222223,5,612.4205243662292
1086,21.0,88.0,2,2.704861111111111,5,612.5996084513029
1087,21.0,89.0,2,2.7222222222222223,5,612.5617941696361
1088,21.0,90.0,2,2.7291666666666665,5,612.4611592023161
1089,21.0,91.0,2,2.7534722222222223,5,612.4323113560254
1090,21.0,92.0,2,2.736111111111111,5,612.65674399679
1091,21.0,93.0,2,2.7222222222222223,5,612.6646802627652
1092,21.0,94.0,2,2.7083333333333335,5,612.4472313983265
1093,21.0,95.0,2,2.7083333333333335,5,612.4590123002595
1094,21.0,96.0,2,2.701388888888889,5,612.430073519895
1095,21.0,97.0,2,2.71875,5,612.7013202416724
1096,21.0,98.0,2,2.7118055555555554,5,612.9980723151255
1097,21.0,99.0,2,2.7118055555555554,5,612.7888028400649
1098,21.0,100.0,2,2.7152777777777777,5,612.5577154269237
1099,21.0,101.0,2,2.7118055555555554,5,612.3862438480905
1100,21.0,102.0,2,2.7222222222222223,5,612.3665612737357
1101,21.0,103.0,2,2.704861111111111,5,612.5824109823276
1102,21.0,104.0,2,2.7256944444444446,5,612.6131401523083
1103,21.0,105.0,2,2.7152777777777777,5,612.4448676696477
1104,21.0,106.0,2,2.7256944444444446,5,612.4890739938578
1105,21.0,107.0,2,2.7152777777777777,5,612.5328971564322
1106,21.0,108.0,2,2.704861111111111,5,612.6084836962607
1107,21.0,109.0,2,2.7083333333333335,5,612.3870261070757
1108,21.0,110.0,2,2.6979166666666665,5,612.2711526804015
1109,21.0,111.0,2,2.7222222222222223,5,612.3872559492265
1110,21.0,112.0,2,2.7083333333333335,5,612.4458995887622
1111,21.0,113.0,2,2.71875,5,612.1582395593647
1112,21.0,114.0,2,2.701388888888889,5,612.1176284993348
1113,21.0,115.0,2,2.6909722222222223,5,612.2346566487453
1114,21.0,116.0,2,2.71875,5,612.5628297369692
1115,21.0,117.0,2,2.7256944444444446,5,612.6850653449651
1116,21.0,118.0,2,2.7430555555555554,5,612.5022000438535
1117,21.0,119.0,2,2.71875,5,612.2625013067942
1118,21.0,120.0,2,2.6979166666666665,5,612.2556230659821
1119,21.0,121.0,2,2.6805555555555554,5,612.2926972846382
1120,21.0,122.0,2,2.704861111111111,5,612.5150872378655
1121,21.0,123.0,2,2.71875,5,612.6271863992324
1122,21.0,124.0,2,2.7118055555555554,4,612.6903821306374
1123,21.0,125.0,2,2.7152777777777777,5,612.6462506696913
1124,21.0,126.0,2,2.6979166666666665,5,612.6722560616522
1125,21.0,127.0,2,2.6909722222222223,5,612.5990972329292
1126,21.0,128.0,2,2.701388888888889,5,612.5106019005283
1127,21.0,129.0,2,2.7256944444444446,5,612.4424935061875
1128,21.0,130.0,2,2.7430555555555554,5,612.6542734510322
1129,21.0,131.0,2,2.7118055555555554,5,612.84951920811
1130,21.0,132.0,2,2.7256944444444446,5,612.616070470128
1131,21.0,133.0,2,2.6979166666666665,5,612.2860405839259
1132,21.0,134.0,2,2.7118055555555554,5,612.3942423531513
1133,21.0,135.0,2,2.736111111111111,5,612.5772864840526
1134,22.0,73.0,2,2.75,5,609.4523465151104
1135,22.0,74.0,2,2.7604166666666665,5,609.5656229308764
1136,22.0,75.0,2,2.7465277777777777,5,609.5614619371186
1137,22.0,76.0,2,2.7604166666666665,5,609.4099787879987
1138,22.0,77.0,2,2.75,5,609.2102048864832
1139,22.0,78.0,2,2.75,5,609.0409238471192
1140,22.0,79.0,2,2.7430555555555554,5,608.9473303127927
1141,22.0,80.0,2,2.7604166666666665,5,609.285913617391
1142,22.0,81.0,2,2.7569444444444446,5,609.4140687688292
1143,22.0,82.0,2,2.7534722222222223,5,609.2414396791773
1144,22.0,83.0,2,2.732638888888889,5,609.1086245555595
1145,22.0,84.0,2,2.7465277777777777,5,609.1269593373238
1146,22.0,85.0,2,2.736111111111111,5,608.996336887913
1147,22.0,86.0,2,2.7395833333333335,5,609.1230993228821
1148,22.0,87.0,2,2.7430555555555554,5,609.4623799996405
1149,22.0,88.0,2,2.7847222222222223,5,609.7304428987194
1150,22.0,89.0,2,2.763888888888889,5,609.5956129530849
1151,22.0,90.0,2,2.7604166666666665,5,609.1226665471154
1152,22.0,91.0,2,2.7465277777777777,5,608.9096094152899
1153,22.0,92.0,2,2.736111111111111,5,609.1005438868369
1154,22.0,93.0,2,2.7465277777777777,5,609.5721747186072
1155,22.0,94.0,2,2.7604166666666665,5,609.6823260766066
1156,22.0,95.0,2,2.7291666666666665,5,609.5871739135487
1157,22.0,96.0,2,2.75,5,609.5472856158359
1158,22.0,97.0,2,2.75,5,609.3137214167123
1159,22.0,98.0,2,2.75,5,609.2674762986225
1160,22.0,99.0,2,2.7569444444444446,5,609.5447267207879
1161,22.0,100.0,2,2.7569444444444446,5,609.6991568991248
1162,22.0,101.0,2,2.7569444444444446,5,609.6016616600114
1163,22.0,102.0,2,2.7743055555555554,5,609.5001650842327
1164,22.0,103.0,2,2.763888888888889,5,609.3572192950284
1165,22.0,104.0,2,2.7465277777777777,5,609.1854639196608
1166,22.0,105.0,2,2.7256944444444446,5,609.2548645741599
1167,22.0,106.0,2,2.71875,5,609.2651268705799
1168,22.0,107.0,2,2.75,5,609.4477170090208
1169,22.0,108.0,2,2.7604166666666665,5,609.5777688721354
1170,22.0,109.0,2,2.763888888888889,5,609.3017245084125
1171,22.0,110.0,2,2.7534722222222223,5,609.0585795391888
1172,22.0,111.0,2,2.7534722222222223,5,609.2119345448757
1173,22.0,112.0,2,2.7395833333333335,5,609.3670992699493
1174,22.0,113.0,2,2.7569444444444446,5,609.1436423245879
1175,22.0,114.0,2,2.763888888888889,5,609.0113538630205
1176,22.0,115.0,2,2.7569444444444446,5,609.1752262937941
1177,22.0,116.0,2,2.763888888888889,5,609.3096676576968
1178,22.0,117.0,2,2.736111111111111,5,609.3298422088405
1179,22.0,118.0,2,2.7152777777777777,5,609.2670750167034
1180,22.0,119.0,2,2.7395833333333335,5,609.1574957110895
1181,22.0,120.0,2,2.7534722222222223,5,609.1462435297406
1182,22.0,121.0,2,2.7743055555555554,5,609.2895911783378
1183,22.0,122.0,2,2.7708333333333335,5,609.4177035778988
1184,22.0,123.0,2,2.7569444444444446,5,609.6382921729515
1185,22.0,124.0,2,2.736111111111111,5,609.6969569493306
1186,22.0,125.0,2,2.7569444444444446,5,609.424392770477
1187,22.0,126.0,2,2.78125,5,609.2851733107997
1188,22.0,127.0,2,2.7847222222222223,5,609.4241193445496
1189,22.0,128.0,2,2.75,5,609.5318869382613
1190,22.0,129.0,2,2.7395833333333335,5,609.5626082603408
1191,22.0,130.0,2,2.71875,5,609.7314387847659
1192,22.0,131.0,2,2.7222222222222223,5,609.655916955025
1193,22.0,132.0,2,2.7604166666666665,5,609.2141691421361
1194,22.0,133.0,2,2.7604166666666665,5,608.9820042818055
1195,22.0,134.0,2,2.767361111111111,5,609.0982061678001
1196,22.0,135.0,2,2.7743055555555554,5,609.5458334879513
1197,23.0,73.0,2,2.7916666666666665,5,600.7548848681286
1198,23.0,74.0,2,2.7881944444444446,5,600.8146030342416
1199,23.0,75.0,2,2.7847222222222223,5,600.6975045286993
1200,23.0,76.0,2,2.78125,5,600.1347240375537
1201,23.0,77.0,2,2.7881944444444446,5,600.2140612987146
1202,23.0,78.0,2,2.8055555555555554,5,600.2946397708467
1203,23.0,79.0,2,2.8020833333333335,5,600.5609059229423
1204,23.0,80.0,2,2.8090277777777777,5,600.5851722225193
1205,23.0,81.0,2,2.798611111111111,5,600.4669145021658
1206,23.0,82.0,2,2.7916666666666665,5,600.2603306143951
1207,23.0,83.0,2,2.7847222222222223,5,600.2495879231137
1208,23.0,84.0,2,2.7777777777777777,5,600.3122814807319
1209,23.0,85.0,2,2.7881944444444446,5,600.4763322329226
1210,23.0,86.0,2,2.795138888888889,5,600.5843174902378
1211,23.0,87.0,2,2.8055555555555554,5,600.7160304542134
1212,23.0,88.0,2,2.7881944444444446,5,600.389711494391
1213,23.0,89.0,2,2.767361111111111,5,600.4705023465808
1214,23.0,90.0,2,2.798611111111111,5,600.3752529870482
1215,23.0,91.0,2,2.798611111111111,5,600.3262901673733
1216,23.0,92.0,2,2.798611111111111,5,600.3785428418728
1217,23.0,93.0,2,2.795138888888889,5,600.513713896452
1218,23.0,94.0,2,2.8020833333333335,5,600.582047286433
1219,23.0,95.0,2,2.78125,5,600.6078800344799
1220,23.0,96.0,2,2.7743055555555554,5,600.5731719137674
1221,23.0,97.0,2,2.798611111111111,5,600.4954814899594
1222,23.0,98.0,2,2.7916666666666665,5,600.5420594905688
1223,23.0,99.0,2,2.798611111111111,5,600.4079804668
1224,23.0,100.0,2,2.795138888888889,5,600.3396668692859
1225,23.0,101.0,2,2.7847222222222223,5,600.549197078597
1226,23.0,102.0,2,2.78125,5,600.7402059880363
1227,23.0,103.0,2,2.7847222222222223,5,600.6602657661549
1228,23.0,104.0,2,2.8055555555555554,5,600.459657867369
1229,23.0,105.0,2,2.8055555555555554,5,600.2747690529997
1230,23.0,106.0,2,2.8125,5,600.2143841874426
1231,23.0,107.0,2,2.7847222222222223,5,600.3449426396996
1232,23.0,108.0,2,2.767361111111111,5,600.6728946100876
1233,23.0,109.0,2,2.7881944444444446,5,600.6977259455603
1234,23.0,110.0,2,2.8055555555555554,5,600.597260926774
1235,23.0,111.0,2,2.763888888888889,5,600.3360196230738
1236,23.0,112.0,2,2.8090277777777777,5,600.2286119042138
1237,23.0,113.0,2,2.7777777777777777,5,600.119238867734
1238,23.0,114.0,2,2.7777777777777777,5,600.4238006548333
1239,23.0,115.0,2,2.795138888888889,5,600.5395374834503
1240,23.0,116.0,2,2.798611111111111,5,600.5975682829505
1241,23.0,117.0,2,2.7916666666666665,5,600.4413670576448
1242,23.0,118.0,2,2.829861111111111,5,600.2977554173357
1243,23.0,119.0,2,2.7916666666666665,5,600.1321086152952
1244,23.0,120.0,2,2.78125,5,600.3558404632109
1245,23.0,121.0,2,2.795138888888889,5,600.6034803059894
1246,23.0,122.0,2,2.7916666666666665,5,600.820071415276
1247,23.0,123.0,2,2.7777777777777777,5,600.6027264010812
1248,23.0,124.0,2,2.795138888888889,5,600.4384876132538
1249,23.0,125.0,2,2.7777777777777777,5,600.2406081472459
1250,23.0,126.0,2,2.8020833333333335,5,600.4333498227574
1251,23.0,127.0,2,2.7708333333333335,5,600.4559028216639
1252,23.0,128.0,2,2.7916666666666665,5,600.6249454295998
1253,23.0,129.0,2,2.7916666666666665,5,600.6161701482274
1254,23.0,130.0,2,2.8090277777777777,5,600.7458012785838
1255,23.0,131.0,2,2.798611111111111,5,600.4623509382347
1256,23.0,132.0,2,2.7777777777777777,5,600.3545537951121
1257,23.0,133.0,2,2.78125,5,600.2670492836652
1258,23.0,134.0,2,2.7708333333333335,5,600.3041145404992
1259,23.0,135.0,2,2.7743055555555554,5,600.3559854873046
1260,24.0,73.0,2,2.8159722222222223,5,607.1621343769733
1261,24.0,74.0,2,2.829861111111111,5,607.2084088433551
1262,24.0,75.0,2,2.8229166666666665,5,607.0543036514403
1263,24.0,76.0,2,2.8402777777777777,5,606.7556593987789
1264,24.0,77.0,2,2.8333333333333335,5,606.5508480739713
1265,24.0,78.0,2,2.8368055555555554,5,606.7902258615421
1266,24.0,79.0,2,2.8541666666666665,5,607.2509360483531
1267,24.0,80.0,2,2.84375,5,607.0424031144222
1268,24.0,81.0,2,2.8333333333333335,5,606.7906727039164
1269,24.0,82.0,2,2.8541666666666665,5,606.9249547371902
1270,24.0,83.0,2,2.8368055555555554,5,606.8155474305441
1271,24.0,84.0,2,2.8229166666666665,5,606.7414136095889
1272,24.0,85.0,2,2.8159722222222223,5,607.1132434650654
1273,24.0,86.0,2,2.8333333333333335,5,607.1279570351328
1274,24.0,87.0,2,2.826388888888889,5,606.9676532661556
1275,24.0,88.0,2,2.8402777777777777,5,606.9419250805989
1276,24.0,89.0,2,2.8333333333333335,5,606.8308231348617
1277,24.0,90.0,2,2.8472222222222223,5,606.6998759793595
1278,24.0,91.0,2,2.8402777777777777,5,606.7430269091366
1279,24.0,92.0,2,2.8159722222222223,5,606.8784315781543
1280,24.0,93.0,2,2.826388888888889,5,606.9124340502381
1281,24.0,94.0,2,2.8402777777777777,5,607.1264021619415
1282,24.0,95.0,2,2.857638888888889,5,606.9734712172897
1283,24.0,96.0,2,2.8402777777777777,5,606.6412793471192
1284,24.0,97.0,2,2.8125,5,606.6949867452913
1285,24.0,98.0,2,2.8194444444444446,5,607.0098050495894
1286,24.0,99.0,2,2.8090277777777777,5,606.7318216032995
1287,24.0,100.0,2,2.829861111111111,5,606.6095985898781
1288,24.0,101.0,2,2.826388888888889,5,606.9681266656534
1289,24.0,102.0,2,2.8368055555555554,5,607.0212902624672
1290,24.0,103.0,2,2.826388888888889,5,606.959524635133
1291,24.0,104.0,2,2.826388888888889,5,606.9799487684821
1292,24.0,105.0,2,2.8402777777777777,5,606.6805073524191
1293,24.0,106.0,2,2.8229166666666665,5,606.6982836068064
1294,24.0,107.0,2,2.8402777777777777,5,606.8787497599897
1295,24.0,108.0,2,2.8541666666666665,5,606.8127109541429
1296,24.0,109.0,2,2.8333333333333335,5,606.9414618572105
1297,24.0,110.0,2,2.826388888888889,5,607.1428660896647
1298,24.0,111.0,2,2.8159722222222223,5,606.9729944341495
1299,24.0,112.0,2,2.8125,5,606.893402528008
1300,24.0,113.0,2,2.829861111111111,5,606.8706134142564
1301,24.0,114.0,2,2.8472222222222223,5,606.8863494684986
1302,24.0,115.0,2,2.8368055555555554,5,606.7914889208524
1303,24.0,116.0,2,2.8194444444444446,5,606.9779754138217
1304,24.0,117.0,2,2.829861111111111,5,607.1784652783539
1305,24.0,118.0,2,2.829861111111111,5,606.9001631913193
1306,24.0,119.0,2,2.8402777777777777,5,606.6638195420032
1307,24.0,120.0,2,2.8368055555555554,5,606.7094959880062
1308,24.0,121.0,2,2.829861111111111,5,606.855971996269
1309,24.0,122.0,2,2.8368055555555554,5,607.2173500959939
1310,24.0,123.0,2,2.8125,5,607.1782842494857
1311,24.0,124.0,2,2.8159722222222223,5,606.7560850883875
1312,24.0,125.0,2,2.8159722222222223,5,606.7479226698841
1313,24.0,126.0,2,2.8159722222222223,5,606.7334182748464
1314,24.0,127.0,2,2.8229166666666665,5,606.4690531963521
1315,24.0,128.0,2,2.8402777777777777,5,606.7390920297307
1316,24.0,129.0,2,2.8472222222222223,5,607.0610822694176
1317,24.0,130.0,2,2.8333333333333335,5,607.1095971955747
1318,24.0,131.0,2,2.8229166666666665,5,606.9867611486828
1319,24.0,132.0,2,2.829861111111111,5,606.6972746645023
1320,24.0,133.0,2,2.8402777777777777,5,606.4378108509069
1321,24.0,134.0,2,2.84375,5,606.5292609010498
1322,24.0,135.0,2,2.829861111111111,5,606.8374233597996
1323,25.0,73.0,2,2.8680555555555554,6,624.5209053367012
1324,25.0,74.0,2,2.888888888888889,6,624.8210843477156
1325,25.0,75.0,2,2.8819444444444446,6,624.7858672728157
1326,25.0,76.0,2,2.8819444444444446,6,624.4599698077296
1327,25.0,77.0,2,2.8541666666666665,6,624.2989286517193
1328,25.0,78.0,2,2.8854166666666665,6,624.5019317876681
1329,25.0,79.0,2,2.90625,6,624.9212388022069
1330,25.0,80.0,2,2.892361111111111,6,624.7550464900585
1331,25.0,81.0,2,2.8680555555555554,6,624.588175912631
1332,25.0,82.0,2,2.8680555555555554,6,624.7338741961994
1333,25.0,83.0,2,2.888888888888889,6,624.7178418618611
1334,25.0,84.0,2,2.8715277777777777,6,624.5595066105193
1335,25.0,85.0,2,2.8784722222222223,6,624.6106694944034
1336,25.0,86.0,2,2.8784722222222223,6,624.7557976283164
1337,25.0,87.0,2,2.8715277777777777,6,624.7546360302875
1338,25.0,88.0,2,2.875,6,624.7096189200588
1339,25.0,89.0,2,2.8819444444444446,6,624.5346917469741
1340,25.0,90.0,2,2.8784722222222223,6,624.4939242967259
1341,25.0,91.0,2,2.8819444444444446,6,624.4055066714466
1342,25.0,92.0,2,2.8819444444444446,6,624.4133137736269
1343,25.0,93.0,2,2.888888888888889,6,624.5399229261641
1344,25.0,94.0,2,2.8784722222222223,6,624.7619653108776
1345,25.0,95.0,2,2.8784722222222223,6,624.5358477680388
1346,25.0,96.0,2,2.8541666666666665,6,624.1970072360305
1347,25.0,97.0,2,2.8715277777777777,6,624.1750781354647
1348,25.0,98.0,2,2.8854166666666665,6,624.4843646030172
1349,25.0,99.0,2,2.8819444444444446,6,624.3005738808656
1350,25.0,100.0,2,2.8819444444444446,6,624.2436947864351
1351,25.0,101.0,2,2.875,6,624.510651772506
1352,25.0,102.0,2,2.8854166666666665,6,624.769194478904
1353,25.0,103.0,2,2.892361111111111,6,624.6514945026297
1354,25.0,104.0,2,2.8854166666666665,6,624.4647016106936
1355,25.0,105.0,2,2.861111111111111,6,624.2789031331678
1356,25.0,106.0,2,2.8854166666666665,6,624.4553084136467
1357,25.0,107.0,2,2.8680555555555554,6,624.5960294364704
1358,25.0,108.0,2,2.8645833333333335,6,624.5158644017572
1359,25.0,109.0,2,2.8819444444444446,6,624.6484984955446
1360,25.0,110.0,2,2.8715277777777777,6,624.8625374230047
1361,25.0,111.0,2,2.892361111111111,6,624.6804727896287
1362,25.0,112.0,2,2.892361111111111,6,624.6899395893088
1363,25.0,113.0,2,2.8958333333333335,6,624.6943504336676
1364,25.0,114.0,2,2.8715277777777777,6,624.750436295119
1365,25.0,115.0,2,2.875,6,624.5569538790965
1366,25.0,116.0,2,2.8715277777777777,5,624.6568665944211
1367,25.0,117.0,2,2.8854166666666665,6,624.7932315191858
1368,25.0,118.0,2,2.8854166666666665,6,624.6142110635174
1369,25.0,119.0,2,2.8645833333333335,6,624.3318440994565
1370,25.0,120.0,2,2.857638888888889,6,624.3675517191627
1371,25.0,121.0,2,2.892361111111111,6,624.5922430934712
1372,25.0,122.0,2,2.892361111111111,6,624.9378042244175
1373,25.0,123.0,2,2.888888888888889,6,624.7186449021414
1374,25.0,124.0,2,2.8993055555555554,6,624.2872701015308
1375,25.0,125.0,2,2.888888888888889,6,624.358460055281
1376,25.0,126.0,2,2.875,6,624.3814783784132
1377,25.0,127.0,2,2.861111111111111,6,624.0855280732571
1378,25.0,128.0,2,2.857638888888889,6,624.2367073919804
1379,25.0,129.0,2,2.8784722222222223,6,624.5489325510821
1380,25.0,130.0,2,2.888888888888889,6,624.6132768938933
1381,25.0,131.0,2,2.875,6,624.4684900635483
1382,25.0,132.0,2,2.8784722222222223,6,624.2890927886439
1383,25.0,133.0,2,2.8819444444444446,6,624.1622196307892
1384,25.0,134.0,2,2.8680555555555554,6,624.2983763136323
1385,25.0,135.0,2,2.8680555555555554,6,624.4668485481048
1386,26.0,73.0,2,2.8993055555555554,5,604.5363616203623
1387,26.0,74.0,2,2.9270833333333335,5,604.5534604388008
1388,26.0,75.0,2,2.9097222222222223,5,604.3127919424122
1389,26.0,76.0,2,2.9409722222222223,5,603.8464712099304
1390,26.0,77.0,2,2.9305555555555554,5,603.7525795981094
1391,26.0,78.0,2,2.9340277777777777,5,604.1398243946583
1392,26.0,79.0,2,2.9409722222222223,5,604.5687058640314
1393,26.0,80.0,2,2.9409722222222223,5,604.5396335319249
1394,26.0,81.0,2,2.9340277777777777,5,604.1982497944068
1395,26.0,82.0,2,2.9409722222222223,5,604.1061392044642
1396,26.0,83.0,2,2.920138888888889,5,604.0960647978807
1397,26.0,84.0,2,2.9270833333333335,5,604.1924017615032
1398,26.0,85.0,2,2.920138888888889,5,604.3506450780018
1399,26.0,86.0,2,2.9340277777777777,5,604.4665814539043
1400,26.0,87.0,2,2.90625,5,604.3750667441736
1401,26.0,88.0,2,2.9444444444444446,5,604.2013021836294
1402,26.0,89.0,2,2.9270833333333335,5,604.1195986363706
1403,26.0,90.0,2,2.9305555555555554,5,604.0830707156783
1404,26.0,91.0,2,2.9340277777777777,5,604.1975048682741
1405,26.0,92.0,2,2.920138888888889,5,604.2322668810378
1406,26.0,93.0,2,2.9166666666666665,5,604.1246704221339
1407,26.0,94.0,2,2.9340277777777777,5,604.2399393123314
1408,26.0,95.0,2,2.923611111111111,5,604.2148834664528
1409,26.0,96.0,2,2.9166666666666665,5,604.0412304324483
1410,26.0,97.0,2,2.920138888888889,5,604.1549312694657
1411,26.0,98.0,2,2.923611111111111,5,604.3058813099968
1412,26.0,99.0,2,2.9270833333333335,5,604.0347882748966
1413,26.0,100.0,2,2.9375,5,603.8844002687015
1414,26.0,101.0,2,2.923611111111111,5,604.1230903096081
1415,26.0,102.0,2,2.951388888888889,5,604.3830882786636
1416,26.0,103.0,2,2.9305555555555554,5,604.4212121424121
1417,26.0,104.0,2,2.9305555555555554,5,604.2654712580287
1418,26.0,105.0,2,2.9270833333333335,5,603.9695478618803
1419,26.0,106.0,2,2.90625,5,603.8564256965687
1420,26.0,107.0,2,2.9097222222222223,5,604.1482551645363
1421,26.0,108.0,2,2.9166666666666665,5,604.3466512858656
1422,26.0,109.0,2,2.9444444444444446,5,604.4580345389559
1423,26.0,110.0,2,2.9375,5,604.566597255304
1424,26.0,111.0,2,2.9305555555555554,5,604.2618202238901
1425,26.0,112.0,2,2.920138888888889,5,603.9083130324674
1426,26.0,113.0,2,2.9305555555555554,5,604.1567994189852
1427,26.0,114.0,2,2.9340277777777777,5,604.3077612562907
1428,26.0,115.0,2,2.9340277777777777,5,604.3222226812318
1429,26.0,116.0,2,2.9270833333333335,5,604.5517613072773
1430,26.0,117.0,2,2.9131944444444446,5,604.3647393126463
1431,26.0,118.0,2,2.90625,5,604.0240350952826
1432,26.0,119.0,2,2.9027777777777777,5,603.9691127769513
1433,26.0,120.0,2,2.9375,5,604.0091221715645
1434,26.0,121.0,2,2.9375,5,604.2966316443448
1435,26.0,122.0,2,2.9375,5,604.6217089150718
1436,26.0,123.0,2,2.9479166666666665,5,604.4407200050429
1437,26.0,124.0,2,2.923611111111111,5,603.9866101720066
1438,26.0,125.0,2,2.9340277777777777,5,603.9950386217951
1439,26.0,126.0,2,2.9375,5,604.1109141707778
1440,26.0,127.0,2,2.9270833333333335,5,603.9816648500805
1441,26.0,128.0,2,2.920138888888889,5,604.0867173989825
1442,26.0,129.0,2,2.920138888888889,5,604.307892251646
1443,26.0,130.0,2,2.9097222222222223,5,604.2635566474291
1444,26.0,131.0,2,2.9270833333333335,5,604.1203271145213
1445,26.0,132.0,2,2.920138888888889,5,604.1607857086591
1446,26.0,133.0,2,2.9409722222222223,5,603.894170041794
1447,26.0,134.0,2,2.9375,5,603.9578180984907
1448,26.0,135.0,2,2.9340277777777777,5,604.2115240998693
1449,27.0,73.0,2,2.9895833333333335,5,598.9217291852378
1450,27.0,74.0,2,2.9930555555555554,5,598.8868269997907
1451,27.0,75.0,2,2.9722222222222223,5,598.8556695169722
1452,27.0,76.0,2,2.986111111111111,5,598.4438392810106
1453,27.0,77.0,2,2.986111111111111,5,598.3976621388694
1454,27.0,78.0,2,2.96875,5,598.5172203069002
1455,27.0,79.0,2,2.96875,5,598.7549443446804
1456,27.0,80.0,2,2.9791666666666665,5,598.8744703033522
1457,27.0,81.0,2,2.986111111111111,5,598.7801197752909
1458,27.0,82.0,2,2.9965277777777777,5,598.566987310051
1459,27.0,83.0,2,2.96875,5,598.5481623104623
1460,27.0,84.0,2,2.9756944444444446,5,598.4606280629383
1461,27.0,85.0,2,2.982638888888889,5,598.5318497080916
1462,27.0,86.0,2,2.9791666666666665,5,598.6551145006714
1463,27.0,87.0,2,2.9791666666666665,5,598.9561780910178
1464,27.0,88.0,2,2.9791666666666665,5,598.876226258415
1465,27.0,89.0,2,2.9756944444444446,5,598.753248655253
1466,27.0,90.0,2,2.9895833333333335,5,598.5155919379428
1467,27.0,91.0,2,2.9756944444444446,5,598.5324571687493
1468,27.0,92.0,2,2.96875,5,598.5130159962375
1469,27.0,93.0,2,2.982638888888889,5,598.744082968372
1470,27.0,94.0,2,2.9791666666666665,5,598.9114604450701
1471,27.0,95.0,2,2.982638888888889,5,598.7202527111294
1472,27.0,96.0,2,2.9756944444444446,5,598.6408695014039
1473,27.0,97.0,2,2.9930555555555554,5,598.6148342123164
1474,27.0,98.0,2,2.9791666666666665,5,598.6417699998971
1475,27.0,99.0,2,2.9756944444444446,5,598.802101687118
1476,27.0,100.0,2,2.9965277777777777,5,598.7378489924504
1477,27.0,101.0,2,2.9756944444444446,5,598.7018552147526
1478,27.0,102.0,2,2.9930555555555554,5,598.8173969038279
1479,27.0,103.0,2,2.9791666666666665,5,598.7523868525303
1480,27.0,104.0,2,2.986111111111111,5,598.5128911449245
1481,27.0,105.0,2,2.9791666666666665,5,598.5332693199101
1482,27.0,106.0,2,2.9756944444444446,5,598.6292076471345
1483,27.0,107.0,2,2.9618055555555554,5,598.6621040306069
1484,27.0,108.0,2,2.9756944444444446,5,598.807653841777
1485,27.0,109.0,2,2.986111111111111,5,598.7490874430022
1486,27.0,110.0,2,2.986111111111111,5,598.7552024018227
1487,27.0,111.0,2,2.9722222222222223,5,598.6569148991755
1488,27.0,112.0,2,2.96875,5,598.6370846834592
1489,27.0,113.0,2,2.9652777777777777,5,598.475075286693
1490,27.0,114.0,2,2.9756944444444446,5,598.525540295505
1491,27.0,115.0,2,2.9965277777777777,5,598.6022293957226
1492,27.0,116.0,2,2.9930555555555554,5,598.8011852880438
1493,27.0,117.0,2,2.9756944444444446,5,598.8132762298073
1494,27.0,118.0,2,2.986111111111111,5,598.7968212863794
1495,27.0,119.0,2,2.9618055555555554,5,598.4431673313529
1496,27.0,120.0,2,2.982638888888889,5,598.3280868587391
1497,27.0,121.0,2,2.982638888888889,5,598.5774156678925
1498,27.0,122.0,2,2.9756944444444446,5,598.9364247295684
1499,27.0,123.0,2,2.9791666666666665,5,598.9310571855335
1500,27.0,124.0,2,2.9756944444444446,5,598.8677955942919
1501,27.0,125.0,2,2.9895833333333335,5,598.5854744799669
1502,27.0,126.0,2,2.9791666666666665,5,598.5226852543758
1503,27.0,127.0,2,2.986111111111111,5,598.464554186977
1504,27.0,128.0,2,2.9895833333333335,5,598.6145267064094
1505,27.0,129.0,2,2.9652777777777777,5,598.8114894886962
1506,27.0,130.0,2,2.9895833333333335,5,599.1007090311819
1507,27.0,131.0,2,2.986111111111111,5,598.7918255004107
1508,27.0,132.0,2,2.9756944444444446,5,598.4946637826231
1509,27.0,133.0,2,2.9791666666666665,5,598.268291174501
1510,27.0,134.0,2,2.986111111111111,5,598.3739580917763
1511,27.0,135.0,2,2.9652777777777777,5,598.7138272260319
1512,28.0,73.0,2,3.0381944444444446,6,613.1898920740683
1513,28.0,74.0,2,3.045138888888889,6,613.2834800355836
1514,28.0,75.0,2,3.0277777777777777,6,613.1557063081912
1515,28.0,76.0,2,3.0208333333333335,6,612.8623881106429
1516,28.0,77.0,2,3.017361111111111,6,612.8334561705561
1517,28.0,78.0,2,3.0277777777777777,6,612.8711140028331
1518,28.0,79.0,2,3.0277777777777777,6,612.800126517075
1519,28.0,80.0,2,3.045138888888889,6,613.2114172568172
1520,28.0,81.0,2,3.0347222222222223,6,613.2102794818697
1521,28.0,82.0,2,3.0416666666666665,6,612.8718592151174
1522,28.0,83.0,2,3.0347222222222223,6,612.7531441553958
1523,28.0,84.0,2,3.045138888888889,6,612.81881902979
1524,28.0,85.0,2,3.0416666666666665,6,612.674265407666
1525,28.0,86.0,2,3.0347222222222223,6,612.8811422755969
1526,28.0,87.0,2,3.0034722222222223,6,613.2453258692615
1527,28.0,88.0,2,3.0381944444444446,6,613.3335243469087
1528,28.0,89.0,2,3.048611111111111,6,613.2386469335396
1529,28.0,90.0,2,3.0381944444444446,6,612.8962680307391
1530,28.0,91.0,2,3.03125,6,612.7022563184921
1531,28.0,92.0,2,3.045138888888889,6,612.9049403223312
1532,28.0,93.0,2,3.0381944444444446,6,613.3288650300226
1533,28.0,94.0,2,3.0590277777777777,6,613.2760677315509
1534,28.0,95.0,2,3.0520833333333335,5,613.1312903021737
1535,28.0,96.0,2,3.0555555555555554,6,613.1714900422696
1536,28.0,97.0,2,3.0590277777777777,6,612.9587986327596
1537,28.0,98.0,2,3.0243055555555554,6,613.0182780713266
1538,28.0,99.0,2,3.013888888888889,6,613.3128316512957
1539,28.0,100.0,2,3.0416666666666665,6,613.2985167974421
1540,28.0,101.0,2,3.0277777777777777,6,613.1767080662287
1541,28.0,102.0,2,3.03125,6,613.1167513934967
1542,28.0,103.0,2,3.0416666666666665,6,613.0183353754877
1543,28.0,104.0,2,3.0347222222222223,6,612.9316044681145
1544,28.0,105.0,2,3.0520833333333335,6,613.0503405167079
1545,28.0,106.0,2,3.045138888888889,6,613.0493518798339
1546,28.0,107.0,2,3.0694444444444446,6,613.0899661077177
1547,28.0,108.0,2,3.0729166666666665,6,613.2075378797365
1548,28.0,109.0,2,3.0381944444444446,6,613.0166105733673
1549,28.0,110.0,2,3.0,6,612.8523613511579
1550,28.0,111.0,2,3.013888888888889,6,612.9837784353331
1551,28.0,112.0,2,3.045138888888889,6,613.0821179909129
1552,28.0,113.0,2,3.0381944444444446,6,612.7688090030651
1553,28.0,114.0,2,3.013888888888889,6,612.6640996709549
1554,28.0,115.0,2,3.0277777777777777,6,612.901736625401
1555,28.0,116.0,2,3.0590277777777777,6,613.0571555432614
1556,28.0,117.0,2,3.0625,6,613.2093598711173
1557,28.0,118.0,2,3.0555555555555554,5,613.1313699640418
1558,28.0,119.0,2,3.048611111111111,6,612.8488338915881
1559,28.0,120.0,2,3.048611111111111,6,612.6846823409193
1560,28.0,121.0,2,3.0243055555555554,6,612.8434676062116
1561,28.0,122.0,2,3.0347222222222223,6,613.1015667063451
1562,28.0,123.0,2,3.0347222222222223,6,613.4122429503957
1563,28.0,124.0,2,3.0347222222222223,5,613.4349107982713
1564,28.0,125.0,2,3.0243055555555554,6,613.138808146327
1565,28.0,126.0,2,3.0277777777777777,6,612.8850881290434
1566,28.0,127.0,2,3.0347222222222223,6,612.9411222294316
1567,28.0,128.0,2,3.0590277777777777,6,613.1100809436098
1568,28.0,129.0,2,3.0520833333333335,6,613.2631096653703
1569,28.0,130.0,2,3.048611111111111,6,613.5397900874797
1570,28.0,131.0,2,3.0625,6,613.4477366452134
1571,28.0,132.0,2,3.0347222222222223,6,612.8681944186094
1572,28.0,133.0,2,3.03125,6,612.6451690248264
1573,28.0,134.0,2,3.0381944444444446,6,612.7402737291641
1574,28.0,135.0,2,3.0520833333333335,6,613.2115384077508
1575,29.0,73.0,2,3.0902777777777777,5,610.8031396095927
1576,29.0,74.0,2,3.0902777777777777,5,610.8666447086889
1577,29.0,75.0,2,3.1215277777777777,5,610.5678078301248
1578,29.0,76.0,2,3.0972222222222223,5,610.3052366896367
1579,29.0,77.0,2,3.09375,5,610.2718084534459
1580,29.0,78.0,2,3.0902777777777777,5,610.3540951366758
1581,29.0,79.0,2,3.0833333333333335,5,610.5365871462977
1582,29.0,80.0,2,3.107638888888889,5,610.7483661693313
1583,29.0,81.0,2,3.107638888888889,5,610.6849825384763
1584,29.0,82.0,2,3.1041666666666665,5,610.3441062313001
1585,29.0,83.0,2,3.1215277777777777,5,610.2308926858086
1586,29.0,84.0,2,3.0902777777777777,5,610.4502688684723
1587,29.0,85.0,2,3.0694444444444446,5,610.3621390856692
1588,29.0,86.0,2,3.0729166666666665,5,610.4074387938118
1589,29.0,87.0,2,3.1041666666666665,5,610.6666009624784
1590,29.0,88.0,2,3.107638888888889,5,610.7668529262164
1591,29.0,89.0,2,3.107638888888889,5,610.670626494425
1592,29.0,90.0,2,3.079861111111111,5,610.5082381290443
1593,29.0,91.0,2,3.09375,5,610.3399600864092
1594,29.0,92.0,2,3.0972222222222223,5,610.4621665607597
1595,29.0,93.0,2,3.111111111111111,5,610.7578316908658
1596,29.0,94.0,2,3.1215277777777777,5,610.6628688010612
1597,29.0,95.0,2,3.1180555555555554,5,610.5812311839022
1598,29.0,96.0,2,3.09375,5,610.7184707027425
1599,29.0,97.0,2,3.079861111111111,5,610.5996319737226
1600,29.0,98.0,2,3.0902777777777777,5,610.6013653142228
1601,29.0,99.0,2,3.1180555555555554,5,610.6884682372236
1602,29.0,100.0,2,3.1006944444444446,5,610.7212270088271
1603,29.0,101.0,2,3.1006944444444446,5,610.5642985934059
1604,29.0,102.0,2,3.1006944444444446,5,610.6107693048614
1605,29.0,103.0,2,3.0833333333333335,5,610.6595548032108
1606,29.0,104.0,2,3.0972222222222223,5,610.4946586449769
1607,29.0,105.0,2,3.1006944444444446,5,610.4732380686605
1608,29.0,106.0,2,3.1145833333333335,5,610.5391938853141
1609,29.0,107.0,2,3.1215277777777777,5,610.5654172341194
1610,29.0,108.0,2,3.1006944444444446,5,610.7883393561905
1611,29.0,109.0,2,3.0868055555555554,5,610.6817953842517
1612,29.0,110.0,2,3.09375,5,610.3872325608347
1613,29.0,111.0,2,3.1041666666666665,5,610.3793738041404
1614,29.0,112.0,2,3.107638888888889,5,610.5411147319819
1615,29.0,113.0,2,3.0972222222222223,5,610.1818237264656
1616,29.0,114.0,2,3.0902777777777777,5,610.2876961586641
1617,29.0,115.0,2,3.0868055555555554,5,610.5899570313355
1618,29.0,116.0,2,3.1041666666666665,5,610.6769347811335
1619,29.0,117.0,2,3.107638888888889,5,610.6552060300119
1620,29.0,118.0,2,3.1354166666666665,5,610.5761869510318
1621,29.0,119.0,2,3.1041666666666665,5,610.296311270118
1622,29.0,120.0,2,3.0868055555555554,5,610.2993589041972
1623,29.0,121.0,2,3.0902777777777777,5,610.5072416649065
1624,29.0,122.0,2,3.1041666666666665,5,610.6383762146731
1625,29.0,123.0,2,3.107638888888889,5,610.7909202621141
1626,29.0,124.0,2,3.1319444444444446,5,610.8836464571715
1627,29.0,125.0,2,3.1041666666666665,5,610.5609956608137
1628,29.0,126.0,2,3.1006944444444446,5,610.4376932625329
1629,29.0,127.0,2,3.1006944444444446,5,610.6185069024441
1630,29.0,128.0,2,3.0833333333333335,5,610.6727831060068
1631,29.0,129.0,2,3.111111111111111,5,610.6480085070557
1632,29.0,130.0,2,3.125,5,610.8868375151773
1633,29.0,131.0,2,3.111111111111111,5,610.8775729992525
1634,29.0,132.0,2,3.1006944444444446,5,610.4387295881825
1635,29.0,133.0,2,3.079861111111111,5,610.3475335590706
1636,29.0,134.0,2,3.0902777777777777,5,610.4054039195074
1637,29.0,135.0,2,3.0972222222222223,5,610.6690218659475
1638,30.0,73.0,2,3.173611111111111,5,595.8924303549903
1639,30.0,74.0,2,3.1631944444444446,5,595.9885169526908
1640,30.0,75.0,2,3.15625,5,596.0378406682748
1641,30.0,76.0,2,3.1944444444444446,5,595.7110545632233
1642,30.0,77.0,2,3.173611111111111,5,595.6034662166142
1643,30.0,78.0,2,3.1597222222222223,5,595.6193971323532
1644,30.0,79.0,2,3.1597222222222223,5,595.6233472095947
1645,30.0,80.0,2,3.15625,5,596.004639870536
1646,30.0,81.0,2,3.1666666666666665,5,596.075161704858
1647,30.0,82.0,2,3.1944444444444446,5,595.863036205362
1648,30.0,83.0,2,3.1597222222222223,5,595.7961496253081
1649,30.0,84.0,2,3.1597222222222223,5,595.6787987859299
1650,30.0,85.0,2,3.1493055555555554,5,595.5129226206416
1651,30.0,86.0,2,3.15625,5,595.7348736548944
1652,30.0,87.0,2,3.1631944444444446,5,596.0725637759709
1653,30.0,88.0,2,3.2083333333333335,5,596.134013559006
1654,30.0,89.0,2,3.1770833333333335,5,596.017846686163
1655,30.0,90.0,2,3.170138888888889,5,595.6832396801517
1656,30.0,91.0,2,3.1597222222222223,5,595.4994049202562
1657,30.0,92.0,2,3.1458333333333335,5,595.5938066920794
1658,30.0,93.0,2,3.1666666666666665,5,596.0002814577105
1659,30.0,94.0,2,3.1979166666666665,5,596.0659609009767
1660,30.0,95.0,2,3.1909722222222223,5,595.9362720916683
1661,30.0,96.0,2,3.1875,5,595.8344079191037
1662,30.0,97.0,2,3.1354166666666665,5,595.5870760259916
1663,30.0,98.0,2,3.1354166666666665,5,595.6484475649265
1664,30.0,99.0,2,3.1493055555555554,5,595.8908578396212
1665,30.0,100.0,2,3.1840277777777777,5,595.9134432307978
1666,30.0,101.0,2,3.1944444444444446,5,595.8977425367804
1667,30.0,102.0,2,3.1666666666666665,5,595.9352621757881
1668,30.0,103.0,2,3.1493055555555554,5,595.7319001891491
1669,30.0,104.0,2,3.170138888888889,5,595.6974632716685
1670,30.0,105.0,2,3.173611111111111,5,595.7571766422702
1671,30.0,106.0,2,3.1944444444444446,5,595.8277595472674
1672,30.0,107.0,2,3.1909722222222223,5,595.9133527293769
1673,30.0,108.0,2,3.170138888888889,5,596.0247749743739
1674,30.0,109.0,2,3.1631944444444446,5,595.8676552731322
1675,30.0,110.0,2,3.1493055555555554,5,595.7488637508254
1676,30.0,111.0,2,3.138888888888889,5,595.7798827853205
1677,30.0,112.0,2,3.1666666666666665,5,595.8725781478342
1678,30.0,113.0,2,3.15625,5,595.7145364436279
1679,30.0,114.0,2,3.170138888888889,5,595.6865738573102
1680,30.0,115.0,2,3.1770833333333335,5,595.776455670931
1681,30.0,116.0,2,3.15625,5,595.9665020576889
1682,30.0,117.0,2,3.1805555555555554,5,596.0045628547227
1683,30.0,118.0,2,3.1666666666666665,5,595.8901928137692
1684,30.0,119.0,2,3.1909722222222223,5,595.6296070445095
1685,30.0,120.0,2,3.1770833333333335,5,595.5546507255225
1686,30.0,121.0,2,3.15625,5,595.6464684803258
1687,30.0,122.0,2,3.1527777777777777,5,595.9765420126834
1688,30.0,123.0,2,3.15625,5,596.132831909973
1689,30.0,124.0,2,3.1909722222222223,5,596.0469087285309
1690,30.0,125.0,2,3.1493055555555554,5,595.7858890599936
1691,30.0,126.0,2,3.1458333333333335,5,595.5943701072031
1692,30.0,127.0,2,3.1527777777777777,5,595.5437645869799
1693,30.0,128.0,2,3.1597222222222223,5,595.760330045752
1694,30.0,129.0,2,3.1979166666666665,5,595.9017214478349
1695,30.0,130.0,2,3.1944444444444446,5,596.1225446604628
1696,30.0,131.0,2,3.1805555555555554,5,596.0290654687363
1697,30.0,132.0,2,3.1527777777777777,5,595.6461943474159
1698,30.0,133.0,2,3.1666666666666665,5,595.3881854100517
1699,30.0,134.0,2,3.173611111111111,5,595.5789363992018
1700,30.0,135.0,2,3.1631944444444446,5,595.9998743149506
1701,31.0,73.0,2,3.267361111111111,6,601.2075656539349
1702,31.0,74.0,2,3.2743055555555554,6,601.1182909496943
1703,31.0,75.0,2,3.2222222222222223,5,601.0887162040962
1704,31.0,76.0,2,3.2395833333333335,6,600.808640458991
1705,31.0,77.0,2,3.25,6,600.6568253022368
1706,31.0,78.0,2,3.232638888888889,5,600.7761436211962
1707,31.0,79.0,2,3.25,5,601.1033635777609
1708,31.0,80.0,2,3.2430555555555554,6,601.2181797466617
1709,31.0,81.0,2,3.2395833333333335,6,601.1054254051518
1710,31.0,82.0,2,3.2395833333333335,6,601.0674370493164
1711,31.0,83.0,2,3.236111111111111,5,600.93625883018
1712,31.0,84.0,2,3.2534722222222223,6,600.8292824087135
1713,31.0,85.0,2,3.267361111111111,6,600.9930756968882
1714,31.0,86.0,2,3.2569444444444446,6,601.0885313670552
1715,31.0,87.0,2,3.2534722222222223,6,601.1225589894525
1716,31.0,88.0,2,3.2534722222222223,6,601.1646469123158
1717,31.0,89.0,2,3.2534722222222223,6,601.0072255486161
1718,31.0,90.0,2,3.2430555555555554,5,600.7391849047197
1719,31.0,91.0,2,3.2291666666666665,5,600.8563882071522
1720,31.0,92.0,2,3.2291666666666665,6,600.8736407095521
1721,31.0,93.0,2,3.2395833333333335,6,600.8655708431803
1722,31.0,94.0,2,3.2569444444444446,6,601.0633288720554
1723,31.0,95.0,2,3.2430555555555554,5,600.936269912772
1724,31.0,96.0,2,3.232638888888889,6,600.7803507848348
1725,31.0,97.0,2,3.2430555555555554,6,600.8143127497062
1726,31.0,98.0,2,3.2569444444444446,5,600.8425985354385
1727,31.0,99.0,2,3.2430555555555554,6,600.7007339700986
1728,31.0,100.0,2,3.2604166666666665,6,600.74240623028
1729,31.0,101.0,2,3.2395833333333335,6,600.9419373445221
1730,31.0,102.0,2,3.236111111111111,5,601.0188103150044
1731,31.0,103.0,2,3.236111111111111,5,601.0442052908213
1732,31.0,104.0,2,3.2152777777777777,6,600.9448065085852
1733,31.0,105.0,2,3.2430555555555554,6,600.7150736249024
1734,31.0,106.0,2,3.2534722222222223,6,600.7082265446345
1735,31.0,107.0,2,3.25,6,600.9298625169309
1736,31.0,108.0,2,3.2430555555555554,6,601.1290498572861
1737,31.0,109.0,2,3.2291666666666665,5,601.2148935563594
1738,31.0,110.0,2,3.2256944444444446,5,601.1736055801194
1739,31.0,111.0,2,3.2604166666666665,5,600.8789631979446
1740,31.0,112.0,2,3.2708333333333335,5,600.8227015158454
1741,31.0,113.0,2,3.2395833333333335,6,600.8833753857102
1742,31.0,114.0,2,3.2291666666666665,5,601.0122749698659
1743,31.0,115.0,2,3.2152777777777777,5,601.1681447789738
1744,31.0,116.0,2,3.236111111111111,6,601.2669845776702
1745,31.0,117.0,2,3.2777777777777777,6,601.0200413914077
1746,31.0,118.0,2,3.28125,5,600.7929058432644
1747,31.0,119.0,2,3.263888888888889,6,600.6645599957969
1748,31.0,120.0,2,3.2152777777777777,6,600.7718144963967
1749,31.0,121.0,2,3.2291666666666665,5,601.0299879934566
1750,31.0,122.0,2,3.2430555555555554,5,601.2092647424352
1751,31.0,123.0,2,3.2465277777777777,6,601.1147181107899
1752,31.0,124.0,2,3.2743055555555554,6,600.8644698710476
1753,31.0,125.0,2,3.2430555555555554,5,600.7010681584468
1754,31.0,126.0,2,3.2222222222222223,5,600.7422992039476
1755,31.0,127.0,2,3.2256944444444446,5,600.7321275108318
1756,31.0,128.0,2,3.232638888888889,6,600.7988375775186
1757,31.0,129.0,2,3.2604166666666665,6,600.8697005295548
1758,31.0,130.0,2,3.267361111111111,5,600.9474389779172
1759,31.0,131.0,2,3.2534722222222223,6,600.8224226480061
1760,31.0,132.0,2,3.2222222222222223,6,600.8352829170689
1761,31.0,133.0,2,3.21875,5,600.6952966604154
1762,31.0,134.0,2,3.2256944444444446,5,600.7358661983849
1763,31.0,135.0,2,3.2395833333333335,6,600.988417897552
1764,32.0,73.0,2,3.3125,6,613.7909059967169
1765,32.0,74.0,2,3.3333333333333335,6,614.016669505604
1766,32.0,75.0,2,3.3541666666666665,6,613.9830762827228
1767,32.0,76.0,2,3.3333333333333335,6,613.6956661001361
1768,32.0,77.0,2,3.2916666666666665,6,613.5747213898946
1769,32.0,78.0,2,3.329861111111111,6,613.7314130786517
1770,32.0,79.0,2,3.3333333333333335,6,614.1496194002748
1771,32.0,80.0,2,3.3333333333333335,6,613.9964342061284
1772,32.0,81.0,2,3.3090277777777777,6,613.8469521354976
1773,32.0,82.0,2,3.34375,6,613.9296707910742
1774,32.0,83.0,2,3.3472222222222223,6,613.9148566110489
1775,32.0,84.0,2,3.3159722222222223,6,613.8235003194077
1776,32.0,85.0,2,3.3020833333333335,6,613.8854547544549
1777,32.0,86.0,2,3.3333333333333335,6,613.9370237361452
1778,32.0,87.0,2,3.3368055555555554,6,613.9559332488548
1779,32.0,88.0,2,3.3333333333333335,6,613.9757409883673
1780,32.0,89.0,2,3.3368055555555554,6,613.8194163501792
1781,32.0,90.0,2,3.326388888888889,6,613.7161641608781
1782,32.0,91.0,2,3.3194444444444446,6,613.6623551446378
1783,32.0,92.0,2,3.298611111111111,6,613.6698554704947
1784,32.0,93.0,2,3.3090277777777777,6,613.7688538839578
1785,32.0,94.0,2,3.3506944444444446,6,613.9390100113716
1786,32.0,95.0,2,3.3368055555555554,6,613.7557625179704
1787,32.0,96.0,2,3.3159722222222223,6,613.4766248050156
1788,32.0,97.0,2,3.3090277777777777,6,613.4967380658122
1789,32.0,98.0,2,3.3194444444444446,6,613.7431359851646
1790,32.0,99.0,2,3.329861111111111,6,613.5592209940381
1791,32.0,100.0,2,3.3055555555555554,6,613.5117292002298
1792,32.0,101.0,2,3.3333333333333335,6,613.7266924293007
1793,32.0,102.0,2,3.361111111111111,6,613.9433788273675
1794,32.0,103.0,2,3.3125,6,613.9051089504111
1795,32.0,104.0,2,3.295138888888889,6,613.7104977935869
1796,32.0,105.0,2,3.3090277777777777,6,613.5293024722837
1797,32.0,106.0,2,3.326388888888889,6,613.6725180049261
1798,32.0,107.0,2,3.3472222222222223,6,613.8689140750519
1799,32.0,108.0,2,3.3368055555555554,6,613.8353101628488
1800,32.0,109.0,2,3.326388888888889,6,613.9079981372079
1801,32.0,110.0,2,3.3090277777777777,6,614.0523178581086
1802,32.0,111.0,2,3.3159722222222223,6,613.8948967968036
1803,32.0,112.0,2,3.3090277777777777,6,613.8959110876481
1804,32.0,113.0,2,3.3402777777777777,6,613.9200656567848
1805,32.0,114.0,2,3.3368055555555554,6,613.9499985638118
1806,32.0,115.0,2,3.3159722222222223,6,613.8000705484747
1807,32.0,116.0,2,3.3194444444444446,6,613.9505099752764
1808,32.0,117.0,2,3.326388888888889,6,614.0304093230835
1809,32.0,118.0,2,3.3333333333333335,6,613.8310084408793
1810,32.0,119.0,2,3.3229166666666665,6,613.60606182531
1811,32.0,120.0,2,3.326388888888889,6,613.6243562072773
1812,32.0,121.0,2,3.3333333333333335,6,613.8461741632448
1813,32.0,122.0,2,3.3333333333333335,6,614.1382211133719
1814,32.0,123.0,2,3.326388888888889,6,613.9066359610993
1815,32.0,124.0,2,3.2916666666666665,6,613.5266053415876
1816,32.0,125.0,2,3.2881944444444446,6,613.5845939420506
1817,32.0,126.0,2,3.326388888888889,6,613.6571470215256
1818,32.0,127.0,2,3.3368055555555554,6,613.440002407347
1819,32.0,128.0,2,3.326388888888889,6,613.524480938008
1820,32.0,129.0,2,3.326388888888889,6,613.768550512881
1821,32.0,130.0,2,3.3368055555555554,6,613.8066535978628
1822,32.0,131.0,2,3.3125,6,613.7064477398468
1823,32.0,132.0,2,3.3020833333333335,6,613.5993629857372
1824,32.0,133.0,2,3.3125,6,613.4249062494653
1825,32.0,134.0,2,3.3368055555555554,6,613.5416539045041
1826,32.0,135.0,2,3.3368055555555554,6,613.7422420282275
1827,33.0,73.0,2,3.4166666666666665,5,595.4496207224387
1828,33.0,74.0,2,3.4166666666666665,5,595.5427335062476
1829,33.0,75.0,2,3.4097222222222223,5,595.3798328615409
1830,33.0,76.0,2,3.4131944444444446,5,595.0714397885434
1831,33.0,77.0,2,3.4340277777777777,5,594.9170786883958
1832,33.0,78.0,2,3.4027777777777777,5,595.158256304099
1833,33.0,79.0,2,3.420138888888889,5,595.5382868445909
1834,33.0,80.0,2,3.392361111111111,5,595.4425454620222
1835,33.0,81.0,2,3.451388888888889,5,595.1798668621909
1836,33.0,82.0,2,3.4340277777777777,5,595.2447741794766
1837,33.0,83.0,2,3.4027777777777777,5,595.1411065026027
1838,33.0,84.0,2,3.392361111111111,5,595.1491605322138
1839,33.0,85.0,2,3.423611111111111,5,595.2998544989729
1840,33.0,86.0,2,3.423611111111111,5,595.3887997832148
1841,33.0,87.0,2,3.4097222222222223,5,595.3265763995214
1842,33.0,88.0,2,3.392361111111111,5,595.2757799534575
1843,33.0,89.0,2,3.4131944444444446,5,595.2109771303582
1844,33.0,90.0,2,3.4027777777777777,5,595.1825618417423
1845,33.0,91.0,2,3.420138888888889,5,595.1770167586817
1846,33.0,92.0,2,3.4270833333333335,5,595.2029235258942
1847,33.0,93.0,2,3.4270833333333335,5,595.120962425859
1848,33.0,94.0,2,3.4166666666666665,5,595.3754364693052
1849,33.0,95.0,2,3.4027777777777777,5,595.330534679695
1850,33.0,96.0,2,3.4131944444444446,5,595.178304511515
1851,33.0,97.0,2,3.4166666666666665,5,595.1718745558953
1852,33.0,98.0,2,3.4166666666666665,5,595.3012400731328
1853,33.0,99.0,2,3.3958333333333335,5,594.9831742376821
1854,33.0,100.0,2,3.3958333333333335,5,594.9780280892758
1855,33.0,101.0,2,3.4097222222222223,5,595.2835421167373
1856,33.0,102.0,2,3.4131944444444446,5,595.4531908889024
1857,33.0,103.0,2,3.423611111111111,5,595.4368059987793
1858,33.0,104.0,2,3.4305555555555554,5,595.2473832367106
1859,33.0,105.0,2,3.4305555555555554,5,594.9710019686331
1860,33.0,106.0,2,3.392361111111111,5,594.9941469184245
1861,33.0,107.0,2,3.4027777777777777,5,595.2472170095981
1862,33.0,108.0,2,3.4131944444444446,5,595.3902078233423
1863,33.0,109.0,2,3.423611111111111,5,595.4628458565339
1864,33.0,110.0,2,3.4270833333333335,5,595.4960583729269
1865,33.0,111.0,2,3.4097222222222223,5,595.1346422362461
1866,33.0,112.0,2,3.40625,5,594.9378538263651
1867,33.0,113.0,2,3.4027777777777777,5,595.1325105078762
1868,33.0,114.0,2,3.4097222222222223,5,595.3192332380181
1869,33.0,115.0,2,3.423611111111111,5,595.3343465015897
1870,33.0,116.0,2,3.4340277777777777,5,595.4556586644353
1871,33.0,117.0,2,3.420138888888889,5,595.3908817906705
1872,33.0,118.0,2,3.388888888888889,5,595.0682036420937
1873,33.0,119.0,2,3.4097222222222223,5,595.0598807314806
1874,33.0,120.0,2,3.420138888888889,5,595.1682704171317
1875,33.0,121.0,2,3.420138888888889,5,595.3922308160293
1876,33.0,122.0,2,3.4097222222222223,5,595.6101204732822
1877,33.0,123.0,2,3.4166666666666665,5,595.348716953709
1878,33.0,124.0,2,3.4340277777777777,5,594.9628303784197
1879,33.0,125.0,2,3.388888888888889,5,595.0022588961161
1880,33.0,126.0,2,3.4131944444444446,5,595.1752363687666
1881,33.0,127.0,2,3.4270833333333335,5,595.0841233994656
1882,33.0,128.0,2,3.40625,5,595.2411270432162
1883,33.0,129.0,2,3.4166666666666665,5,595.4089925026842
1884,33.0,130.0,2,3.3993055555555554,5,595.272391634617
1885,33.0,131.0,2,3.4270833333333335,5,595.1588651114985
1886,33.0,132.0,2,3.423611111111111,5,595.1666034373097
1887,33.0,133.0,2,3.4027777777777777,5,595.0156413959631
1888,33.0,134.0,2,3.4097222222222223,5,595.0365401458897
1889,33.0,135.0,2,3.4027777777777777,5,595.2042036868799
1890,34.0,73.0,2,3.5034722222222223,5,594.0420102875704
1891,34.0,74.0,2,3.5,5,594.0889476338572
1892,34.0,75.0,2,3.53125,5,594.0293210041641
1893,34.0,76.0,2,3.517361111111111,5,593.651561580031
1894,34.0,77.0,2,3.5,5,593.5617764705611
1895,34.0,78.0,2,3.4930555555555554,5,593.671148206553
1896,34.0,79.0,2,3.5104166666666665,5,593.9204170074881
1897,34.0,80.0,2,3.4965277777777777,5,593.9479586483881
1898,34.0,81.0,2,3.5347222222222223,5,593.8009188650767
1899,34.0,82.0,2,3.53125,5,593.7178959160794
1900,34.0,83.0,2,3.53125,5,593.6658049143825
1901,34.0,84.0,2,3.5069444444444446,5,593.6305170426706
1902,34.0,85.0,2,3.5,5,593.6918699035164
1903,34.0,86.0,2,3.5034722222222223,5,593.7805960253922
1904,34.0,87.0,2,3.545138888888889,5,593.9627635766079
1905,34.0,88.0,2,3.517361111111111,5,593.9360544008395
1906,34.0,89.0,2,3.5,5,593.9176958789104
1907,34.0,90.0,2,3.5,5,593.7619547183808
1908,34.0,91.0,2,3.517361111111111,5,593.7023098360067
1909,34.0,92.0,2,3.5,5,593.6699869617515
1910,34.0,93.0,2,3.5277777777777777,5,593.7742533696627
1911,34.0,94.0,2,3.5416666666666665,5,594.0381859756103
1912,34.0,95.0,2,3.53125,5,594.0202514396916
1913,34.0,96.0,2,3.517361111111111,5,593.8813743894721
1914,34.0,97.0,2,3.5034722222222223,5,593.8462599136495
1915,34.0,98.0,2,3.517361111111111,5,593.8285234542562
1916,34.0,99.0,2,3.545138888888889,5,593.7557675426102
1917,34.0,100.0,2,3.513888888888889,5,593.7863916312734
1918,34.0,101.0,2,3.513888888888889,5,593.9511870153967
1919,34.0,102.0,2,3.5034722222222223,5,594.1403571549434
1920,34.0,103.0,2,3.4965277777777777,5,594.0076651261885
1921,34.0,104.0,2,3.5034722222222223,5,593.7183970604532
1922,34.0,105.0,2,3.5277777777777777,5,593.5764036336876
1923,34.0,106.0,2,3.53125,5,593.6597730590224
1924,34.0,107.0,2,3.5208333333333335,5,593.8153782418419
1925,34.0,108.0,2,3.517361111111111,5,594.0693707546769
1926,34.0,109.0,2,3.5104166666666665,5,594.0099692105043
1927,34.0,110.0,2,3.513888888888889,5,593.8711699220772
1928,34.0,111.0,2,3.53125,5,593.6083944220157
1929,34.0,112.0,2,3.4965277777777777,5,593.536846031432
1930,34.0,113.0,2,3.4895833333333335,5,593.5994352463445
1931,34.0,114.0,2,3.5208333333333335,5,593.8120213910671
1932,34.0,115.0,2,3.4965277777777777,5,593.8591797109725
1933,34.0,116.0,2,3.517361111111111,5,593.9723505102253
1934,34.0,117.0,2,3.517361111111111,5,593.7916175411343
1935,34.0,118.0,2,3.5416666666666665,5,593.7295532825061
1936,34.0,119.0,2,3.5208333333333335,5,593.5535573884396
1937,34.0,120.0,2,3.513888888888889,5,593.6901140677587
1938,34.0,121.0,2,3.4965277777777777,5,593.9549711954908
1939,34.0,122.0,2,3.5104166666666665,5,594.1513505977059
1940,34.0,123.0,2,3.513888888888889,5,593.9641967266214
1941,34.0,124.0,2,3.5381944444444446,5,593.8260423462873
1942,34.0,125.0,2,3.5277777777777777,5,593.640197907277
1943,34.0,126.0,2,3.517361111111111,5,593.795738722072
1944,34.0,127.0,2,3.5,5,593.855148755636
1945,34.0,128.0,2,3.513888888888889,5,593.940014589898
1946,34.0,129.0,2,3.53125,5,593.9590297108087
1947,34.0,130.0,2,3.5381944444444446,5,594.0856831422885
1948,34.0,131.0,2,3.5416666666666665,5,593.7725609975298
1949,34.0,132.0,2,3.5,5,593.7513829225758
1950,34.0,133.0,2,3.4895833333333335,5,593.6332016330903
1951,34.0,134.0,2,3.5243055555555554,5,593.7224826144368
1952,34.0,135.0,2,3.4930555555555554,5,593.8384725245362
1953,35.0,73.0,2,3.638888888888889,6,611.8817655769518
1954,35.0,74.0,2,3.6493055555555554,6,612.1220237779474
1955,35.0,75.0,2,3.6458333333333335,6,612.1883893021485
1956,35.0,76.0,2,3.607638888888889,6,611.9329168632057
1957,35.0,77.0,2,3.5972222222222223,6,611.7826599713267
1958,35.0,78.0,2,3.5868055555555554,6,611.6804600249895
1959,35.0,79.0,2,3.6319444444444446,6,611.5130442766824
1960,35.0,80.0,2,3.5833333333333335,6,611.924139865442
1961,35.0,81.0,2,3.6215277777777777,6,612.0097772361595
1962,35.0,82.0,2,3.6041666666666665,6,611.8802144100341
1963,35.0,83.0,2,3.6284722222222223,6,611.7462761460952
1964,35.0,84.0,2,3.642361111111111,6,611.6666533591672
1965,35.0,85.0,2,3.625,6,611.3918309954362
1966,35.0,86.0,2,3.6284722222222223,6,611.669238743392
1967,35.0,87.0,2,3.625,6,612.0780807739327
1968,35.0,88.0,2,3.6319444444444446,6,612.2483779261385
1969,35.0,89.0,2,3.625,6,612.1798470986691
1970,35.0,90.0,2,3.6006944444444446,6,611.8119746574386
1971,35.0,91.0,2,3.611111111111111,6,611.4966038509015
1972,35.0,92.0,2,3.59375,6,611.6820132242777
1973,35.0,93.0,2,3.6215277777777777,6,612.0950050220353
1974,35.0,94.0,2,3.625,6,612.2754499945395
1975,35.0,95.0,2,3.6319444444444446,6,612.2376606112585
1976,35.0,96.0,2,3.6215277777777777,6,612.1464714142351
1977,35.0,97.0,2,3.6458333333333335,6,611.7968757403119
1978,35.0,98.0,2,3.642361111111111,6,611.8197280465396
1979,35.0,99.0,2,3.638888888888889,6,612.0526952832902
1980,35.0,100.0,2,3.6215277777777777,6,612.155501531859
1981,35.0,101.0,2,3.6145833333333335,6,612.1947875469415
1982,35.0,102.0,2,3.642361111111111,6,612.1764224770802
1983,35.0,103.0,2,3.625,6,611.883628971547
1984,35.0,104.0,2,3.6284722222222223,6,611.7347429839932
1985,35.0,105.0,2,3.59375,6,611.8193213494237
1986,35.0,106.0,2,3.6006944444444446,6,611.9309791992434
1987,35.0,107.0,2,3.638888888888889,6,612.0843406322014
1988,35.0,108.0,2,3.6284722222222223,6,612.1737814115221
1989,35.0,109.0,2,3.6527777777777777,6,611.8666816459508
1990,35.0,110.0,2,3.638888888888889,6,611.6847867950199
1991,35.0,111.0,2,3.6145833333333335,6,611.7042011491945
1992,35.0,112.0,2,3.607638888888889,6,611.7815381235216
1993,35.0,113.0,2,3.6041666666666665,6,611.6765760650885
1994,35.0,114.0,2,3.6215277777777777,6,611.6985510688529
1995,35.0,115.0,2,3.6458333333333335,6,611.7915033913001
1996,35.0,116.0,2,3.6527777777777777,6,611.9088010288428
1997,35.0,117.0,2,3.6145833333333335,6,611.9377340022895
1998,35.0,118.0,2,3.607638888888889,6,611.9071451501674
1999,35.0,119.0,2,3.611111111111111,6,611.7532962200148
2000,35.0,120.0,2,3.6180555555555554,6,611.727006030828
2001,35.0,121.0,2,3.6631944444444446,6,611.8605105534207
2002,35.0,122.0,2,3.6666666666666665,6,612.0829227034756
2003,35.0,123.0,2,3.6284722222222223,6,612.1757376323375
2004,35.0,124.0,2,3.5972222222222223,6,612.1525594432418
2005,35.0,125.0,2,3.6319444444444446,6,611.9538992791839
2006,35.0,126.0,2,3.6527777777777777,6,611.887565806308
2007,35.0,127.0,2,3.6597222222222223,6,611.9469701024232
2008,35.0,128.0,2,3.6354166666666665,6,612.1131563953777
2009,35.0,129.0,2,3.6284722222222223,6,612.1920012602864
2010,35.0,130.0,2,3.6041666666666665,6,612.3227983409291
2011,35.0,131.0,2,3.6145833333333335,6,612.1683642393083
2012,35.0,132.0,2,3.6354166666666665,6,611.8161427082265
2013,35.0,133.0,2,3.625,6,611.6397686084874
2014,35.0,134.0,2,3.6284722222222223,6,611.8066499140359
2015,35.0,135.0,2,3.607638888888889,6,612.0911353279548
2016,36.0,73.0,2,3.7777777777777777,6,595.1998232770203
2017,36.0,74.0,2,3.763888888888889,6,595.2852303515731
2018,36.0,75.0,2,3.7430555555555554,6,595.4109547976451
2019,36.0,76.0,2,3.7291666666666665,6,595.2061738130752
2020,36.0,77.0,2,3.7465277777777777,6,595.0494542756787
2021,36.0,78.0,2,3.7465277777777777,6,594.9065614768267
2022,36.0,79.0,2,3.7465277777777777,6,594.9153547501952
2023,36.0,80.0,2,3.763888888888889,6,595.1885125665954
2024,36.0,81.0,2,3.7534722222222223,6,595.3285766835825
2025,36.0,82.0,2,3.736111111111111,6,595.2363142452584
2026,36.0,83.0,2,3.7256944444444446,6,595.0637262774826
2027,36.0,84.0,2,3.7534722222222223,6,594.8943091280112
2028,36.0,85.0,2,3.7743055555555554,6,594.7762083917504
2029,36.0,86.0,2,3.75,6,594.9412184802076
2030,36.0,87.0,2,3.7465277777777777,6,595.3481485691844
2031,36.0,88.0,2,3.7430555555555554,6,595.4906886249224
2032,36.0,89.0,2,3.7534722222222223,6,595.409893346681
2033,36.0,90.0,2,3.7395833333333335,6,595.0222102461959
2034,36.0,91.0,2,3.7430555555555554,6,594.861691067542
2035,36.0,92.0,2,3.736111111111111,6,594.9033320399781
2036,36.0,93.0,2,3.7569444444444446,6,595.2699645291301
2037,36.0,94.0,2,3.7534722222222223,6,595.48513704509
2038,36.0,95.0,2,3.75,6,595.4229793420175
2039,36.0,96.0,2,3.763888888888889,6,595.262433032863
2040,36.0,97.0,2,3.7604166666666665,6,595.0425189905916
2041,36.0,98.0,2,3.732638888888889,6,594.9613169577041
2042,36.0,99.0,2,3.7291666666666665,6,595.1644561986479
2043,36.0,100.0,2,3.75,5,595.3066893851768
2044,36.0,101.0,2,3.7465277777777777,6,595.4009571701818
2045,36.0,102.0,2,3.7569444444444446,6,595.3522610236404
2046,36.0,103.0,2,3.75,6,595.164087018901
2047,36.0,104.0,2,3.736111111111111,6,594.974918357138
2048,36.0,105.0,2,3.7430555555555554,6,595.0490227746775
2049,36.0,106.0,2,3.7430555555555554,6,595.1404186215473
2050,36.0,107.0,2,3.7534722222222223,6,595.280392413344
2051,36.0,108.0,2,3.7777777777777777,6,595.4044187392515
2052,36.0,109.0,2,3.7708333333333335,6,595.2254625099166
2053,36.0,110.0,2,3.7222222222222223,6,595.0204370839156
2054,36.0,111.0,2,3.7256944444444446,6,594.9731685421816
2055,36.0,112.0,2,3.7291666666666665,5,595.0199991311924
2056,36.0,113.0,2,3.7395833333333335,6,594.9980762267692
2057,36.0,114.0,2,3.7534722222222223,6,595.0270414471431
2058,36.0,115.0,2,3.7569444444444446,6,595.152455531996
2059,36.0,116.0,2,3.7569444444444446,6,595.2515423419359
2060,36.0,117.0,2,3.7430555555555554,6,595.1916083808233
2061,36.0,118.0,2,3.7395833333333335,6,595.1249511383362
2062,36.0,119.0,2,3.7395833333333335,6,595.0036327658056
2063,36.0,120.0,2,3.75,6,595.0224877191416
2064,36.0,121.0,2,3.763888888888889,6,595.1586907391172
2065,36.0,122.0,2,3.75,6,595.3234648175013
2066,36.0,123.0,2,3.7430555555555554,6,595.3607895106519
2067,36.0,124.0,2,3.7569444444444446,5,595.3062119083764
2068,36.0,125.0,2,3.7430555555555554,6,595.112427330359
2069,36.0,126.0,2,3.732638888888889,6,595.0445121122735
2070,36.0,127.0,2,3.7777777777777777,6,595.1244885944593
2071,36.0,128.0,2,3.7604166666666665,6,595.2579463162234
2072,36.0,129.0,2,3.7604166666666665,6,595.332403532246
2073,36.0,130.0,2,3.7569444444444446,6,595.4514104781347
2074,36.0,131.0,2,3.7395833333333335,6,595.2952286228685
2075,36.0,132.0,2,3.7430555555555554,6,595.0538706568527
2076,36.0,133.0,2,3.7430555555555554,6,594.9248088395856
2077,36.0,134.0,2,3.767361111111111,6,595.0185912765292
2078,36.0,135.0,2,3.7465277777777777,6,595.3162957501834
2079,37.0,73.0,2,3.875,6,588.7966895819568
2080,37.0,74.0,2,3.8715277777777777,6,588.8087031648794
2081,37.0,75.0,2,3.9027777777777777,6,588.7408722414548
2082,37.0,76.0,2,3.9166666666666665,6,588.4502525683681
2083,37.0,77.0,2,3.8819444444444446,6,588.3256533692434
2084,37.0,78.0,2,3.8819444444444446,6,588.4616903033988
2085,37.0,79.0,2,3.9131944444444446,6,588.7120436935279
2086,37.0,80.0,2,3.9097222222222223,6,588.7711622621625
2087,37.0,81.0,2,3.8958333333333335,6,588.6299019750232
2088,37.0,82.0,2,3.9270833333333335,6,588.5751399850443
2089,37.0,83.0,2,3.892361111111111,6,588.5043399558896
2090,37.0,84.0,2,3.861111111111111,6,588.4498825697412
2091,37.0,85.0,2,3.8715277777777777,6,588.554106740646
2092,37.0,86.0,2,3.8819444444444446,6,588.6290311198793
2093,37.0,87.0,2,3.8784722222222223,6,588.6957183215932
2094,37.0,88.0,2,3.90625,6,588.6683239265508
2095,37.0,89.0,2,3.9027777777777777,6,588.6396594305672
2096,37.0,90.0,2,3.892361111111111,6,588.5295653808245
2097,37.0,91.0,2,3.9097222222222223,6,588.5103594712809
2098,37.0,92.0,2,3.875,6,588.4979510905082
2099,37.0,93.0,2,3.8506944444444446,6,588.4786944243818
2100,37.0,94.0,2,3.90625,6,588.6949532972333
2101,37.0,95.0,2,3.923611111111111,6,588.7157701715222
2102,37.0,96.0,2,3.8958333333333335,6,588.5964438207704
2103,37.0,97.0,2,3.8506944444444446,6,588.540086376444
2104,37.0,98.0,2,3.8506944444444446,6,588.513968301484
2105,37.0,99.0,2,3.8715277777777777,6,588.3432826427459
2106,37.0,100.0,2,3.8993055555555554,6,588.3891730548612
2107,37.0,101.0,2,3.920138888888889,6,588.690679328282
2108,37.0,102.0,2,3.9027777777777777,6,588.8293239756661
2109,37.0,103.0,2,3.8958333333333335,6,588.7548633972053
2110,37.0,104.0,2,3.857638888888889,6,588.5688792237922
2111,37.0,105.0,2,3.875,6,588.324964071767
2112,37.0,106.0,2,3.892361111111111,6,588.316495743486
2113,37.0,107.0,2,3.8993055555555554,6,588.5877363379522
2114,37.0,108.0,2,3.888888888888889,6,588.8147470807519
2115,37.0,109.0,2,3.8645833333333335,6,588.8582532773282
2116,37.0,110.0,2,3.892361111111111,6,588.7273226830696
2117,37.0,111.0,2,3.8819444444444446,6,588.3903006929833
2118,37.0,112.0,2,3.8819444444444446,6,588.2366160792577
2119,37.0,113.0,2,3.8854166666666665,6,588.4415315616149
2120,37.0,114.0,2,3.8854166666666665,6,588.675842565219
2121,37.0,115.0,2,3.892361111111111,6,588.7663496171868
2122,37.0,116.0,2,3.8472222222222223,6,588.8375737453946
2123,37.0,117.0,2,3.8680555555555554,6,588.5755063914044
2124,37.0,118.0,2,3.8958333333333335,6,588.3286399330597
2125,37.0,119.0,2,3.8819444444444446,6,588.3444205744302
2126,37.0,120.0,2,3.8715277777777777,6,588.549581405468
2127,37.0,121.0,2,3.875,6,588.7609302285562
2128,37.0,122.0,2,3.8854166666666665,6,588.8978745928335
2129,37.0,123.0,2,3.8958333333333335,6,588.7161209593331
2130,37.0,124.0,2,3.9097222222222223,6,588.3882385473767
2131,37.0,125.0,2,3.892361111111111,6,588.3655820863949
2132,37.0,126.0,2,3.8645833333333335,6,588.509545500757
2133,37.0,127.0,2,3.8715277777777777,6,588.5366841830132
2134,37.0,128.0,2,3.8715277777777777,6,588.6451354178611
2135,37.0,129.0,2,3.8993055555555554,6,588.6458750552379
2136,37.0,130.0,2,3.8958333333333335,6,588.5782639082357
2137,37.0,131.0,2,3.8715277777777777,6,588.4522196400044
2138,37.0,132.0,2,3.84375,6,588.5434059871862
2139,37.0,133.0,2,3.892361111111111,6,588.464169901596
2140,37.0,134.0,2,3.9097222222222223,6,588.5128442485395
2141,37.0,135.0,2,3.8958333333333335,6,588.6149392574583
2142,38.0,73.0,2,4.069444444444445,8,600.7640210338691
2143,38.0,74.0,2,4.048611111111111,8,600.8113377870743
2144,38.0,75.0,2,4.03125,8,600.6808507488394
2145,38.0,76.0,2,4.03125,8,600.359344048103
2146,38.0,77.0,2,4.045138888888889,8,600.3465031084542
2147,38.0,78.0,2,4.041666666666667,7,600.5422987933206
2148,38.0,79.0,2,4.055555555555555,7,600.8330513275553
2149,38.0,80.0,2,4.065972222222222,8,600.8308920279883
2150,38.0,81.0,2,4.045138888888889,8,600.6552349168823
2151,38.0,82.0,2,4.03125,8,600.5928240585034
2152,38.0,83.0,2,4.024305555555555,8,600.6080193937222
2153,38.0,84.0,2,4.052083333333333,8,600.6309655335597
2154,38.0,85.0,2,4.076388888888889,8,600.7211464987662
2155,38.0,86.0,2,4.034722222222222,8,600.7313274873936
2156,38.0,87.0,2,4.034722222222222,8,600.6745272653177
2157,38.0,88.0,2,4.0625,8,600.5762395404258
2158,38.0,89.0,2,4.041666666666667,8,600.5977020470534
2159,38.0,90.0,2,4.027777777777778,7,600.5615692341767
2160,38.0,91.0,2,4.034722222222222,7,600.579715545178
2161,38.0,92.0,2,4.0625,8,600.526320080361
2162,38.0,93.0,2,4.048611111111111,8,600.4581272604613
2163,38.0,94.0,2,4.034722222222222,8,600.5331695549664
2164,38.0,95.0,2,4.027777777777778,8,600.5625694331433
2165,38.0,96.0,2,4.034722222222222,8,600.4740693467147
2166,38.0,97.0,2,4.045138888888889,8,600.4357402892736
2167,38.0,98.0,2,4.034722222222222,8,600.4365206393504
2168,38.0,99.0,2,4.048611111111111,8,600.2451441558838
2169,38.0,100.0,2,4.038194444444445,8,600.2184239863024
2170,38.0,101.0,2,4.03125,8,600.5551740064496
2171,38.0,102.0,2,4.03125,7,600.7674564395943
2172,38.0,103.0,2,4.045138888888889,7,600.7692470965771
2173,38.0,104.0,2,4.059027777777778,8,600.5807029417672
2174,38.0,105.0,2,4.045138888888889,8,600.3285639639511
2175,38.0,106.0,2,4.041666666666667,8,600.261080349515
2176,38.0,107.0,2,4.045138888888889,8,600.5656249363966
2177,38.0,108.0,2,4.065972222222222,8,600.750306364941
2178,38.0,109.0,2,4.038194444444445,8,600.8338441955432
2179,38.0,110.0,2,4.038194444444445,8,600.8219736501493
2180,38.0,111.0,2,4.0625,8,600.552138483526
2181,38.0,112.0,2,4.0625,8,600.3694224866931
2182,38.0,113.0,2,4.052083333333333,8,600.6207289637618
2183,38.0,114.0,2,4.041666666666667,8,600.7849219077162
2184,38.0,115.0,2,4.038194444444445,8,600.8236144296167
2185,38.0,116.0,2,4.076388888888889,8,600.8335668393944
2186,38.0,117.0,2,4.076388888888889,8,600.64253007309
2187,38.0,118.0,2,4.038194444444445,8,600.3015719572884
2188,38.0,119.0,2,4.048611111111111,8,600.3897431847136
2189,38.0,120.0,2,4.055555555555555,8,600.523738560821
2190,38.0,121.0,2,4.034722222222222,7,600.7432314302504
2191,38.0,122.0,2,4.038194444444445,8,600.897118987557
2192,38.0,123.0,2,4.048611111111111,8,600.6736293086633
2193,38.0,124.0,2,4.052083333333333,8,600.2501383941498
2194,38.0,125.0,2,4.041666666666667,8,600.3188819719451
2195,38.0,126.0,2,4.03125,8,600.4370290148895
2196,38.0,127.0,2,4.03125,8,600.4095612682764
2197,38.0,128.0,2,4.072916666666667,8,600.4730163357291
2198,38.0,129.0,2,4.045138888888889,8,600.5323689386997
2199,38.0,130.0,2,4.024305555555555,8,600.359766167652
2200,38.0,131.0,2,4.052083333333333,8,600.3744694041358
2201,38.0,132.0,2,4.059027777777778,8,600.4676489370571
2202,38.0,133.0,2,4.027777777777778,7,600.4637418478985
2203,38.0,134.0,2,4.024305555555555,8,600.5101219264466
2204,38.0,135.0,2,4.048611111111111,8,600.5869222222198
2205,39.0,73.0,2,4.215277777777778,7,590.1585252811154
2206,39.0,74.0,2,4.239583333333333,7,589.9570136059881
2207,39.0,75.0,2,4.243055555555555,7,589.8790394650939
2208,39.0,76.0,2,4.201388888888889,7,589.8874517139217
2209,39.0,77.0,2,4.232638888888889,7,589.8876344853854
2210,39.0,78.0,2,4.232638888888889,7,589.8683857514756
2211,39.0,79.0,2,4.229166666666667,7,589.9384795407195
2212,39.0,80.0,2,4.246527777777778,7,590.0977163246714
2213,39.0,81.0,2,4.236111111111111,7,590.2639539596373
2214,39.0,82.0,2,4.215277777777778,7,590.1253291759443
2215,39.0,83.0,2,4.229166666666667,7,589.8372492544435
2216,39.0,84.0,2,4.229166666666667,7,589.8567801645524
2217,39.0,85.0,2,4.208333333333333,7,590.0491573039461
2218,39.0,86.0,2,4.246527777777778,7,590.0788782098672
2219,39.0,87.0,2,4.222222222222222,7,590.1123646672748
2220,39.0,88.0,2,4.21875,7,590.023046703965
2221,39.0,89.0,2,4.232638888888889,7,589.9200801042994
2222,39.0,90.0,2,4.21875,7,589.8767717717915
2223,39.0,91.0,2,4.21875,7,589.9487309681323
2224,39.0,92.0,2,4.225694444444445,7,589.9435215280005
2225,39.0,93.0,2,4.229166666666667,7,589.907693863503
2226,39.0,94.0,2,4.232638888888889,7,589.8583109306345
2227,39.0,95.0,2,4.225694444444445,7,589.9413831350041
2228,39.0,96.0,2,4.225694444444445,7,589.9514636451215
2229,39.0,97.0,2,4.204861111111111,7,589.8047390345542
2230,39.0,98.0,2,4.236111111111111,7,589.7172519278384
2231,39.0,99.0,2,4.232638888888889,7,589.7168923897809
2232,39.0,100.0,2,4.222222222222222,7,589.8937190547384
2233,39.0,101.0,2,4.215277777777778,7,589.9496187995157
2234,39.0,102.0,2,4.229166666666667,7,589.8382653232452
2235,39.0,103.0,2,4.260416666666667,7,589.8483761636629
2236,39.0,104.0,2,4.21875,7,589.9874515004915
2237,39.0,105.0,2,4.236111111111111,7,589.9355238616195
2238,39.0,106.0,2,4.211805555555555,7,589.9474296291735
2239,39.0,107.0,2,4.222222222222222,7,589.8859620741405
2240,39.0,108.0,2,4.211805555555555,7,590.0269794325759
2241,39.0,109.0,2,4.232638888888889,7,590.1461049487442
2242,39.0,110.0,2,4.232638888888889,7,590.140581506113
2243,39.0,111.0,2,4.229166666666667,7,589.9517606854565
2244,39.0,112.0,2,4.236111111111111,7,589.8819377314335
2245,39.0,113.0,2,4.21875,7,589.7999679920922
2246,39.0,114.0,2,4.239583333333333,7,590.0365663997496
2247,39.0,115.0,2,4.246527777777778,7,590.222957952808
2248,39.0,116.0,2,4.222222222222222,7,590.211994534601
2249,39.0,117.0,2,4.243055555555555,7,589.9928063650754
2250,39.0,118.0,2,4.243055555555555,7,589.8922625851243
2251,39.0,119.0,2,4.211805555555555,7,589.9138640182788
2252,39.0,120.0,2,4.201388888888889,7,589.9442131040825
2253,39.0,121.0,2,4.239583333333333,7,589.9051574858648
2254,39.0,122.0,2,4.25,7,589.8965674302885
2255,39.0,123.0,2,4.225694444444445,7,590.001248058715
2256,39.0,124.0,2,4.232638888888889,7,590.0461117959017
2257,39.0,125.0,2,4.211805555555555,7,589.8529368998857
2258,39.0,126.0,2,4.222222222222222,7,589.6128981283806
2259,39.0,127.0,2,4.239583333333333,7,589.710102396075
2260,39.0,128.0,2,4.211805555555555,7,589.9224641959249
2261,39.0,129.0,2,4.211805555555555,7,589.976523502964
2262,39.0,130.0,2,4.236111111111111,7,589.941452909196
2263,39.0,131.0,2,4.246527777777778,7,589.888882819629
2264,39.0,132.0,2,4.215277777777778,7,589.8388308561894
2265,39.0,133.0,2,4.236111111111111,7,589.8235938837929
2266,39.0,134.0,2,4.211805555555555,7,589.9166954677676
2267,39.0,135.0,2,4.222222222222222,7,589.9559236251368
2268,40.0,73.0,3,4.402777777777778,6,580.7607713136553
2269,40.0,74.0,3,4.427083333333333,7,580.8082309620655
2270,40.0,75.0,3,4.4375,6,580.6298819526405
2271,40.0,76.0,3,4.430555555555555,6,580.4518663793775
2272,40.0,77.0,3,4.458333333333333,7,580.6228757296653
2273,40.0,78.0,3,4.458333333333333,7,580.6421031195209
2274,40.0,79.0,3,4.420138888888889,7,580.6646000666233
2275,40.0,80.0,3,4.454861111111111,7,580.8298597354241
2276,40.0,81.0,3,4.454861111111111,7,580.880029002678
2277,40.0,82.0,3,4.440972222222222,6,580.5384235879567
2278,40.0,83.0,3,4.427083333333333,6,580.4644489213338
2279,40.0,84.0,3,4.402777777777778,7,580.642544436006
2280,40.0,85.0,3,4.402777777777778,6,580.5834689784621
2281,40.0,86.0,3,4.451388888888889,7,580.7166523827723
2282,40.0,87.0,3,4.430555555555555,6,580.8939355618272
2283,40.0,88.0,3,4.4375,6,580.6351640696279
2284,40.0,89.0,3,4.444444444444445,7,580.5997065704108
2285,40.0,90.0,3,4.447916666666667,6,580.7552369151294
2286,40.0,91.0,3,4.447916666666667,7,580.6556485589864
2287,40.0,92.0,3,4.454861111111111,7,580.6895588497974
2288,40.0,93.0,3,4.440972222222222,7,580.7697113537329
2289,40.0,94.0,3,4.4375,6,580.5290334950209
2290,40.0,95.0,3,4.454861111111111,6,580.6145214820747
2291,40.0,96.0,3,4.430555555555555,7,580.8053908689269
2292,40.0,97.0,3,4.413194444444445,7,580.6740102517808
2293,40.0,98.0,3,4.430555555555555,7,580.6683260965685
2294,40.0,99.0,3,4.430555555555555,6,580.7201455578544
2295,40.0,100.0,3,4.454861111111111,6,580.710317522954
2296,40.0,101.0,3,4.447916666666667,6,580.5857731934618
2297,40.0,102.0,3,4.423611111111111,6,580.675695739595
2298,40.0,103.0,3,4.434027777777778,7,580.7209583429809
2299,40.0,104.0,3,4.4375,7,580.6540430173246
2300,40.0,105.0,3,4.440972222222222,7,580.671438950538
2301,40.0,106.0,3,4.434027777777778,6,580.6847629569467
2302,40.0,107.0,3,4.447916666666667,7,580.5373238236724
2303,40.0,108.0,3,4.427083333333333,6,580.7646554720438
2304,40.0,109.0,3,4.430555555555555,7,580.8427432529434
2305,40.0,110.0,3,4.430555555555555,7,580.7247853438973
2306,40.0,111.0,3,4.440972222222222,6,580.6430125763178
2307,40.0,112.0,3,4.427083333333333,6,580.6041310038543
2308,40.0,113.0,3,4.444444444444445,6,580.3780368135546
2309,40.0,114.0,3,4.416666666666667,6,580.6436093906565
2310,40.0,115.0,3,4.440972222222222,7,580.8888427229266
2311,40.0,116.0,3,4.427083333333333,7,580.7685922408643
2312,40.0,117.0,3,4.444444444444445,7,580.6408154039068
2313,40.0,118.0,3,4.423611111111111,6,580.6591182204621
2314,40.0,119.0,3,4.444444444444445,7,580.5041045064661
2315,40.0,120.0,3,4.434027777777778,7,580.577915532207
2316,40.0,121.0,3,4.427083333333333,7,580.6988143944172
2317,40.0,122.0,3,4.420138888888889,7,580.6697330245329
2318,40.0,123.0,3,4.440972222222222,6,580.6963171331879
2319,40.0,124.0,3,4.444444444444445,6,580.8502086622661
2320,40.0,125.0,3,4.4375,6,580.6414520888926
2321,40.0,126.0,3,4.427083333333333,7,580.5551667714149
2322,40.0,127.0,3,4.420138888888889,7,580.6960006865752
2323,40.0,128.0,3,4.423611111111111,7,580.7038921237431
2324,40.0,129.0,3,4.461805555555555,7,580.6453453405579
2325,40.0,130.0,3,4.4375,6,580.7777668206186
2326,40.0,131.0,3,4.447916666666667,7,580.7231938629765
2327,40.0,132.0,3,4.4375,7,580.5730281429672
2328,40.0,133.0,3,4.4375,7,580.6623453782385
2329,40.0,134.0,3,4.423611111111111,7,580.7057640145541
2330,40.0,135.0,3,4.447916666666667,6,580.6045311245836
2331,41.0,73.0,3,4.697916666666667,7,586.2449412985948
2332,41.0,74.0,3,4.649305555555555,7,586.3169587154395
2333,41.0,75.0,3,4.673611111111111,7,586.3257926737847
2334,41.0,76.0,3,4.701388888888889,7,586.2292202302492
2335,41.0,77.0,3,4.673611111111111,7,586.1404120126422
2336,41.0,78.0,3,4.673611111111111,7,586.176195968257
2337,41.0,79.0,3,4.708333333333333,7,586.1552126126786
2338,41.0,80.0,3,4.673611111111111,7,586.2434176753309
2339,41.0,81.0,3,4.673611111111111,7,586.1148793510591
2340,41.0,82.0,3,4.708333333333333,7,586.118204453905
2341,41.0,83.0,3,4.694444444444445,7,586.1029660332683
2342,41.0,84.0,3,4.659722222222222,7,586.1020697493439
2343,41.0,85.0,3,4.690972222222222,7,586.0008948382751
2344,41.0,86.0,3,4.666666666666667,7,586.1198779505523
2345,41.0,87.0,3,4.690972222222222,7,586.232686959359
2346,41.0,88.0,3,4.677083333333333,7,586.3628340752825
2347,41.0,89.0,3,4.663194444444445,7,586.3820153494715
2348,41.0,90.0,3,4.6875,7,586.1977568036205
2349,41.0,91.0,3,4.715277777777778,7,586.100109299407
2350,41.0,92.0,3,4.684027777777778,7,586.2066265733265
2351,41.0,93.0,3,4.6875,7,586.3797003513328
2352,41.0,94.0,3,4.715277777777778,7,586.3944329828538
2353,41.0,95.0,3,4.708333333333333,7,586.3298546579252
2354,41.0,96.0,3,4.666666666666667,7,586.2498202759912
2355,41.0,97.0,3,4.697916666666667,7,586.281154071437
2356,41.0,98.0,3,4.684027777777778,7,586.434570737582
2357,41.0,99.0,3,4.694444444444445,7,586.4714463778089
2358,41.0,100.0,3,4.684027777777778,7,586.3094221912529
2359,41.0,101.0,3,4.697916666666667,7,586.3301000722354
2360,41.0,102.0,3,4.677083333333333,7,586.3319212980083
2361,41.0,103.0,3,4.684027777777778,7,586.2104980199988
2362,41.0,104.0,3,4.715277777777778,7,586.2076344683408
2363,41.0,105.0,3,4.704861111111111,7,586.2944261870256
2364,41.0,106.0,3,4.715277777777778,7,586.2523453762647
2365,41.0,107.0,3,4.704861111111111,7,586.3321831086577
2366,41.0,108.0,3,4.666666666666667,7,586.3597559379526
2367,41.0,109.0,3,4.680555555555555,7,586.1142703991311
2368,41.0,110.0,3,4.697916666666667,7,586.0741509009724
2369,41.0,111.0,3,4.708333333333333,7,586.1678994196927
2370,41.0,112.0,3,4.663194444444445,7,586.1898841022702
2371,41.0,113.0,3,4.680555555555555,7,586.1102823850518
2372,41.0,114.0,3,4.684027777777778,7,586.0233144165211
2373,41.0,115.0,3,4.659722222222222,7,585.9842737478061
2374,41.0,116.0,3,4.701388888888889,7,586.1879993233578
2375,41.0,117.0,3,4.697916666666667,7,586.3461027213813
2376,41.0,118.0,3,4.708333333333333,7,586.2872522421123
2377,41.0,119.0,3,4.704861111111111,7,586.1633177964078
2378,41.0,120.0,3,4.690972222222222,7,586.1394817906862
2379,41.0,121.0,3,4.663194444444445,7,586.1878120088543
2380,41.0,122.0,3,4.697916666666667,7,586.2778401937535
2381,41.0,123.0,3,4.71875,7,586.3687107738781
2382,41.0,124.0,3,4.694444444444445,7,586.3599822343356
2383,41.0,125.0,3,4.71875,7,586.3424037359133
2384,41.0,126.0,3,4.704861111111111,7,586.3725297567819
2385,41.0,127.0,3,4.663194444444445,7,586.3534003200423
2386,41.0,128.0,3,4.694444444444445,7,586.3056995314229
2387,41.0,129.0,3,4.715277777777778,7,586.3439031759536
2388,41.0,130.0,3,4.711805555555555,7,586.4596301539195
2389,41.0,131.0,3,4.711805555555555,7,586.4693581700726
2390,41.0,132.0,3,4.708333333333333,7,586.2982413604973
2391,41.0,133.0,3,4.663194444444445,7,586.1146630965461
2392,41.0,134.0,3,4.694444444444445,7,586.1350350584681
2393,41.0,135.0,3,4.690972222222222,7,586.3324467752811
2394,42.0,73.0,3,4.996527777777778,7,580.9994372030162
2395,42.0,74.0,3,5.006944444444445,7,580.7115164852725
2396,42.0,75.0,3,4.965277777777778,7,580.6648001742407
2397,42.0,76.0,3,4.975694444444445,7,580.9149442085924
2398,42.0,77.0,3,4.989583333333333,7,580.9168437758976
2399,42.0,78.0,3,5.0,7,580.8102415631886
2400,42.0,79.0,3,5.024305555555555,7,580.7442325297271
2401,42.0,80.0,3,5.010416666666667,7,580.7329262790258
2402,42.0,81.0,3,5.0,7,580.7208113339738
2403,42.0,82.0,3,4.975694444444445,7,580.7323090984733
2404,42.0,83.0,3,4.972222222222222,7,580.613537534115
2405,42.0,84.0,3,5.010416666666667,7,580.6657605630569
2406,42.0,85.0,3,5.006944444444445,7,580.8820085947812
2407,42.0,86.0,3,4.979166666666667,7,580.8394826014178
2408,42.0,87.0,3,4.954861111111111,7,580.6349099616343
2409,42.0,88.0,3,4.993055555555555,7,580.7214121372535
2410,42.0,89.0,3,5.0,7,580.7159764614183
2411,42.0,90.0,3,5.006944444444445,7,580.6895505324608
2412,42.0,91.0,3,4.975694444444445,7,580.984958928062
2413,42.0,92.0,3,5.010416666666667,7,581.0318760361615
2414,42.0,93.0,3,5.013888888888889,7,580.7804091172353
2415,42.0,94.0,3,4.986111111111111,7,580.8075825429955
2416,42.0,95.0,3,4.982638888888889,7,580.8460589297927
2417,42.0,96.0,3,4.996527777777778,7,580.9188718044417
2418,42.0,97.0,3,5.027777777777778,7,580.9559466364516
2419,42.0,98.0,3,5.013888888888889,7,580.8501607645809
2420,42.0,99.0,3,4.979166666666667,7,580.8282942642392
2421,42.0,100.0,3,4.979166666666667,7,580.979353820621
2422,42.0,101.0,3,4.979166666666667,7,580.9545793112616
2423,42.0,102.0,3,5.003472222222222,7,580.736639851438
2424,42.0,103.0,3,4.986111111111111,7,580.7863458509996
2425,42.0,104.0,3,5.006944444444445,7,581.0180043737349
2426,42.0,105.0,3,5.0,7,580.9438775075482
2427,42.0,106.0,3,4.989583333333333,7,580.7646768229756
2428,42.0,107.0,3,5.013888888888889,7,580.7409460680985
2429,42.0,108.0,3,5.020833333333333,7,580.6399483079745
2430,42.0,109.0,3,5.020833333333333,7,580.6402487357481
2431,42.0,110.0,3,4.961805555555555,7,580.84858264219
2432,42.0,111.0,3,4.961805555555555,7,580.7659378963465
2433,42.0,112.0,3,4.996527777777778,7,580.7085774148806
2434,42.0,113.0,3,5.0,7,580.7376711540446
2435,42.0,114.0,3,4.972222222222222,7,580.6671572727296
2436,42.0,115.0,3,4.986111111111111,7,580.686830534623
2437,42.0,116.0,3,5.013888888888889,7,580.7913517492138
2438,42.0,117.0,3,5.020833333333333,7,580.6985714687722
2439,42.0,118.0,3,5.0,7,580.6766793472162
2440,42.0,119.0,3,4.989583333333333,7,580.9520848427142
2441,42.0,120.0,3,5.017361111111111,7,580.9586529885498
2442,42.0,121.0,3,5.017361111111111,7,580.6783581129348
2443,42.0,122.0,3,4.96875,7,580.7680049533445
2444,42.0,123.0,3,4.982638888888889,7,580.8810790379603
2445,42.0,124.0,3,4.982638888888889,7,580.9330189024995
2446,42.0,125.0,3,4.961805555555555,7,580.9426043200659
2447,42.0,126.0,3,4.986111111111111,7,580.8435219590107
2448,42.0,127.0,3,5.038194444444445,7,580.7525985296712
2449,42.0,128.0,3,5.020833333333333,7,580.944505846333
2450,42.0,129.0,3,4.989583333333333,7,580.9930808555333
2451,42.0,130.0,3,4.993055555555555,7,580.81590008032
2452,42.0,131.0,3,5.010416666666667,7,580.8576720593966
2453,42.0,132.0,3,5.013888888888889,7,580.9441179959522
2454,42.0,133.0,3,5.003472222222222,7,580.8326032819609
2455,42.0,134.0,3,4.975694444444445,7,580.8019486298114
2456,42.0,135.0,3,5.003472222222222,7,580.8497810732302
2457,43.0,73.0,4,5.319444444444445,7,576.6537354727998
2458,43.0,74.0,4,5.388888888888889,8,576.7196285327426
2459,43.0,75.0,4,5.385416666666667,8,576.7553290913381
2460,43.0,76.0,3,5.378472222222222,8,576.5313250722634
2461,43.0,77.0,3,5.416666666666667,8,576.8219526549586
2462,43.0,78.0,3,5.392361111111111,8,576.8372420148154
2463,43.0,79.0,4,5.347222222222222,8,576.7602301746278
2464,43.0,80.0,3,5.385416666666667,8,576.7328085599631
2465,43.0,81.0,3,5.402777777777778,8,576.672961335427
2466,43.0,82.0,3,5.392361111111111,8,576.3861258432407
2467,43.0,83.0,4,5.409722222222222,8,576.7195656653003
2468,43.0,84.0,4,5.392361111111111,8,576.966051924191
2469,43.0,85.0,3,5.336805555555555,7,576.8272300444153
2470,43.0,86.0,4,5.368055555555555,8,576.6965359668806
2471,43.0,87.0,4,5.388888888888889,8,576.6746894506193
2472,43.0,88.0,3,5.378472222222222,7,576.5270068018684
2473,43.0,89.0,3,5.40625,8,576.6323576611528
2474,43.0,90.0,3,5.395833333333333,8,576.715899732062
2475,43.0,91.0,4,5.350694444444445,8,576.7550962406611
2476,43.0,92.0,3,5.381944444444445,8,576.7819025524094
2477,43.0,93.0,3,5.385416666666667,7,576.892992874574
2478,43.0,94.0,3,5.392361111111111,8,576.6199339265621
2479,43.0,95.0,4,5.375,8,576.4584615017709
2480,43.0,96.0,4,5.388888888888889,8,576.6953410866792
2481,43.0,97.0,3,5.357638888888889,8,576.7404497299948
2482,43.0,98.0,4,5.357638888888889,8,576.7480804968101
2483,43.0,99.0,4,5.378472222222222,8,576.8543819509076
2484,43.0,100.0,3,5.381944444444445,8,576.7046083496914
2485,43.0,101.0,3,5.395833333333333,8,576.4544077477818
2486,43.0,102.0,4,5.378472222222222,7,576.6962957194696
2487,43.0,103.0,4,5.361111111111111,8,576.8165758811629
2488,43.0,104.0,4,5.364583333333333,8,576.7491485495199
2489,43.0,105.0,3,5.375,7,576.8545272732512
2490,43.0,106.0,3,5.385416666666667,8,576.7331648632597
2491,43.0,107.0,4,5.371527777777778,8,576.5890135576316
2492,43.0,108.0,3,5.395833333333333,7,576.6849730569102
2493,43.0,109.0,4,5.381944444444445,8,576.6275237890452
2494,43.0,110.0,4,5.322916666666667,8,576.5836235045172
2495,43.0,111.0,3,5.388888888888889,8,576.8269313299129
2496,43.0,112.0,3,5.402777777777778,8,577.0231187623144
2497,43.0,113.0,3,5.381944444444445,8,576.7167010810742
2498,43.0,114.0,4,5.371527777777778,8,576.5731724614366
2499,43.0,115.0,4,5.368055555555555,8,576.6368613319802
2500,43.0,116.0,3,5.361111111111111,8,576.6240000244829
2501,43.0,117.0,3,5.378472222222222,8,576.7253465411118
2502,43.0,118.0,4,5.381944444444445,8,576.8842485899701
2503,43.0,119.0,3,5.392361111111111,8,576.7334887908452
2504,43.0,120.0,3,5.385416666666667,7,576.6761558581878
2505,43.0,121.0,4,5.402777777777778,8,576.8039949054032
2506,43.0,122.0,4,5.354166666666667,8,576.6835671947828
2507,43.0,123.0,3,5.378472222222222,8,576.6171735152847
2508,43.0,124.0,3,5.392361111111111,8,576.830193546048
2509,43.0,125.0,3,5.385416666666667,8,576.6835547088014
2510,43.0,126.0,4,5.34375,8,576.6951397055581
2511,43.0,127.0,4,5.388888888888889,8,576.8096739708075
2512,43.0,128.0,3,5.371527777777778,7,576.6274953764104
2513,43.0,129.0,3,5.357638888888889,8,576.4875750702345
2514,43.0,130.0,4,5.378472222222222,8,576.743528612389
2515,43.0,131.0,3,5.378472222222222,8,576.8196134151246
2516,43.0,132.0,3,5.371527777777778,8,576.7067195301233
2517,43.0,133.0,3,5.381944444444445,8,576.7139860713346
2518,43.0,134.0,4,5.375,8,576.6546120410078
2519,43.0,135.0,3,5.375,8,576.5947662765276
2520,44.0,73.0,4,5.913194444444445,8,590.628110107798
2521,44.0,74.0,4,5.878472222222222,8,590.6846148763443
2522,44.0,75.0,4,5.871527777777778,8,590.6942906123818
2523,44.0,76.0,4,5.861111111111111,8,590.6858835981512
2524,44.0,77.0,4,5.913194444444445,8,590.754372940431
2525,44.0,78.0,4,5.885416666666667,8,590.8243315710508
2526,44.0,79.0,4,5.892361111111111,8,590.8740146164256
2527,44.0,80.0,4,5.871527777777778,8,590.7413000404877
2528,44.0,81.0,4,5.913194444444445,8,590.6646914602399
2529,44.0,82.0,4,5.885416666666667,8,590.6098449664909
2530,44.0,83.0,4,5.875,8,590.8155021954777
2531,44.0,84.0,4,5.875,8,591.0390790084841
2532,44.0,85.0,4,5.913194444444445,8,590.9603241795754
2533,44.0,86.0,4,5.90625,8,590.6685965115611
2534,44.0,87.0,4,5.923611111111111,8,590.5981205559499
2535,44.0,88.0,3,5.864583333333333,8,590.7268987541706
2536,44.0,89.0,4,5.871527777777778,8,590.7575774155171
2537,44.0,90.0,4,5.895833333333333,8,590.712383429661
2538,44.0,91.0,4,5.902777777777778,8,590.6960642338493
2539,44.0,92.0,4,5.899305555555555,8,590.7793521904542
2540,44.0,93.0,4,5.885416666666667,8,590.7575279518258
2541,44.0,94.0,4,5.864583333333333,8,590.6434903039502
2542,44.0,95.0,4,5.871527777777778,8,590.3848769619907
2543,44.0,96.0,4,5.902777777777778,8,590.4833577595896
2544,44.0,97.0,4,5.895833333333333,8,590.6478635619899
2545,44.0,98.0,4,5.861111111111111,8,590.7299508382146
2546,44.0,99.0,4,5.902777777777778,8,590.6201322188626
2547,44.0,100.0,4,5.899305555555555,8,590.5731564165571
2548,44.0,101.0,4,5.888888888888889,8,590.4569403810176
2549,44.0,102.0,4,5.899305555555555,8,590.5877499066751
2550,44.0,103.0,4,5.881944444444445,8,590.7609453529761
2551,44.0,104.0,4,5.885416666666667,8,590.8105588431445
2552,44.0,105.0,4,5.916666666666667,8,590.6859012619174
2553,44.0,106.0,4,5.888888888888889,8,590.6730132181052
2554,44.0,107.0,4,5.864583333333333,8,590.7418889401723
2555,44.0,108.0,4,5.895833333333333,8,590.7143662959871
2556,44.0,109.0,4,5.895833333333333,8,590.6807125551155
2557,44.0,110.0,4,5.916666666666667,8,590.6425380159978
2558,44.0,111.0,4,5.930555555555555,8,590.8407340951638
2559,44.0,112.0,4,5.885416666666667,8,591.06518301758
2560,44.0,113.0,4,5.871527777777778,8,590.9741054837492
2561,44.0,114.0,4,5.913194444444445,8,590.6350646212707
2562,44.0,115.0,4,5.920138888888889,8,590.6367777298278
2563,44.0,116.0,4,5.885416666666667,8,590.7577391141085
2564,44.0,117.0,4,5.868055555555555,8,590.8128499611558
2565,44.0,118.0,4,5.892361111111111,8,590.7686407345597
2566,44.0,119.0,4,5.892361111111111,8,590.7695991499152
2567,44.0,120.0,4,5.888888888888889,8,590.7008182252816
2568,44.0,121.0,4,5.90625,8,590.7367680612267
2569,44.0,122.0,4,5.878472222222222,8,590.7351826626517
2570,44.0,123.0,4,5.881944444444445,8,590.595161084604
2571,44.0,124.0,4,5.899305555555555,8,590.5207373723773
2572,44.0,125.0,4,5.885416666666667,8,590.6658335668658
2573,44.0,126.0,4,5.888888888888889,8,590.7073963211734
2574,44.0,127.0,4,5.90625,8,590.6876897915575
2575,44.0,128.0,4,5.871527777777778,8,590.5107501418893
2576,44.0,129.0,4,5.881944444444445,8,590.3831842194197
2577,44.0,130.0,4,5.899305555555555,8,590.4496014034469
2578,44.0,131.0,4,5.850694444444445,8,590.7292357944755
2579,44.0,132.0,4,5.881944444444445,8,590.7860199601698
2580,44.0,133.0,4,5.916666666666667,8,590.6643700259666
2581,44.0,134.0,4,5.913194444444445,8,590.6082732434187
2582,44.0,135.0,4,5.864583333333333,8,590.701857993668
2583,45.0,73.0,5,6.645833333333333,8,574.5970862497152
2584,45.0,74.0,5,6.642361111111111,9,574.7359564169842
2585,45.0,75.0,5,6.635416666666667,9,574.7560641752681
2586,45.0,76.0,5,6.652777777777778,9,574.64782049426
2587,45.0,77.0,5,6.663194444444445,9,574.736045166387
2588,45.0,78.0,5,6.663194444444445,9,574.8135131935884
2589,45.0,79.0,5,6.625,8,574.7859138210055
2590,45.0,80.0,5,6.663194444444445,9,574.7044269171503
2591,45.0,81.0,5,6.663194444444445,9,574.5981724243688
2592,45.0,82.0,5,6.659722222222222,9,574.5049185865029
2593,45.0,83.0,5,6.618055555555555,9,574.7430061444353
2594,45.0,84.0,5,6.631944444444445,9,574.9687790547267
2595,45.0,85.0,5,6.65625,9,574.8072783545205
2596,45.0,86.0,5,6.635416666666667,9,574.6349380019032
2597,45.0,87.0,5,6.621527777777778,9,574.6385937533156
2598,45.0,88.0,5,6.663194444444445,9,574.7106392384089
2599,45.0,89.0,5,6.65625,8,574.7307946645046
2600,45.0,90.0,5,6.638888888888889,9,574.7221435944816
2601,45.0,91.0,5,6.607638888888889,9,574.6939711478843
2602,45.0,92.0,5,6.642361111111111,9,574.7041469009304
2603,45.0,93.0,5,6.663194444444445,9,574.8046044861097
2604,45.0,94.0,5,6.645833333333333,9,574.6897877802489
2605,45.0,95.0,5,6.604166666666667,9,574.4646613938323
2606,45.0,96.0,5,6.65625,9,574.6259812294253
2607,45.0,97.0,5,6.673611111111111,9,574.7225732144201
2608,45.0,98.0,5,6.663194444444445,9,574.808774619565
2609,45.0,99.0,5,6.635416666666667,9,574.8235856823981
2610,45.0,100.0,5,6.677083333333333,9,574.6521151896733
2611,45.0,101.0,5,6.642361111111111,9,574.4946868090549
2612,45.0,102.0,5,6.635416666666667,9,574.6618887741683
2613,45.0,103.0,5,6.635416666666667,9,574.7952997078983
2614,45.0,104.0,5,6.645833333333333,8,574.6904609865061
2615,45.0,105.0,5,6.663194444444445,9,574.704303369649
2616,45.0,106.0,5,6.618055555555555,9,574.6988657860788
2617,45.0,107.0,5,6.618055555555555,9,574.7347390572772
2618,45.0,108.0,5,6.65625,9,574.7236453354355
2619,45.0,109.0,5,6.652777777777778,9,574.6444967902535
2620,45.0,110.0,5,6.614583333333333,9,574.5496671087503
2621,45.0,111.0,5,6.65625,9,574.7639340778592
2622,45.0,112.0,5,6.670138888888889,9,574.9501846748309
2623,45.0,113.0,5,6.649305555555555,9,574.8109601948215
2624,45.0,114.0,5,6.614583333333333,9,574.5951933523548
2625,45.0,115.0,5,6.65625,9,574.6156379203259
2626,45.0,116.0,5,6.659722222222222,9,574.6259496896658
2627,45.0,117.0,5,6.659722222222222,9,574.7828840710189
2628,45.0,118.0,5,6.618055555555555,9,574.802686340313
2629,45.0,119.0,5,6.635416666666667,9,574.7342476935402
2630,45.0,120.0,5,6.65625,9,574.6499012195844
2631,45.0,121.0,5,6.670138888888889,9,574.7757012340257
2632,45.0,122.0,5,6.607638888888889,9,574.7323655335065
2633,45.0,123.0,5,6.666666666666667,9,574.5746533758232
2634,45.0,124.0,5,6.649305555555555,9,574.6245503711175
2635,45.0,125.0,5,6.670138888888889,9,574.6935446750231
2636,45.0,126.0,5,6.604166666666667,9,574.8018090251834
2637,45.0,127.0,5,6.677083333333333,9,574.8355025218938
2638,45.0,128.0,5,6.649305555555555,9,574.6077086854064
2639,45.0,129.0,5,6.635416666666667,9,574.4851652370629
2640,45.0,130.0,5,6.621527777777778,9,574.5916535498425
2641,45.0,131.0,5,6.670138888888889,9,574.7928054834842
2642,45.0,132.0,5,6.65625,8,574.7310896948712
2643,45.0,133.0,5,6.631944444444445,9,574.7185014104543
2644,45.0,134.0,5,6.618055555555555,9,574.6650926371942
2645,45.0,135.0,5,6.65625,9,574.6570422987069
2646,46.0,73.0,6,8.302083333333334,10,573.026487328096
2647,46.0,74.0,6,8.309027777777779,10,573.0035448523586
2648,46.0,75.0,6,8.32638888888889,10,573.0232544131267
2649,46.0,76.0,6,8.29861111111111,10,573.1295176861413
2650,46.0,77.0,6,8.291666666666666,10,573.1366585043811
2651,46.0,78.0,6,8.322916666666666,10,573.0725205212575
2652,46.0,79.0,6,8.319444444444445,10,573.0011329336043
2653,46.0,80.0,6,8.32638888888889,10,572.9624235147473
2654,46.0,81.0,6,8.302083333333334,10,572.9501255573347
2655,46.0,82.0,6,8.284722222222221,10,572.9842389188335
2656,46.0,83.0,6,8.3125,10,572.9694852805587
2657,46.0,84.0,6,8.34375,10,572.9966600046689
2658,46.0,85.0,6,8.333333333333334,10,573.0079970406493
2659,46.0,86.0,6,8.28125,10,572.983586561467
2660,46.0,87.0,6,8.309027777777779,10,572.9802472890259
2661,46.0,88.0,6,8.309027777777779,10,573.0123621919589
2662,46.0,89.0,6,8.291666666666666,10,573.0292891565455
2663,46.0,90.0,6,8.315972222222221,10,573.0532934934196
2664,46.0,91.0,6,8.302083333333334,10,573.1096470807153
2665,46.0,92.0,6,8.302083333333334,10,573.0926192260472
2666,46.0,93.0,6,8.336805555555555,10,573.0543787221189
2667,46.0,94.0,6,8.340277777777779,10,573.0613040172424
2668,46.0,95.0,6,8.291666666666666,10,573.0851787898711
2669,46.0,96.0,6,8.315972222222221,10,573.1157238800773
2670,46.0,97.0,6,8.32986111111111,10,573.1112879941725
2671,46.0,98.0,6,8.32986111111111,10,573.1110967118769
2672,46.0,99.0,6,8.35763888888889,10,573.1511279566989
2673,46.0,100.0,6,8.291666666666666,10,573.1629549591339
2674,46.0,101.0,6,8.28125,10,573.1223360089285
2675,46.0,102.0,6,8.319444444444445,10,573.0414920433445
2676,46.0,103.0,6,8.32986111111111,10,573.0339474091084
2677,46.0,104.0,6,8.302083333333334,10,573.0836279925693
2678,46.0,105.0,6,8.347222222222221,10,573.0981764273993
2679,46.0,106.0,6,8.288194444444445,10,573.0953366130605
2680,46.0,107.0,6,8.309027777777779,10,573.0409565890881
2681,46.0,108.0,6,8.385416666666666,10,572.9794601215675
2682,46.0,109.0,6,8.315972222222221,10,572.9323723283948
2683,46.0,110.0,6,8.28125,10,572.9922091685886
2684,46.0,111.0,6,8.319444444444445,10,573.0257972846019
2685,46.0,112.0,6,8.3125,10,573.02051044133
2686,46.0,113.0,6,8.29513888888889,10,573.00897386107
2687,46.0,114.0,6,8.322916666666666,10,572.9478815805838
2688,46.0,115.0,6,8.29513888888889,10,572.9025631761677
2689,46.0,116.0,6,8.29513888888889,10,572.9517800750035
2690,46.0,117.0,6,8.347222222222221,10,573.0153800681323
2691,46.0,118.0,6,8.336805555555555,10,573.065319546402
2692,46.0,119.0,6,8.284722222222221,10,573.1371887923283
2693,46.0,120.0,6,8.319444444444445,10,573.1012035167396
2694,46.0,121.0,6,8.354166666666666,10,572.9867769920189
2695,46.0,122.0,6,8.333333333333334,10,573.0333515477234
2696,46.0,123.0,6,8.29861111111111,10,573.0471031423106
2697,46.0,124.0,6,8.302083333333334,10,573.0933958772317
2698,46.0,125.0,6,8.29513888888889,10,573.149947593989
2699,46.0,126.0,6,8.32638888888889,10,573.1306631823911
2700,46.0,127.0,6,8.354166666666666,10,573.0780394538809
2701,46.0,128.0,6,8.350694444444445,10,573.110849894269
2702,46.0,129.0,6,8.284722222222221,10,573.1193716772192
2703,46.0,130.0,6,8.309027777777779,10,573.0834997100651
2704,46.0,131.0,6,8.354166666666666,10,573.1007747290649
2705,46.0,132.0,6,8.3125,10,573.1114223066245
2706,46.0,133.0,6,8.29861111111111,10,573.0592008953263
2707,46.0,134.0,6,8.336805555555555,10,573.0795317821862
2708,46.0,135.0,6,8.302083333333334,10,573.0678481569119
2709,47.0,73.0,7,9.097222222222221,11,569.8820652930807
2710,47.0,74.0,7,9.04861111111111,11,569.6808793560547
2711,47.0,75.0,7,9.083333333333334,11,569.6585384512614
2712,47.0,76.0,7,9.07638888888889,11,569.71945597291
2713,47.0,77.0,7,9.090277777777779,11,569.8202791705047
2714,47.0,78.0,7,9.065972222222221,11,569.6217738546305
2715,47.0,79.0,7,9.07638888888889,11,569.5507852531665
2716,47.0,80.0,7,9.0625,11,569.6556745283519
2717,47.0,81.0,7,9.083333333333334,11,569.8362580069715
2718,47.0,82.0,7,9.083333333333334,11,569.7938463122493
2719,47.0,83.0,7,9.072916666666666,11,569.6082611666754
2720,47.0,84.0,7,9.041666666666666,11,569.483171605549
2721,47.0,85.0,7,9.090277777777779,11,569.6567065022944
2722,47.0,86.0,7,9.083333333333334,11,569.8359070398484
2723,47.0,87.0,7,9.100694444444445,11,569.8081409924964
2724,47.0,88.0,7,9.065972222222221,11,569.6125024072064
2725,47.0,89.0,7,9.055555555555555,11,569.5806661442763
2726,47.0,90.0,7,9.07638888888889,11,569.7128750861758
2727,47.0,91.0,7,9.10763888888889,11,569.8273841257145
2728,47.0,92.0,7,9.07638888888889,11,569.7537297581615
2729,47.0,93.0,7,9.04513888888889,11,569.6112424747771
2730,47.0,94.0,7,9.059027777777779,11,569.6547460544666
2731,47.0,95.0,7,9.072916666666666,11,569.909614911541
2732,47.0,96.0,7,9.07638888888889,11,569.9623720652221
2733,47.0,97.0,7,9.052083333333334,11,569.7310729930256
2734,47.0,98.0,7,9.0625,11,569.5895745246183
2735,47.0,99.0,7,9.086805555555555,11,569.6432472090214
2736,47.0,100.0,7,9.090277777777779,11,569.8580943901204
2737,47.0,101.0,7,9.07638888888889,11,569.9224666720828
2738,47.0,102.0,7,9.07986111111111,11,569.7444785278806
2739,47.0,103.0,7,9.07638888888889,11,569.6292027645412
2740,47.0,104.0,7,9.065972222222221,11,569.7186125265646
2741,47.0,105.0,7,9.059027777777779,11,569.8272809659469
2742,47.0,106.0,7,9.04861111111111,11,569.738978510893
2743,47.0,107.0,7,9.03125,11,569.5917288761186
2744,47.0,108.0,7,9.0625,11,569.662826986656
2745,47.0,109.0,7,9.07638888888889,11,569.7822326133252
2746,47.0,110.0,7,9.100694444444445,11,569.8682413766633
2747,47.0,111.0,7,9.072916666666666,11,569.6547453258693
2748,47.0,112.0,7,9.065972222222221,11,569.4490835415547
2749,47.0,113.0,7,9.07986111111111,11,569.5048467754059
2750,47.0,114.0,7,9.072916666666666,11,569.7943029769334
2751,47.0,115.0,7,9.086805555555555,11,569.8819916494222
2752,47.0,116.0,7,9.04861111111111,11,569.7146599517296
2753,47.0,117.0,7,9.038194444444445,11,569.5415769437465
2754,47.0,118.0,7,9.041666666666666,11,569.5942477063413
2755,47.0,119.0,7,9.04861111111111,11,569.7556116641056
2756,47.0,120.0,7,9.055555555555555,11,569.8459732809363
2757,47.0,121.0,7,9.07986111111111,11,569.6818908279482
2758,47.0,122.0,7,9.09375,11,569.6615200645963
2759,47.0,123.0,7,9.07986111111111,11,569.7575633625219
2760,47.0,124.0,7,9.07638888888889,11,569.8788395066517
2761,47.0,125.0,7,9.09375,11,569.747279912483
2762,47.0,126.0,7,9.097222222222221,11,569.6214400361736
2763,47.0,127.0,7,9.086805555555555,11,569.606903647066
2764,47.0,128.0,7,9.072916666666666,11,569.869193886738
2765,47.0,129.0,7,9.0625,11,569.9781619878951
2766,47.0,130.0,7,9.03125,11,569.8317711231397
2767,47.0,131.0,7,9.055555555555555,11,569.5813990529837
2768,47.0,132.0,7,9.059027777777779,11,569.642281508478
2769,47.0,133.0,7,9.097222222222221,11,569.8237458934783
2770,47.0,134.0,7,9.090277777777779,11,569.858018798676
2771,47.0,135.0,7,9.07986111111111,11,569.6676542735164
2772,48.0,73.0,8,9.04861111111111,10,565.4107056125292
2773,48.0,74.0,8,9.020833333333334,10,565.246765638452
2774,48.0,75.0,8,9.027777777777779,10,565.2692303904254
2775,48.0,76.0,8,9.059027777777779,10,565.4092015516271
2776,48.0,77.0,8,9.07638888888889,10,565.3400433179609
2777,48.0,78.0,8,9.069444444444445,10,565.2854183724298
2778,48.0,79.0,8,9.052083333333334,10,565.3321462882096
2779,48.0,80.0,8,9.069444444444445,10,565.3344347382362
2780,48.0,81.0,8,9.065972222222221,10,565.4495139929671
2781,48.0,82.0,8,9.052083333333334,10,565.5237304710141
2782,48.0,83.0,8,9.038194444444445,10,565.3090209598707
2783,48.0,84.0,8,9.034722222222221,10,565.1770585626309
2784,48.0,85.0,8,9.041666666666666,10,565.3493171586861
2785,48.0,86.0,8,9.055555555555555,10,565.4542180488522
2786,48.0,87.0,8,9.020833333333334,10,565.406629854278
2787,48.0,88.0,8,9.04513888888889,10,565.3532911665834
2788,48.0,89.0,8,9.090277777777779,10,565.281395670126
2789,48.0,90.0,8,9.07638888888889,10,565.3065234830192
2790,48.0,91.0,8,9.07986111111111,10,565.4394823469679
2791,48.0,92.0,8,9.07638888888889,10,565.3569385361911
2792,48.0,93.0,8,9.055555555555555,10,565.1892302782328
2793,48.0,94.0,8,9.041666666666666,10,565.3168716939584
2794,48.0,95.0,8,9.041666666666666,10,565.412889420984
2795,48.0,96.0,8,9.0625,10,565.320457326831
2796,48.0,97.0,8,9.04513888888889,10,565.2346069000127
2797,48.0,98.0,8,9.04513888888889,10,565.1994911470964
2798,48.0,99.0,8,9.034722222222221,10,565.1798848716702
2799,48.0,100.0,8,9.0625,10,565.3645948308266
2800,48.0,101.0,8,9.09375,10,565.4379018813156
2801,48.0,102.0,8,9.072916666666666,10,565.2835195132495
2802,48.0,103.0,8,9.038194444444445,10,565.2185887619777
2803,48.0,104.0,8,9.086805555555555,10,565.3560387525204
2804,48.0,105.0,8,9.052083333333334,10,565.3626793523089
2805,48.0,106.0,8,9.027777777777779,10,565.3614933330836
2806,48.0,107.0,8,9.034722222222221,10,565.3018917036796
2807,48.0,108.0,8,9.041666666666666,10,565.253795858461
2808,48.0,109.0,8,9.0625,10,565.3501977261462
2809,48.0,110.0,8,9.055555555555555,10,565.5249710528784
2810,48.0,111.0,8,9.041666666666666,10,565.3705946858613
2811,48.0,112.0,8,9.072916666666666,10,565.2263957053282
2812,48.0,113.0,8,9.059027777777779,10,565.3237257559011
2813,48.0,114.0,8,9.059027777777779,10,565.4426184437923
2814,48.0,115.0,8,9.072916666666666,10,565.4461278648946
2815,48.0,116.0,8,9.065972222222221,10,565.4085435617143
2816,48.0,117.0,8,9.038194444444445,10,565.2845143168847
2817,48.0,118.0,8,9.024305555555555,10,565.2626753023385
2818,48.0,119.0,8,9.059027777777779,10,565.3862650247092
2819,48.0,120.0,8,9.0625,10,565.3619016111247
2820,48.0,121.0,8,9.069444444444445,10,565.2154499909832
2821,48.0,122.0,8,9.052083333333334,10,565.3052089726577
2822,48.0,123.0,8,9.069444444444445,10,565.4089087177302
2823,48.0,124.0,8,9.065972222222221,10,565.4054076548285
2824,48.0,125.0,8,9.0625,10,565.3591070354464
2825,48.0,126.0,8,9.04861111111111,10,565.2016324597782
2826,48.0,127.0,8,9.065972222222221,10,565.1179925896955
2827,48.0,128.0,8,9.072916666666666,10,565.3002417490222
2828,48.0,129.0,8,9.059027777777779,10,565.4344504923466
2829,48.0,130.0,8,9.01736111111111,10,565.3170718931754
2830,48.0,131.0,8,9.0625,10,565.2308551028359
2831,48.0,132.0,8,9.0625,10,565.2576377092729
2832,48.0,133.0,8,9.04861111111111,10,565.3025349610994
2833,48.0,134.0,8,9.052083333333334,10,565.4075896209238
2834,48.0,135.0,8,9.065972222222221,10,565.38411640602
2835,49.0,73.0,6,8.555555555555555,10,560.5381432804139
2836,49.0,74.0,6,8.604166666666666,11,560.7354042720623
2837,49.0,75.0,6,8.60763888888889,11,560.7481258122959
2838,49.0,76.0,6,8.60763888888889,11,560.5305177908957
2839,49.0,77.0,6,8.572916666666666,10,560.551037575009
2840,49.0,78.0,6,8.57986111111111,11,560.6748017614186
2841,49.0,79.0,6,8.59375,10,560.770878306913
2842,49.0,80.0,6,8.57638888888889,11,560.7032887178794
2843,49.0,81.0,6,8.590277777777779,10,560.5398159513429
2844,49.0,82.0,6,8.60763888888889,11,560.4947967275889
2845,49.0,83.0,6,8.618055555555555,11,560.7002507167555
2846,49.0,84.0,6,8.614583333333334,11,560.8452327636104
2847,49.0,85.0,6,8.572916666666666,11,560.6658863345849
2848,49.0,86.0,6,8.590277777777779,11,560.5289986304804
2849,49.0,87.0,6,8.583333333333334,11,560.5720463586408
2850,49.0,88.0,6,8.597222222222221,10,560.6854661205621
2851,49.0,89.0,6,8.590277777777779,11,560.7389639032176
2852,49.0,90.0,6,8.59375,11,560.6297367385479
2853,49.0,91.0,6,8.572916666666666,10,560.5215559327221
2854,49.0,92.0,6,8.57986111111111,10,560.5843787832015
2855,49.0,93.0,6,8.583333333333334,10,560.7969432002538
2856,49.0,94.0,6,8.59375,11,560.6881075869474
2857,49.0,95.0,6,8.600694444444445,11,560.4959289467948
2858,49.0,96.0,6,8.586805555555555,11,560.5256949339862
2859,49.0,97.0,6,8.57986111111111,10,560.6453363571259
2860,49.0,98.0,6,8.597222222222221,11,560.7705221715282
2861,49.0,99.0,6,8.600694444444445,10,560.7149780700674
2862,49.0,100.0,6,8.572916666666666,11,560.5250366494241
2863,49.0,101.0,6,8.572916666666666,10,560.4644497043566
2864,49.0,102.0,6,8.604166666666666,11,560.6811746125865
2865,49.0,103.0,6,8.583333333333334,10,560.7699031817493
2866,49.0,104.0,6,8.57638888888889,10,560.60905097797
2867,49.0,105.0,6,8.59375,11,560.5606385029678
2868,49.0,106.0,6,8.604166666666666,11,560.5947653576982
2869,49.0,107.0,6,8.600694444444445,11,560.7218350921526
2870,49.0,108.0,6,8.604166666666666,11,560.745594807974
2871,49.0,109.0,6,8.583333333333334,10,560.5970144944504
2872,49.0,110.0,6,8.583333333333334,10,560.4727575798108
2873,49.0,111.0,6,8.59375,11,560.6521918042977
2874,49.0,112.0,6,8.57638888888889,11,560.8388639066828
2875,49.0,113.0,6,8.586805555555555,11,560.7353946801514
2876,49.0,114.0,6,8.61111111111111,11,560.5499475221656
2877,49.0,115.0,6,8.597222222222221,10,560.5279989083881
2878,49.0,116.0,6,8.590277777777779,10,560.6359204438002
2879,49.0,117.0,6,8.59375,11,560.7885408994429
2880,49.0,118.0,6,8.59375,11,560.7281119636953
2881,49.0,119.0,6,8.586805555555555,11,560.5494724052691
2882,49.0,120.0,6,8.600694444444445,11,560.5319545850134
2883,49.0,121.0,6,8.597222222222221,10,560.7286081124759
2884,49.0,122.0,6,8.590277777777779,11,560.7295138247632
2885,49.0,123.0,6,8.590277777777779,11,560.5955122329917
2886,49.0,124.0,6,8.559027777777779,10,560.5194139195655
2887,49.0,125.0,6,8.572916666666666,11,560.582857039439
2888,49.0,126.0,6,8.583333333333334,11,560.7307907079359
2889,49.0,127.0,6,8.597222222222221,10,560.7801592260628
2890,49.0,128.0,6,8.586805555555555,11,560.5693565414188
2891,49.0,129.0,6,8.586805555555555,11,560.4499311904251
2892,49.0,130.0,6,8.600694444444445,11,560.6099159894388
2893,49.0,131.0,6,8.597222222222221,11,560.7738488776408
2894,49.0,132.0,6,8.57986111111111,10,560.7082164336093
2895,49.0,133.0,6,8.590277777777779,10,560.5837892495416
2896,49.0,134.0,6,8.61111111111111,11,560.5258546221895
2897,49.0,135.0,6,8.586805555555555,11,560.6250814325367
2898,50.0,73.0,6,7.770833333333333,10,558.743660439719
2899,50.0,74.0,6,7.805555555555555,10,558.6960923629928
2900,50.0,75.0,6,7.78125,10,558.6843362942632
2901,50.0,76.0,6,7.763888888888889,10,558.7532758070604
2902,50.0,77.0,6,7.763888888888889,10,558.8182891553638
2903,50.0,78.0,6,7.777777777777778,10,558.7317049346672
2904,50.0,79.0,6,7.774305555555555,10,558.6297442632949
2905,50.0,80.0,6,7.788194444444445,10,558.6967423237688
2906,50.0,81.0,6,7.784722222222222,9,558.778896497129
2907,50.0,82.0,6,7.767361111111111,10,558.7617780747516
2908,50.0,83.0,6,7.774305555555555,10,558.6967498891885
2909,50.0,84.0,6,7.809027777777778,10,558.6801312950272
2910,50.0,85.0,6,7.798611111111111,10,558.7022122225467
2911,50.0,86.0,6,7.756944444444445,10,558.7773582059417
2912,50.0,87.0,6,7.767361111111111,10,558.746823069821
2913,50.0,88.0,6,7.795138888888889,10,558.6724795250859
2914,50.0,89.0,6,7.784722222222222,10,558.6691271301257
2915,50.0,90.0,6,7.78125,10,558.7581945879332
2916,50.0,91.0,6,7.756944444444445,10,558.8031170160233
2917,50.0,92.0,6,7.763888888888889,10,558.7612962208075
2918,50.0,93.0,6,7.795138888888889,10,558.7081077057313
2919,50.0,94.0,6,7.774305555555555,10,558.6767460486492
2920,50.0,95.0,6,7.767361111111111,10,558.7709672189856
2921,50.0,96.0,6,7.791666666666667,10,558.8260960271687
2922,50.0,97.0,6,7.795138888888889,10,558.7390537361042
2923,50.0,98.0,6,7.763888888888889,10,558.661008671945
2924,50.0,99.0,6,7.78125,10,558.7356158976701
2925,50.0,100.0,6,7.78125,10,558.8058367395212
2926,50.0,101.0,6,7.770833333333333,10,558.7888919014367
2927,50.0,102.0,6,7.784722222222222,10,558.7123648440767
2928,50.0,103.0,6,7.784722222222222,10,558.6859250021898
2929,50.0,104.0,6,7.753472222222222,10,558.7249938250677
2930,50.0,105.0,6,7.767361111111111,10,558.8104738315859
2931,50.0,106.0,6,7.760416666666667,10,558.7688371716044
2932,50.0,107.0,6,7.777777777777778,10,558.6686080071664
2933,50.0,108.0,6,7.809027777777778,10,558.678660550941
2934,50.0,109.0,6,7.791666666666667,10,558.738407072085
2935,50.0,110.0,6,7.756944444444445,10,558.7648053263682
2936,50.0,111.0,6,7.774305555555555,10,558.7431295501008
2937,50.0,112.0,6,7.788194444444445,9,558.6722614790244
2938,50.0,113.0,6,7.795138888888889,10,558.6611766349807
2939,50.0,114.0,6,7.784722222222222,10,558.7369582872049
2940,50.0,115.0,6,7.784722222222222,10,558.7812317101427
2941,50.0,116.0,6,7.78125,10,558.6903094426964
2942,50.0,117.0,6,7.78125,10,558.6602605129005
2943,50.0,118.0,6,7.774305555555555,10,558.7257872882376
2944,50.0,119.0,6,7.767361111111111,10,558.7911966862545
2945,50.0,120.0,6,7.788194444444445,10,558.7775645593304
2946,50.0,121.0,6,7.791666666666667,10,558.7196102760287
2947,50.0,122.0,6,7.777777777777778,10,558.6671419405203
2948,50.0,123.0,6,7.777777777777778,10,558.7102104674333
2949,50.0,124.0,6,7.767361111111111,9,558.8126666438703
2950,50.0,125.0,6,7.767361111111111,10,558.7677360356154
2951,50.0,126.0,6,7.756944444444445,10,558.688720892294
2952,50.0,127.0,6,7.784722222222222,10,558.7042719507823
2953,50.0,128.0,6,7.795138888888889,10,558.7697147177684
2954,50.0,129.0,6,7.774305555555555,10,558.8062322812643
2955,50.0,130.0,6,7.777777777777778,10,558.7649754708048
2956,50.0,131.0,6,7.767361111111111,10,558.6876610713647
2957,50.0,132.0,6,7.767361111111111,10,558.6881110791447
2958,50.0,133.0,6,7.78125,10,558.7937540975049
2959,50.0,134.0,6,7.763888888888889,10,558.800667000641
2960,50.0,135.0,6,7.784722222222222,10,558.6917350373981
2961,51.0,73.0,4,6.642361111111111,8,568.9568968599227
2962,51.0,74.0,4,6.642361111111111,8,568.7907949414438
2963,51.0,75.0,5,6.677083333333333,8,568.7949108545733
2964,51.0,76.0,5,6.680555555555555,8,568.9975338116158
2965,51.0,77.0,4,6.645833333333333,8,568.9579052322596
2966,51.0,78.0,5,6.677083333333333,8,568.8833886021707
2967,51.0,79.0,5,6.694444444444445,8,568.8708468332184
2968,51.0,80.0,4,6.684027777777778,8,568.8518359598269
2969,51.0,81.0,4,6.666666666666667,8,568.9452735551337
2970,51.0,82.0,4,6.680555555555555,8,569.0456221772796
2971,51.0,83.0,5,6.680555555555555,8,568.8702417862819
2972,51.0,84.0,4,6.628472222222222,8,568.729164362095
2973,51.0,85.0,4,6.638888888888889,8,568.9082510266996
2974,51.0,86.0,5,6.670138888888889,8,569.0209100872319
2975,51.0,87.0,5,6.663194444444445,8,568.9357871160028
2976,51.0,88.0,4,6.684027777777778,8,568.865840861719
2977,51.0,89.0,4,6.673611111111111,8,568.824095645122
2978,51.0,90.0,5,6.684027777777778,8,568.8930982351606
2979,51.0,91.0,5,6.704861111111111,8,569.0288995563202
2980,51.0,92.0,4,6.680555555555555,8,568.9431342572697
2981,51.0,93.0,4,6.649305555555555,8,568.7302684245084
2982,51.0,94.0,5,6.677083333333333,8,568.8661230432731
2983,51.0,95.0,5,6.684027777777778,8,568.9712063249116
2984,51.0,96.0,4,6.631944444444445,8,568.9369300953514
2985,51.0,97.0,4,6.645833333333333,8,568.869839969335
2986,51.0,98.0,5,6.680555555555555,8,568.8194671501238
2987,51.0,99.0,5,6.677083333333333,8,568.7984577268679
2988,51.0,100.0,4,6.677083333333333,8,568.9759126260321
2989,51.0,101.0,4,6.690972222222222,8,569.0323682647324
2990,51.0,102.0,5,6.677083333333333,8,568.8501437279215
2991,51.0,103.0,5,6.677083333333333,8,568.7674238673317
2992,51.0,104.0,4,6.680555555555555,8,568.9156434382643
2993,51.0,105.0,4,6.642361111111111,8,568.9627654726687
2994,51.0,106.0,5,6.649305555555555,8,568.9307526952003
2995,51.0,107.0,5,6.65625,8,568.8550733162914
2996,51.0,108.0,4,6.628472222222222,8,568.7813407345415
2997,51.0,109.0,4,6.666666666666667,8,568.8976938730893
2998,51.0,110.0,5,6.677083333333333,8,569.0764225323724
2999,51.0,111.0,5,6.6875,8,568.916517453617
3000,51.0,112.0,4,6.666666666666667,8,568.7614069057687
3001,51.0,113.0,4,6.680555555555555,8,568.8922999622974
3002,51.0,114.0,5,6.694444444444445,8,568.9783053230954
3003,51.0,115.0,5,6.666666666666667,8,568.9870050878484
3004,51.0,116.0,4,6.659722222222222,8,568.9085403202878
3005,51.0,117.0,4,6.638888888888889,8,568.8101550493939
3006,51.0,118.0,5,6.663194444444445,8,568.801420299631
3007,51.0,119.0,4,6.642361111111111,8,569.0066835911354
3008,51.0,120.0,4,6.652777777777778,8,568.9891560614528
3009,51.0,121.0,5,6.680555555555555,8,568.7910090187771
3010,51.0,122.0,5,6.694444444444445,8,568.8308417571528
3011,51.0,123.0,4,6.684027777777778,8,568.941033770752
3012,51.0,124.0,4,6.670138888888889,8,568.9659089815245
3013,51.0,125.0,4,6.680555555555555,8,568.969408012126
3014,51.0,126.0,5,6.677083333333333,8,568.8317181734005
3015,51.0,127.0,5,6.673611111111111,8,568.7548187147809
3016,51.0,128.0,4,6.645833333333333,8,568.9242218549068
3017,51.0,129.0,4,6.642361111111111,8,569.046131115801
3018,51.0,130.0,5,6.677083333333333,8,568.854525993373
3019,51.0,131.0,4,6.642361111111111,8,568.7749162245267
3020,51.0,132.0,4,6.673611111111111,8,568.8388765478121
3021,51.0,133.0,5,6.666666666666667,8,568.9305551250726
3022,51.0,134.0,5,6.6875,8,568.9865173634189
3023,51.0,135.0,4,6.684027777777778,8,568.943705958143
3024,52.0,73.0,4,5.298611111111111,7,599.6719955903391
3025,52.0,74.0,4,5.284722222222222,7,599.5158549072067
3026,52.0,75.0,4,5.298611111111111,7,599.5232381809466
3027,52.0,76.0,4,5.274305555555555,7,599.6729975033913
3028,52.0,77.0,4,5.309027777777778,7,599.6414259694352
3029,52.0,78.0,4,5.302083333333333,7,599.5656728348167
3030,52.0,79.0,4,5.291666666666667,7,599.5598621512903
3031,52.0,80.0,4,5.309027777777778,7,599.5576832015943
3032,52.0,81.0,4,5.298611111111111,7,599.6575232791109
3033,52.0,82.0,4,5.267361111111111,7,599.7338766701563
3034,52.0,83.0,4,5.309027777777778,7,599.5980580113571
3035,52.0,84.0,4,5.277777777777778,7,599.4884879205653
3036,52.0,85.0,4,5.291666666666667,7,599.6568164083163
3037,52.0,86.0,4,5.295138888888889,7,599.6896986443253
3038,52.0,87.0,4,5.302083333333333,7,599.6227049554308
3039,52.0,88.0,4,5.270833333333333,7,599.58103286631
3040,52.0,89.0,4,5.284722222222222,7,599.5531218852707
3041,52.0,90.0,4,5.3125,7,599.5613763941499
3042,52.0,91.0,4,5.305555555555555,7,599.6645253610856
3043,52.0,92.0,4,5.302083333333333,7,599.631840546223
3044,52.0,93.0,4,5.284722222222222,7,599.4653484080615
3045,52.0,94.0,4,5.270833333333333,7,599.5670680476821
3046,52.0,95.0,4,5.305555555555555,7,599.6614669624006
3047,52.0,96.0,4,5.305555555555555,7,599.6138084641769
3048,52.0,97.0,4,5.302083333333333,7,599.554000074198
3049,52.0,98.0,4,5.298611111111111,7,599.4960744871277
3050,52.0,99.0,4,5.302083333333333,7,599.489580953206
3051,52.0,100.0,4,5.295138888888889,7,599.6213066421839
3052,52.0,101.0,4,5.288194444444445,7,599.6734954099524
3053,52.0,102.0,4,5.302083333333333,7,599.5371141527065
3054,52.0,103.0,4,5.284722222222222,7,599.4773601342052
3055,52.0,104.0,4,5.305555555555555,7,599.6237883011272
3056,52.0,105.0,4,5.291666666666667,7,599.6358414680982
3057,52.0,106.0,4,5.302083333333333,7,599.632384131709
3058,52.0,107.0,4,5.277777777777778,7,599.5915397850255
3059,52.0,108.0,4,5.274305555555555,7,599.5471685778851
3060,52.0,109.0,4,5.302083333333333,7,599.5942397471829
3061,52.0,110.0,4,5.315972222222222,7,599.7255399923556
3062,52.0,111.0,4,5.3125,7,599.630829324236
3063,52.0,112.0,4,5.284722222222222,7,599.5015720568161
3064,52.0,113.0,4,5.277777777777778,7,599.5884298654045
3065,52.0,114.0,4,5.288194444444445,7,599.6652915182267
3066,52.0,115.0,4,5.319444444444445,7,599.6691710075623
3067,52.0,116.0,4,5.267361111111111,7,599.6214108731592
3068,52.0,117.0,4,5.270833333333333,7,599.5508508973958
3069,52.0,118.0,4,5.329861111111111,7,599.5598783400543
3070,52.0,119.0,4,5.288194444444445,7,599.6746078968162
3071,52.0,120.0,4,5.284722222222222,7,599.6643844778965
3072,52.0,121.0,4,5.288194444444445,7,599.5074328549231
3073,52.0,122.0,4,5.267361111111111,7,599.5401289828269
3074,52.0,123.0,4,5.291666666666667,7,599.6156308613164
3075,52.0,124.0,4,5.3125,7,599.6342470234902
3076,52.0,125.0,4,5.302083333333333,7,599.6151693099533
3077,52.0,126.0,4,5.28125,7,599.5205515647745
3078,52.0,127.0,4,5.291666666666667,7,599.4542009753345
3079,52.0,128.0,4,5.277777777777778,7,599.5943404977002
3080,52.0,129.0,4,5.288194444444445,7,599.6747082159085
3081,52.0,130.0,4,5.326388888888889,7,599.5723894372741
3082,52.0,131.0,4,5.277777777777778,7,599.4935408851302
3083,52.0,132.0,4,5.270833333333333,7,599.5484938786226
3084,52.0,133.0,4,5.326388888888889,7,599.6100806264062
3085,52.0,134.0,4,5.3125,7,599.647507694136
3086,52.0,135.0,4,5.28125,7,599.6091629631222
3087,53.0,73.0,2,3.6666666666666665,5,649.4339255424525
3088,53.0,74.0,2,3.673611111111111,5,649.3437318658493
3089,53.0,75.0,2,3.7118055555555554,5,649.3389872966146
3090,53.0,76.0,2,3.6875,5,649.4560535836431
3091,53.0,77.0,2,3.642361111111111,5,649.4212231194846
3092,53.0,78.0,2,3.6805555555555554,5,649.3752928764384
3093,53.0,79.0,2,3.670138888888889,5,649.4014244545459
3094,53.0,80.0,2,3.6770833333333335,5,649.3868452456719
3095,53.0,81.0,2,3.6527777777777777,5,649.458824726874
3096,53.0,82.0,2,3.6770833333333335,5,649.5079142053157
3097,53.0,83.0,2,3.6979166666666665,5,649.4069944783284
3098,53.0,84.0,2,3.6770833333333335,5,649.3474334104282
3099,53.0,85.0,2,3.670138888888889,5,649.4511401425731
3100,53.0,86.0,2,3.6770833333333335,5,649.4733984897456
3101,53.0,87.0,2,3.6944444444444446,5,649.4028705542942
3102,53.0,88.0,2,3.6666666666666665,5,649.4039960150459
3103,53.0,89.0,2,3.6631944444444446,5,649.3782520969689
3104,53.0,90.0,2,3.673611111111111,5,649.3698318357748
3105,53.0,91.0,2,3.670138888888889,5,649.4472929005265
3106,53.0,92.0,2,3.6666666666666665,5,649.4275928343372
3107,53.0,93.0,2,3.6597222222222223,5,649.3229828261352
3108,53.0,94.0,2,3.6770833333333335,5,649.35738005484
3109,53.0,95.0,2,3.6875,5,649.4091264609851
3110,53.0,96.0,2,3.6631944444444446,5,649.3524047517042
3111,53.0,97.0,2,3.6805555555555554,5,649.3410531402438
3112,53.0,98.0,2,3.6979166666666665,5,649.3031868595376
3113,53.0,99.0,2,3.670138888888889,5,649.2927609204904
3114,53.0,100.0,2,3.642361111111111,5,649.3875136951597
3115,53.0,101.0,2,3.6493055555555554,5,649.4435913469024
3116,53.0,102.0,2,3.6840277777777777,5,649.3367183851307
3117,53.0,103.0,2,3.6840277777777777,5,649.3115648023618
3118,53.0,104.0,2,3.670138888888889,5,649.4210828054676
3119,53.0,105.0,2,3.65625,5,649.4328072048294
3120,53.0,106.0,2,3.6805555555555554,5,649.3998774635612
3121,53.0,107.0,2,3.6979166666666665,5,649.3816258510619
3122,53.0,108.0,2,3.6840277777777777,5,649.3632146895374
3123,53.0,109.0,2,3.673611111111111,5,649.3907811737076
3124,53.0,110.0,2,3.6875,5,649.5034892164774
3125,53.0,111.0,2,3.673611111111111,5,649.4378470397307
3126,53.0,112.0,2,3.6527777777777777,5,649.3741401491518
3127,53.0,113.0,2,3.6631944444444446,5,649.4289763966813
3128,53.0,114.0,2,3.670138888888889,5,649.4563197647758
3129,53.0,115.0,2,3.6770833333333335,5,649.4506766510505
3130,53.0,116.0,2,3.673611111111111,5,649.4313199669709
3131,53.0,117.0,2,3.6805555555555554,5,649.3911792731119
3132,53.0,118.0,2,3.6875,5,649.3504867351755
3133,53.0,119.0,2,3.670138888888889,5,649.4428845323825
3134,53.0,120.0,2,3.6666666666666665,5,649.4456159250149
3135,53.0,121.0,2,3.6840277777777777,5,649.3221949218218
3136,53.0,122.0,2,3.6875,5,649.3644756982035
3137,53.0,123.0,2,3.670138888888889,5,649.4037135242238
3138,53.0,124.0,2,3.642361111111111,5,649.4327920026866
3139,53.0,125.0,2,3.65625,5,649.3864256813705
3140,53.0,126.0,2,3.6805555555555554,5,649.3288358712662
3141,53.0,127.0,2,3.6840277777777777,5,649.2501934373333
3142,53.0,128.0,2,3.6631944444444446,5,649.3697540135784
3143,53.0,129.0,2,3.6666666666666665,5,649.4121691910211
3144,53.0,130.0,2,3.6840277777777777,5,649.3326783915809
3145,53.0,131.0,2,3.673611111111111,5,649.3179988747864
3146,53.0,132.0,2,3.6666666666666665,5,649.3591235911393
3147,53.0,133.0,2,3.6770833333333335,5,649.3915031074199
3148,53.0,134.0,2,3.673611111111111,5,649.4160627735382
3149,53.0,135.0,2,3.6666666666666665,5,649.4200487076164
