source_satellite,target_satellite,link_type,minimum_distance_km,maximum_distance_km,mean_distance_km,availability_ratio,number_of_on_events,number_of_off_events,number_of_switches,longest_outage_seconds
0,1,same_plane,944.6114857937713,944.6114857937795,944.6114857937755,1.0,1,0,0,0.0
1,2,same_plane,944.6114857937647,944.6114857937798,944.6114857937729,1.0,1,0,0,0.0
2,3,same_plane,944.6114857937708,944.6114857937806,944.6114857937758,1.0,1,0,0,0.0
3,4,same_plane,944.6114857937654,944.6114857937799,944.611485793777,1.0,1,0,0,0.0
4,5,same_plane,944.6114857937711,944.6114857937795,944.6114857937768,1.0,1,0,0,0.0
5,6,same_plane,944.6114857937653,944.6114857937798,944.6114857937741,1.0,1,0,0,0.0
6,7,same_plane,944.6114857937647,944.6114857937799,944.6114857937745,1.0,1,0,0,0.0
7,8,same_plane,944.6114857937648,944.6114857937798,944.6114857937763,1.0,1,0,0,0.0
8,9,same_plane,944.6114857937656,944.6114857937795,944.6114857937763,1.0,1,0,0,0.0
9,10,same_plane,944.6114857937746,944.6114857937798,944.6114857937783,1.0,1,0,0,0.0
10,11,same_plane,944.6114857937645,944.611485793779,944.61148579377,1.0,1,0,0,0.0
11,12,same_plane,944.6114857937752,944.611485793782,944.6114857937783,1.0,1,0,0,0.0
12,13,same_plane,944.6114857937654,944.6114857937796,944.6114857937763,1.0,1,0,0,0.0
13,14,same_plane,944.6114857937652,944.6114857937799,944.6114857937764,1.0,1,0,0,0.0
14,15,same_plane,944.611485793765,944.6114857937796,944.6114857937745,1.0,1,0,0,0.0
15,16,same_plane,944.6114857937652,944.6114857937799,944.6114857937741,1.0,1,0,0,0.0
16,17,same_plane,944.6114857937742,944.6114857937799,944.6114857937786,1.0,1,0,0,0.0
17,18,same_plane,944.6114857937647,944.6114857937798,944.6114857937742,1.0,1,0,0,0.0
18,19,same_plane,944.6114857937648,944.6114857937795,944.6114857937741,1.0,1,0,0,0.0
19,20,same_plane,944.6114857937648,944.6114857937916,944.6114857937786,1.0,1,0,0,0.0
20,21,same_plane,944.6114857937652,944.6114857937799,944.6114857937741,1.0,1,0,0,0.0
21,22,same_plane,944.6114857937648,944.6114857937798,944.6114857937742,1.0,1,0,0,0.0
22,23,same_plane,944.6114857937748,944.6114857937821,944.6114857937782,1.0,1,0,0,0.0
23,24,same_plane,944.6114857937648,944.6114857937796,944.6114857937741,1.0,1,0,0,0.0
24,25,same_plane,944.6114857937653,944.6114857937918,944.6114857937787,1.0,1,0,0,0.0
25,26,same_plane,944.611485793765,944.611485793791,944.6114857937741,1.0,1,0,0,0.0
26,27,same_plane,944.6114857937649,944.6114857937796,944.611485793774,1.0,1,0,0,0.0
27,28,same_plane,944.6114857937654,944.611485793791,944.6114857937782,1.0,1,0,0,0.0
28,29,same_plane,944.6114857937648,944.6114857937912,944.6114857937745,1.0,1,0,0,0.0
29,30,same_plane,944.6114857937648,944.6114857937916,944.6114857937786,1.0,1,0,0,0.0
30,31,same_plane,944.6114857937646,944.6114857937915,944.6114857937723,1.0,1,0,0,0.0
31,32,same_plane,944.611485793765,944.6114857937914,944.6114857937779,1.0,1,0,0,0.0
32,33,same_plane,944.6114857937649,944.6114857937921,944.6114857937787,1.0,1,0,0,0.0
33,34,same_plane,944.6114857937647,944.6114857937916,944.6114857937781,1.0,1,0,0,0.0
34,35,same_plane,944.6114857937646,944.6114857937907,944.6114857937724,1.0,1,0,0,0.0
35,36,same_plane,944.6114857937648,944.6114857937913,944.6114857937722,1.0,1,0,0,0.0
36,37,same_plane,944.6114857937653,944.6114857937916,944.6114857937781,1.0,1,0,0,0.0
37,38,same_plane,944.6114857937646,944.611485793791,944.6114857937727,1.0,1,0,0,0.0
38,39,same_plane,944.6114857937653,944.6114857937918,944.6114857937781,1.0,1,0,0,0.0
39,40,same_plane,944.6114857937646,944.6114857937916,944.6114857937786,1.0,1,0,0,0.0
40,41,same_plane,944.6114857937646,944.6114857937912,944.6114857937722,1.0,1,0,0,0.0
41,42,same_plane,944.6114857937652,944.6114857937924,944.6114857937779,1.0,1,0,0,0.0
42,43,same_plane,944.6114857937652,944.6114857937918,944.6114857937727,1.0,1,0,0,0.0
43,44,same_plane,944.6114857937648,944.6114857937908,944.6114857937722,1.0,1,0,0,0.0
44,45,same_plane,944.6114857937656,944.6114857937922,944.6114857937845,1.0,1,0,0,0.0
0,45,same_plane,944.6114857937644,944.6114857937813,944.6114857937729,1.0,1,0,0,0.0
46,47,same_plane,944.6114857937653,944.6114857937794,944.6114857937772,1.0,1,0,0,0.0
47,48,same_plane,944.6114857937711,944.6114857937796,944.6114857937756,1.0,1,0,0,0.0
48,49,same_plane,944.6114857937653,944.6114857937847,944.6114857937754,1.0,1,0,0,0.0
49,50,same_plane,944.6114857937652,944.6114857937794,944.611485793775,1.0,1,0,0,0.0
50,51,same_plane,944.6114857937702,944.6114857937794,944.6114857937761,1.0,1,0,0,0.0
51,52,same_plane,944.6114857937652,944.6114857937794,944.6114857937769,1.0,1,0,0,0.0
52,53,same_plane,944.6114857937707,944.6114857937794,944.6114857937758,1.0,1,0,0,0.0
53,54,same_plane,944.6114857937647,944.6114857937796,944.6114857937722,1.0,1,0,0,0.0
54,55,same_plane,944.6114857937713,944.61148579378,944.6114857937763,1.0,1,0,0,0.0
55,56,same_plane,944.611485793777,944.6114857937844,944.6114857937782,1.0,1,0,0,0.0
56,57,same_plane,944.6114857937653,944.6114857937799,944.6114857937745,1.0,1,0,0,0.0
57,58,same_plane,944.6114857937766,944.6114857937844,944.6114857937783,1.0,1,0,0,0.0
58,59,same_plane,944.6114857937648,944.6114857937794,944.611485793772,1.0,1,0,0,0.0
59,60,same_plane,944.6114857937655,944.6114857937797,944.6114857937754,1.0,1,0,0,0.0
60,61,same_plane,944.6114857937652,944.6114857937796,944.6114857937763,1.0,1,0,0,0.0
61,62,same_plane,944.6114857937653,944.6114857937797,944.6114857937745,1.0,1,0,0,0.0
62,63,same_plane,944.6114857937648,944.6114857937913,944.6114857937781,1.0,1,0,0,0.0
63,64,same_plane,944.6114857937648,944.6114857937793,944.6114857937722,1.0,1,0,0,0.0
64,65,same_plane,944.6114857937652,944.6114857937799,944.6114857937765,1.0,1,0,0,0.0
65,66,same_plane,944.6114857937764,944.6114857937816,944.6114857937782,1.0,1,0,0,0.0
66,67,same_plane,944.6114857937649,944.6114857937799,944.6114857937742,1.0,1,0,0,0.0
67,68,same_plane,944.6114857937646,944.6114857937796,944.6114857937722,1.0,1,0,0,0.0
68,69,same_plane,944.6114857937654,944.6114857937912,944.6114857937781,1.0,1,0,0,0.0
69,70,same_plane,944.6114857937654,944.6114857937799,944.6114857937765,1.0,1,0,0,0.0
70,71,same_plane,944.6114857937661,944.6114857937818,944.6114857937783,1.0,1,0,0,0.0
71,72,same_plane,944.6114857937647,944.6114857937906,944.6114857937745,1.0,1,0,0,0.0
72,73,same_plane,944.6114857937648,944.6114857937904,944.6114857937722,1.0,1,0,0,0.0
73,74,same_plane,944.6114857937653,944.611485793792,944.6114857937781,1.0,1,0,0,0.0
74,75,same_plane,944.6114857937653,944.611485793792,944.6114857937787,1.0,1,0,0,0.0
75,76,same_plane,944.6114857937648,944.6114857937915,944.6114857937781,1.0,1,0,0,0.0
76,77,same_plane,944.6114857937649,944.6114857937912,944.6114857937727,1.0,1,0,0,0.0
77,78,same_plane,944.6114857937646,944.6114857937913,944.6114857937781,1.0,1,0,0,0.0
78,79,same_plane,944.6114857937652,944.6114857937921,944.6114857937786,1.0,1,0,0,0.0
79,80,same_plane,944.6114857937648,944.6114857937915,944.6114857937781,1.0,1,0,0,0.0
80,81,same_plane,944.6114857937648,944.6114857937912,944.611485793772,1.0,1,0,0,0.0
81,82,same_plane,944.6114857937648,944.6114857937915,944.6114857937727,1.0,1,0,0,0.0
82,83,same_plane,944.6114857937648,944.611485793792,944.6114857937779,1.0,1,0,0,0.0
83,84,same_plane,944.6114857937644,944.611485793792,944.6114857937722,1.0,1,0,0,0.0
84,85,same_plane,944.6114857937646,944.6114857937913,944.6114857937786,1.0,1,0,0,0.0
85,86,same_plane,944.6114857937652,944.6114857937913,944.6114857937783,1.0,1,0,0,0.0
86,87,same_plane,944.6114857937647,944.6114857937916,944.6114857937727,1.0,1,0,0,0.0
87,88,same_plane,944.6114857937648,944.6114857937915,944.6114857937781,1.0,1,0,0,0.0
88,89,same_plane,944.6114857937648,944.6114857937911,944.611485793772,1.0,1,0,0,0.0
89,90,same_plane,944.6114857937646,944.6114857937915,944.6114857937727,1.0,1,0,0,0.0
90,91,same_plane,944.611485793765,944.611485793792,944.6114857937841,1.0,1,0,0,0.0
46,91,same_plane,944.6114857937545,944.6114857937806,944.6114857937685,1.0,1,0,0,0.0
92,93,same_plane,944.611485793765,944.6114857937795,944.6114857937754,1.0,1,0,0,0.0
93,94,same_plane,944.6114857937714,944.6114857937797,944.6114857937756,1.0,1,0,0,0.0
94,95,same_plane,944.6114857937645,944.6114857937793,944.6114857937772,1.0,1,0,0,0.0
95,96,same_plane,944.6114857937711,944.6114857937793,944.6114857937756,1.0,1,0,0,0.0
96,97,same_plane,944.6114857937644,944.6114857937795,944.6114857937727,1.0,1,0,0,0.0
97,98,same_plane,944.6114857937712,944.6114857937798,944.6114857937769,1.0,1,0,0,0.0
98,99,same_plane,944.6114857937654,944.6114857937794,944.6114857937763,1.0,1,0,0,0.0
99,100,same_plane,944.6114857937654,944.6114857937793,944.6114857937763,1.0,1,0,0,0.0
100,101,same_plane,944.6114857937653,944.6114857937798,944.6114857937741,1.0,1,0,0,0.0
101,102,same_plane,944.6114857937646,944.6114857937914,944.6114857937781,1.0,1,0,0,0.0
102,103,same_plane,944.6114857937647,944.6114857937793,944.611485793772,1.0,1,0,0,0.0
103,104,same_plane,944.6114857937652,944.611485793791,944.6114857937783,1.0,1,0,0,0.0
104,105,same_plane,944.6114857937652,944.6114857937794,944.6114857937763,1.0,1,0,0,0.0
105,106,same_plane,944.6114857937649,944.6114857937796,944.6114857937745,1.0,1,0,0,0.0
106,107,same_plane,944.6114857937648,944.6114857937793,944.6114857937741,1.0,1,0,0,0.0
107,108,same_plane,944.6114857937652,944.6114857937791,944.6114857937761,1.0,1,0,0,0.0
108,109,same_plane,944.6114857937649,944.6114857937915,944.6114857937783,1.0,1,0,0,0.0
109,110,same_plane,944.611485793765,944.6114857937799,944.6114857937719,1.0,1,0,0,0.0
110,111,same_plane,944.6114857937649,944.6114857937794,944.6114857937741,1.0,1,0,0,0.0
111,112,same_plane,944.6114857937747,944.6114857937795,944.6114857937782,1.0,1,0,0,0.0
112,113,same_plane,944.6114857937646,944.6114857937795,944.6114857937761,1.0,1,0,0,0.0
113,114,same_plane,944.6114857937649,944.6114857937795,944.6114857937723,1.0,1,0,0,0.0
114,115,same_plane,944.611485793765,944.6114857937918,944.6114857937781,1.0,1,0,0,0.0
115,116,same_plane,944.6114857937652,944.6114857937899,944.6114857937745,1.0,1,0,0,0.0
116,117,same_plane,944.6114857937672,944.6114857937912,944.6114857937783,1.0,1,0,0,0.0
117,118,same_plane,944.6114857937647,944.6114857937912,944.611485793776,1.0,1,0,0,0.0
118,119,same_plane,944.6114857937649,944.6114857937911,944.6114857937723,1.0,1,0,0,0.0
119,120,same_plane,944.6114857937649,944.6114857937916,944.6114857937779,1.0,1,0,0,0.0
120,121,same_plane,944.6114857937647,944.6114857937922,944.6114857937722,1.0,1,0,0,0.0
121,122,same_plane,944.6114857937649,944.6114857937912,944.6114857937783,1.0,1,0,0,0.0
122,123,same_plane,944.6114857937646,944.6114857937913,944.611485793772,1.0,1,0,0,0.0
123,124,same_plane,944.6114857937647,944.6114857937918,944.6114857937787,1.0,1,0,0,0.0
124,125,same_plane,944.6114857937647,944.6114857937914,944.6114857937779,1.0,1,0,0,0.0
125,126,same_plane,944.6114857937649,944.6114857937918,944.6114857937786,1.0,1,0,0,0.0
126,127,same_plane,944.6114857937646,944.6114857937915,944.611485793772,1.0,1,0,0,0.0
127,128,same_plane,944.6114857937646,944.6114857937916,944.611485793772,1.0,1,0,0,0.0
128,129,same_plane,944.6114857937648,944.6114857937915,944.6114857937783,1.0,1,0,0,0.0
129,130,same_plane,944.6114857937647,944.6114857937913,944.6114857937723,1.0,1,0,0,0.0
130,131,same_plane,944.6114857937649,944.6114857937916,944.6114857937778,1.0,1,0,0,0.0
131,132,same_plane,944.6114857937653,944.6114857937921,944.6114857937786,1.0,1,0,0,0.0
132,133,same_plane,944.6114857937648,944.6114857937911,944.611485793772,1.0,1,0,0,0.0
133,134,same_plane,944.6114857937648,944.6114857937912,944.6114857937786,1.0,1,0,0,0.0
134,135,same_plane,944.6114857937648,944.6114857937916,944.6114857937722,1.0,1,0,0,0.0
135,136,same_plane,944.6114857937648,944.6114857937915,944.6114857937716,1.0,1,0,0,0.0
136,137,same_plane,944.6114857937654,944.6114857937915,944.6114857937846,1.0,1,0,0,0.0
92,137,same_plane,944.6114857937666,944.6114857937931,944.6114857937737,1.0,1,0,0,0.0
138,139,same_plane,944.6114857937712,944.6114857937793,944.611485793776,1.0,1,0,0,0.0
139,140,same_plane,944.6114857937647,944.6114857937793,944.6114857937727,1.0,1,0,0,0.0
140,141,same_plane,944.6114857937714,944.6114857937794,944.6114857937768,1.0,1,0,0,0.0
141,142,same_plane,944.6114857937653,944.61148579378,944.6114857937763,1.0,1,0,0,0.0
142,143,same_plane,944.6114857937654,944.6114857937798,944.6114857937763,1.0,1,0,0,0.0
143,144,same_plane,944.6114857937648,944.6114857937794,944.611485793774,1.0,1,0,0,0.0
144,145,same_plane,944.6114857937649,944.6114857937796,944.6114857937742,1.0,1,0,0,0.0
145,146,same_plane,944.6114857937654,944.6114857937797,944.6114857937763,1.0,1,0,0,0.0
146,147,same_plane,944.6114857937653,944.6114857937795,944.6114857937763,1.0,1,0,0,0.0
147,148,same_plane,944.6114857937755,944.6114857937811,944.6114857937782,1.0,1,0,0,0.0
148,149,same_plane,944.6114857937649,944.6114857937795,944.61148579377,1.0,1,0,0,0.0
149,150,same_plane,944.6114857937765,944.6114857937822,944.6114857937782,1.0,1,0,0,0.0
150,151,same_plane,944.6114857937654,944.6114857937793,944.6114857937763,1.0,1,0,0,0.0
151,152,same_plane,944.6114857937652,944.6114857937793,944.6114857937763,1.0,1,0,0,0.0
152,153,same_plane,944.611485793765,944.6114857937796,944.6114857937742,1.0,1,0,0,0.0
153,154,same_plane,944.6114857937649,944.6114857937799,944.6114857937741,1.0,1,0,0,0.0
154,155,same_plane,944.6114857937768,944.6114857937818,944.6114857937782,1.0,1,0,0,0.0
155,156,same_plane,944.6114857937649,944.6114857937796,944.6114857937741,1.0,1,0,0,0.0
156,157,same_plane,944.6114857937649,944.6114857937795,944.6114857937741,1.0,1,0,0,0.0
157,158,same_plane,944.6114857937649,944.6114857937914,944.6114857937786,1.0,1,0,0,0.0
158,159,same_plane,944.6114857937649,944.6114857937794,944.611485793774,1.0,1,0,0,0.0
159,160,same_plane,944.6114857937653,944.6114857937795,944.6114857937742,1.0,1,0,0,0.0
160,161,same_plane,944.6114857937648,944.6114857937815,944.6114857937781,1.0,1,0,0,0.0
161,162,same_plane,944.6114857937652,944.6114857937918,944.6114857937741,1.0,1,0,0,0.0
162,163,same_plane,944.6114857937647,944.6114857937912,944.6114857937787,1.0,1,0,0,0.0
163,164,same_plane,944.6114857937647,944.6114857937907,944.6114857937745,1.0,1,0,0,0.0
164,165,same_plane,944.6114857937646,944.6114857937921,944.611485793776,1.0,1,0,0,0.0
165,166,same_plane,944.6114857937647,944.6114857937915,944.6114857937783,1.0,1,0,0,0.0
166,167,same_plane,944.6114857937645,944.6114857937907,944.611485793772,1.0,1,0,0,0.0
167,168,same_plane,944.6114857937644,944.611485793792,944.6114857937786,1.0,1,0,0,0.0
168,169,same_plane,944.6114857937649,944.6114857937915,944.611485793772,1.0,1,0,0,0.0
169,170,same_plane,944.6114857937647,944.6114857937916,944.6114857937781,1.0,1,0,0,0.0
170,171,same_plane,944.6114857937646,944.6114857937912,944.6114857937783,1.0,1,0,0,0.0
171,172,same_plane,944.6114857937652,944.6114857937918,944.6114857937781,1.0,1,0,0,0.0
172,173,same_plane,944.6114857937648,944.6114857937911,944.6114857937724,1.0,1,0,0,0.0
173,174,same_plane,944.6114857937645,944.6114857937908,944.6114857937722,1.0,1,0,0,0.0
174,175,same_plane,944.6114857937649,944.6114857937921,944.6114857937779,1.0,1,0,0,0.0
175,176,same_plane,944.6114857937642,944.6114857937916,944.6114857937727,1.0,1,0,0,0.0
176,177,same_plane,944.6114857937649,944.6114857937913,944.6114857937779,1.0,1,0,0,0.0
177,178,same_plane,944.6114857937648,944.6114857937921,944.6114857937786,1.0,1,0,0,0.0
178,179,same_plane,944.6114857937648,944.6114857937915,944.6114857937722,1.0,1,0,0,0.0
179,180,same_plane,944.6114857937645,944.6114857937915,944.6114857937779,1.0,1,0,0,0.0
180,181,same_plane,944.6114857937649,944.6114857937916,944.6114857937727,1.0,1,0,0,0.0
181,182,same_plane,944.6114857937649,944.6114857937913,944.6114857937722,1.0,1,0,0,0.0
182,183,same_plane,944.6114857937653,944.6114857937916,944.6114857937845,1.0,1,0,0,0.0
138,183,same_plane,944.6114857937662,944.6114857937808,944.6114857937731,1.0,1,0,0,0.0
184,185,same_plane,944.6114857937655,944.611485793784,944.6114857937773,1.0,1,0,0,0.0
185,186,same_plane,944.6114857937656,944.6114857937794,944.6114857937764,1.0,1,0,0,0.0
186,187,same_plane,944.611485793771,944.6114857937793,944.6114857937768,1.0,1,0,0,0.0
187,188,same_plane,944.6114857937649,944.6114857937795,944.6114857937727,1.0,1,0,0,0.0
188,189,same_plane,944.6114857937712,944.6114857937795,944.611485793776,1.0,1,0,0,0.0
189,190,same_plane,944.6114857937652,944.6114857937794,944.6114857937765,1.0,1,0,0,0.0
190,191,same_plane,944.6114857937711,944.6114857937795,944.611485793776,1.0,1,0,0,0.0
191,192,same_plane,944.6114857937647,944.6114857937795,944.6114857937723,1.0,1,0,0,0.0
192,193,same_plane,944.6114857937712,944.6114857937795,944.6114857937761,1.0,1,0,0,0.0
193,194,same_plane,944.6114857937769,944.6114857937852,944.6114857937783,1.0,1,0,0,0.0
194,195,same_plane,944.6114857937648,944.6114857937794,944.6114857937745,1.0,1,0,0,0.0
195,196,same_plane,944.6114857937771,944.6114857937853,944.6114857937793,1.0,1,0,0,0.0
196,197,same_plane,944.6114857937649,944.6114857937793,944.6114857937742,1.0,1,0,0,0.0
197,198,same_plane,944.6114857937645,944.6114857937793,944.6114857937741,1.0,1,0,0,0.0
198,199,same_plane,944.6114857937648,944.6114857937798,944.6114857937763,1.0,1,0,0,0.0
199,200,same_plane,944.611485793765,944.6114857937796,944.6114857937765,1.0,1,0,0,0.0
200,201,same_plane,944.6114857937752,944.6114857937794,944.6114857937782,1.0,1,0,0,0.0
201,202,same_plane,944.6114857937648,944.6114857937794,944.61148579377,1.0,1,0,0,0.0
202,203,same_plane,944.6114857937652,944.6114857937793,944.6114857937763,1.0,1,0,0,0.0
203,204,same_plane,944.6114857937649,944.6114857937916,944.6114857937781,1.0,1,0,0,0.0
204,205,same_plane,944.6114857937653,944.6114857937794,944.6114857937764,1.0,1,0,0,0.0
205,206,same_plane,944.6114857937647,944.6114857937793,944.61148579377,1.0,1,0,0,0.0
206,207,same_plane,944.6114857937752,944.6114857937912,944.6114857937783,1.0,1,0,0,0.0
207,208,same_plane,944.6114857937653,944.6114857937906,944.6114857937763,1.0,1,0,0,0.0
208,209,same_plane,944.6114857937653,944.6114857937913,944.6114857937781,1.0,1,0,0,0.0
209,210,same_plane,944.6114857937648,944.611485793791,944.6114857937727,1.0,1,0,0,0.0
210,211,same_plane,944.6114857937645,944.6114857937906,944.6114857937722,1.0,1,0,0,0.0
211,212,same_plane,944.6114857937644,944.6114857937915,944.6114857937781,1.0,1,0,0,0.0
212,213,same_plane,944.6114857937652,944.6114857937915,944.6114857937787,1.0,1,0,0,0.0
213,214,same_plane,944.6114857937649,944.6114857937915,944.6114857937781,1.0,1,0,0,0.0
214,215,same_plane,944.6114857937652,944.6114857937913,944.6114857937727,1.0,1,0,0,0.0
215,216,same_plane,944.6114857937648,944.6114857937915,944.6114857937781,1.0,1,0,0,0.0
216,217,same_plane,944.611485793765,944.6114857937916,944.6114857937786,1.0,1,0,0,0.0
217,218,same_plane,944.6114857937648,944.611485793792,944.6114857937781,1.0,1,0,0,0.0
218,219,same_plane,944.6114857937647,944.611485793791,944.611485793772,1.0,1,0,0,0.0
219,220,same_plane,944.6114857937649,944.6114857937912,944.6114857937727,1.0,1,0,0,0.0
220,221,same_plane,944.6114857937648,944.6114857937915,944.6114857937781,1.0,1,0,0,0.0
221,222,same_plane,944.6114857937648,944.6114857937914,944.6114857937722,1.0,1,0,0,0.0
222,223,same_plane,944.6114857937649,944.6114857937918,944.6114857937787,1.0,1,0,0,0.0
223,224,same_plane,944.6114857937649,944.6114857937919,944.6114857937779,1.0,1,0,0,0.0
224,225,same_plane,944.6114857937647,944.6114857937914,944.6114857937727,1.0,1,0,0,0.0
225,226,same_plane,944.6114857937652,944.6114857937913,944.6114857937781,1.0,1,0,0,0.0
226,227,same_plane,944.6114857937646,944.6114857937915,944.6114857937723,1.0,1,0,0,0.0
227,228,same_plane,944.6114857937649,944.6114857937915,944.6114857937723,1.0,1,0,0,0.0
228,229,same_plane,944.6114857937654,944.611485793792,944.6114857937841,1.0,1,0,0,0.0
184,229,same_plane,944.6114857937547,944.6114857937804,944.6114857937689,1.0,1,0,0,0.0
230,231,same_plane,944.6114857937648,944.6114857937793,944.6114857937754,1.0,1,0,0,0.0
231,232,same_plane,944.6114857937713,944.6114857937795,944.611485793776,1.0,1,0,0,0.0
232,233,same_plane,944.6114857937652,944.6114857937796,944.6114857937769,1.0,1,0,0,0.0
233,234,same_plane,944.6114857937712,944.6114857937795,944.611485793776,1.0,1,0,0,0.0
234,235,same_plane,944.6114857937646,944.6114857937793,944.6114857937752,1.0,1,0,0,0.0
235,236,same_plane,944.6114857937649,944.6114857937797,944.6114857937745,1.0,1,0,0,0.0
236,237,same_plane,944.6114857937654,944.6114857937793,944.6114857937763,1.0,1,0,0,0.0
237,238,same_plane,944.6114857937653,944.6114857937798,944.6114857937763,1.0,1,0,0,0.0
238,239,same_plane,944.6114857937652,944.6114857937794,944.6114857937742,1.0,1,0,0,0.0
239,240,same_plane,944.6114857937648,944.6114857937916,944.6114857937781,1.0,1,0,0,0.0
240,241,same_plane,944.611485793765,944.6114857937794,944.6114857937723,1.0,1,0,0,0.0
241,242,same_plane,944.6114857937653,944.6114857937912,944.6114857937783,1.0,1,0,0,0.0
242,243,same_plane,944.6114857937653,944.6114857937796,944.6114857937763,1.0,1,0,0,0.0
243,244,same_plane,944.6114857937649,944.6114857937791,944.6114857937745,1.0,1,0,0,0.0
244,245,same_plane,944.6114857937648,944.6114857937793,944.6114857937741,1.0,1,0,0,0.0
245,246,same_plane,944.6114857937653,944.6114857937796,944.6114857937761,1.0,1,0,0,0.0
246,247,same_plane,944.6114857937652,944.6114857937913,944.6114857937783,1.0,1,0,0,0.0
247,248,same_plane,944.6114857937645,944.6114857937793,944.611485793772,1.0,1,0,0,0.0
248,249,same_plane,944.6114857937649,944.6114857937797,944.6114857937742,1.0,1,0,0,0.0
249,250,same_plane,944.611485793777,944.6114857937814,944.6114857937783,1.0,1,0,0,0.0
250,251,same_plane,944.6114857937654,944.6114857937795,944.6114857937763,1.0,1,0,0,0.0
251,252,same_plane,944.6114857937652,944.6114857937795,944.6114857937723,1.0,1,0,0,0.0
252,253,same_plane,944.6114857937648,944.6114857937918,944.6114857937781,1.0,1,0,0,0.0
253,254,same_plane,944.6114857937648,944.6114857937916,944.6114857937745,1.0,1,0,0,0.0
254,255,same_plane,944.6114857937655,944.6114857937913,944.6114857937783,1.0,1,0,0,0.0
255,256,same_plane,944.6114857937653,944.6114857937912,944.6114857937758,1.0,1,0,0,0.0
256,257,same_plane,944.6114857937649,944.6114857937906,944.6114857937727,1.0,1,0,0,0.0
257,258,same_plane,944.6114857937649,944.6114857937913,944.6114857937781,1.0,1,0,0,0.0
258,259,same_plane,944.6114857937647,944.6114857937916,944.6114857937722,1.0,1,0,0,0.0
259,260,same_plane,944.6114857937652,944.6114857937914,944.6114857937787,1.0,1,0,0,0.0
260,261,same_plane,944.6114857937648,944.6114857937913,944.6114857937719,1.0,1,0,0,0.0
261,262,same_plane,944.6114857937652,944.6114857937916,944.6114857937786,1.0,1,0,0,0.0
262,263,same_plane,944.6114857937647,944.6114857937916,944.6114857937781,1.0,1,0,0,0.0
263,264,same_plane,944.6114857937649,944.6114857937918,944.6114857937786,1.0,1,0,0,0.0
264,265,same_plane,944.6114857937649,944.6114857937913,944.6114857937722,1.0,1,0,0,0.0
265,266,same_plane,944.611485793765,944.6114857937911,944.611485793772,1.0,1,0,0,0.0
266,267,same_plane,944.6114857937647,944.6114857937918,944.6114857937786,1.0,1,0,0,0.0
267,268,same_plane,944.6114857937652,944.6114857937912,944.6114857937722,1.0,1,0,0,0.0
268,269,same_plane,944.6114857937645,944.6114857937915,944.6114857937781,1.0,1,0,0,0.0
269,270,same_plane,944.6114857937648,944.6114857937914,944.6114857937786,1.0,1,0,0,0.0
270,271,same_plane,944.6114857937648,944.6114857937912,944.611485793772,1.0,1,0,0,0.0
271,272,same_plane,944.6114857937648,944.6114857937915,944.6114857937787,1.0,1,0,0,0.0
272,273,same_plane,944.6114857937648,944.6114857937913,944.6114857937722,1.0,1,0,0,0.0
273,274,same_plane,944.6114857937648,944.6114857937916,944.611485793772,1.0,1,0,0,0.0
274,275,same_plane,944.6114857937653,944.6114857937918,944.6114857937847,1.0,1,0,0,0.0
230,275,same_plane,944.6114857937666,944.6114857937929,944.6114857937736,1.0,1,0,0,0.0
276,277,same_plane,944.6114857937711,944.6114857937791,944.6114857937765,1.0,1,0,0,0.0
277,278,same_plane,944.6114857937647,944.6114857937795,944.6114857937741,1.0,1,0,0,0.0
278,279,same_plane,944.611485793765,944.6114857937795,944.6114857937741,1.0,1,0,0,0.0
279,280,same_plane,944.6114857937654,944.6114857937793,944.6114857937761,1.0,1,0,0,0.0
280,281,same_plane,944.611485793765,944.6114857937796,944.6114857937774,1.0,1,0,0,0.0
281,282,same_plane,944.6114857937712,944.6114857937795,944.611485793776,1.0,1,0,0,0.0
282,283,same_plane,944.6114857937647,944.6114857937794,944.6114857937722,1.0,1,0,0,0.0
283,284,same_plane,944.6114857937708,944.6114857937795,944.6114857937761,1.0,1,0,0,0.0
284,285,same_plane,944.6114857937652,944.6114857937794,944.6114857937763,1.0,1,0,0,0.0
285,286,same_plane,944.6114857937723,944.6114857937912,944.6114857937793,1.0,1,0,0,0.0
286,287,same_plane,944.6114857937649,944.6114857937791,944.611485793772,1.0,1,0,0,0.0
287,288,same_plane,944.6114857937649,944.6114857937915,944.6114857937786,1.0,1,0,0,0.0
288,289,same_plane,944.6114857937648,944.6114857937795,944.611485793772,1.0,1,0,0,0.0
289,290,same_plane,944.6114857937652,944.611485793791,944.6114857937781,1.0,1,0,0,0.0
290,291,same_plane,944.6114857937646,944.6114857937791,944.6114857937723,1.0,1,0,0,0.0
291,292,same_plane,944.611485793765,944.6114857937918,944.6114857937781,1.0,1,0,0,0.0
292,293,same_plane,944.6114857937648,944.6114857937913,944.6114857937786,1.0,1,0,0,0.0
293,294,same_plane,944.6114857937648,944.6114857937796,944.6114857937722,1.0,1,0,0,0.0
294,295,same_plane,944.6114857937645,944.6114857937791,944.6114857937719,1.0,1,0,0,0.0
295,296,same_plane,944.6114857937648,944.6114857937916,944.6114857937787,1.0,1,0,0,0.0
296,297,same_plane,944.6114857937648,944.6114857937919,944.6114857937781,1.0,1,0,0,0.0
297,298,same_plane,944.6114857937648,944.6114857937906,944.611485793772,1.0,1,0,0,0.0
298,299,same_plane,944.6114857937653,944.6114857937913,944.6114857937786,1.0,1,0,0,0.0
299,300,same_plane,944.6114857937647,944.6114857937915,944.611485793772,1.0,1,0,0,0.0
300,301,same_plane,944.611485793765,944.6114857937918,944.6114857937786,1.0,1,0,0,0.0
301,302,same_plane,944.6114857937646,944.6114857937916,944.6114857937779,1.0,1,0,0,0.0
302,303,same_plane,944.6114857937648,944.6114857937913,944.611485793772,1.0,1,0,0,0.0
303,304,same_plane,944.6114857937648,944.6114857937916,944.6114857937786,1.0,1,0,0,0.0
304,305,same_plane,944.6114857937649,944.6114857937913,944.611485793772,1.0,1,0,0,0.0
305,306,same_plane,944.611485793765,944.6114857937915,944.6114857937786,1.0,1,0,0,0.0
306,307,same_plane,944.6114857937647,944.611485793791,944.6114857937722,1.0,1,0,0,0.0
307,308,same_plane,944.6114857937652,944.6114857937918,944.6114857937781,1.0,1,0,0,0.0
308,309,same_plane,944.6114857937647,944.611485793792,944.6114857937783,1.0,1,0,0,0.0
309,310,same_plane,944.6114857937649,944.6114857937914,944.6114857937781,1.0,1,0,0,0.0
310,311,same_plane,944.6114857937646,944.6114857937913,944.6114857937724,1.0,1,0,0,0.0
311,312,same_plane,944.6114857937646,944.6114857937913,944.611485793772,1.0,1,0,0,0.0
312,313,same_plane,944.6114857937652,944.6114857937915,944.6114857937779,1.0,1,0,0,0.0
313,314,same_plane,944.6114857937648,944.6114857937912,944.6114857937723,1.0,1,0,0,0.0
314,315,same_plane,944.611485793765,944.6114857937918,944.6114857937779,1.0,1,0,0,0.0
315,316,same_plane,944.6114857937649,944.6114857937916,944.6114857937786,1.0,1,0,0,0.0
316,317,same_plane,944.6114857937645,944.6114857937912,944.6114857937722,1.0,1,0,0,0.0
317,318,same_plane,944.6114857937648,944.6114857937916,944.6114857937778,1.0,1,0,0,0.0
318,319,same_plane,944.6114857937648,944.6114857937912,944.6114857937727,1.0,1,0,0,0.0
319,320,same_plane,944.6114857937647,944.6114857937912,944.6114857937719,1.0,1,0,0,0.0
320,321,same_plane,944.6114857937654,944.6114857937919,944.6114857937846,1.0,1,0,0,0.0
276,321,same_plane,944.611485793767,944.6114857937812,944.6114857937732,1.0,1,0,0,0.0
322,323,same_plane,944.6114857937655,944.6114857937794,944.6114857937763,1.0,1,0,0,0.0
323,324,same_plane,944.6114857937647,944.6114857937794,944.6114857937763,1.0,1,0,0,0.0
324,325,same_plane,944.6114857937711,944.6114857937794,944.6114857937772,1.0,1,0,0,0.0
325,326,same_plane,944.6114857937647,944.6114857937794,944.6114857937722,1.0,1,0,0,0.0
326,327,same_plane,944.6114857937712,944.6114857937795,944.6114857937772,1.0,1,0,0,0.0
327,328,same_plane,944.6114857937656,944.6114857937795,944.6114857937763,1.0,1,0,0,0.0
328,329,same_plane,944.6114857937653,944.6114857937798,944.6114857937763,1.0,1,0,0,0.0
329,330,same_plane,944.611485793764,944.61148579378,944.6114857937745,1.0,1,0,0,0.0
330,331,same_plane,944.611485793765,944.6114857937794,944.611485793774,1.0,1,0,0,0.0
331,332,same_plane,944.6114857937768,944.6114857937819,944.6114857937783,1.0,1,0,0,0.0
332,333,same_plane,944.6114857937653,944.6114857937793,944.6114857937742,1.0,1,0,0,0.0
333,334,same_plane,944.611485793777,944.6114857937813,944.6114857937783,1.0,1,0,0,0.0
334,335,same_plane,944.6114857937647,944.6114857937795,944.6114857937741,1.0,1,0,0,0.0
335,336,same_plane,944.6114857937648,944.6114857937795,944.6114857937741,1.0,1,0,0,0.0
336,337,same_plane,944.6114857937652,944.6114857937794,944.6114857937761,1.0,1,0,0,0.0
337,338,same_plane,944.6114857937654,944.6114857937797,944.6114857937765,1.0,1,0,0,0.0
338,339,same_plane,944.611485793775,944.6114857937796,944.6114857937782,1.0,1,0,0,0.0
339,340,same_plane,944.6114857937645,944.6114857937791,944.61148579377,1.0,1,0,0,0.0
340,341,same_plane,944.6114857937654,944.6114857937796,944.6114857937763,1.0,1,0,0,0.0
341,342,same_plane,944.611485793765,944.6114857937911,944.6114857937779,1.0,1,0,0,0.0
342,343,same_plane,944.6114857937652,944.6114857937903,944.6114857937764,1.0,1,0,0,0.0
343,344,same_plane,944.6114857937642,944.6114857937907,944.6114857937703,1.0,1,0,0,0.0
344,345,same_plane,944.6114857937656,944.611485793791,944.6114857937782,1.0,1,0,0,0.0
345,346,same_plane,944.6114857937654,944.6114857937908,944.611485793776,1.0,1,0,0,0.0
346,347,same_plane,944.6114857937653,944.6114857937913,944.6114857937781,1.0,1,0,0,0.0
347,348,same_plane,944.6114857937646,944.6114857937912,944.6114857937724,1.0,1,0,0,0.0
348,349,same_plane,944.6114857937646,944.6114857937908,944.611485793772,1.0,1,0,0,0.0
349,350,same_plane,944.6114857937649,944.6114857937914,944.6114857937781,1.0,1,0,0,0.0
350,351,same_plane,944.611485793765,944.6114857937919,944.6114857937783,1.0,1,0,0,0.0
351,352,same_plane,944.6114857937649,944.6114857937912,944.6114857937782,1.0,1,0,0,0.0
352,353,same_plane,944.6114857937647,944.6114857937912,944.6114857937723,1.0,1,0,0,0.0
353,354,same_plane,944.6114857937646,944.6114857937918,944.6114857937781,1.0,1,0,0,0.0
354,355,same_plane,944.6114857937652,944.611485793792,944.6114857937786,1.0,1,0,0,0.0
355,356,same_plane,944.6114857937648,944.6114857937915,944.6114857937781,1.0,1,0,0,0.0
356,357,same_plane,944.6114857937649,944.6114857937915,944.6114857937722,1.0,1,0,0,0.0
357,358,same_plane,944.6114857937647,944.611485793792,944.6114857937723,1.0,1,0,0,0.0
358,359,same_plane,944.6114857937647,944.611485793792,944.6114857937781,1.0,1,0,0,0.0
359,360,same_plane,944.6114857937647,944.6114857937913,944.611485793772,1.0,1,0,0,0.0
360,361,same_plane,944.6114857937647,944.6114857937916,944.6114857937786,1.0,1,0,0,0.0
361,362,same_plane,944.611485793765,944.6114857937915,944.6114857937781,1.0,1,0,0,0.0
362,363,same_plane,944.6114857937644,944.6114857937912,944.6114857937723,1.0,1,0,0,0.0
363,364,same_plane,944.6114857937644,944.6114857937918,944.6114857937781,1.0,1,0,0,0.0
364,365,same_plane,944.6114857937648,944.6114857937918,944.611485793772,1.0,1,0,0,0.0
365,366,same_plane,944.6114857937645,944.6114857937911,944.6114857937727,1.0,1,0,0,0.0
366,367,same_plane,944.6114857937649,944.6114857937918,944.6114857937841,1.0,1,0,0,0.0
322,367,same_plane,944.6114857937544,944.611485793781,944.6114857937698,1.0,1,0,0,0.0
368,369,same_plane,944.6114857937646,944.6114857937795,944.6114857937724,1.0,1,0,0,0.0
369,370,same_plane,944.611485793771,944.6114857937794,944.6114857937772,1.0,1,0,0,0.0
370,371,same_plane,944.611485793765,944.6114857937794,944.6114857937763,1.0,1,0,0,0.0
371,372,same_plane,944.6114857937652,944.6114857937794,944.6114857937764,1.0,1,0,0,0.0
372,373,same_plane,944.6114857937648,944.6114857937795,944.6114857937741,1.0,1,0,0,0.0
373,374,same_plane,944.6114857937645,944.6114857937797,944.6114857937742,1.0,1,0,0,0.0
374,375,same_plane,944.6114857937655,944.6114857937798,944.6114857937763,1.0,1,0,0,0.0
375,376,same_plane,944.6114857937648,944.6114857937794,944.6114857937763,1.0,1,0,0,0.0
376,377,same_plane,944.6114857937652,944.6114857937793,944.6114857937742,1.0,1,0,0,0.0
377,378,same_plane,944.6114857937645,944.6114857937919,944.6114857937781,1.0,1,0,0,0.0
378,379,same_plane,944.6114857937652,944.6114857937798,944.611485793772,1.0,1,0,0,0.0
379,380,same_plane,944.6114857937653,944.6114857937913,944.6114857937783,1.0,1,0,0,0.0
380,381,same_plane,944.6114857937653,944.6114857937794,944.6114857937763,1.0,1,0,0,0.0
381,382,same_plane,944.6114857937647,944.6114857937793,944.6114857937742,1.0,1,0,0,0.0
382,383,same_plane,944.6114857937649,944.6114857937799,944.6114857937741,1.0,1,0,0,0.0
383,384,same_plane,944.6114857937654,944.6114857937798,944.6114857937761,1.0,1,0,0,0.0
384,385,same_plane,944.6114857937655,944.6114857937911,944.6114857937783,1.0,1,0,0,0.0
385,386,same_plane,944.6114857937645,944.6114857937794,944.611485793772,1.0,1,0,0,0.0
386,387,same_plane,944.6114857937652,944.6114857937905,944.6114857937745,1.0,1,0,0,0.0
387,388,same_plane,944.6114857937658,944.6114857937905,944.6114857937783,1.0,1,0,0,0.0
388,389,same_plane,944.6114857937652,944.6114857937907,944.6114857937761,1.0,1,0,0,0.0
389,390,same_plane,944.6114857937647,944.6114857937905,944.6114857937723,1.0,1,0,0,0.0
390,391,same_plane,944.6114857937645,944.6114857937916,944.6114857937782,1.0,1,0,0,0.0
391,392,same_plane,944.6114857937649,944.6114857937921,944.6114857937786,1.0,1,0,0,0.0
392,393,same_plane,944.6114857937646,944.6114857937922,944.6114857937779,1.0,1,0,0,0.0
393,394,same_plane,944.6114857937645,944.6114857937907,944.6114857937722,1.0,1,0,0,0.0
394,395,same_plane,944.6114857937648,944.6114857937913,944.6114857937724,1.0,1,0,0,0.0
395,396,same_plane,944.6114857937652,944.6114857937918,944.6114857937781,1.0,1,0,0,0.0
396,397,same_plane,944.6114857937648,944.6114857937912,944.6114857937786,1.0,1,0,0,0.0
397,398,same_plane,944.6114857937652,944.6114857937916,944.6114857937781,1.0,1,0,0,0.0
398,399,same_plane,944.6114857937647,944.6114857937915,944.611485793772,1.0,1,0,0,0.0
399,400,same_plane,944.6114857937641,944.6114857937918,944.6114857937786,1.0,1,0,0,0.0
400,401,same_plane,944.6114857937646,944.6114857937915,944.6114857937781,1.0,1,0,0,0.0
401,402,same_plane,944.6114857937649,944.6114857937916,944.6114857937783,1.0,1,0,0,0.0
402,403,same_plane,944.6114857937649,944.611485793791,944.611485793772,1.0,1,0,0,0.0
403,404,same_plane,944.6114857937645,944.6114857937913,944.611485793772,1.0,1,0,0,0.0
404,405,same_plane,944.6114857937648,944.6114857937915,944.6114857937787,1.0,1,0,0,0.0
405,406,same_plane,944.6114857937642,944.6114857937911,944.6114857937719,1.0,1,0,0,0.0
406,407,same_plane,944.6114857937648,944.6114857937918,944.6114857937787,1.0,1,0,0,0.0
407,408,same_plane,944.6114857937649,944.6114857937916,944.6114857937781,1.0,1,0,0,0.0
408,409,same_plane,944.6114857937644,944.6114857937912,944.611485793772,1.0,1,0,0,0.0
409,410,same_plane,944.6114857937652,944.6114857937918,944.6114857937787,1.0,1,0,0,0.0
410,411,same_plane,944.6114857937648,944.6114857937913,944.6114857937719,1.0,1,0,0,0.0
411,412,same_plane,944.6114857937646,944.6114857937911,944.611485793772,1.0,1,0,0,0.0
412,413,same_plane,944.6114857937655,944.6114857937922,944.6114857937845,1.0,1,0,0,0.0
368,413,same_plane,944.611485793761,944.611485793781,944.6114857937707,1.0,1,0,0,0.0
414,415,same_plane,944.6114857937653,944.6114857937798,944.6114857937763,1.0,1,0,0,0.0
415,416,same_plane,944.6114857937647,944.6114857937795,944.6114857937742,1.0,1,0,0,0.0
416,417,same_plane,944.611485793765,944.61148579378,944.611485793775,1.0,1,0,0,0.0
417,418,same_plane,944.6114857937705,944.6114857937795,944.611485793776,1.0,1,0,0,0.0
418,419,same_plane,944.6114857937653,944.6114857937844,944.6114857937774,1.0,1,0,0,0.0
419,420,same_plane,944.6114857937649,944.6114857937793,944.6114857937763,1.0,1,0,0,0.0
420,421,same_plane,944.6114857937649,944.6114857937798,944.6114857937742,1.0,1,0,0,0.0
421,422,same_plane,944.6114857937649,944.6114857937795,944.6114857937741,1.0,1,0,0,0.0
422,423,same_plane,944.6114857937653,944.61148579378,944.6114857937761,1.0,1,0,0,0.0
423,424,same_plane,944.611485793765,944.6114857937913,944.6114857937783,1.0,1,0,0,0.0
424,425,same_plane,944.6114857937653,944.6114857937794,944.611485793772,1.0,1,0,0,0.0
425,426,same_plane,944.6114857937639,944.611485793792,944.6114857937783,1.0,1,0,0,0.0
426,427,same_plane,944.6114857937649,944.61148579378,944.6114857937741,1.0,1,0,0,0.0
427,428,same_plane,944.6114857937655,944.6114857937797,944.6114857937761,1.0,1,0,0,0.0
428,429,same_plane,944.6114857937655,944.6114857937798,944.6114857937764,1.0,1,0,0,0.0
429,430,same_plane,944.611485793765,944.6114857937798,944.6114857937741,1.0,1,0,0,0.0
430,431,same_plane,944.6114857937644,944.6114857937921,944.6114857937783,1.0,1,0,0,0.0
431,432,same_plane,944.6114857937646,944.6114857937795,944.6114857937722,1.0,1,0,0,0.0
432,433,same_plane,944.6114857937653,944.6114857937799,944.6114857937763,1.0,1,0,0,0.0
433,434,same_plane,944.6114857937661,944.6114857937906,944.6114857937781,1.0,1,0,0,0.0
434,435,same_plane,944.6114857937652,944.6114857937911,944.6114857937741,1.0,1,0,0,0.0
435,436,same_plane,944.6114857937644,944.6114857937911,944.611485793772,1.0,1,0,0,0.0
436,437,same_plane,944.6114857937647,944.6114857937915,944.6114857937783,1.0,1,0,0,0.0
437,438,same_plane,944.6114857937648,944.6114857937918,944.611485793772,1.0,1,0,0,0.0
438,439,same_plane,944.6114857937645,944.6114857937916,944.6114857937787,1.0,1,0,0,0.0
439,440,same_plane,944.6114857937652,944.6114857937915,944.6114857937781,1.0,1,0,0,0.0
440,441,same_plane,944.6114857937648,944.6114857937916,944.611485793772,1.0,1,0,0,0.0
441,442,same_plane,944.6114857937652,944.6114857937913,944.6114857937787,1.0,1,0,0,0.0
442,443,same_plane,944.6114857937649,944.6114857937912,944.6114857937719,1.0,1,0,0,0.0
443,444,same_plane,944.611485793765,944.6114857937915,944.6114857937786,1.0,1,0,0,0.0
444,445,same_plane,944.6114857937653,944.6114857937912,944.6114857937722,1.0,1,0,0,0.0
445,446,same_plane,944.6114857937652,944.6114857937913,944.6114857937781,1.0,1,0,0,0.0
446,447,same_plane,944.6114857937646,944.6114857937921,944.6114857937786,1.0,1,0,0,0.0
447,448,same_plane,944.6114857937646,944.6114857937915,944.6114857937779,1.0,1,0,0,0.0
448,449,same_plane,944.6114857937646,944.6114857937916,944.6114857937727,1.0,1,0,0,0.0
449,450,same_plane,944.6114857937649,944.6114857937912,944.611485793772,1.0,1,0,0,0.0
450,451,same_plane,944.611485793765,944.6114857937916,944.6114857937781,1.0,1,0,0,0.0
451,452,same_plane,944.6114857937648,944.6114857937918,944.6114857937723,1.0,1,0,0,0.0
452,453,same_plane,944.6114857937647,944.6114857937919,944.6114857937781,1.0,1,0,0,0.0
453,454,same_plane,944.6114857937646,944.6114857937921,944.6114857937786,1.0,1,0,0,0.0
454,455,same_plane,944.6114857937649,944.6114857937915,944.611485793772,1.0,1,0,0,0.0
455,456,same_plane,944.6114857937648,944.6114857937913,944.6114857937782,1.0,1,0,0,0.0
456,457,same_plane,944.6114857937645,944.6114857937916,944.6114857937723,1.0,1,0,0,0.0
457,458,same_plane,944.6114857937646,944.6114857937919,944.6114857937723,1.0,1,0,0,0.0
458,459,same_plane,944.6114857937654,944.6114857937918,944.6114857937845,1.0,1,0,0,0.0
414,459,same_plane,944.6114857937665,944.6114857937813,944.6114857937737,1.0,1,0,0,0.0
460,461,same_plane,944.6114857937648,944.6114857937795,944.6114857937763,1.0,1,0,0,0.0
461,462,same_plane,944.6114857937654,944.6114857937795,944.6114857937763,1.0,1,0,0,0.0
462,463,same_plane,944.611485793771,944.6114857937794,944.6114857937772,1.0,1,0,0,0.0
463,464,same_plane,944.6114857937645,944.6114857937793,944.611485793772,1.0,1,0,0,0.0
464,465,same_plane,944.6114857937713,944.6114857937796,944.6114857937773,1.0,1,0,0,0.0
465,466,same_plane,944.6114857937654,944.6114857937798,944.6114857937764,1.0,1,0,0,0.0
466,467,same_plane,944.6114857937649,944.6114857937804,944.6114857937764,1.0,1,0,0,0.0
467,468,same_plane,944.6114857937644,944.6114857937796,944.6114857937742,1.0,1,0,0,0.0
468,469,same_plane,944.6114857937649,944.6114857937799,944.6114857937741,1.0,1,0,0,0.0
469,470,same_plane,944.6114857937752,944.6114857937799,944.6114857937783,1.0,1,0,0,0.0
470,471,same_plane,944.6114857937647,944.6114857937798,944.6114857937745,1.0,1,0,0,0.0
471,472,same_plane,944.6114857937757,944.61148579378,944.6114857937782,1.0,1,0,0,0.0
472,473,same_plane,944.6114857937647,944.6114857937795,944.6114857937745,1.0,1,0,0,0.0
473,474,same_plane,944.6114857937652,944.6114857937796,944.6114857937741,1.0,1,0,0,0.0
474,475,same_plane,944.6114857937653,944.6114857937799,944.6114857937761,1.0,1,0,0,0.0
475,476,same_plane,944.6114857937647,944.6114857937794,944.6114857937765,1.0,1,0,0,0.0
476,477,same_plane,944.6114857937755,944.611485793782,944.6114857937783,1.0,1,0,0,0.0
477,478,same_plane,944.6114857937652,944.6114857937795,944.6114857937702,1.0,1,0,0,0.0
478,479,same_plane,944.6114857937654,944.611485793791,944.6114857937765,1.0,1,0,0,0.0
479,480,same_plane,944.6114857937648,944.6114857937915,944.6114857937779,1.0,1,0,0,0.0
480,481,same_plane,944.6114857937655,944.611485793791,944.6114857937763,1.0,1,0,0,0.0
481,482,same_plane,944.6114857937648,944.611485793791,944.6114857937683,1.0,1,0,0,0.0
482,483,same_plane,944.6114857937648,944.6114857937918,944.6114857937782,1.0,1,0,0,0.0
483,484,same_plane,944.6114857937647,944.6114857937916,944.6114857937787,1.0,1,0,0,0.0
484,485,same_plane,944.6114857937653,944.6114857937916,944.6114857937779,1.0,1,0,0,0.0
485,486,same_plane,944.6114857937649,944.6114857937911,944.6114857937727,1.0,1,0,0,0.0
486,487,same_plane,944.6114857937644,944.611485793791,944.611485793772,1.0,1,0,0,0.0
487,488,same_plane,944.6114857937647,944.6114857937918,944.6114857937783,1.0,1,0,0,0.0
488,489,same_plane,944.6114857937649,944.6114857937918,944.6114857937786,1.0,1,0,0,0.0
489,490,same_plane,944.6114857937653,944.6114857937916,944.6114857937781,1.0,1,0,0,0.0
490,491,same_plane,944.6114857937647,944.6114857937911,944.6114857937727,1.0,1,0,0,0.0
491,492,same_plane,944.6114857937649,944.6114857937915,944.6114857937782,1.0,1,0,0,0.0
492,493,same_plane,944.6114857937648,944.6114857937919,944.6114857937787,1.0,1,0,0,0.0
493,494,same_plane,944.6114857937645,944.6114857937916,944.6114857937781,1.0,1,0,0,0.0
494,495,same_plane,944.6114857937652,944.6114857937918,944.6114857937722,1.0,1,0,0,0.0
495,496,same_plane,944.6114857937648,944.6114857937916,944.6114857937727,1.0,1,0,0,0.0
496,497,same_plane,944.6114857937649,944.6114857937916,944.6114857937781,1.0,1,0,0,0.0
497,498,same_plane,944.6114857937649,944.6114857937911,944.6114857937723,1.0,1,0,0,0.0
498,499,same_plane,944.6114857937653,944.6114857937913,944.6114857937786,1.0,1,0,0,0.0
499,500,same_plane,944.6114857937653,944.6114857937912,944.6114857937781,1.0,1,0,0,0.0
500,501,same_plane,944.6114857937648,944.6114857937912,944.6114857937724,1.0,1,0,0,0.0
501,502,same_plane,944.6114857937649,944.6114857937916,944.6114857937781,1.0,1,0,0,0.0
502,503,same_plane,944.6114857937647,944.6114857937916,944.611485793772,1.0,1,0,0,0.0
503,504,same_plane,944.6114857937648,944.6114857937916,944.6114857937727,1.0,1,0,0,0.0
504,505,same_plane,944.6114857937652,944.6114857937918,944.6114857937841,1.0,1,0,0,0.0
460,505,same_plane,944.6114857937547,944.6114857937807,944.6114857937698,1.0,1,0,0,0.0
506,507,same_plane,944.6114857937649,944.6114857937794,944.6114857937742,1.0,1,0,0,0.0
507,508,same_plane,944.6114857937644,944.6114857937795,944.611485793774,1.0,1,0,0,0.0
508,509,same_plane,944.6114857937646,944.6114857937795,944.6114857937763,1.0,1,0,0,0.0
509,510,same_plane,944.6114857937648,944.6114857937794,944.6114857937763,1.0,1,0,0,0.0
510,511,same_plane,944.6114857937712,944.6114857937791,944.6114857937773,1.0,1,0,0,0.0
511,512,same_plane,944.6114857937647,944.6114857937791,944.611485793772,1.0,1,0,0,0.0
512,513,same_plane,944.6114857937654,944.6114857937795,944.6114857937754,1.0,1,0,0,0.0
513,514,same_plane,944.6114857937653,944.6114857937906,944.6114857937781,1.0,1,0,0,0.0
514,515,same_plane,944.6114857937647,944.6114857937791,944.6114857937723,1.0,1,0,0,0.0
515,516,same_plane,944.6114857937645,944.6114857937916,944.6114857937781,1.0,1,0,0,0.0
516,517,same_plane,944.6114857937647,944.6114857937793,944.611485793772,1.0,1,0,0,0.0
517,518,same_plane,944.6114857937653,944.611485793792,944.6114857937783,1.0,1,0,0,0.0
518,519,same_plane,944.6114857937649,944.6114857937915,944.6114857937781,1.0,1,0,0,0.0
519,520,same_plane,944.6114857937646,944.6114857937799,944.6114857937724,1.0,1,0,0,0.0
520,521,same_plane,944.6114857937645,944.6114857937918,944.6114857937779,1.0,1,0,0,0.0
521,522,same_plane,944.6114857937647,944.6114857937794,944.611485793772,1.0,1,0,0,0.0
522,523,same_plane,944.611485793765,944.6114857937913,944.6114857937783,1.0,1,0,0,0.0
523,524,same_plane,944.6114857937645,944.6114857937798,944.611485793772,1.0,1,0,0,0.0
524,525,same_plane,944.6114857937646,944.611485793792,944.6114857937786,1.0,1,0,0,0.0
525,526,same_plane,944.6114857937644,944.6114857937916,944.6114857937781,1.0,1,0,0,0.0
526,527,same_plane,944.6114857937649,944.6114857937905,944.611485793772,1.0,1,0,0,0.0
527,528,same_plane,944.6114857937648,944.6114857937911,944.6114857937727,1.0,1,0,0,0.0
528,529,same_plane,944.6114857937642,944.6114857937913,944.6114857937779,1.0,1,0,0,0.0
529,530,same_plane,944.6114857937647,944.6114857937919,944.6114857937786,1.0,1,0,0,0.0
530,531,same_plane,944.6114857937646,944.6114857937914,944.6114857937781,1.0,1,0,0,0.0
531,532,same_plane,944.6114857937648,944.6114857937912,944.611485793772,1.0,1,0,0,0.0
532,533,same_plane,944.6114857937645,944.611485793791,944.6114857937723,1.0,1,0,0,0.0
533,534,same_plane,944.6114857937649,944.6114857937915,944.6114857937781,1.0,1,0,0,0.0
534,535,same_plane,944.6114857937646,944.6114857937921,944.6114857937786,1.0,1,0,0,0.0
535,536,same_plane,944.6114857937649,944.611485793792,944.6114857937779,1.0,1,0,0,0.0
536,537,same_plane,944.6114857937648,944.6114857937915,944.6114857937722,1.0,1,0,0,0.0
537,538,same_plane,944.6114857937648,944.6114857937919,944.6114857937783,1.0,1,0,0,0.0
538,539,same_plane,944.6114857937652,944.6114857937918,944.6114857937781,1.0,1,0,0,0.0
539,540,same_plane,944.6114857937652,944.6114857937916,944.6114857937787,1.0,1,0,0,0.0
540,541,same_plane,944.6114857937647,944.6114857937915,944.6114857937719,1.0,1,0,0,0.0
541,542,same_plane,944.6114857937648,944.6114857937913,944.611485793772,1.0,1,0,0,0.0
542,543,same_plane,944.611485793765,944.6114857937918,944.6114857937786,1.0,1,0,0,0.0
543,544,same_plane,944.6114857937646,944.6114857937919,944.611485793772,1.0,1,0,0,0.0
544,545,same_plane,944.6114857937649,944.6114857937918,944.6114857937787,1.0,1,0,0,0.0
545,546,same_plane,944.6114857937646,944.611485793792,944.6114857937779,1.0,1,0,0,0.0
546,547,same_plane,944.6114857937645,944.6114857937914,944.611485793772,1.0,1,0,0,0.0
547,548,same_plane,944.6114857937648,944.6114857937916,944.6114857937786,1.0,1,0,0,0.0
548,549,same_plane,944.6114857937645,944.6114857937918,944.611485793772,1.0,1,0,0,0.0
549,550,same_plane,944.6114857937648,944.6114857937919,944.6114857937722,1.0,1,0,0,0.0
550,551,same_plane,944.6114857937647,944.6114857937918,944.6114857937843,1.0,1,0,0,0.0
506,551,same_plane,944.6114857937646,944.6114857937813,944.6114857937719,1.0,1,0,0,0.0
552,553,same_plane,944.6114857937652,944.6114857937795,944.6114857937773,1.0,1,0,0,0.0
553,554,same_plane,944.6114857937706,944.6114857937799,944.6114857937761,1.0,1,0,0,0.0
554,555,same_plane,944.6114857937645,944.6114857937794,944.6114857937722,1.0,1,0,0,0.0
555,556,same_plane,944.6114857937714,944.6114857937795,944.6114857937773,1.0,1,0,0,0.0
556,557,same_plane,944.6114857937654,944.6114857937795,944.6114857937763,1.0,1,0,0,0.0
557,558,same_plane,944.6114857937655,944.6114857937796,944.6114857937763,1.0,1,0,0,0.0
558,559,same_plane,944.6114857937653,944.6114857937795,944.6114857937745,1.0,1,0,0,0.0
559,560,same_plane,944.6114857937649,944.6114857937795,944.6114857937741,1.0,1,0,0,0.0
560,561,same_plane,944.6114857937653,944.6114857937798,944.6114857937761,1.0,1,0,0,0.0
561,562,same_plane,944.6114857937655,944.6114857937913,944.6114857937786,1.0,1,0,0,0.0
562,563,same_plane,944.6114857937648,944.6114857937794,944.611485793772,1.0,1,0,0,0.0
563,564,same_plane,944.6114857937654,944.6114857937918,944.6114857937787,1.0,1,0,0,0.0
564,565,same_plane,944.6114857937648,944.6114857937796,944.6114857937741,1.0,1,0,0,0.0
565,566,same_plane,944.6114857937652,944.61148579378,944.6114857937763,1.0,1,0,0,0.0
566,567,same_plane,944.6114857937652,944.6114857937795,944.6114857937764,1.0,1,0,0,0.0
567,568,same_plane,944.6114857937652,944.6114857937805,944.6114857937741,1.0,1,0,0,0.0
568,569,same_plane,944.6114857937647,944.6114857937914,944.6114857937787,1.0,1,0,0,0.0
569,570,same_plane,944.6114857937644,944.6114857937904,944.6114857937722,1.0,1,0,0,0.0
570,571,same_plane,944.6114857937649,944.611485793791,944.611485793776,1.0,1,0,0,0.0
571,572,same_plane,944.6114857937649,944.6114857937918,944.6114857937782,1.0,1,0,0,0.0
572,573,same_plane,944.6114857937648,944.6114857937912,944.6114857937745,1.0,1,0,0,0.0
573,574,same_plane,944.6114857937641,944.6114857937912,944.6114857937722,1.0,1,0,0,0.0
574,575,same_plane,944.6114857937648,944.6114857937918,944.6114857937783,1.0,1,0,0,0.0
575,576,same_plane,944.6114857937646,944.6114857937915,944.6114857937782,1.0,1,0,0,0.0
576,577,same_plane,944.6114857937647,944.6114857937916,944.6114857937787,1.0,1,0,0,0.0
577,578,same_plane,944.6114857937648,944.6114857937915,944.6114857937719,1.0,1,0,0,0.0
578,579,same_plane,944.6114857937649,944.6114857937919,944.611485793772,1.0,1,0,0,0.0
579,580,same_plane,944.6114857937652,944.6114857937923,944.6114857937787,1.0,1,0,0,0.0
580,581,same_plane,944.6114857937646,944.6114857937915,944.6114857937782,1.0,1,0,0,0.0
581,582,same_plane,944.6114857937644,944.6114857937919,944.6114857937786,1.0,1,0,0,0.0
582,583,same_plane,944.6114857937594,944.6114857937787,944.6114857937662,1.0,1,0,0,0.0
583,584,same_plane,944.6114857937649,944.6114857937915,944.6114857937778,1.0,1,0,0,0.0
584,585,same_plane,944.6114857937653,944.6114857937919,944.6114857937787,1.0,1,0,0,0.0
585,586,same_plane,944.6114857937644,944.6114857937918,944.6114857937782,1.0,1,0,0,0.0
586,587,same_plane,944.6114857937654,944.6114857937916,944.6114857937786,1.0,1,0,0,0.0
587,588,same_plane,944.6114857937605,944.6114857937787,944.6114857937662,1.0,1,0,0,0.0
588,589,same_plane,944.6114857937646,944.6114857937919,944.6114857937778,1.0,1,0,0,0.0
589,590,same_plane,944.6114857937649,944.6114857937915,944.6114857937787,1.0,1,0,0,0.0
590,591,same_plane,944.6114857937649,944.6114857937916,944.6114857937781,1.0,1,0,0,0.0
591,592,same_plane,944.6114857937649,944.6114857937916,944.6114857937787,1.0,1,0,0,0.0
592,593,same_plane,944.611485793754,944.6114857937783,944.6114857937661,1.0,1,0,0,0.0
593,594,same_plane,944.6114857937644,944.6114857937915,944.6114857937781,1.0,1,0,0,0.0
594,595,same_plane,944.6114857937648,944.6114857937913,944.6114857937787,1.0,1,0,0,0.0
595,596,same_plane,944.6114857937529,944.6114857937723,944.6114857937661,1.0,1,0,0,0.0
596,597,same_plane,944.6114857937654,944.611485793816,944.6114857937907,1.0,1,0,0,0.0
552,597,same_plane,944.6114857937546,944.6114857937808,944.6114857937674,1.0,1,0,0,0.0
598,599,same_plane,944.6114857937708,944.6114857937794,944.6114857937773,1.0,1,0,0,0.0
599,600,same_plane,944.6114857937655,944.6114857937794,944.6114857937765,1.0,1,0,0,0.0
600,601,same_plane,944.6114857937711,944.6114857937793,944.6114857937763,1.0,1,0,0,0.0
601,602,same_plane,944.6114857937649,944.6114857937845,944.611485793775,1.0,1,0,0,0.0
602,603,same_plane,944.611485793764,944.61148579378,944.6114857937745,1.0,1,0,0,0.0
603,604,same_plane,944.6114857937655,944.6114857937798,944.6114857937763,1.0,1,0,0,0.0
604,605,same_plane,944.611485793765,944.6114857937795,944.6114857937763,1.0,1,0,0,0.0
605,606,same_plane,944.6114857937653,944.6114857937795,944.6114857937745,1.0,1,0,0,0.0
606,607,same_plane,944.6114857937649,944.6114857937802,944.6114857937741,1.0,1,0,0,0.0
607,608,same_plane,944.6114857937771,944.6114857937813,944.6114857937783,1.0,1,0,0,0.0
608,609,same_plane,944.6114857937648,944.6114857937798,944.6114857937742,1.0,1,0,0,0.0
609,610,same_plane,944.6114857937772,944.6114857937811,944.6114857937783,1.0,1,0,0,0.0
610,611,same_plane,944.6114857937648,944.6114857937795,944.6114857937742,1.0,1,0,0,0.0
611,612,same_plane,944.6114857937652,944.6114857937794,944.6114857937741,1.0,1,0,0,0.0
612,613,same_plane,944.6114857937653,944.6114857937796,944.6114857937761,1.0,1,0,0,0.0
613,614,same_plane,944.6114857937652,944.6114857937796,944.6114857937764,1.0,1,0,0,0.0
614,615,same_plane,944.6114857937656,944.6114857937912,944.6114857937781,1.0,1,0,0,0.0
615,616,same_plane,944.6114857937646,944.6114857937911,944.6114857937705,1.0,1,0,0,0.0
616,617,same_plane,944.6114857937647,944.6114857937912,944.611485793776,1.0,1,0,0,0.0
617,618,same_plane,944.6114857937645,944.6114857937921,944.6114857937781,1.0,1,0,0,0.0
618,619,same_plane,944.6114857937648,944.6114857937916,944.6114857937787,1.0,1,0,0,0.0
619,620,same_plane,944.61148579376,944.6114857937791,944.6114857937662,1.0,1,0,0,0.0
620,621,same_plane,944.6114857937648,944.6114857937918,944.6114857937778,1.0,1,0,0,0.0
621,622,same_plane,944.6114857937652,944.6114857937915,944.6114857937787,1.0,1,0,0,0.0
622,623,same_plane,944.6114857937653,944.6114857937914,944.6114857937781,1.0,1,0,0,0.0
623,624,same_plane,944.6114857937652,944.6114857937919,944.6114857937787,1.0,1,0,0,0.0
624,625,same_plane,944.6114857937595,944.6114857937793,944.6114857937662,1.0,1,0,0,0.0
625,626,same_plane,944.6114857937648,944.611485793792,944.6114857937779,1.0,1,0,0,0.0
626,627,same_plane,944.6114857937648,944.6114857937913,944.6114857937787,1.0,1,0,0,0.0
627,628,same_plane,944.6114857937648,944.6114857937918,944.6114857937781,1.0,1,0,0,0.0
628,629,same_plane,944.6114857937648,944.6114857937916,944.6114857937727,1.0,1,0,0,0.0
629,630,same_plane,944.6114857937649,944.6114857937919,944.6114857937781,1.0,1,0,0,0.0
630,631,same_plane,944.6114857937649,944.611485793792,944.6114857937786,1.0,1,0,0,0.0
631,632,same_plane,944.6114857937652,944.6114857937914,944.6114857937782,1.0,1,0,0,0.0
632,633,same_plane,944.6114857937646,944.6114857937915,944.611485793772,1.0,1,0,0,0.0
633,634,same_plane,944.6114857937646,944.6114857937915,944.6114857937727,1.0,1,0,0,0.0
634,635,same_plane,944.6114857937652,944.6114857937918,944.6114857937781,1.0,1,0,0,0.0
635,636,same_plane,944.6114857937647,944.6114857937912,944.6114857937722,1.0,1,0,0,0.0
636,637,same_plane,944.611485793765,944.6114857937918,944.6114857937786,1.0,1,0,0,0.0
637,638,same_plane,944.6114857937649,944.6114857937919,944.6114857937782,1.0,1,0,0,0.0
638,639,same_plane,944.6114857937652,944.6114857937912,944.6114857937727,1.0,1,0,0,0.0
639,640,same_plane,944.6114857937652,944.6114857937913,944.6114857937781,1.0,1,0,0,0.0
640,641,same_plane,944.6114857937652,944.6114857937918,944.6114857937722,1.0,1,0,0,0.0
641,642,same_plane,944.6114857937648,944.6114857937918,944.6114857937727,1.0,1,0,0,0.0
642,643,same_plane,944.6114857937653,944.6114857937918,944.6114857937843,1.0,1,0,0,0.0
598,643,same_plane,944.6114857937549,944.611485793781,944.6114857937698,1.0,1,0,0,0.0
644,645,same_plane,944.6114857937653,944.6114857937795,944.6114857937741,1.0,1,0,0,0.0
645,646,same_plane,944.6114857937647,944.6114857937795,944.6114857937741,1.0,1,0,0,0.0
646,647,same_plane,944.6114857937655,944.6114857937799,944.6114857937761,1.0,1,0,0,0.0
647,648,same_plane,944.6114857937653,944.6114857937794,944.6114857937764,1.0,1,0,0,0.0
648,649,same_plane,944.6114857937648,944.6114857937794,944.6114857937741,1.0,1,0,0,0.0
649,650,same_plane,944.6114857937648,944.6114857937919,944.6114857937783,1.0,1,0,0,0.0
650,651,same_plane,944.6114857937648,944.6114857937791,944.611485793772,1.0,1,0,0,0.0
651,652,same_plane,944.6114857937652,944.6114857937913,944.6114857937781,1.0,1,0,0,0.0
652,653,same_plane,944.6114857937648,944.611485793779,944.6114857937723,1.0,1,0,0,0.0
653,654,same_plane,944.6114857937649,944.6114857937915,944.6114857937781,1.0,1,0,0,0.0
654,655,same_plane,944.6114857937653,944.6114857937794,944.6114857937722,1.0,1,0,0,0.0
655,656,same_plane,944.6114857937648,944.6114857937915,944.6114857937786,1.0,1,0,0,0.0
656,657,same_plane,944.6114857937652,944.611485793792,944.6114857937781,1.0,1,0,0,0.0
657,658,same_plane,944.6114857937649,944.6114857937793,944.6114857937724,1.0,1,0,0,0.0
658,659,same_plane,944.6114857937652,944.6114857937915,944.6114857937779,1.0,1,0,0,0.0
659,660,same_plane,944.6114857937646,944.6114857937912,944.6114857937722,1.0,1,0,0,0.0
660,661,same_plane,944.6114857937648,944.6114857937918,944.6114857937786,1.0,1,0,0,0.0
661,662,same_plane,944.6114857937647,944.61148579379,944.611485793772,1.0,1,0,0,0.0
662,663,same_plane,944.6114857937649,944.611485793792,944.6114857937786,1.0,1,0,0,0.0
663,664,same_plane,944.6114857937645,944.6114857937916,944.6114857937779,1.0,1,0,0,0.0
664,665,same_plane,944.6114857937644,944.6114857937915,944.611485793772,1.0,1,0,0,0.0
665,666,same_plane,944.6114857937648,944.6114857937911,944.6114857937724,1.0,1,0,0,0.0
666,667,same_plane,944.6114857937653,944.6114857937919,944.6114857937781,1.0,1,0,0,0.0
667,668,same_plane,944.6114857937649,944.6114857937913,944.6114857937786,1.0,1,0,0,0.0
668,669,same_plane,944.6114857937648,944.6114857937919,944.6114857937781,1.0,1,0,0,0.0
669,670,same_plane,944.6114857937645,944.6114857937913,944.611485793772,1.0,1,0,0,0.0
670,671,same_plane,944.6114857937648,944.6114857937914,944.6114857937727,1.0,1,0,0,0.0
671,672,same_plane,944.6114857937648,944.6114857937914,944.6114857937779,1.0,1,0,0,0.0
672,673,same_plane,944.6114857937649,944.6114857937918,944.6114857937786,1.0,1,0,0,0.0
673,674,same_plane,944.6114857937648,944.6114857937915,944.6114857937781,1.0,1,0,0,0.0
674,675,same_plane,944.6114857937648,944.6114857937914,944.611485793772,1.0,1,0,0,0.0
675,676,same_plane,944.6114857937649,944.6114857937912,944.6114857937787,1.0,1,0,0,0.0
676,677,same_plane,944.6114857937649,944.6114857937919,944.6114857937778,1.0,1,0,0,0.0
677,678,same_plane,944.6114857937648,944.6114857937916,944.6114857937787,1.0,1,0,0,0.0
678,679,same_plane,944.6114857937648,944.6114857937913,944.611485793772,1.0,1,0,0,0.0
679,680,same_plane,944.6114857937648,944.6114857937912,944.6114857937722,1.0,1,0,0,0.0
680,681,same_plane,944.6114857937653,944.6114857937915,944.6114857937786,1.0,1,0,0,0.0
681,682,same_plane,944.6114857937648,944.6114857937915,944.611485793772,1.0,1,0,0,0.0
682,683,same_plane,944.6114857937648,944.6114857937919,944.6114857937786,1.0,1,0,0,0.0
683,684,same_plane,944.611485793765,944.6114857937915,944.6114857937779,1.0,1,0,0,0.0
684,685,same_plane,944.6114857937652,944.6114857937914,944.6114857937723,1.0,1,0,0,0.0
685,686,same_plane,944.6114857937652,944.6114857937915,944.6114857937786,1.0,1,0,0,0.0
686,687,same_plane,944.6114857937645,944.6114857937915,944.611485793772,1.0,1,0,0,0.0
687,688,same_plane,944.6114857937649,944.6114857937915,944.611485793772,1.0,1,0,0,0.0
688,689,same_plane,944.6114857937652,944.6114857937919,944.6114857937845,1.0,1,0,0,0.0
644,689,same_plane,944.6114857937642,944.6114857937812,944.6114857937719,1.0,1,0,0,0.0
690,691,same_plane,944.6114857937653,944.6114857937793,944.6114857937773,1.0,1,0,0,0.0
691,692,same_plane,944.6114857937711,944.6114857937795,944.6114857937761,1.0,1,0,0,0.0
692,693,same_plane,944.6114857937649,944.6114857937794,944.611485793772,1.0,1,0,0,0.0
693,694,same_plane,944.611485793771,944.6114857937795,944.6114857937773,1.0,1,0,0,0.0
694,695,same_plane,944.6114857937646,944.6114857937795,944.6114857937763,1.0,1,0,0,0.0
695,696,same_plane,944.6114857937649,944.6114857937796,944.6114857937763,1.0,1,0,0,0.0
696,697,same_plane,944.6114857937652,944.6114857937798,944.6114857937742,1.0,1,0,0,0.0
697,698,same_plane,944.6114857937647,944.6114857937791,944.611485793774,1.0,1,0,0,0.0
698,699,same_plane,944.6114857937648,944.6114857937794,944.6114857937761,1.0,1,0,0,0.0
699,700,same_plane,944.6114857937652,944.6114857937913,944.6114857937783,1.0,1,0,0,0.0
700,701,same_plane,944.6114857937647,944.6114857937794,944.611485793772,1.0,1,0,0,0.0
701,702,same_plane,944.611485793765,944.6114857937919,944.6114857937786,1.0,1,0,0,0.0
702,703,same_plane,944.6114857937649,944.6114857937791,944.6114857937741,1.0,1,0,0,0.0
703,704,same_plane,944.6114857937652,944.6114857937796,944.6114857937761,1.0,1,0,0,0.0
704,705,same_plane,944.6114857937652,944.6114857937795,944.6114857937763,1.0,1,0,0,0.0
705,706,same_plane,944.6114857937652,944.61148579379,944.6114857937742,1.0,1,0,0,0.0
706,707,same_plane,944.6114857937648,944.6114857937916,944.6114857937783,1.0,1,0,0,0.0
707,708,same_plane,944.6114857937647,944.6114857937906,944.6114857937723,1.0,1,0,0,0.0
708,709,same_plane,944.6114857937648,944.6114857937913,944.6114857937778,1.0,1,0,0,0.0
709,710,same_plane,944.611485793765,944.6114857937914,944.6114857937786,1.0,1,0,0,0.0
710,711,same_plane,944.6114857937646,944.611485793791,944.611485793772,1.0,1,0,0,0.0
711,712,same_plane,944.6114857937647,944.6114857937918,944.611485793772,1.0,1,0,0,0.0
712,713,same_plane,944.6114857937647,944.6114857937915,944.6114857937787,1.0,1,0,0,0.0
713,714,same_plane,944.6114857937653,944.6114857937916,944.6114857937778,1.0,1,0,0,0.0
714,715,same_plane,944.611485793765,944.6114857937914,944.6114857937787,1.0,1,0,0,0.0
715,716,same_plane,944.6114857937648,944.6114857937912,944.611485793772,1.0,1,0,0,0.0
716,717,same_plane,944.6114857937645,944.6114857937913,944.6114857937722,1.0,1,0,0,0.0
717,718,same_plane,944.6114857937648,944.6114857937913,944.6114857937783,1.0,1,0,0,0.0
718,719,same_plane,944.6114857937652,944.611485793792,944.6114857937781,1.0,1,0,0,0.0
719,720,same_plane,944.6114857937648,944.6114857937915,944.6114857937786,1.0,1,0,0,0.0
720,721,same_plane,944.611485793754,944.6114857937721,944.611485793766,1.0,1,0,0,0.0
721,722,same_plane,944.6114857937648,944.6114857937918,944.6114857937781,1.0,1,0,0,0.0
722,723,same_plane,944.6114857937648,944.6114857937915,944.6114857937783,1.0,1,0,0,0.0
723,724,same_plane,944.6114857937652,944.6114857937913,944.6114857937781,1.0,1,0,0,0.0
724,725,same_plane,944.6114857937653,944.6114857937915,944.6114857937786,1.0,1,0,0,0.0
725,726,same_plane,944.6114857937592,944.6114857937788,944.6114857937661,1.0,1,0,0,0.0
726,727,same_plane,944.6114857937648,944.6114857937915,944.6114857937779,1.0,1,0,0,0.0
727,728,same_plane,944.6114857937648,944.6114857937915,944.6114857937786,1.0,1,0,0,0.0
728,729,same_plane,944.6114857937647,944.6114857937918,944.6114857937781,1.0,1,0,0,0.0
729,730,same_plane,944.6114857937648,944.611485793792,944.6114857937783,1.0,1,0,0,0.0
730,731,same_plane,944.6114857937592,944.6114857937786,944.6114857937662,1.0,1,0,0,0.0
731,732,same_plane,944.6114857937649,944.6114857937915,944.6114857937779,1.0,1,0,0,0.0
732,733,same_plane,944.6114857937652,944.6114857937918,944.6114857937787,1.0,1,0,0,0.0
733,734,same_plane,944.6114857937539,944.6114857937722,944.6114857937661,1.0,1,0,0,0.0
734,735,same_plane,944.6114857937653,944.6114857938159,944.6114857937905,1.0,1,0,0,0.0
690,735,same_plane,944.6114857937544,944.6114857937807,944.6114857937675,1.0,1,0,0,0.0
736,737,same_plane,944.6114857937652,944.6114857937794,944.611485793774,1.0,1,0,0,0.0
737,738,same_plane,944.6114857937655,944.6114857937794,944.6114857937763,1.0,1,0,0,0.0
738,739,same_plane,944.6114857937654,944.6114857937796,944.6114857937764,1.0,1,0,0,0.0
739,740,same_plane,944.6114857937649,944.6114857937791,944.6114857937741,1.0,1,0,0,0.0
740,741,same_plane,944.6114857937649,944.6114857937915,944.6114857937786,1.0,1,0,0,0.0
741,742,same_plane,944.6114857937648,944.6114857937795,944.611485793772,1.0,1,0,0,0.0
742,743,same_plane,944.6114857937652,944.611485793791,944.6114857937781,1.0,1,0,0,0.0
743,744,same_plane,944.6114857937646,944.6114857937791,944.6114857937723,1.0,1,0,0,0.0
744,745,same_plane,944.611485793765,944.6114857937918,944.6114857937781,1.0,1,0,0,0.0
745,746,same_plane,944.6114857937648,944.6114857937913,944.6114857937786,1.0,1,0,0,0.0
746,747,same_plane,944.6114857937648,944.6114857937796,944.6114857937722,1.0,1,0,0,0.0
747,748,same_plane,944.6114857937653,944.6114857937914,944.6114857937781,1.0,1,0,0,0.0
748,749,same_plane,944.6114857937648,944.6114857937795,944.6114857937723,1.0,1,0,0,0.0
749,750,same_plane,944.6114857937648,944.6114857937919,944.6114857937781,1.0,1,0,0,0.0
750,751,same_plane,944.6114857937648,944.6114857937906,944.611485793772,1.0,1,0,0,0.0
751,752,same_plane,944.6114857937653,944.6114857937913,944.6114857937786,1.0,1,0,0,0.0
752,753,same_plane,944.6114857937647,944.6114857937919,944.6114857937779,1.0,1,0,0,0.0
753,754,same_plane,944.6114857937648,944.6114857937906,944.6114857937727,1.0,1,0,0,0.0
754,755,same_plane,944.6114857937646,944.6114857937916,944.611485793772,1.0,1,0,0,0.0
755,756,same_plane,944.6114857937648,944.6114857937916,944.6114857937781,1.0,1,0,0,0.0
756,757,same_plane,944.6114857937648,944.6114857937916,944.6114857937786,1.0,1,0,0,0.0
757,758,same_plane,944.6114857937649,944.6114857937913,944.611485793772,1.0,1,0,0,0.0
758,759,same_plane,944.611485793765,944.6114857937915,944.6114857937786,1.0,1,0,0,0.0
759,760,same_plane,944.6114857937647,944.611485793791,944.6114857937722,1.0,1,0,0,0.0
760,761,same_plane,944.6114857937652,944.6114857937918,944.6114857937781,1.0,1,0,0,0.0
761,762,same_plane,944.6114857937647,944.611485793792,944.6114857937783,1.0,1,0,0,0.0
762,763,same_plane,944.6114857937644,944.611485793791,944.611485793772,1.0,1,0,0,0.0
763,764,same_plane,944.6114857937646,944.6114857937918,944.6114857937783,1.0,1,0,0,0.0
764,765,same_plane,944.6114857937646,944.6114857937913,944.611485793772,1.0,1,0,0,0.0
765,766,same_plane,944.6114857937652,944.6114857937915,944.6114857937779,1.0,1,0,0,0.0
766,767,same_plane,944.6114857937648,944.6114857937912,944.6114857937723,1.0,1,0,0,0.0
767,768,same_plane,944.611485793765,944.6114857937918,944.6114857937779,1.0,1,0,0,0.0
768,769,same_plane,944.6114857937649,944.6114857937916,944.6114857937786,1.0,1,0,0,0.0
769,770,same_plane,944.6114857937647,944.6114857937919,944.6114857937779,1.0,1,0,0,0.0
770,771,same_plane,944.6114857937648,944.6114857937915,944.611485793772,1.0,1,0,0,0.0
771,772,same_plane,944.6114857937648,944.6114857937912,944.6114857937727,1.0,1,0,0,0.0
772,773,same_plane,944.6114857937647,944.6114857937916,944.6114857937779,1.0,1,0,0,0.0
773,774,same_plane,944.6114857937647,944.6114857937912,944.611485793772,1.0,1,0,0,0.0
774,775,same_plane,944.6114857937649,944.6114857937922,944.6114857937787,1.0,1,0,0,0.0
775,776,same_plane,944.6114857937649,944.6114857937916,944.6114857937778,1.0,1,0,0,0.0
776,777,same_plane,944.6114857937647,944.6114857937916,944.6114857937727,1.0,1,0,0,0.0
777,778,same_plane,944.6114857937647,944.6114857937915,944.6114857937779,1.0,1,0,0,0.0
778,779,same_plane,944.6114857937647,944.6114857937915,944.6114857937722,1.0,1,0,0,0.0
779,780,same_plane,944.6114857937645,944.6114857937918,944.6114857937723,1.0,1,0,0,0.0
780,781,same_plane,944.6114857937649,944.6114857937924,944.6114857937838,1.0,1,0,0,0.0
736,781,same_plane,944.6114857937666,944.6114857937935,944.6114857937741,1.0,1,0,0,0.0
782,783,same_plane,944.6114857937648,944.6114857937798,944.6114857937741,1.0,1,0,0,0.0
783,784,same_plane,944.6114857937649,944.6114857937798,944.6114857937741,1.0,1,0,0,0.0
784,785,same_plane,944.6114857937653,944.6114857937791,944.6114857937763,1.0,1,0,0,0.0
785,786,same_plane,944.6114857937649,944.6114857937795,944.6114857937765,1.0,1,0,0,0.0
786,787,same_plane,944.6114857937649,944.6114857937795,944.6114857937741,1.0,1,0,0,0.0
787,788,same_plane,944.6114857937649,944.6114857937915,944.6114857937786,1.0,1,0,0,0.0
788,789,same_plane,944.6114857937641,944.6114857937795,944.611485793772,1.0,1,0,0,0.0
789,790,same_plane,944.6114857937652,944.6114857937918,944.6114857937781,1.0,1,0,0,0.0
790,791,same_plane,944.6114857937647,944.6114857937795,944.6114857937724,1.0,1,0,0,0.0
791,792,same_plane,944.6114857937648,944.6114857937916,944.6114857937781,1.0,1,0,0,0.0
792,793,same_plane,944.6114857937645,944.6114857937793,944.6114857937722,1.0,1,0,0,0.0
793,794,same_plane,944.6114857937649,944.6114857937915,944.6114857937786,1.0,1,0,0,0.0
794,795,same_plane,944.6114857937649,944.6114857937913,944.6114857937781,1.0,1,0,0,0.0
795,796,same_plane,944.6114857937649,944.6114857937903,944.6114857937727,1.0,1,0,0,0.0
796,797,same_plane,944.6114857937648,944.6114857937916,944.6114857937781,1.0,1,0,0,0.0
797,798,same_plane,944.6114857937649,944.6114857937911,944.611485793772,1.0,1,0,0,0.0
798,799,same_plane,944.6114857937654,944.6114857937913,944.6114857937783,1.0,1,0,0,0.0
799,800,same_plane,944.6114857937647,944.611485793791,944.611485793772,1.0,1,0,0,0.0
800,801,same_plane,944.6114857937646,944.6114857937915,944.6114857937786,1.0,1,0,0,0.0
801,802,same_plane,944.6114857937652,944.6114857937914,944.6114857937781,1.0,1,0,0,0.0
802,803,same_plane,944.6114857937646,944.6114857937913,944.6114857937722,1.0,1,0,0,0.0
803,804,same_plane,944.6114857937648,944.6114857937908,944.6114857937723,1.0,1,0,0,0.0
804,805,same_plane,944.6114857937648,944.6114857937919,944.6114857937779,1.0,1,0,0,0.0
805,806,same_plane,944.611485793765,944.6114857937923,944.6114857937786,1.0,1,0,0,0.0
806,807,same_plane,944.6114857937646,944.6114857937918,944.6114857937781,1.0,1,0,0,0.0
807,808,same_plane,944.6114857937646,944.6114857937913,944.611485793772,1.0,1,0,0,0.0
808,809,same_plane,944.6114857937646,944.6114857937916,944.6114857937727,1.0,1,0,0,0.0
809,810,same_plane,944.6114857937649,944.6114857937918,944.6114857937781,1.0,1,0,0,0.0
810,811,same_plane,944.6114857937649,944.6114857937916,944.6114857937786,1.0,1,0,0,0.0
811,812,same_plane,944.6114857937645,944.611485793792,944.6114857937781,1.0,1,0,0,0.0
812,813,same_plane,944.6114857937649,944.6114857937912,944.611485793772,1.0,1,0,0,0.0
813,814,same_plane,944.6114857937647,944.6114857937915,944.6114857937786,1.0,1,0,0,0.0
814,815,same_plane,944.6114857937649,944.6114857937916,944.6114857937781,1.0,1,0,0,0.0
815,816,same_plane,944.6114857937647,944.6114857937921,944.6114857937786,1.0,1,0,0,0.0
816,817,same_plane,944.6114857937647,944.6114857937914,944.611485793772,1.0,1,0,0,0.0
817,818,same_plane,944.6114857937648,944.6114857937915,944.611485793772,1.0,1,0,0,0.0
818,819,same_plane,944.6114857937648,944.6114857937913,944.6114857937786,1.0,1,0,0,0.0
819,820,same_plane,944.611485793765,944.6114857937912,944.611485793772,1.0,1,0,0,0.0
820,821,same_plane,944.6114857937649,944.6114857937915,944.6114857937787,1.0,1,0,0,0.0
821,822,same_plane,944.6114857937647,944.6114857937914,944.6114857937781,1.0,1,0,0,0.0
822,823,same_plane,944.6114857937647,944.6114857937921,944.611485793772,1.0,1,0,0,0.0
823,824,same_plane,944.6114857937645,944.6114857937915,944.6114857937786,1.0,1,0,0,0.0
824,825,same_plane,944.6114857937648,944.6114857937923,944.611485793772,1.0,1,0,0,0.0
825,826,same_plane,944.6114857937648,944.6114857937914,944.6114857937722,1.0,1,0,0,0.0
826,827,same_plane,944.6114857937648,944.6114857937918,944.6114857937845,1.0,1,0,0,0.0
782,827,same_plane,944.6114857937644,944.6114857937816,944.6114857937719,1.0,1,0,0,0.0
828,829,same_plane,944.6114857937648,944.6114857937795,944.6114857937761,1.0,1,0,0,0.0
829,830,same_plane,944.6114857937652,944.6114857937798,944.6114857937764,1.0,1,0,0,0.0
830,831,same_plane,944.6114857937649,944.6114857937793,944.6114857937741,1.0,1,0,0,0.0
831,832,same_plane,944.6114857937649,944.6114857937798,944.6114857937741,1.0,1,0,0,0.0
832,833,same_plane,944.6114857937652,944.6114857937796,944.6114857937763,1.0,1,0,0,0.0
833,834,same_plane,944.6114857937652,944.611485793791,944.6114857937781,1.0,1,0,0,0.0
834,835,same_plane,944.6114857937647,944.6114857937793,944.6114857937723,1.0,1,0,0,0.0
835,836,same_plane,944.6114857937648,944.6114857937921,944.6114857937779,1.0,1,0,0,0.0
836,837,same_plane,944.6114857937649,944.6114857937794,944.611485793772,1.0,1,0,0,0.0
837,838,same_plane,944.6114857937654,944.6114857937913,944.6114857937786,1.0,1,0,0,0.0
838,839,same_plane,944.6114857937645,944.6114857937793,944.611485793772,1.0,1,0,0,0.0
839,840,same_plane,944.6114857937652,944.6114857937919,944.6114857937787,1.0,1,0,0,0.0
840,841,same_plane,944.6114857937652,944.6114857937919,944.6114857937779,1.0,1,0,0,0.0
841,842,same_plane,944.6114857937648,944.6114857937907,944.6114857937722,1.0,1,0,0,0.0
842,843,same_plane,944.6114857937652,944.6114857937914,944.6114857937783,1.0,1,0,0,0.0
843,844,same_plane,944.6114857937645,944.6114857937905,944.611485793772,1.0,1,0,0,0.0
844,845,same_plane,944.6114857937648,944.6114857937919,944.6114857937783,1.0,1,0,0,0.0
845,846,same_plane,944.6114857937646,944.611485793791,944.611485793772,1.0,1,0,0,0.0
846,847,same_plane,944.6114857937649,944.6114857937919,944.6114857937781,1.0,1,0,0,0.0
847,848,same_plane,944.6114857937649,944.6114857937916,944.6114857937783,1.0,1,0,0,0.0
848,849,same_plane,944.6114857937647,944.6114857937908,944.611485793772,1.0,1,0,0,0.0
849,850,same_plane,944.6114857937648,944.6114857937912,944.611485793772,1.0,1,0,0,0.0
850,851,same_plane,944.6114857937652,944.6114857937914,944.6114857937787,1.0,1,0,0,0.0
851,852,same_plane,944.6114857937648,944.6114857937916,944.6114857937781,1.0,1,0,0,0.0
852,853,same_plane,944.6114857937648,944.6114857937915,944.6114857937786,1.0,1,0,0,0.0
853,854,same_plane,944.611485793764,944.6114857937912,944.611485793772,1.0,1,0,0,0.0
854,855,same_plane,944.6114857937647,944.6114857937912,944.611485793772,1.0,1,0,0,0.0
855,856,same_plane,944.611485793765,944.6114857937914,944.6114857937786,1.0,1,0,0,0.0
856,857,same_plane,944.6114857937646,944.6114857937918,944.6114857937781,1.0,1,0,0,0.0
857,858,same_plane,944.6114857937647,944.6114857937915,944.6114857937787,1.0,1,0,0,0.0
858,859,same_plane,944.6114857937646,944.6114857937912,944.6114857937719,1.0,1,0,0,0.0
859,860,same_plane,944.6114857937648,944.6114857937919,944.6114857937786,1.0,1,0,0,0.0
860,861,same_plane,944.611485793765,944.6114857937916,944.6114857937779,1.0,1,0,0,0.0
861,862,same_plane,944.6114857937644,944.6114857937918,944.6114857937787,1.0,1,0,0,0.0
862,863,same_plane,944.6114857937647,944.6114857937918,944.6114857937723,1.0,1,0,0,0.0
863,864,same_plane,944.6114857937648,944.6114857937914,944.6114857937719,1.0,1,0,0,0.0
864,865,same_plane,944.6114857937646,944.6114857937916,944.6114857937783,1.0,1,0,0,0.0
865,866,same_plane,944.6114857937646,944.6114857937919,944.611485793772,1.0,1,0,0,0.0
866,867,same_plane,944.6114857937648,944.6114857937918,944.6114857937781,1.0,1,0,0,0.0
867,868,same_plane,944.6114857937647,944.6114857937918,944.6114857937787,1.0,1,0,0,0.0
868,869,same_plane,944.611485793765,944.6114857937916,944.6114857937719,1.0,1,0,0,0.0
869,870,same_plane,944.6114857937647,944.6114857937918,944.6114857937786,1.0,1,0,0,0.0
870,871,same_plane,944.6114857937649,944.6114857937913,944.611485793772,1.0,1,0,0,0.0
871,872,same_plane,944.6114857937649,944.6114857937913,944.611485793772,1.0,1,0,0,0.0
872,873,same_plane,944.6114857937654,944.6114857937918,944.6114857937847,1.0,1,0,0,0.0
828,873,same_plane,944.6114857937546,944.611485793781,944.6114857937696,1.0,1,0,0,0.0
874,875,same_plane,944.6114857937647,944.6114857937794,944.6114857937741,1.0,1,0,0,0.0
875,876,same_plane,944.6114857937653,944.6114857937795,944.6114857937761,1.0,1,0,0,0.0
876,877,same_plane,944.6114857937653,944.6114857937794,944.6114857937765,1.0,1,0,0,0.0
877,878,same_plane,944.6114857937647,944.61148579378,944.6114857937741,1.0,1,0,0,0.0
878,879,same_plane,944.6114857937648,944.6114857937919,944.6114857937786,1.0,1,0,0,0.0
879,880,same_plane,944.6114857937648,944.6114857937791,944.6114857937722,1.0,1,0,0,0.0
880,881,same_plane,944.6114857937655,944.6114857937912,944.6114857937781,1.0,1,0,0,0.0
881,882,same_plane,944.6114857937649,944.6114857937793,944.6114857937724,1.0,1,0,0,0.0
882,883,same_plane,944.6114857937649,944.6114857937921,944.6114857937781,1.0,1,0,0,0.0
883,884,same_plane,944.6114857937645,944.6114857937918,944.6114857937786,1.0,1,0,0,0.0
884,885,same_plane,944.6114857937645,944.6114857937796,944.6114857937722,1.0,1,0,0,0.0
885,886,same_plane,944.6114857937654,944.6114857937913,944.6114857937781,1.0,1,0,0,0.0
886,887,same_plane,944.6114857937652,944.6114857937798,944.6114857937724,1.0,1,0,0,0.0
887,888,same_plane,944.6114857937642,944.6114857937919,944.6114857937781,1.0,1,0,0,0.0
888,889,same_plane,944.6114857937644,944.6114857937907,944.611485793772,1.0,1,0,0,0.0
889,890,same_plane,944.6114857937653,944.6114857937915,944.6114857937787,1.0,1,0,0,0.0
890,891,same_plane,944.6114857937654,944.6114857937915,944.6114857937781,1.0,1,0,0,0.0
891,892,same_plane,944.6114857937647,944.6114857937912,944.6114857937724,1.0,1,0,0,0.0
892,893,same_plane,944.6114857937644,944.6114857937911,944.611485793772,1.0,1,0,0,0.0
893,894,same_plane,944.6114857937647,944.6114857937913,944.6114857937781,1.0,1,0,0,0.0
894,895,same_plane,944.6114857937653,944.6114857937916,944.6114857937787,1.0,1,0,0,0.0
895,896,same_plane,944.6114857937649,944.611485793791,944.6114857937719,1.0,1,0,0,0.0
896,897,same_plane,944.6114857937652,944.6114857937918,944.6114857937786,1.0,1,0,0,0.0
897,898,same_plane,944.6114857937649,944.6114857937911,944.6114857937722,1.0,1,0,0,0.0
898,899,same_plane,944.6114857937649,944.6114857937916,944.6114857937781,1.0,1,0,0,0.0
899,900,same_plane,944.6114857937653,944.6114857937913,944.6114857937787,1.0,1,0,0,0.0
900,901,same_plane,944.6114857937646,944.6114857937915,944.611485793772,1.0,1,0,0,0.0
901,902,same_plane,944.6114857937649,944.6114857937918,944.6114857937786,1.0,1,0,0,0.0
902,903,same_plane,944.6114857937647,944.6114857937912,944.611485793772,1.0,1,0,0,0.0
903,904,same_plane,944.6114857937652,944.6114857937919,944.6114857937781,1.0,1,0,0,0.0
904,905,same_plane,944.6114857937648,944.6114857937914,944.6114857937723,1.0,1,0,0,0.0
905,906,same_plane,944.6114857937646,944.6114857937922,944.6114857937779,1.0,1,0,0,0.0
906,907,same_plane,944.6114857937647,944.6114857937921,944.6114857937787,1.0,1,0,0,0.0
907,908,same_plane,944.6114857937647,944.6114857937915,944.6114857937781,1.0,1,0,0,0.0
908,909,same_plane,944.6114857937646,944.6114857937913,944.6114857937722,1.0,1,0,0,0.0
909,910,same_plane,944.6114857937645,944.6114857937919,944.6114857937724,1.0,1,0,0,0.0
910,911,same_plane,944.6114857937647,944.6114857937916,944.6114857937781,1.0,1,0,0,0.0
911,912,same_plane,944.6114857937645,944.611485793791,944.611485793772,1.0,1,0,0,0.0
912,913,same_plane,944.6114857937649,944.6114857937919,944.6114857937787,1.0,1,0,0,0.0
913,914,same_plane,944.6114857937649,944.6114857937915,944.6114857937782,1.0,1,0,0,0.0
914,915,same_plane,944.6114857937649,944.611485793792,944.6114857937723,1.0,1,0,0,0.0
915,916,same_plane,944.6114857937648,944.6114857937919,944.6114857937781,1.0,1,0,0,0.0
916,917,same_plane,944.6114857937647,944.6114857937916,944.611485793772,1.0,1,0,0,0.0
917,918,same_plane,944.6114857937645,944.6114857937911,944.6114857937727,1.0,1,0,0,0.0
918,919,same_plane,944.6114857937655,944.6114857937924,944.6114857937841,1.0,1,0,0,0.0
874,919,same_plane,944.6114857937662,944.611485793793,944.6114857937741,1.0,1,0,0,0.0
920,921,same_plane,944.6114857937649,944.6114857937799,944.6114857937745,1.0,1,0,0,0.0
921,922,same_plane,944.6114857937648,944.6114857937795,944.6114857937741,1.0,1,0,0,0.0
922,923,same_plane,944.6114857937653,944.6114857937794,944.6114857937763,1.0,1,0,0,0.0
923,924,same_plane,944.6114857937655,944.6114857937799,944.6114857937764,1.0,1,0,0,0.0
924,925,same_plane,944.6114857937646,944.6114857937794,944.6114857937741,1.0,1,0,0,0.0
925,926,same_plane,944.6114857937652,944.6114857937913,944.6114857937786,1.0,1,0,0,0.0
926,927,same_plane,944.6114857937647,944.6114857937793,944.6114857937722,1.0,1,0,0,0.0
927,928,same_plane,944.6114857937654,944.6114857937921,944.6114857937781,1.0,1,0,0,0.0
928,929,same_plane,944.6114857937648,944.6114857937795,944.6114857937723,1.0,1,0,0,0.0
929,930,same_plane,944.6114857937648,944.611485793792,944.6114857937782,1.0,1,0,0,0.0
930,931,same_plane,944.6114857937649,944.6114857937794,944.6114857937722,1.0,1,0,0,0.0
931,932,same_plane,944.6114857937653,944.6114857937918,944.6114857937787,1.0,1,0,0,0.0
932,933,same_plane,944.6114857937647,944.6114857937913,944.6114857937778,1.0,1,0,0,0.0
933,934,same_plane,944.6114857937645,944.611485793791,944.6114857937727,1.0,1,0,0,0.0
934,935,same_plane,944.6114857937648,944.6114857937916,944.6114857937781,1.0,1,0,0,0.0
935,936,same_plane,944.6114857937647,944.6114857937918,944.6114857937722,1.0,1,0,0,0.0
936,937,same_plane,944.6114857937649,944.6114857937916,944.6114857937787,1.0,1,0,0,0.0
937,938,same_plane,944.6114857937647,944.6114857937915,944.6114857937719,1.0,1,0,0,0.0
938,939,same_plane,944.6114857937652,944.6114857937913,944.6114857937787,1.0,1,0,0,0.0
939,940,same_plane,944.6114857937649,944.6114857937915,944.6114857937781,1.0,1,0,0,0.0
940,941,same_plane,944.6114857937648,944.6114857937908,944.6114857937722,1.0,1,0,0,0.0
941,942,same_plane,944.6114857937649,944.6114857937912,944.6114857937723,1.0,1,0,0,0.0
942,943,same_plane,944.6114857937641,944.6114857937913,944.6114857937781,1.0,1,0,0,0.0
943,944,same_plane,944.6114857937646,944.6114857937919,944.6114857937787,1.0,1,0,0,0.0
944,945,same_plane,944.6114857937647,944.6114857937914,944.6114857937782,1.0,1,0,0,0.0
945,946,same_plane,944.6114857937646,944.6114857937912,944.6114857937723,1.0,1,0,0,0.0
946,947,same_plane,944.6114857937644,944.611485793792,944.6114857937723,1.0,1,0,0,0.0
947,948,same_plane,944.6114857937648,944.6114857937918,944.6114857937782,1.0,1,0,0,0.0
948,949,same_plane,944.6114857937652,944.6114857937915,944.6114857937786,1.0,1,0,0,0.0
949,950,same_plane,944.6114857937649,944.6114857937918,944.6114857937781,1.0,1,0,0,0.0
950,951,same_plane,944.611485793765,944.6114857937912,944.6114857937722,1.0,1,0,0,0.0
951,952,same_plane,944.6114857937652,944.6114857937913,944.6114857937786,1.0,1,0,0,0.0
952,953,same_plane,944.6114857937648,944.6114857937916,944.6114857937781,1.0,1,0,0,0.0
953,954,same_plane,944.6114857937648,944.6114857937918,944.6114857937783,1.0,1,0,0,0.0
954,955,same_plane,944.6114857937647,944.6114857937914,944.611485793772,1.0,1,0,0,0.0
955,956,same_plane,944.6114857937647,944.611485793792,944.6114857937722,1.0,1,0,0,0.0
956,957,same_plane,944.6114857937652,944.6114857937919,944.6114857937787,1.0,1,0,0,0.0
957,958,same_plane,944.611485793764,944.6114857937916,944.611485793772,1.0,1,0,0,0.0
958,959,same_plane,944.6114857937647,944.611485793792,944.6114857937786,1.0,1,0,0,0.0
959,960,same_plane,944.6114857937647,944.611485793792,944.6114857937781,1.0,1,0,0,0.0
960,961,same_plane,944.6114857937646,944.6114857937912,944.611485793772,1.0,1,0,0,0.0
961,962,same_plane,944.6114857937644,944.6114857937918,944.6114857937787,1.0,1,0,0,0.0
962,963,same_plane,944.6114857937646,944.6114857937918,944.6114857937719,1.0,1,0,0,0.0
963,964,same_plane,944.6114857937647,944.6114857937919,944.6114857937722,1.0,1,0,0,0.0
964,965,same_plane,944.6114857937648,944.611485793792,944.6114857937786,1.0,1,0,0,0.0
920,965,same_plane,944.6114857937663,944.6114857937928,944.6114857937779,1.0,1,0,0,0.0
966,967,same_plane,944.611485793765,944.6114857937794,944.6114857937763,1.0,1,0,0,0.0
967,968,same_plane,944.6114857937649,944.6114857937796,944.6114857937741,1.0,1,0,0,0.0
968,969,same_plane,944.6114857937645,944.6114857937913,944.6114857937779,1.0,1,0,0,0.0
969,970,same_plane,944.6114857937649,944.61148579378,944.6114857937742,1.0,1,0,0,0.0
970,971,same_plane,944.6114857937654,944.6114857937795,944.6114857937763,1.0,1,0,0,0.0
971,972,same_plane,944.6114857937646,944.6114857937799,944.6114857937763,1.0,1,0,0,0.0
972,973,same_plane,944.6114857937644,944.6114857937794,944.6114857937742,1.0,1,0,0,0.0
973,974,same_plane,944.6114857937647,944.6114857937797,944.6114857937741,1.0,1,0,0,0.0
974,975,same_plane,944.6114857937654,944.6114857937796,944.6114857937763,1.0,1,0,0,0.0
975,976,same_plane,944.611485793765,944.6114857937915,944.6114857937783,1.0,1,0,0,0.0
976,977,same_plane,944.6114857937645,944.6114857937796,944.611485793772,1.0,1,0,0,0.0
977,978,same_plane,944.6114857937648,944.6114857937916,944.6114857937783,1.0,1,0,0,0.0
978,979,same_plane,944.6114857937646,944.6114857937912,944.6114857937745,1.0,1,0,0,0.0
979,980,same_plane,944.6114857937652,944.6114857937907,944.611485793776,1.0,1,0,0,0.0
980,981,same_plane,944.6114857937648,944.6114857937913,944.6114857937787,1.0,1,0,0,0.0
981,982,same_plane,944.6114857937647,944.6114857937911,944.611485793772,1.0,1,0,0,0.0
982,983,same_plane,944.6114857937648,944.6114857937913,944.6114857937787,1.0,1,0,0,0.0
983,984,same_plane,944.6114857937646,944.6114857937908,944.6114857937722,1.0,1,0,0,0.0
984,985,same_plane,944.6114857937649,944.6114857937913,944.6114857937781,1.0,1,0,0,0.0
985,986,same_plane,944.6114857937647,944.6114857937916,944.6114857937786,1.0,1,0,0,0.0
986,987,same_plane,944.6114857937645,944.611485793792,944.611485793772,1.0,1,0,0,0.0
987,988,same_plane,944.6114857937648,944.6114857937916,944.6114857937722,1.0,1,0,0,0.0
988,989,same_plane,944.6114857937646,944.6114857937918,944.6114857937783,1.0,1,0,0,0.0
989,990,same_plane,944.6114857937652,944.6114857937921,944.6114857937781,1.0,1,0,0,0.0
990,991,same_plane,944.6114857937644,944.6114857937915,944.6114857937783,1.0,1,0,0,0.0
991,992,same_plane,944.6114857937645,944.6114857937912,944.611485793772,1.0,1,0,0,0.0
992,993,same_plane,944.6114857937646,944.611485793791,944.611485793772,1.0,1,0,0,0.0
993,994,same_plane,944.6114857937648,944.6114857937916,944.6114857937787,1.0,1,0,0,0.0
994,995,same_plane,944.6114857937646,944.6114857937918,944.6114857937778,1.0,1,0,0,0.0
995,996,same_plane,944.6114857937649,944.6114857937915,944.6114857937786,1.0,1,0,0,0.0
996,997,same_plane,944.611485793764,944.6114857937786,944.6114857937662,1.0,1,0,0,0.0
997,998,same_plane,944.6114857937649,944.6114857937922,944.6114857937781,1.0,1,0,0,0.0
998,999,same_plane,944.6114857937649,944.611485793792,944.6114857937787,1.0,1,0,0,0.0
999,1000,same_plane,944.6114857937647,944.6114857937913,944.6114857937778,1.0,1,0,0,0.0
1000,1001,same_plane,944.6114857937648,944.6114857937916,944.6114857937786,1.0,1,0,0,0.0
1001,1002,same_plane,944.6114857937531,944.6114857937672,944.6114857937661,1.0,1,0,0,0.0
1002,1003,same_plane,944.6114857937646,944.611485793792,944.6114857937781,1.0,1,0,0,0.0
1003,1004,same_plane,944.611485793765,944.6114857937916,944.6114857937787,1.0,1,0,0,0.0
1004,1005,same_plane,944.6114857937649,944.6114857937916,944.6114857937778,1.0,1,0,0,0.0
1005,1006,same_plane,944.6114857937646,944.6114857937914,944.6114857937787,1.0,1,0,0,0.0
1006,1007,same_plane,944.6114857937537,944.6114857937674,944.611485793766,1.0,1,0,0,0.0
1007,1008,same_plane,944.6114857937646,944.6114857937923,944.6114857937782,1.0,1,0,0,0.0
1008,1009,same_plane,944.6114857937649,944.6114857937916,944.6114857937786,1.0,1,0,0,0.0
1009,1010,same_plane,944.6114857937648,944.6114857937777,944.6114857937662,1.0,1,0,0,0.0
1010,1011,same_plane,944.6114857937649,944.6114857938168,944.6114857937905,1.0,1,0,0,0.0
966,1011,same_plane,944.6114857937542,944.6114857937811,944.6114857937675,1.0,1,0,0,0.0
1012,1013,same_plane,944.6114857937648,944.6114857937802,944.611485793774,1.0,1,0,0,0.0
1013,1014,same_plane,944.6114857937653,944.6114857937796,944.6114857937761,1.0,1,0,0,0.0
1014,1015,same_plane,944.6114857937653,944.6114857937916,944.6114857937783,1.0,1,0,0,0.0
1015,1016,same_plane,944.6114857937652,944.6114857937798,944.6114857937763,1.0,1,0,0,0.0
1016,1017,same_plane,944.6114857937647,944.6114857937795,944.6114857937745,1.0,1,0,0,0.0
1017,1018,same_plane,944.6114857937649,944.6114857937796,944.6114857937741,1.0,1,0,0,0.0
1018,1019,same_plane,944.6114857937648,944.6114857937796,944.6114857937761,1.0,1,0,0,0.0
1019,1020,same_plane,944.6114857937653,944.6114857937796,944.6114857937764,1.0,1,0,0,0.0
1020,1021,same_plane,944.6114857937648,944.6114857937796,944.6114857937741,1.0,1,0,0,0.0
1021,1022,same_plane,944.6114857937649,944.6114857937915,944.6114857937786,1.0,1,0,0,0.0
1022,1023,same_plane,944.6114857937645,944.6114857937907,944.611485793772,1.0,1,0,0,0.0
1023,1024,same_plane,944.6114857937649,944.611485793792,944.6114857937782,1.0,1,0,0,0.0
1024,1025,same_plane,944.6114857937652,944.611485793791,944.6114857937761,1.0,1,0,0,0.0
1025,1026,same_plane,944.6114857937645,944.6114857937911,944.6114857937745,1.0,1,0,0,0.0
1026,1027,same_plane,944.6114857937644,944.6114857937911,944.611485793772,1.0,1,0,0,0.0
1027,1028,same_plane,944.6114857937654,944.6114857937919,944.6114857937783,1.0,1,0,0,0.0
1028,1029,same_plane,944.6114857937653,944.6114857937921,944.6114857937781,1.0,1,0,0,0.0
1029,1030,same_plane,944.6114857937649,944.6114857937908,944.6114857937723,1.0,1,0,0,0.0
1030,1031,same_plane,944.6114857937647,944.6114857937912,944.6114857937723,1.0,1,0,0,0.0
1031,1032,same_plane,944.6114857937652,944.611485793792,944.6114857937778,1.0,1,0,0,0.0
1032,1033,same_plane,944.6114857937654,944.6114857937916,944.6114857937786,1.0,1,0,0,0.0
1033,1034,same_plane,944.6114857937648,944.6114857937911,944.611485793772,1.0,1,0,0,0.0
1034,1035,same_plane,944.6114857937646,944.6114857937918,944.6114857937787,1.0,1,0,0,0.0
1035,1036,same_plane,944.6114857937647,944.6114857937913,944.611485793772,1.0,1,0,0,0.0
1036,1037,same_plane,944.6114857937642,944.6114857937916,944.6114857937778,1.0,1,0,0,0.0
1037,1038,same_plane,944.6114857937649,944.6114857937918,944.6114857937787,1.0,1,0,0,0.0
1038,1039,same_plane,944.6114857937646,944.6114857937918,944.611485793772,1.0,1,0,0,0.0
1039,1040,same_plane,944.6114857937649,944.6114857937916,944.6114857937786,1.0,1,0,0,0.0
1040,1041,same_plane,944.6114857937647,944.6114857937914,944.6114857937722,1.0,1,0,0,0.0
1041,1042,same_plane,944.611485793765,944.6114857937919,944.6114857937779,1.0,1,0,0,0.0
1042,1043,same_plane,944.6114857937652,944.6114857937919,944.6114857937787,1.0,1,0,0,0.0
1043,1044,same_plane,944.6114857937646,944.6114857937919,944.6114857937781,1.0,1,0,0,0.0
1044,1045,same_plane,944.6114857937649,944.6114857937916,944.6114857937787,1.0,1,0,0,0.0
1045,1046,same_plane,944.6114857937649,944.6114857937919,944.6114857937781,1.0,1,0,0,0.0
1046,1047,same_plane,944.6114857937538,944.6114857937723,944.611485793766,1.0,1,0,0,0.0
1047,1048,same_plane,944.6114857937646,944.611485793792,944.6114857937783,1.0,1,0,0,0.0
1048,1049,same_plane,944.611485793765,944.6114857937922,944.6114857937781,1.0,1,0,0,0.0
1049,1050,same_plane,944.6114857937645,944.6114857937785,944.6114857937662,1.0,1,0,0,0.0
1050,1051,same_plane,944.6114857937645,944.6114857937918,944.6114857937783,1.0,1,0,0,0.0
1051,1052,same_plane,944.6114857937652,944.6114857937918,944.6114857937781,1.0,1,0,0,0.0
1052,1053,same_plane,944.6114857937647,944.611485793792,944.6114857937786,1.0,1,0,0,0.0
1053,1054,same_plane,944.6114857937648,944.6114857937921,944.6114857937779,1.0,1,0,0,0.0
1054,1055,same_plane,944.6114857937591,944.611485793772,944.6114857937661,1.0,1,0,0,0.0
1055,1056,same_plane,944.6114857937648,944.6114857937916,944.6114857937787,1.0,1,0,0,0.0
1056,1057,same_plane,944.6114857937648,944.6114857937913,944.6114857937778,1.0,1,0,0,0.0
1012,1057,same_plane,944.6114857937665,944.611485793793,944.6114857937741,1.0,1,0,0,0.0
1058,1059,same_plane,944.6114857937646,944.6114857937796,944.6114857937742,1.0,1,0,0,0.0
1059,1060,same_plane,944.6114857937649,944.6114857937915,944.6114857937781,1.0,1,0,0,0.0
1060,1061,same_plane,944.6114857937649,944.6114857937795,944.6114857937742,1.0,1,0,0,0.0
1061,1062,same_plane,944.6114857937649,944.6114857937796,944.6114857937763,1.0,1,0,0,0.0
1062,1063,same_plane,944.611485793765,944.6114857937796,944.6114857937763,1.0,1,0,0,0.0
1063,1064,same_plane,944.6114857937647,944.6114857937795,944.6114857937741,1.0,1,0,0,0.0
1064,1065,same_plane,944.6114857937652,944.6114857937802,944.6114857937741,1.0,1,0,0,0.0
1065,1066,same_plane,944.6114857937653,944.6114857937798,944.611485793776,1.0,1,0,0,0.0
1066,1067,same_plane,944.6114857937647,944.6114857937794,944.6114857937763,1.0,1,0,0,0.0
1067,1068,same_plane,944.6114857937656,944.6114857937912,944.6114857937781,1.0,1,0,0,0.0
1068,1069,same_plane,944.6114857937646,944.6114857937914,944.6114857937705,1.0,1,0,0,0.0
1069,1070,same_plane,944.6114857937653,944.6114857937907,944.6114857937782,1.0,1,0,0,0.0
1070,1071,same_plane,944.6114857937649,944.6114857937913,944.611485793776,1.0,1,0,0,0.0
1071,1072,same_plane,944.6114857937653,944.6114857937916,944.6114857937783,1.0,1,0,0,0.0
1072,1073,same_plane,944.6114857937648,944.611485793791,944.611485793772,1.0,1,0,0,0.0
1073,1074,same_plane,944.611485793765,944.6114857937913,944.611485793772,1.0,1,0,0,0.0
1074,1075,same_plane,944.6114857937649,944.6114857937915,944.6114857937787,1.0,1,0,0,0.0
1075,1076,same_plane,944.6114857937649,944.6114857937913,944.6114857937781,1.0,1,0,0,0.0
1076,1077,same_plane,944.6114857937649,944.6114857937913,944.6114857937723,1.0,1,0,0,0.0
1077,1078,same_plane,944.6114857937652,944.6114857937916,944.6114857937781,1.0,1,0,0,0.0
1078,1079,same_plane,944.611485793765,944.6114857937914,944.611485793772,1.0,1,0,0,0.0
1079,1080,same_plane,944.6114857937652,944.6114857937913,944.6114857937787,1.0,1,0,0,0.0
1080,1081,same_plane,944.611485793765,944.611485793792,944.6114857937781,1.0,1,0,0,0.0
1081,1082,same_plane,944.6114857937642,944.6114857937912,944.6114857937723,1.0,1,0,0,0.0
1082,1083,same_plane,944.6114857937653,944.6114857937916,944.6114857937781,1.0,1,0,0,0.0
1083,1084,same_plane,944.6114857937647,944.6114857937912,944.611485793772,1.0,1,0,0,0.0
1084,1085,same_plane,944.6114857937648,944.6114857937914,944.6114857937786,1.0,1,0,0,0.0
1085,1086,same_plane,944.6114857937648,944.6114857937916,944.6114857937781,1.0,1,0,0,0.0
1086,1087,same_plane,944.6114857937649,944.6114857937913,944.6114857937723,1.0,1,0,0,0.0
1087,1088,same_plane,944.6114857937652,944.6114857937919,944.6114857937781,1.0,1,0,0,0.0
1088,1089,same_plane,944.6114857937647,944.6114857937911,944.611485793772,1.0,1,0,0,0.0
1089,1090,same_plane,944.6114857937646,944.6114857937916,944.6114857937783,1.0,1,0,0,0.0
1090,1091,same_plane,944.6114857937649,944.6114857937918,944.6114857937781,1.0,1,0,0,0.0
1091,1092,same_plane,944.6114857937647,944.6114857937918,944.6114857937787,1.0,1,0,0,0.0
1092,1093,same_plane,944.6114857937648,944.6114857937912,944.611485793772,1.0,1,0,0,0.0
1093,1094,same_plane,944.6114857937647,944.6114857937915,944.611485793772,1.0,1,0,0,0.0
1094,1095,same_plane,944.6114857937647,944.6114857937921,944.6114857937783,1.0,1,0,0,0.0
1095,1096,same_plane,944.6114857937652,944.6114857937915,944.611485793772,1.0,1,0,0,0.0
1096,1097,same_plane,944.6114857937648,944.6114857937919,944.6114857937786,1.0,1,0,0,0.0
1097,1098,same_plane,944.6114857937645,944.6114857937919,944.6114857937779,1.0,1,0,0,0.0
1098,1099,same_plane,944.6114857937649,944.6114857937914,944.6114857937722,1.0,1,0,0,0.0
1099,1100,same_plane,944.6114857937648,944.6114857937914,944.6114857937786,1.0,1,0,0,0.0
1100,1101,same_plane,944.611485793765,944.6114857937915,944.6114857937781,1.0,1,0,0,0.0
1101,1102,same_plane,944.6114857937534,944.6114857937672,944.6114857937661,1.0,1,0,0,0.0
1102,1103,same_plane,944.6114857937649,944.6114857938162,944.6114857937905,1.0,1,0,0,0.0
1058,1103,same_plane,944.6114857937546,944.611485793781,944.611485793766,1.0,1,0,0,0.0
1104,1105,same_plane,944.6114857937652,944.6114857937795,944.6114857937761,1.0,1,0,0,0.0
1105,1106,same_plane,944.611485793765,944.6114857937915,944.6114857937783,1.0,1,0,0,0.0
1106,1107,same_plane,944.6114857937652,944.6114857937794,944.6114857937761,1.0,1,0,0,0.0
1107,1108,same_plane,944.6114857937653,944.6114857937791,944.6114857937742,1.0,1,0,0,0.0
1108,1109,same_plane,944.611485793765,944.6114857937796,944.611485793774,1.0,1,0,0,0.0
1109,1110,same_plane,944.6114857937652,944.6114857937796,944.6114857937761,1.0,1,0,0,0.0
1110,1111,same_plane,944.6114857937653,944.6114857937794,944.6114857937764,1.0,1,0,0,0.0
1111,1112,same_plane,944.6114857937652,944.6114857937793,944.6114857937741,1.0,1,0,0,0.0
1112,1113,same_plane,944.6114857937649,944.6114857937912,944.6114857937745,1.0,1,0,0,0.0
1113,1114,same_plane,944.6114857937656,944.6114857937912,944.6114857937783,1.0,1,0,0,0.0
1114,1115,same_plane,944.6114857937648,944.6114857937795,944.6114857937738,1.0,1,0,0,0.0
1115,1116,same_plane,944.6114857937652,944.6114857937916,944.6114857937805,1.0,1,0,0,0.0
1116,1117,same_plane,944.6114857937645,944.6114857937916,944.611485793772,1.0,1,0,0,0.0
1117,1118,same_plane,944.6114857937644,944.6114857937915,944.611485793772,1.0,1,0,0,0.0
1118,1119,same_plane,944.6114857937648,944.6114857937913,944.6114857937787,1.0,1,0,0,0.0
1119,1120,same_plane,944.611485793765,944.6114857937915,944.6114857937779,1.0,1,0,0,0.0
1120,1121,same_plane,944.6114857937652,944.6114857937913,944.6114857937783,1.0,1,0,0,0.0
1121,1122,same_plane,944.6114857937605,944.6114857937786,944.611485793766,1.0,1,0,0,0.0
1122,1123,same_plane,944.6114857937646,944.6114857937916,944.6114857937781,1.0,1,0,0,0.0
1123,1124,same_plane,944.6114857937652,944.6114857937914,944.6114857937787,1.0,1,0,0,0.0
1124,1125,same_plane,944.611485793765,944.6114857937911,944.6114857937778,1.0,1,0,0,0.0
1125,1126,same_plane,944.6114857937647,944.6114857937786,944.6114857937662,1.0,1,0,0,0.0
1126,1127,same_plane,944.611485793764,944.6114857937918,944.6114857937783,1.0,1,0,0,0.0
1127,1128,same_plane,944.6114857937648,944.611485793792,944.6114857937781,1.0,1,0,0,0.0
1128,1129,same_plane,944.6114857937649,944.6114857937912,944.6114857937787,1.0,1,0,0,0.0
1129,1130,same_plane,944.6114857937649,944.6114857937919,944.6114857937778,1.0,1,0,0,0.0
1130,1131,same_plane,944.6114857937602,944.6114857937789,944.6114857937662,1.0,1,0,0,0.0
1131,1132,same_plane,944.6114857937648,944.6114857937915,944.6114857937786,1.0,1,0,0,0.0
1132,1133,same_plane,944.6114857937649,944.6114857937916,944.6114857937781,1.0,1,0,0,0.0
1133,1134,same_plane,944.6114857937653,944.6114857937915,944.6114857937786,1.0,1,0,0,0.0
1134,1135,same_plane,944.6114857937648,944.6114857937915,944.611485793772,1.0,1,0,0,0.0
1135,1136,same_plane,944.6114857937648,944.6114857937919,944.6114857937786,1.0,1,0,0,0.0
1136,1137,same_plane,944.611485793765,944.6114857937915,944.6114857937779,1.0,1,0,0,0.0
1137,1138,same_plane,944.6114857937652,944.6114857937914,944.6114857937787,1.0,1,0,0,0.0
1138,1139,same_plane,944.6114857937647,944.6114857937912,944.6114857937722,1.0,1,0,0,0.0
1139,1140,same_plane,944.6114857937645,944.6114857937915,944.611485793772,1.0,1,0,0,0.0
1140,1141,same_plane,944.6114857937652,944.6114857937915,944.6114857937786,1.0,1,0,0,0.0
1141,1142,same_plane,944.6114857937645,944.6114857937912,944.6114857937722,1.0,1,0,0,0.0
1142,1143,same_plane,944.6114857937648,944.6114857937923,944.6114857937779,1.0,1,0,0,0.0
1143,1144,same_plane,944.6114857937649,944.6114857937916,944.6114857937787,1.0,1,0,0,0.0
1144,1145,same_plane,944.6114857937646,944.6114857937913,944.611485793772,1.0,1,0,0,0.0
1145,1146,same_plane,944.6114857937649,944.6114857937915,944.6114857937722,1.0,1,0,0,0.0
1146,1147,same_plane,944.6114857937646,944.6114857937913,944.6114857937786,1.0,1,0,0,0.0
1147,1148,same_plane,944.6114857937645,944.6114857937918,944.6114857937781,1.0,1,0,0,0.0
1148,1149,same_plane,944.6114857937648,944.6114857937916,944.6114857937787,1.0,1,0,0,0.0
1104,1149,same_plane,944.6114857937544,944.6114857937808,944.6114857937694,1.0,1,0,0,0.0
1150,1151,same_plane,944.6114857937654,944.6114857937795,944.6114857937763,1.0,1,0,0,0.0
1151,1152,same_plane,944.6114857937647,944.6114857937915,944.6114857937781,1.0,1,0,0,0.0
1152,1153,same_plane,944.6114857937652,944.6114857937798,944.6114857937764,1.0,1,0,0,0.0
1153,1154,same_plane,944.6114857937649,944.6114857937794,944.6114857937741,1.0,1,0,0,0.0
1154,1155,same_plane,944.6114857937652,944.6114857937794,944.6114857937745,1.0,1,0,0,0.0
1155,1156,same_plane,944.6114857937653,944.6114857937797,944.6114857937763,1.0,1,0,0,0.0
1156,1157,same_plane,944.6114857937646,944.6114857937794,944.6114857937763,1.0,1,0,0,0.0
1157,1158,same_plane,944.6114857937649,944.6114857937797,944.6114857937742,1.0,1,0,0,0.0
1158,1159,same_plane,944.611485793765,944.6114857937905,944.6114857937742,1.0,1,0,0,0.0
1159,1160,same_plane,944.6114857937657,944.6114857937916,944.6114857937783,1.0,1,0,0,0.0
1160,1161,same_plane,944.6114857937646,944.6114857937794,944.6114857937738,1.0,1,0,0,0.0
1161,1162,same_plane,944.6114857937657,944.6114857937914,944.6114857937802,1.0,1,0,0,0.0
1162,1163,same_plane,944.6114857937644,944.611485793791,944.6114857937727,1.0,1,0,0,0.0
1163,1164,same_plane,944.6114857937648,944.611485793792,944.611485793772,1.0,1,0,0,0.0
1164,1165,same_plane,944.6114857937653,944.6114857937918,944.6114857937781,1.0,1,0,0,0.0
1165,1166,same_plane,944.6114857937648,944.6114857937915,944.6114857937786,1.0,1,0,0,0.0
1166,1167,same_plane,944.6114857937654,944.6114857937914,944.6114857937781,1.0,1,0,0,0.0
1167,1168,same_plane,944.6114857937596,944.6114857937788,944.6114857937661,1.0,1,0,0,0.0
1168,1169,same_plane,944.6114857937647,944.6114857937921,944.6114857937786,1.0,1,0,0,0.0
1169,1170,same_plane,944.6114857937649,944.6114857937916,944.6114857937782,1.0,1,0,0,0.0
1170,1171,same_plane,944.6114857937649,944.6114857937918,944.6114857937786,1.0,1,0,0,0.0
1171,1172,same_plane,944.61148579376,944.6114857937793,944.6114857937662,1.0,1,0,0,0.0
1172,1173,same_plane,944.6114857937648,944.6114857937918,944.6114857937779,1.0,1,0,0,0.0
1173,1174,same_plane,944.6114857937649,944.6114857937921,944.6114857937786,1.0,1,0,0,0.0
1174,1175,same_plane,944.6114857937647,944.6114857937916,944.6114857937781,1.0,1,0,0,0.0
1175,1176,same_plane,944.611485793765,944.6114857937915,944.6114857937786,1.0,1,0,0,0.0
1176,1177,same_plane,944.6114857937596,944.6114857937781,944.6114857937662,1.0,1,0,0,0.0
1177,1178,same_plane,944.6114857937652,944.6114857937919,944.6114857937779,1.0,1,0,0,0.0
1178,1179,same_plane,944.6114857937648,944.6114857937918,944.6114857937787,1.0,1,0,0,0.0
1179,1180,same_plane,944.6114857937648,944.6114857937913,944.6114857937781,1.0,1,0,0,0.0
1180,1181,same_plane,944.6114857937646,944.6114857937913,944.6114857937727,1.0,1,0,0,0.0
1181,1182,same_plane,944.6114857937652,944.6114857937914,944.6114857937781,1.0,1,0,0,0.0
1182,1183,same_plane,944.6114857937649,944.611485793792,944.6114857937786,1.0,1,0,0,0.0
1183,1184,same_plane,944.6114857937652,944.6114857937918,944.6114857937781,1.0,1,0,0,0.0
1184,1185,same_plane,944.6114857937649,944.6114857937915,944.611485793772,1.0,1,0,0,0.0
1185,1186,same_plane,944.6114857937647,944.6114857937912,944.6114857937727,1.0,1,0,0,0.0
1186,1187,same_plane,944.6114857937649,944.6114857937918,944.6114857937781,1.0,1,0,0,0.0
1187,1188,same_plane,944.611485793765,944.6114857937916,944.611485793772,1.0,1,0,0,0.0
1188,1189,same_plane,944.6114857937648,944.6114857937915,944.6114857937787,1.0,1,0,0,0.0
1189,1190,same_plane,944.611485793765,944.6114857937915,944.6114857937781,1.0,1,0,0,0.0
1190,1191,same_plane,944.6114857937602,944.6114857937722,944.611485793766,1.0,1,0,0,0.0
1191,1192,same_plane,944.6114857937648,944.6114857938156,944.6114857937905,1.0,1,0,0,0.0
1192,1193,same_plane,944.6114857937645,944.6114857937783,944.611485793766,1.0,1,0,0,0.0
1193,1194,same_plane,944.6114857937538,944.6114857937674,944.611485793766,1.0,1,0,0,0.0
1194,1195,same_plane,944.6114857937652,944.6114857938164,944.6114857937905,1.0,1,0,0,0.0
1150,1195,same_plane,944.6114857937545,944.6114857937808,944.6114857937698,1.0,1,0,0,0.0
1196,1197,same_plane,944.6114857937645,944.6114857937793,944.6114857937741,1.0,1,0,0,0.0
1197,1198,same_plane,944.6114857937647,944.6114857937916,944.6114857937781,1.0,1,0,0,0.0
1198,1199,same_plane,944.6114857937648,944.6114857937794,944.6114857937741,1.0,1,0,0,0.0
1199,1200,same_plane,944.6114857937653,944.6114857937795,944.6114857937763,1.0,1,0,0,0.0
1200,1201,same_plane,944.611485793765,944.6114857937796,944.6114857937761,1.0,1,0,0,0.0
1201,1202,same_plane,944.6114857937649,944.6114857937796,944.6114857937741,1.0,1,0,0,0.0
1202,1203,same_plane,944.6114857937652,944.6114857937911,944.6114857937741,1.0,1,0,0,0.0
1203,1204,same_plane,944.6114857937649,944.6114857937903,944.611485793776,1.0,1,0,0,0.0
1204,1205,same_plane,944.6114857937649,944.6114857937907,944.6114857937763,1.0,1,0,0,0.0
1205,1206,same_plane,944.6114857937654,944.6114857937912,944.6114857937782,1.0,1,0,0,0.0
1206,1207,same_plane,944.6114857937647,944.6114857937912,944.611485793768,1.0,1,0,0,0.0
1207,1208,same_plane,944.6114857937653,944.6114857937912,944.6114857937783,1.0,1,0,0,0.0
1208,1209,same_plane,944.6114857937652,944.6114857937911,944.6114857937781,1.0,1,0,0,0.0
1209,1210,same_plane,944.6114857937653,944.6114857937915,944.6114857937786,1.0,1,0,0,0.0
1210,1211,same_plane,944.6114857937646,944.6114857937912,944.611485793772,1.0,1,0,0,0.0
1211,1212,same_plane,944.6114857937647,944.611485793791,944.6114857937722,1.0,1,0,0,0.0
1212,1213,same_plane,944.6114857937647,944.6114857937915,944.6114857937786,1.0,1,0,0,0.0
1213,1214,same_plane,944.6114857937652,944.6114857937918,944.6114857937781,1.0,1,0,0,0.0
1214,1215,same_plane,944.6114857937646,944.6114857937912,944.6114857937724,1.0,1,0,0,0.0
1215,1216,same_plane,944.6114857937647,944.6114857937918,944.6114857937781,1.0,1,0,0,0.0
1216,1217,same_plane,944.6114857937647,944.611485793792,944.611485793772,1.0,1,0,0,0.0
1217,1218,same_plane,944.6114857937642,944.6114857937915,944.6114857937787,1.0,1,0,0,0.0
1218,1219,same_plane,944.6114857937652,944.6114857937913,944.6114857937781,1.0,1,0,0,0.0
1219,1220,same_plane,944.6114857937648,944.6114857937912,944.6114857937723,1.0,1,0,0,0.0
1220,1221,same_plane,944.6114857937648,944.6114857937918,944.6114857937781,1.0,1,0,0,0.0
1221,1222,same_plane,944.6114857937649,944.6114857937918,944.611485793772,1.0,1,0,0,0.0
1222,1223,same_plane,944.6114857937652,944.6114857937913,944.6114857937787,1.0,1,0,0,0.0
1223,1224,same_plane,944.6114857937649,944.6114857937915,944.6114857937778,1.0,1,0,0,0.0
1224,1225,same_plane,944.6114857937641,944.6114857937914,944.6114857937727,1.0,1,0,0,0.0
1225,1226,same_plane,944.6114857937649,944.6114857937918,944.6114857937779,1.0,1,0,0,0.0
1226,1227,same_plane,944.6114857937649,944.6114857937919,944.611485793772,1.0,1,0,0,0.0
1227,1228,same_plane,944.611485793765,944.6114857937916,944.6114857937787,1.0,1,0,0,0.0
1228,1229,same_plane,944.6114857937649,944.6114857937915,944.6114857937779,1.0,1,0,0,0.0
1229,1230,same_plane,944.6114857937644,944.6114857937921,944.6114857937787,1.0,1,0,0,0.0
1230,1231,same_plane,944.6114857937647,944.6114857937911,944.611485793772,1.0,1,0,0,0.0
1231,1232,same_plane,944.6114857937647,944.6114857937913,944.6114857937722,1.0,1,0,0,0.0
1232,1233,same_plane,944.6114857937649,944.611485793792,944.6114857937786,1.0,1,0,0,0.0
1233,1234,same_plane,944.6114857937646,944.6114857937912,944.6114857937719,1.0,1,0,0,0.0
1234,1235,same_plane,944.6114857937648,944.6114857937915,944.6114857937786,1.0,1,0,0,0.0
1235,1236,same_plane,944.6114857937649,944.6114857937919,944.6114857937841,1.0,1,0,0,0.0
1236,1237,same_plane,944.6114857937647,944.6114857937781,944.6114857937661,1.0,1,0,0,0.0
1237,1238,same_plane,944.6114857937648,944.6114857937915,944.6114857937787,1.0,1,0,0,0.0
1238,1239,same_plane,944.6114857937648,944.6114857937919,944.6114857937781,1.0,1,0,0,0.0
1239,1240,same_plane,944.6114857937538,944.6114857937672,944.611485793766,1.0,1,0,0,0.0
1240,1241,same_plane,944.6114857937649,944.6114857938164,944.6114857937905,1.0,1,0,0,0.0
1196,1241,same_plane,944.6114857937542,944.611485793781,944.611485793766,1.0,1,0,0,0.0
1242,1243,same_plane,944.6114857937652,944.6114857937797,944.6114857937761,1.0,1,0,0,0.0
1243,1244,same_plane,944.6114857937647,944.6114857937916,944.6114857937783,1.0,1,0,0,0.0
1244,1245,same_plane,944.6114857937654,944.6114857937794,944.6114857937763,1.0,1,0,0,0.0
1245,1246,same_plane,944.6114857937653,944.6114857937796,944.6114857937741,1.0,1,0,0,0.0
1246,1247,same_plane,944.6114857937653,944.6114857937794,944.6114857937741,1.0,1,0,0,0.0
1247,1248,same_plane,944.6114857937645,944.6114857937794,944.6114857937761,1.0,1,0,0,0.0
1248,1249,same_plane,944.6114857937652,944.6114857937903,944.6114857937764,1.0,1,0,0,0.0
1249,1250,same_plane,944.6114857937649,944.6114857937907,944.6114857937741,1.0,1,0,0,0.0
1250,1251,same_plane,944.6114857937647,944.6114857937908,944.6114857937745,1.0,1,0,0,0.0
1251,1252,same_plane,944.6114857937653,944.6114857937908,944.611485793776,1.0,1,0,0,0.0
1252,1253,same_plane,944.6114857937652,944.6114857937913,944.6114857937781,1.0,1,0,0,0.0
1253,1254,same_plane,944.6114857937652,944.6114857937915,944.6114857937787,1.0,1,0,0,0.0
1254,1255,same_plane,944.6114857937649,944.611485793791,944.6114857937719,1.0,1,0,0,0.0
1255,1256,same_plane,944.6114857937646,944.6114857937913,944.611485793772,1.0,1,0,0,0.0
1256,1257,same_plane,944.6114857937652,944.6114857937915,944.6114857937786,1.0,1,0,0,0.0
1257,1258,same_plane,944.6114857937646,944.6114857937912,944.6114857937781,1.0,1,0,0,0.0
1258,1259,same_plane,944.6114857937649,944.6114857937911,944.6114857937786,1.0,1,0,0,0.0
1259,1260,same_plane,944.6114857937647,944.6114857937785,944.6114857937661,1.0,1,0,0,0.0
1260,1261,same_plane,944.6114857937653,944.6114857937912,944.6114857937778,1.0,1,0,0,0.0
1261,1262,same_plane,944.6114857937645,944.6114857937913,944.6114857937786,1.0,1,0,0,0.0
1262,1263,same_plane,944.611485793765,944.6114857937918,944.6114857937781,1.0,1,0,0,0.0
1263,1264,same_plane,944.6114857937534,944.6114857937719,944.611485793766,1.0,1,0,0,0.0
1264,1265,same_plane,944.6114857937653,944.6114857937916,944.6114857937787,1.0,1,0,0,0.0
1265,1266,same_plane,944.6114857937654,944.6114857937919,944.6114857937778,1.0,1,0,0,0.0
1266,1267,same_plane,944.6114857937645,944.611485793792,944.6114857937786,1.0,1,0,0,0.0
1267,1268,same_plane,944.6114857937646,944.6114857937916,944.6114857937782,1.0,1,0,0,0.0
1268,1269,same_plane,944.6114857937645,944.6114857937786,944.611485793766,1.0,1,0,0,0.0
1269,1270,same_plane,944.6114857937648,944.6114857937923,944.6114857937783,1.0,1,0,0,0.0
1270,1271,same_plane,944.6114857937647,944.6114857937919,944.6114857937781,1.0,1,0,0,0.0
1271,1272,same_plane,944.6114857937648,944.6114857937915,944.6114857937787,1.0,1,0,0,0.0
1272,1273,same_plane,944.6114857937653,944.6114857937914,944.611485793772,1.0,1,0,0,0.0
1273,1274,same_plane,944.6114857937647,944.6114857937915,944.6114857937786,1.0,1,0,0,0.0
1274,1275,same_plane,944.6114857937649,944.6114857937919,944.6114857937779,1.0,1,0,0,0.0
1275,1276,same_plane,944.6114857937649,944.611485793792,944.6114857937787,1.0,1,0,0,0.0
1276,1277,same_plane,944.6114857937648,944.6114857937914,944.611485793772,1.0,1,0,0,0.0
1277,1278,same_plane,944.6114857937647,944.6114857937918,944.611485793772,1.0,1,0,0,0.0
1278,1279,same_plane,944.6114857937649,944.6114857937919,944.6114857937786,1.0,1,0,0,0.0
1279,1280,same_plane,944.6114857937649,944.6114857937915,944.6114857937722,1.0,1,0,0,0.0
1280,1281,same_plane,944.6114857937647,944.6114857937916,944.6114857937781,1.0,1,0,0,0.0
1281,1282,same_plane,944.6114857937647,944.6114857937921,944.6114857937786,1.0,1,0,0,0.0
1282,1283,same_plane,944.611485793765,944.6114857937916,944.6114857937779,1.0,1,0,0,0.0
1283,1284,same_plane,944.6114857937536,944.6114857937672,944.611485793766,1.0,1,0,0,0.0
1284,1285,same_plane,944.6114857937649,944.6114857937913,944.6114857937787,1.0,1,0,0,0.0
1285,1286,same_plane,944.6114857937647,944.611485793792,944.6114857937779,1.0,1,0,0,0.0
1286,1287,same_plane,944.611485793765,944.611485793792,944.6114857937783,1.0,1,0,0,0.0
1242,1287,same_plane,944.6114857937547,944.6114857937812,944.6114857937696,1.0,1,0,0,0.0
1288,1289,same_plane,944.6114857937652,944.6114857937799,944.6114857937741,1.0,1,0,0,0.0
1289,1290,same_plane,944.6114857937652,944.6114857937796,944.6114857937761,1.0,1,0,0,0.0
1290,1291,same_plane,944.6114857937653,944.6114857937912,944.6114857937786,1.0,1,0,0,0.0
1291,1292,same_plane,944.6114857937649,944.6114857937795,944.6114857937763,1.0,1,0,0,0.0
1292,1293,same_plane,944.6114857937649,944.6114857937798,944.6114857937742,1.0,1,0,0,0.0
1293,1294,same_plane,944.6114857937648,944.6114857937906,944.6114857937742,1.0,1,0,0,0.0
1294,1295,same_plane,944.6114857937648,944.6114857937906,944.6114857937761,1.0,1,0,0,0.0
1295,1296,same_plane,944.6114857937649,944.6114857937912,944.6114857937763,1.0,1,0,0,0.0
1296,1297,same_plane,944.6114857937648,944.6114857937908,944.6114857937742,1.0,1,0,0,0.0
1297,1298,same_plane,944.6114857937652,944.6114857937918,944.6114857937786,1.0,1,0,0,0.0
1298,1299,same_plane,944.6114857937646,944.6114857937907,944.611485793772,1.0,1,0,0,0.0
1299,1300,same_plane,944.6114857937652,944.6114857937914,944.6114857937782,1.0,1,0,0,0.0
1300,1301,same_plane,944.6114857937649,944.6114857937915,944.6114857937786,1.0,1,0,0,0.0
1301,1302,same_plane,944.6114857937649,944.611485793791,944.611485793772,1.0,1,0,0,0.0
1302,1303,same_plane,944.6114857937652,944.6114857937911,944.611485793772,1.0,1,0,0,0.0
1303,1304,same_plane,944.6114857937652,944.6114857937915,944.6114857937787,1.0,1,0,0,0.0
1304,1305,same_plane,944.6114857937653,944.6114857937919,944.6114857937781,1.0,1,0,0,0.0
1305,1306,same_plane,944.6114857937647,944.6114857937908,944.6114857937724,1.0,1,0,0,0.0
1306,1307,same_plane,944.6114857937647,944.6114857937915,944.6114857937722,1.0,1,0,0,0.0
1307,1308,same_plane,944.6114857937647,944.6114857937916,944.6114857937778,1.0,1,0,0,0.0
1308,1309,same_plane,944.6114857937648,944.6114857937918,944.6114857937787,1.0,1,0,0,0.0
1309,1310,same_plane,944.6114857937652,944.6114857937915,944.611485793772,1.0,1,0,0,0.0
1310,1311,same_plane,944.6114857937644,944.6114857937918,944.6114857937787,1.0,1,0,0,0.0
1311,1312,same_plane,944.611485793764,944.6114857937915,944.6114857937722,1.0,1,0,0,0.0
1312,1313,same_plane,944.6114857937645,944.6114857937919,944.6114857937781,1.0,1,0,0,0.0
1313,1314,same_plane,944.6114857937648,944.6114857937923,944.6114857937786,1.0,1,0,0,0.0
1314,1315,same_plane,944.6114857937644,944.6114857937915,944.611485793772,1.0,1,0,0,0.0
1315,1316,same_plane,944.6114857937646,944.6114857937921,944.6114857937786,1.0,1,0,0,0.0
1316,1317,same_plane,944.6114857937646,944.6114857937912,944.6114857937722,1.0,1,0,0,0.0
1317,1318,same_plane,944.6114857937652,944.6114857937916,944.6114857937781,1.0,1,0,0,0.0
1318,1319,same_plane,944.611485793765,944.6114857937918,944.6114857937783,1.0,1,0,0,0.0
1319,1320,same_plane,944.6114857937647,944.6114857937916,944.6114857937781,1.0,1,0,0,0.0
1320,1321,same_plane,944.611485793765,944.611485793792,944.6114857937787,1.0,1,0,0,0.0
1321,1322,same_plane,944.6114857937649,944.6114857937914,944.6114857937778,1.0,1,0,0,0.0
1322,1323,same_plane,944.6114857937599,944.6114857937782,944.6114857937662,1.0,1,0,0,0.0
1323,1324,same_plane,944.6114857937649,944.6114857937919,944.6114857937786,1.0,1,0,0,0.0
1324,1325,same_plane,944.6114857937647,944.6114857937918,944.6114857937781,1.0,1,0,0,0.0
1325,1326,same_plane,944.6114857937537,944.6114857937722,944.6114857937661,1.0,1,0,0,0.0
1326,1327,same_plane,944.6114857937647,944.611485793792,944.6114857937787,1.0,1,0,0,0.0
1327,1328,same_plane,944.6114857937648,944.611485793792,944.6114857937778,1.0,1,0,0,0.0
1328,1329,same_plane,944.611485793765,944.6114857937915,944.6114857937786,1.0,1,0,0,0.0
1329,1330,same_plane,944.6114857937649,944.6114857937916,944.6114857937782,1.0,1,0,0,0.0
1330,1331,same_plane,944.6114857937646,944.6114857937672,944.6114857937661,1.0,1,0,0,0.0
1331,1332,same_plane,944.6114857937646,944.6114857937915,944.6114857937787,1.0,1,0,0,0.0
1332,1333,same_plane,944.6114857937652,944.6114857937916,944.6114857937778,1.0,1,0,0,0.0
1288,1333,same_plane,944.6114857937661,944.6114857937932,944.6114857937741,1.0,1,0,0,0.0
1334,1335,same_plane,944.6114857937646,944.6114857937796,944.6114857937741,1.0,1,0,0,0.0
1335,1336,same_plane,944.6114857937649,944.6114857937918,944.6114857937781,1.0,1,0,0,0.0
1336,1337,same_plane,944.6114857937644,944.6114857937795,944.6114857937741,1.0,1,0,0,0.0
1337,1338,same_plane,944.6114857937655,944.6114857937796,944.6114857937763,1.0,1,0,0,0.0
1338,1339,same_plane,944.6114857937652,944.6114857937795,944.611485793776,1.0,1,0,0,0.0
1339,1340,same_plane,944.6114857937648,944.6114857937908,944.6114857937745,1.0,1,0,0,0.0
1340,1341,same_plane,944.6114857937647,944.611485793791,944.6114857937741,1.0,1,0,0,0.0
1341,1342,same_plane,944.6114857937641,944.6114857937911,944.611485793776,1.0,1,0,0,0.0
1342,1343,same_plane,944.6114857937647,944.6114857937926,944.6114857937786,1.0,1,0,0,0.0
1343,1344,same_plane,944.6114857937652,944.6114857937915,944.6114857937779,1.0,1,0,0,0.0
1344,1345,same_plane,944.6114857937534,944.6114857937722,944.611485793766,1.0,1,0,0,0.0
1345,1346,same_plane,944.6114857937652,944.6114857937922,944.6114857937786,1.0,1,0,0,0.0
1346,1347,same_plane,944.6114857937652,944.6114857937916,944.6114857937779,1.0,1,0,0,0.0
1347,1348,same_plane,944.6114857937647,944.6114857937916,944.6114857937787,1.0,1,0,0,0.0
1348,1349,same_plane,944.6114857937649,944.6114857937918,944.6114857937719,1.0,1,0,0,0.0
1349,1350,same_plane,944.6114857937646,944.6114857937913,944.611485793772,1.0,1,0,0,0.0
1350,1351,same_plane,944.611485793765,944.6114857937915,944.6114857937783,1.0,1,0,0,0.0
1351,1352,same_plane,944.6114857937646,944.6114857937913,944.6114857937779,1.0,1,0,0,0.0
1352,1353,same_plane,944.6114857937646,944.6114857937912,944.6114857937723,1.0,1,0,0,0.0
1353,1354,same_plane,944.6114857937649,944.6114857937914,944.6114857937781,1.0,1,0,0,0.0
1354,1355,same_plane,944.6114857937648,944.6114857937913,944.6114857937722,1.0,1,0,0,0.0
1355,1356,same_plane,944.6114857937647,944.6114857937919,944.6114857937783,1.0,1,0,0,0.0
1356,1357,same_plane,944.6114857937653,944.6114857937911,944.6114857937781,1.0,1,0,0,0.0
1357,1358,same_plane,944.6114857937647,944.6114857937912,944.6114857937723,1.0,1,0,0,0.0
1358,1359,same_plane,944.6114857937648,944.6114857937916,944.6114857937781,1.0,1,0,0,0.0
1359,1360,same_plane,944.6114857937646,944.6114857937916,944.611485793772,1.0,1,0,0,0.0
1360,1361,same_plane,944.6114857937648,944.6114857937916,944.6114857937783,1.0,1,0,0,0.0
1361,1362,same_plane,944.6114857937653,944.6114857937915,944.6114857937781,1.0,1,0,0,0.0
1362,1363,same_plane,944.6114857937645,944.6114857937913,944.6114857937723,1.0,1,0,0,0.0
1363,1364,same_plane,944.6114857937649,944.6114857937921,944.6114857937781,1.0,1,0,0,0.0
1364,1365,same_plane,944.6114857937645,944.6114857937916,944.611485793772,1.0,1,0,0,0.0
1365,1366,same_plane,944.6114857937649,944.611485793792,944.6114857937787,1.0,1,0,0,0.0
1366,1367,same_plane,944.611485793765,944.6114857937918,944.6114857937781,1.0,1,0,0,0.0
1367,1368,same_plane,944.6114857937648,944.6114857937921,944.6114857937783,1.0,1,0,0,0.0
1368,1369,same_plane,944.6114857937649,944.6114857937918,944.611485793772,1.0,1,0,0,0.0
1369,1370,same_plane,944.6114857937642,944.6114857937918,944.611485793772,1.0,1,0,0,0.0
1370,1371,same_plane,944.6114857937648,944.6114857937916,944.6114857937787,1.0,1,0,0,0.0
1371,1372,same_plane,944.6114857937646,944.6114857937918,944.6114857937779,1.0,1,0,0,0.0
1372,1373,same_plane,944.6114857937644,944.6114857937786,944.6114857937661,1.0,1,0,0,0.0
1373,1374,same_plane,944.6114857937652,944.6114857938165,944.6114857937905,1.0,1,0,0,0.0
1374,1375,same_plane,944.6114857937537,944.6114857937673,944.611485793766,1.0,1,0,0,0.0
1375,1376,same_plane,944.6114857937648,944.6114857937916,944.6114857937786,1.0,1,0,0,0.0
1376,1377,same_plane,944.6114857937647,944.6114857937918,944.6114857937781,1.0,1,0,0,0.0
1377,1378,same_plane,944.6114857937646,944.611485793778,944.6114857937661,1.0,1,0,0,0.0
1378,1379,same_plane,944.6114857937653,944.6114857938157,944.6114857937905,1.0,1,0,0,0.0
1334,1379,same_plane,944.6114857937534,944.6114857937811,944.611485793766,1.0,1,0,0,0.0
1380,1381,same_plane,944.6114857937656,944.61148579378,944.6114857937761,1.0,1,0,0,0.0
1381,1382,same_plane,944.6114857937652,944.6114857937915,944.6114857937783,1.0,1,0,0,0.0
1382,1383,same_plane,944.6114857937653,944.6114857937799,944.6114857937763,1.0,1,0,0,0.0
1383,1384,same_plane,944.6114857937644,944.6114857937794,944.6114857937745,1.0,1,0,0,0.0
1384,1385,same_plane,944.6114857937649,944.6114857937907,944.6114857937741,1.0,1,0,0,0.0
1385,1386,same_plane,944.6114857937649,944.6114857937907,944.611485793776,1.0,1,0,0,0.0
1386,1387,same_plane,944.6114857937654,944.6114857937907,944.6114857937763,1.0,1,0,0,0.0
1387,1388,same_plane,944.6114857937644,944.6114857937916,944.6114857937745,1.0,1,0,0,0.0
1388,1389,same_plane,944.6114857937645,944.6114857937912,944.6114857937722,1.0,1,0,0,0.0
1389,1390,same_plane,944.6114857937649,944.6114857937915,944.6114857937787,1.0,1,0,0,0.0
1390,1391,same_plane,944.6114857937649,944.6114857937916,944.6114857937778,1.0,1,0,0,0.0
1391,1392,same_plane,944.611485793764,944.6114857937918,944.6114857937786,1.0,1,0,0,0.0
1392,1393,same_plane,944.6114857937649,944.6114857937908,944.611485793772,1.0,1,0,0,0.0
1393,1394,same_plane,944.6114857937649,944.6114857937912,944.6114857937722,1.0,1,0,0,0.0
1394,1395,same_plane,944.6114857937648,944.6114857937916,944.6114857937786,1.0,1,0,0,0.0
1395,1396,same_plane,944.6114857937653,944.6114857937915,944.6114857937781,1.0,1,0,0,0.0
1396,1397,same_plane,944.6114857937646,944.6114857937919,944.6114857937787,1.0,1,0,0,0.0
1397,1398,same_plane,944.6114857937532,944.6114857937673,944.611485793766,1.0,1,0,0,0.0
1398,1399,same_plane,944.6114857937649,944.611485793792,944.6114857937781,1.0,1,0,0,0.0
1399,1400,same_plane,944.6114857937647,944.611485793792,944.6114857937786,1.0,1,0,0,0.0
1400,1401,same_plane,944.6114857937649,944.6114857937916,944.6114857937779,1.0,1,0,0,0.0
1401,1402,same_plane,944.6114857937536,944.611485793772,944.6114857937661,1.0,1,0,0,0.0
1402,1403,same_plane,944.6114857937648,944.6114857937916,944.6114857937787,1.0,1,0,0,0.0
1403,1404,same_plane,944.611485793765,944.6114857937916,944.6114857937781,1.0,1,0,0,0.0
1404,1405,same_plane,944.6114857937653,944.6114857937913,944.6114857937786,1.0,1,0,0,0.0
1405,1406,same_plane,944.6114857937652,944.6114857937916,944.6114857937781,1.0,1,0,0,0.0
1406,1407,same_plane,944.6114857937534,944.6114857937675,944.6114857937661,1.0,1,0,0,0.0
1407,1408,same_plane,944.6114857937649,944.6114857937915,944.6114857937787,1.0,1,0,0,0.0
1408,1409,same_plane,944.6114857937648,944.611485793792,944.6114857937781,1.0,1,0,0,0.0
1409,1410,same_plane,944.6114857937652,944.6114857937913,944.6114857937787,1.0,1,0,0,0.0
1410,1411,same_plane,944.6114857937642,944.6114857937913,944.611485793772,1.0,1,0,0,0.0
1411,1412,same_plane,944.6114857937645,944.6114857937918,944.6114857937786,1.0,1,0,0,0.0
1412,1413,same_plane,944.6114857937645,944.611485793792,944.6114857937781,1.0,1,0,0,0.0
1413,1414,same_plane,944.611485793765,944.6114857937922,944.6114857937786,1.0,1,0,0,0.0
1414,1415,same_plane,944.6114857937642,944.6114857937912,944.6114857937723,1.0,1,0,0,0.0
1415,1416,same_plane,944.6114857937649,944.6114857937916,944.6114857937719,1.0,1,0,0,0.0
1416,1417,same_plane,944.6114857937652,944.6114857937919,944.6114857937786,1.0,1,0,0,0.0
1417,1418,same_plane,944.6114857937649,944.6114857937912,944.611485793772,1.0,1,0,0,0.0
1418,1419,same_plane,944.6114857937652,944.6114857937916,944.6114857937781,1.0,1,0,0,0.0
1419,1420,same_plane,944.611485793765,944.6114857937919,944.6114857937787,1.0,1,0,0,0.0
1420,1421,same_plane,944.6114857937646,944.6114857937922,944.6114857937779,1.0,1,0,0,0.0
1421,1422,same_plane,944.6114857937642,944.6114857937785,944.6114857937661,1.0,1,0,0,0.0
1422,1423,same_plane,944.6114857937647,944.6114857937918,944.6114857937786,1.0,1,0,0,0.0
1423,1424,same_plane,944.6114857937646,944.6114857937922,944.6114857937781,1.0,1,0,0,0.0
1424,1425,same_plane,944.6114857937648,944.6114857937916,944.6114857937786,1.0,1,0,0,0.0
1380,1425,same_plane,944.6114857937546,944.6114857937811,944.6114857937696,1.0,1,0,0,0.0
1426,1427,same_plane,944.6114857937648,944.6114857937793,944.611485793774,1.0,1,0,0,0.0
1427,1428,same_plane,944.6114857937649,944.6114857937796,944.6114857937761,1.0,1,0,0,0.0
1428,1429,same_plane,944.6114857937649,944.6114857937913,944.6114857937783,1.0,1,0,0,0.0
1429,1430,same_plane,944.6114857937654,944.6114857937796,944.6114857937763,1.0,1,0,0,0.0
1430,1431,same_plane,944.6114857937644,944.6114857937908,944.6114857937745,1.0,1,0,0,0.0
1431,1432,same_plane,944.6114857937652,944.611485793791,944.6114857937741,1.0,1,0,0,0.0
1432,1433,same_plane,944.6114857937652,944.6114857937903,944.6114857937758,1.0,1,0,0,0.0
1433,1434,same_plane,944.6114857937653,944.6114857937919,944.6114857937787,1.0,1,0,0,0.0
1434,1435,same_plane,944.6114857937645,944.611485793791,944.611485793772,1.0,1,0,0,0.0
1435,1436,same_plane,944.6114857937647,944.6114857937915,944.6114857937787,1.0,1,0,0,0.0
1436,1437,same_plane,944.6114857937645,944.6114857937908,944.6114857937722,1.0,1,0,0,0.0
1437,1438,same_plane,944.611485793765,944.6114857937922,944.6114857937779,1.0,1,0,0,0.0
1438,1439,same_plane,944.6114857937646,944.6114857937916,944.6114857937783,1.0,1,0,0,0.0
1439,1440,same_plane,944.6114857937648,944.6114857937912,944.611485793772,1.0,1,0,0,0.0
1440,1441,same_plane,944.6114857937652,944.6114857937912,944.6114857937722,1.0,1,0,0,0.0
1441,1442,same_plane,944.6114857937647,944.6114857937924,944.6114857937787,1.0,1,0,0,0.0
1442,1443,same_plane,944.6114857937647,944.6114857937921,944.6114857937781,1.0,1,0,0,0.0
1443,1444,same_plane,944.6114857937648,944.6114857937911,944.6114857937723,1.0,1,0,0,0.0
1444,1445,same_plane,944.6114857937647,944.6114857937916,944.611485793772,1.0,1,0,0,0.0
1445,1446,same_plane,944.6114857937641,944.6114857937916,944.6114857937779,1.0,1,0,0,0.0
1446,1447,same_plane,944.6114857937648,944.6114857937916,944.6114857937787,1.0,1,0,0,0.0
1447,1448,same_plane,944.6114857937652,944.6114857937911,944.6114857937719,1.0,1,0,0,0.0
1448,1449,same_plane,944.6114857937645,944.6114857937919,944.6114857937786,1.0,1,0,0,0.0
1449,1450,same_plane,944.6114857937649,944.6114857937911,944.6114857937722,1.0,1,0,0,0.0
1450,1451,same_plane,944.6114857937652,944.6114857937913,944.6114857937781,1.0,1,0,0,0.0
1451,1452,same_plane,944.6114857937649,944.6114857937919,944.6114857937787,1.0,1,0,0,0.0
1452,1453,same_plane,944.6114857937646,944.6114857937916,944.6114857937719,1.0,1,0,0,0.0
1453,1454,same_plane,944.6114857937653,944.6114857937913,944.6114857937786,1.0,1,0,0,0.0
1454,1455,same_plane,944.6114857937647,944.6114857937911,944.611485793772,1.0,1,0,0,0.0
1455,1456,same_plane,944.6114857937648,944.6114857937913,944.6114857937781,1.0,1,0,0,0.0
1456,1457,same_plane,944.6114857937648,944.6114857937918,944.6114857937786,1.0,1,0,0,0.0
1457,1458,same_plane,944.6114857937648,944.6114857937922,944.6114857937778,1.0,1,0,0,0.0
1458,1459,same_plane,944.6114857937647,944.6114857937918,944.6114857937787,1.0,1,0,0,0.0
1459,1460,same_plane,944.6114857937652,944.611485793792,944.6114857937779,1.0,1,0,0,0.0
1460,1461,same_plane,944.6114857937645,944.6114857937783,944.6114857937661,1.0,1,0,0,0.0
1461,1462,same_plane,944.6114857937652,944.6114857937918,944.6114857937786,1.0,1,0,0,0.0
1462,1463,same_plane,944.6114857937648,944.6114857937916,944.6114857937781,1.0,1,0,0,0.0
1463,1464,same_plane,944.6114857937639,944.6114857937672,944.611485793766,1.0,1,0,0,0.0
1464,1465,same_plane,944.6114857937646,944.6114857937918,944.6114857937783,1.0,1,0,0,0.0
1465,1466,same_plane,944.6114857937649,944.6114857937921,944.6114857937781,1.0,1,0,0,0.0
1466,1467,same_plane,944.6114857937649,944.6114857937915,944.6114857937786,1.0,1,0,0,0.0
1467,1468,same_plane,944.6114857937645,944.6114857937913,944.6114857937778,1.0,1,0,0,0.0
1468,1469,same_plane,944.6114857937532,944.6114857937674,944.611485793766,1.0,1,0,0,0.0
1469,1470,same_plane,944.6114857937647,944.6114857937915,944.6114857937786,1.0,1,0,0,0.0
1470,1471,same_plane,944.6114857937647,944.6114857937919,944.6114857937781,1.0,1,0,0,0.0
1426,1471,same_plane,944.6114857937665,944.6114857937933,944.6114857937741,1.0,1,0,0,0.0
1472,1473,same_plane,944.6114857937653,944.6114857937796,944.6114857937764,1.0,1,0,0,0.0
1473,1474,same_plane,944.6114857937649,944.6114857937795,944.6114857937741,1.0,1,0,0,0.0
1474,1475,same_plane,944.6114857937649,944.6114857937915,944.6114857937783,1.0,1,0,0,0.0
1475,1476,same_plane,944.6114857937645,944.6114857937911,944.6114857937741,1.0,1,0,0,0.0
1476,1477,same_plane,944.6114857937652,944.6114857937905,944.611485793776,1.0,1,0,0,0.0
1477,1478,same_plane,944.6114857937652,944.6114857937915,944.6114857937761,1.0,1,0,0,0.0
1478,1479,same_plane,944.6114857937645,944.6114857937906,944.6114857937745,1.0,1,0,0,0.0
1479,1480,same_plane,944.6114857937641,944.6114857937911,944.611485793772,1.0,1,0,0,0.0
1480,1481,same_plane,944.6114857937655,944.6114857937918,944.6114857937783,1.0,1,0,0,0.0
1481,1482,same_plane,944.6114857937652,944.6114857937924,944.6114857937782,1.0,1,0,0,0.0
1482,1483,same_plane,944.6114857937648,944.6114857937906,944.6114857937723,1.0,1,0,0,0.0
1483,1484,same_plane,944.6114857937648,944.6114857937915,944.6114857937781,1.0,1,0,0,0.0
1484,1485,same_plane,944.6114857937647,944.6114857937912,944.611485793772,1.0,1,0,0,0.0
1485,1486,same_plane,944.6114857937652,944.6114857937918,944.6114857937786,1.0,1,0,0,0.0
1486,1487,same_plane,944.6114857937652,944.6114857937913,944.6114857937781,1.0,1,0,0,0.0
1487,1488,same_plane,944.6114857937646,944.6114857937918,944.6114857937723,1.0,1,0,0,0.0
1488,1489,same_plane,944.6114857937647,944.6114857937919,944.6114857937781,1.0,1,0,0,0.0
1489,1490,same_plane,944.6114857937645,944.6114857937912,944.611485793772,1.0,1,0,0,0.0
1490,1491,same_plane,944.6114857937649,944.6114857937918,944.6114857937786,1.0,1,0,0,0.0
1491,1492,same_plane,944.6114857937649,944.6114857937919,944.6114857937781,1.0,1,0,0,0.0
1492,1493,same_plane,944.611485793765,944.6114857937915,944.6114857937724,1.0,1,0,0,0.0
1493,1494,same_plane,944.6114857937645,944.6114857937911,944.6114857937723,1.0,1,0,0,0.0
1494,1495,same_plane,944.6114857937653,944.6114857937921,944.6114857937779,1.0,1,0,0,0.0
1495,1496,same_plane,944.6114857937648,944.6114857937913,944.6114857937787,1.0,1,0,0,0.0
1496,1497,same_plane,944.6114857937652,944.6114857937913,944.6114857937779,1.0,1,0,0,0.0
1497,1498,same_plane,944.6114857937649,944.6114857937912,944.6114857937727,1.0,1,0,0,0.0
1498,1499,same_plane,944.6114857937646,944.6114857937915,944.6114857937722,1.0,1,0,0,0.0
1499,1500,same_plane,944.6114857937647,944.6114857937914,944.6114857937779,1.0,1,0,0,0.0
1500,1501,same_plane,944.6114857937649,944.6114857937916,944.6114857937786,1.0,1,0,0,0.0
1501,1502,same_plane,944.611485793765,944.6114857937916,944.6114857937781,1.0,1,0,0,0.0
1502,1503,same_plane,944.6114857937647,944.6114857937787,944.6114857937662,1.0,1,0,0,0.0
1503,1504,same_plane,944.6114857937648,944.6114857937918,944.6114857937783,1.0,1,0,0,0.0
1504,1505,same_plane,944.6114857937648,944.6114857937915,944.6114857937781,1.0,1,0,0,0.0
1505,1506,same_plane,944.6114857937648,944.6114857937919,944.6114857937786,1.0,1,0,0,0.0
1506,1507,same_plane,944.6114857937648,944.6114857937921,944.6114857937781,1.0,1,0,0,0.0
1507,1508,same_plane,944.6114857937596,944.6114857937723,944.611485793766,1.0,1,0,0,0.0
1508,1509,same_plane,944.6114857937649,944.611485793792,944.6114857937787,1.0,1,0,0,0.0
1509,1510,same_plane,944.6114857937646,944.6114857937912,944.6114857937778,1.0,1,0,0,0.0
1510,1511,same_plane,944.6114857937648,944.611485793792,944.6114857937783,1.0,1,0,0,0.0
1511,1512,same_plane,944.6114857937647,944.6114857937913,944.6114857937781,1.0,1,0,0,0.0
1512,1513,same_plane,944.611485793754,944.6114857937677,944.611485793766,1.0,1,0,0,0.0
1513,1514,same_plane,944.6114857937648,944.6114857937924,944.6114857937787,1.0,1,0,0,0.0
1514,1515,same_plane,944.6114857937648,944.611485793792,944.6114857937779,1.0,1,0,0,0.0
1515,1516,same_plane,944.6114857937646,944.6114857937771,944.611485793766,1.0,1,0,0,0.0
1516,1517,same_plane,944.6114857937653,944.6114857938159,944.6114857937905,1.0,1,0,0,0.0
1472,1517,same_plane,944.6114857937545,944.611485793781,944.6114857937675,1.0,1,0,0,0.0
1518,1519,same_plane,944.6114857937648,944.6114857937797,944.6114857937761,1.0,1,0,0,0.0
1519,1520,same_plane,944.6114857937648,944.6114857937916,944.6114857937786,1.0,1,0,0,0.0
1520,1521,same_plane,944.6114857937652,944.6114857937798,944.611485793776,1.0,1,0,0,0.0
1521,1522,same_plane,944.6114857937648,944.6114857937908,944.6114857937745,1.0,1,0,0,0.0
1522,1523,same_plane,944.6114857937649,944.6114857937908,944.6114857937741,1.0,1,0,0,0.0
1523,1524,same_plane,944.6114857937649,944.6114857937911,944.611485793776,1.0,1,0,0,0.0
1524,1525,same_plane,944.6114857937652,944.6114857937915,944.6114857937783,1.0,1,0,0,0.0
1525,1526,same_plane,944.6114857937652,944.6114857937911,944.611485793772,1.0,1,0,0,0.0
1526,1527,same_plane,944.6114857937648,944.611485793791,944.611485793772,1.0,1,0,0,0.0
1527,1528,same_plane,944.6114857937652,944.6114857937911,944.6114857937786,1.0,1,0,0,0.0
1528,1529,same_plane,944.6114857937652,944.6114857937912,944.6114857937781,1.0,1,0,0,0.0
1529,1530,same_plane,944.611485793765,944.6114857937913,944.6114857937787,1.0,1,0,0,0.0
1530,1531,same_plane,944.6114857937646,944.6114857937912,944.611485793772,1.0,1,0,0,0.0
1531,1532,same_plane,944.6114857937652,944.6114857937918,944.611485793772,1.0,1,0,0,0.0
1532,1533,same_plane,944.6114857937647,944.6114857937913,944.6114857937787,1.0,1,0,0,0.0
1533,1534,same_plane,944.6114857937645,944.6114857937916,944.6114857937781,1.0,1,0,0,0.0
1534,1535,same_plane,944.6114857937648,944.6114857937926,944.6114857937787,1.0,1,0,0,0.0
1535,1536,same_plane,944.6114857937539,944.611485793772,944.6114857937661,1.0,1,0,0,0.0
1536,1537,same_plane,944.6114857937649,944.6114857937914,944.6114857937779,1.0,1,0,0,0.0
1537,1538,same_plane,944.6114857937647,944.6114857937921,944.6114857937786,1.0,1,0,0,0.0
1538,1539,same_plane,944.6114857937649,944.6114857937913,944.6114857937781,1.0,1,0,0,0.0
1539,1540,same_plane,944.6114857937648,944.6114857937786,944.6114857937662,1.0,1,0,0,0.0
1540,1541,same_plane,944.6114857937649,944.6114857937915,944.6114857937783,1.0,1,0,0,0.0
1541,1542,same_plane,944.6114857937652,944.611485793792,944.6114857937779,1.0,1,0,0,0.0
1542,1543,same_plane,944.6114857937644,944.6114857937915,944.6114857937783,1.0,1,0,0,0.0
1543,1544,same_plane,944.6114857937649,944.6114857937918,944.6114857937781,1.0,1,0,0,0.0
1544,1545,same_plane,944.6114857937538,944.6114857937715,944.6114857937661,1.0,1,0,0,0.0
1545,1546,same_plane,944.6114857937645,944.611485793792,944.6114857937787,1.0,1,0,0,0.0
1546,1547,same_plane,944.6114857937644,944.6114857937919,944.6114857937781,1.0,1,0,0,0.0
1547,1548,same_plane,944.6114857937649,944.6114857937918,944.6114857937783,1.0,1,0,0,0.0
1548,1549,same_plane,944.6114857937646,944.6114857937912,944.611485793772,1.0,1,0,0,0.0
1549,1550,same_plane,944.6114857937649,944.6114857937915,944.6114857937786,1.0,1,0,0,0.0
1550,1551,same_plane,944.6114857937648,944.6114857937918,944.6114857937781,1.0,1,0,0,0.0
1551,1552,same_plane,944.6114857937649,944.6114857937914,944.6114857937786,1.0,1,0,0,0.0
1552,1553,same_plane,944.6114857937648,944.6114857937918,944.611485793772,1.0,1,0,0,0.0
1553,1554,same_plane,944.6114857937647,944.6114857937919,944.6114857937781,1.0,1,0,0,0.0
1554,1555,same_plane,944.6114857937542,944.6114857937673,944.611485793766,1.0,1,0,0,0.0
1555,1556,same_plane,944.6114857937647,944.6114857937918,944.6114857937787,1.0,1,0,0,0.0
1556,1557,same_plane,944.6114857937644,944.6114857937918,944.6114857937778,1.0,1,0,0,0.0
1557,1558,same_plane,944.6114857937648,944.6114857937916,944.6114857937783,1.0,1,0,0,0.0
1558,1559,same_plane,944.611485793765,944.6114857937919,944.6114857937782,1.0,1,0,0,0.0
1559,1560,same_plane,944.6114857937645,944.6114857937673,944.611485793766,1.0,1,0,0,0.0
1560,1561,same_plane,944.6114857937644,944.6114857937918,944.6114857937786,1.0,1,0,0,0.0
1561,1562,same_plane,944.6114857937649,944.6114857937916,944.6114857937778,1.0,1,0,0,0.0
1562,1563,same_plane,944.611485793765,944.6114857937918,944.6114857937783,1.0,1,0,0,0.0
1518,1563,same_plane,944.6114857937541,944.6114857937811,944.6114857937697,1.0,1,0,0,0.0
1564,1565,same_plane,944.6114857937649,944.6114857937795,944.6114857937741,1.0,1,0,0,0.0
1565,1566,same_plane,944.6114857937644,944.611485793791,944.611485793776,1.0,1,0,0,0.0
1566,1567,same_plane,944.611485793765,944.6114857937915,944.6114857937786,1.0,1,0,0,0.0
1567,1568,same_plane,944.6114857937649,944.6114857937911,944.611485793776,1.0,1,0,0,0.0
1568,1569,same_plane,944.6114857937648,944.6114857937913,944.6114857937747,1.0,1,0,0,0.0
1569,1570,same_plane,944.6114857937645,944.6114857937907,944.611485793772,1.0,1,0,0,0.0
1570,1571,same_plane,944.611485793765,944.6114857937919,944.6114857937781,1.0,1,0,0,0.0
1571,1572,same_plane,944.6114857937649,944.6114857937913,944.6114857937787,1.0,1,0,0,0.0
1572,1573,same_plane,944.6114857937649,944.6114857937915,944.6114857937719,1.0,1,0,0,0.0
1573,1574,same_plane,944.6114857937649,944.6114857937914,944.6114857937786,1.0,1,0,0,0.0
1574,1575,same_plane,944.6114857937649,944.6114857937912,944.611485793772,1.0,1,0,0,0.0
1575,1576,same_plane,944.6114857937652,944.6114857937916,944.6114857937781,1.0,1,0,0,0.0
1576,1577,same_plane,944.6114857937652,944.6114857937913,944.6114857937787,1.0,1,0,0,0.0
1577,1578,same_plane,944.6114857937648,944.6114857937913,944.6114857937719,1.0,1,0,0,0.0
1578,1579,same_plane,944.6114857937649,944.6114857937913,944.611485793772,1.0,1,0,0,0.0
1579,1580,same_plane,944.6114857937648,944.6114857937918,944.6114857937783,1.0,1,0,0,0.0
1580,1581,same_plane,944.6114857937647,944.6114857937918,944.6114857937781,1.0,1,0,0,0.0
1581,1582,same_plane,944.6114857937648,944.6114857937915,944.6114857937724,1.0,1,0,0,0.0
1582,1583,same_plane,944.6114857937649,944.6114857937915,944.6114857937722,1.0,1,0,0,0.0
1583,1584,same_plane,944.6114857937649,944.6114857937918,944.6114857937778,1.0,1,0,0,0.0
1584,1585,same_plane,944.6114857937649,944.6114857937919,944.6114857937786,1.0,1,0,0,0.0
1585,1586,same_plane,944.6114857937645,944.6114857937911,944.611485793772,1.0,1,0,0,0.0
1586,1587,same_plane,944.6114857937647,944.6114857937916,944.6114857937786,1.0,1,0,0,0.0
1587,1588,same_plane,944.6114857937652,944.6114857937913,944.6114857937722,1.0,1,0,0,0.0
1588,1589,same_plane,944.6114857937649,944.6114857937916,944.6114857937778,1.0,1,0,0,0.0
1589,1590,same_plane,944.6114857937652,944.6114857937915,944.6114857937786,1.0,1,0,0,0.0
1590,1591,same_plane,944.6114857937647,944.6114857937918,944.611485793772,1.0,1,0,0,0.0
1591,1592,same_plane,944.6114857937649,944.6114857937916,944.6114857937787,1.0,1,0,0,0.0
1592,1593,same_plane,944.6114857937645,944.6114857937915,944.6114857937722,1.0,1,0,0,0.0
1593,1594,same_plane,944.611485793765,944.6114857937918,944.6114857937778,1.0,1,0,0,0.0
1594,1595,same_plane,944.6114857937648,944.611485793792,944.6114857937787,1.0,1,0,0,0.0
1595,1596,same_plane,944.6114857937646,944.6114857937919,944.6114857937779,1.0,1,0,0,0.0
1596,1597,same_plane,944.6114857937647,944.6114857937915,944.6114857937787,1.0,1,0,0,0.0
1597,1598,same_plane,944.6114857937648,944.6114857937912,944.6114857937781,1.0,1,0,0,0.0
1598,1599,same_plane,944.6114857937534,944.6114857937673,944.611485793766,1.0,1,0,0,0.0
1599,1600,same_plane,944.6114857937647,944.6114857937914,944.6114857937787,1.0,1,0,0,0.0
1600,1601,same_plane,944.6114857937648,944.6114857937915,944.6114857937781,1.0,1,0,0,0.0
1601,1602,same_plane,944.6114857937648,944.6114857937778,944.6114857937662,1.0,1,0,0,0.0
1602,1603,same_plane,944.611485793765,944.6114857937916,944.6114857937786,1.0,1,0,0,0.0
1603,1604,same_plane,944.6114857937649,944.6114857937919,944.6114857937781,1.0,1,0,0,0.0
1604,1605,same_plane,944.6114857937647,944.6114857937915,944.6114857937786,1.0,1,0,0,0.0
1605,1606,same_plane,944.6114857937647,944.6114857937918,944.6114857937782,1.0,1,0,0,0.0
1606,1607,same_plane,944.6114857937648,944.611485793779,944.611485793766,1.0,1,0,0,0.0
1607,1608,same_plane,944.6114857937652,944.6114857937921,944.6114857937787,1.0,1,0,0,0.0
1608,1609,same_plane,944.6114857937646,944.6114857937916,944.6114857937781,1.0,1,0,0,0.0
1564,1609,same_plane,944.6114857937669,944.611485793793,944.6114857937741,1.0,1,0,0,0.0
1610,1611,same_plane,944.6114857937653,944.6114857937795,944.6114857937763,1.0,1,0,0,0.0
1611,1612,same_plane,944.6114857937649,944.6114857937904,944.6114857937742,1.0,1,0,0,0.0
1612,1613,same_plane,944.6114857937648,944.6114857937916,944.6114857937786,1.0,1,0,0,0.0
1613,1614,same_plane,944.6114857937647,944.6114857937912,944.6114857937742,1.0,1,0,0,0.0
1614,1615,same_plane,944.6114857937649,944.6114857937913,944.6114857937756,1.0,1,0,0,0.0
1615,1616,same_plane,944.6114857937649,944.6114857937913,944.6114857937786,1.0,1,0,0,0.0
1616,1617,same_plane,944.6114857937649,944.611485793791,944.611485793772,1.0,1,0,0,0.0
1617,1618,same_plane,944.6114857937649,944.6114857937913,944.6114857937722,1.0,1,0,0,0.0
1618,1619,same_plane,944.6114857937649,944.6114857937918,944.6114857937786,1.0,1,0,0,0.0
1619,1620,same_plane,944.6114857937648,944.6114857937915,944.6114857937778,1.0,1,0,0,0.0
1620,1621,same_plane,944.6114857937652,944.6114857937915,944.6114857937724,1.0,1,0,0,0.0
1621,1622,same_plane,944.6114857937652,944.6114857937916,944.6114857937781,1.0,1,0,0,0.0
1622,1623,same_plane,944.6114857937648,944.6114857937912,944.6114857937722,1.0,1,0,0,0.0
1623,1624,same_plane,944.611485793765,944.6114857937913,944.6114857937786,1.0,1,0,0,0.0
1624,1625,same_plane,944.6114857937653,944.6114857937914,944.6114857937779,1.0,1,0,0,0.0
1625,1626,same_plane,944.6114857937644,944.6114857937912,944.6114857937723,1.0,1,0,0,0.0
1626,1627,same_plane,944.611485793765,944.6114857937915,944.6114857937781,1.0,1,0,0,0.0
1627,1628,same_plane,944.6114857937649,944.6114857937916,944.6114857937722,1.0,1,0,0,0.0
1628,1629,same_plane,944.6114857937649,944.6114857937918,944.6114857937786,1.0,1,0,0,0.0
1629,1630,same_plane,944.6114857937647,944.6114857937913,944.6114857937781,1.0,1,0,0,0.0
1630,1631,same_plane,944.6114857937646,944.6114857937911,944.6114857937723,1.0,1,0,0,0.0
1631,1632,same_plane,944.6114857937648,944.6114857937915,944.611485793772,1.0,1,0,0,0.0
1632,1633,same_plane,944.6114857937647,944.6114857937916,944.6114857937779,1.0,1,0,0,0.0
1633,1634,same_plane,944.6114857937648,944.6114857937918,944.6114857937786,1.0,1,0,0,0.0
1634,1635,same_plane,944.6114857937647,944.6114857937916,944.6114857937781,1.0,1,0,0,0.0
1635,1636,same_plane,944.6114857937646,944.6114857937918,944.6114857937723,1.0,1,0,0,0.0
1636,1637,same_plane,944.6114857937652,944.6114857937911,944.6114857937722,1.0,1,0,0,0.0
1637,1638,same_plane,944.6114857937652,944.6114857937916,944.6114857937781,1.0,1,0,0,0.0
1638,1639,same_plane,944.6114857937645,944.6114857937914,944.6114857937787,1.0,1,0,0,0.0
1639,1640,same_plane,944.6114857937652,944.6114857937916,944.6114857937778,1.0,1,0,0,0.0
1640,1641,same_plane,944.6114857937597,944.6114857937779,944.611485793766,1.0,1,0,0,0.0
1641,1642,same_plane,944.6114857937648,944.6114857937918,944.6114857937786,1.0,1,0,0,0.0
1642,1643,same_plane,944.6114857937649,944.6114857937913,944.6114857937781,1.0,1,0,0,0.0
1643,1644,same_plane,944.6114857937652,944.6114857937916,944.6114857937787,1.0,1,0,0,0.0
1644,1645,same_plane,944.6114857937652,944.6114857937915,944.6114857937778,1.0,1,0,0,0.0
1645,1646,same_plane,944.6114857937647,944.611485793778,944.611485793766,1.0,1,0,0,0.0
1646,1647,same_plane,944.6114857937647,944.6114857937919,944.6114857937783,1.0,1,0,0,0.0
1647,1648,same_plane,944.6114857937646,944.6114857937919,944.6114857937782,1.0,1,0,0,0.0
1648,1649,same_plane,944.6114857937647,944.6114857937915,944.6114857937786,1.0,1,0,0,0.0
1649,1650,same_plane,944.6114857937649,944.6114857937924,944.6114857937778,1.0,1,0,0,0.0
1650,1651,same_plane,944.6114857937648,944.6114857937779,944.6114857937661,1.0,1,0,0,0.0
1651,1652,same_plane,944.6114857937644,944.6114857937915,944.6114857937783,1.0,1,0,0,0.0
1652,1653,same_plane,944.6114857937647,944.6114857937915,944.6114857937781,1.0,1,0,0,0.0
1653,1654,same_plane,944.6114857937541,944.611485793767,944.611485793766,1.0,1,0,0,0.0
1654,1655,same_plane,944.6114857937653,944.6114857938159,944.6114857937905,1.0,1,0,0,0.0
1610,1655,same_plane,944.6114857937544,944.6114857937807,944.6114857937678,1.0,1,0,0,0.0
1656,1657,same_plane,944.6114857937648,944.6114857937908,944.6114857937745,1.0,1,0,0,0.0
1657,1658,same_plane,944.6114857937647,944.6114857937913,944.6114857937761,1.0,1,0,0,0.0
1658,1659,same_plane,944.6114857937652,944.6114857937918,944.6114857937781,1.0,1,0,0,0.0
1659,1660,same_plane,944.6114857937648,944.6114857937907,944.6114857937724,1.0,1,0,0,0.0
1660,1661,same_plane,944.6114857937652,944.6114857937912,944.6114857937781,1.0,1,0,0,0.0
1661,1662,same_plane,944.6114857937649,944.6114857937911,944.611485793772,1.0,1,0,0,0.0
1662,1663,same_plane,944.6114857937653,944.6114857937915,944.6114857937787,1.0,1,0,0,0.0
1663,1664,same_plane,944.6114857937648,944.6114857937914,944.6114857937779,1.0,1,0,0,0.0
1664,1665,same_plane,944.6114857937646,944.6114857937912,944.6114857937727,1.0,1,0,0,0.0
1665,1666,same_plane,944.6114857937647,944.6114857937916,944.6114857937781,1.0,1,0,0,0.0
1666,1667,same_plane,944.6114857937649,944.6114857937912,944.611485793772,1.0,1,0,0,0.0
1667,1668,same_plane,944.6114857937649,944.6114857937915,944.6114857937783,1.0,1,0,0,0.0
1668,1669,same_plane,944.6114857937653,944.6114857937919,944.6114857937781,1.0,1,0,0,0.0
1669,1670,same_plane,944.6114857937648,944.6114857937912,944.6114857937723,1.0,1,0,0,0.0
1670,1671,same_plane,944.6114857937646,944.6114857937912,944.611485793772,1.0,1,0,0,0.0
1671,1672,same_plane,944.6114857937653,944.6114857937919,944.6114857937779,1.0,1,0,0,0.0
1672,1673,same_plane,944.6114857937647,944.6114857937915,944.6114857937783,1.0,1,0,0,0.0
1673,1674,same_plane,944.6114857937647,944.6114857937912,944.611485793772,1.0,1,0,0,0.0
1674,1675,same_plane,944.6114857937646,944.6114857937913,944.611485793772,1.0,1,0,0,0.0
1675,1676,same_plane,944.6114857937648,944.6114857937915,944.6114857937787,1.0,1,0,0,0.0
1676,1677,same_plane,944.6114857937648,944.6114857937914,944.6114857937778,1.0,1,0,0,0.0
1677,1678,same_plane,944.6114857937649,944.611485793791,944.6114857937727,1.0,1,0,0,0.0
1678,1679,same_plane,944.6114857937649,944.6114857937916,944.6114857937781,1.0,1,0,0,0.0
1679,1680,same_plane,944.6114857937646,944.6114857937918,944.611485793772,1.0,1,0,0,0.0
1680,1681,same_plane,944.6114857937647,944.6114857937919,944.6114857937787,1.0,1,0,0,0.0
1681,1682,same_plane,944.6114857937648,944.6114857937915,944.6114857937778,1.0,1,0,0,0.0
1682,1683,same_plane,944.6114857937646,944.6114857937918,944.6114857937727,1.0,1,0,0,0.0
1683,1684,same_plane,944.6114857937648,944.6114857937919,944.6114857937779,1.0,1,0,0,0.0
1684,1685,same_plane,944.6114857937646,944.6114857937913,944.6114857937722,1.0,1,0,0,0.0
1685,1686,same_plane,944.6114857937649,944.6114857937918,944.6114857937786,1.0,1,0,0,0.0
1686,1687,same_plane,944.6114857937649,944.6114857937916,944.6114857937778,1.0,1,0,0,0.0
1687,1688,same_plane,944.6114857937649,944.6114857937916,944.6114857937787,1.0,1,0,0,0.0
1688,1689,same_plane,944.6114857937648,944.6114857937915,944.6114857937779,1.0,1,0,0,0.0
1689,1690,same_plane,944.6114857937641,944.6114857937915,944.6114857937787,1.0,1,0,0,0.0
1690,1691,same_plane,944.6114857937542,944.6114857937672,944.6114857937661,1.0,1,0,0,0.0
1691,1692,same_plane,944.6114857937648,944.6114857937912,944.6114857937778,1.0,1,0,0,0.0
1692,1693,same_plane,944.6114857937648,944.611485793792,944.6114857937786,1.0,1,0,0,0.0
1693,1694,same_plane,944.6114857937647,944.6114857937673,944.611485793766,1.0,1,0,0,0.0
1694,1695,same_plane,944.6114857937652,944.6114857937919,944.6114857937781,1.0,1,0,0,0.0
1695,1696,same_plane,944.6114857937648,944.611485793792,944.6114857937786,1.0,1,0,0,0.0
1696,1697,same_plane,944.611485793765,944.6114857937913,944.6114857937779,1.0,1,0,0,0.0
1697,1698,same_plane,944.6114857937649,944.6114857937913,944.6114857937783,1.0,1,0,0,0.0
1698,1699,same_plane,944.6114857937647,944.6114857937781,944.611485793766,1.0,1,0,0,0.0
1699,1700,same_plane,944.6114857937648,944.6114857937916,944.6114857937781,1.0,1,0,0,0.0
1700,1701,same_plane,944.6114857937648,944.6114857937915,944.6114857937787,1.0,1,0,0,0.0
1656,1701,same_plane,944.6114857937663,944.6114857937931,944.6114857937736,1.0,1,0,0,0.0
1702,1703,same_plane,944.6114857937648,944.6114857937908,944.6114857937741,1.0,1,0,0,0.0
1703,1704,same_plane,944.6114857937654,944.6114857937908,944.611485793776,1.0,1,0,0,0.0
1704,1705,same_plane,944.6114857937647,944.6114857937915,944.6114857937783,1.0,1,0,0,0.0
1705,1706,same_plane,944.6114857937649,944.6114857937912,944.611485793772,1.0,1,0,0,0.0
1706,1707,same_plane,944.6114857937648,944.6114857937915,944.6114857937786,1.0,1,0,0,0.0
1707,1708,same_plane,944.6114857937646,944.6114857937911,944.611485793772,1.0,1,0,0,0.0
1708,1709,same_plane,944.6114857937648,944.6114857937916,944.6114857937781,1.0,1,0,0,0.0
1709,1710,same_plane,944.6114857937654,944.6114857937915,944.6114857937786,1.0,1,0,0,0.0
1710,1711,same_plane,944.6114857937644,944.611485793791,944.6114857937722,1.0,1,0,0,0.0
1711,1712,same_plane,944.6114857937652,944.6114857937916,944.6114857937787,1.0,1,0,0,0.0
1712,1713,same_plane,944.6114857937647,944.6114857937915,944.6114857937722,1.0,1,0,0,0.0
1713,1714,same_plane,944.6114857937652,944.6114857937915,944.6114857937778,1.0,1,0,0,0.0
1714,1715,same_plane,944.6114857937648,944.6114857937912,944.6114857937787,1.0,1,0,0,0.0
1715,1716,same_plane,944.6114857937647,944.6114857937915,944.611485793772,1.0,1,0,0,0.0
1716,1717,same_plane,944.611485793765,944.6114857937914,944.611485793772,1.0,1,0,0,0.0
1717,1718,same_plane,944.6114857937653,944.6114857937915,944.6114857937787,1.0,1,0,0,0.0
1718,1719,same_plane,944.6114857937653,944.6114857937919,944.6114857937779,1.0,1,0,0,0.0
1719,1720,same_plane,944.6114857937647,944.6114857937912,944.6114857937727,1.0,1,0,0,0.0
1720,1721,same_plane,944.6114857937648,944.611485793791,944.611485793772,1.0,1,0,0,0.0
1721,1722,same_plane,944.6114857937646,944.6114857937913,944.6114857937781,1.0,1,0,0,0.0
1722,1723,same_plane,944.6114857937648,944.6114857937921,944.6114857937786,1.0,1,0,0,0.0
1723,1724,same_plane,944.6114857937646,944.6114857937919,944.611485793772,1.0,1,0,0,0.0
1724,1725,same_plane,944.6114857937649,944.6114857937915,944.6114857937786,1.0,1,0,0,0.0
1725,1726,same_plane,944.6114857937646,944.6114857937916,944.611485793772,1.0,1,0,0,0.0
1726,1727,same_plane,944.6114857937647,944.6114857937913,944.6114857937781,1.0,1,0,0,0.0
1727,1728,same_plane,944.611485793765,944.6114857937915,944.6114857937786,1.0,1,0,0,0.0
1728,1729,same_plane,944.6114857937645,944.6114857937913,944.611485793772,1.0,1,0,0,0.0
1729,1730,same_plane,944.6114857937648,944.6114857937918,944.6114857937786,1.0,1,0,0,0.0
1730,1731,same_plane,944.6114857937649,944.6114857937911,944.6114857937722,1.0,1,0,0,0.0
1731,1732,same_plane,944.6114857937646,944.6114857937915,944.6114857937779,1.0,1,0,0,0.0
1732,1733,same_plane,944.6114857937649,944.611485793792,944.6114857937786,1.0,1,0,0,0.0
1733,1734,same_plane,944.6114857937645,944.6114857937915,944.6114857937779,1.0,1,0,0,0.0
1734,1735,same_plane,944.6114857937645,944.6114857937921,944.6114857937783,1.0,1,0,0,0.0
1735,1736,same_plane,944.6114857937647,944.6114857937916,944.6114857937781,1.0,1,0,0,0.0
1736,1737,same_plane,944.6114857937538,944.6114857937673,944.611485793766,1.0,1,0,0,0.0
1737,1738,same_plane,944.6114857937646,944.611485793792,944.6114857937787,1.0,1,0,0,0.0
1738,1739,same_plane,944.6114857937647,944.6114857937916,944.6114857937778,1.0,1,0,0,0.0
1739,1740,same_plane,944.6114857937642,944.6114857937674,944.611485793766,1.0,1,0,0,0.0
1740,1741,same_plane,944.6114857937648,944.6114857937916,944.6114857937787,1.0,1,0,0,0.0
1741,1742,same_plane,944.6114857937649,944.6114857937915,944.6114857937781,1.0,1,0,0,0.0
1742,1743,same_plane,944.6114857937652,944.6114857937922,944.6114857937787,1.0,1,0,0,0.0
1743,1744,same_plane,944.6114857937652,944.6114857937916,944.6114857937781,1.0,1,0,0,0.0
1744,1745,same_plane,944.6114857937641,944.6114857937785,944.611485793766,1.0,1,0,0,0.0
1745,1746,same_plane,944.6114857937649,944.6114857937915,944.6114857937783,1.0,1,0,0,0.0
1746,1747,same_plane,944.6114857937652,944.6114857937919,944.6114857937781,1.0,1,0,0,0.0
1702,1747,same_plane,944.6114857937664,944.6114857937928,944.6114857937741,1.0,1,0,0,0.0
1748,1749,same_plane,944.6114857937652,944.6114857937912,944.611485793776,1.0,1,0,0,0.0
1749,1750,same_plane,944.6114857937646,944.6114857937914,944.6114857937742,1.0,1,0,0,0.0
1750,1751,same_plane,944.6114857937647,944.6114857937919,944.6114857937787,1.0,1,0,0,0.0
1751,1752,same_plane,944.6114857937646,944.6114857937911,944.6114857937722,1.0,1,0,0,0.0
1752,1753,same_plane,944.6114857937649,944.6114857937915,944.6114857937781,1.0,1,0,0,0.0
1753,1754,same_plane,944.6114857937647,944.6114857937913,944.6114857937787,1.0,1,0,0,0.0
1754,1755,same_plane,944.6114857937648,944.611485793791,944.611485793772,1.0,1,0,0,0.0
1755,1756,same_plane,944.6114857937653,944.6114857937911,944.611485793772,1.0,1,0,0,0.0
1756,1757,same_plane,944.6114857937652,944.6114857937915,944.6114857937787,1.0,1,0,0,0.0
1757,1758,same_plane,944.6114857937652,944.6114857937918,944.6114857937781,1.0,1,0,0,0.0
1758,1759,same_plane,944.6114857937647,944.6114857937911,944.6114857937723,1.0,1,0,0,0.0
1759,1760,same_plane,944.6114857937652,944.6114857937918,944.6114857937781,1.0,1,0,0,0.0
1760,1761,same_plane,944.6114857937645,944.611485793791,944.6114857937722,1.0,1,0,0,0.0
1761,1762,same_plane,944.6114857937648,944.6114857937916,944.6114857937786,1.0,1,0,0,0.0
1762,1763,same_plane,944.6114857937649,944.6114857937919,944.6114857937781,1.0,1,0,0,0.0
1763,1764,same_plane,944.6114857937646,944.6114857937914,944.6114857937727,1.0,1,0,0,0.0
1764,1765,same_plane,944.6114857937649,944.6114857937919,944.6114857937779,1.0,1,0,0,0.0
1765,1766,same_plane,944.6114857937647,944.6114857937919,944.611485793772,1.0,1,0,0,0.0
1766,1767,same_plane,944.6114857937646,944.6114857937919,944.6114857937786,1.0,1,0,0,0.0
1767,1768,same_plane,944.6114857937649,944.6114857937921,944.6114857937781,1.0,1,0,0,0.0
1768,1769,same_plane,944.6114857937646,944.6114857937918,944.6114857937724,1.0,1,0,0,0.0
1769,1770,same_plane,944.6114857937648,944.6114857937918,944.6114857937722,1.0,1,0,0,0.0
1770,1771,same_plane,944.611485793765,944.611485793792,944.6114857937781,1.0,1,0,0,0.0
1771,1772,same_plane,944.6114857937648,944.6114857937918,944.6114857937783,1.0,1,0,0,0.0
1772,1773,same_plane,944.6114857937648,944.6114857937916,944.6114857937781,1.0,1,0,0,0.0
1773,1774,same_plane,944.611485793765,944.6114857937913,944.6114857937724,1.0,1,0,0,0.0
1774,1775,same_plane,944.611485793764,944.6114857937913,944.6114857937722,1.0,1,0,0,0.0
1775,1776,same_plane,944.6114857937652,944.6114857937918,944.6114857937779,1.0,1,0,0,0.0
1776,1777,same_plane,944.6114857937649,944.611485793792,944.6114857937786,1.0,1,0,0,0.0
1777,1778,same_plane,944.6114857937642,944.6114857937919,944.6114857937781,1.0,1,0,0,0.0
1778,1779,same_plane,944.6114857937538,944.6114857937721,944.6114857937661,1.0,1,0,0,0.0
1779,1780,same_plane,944.6114857937647,944.611485793792,944.6114857937787,1.0,1,0,0,0.0
1780,1781,same_plane,944.6114857937646,944.611485793792,944.6114857937778,1.0,1,0,0,0.0
1781,1782,same_plane,944.6114857937653,944.611485793792,944.6114857937786,1.0,1,0,0,0.0
1782,1783,same_plane,944.6114857937653,944.611485793792,944.6114857937781,1.0,1,0,0,0.0
1783,1784,same_plane,944.6114857937646,944.6114857937674,944.611485793766,1.0,1,0,0,0.0
1784,1785,same_plane,944.6114857937648,944.6114857937919,944.6114857937787,1.0,1,0,0,0.0
1785,1786,same_plane,944.6114857937652,944.6114857937921,944.6114857937778,1.0,1,0,0,0.0
1786,1787,same_plane,944.6114857937644,944.6114857937918,944.6114857937787,1.0,1,0,0,0.0
1787,1788,same_plane,944.6114857937649,944.611485793792,944.6114857937781,1.0,1,0,0,0.0
1788,1789,same_plane,944.6114857937647,944.6114857937781,944.6114857937661,1.0,1,0,0,0.0
1789,1790,same_plane,944.6114857937647,944.6114857937915,944.6114857937786,1.0,1,0,0,0.0
1790,1791,same_plane,944.6114857937647,944.6114857937918,944.6114857937781,1.0,1,0,0,0.0
1791,1792,same_plane,944.6114857937541,944.6114857937674,944.6114857937661,1.0,1,0,0,0.0
1792,1793,same_plane,944.6114857937653,944.611485793816,944.6114857937905,1.0,1,0,0,0.0
1748,1793,same_plane,944.6114857937544,944.611485793781,944.6114857937678,1.0,1,0,0,0.0
1794,1795,same_plane,944.6114857937639,944.611485793791,944.6114857937745,1.0,1,0,0,0.0
1795,1796,same_plane,944.6114857937653,944.611485793792,944.611485793776,1.0,1,0,0,0.0
1796,1797,same_plane,944.6114857937652,944.6114857937915,944.6114857937781,1.0,1,0,0,0.0
1797,1798,same_plane,944.6114857937649,944.6114857937912,944.6114857937723,1.0,1,0,0,0.0
1798,1799,same_plane,944.6114857937648,944.611485793792,944.6114857937779,1.0,1,0,0,0.0
1799,1800,same_plane,944.6114857937648,944.6114857937908,944.611485793772,1.0,1,0,0,0.0
1800,1801,same_plane,944.6114857937649,944.6114857937919,944.6114857937787,1.0,1,0,0,0.0
1801,1802,same_plane,944.6114857937652,944.6114857937912,944.6114857937778,1.0,1,0,0,0.0
1802,1803,same_plane,944.6114857937647,944.6114857937907,944.6114857937727,1.0,1,0,0,0.0
1803,1804,same_plane,944.6114857937648,944.611485793792,944.6114857937779,1.0,1,0,0,0.0
1804,1805,same_plane,944.611485793765,944.6114857937911,944.611485793772,1.0,1,0,0,0.0
1805,1806,same_plane,944.6114857937648,944.6114857937912,944.6114857937787,1.0,1,0,0,0.0
1806,1807,same_plane,944.6114857937653,944.6114857937913,944.6114857937778,1.0,1,0,0,0.0
1807,1808,same_plane,944.6114857937648,944.6114857937919,944.6114857937727,1.0,1,0,0,0.0
1808,1809,same_plane,944.6114857937647,944.6114857937912,944.611485793772,1.0,1,0,0,0.0
1809,1810,same_plane,944.611485793765,944.6114857937915,944.6114857937781,1.0,1,0,0,0.0
1810,1811,same_plane,944.6114857937645,944.6114857937916,944.6114857937786,1.0,1,0,0,0.0
1811,1812,same_plane,944.6114857937646,944.6114857937915,944.6114857937719,1.0,1,0,0,0.0
1812,1813,same_plane,944.6114857937648,944.6114857937915,944.611485793772,1.0,1,0,0,0.0
1813,1814,same_plane,944.6114857937652,944.6114857937913,944.6114857937783,1.0,1,0,0,0.0
1814,1815,same_plane,944.6114857937652,944.6114857937913,944.6114857937781,1.0,1,0,0,0.0
1815,1816,same_plane,944.6114857937647,944.6114857937913,944.6114857937723,1.0,1,0,0,0.0
1816,1817,same_plane,944.6114857937649,944.6114857937921,944.6114857937781,1.0,1,0,0,0.0
1817,1818,same_plane,944.6114857937641,944.6114857937911,944.611485793772,1.0,1,0,0,0.0
1818,1819,same_plane,944.611485793765,944.6114857937918,944.6114857937787,1.0,1,0,0,0.0
1819,1820,same_plane,944.6114857937644,944.6114857937915,944.6114857937781,1.0,1,0,0,0.0
1820,1821,same_plane,944.6114857937648,944.6114857937916,944.6114857937723,1.0,1,0,0,0.0
1821,1822,same_plane,944.6114857937653,944.6114857937918,944.6114857937781,1.0,1,0,0,0.0
1822,1823,same_plane,944.6114857937647,944.6114857937915,944.611485793772,1.0,1,0,0,0.0
1823,1824,same_plane,944.6114857937647,944.6114857937916,944.6114857937787,1.0,1,0,0,0.0
1824,1825,same_plane,944.6114857937647,944.6114857937916,944.6114857937779,1.0,1,0,0,0.0
1825,1826,same_plane,944.6114857937645,944.6114857937915,944.6114857937786,1.0,1,0,0,0.0
1826,1827,same_plane,944.6114857937652,944.6114857937919,944.6114857937779,1.0,1,0,0,0.0
1827,1828,same_plane,944.6114857937648,944.611485793792,944.6114857937783,1.0,1,0,0,0.0
1828,1829,same_plane,944.6114857937644,944.6114857937781,944.6114857937662,1.0,1,0,0,0.0
1829,1830,same_plane,944.6114857937646,944.6114857937918,944.6114857937781,1.0,1,0,0,0.0
1830,1831,same_plane,944.6114857937653,944.6114857937919,944.6114857937787,1.0,1,0,0,0.0
1831,1832,same_plane,944.6114857937538,944.6114857937677,944.6114857937661,1.0,1,0,0,0.0
1832,1833,same_plane,944.6114857937648,944.6114857937919,944.6114857937779,1.0,1,0,0,0.0
1833,1834,same_plane,944.6114857937649,944.6114857937915,944.6114857937783,1.0,1,0,0,0.0
1834,1835,same_plane,944.6114857937645,944.6114857937915,944.6114857937781,1.0,1,0,0,0.0
1835,1836,same_plane,944.6114857937649,944.6114857937914,944.6114857937787,1.0,1,0,0,0.0
1836,1837,same_plane,944.6114857937538,944.6114857937673,944.611485793766,1.0,1,0,0,0.0
1837,1838,same_plane,944.6114857937647,944.6114857937916,944.6114857937779,1.0,1,0,0,0.0
1838,1839,same_plane,944.6114857937648,944.611485793792,944.6114857937786,1.0,1,0,0,0.0
1794,1839,same_plane,944.6114857937667,944.6114857937932,944.6114857937737,1.0,1,0,0,0.0
0,91,cross_plane,410.4172517302809,931.2711879417983,696.974190935071,1.0,1,0,0,0.0
1,46,cross_plane,410.41159613112933,931.2647742753045,696.941816774086,1.0,1,0,0,0.0
2,47,cross_plane,410.447903232214,931.2795532761952,696.8743420767005,1.0,1,0,0,0.0
3,48,cross_plane,410.4270560123858,931.2758725808026,696.7738580480959,1.0,1,0,0,0.0
4,49,cross_plane,410.4090391076068,931.2575615090065,696.6436773339781,1.0,1,0,0,0.0
5,50,cross_plane,410.43263223569096,931.2774202498607,696.4885338007263,1.0,1,0,0,0.0
6,51,cross_plane,410.43921376559643,931.2786780500107,696.3149547786616,1.0,1,0,0,0.0
7,52,cross_plane,410.4097495594705,931.261406850684,696.1319268895619,1.0,1,0,0,0.0
8,53,cross_plane,410.42205842752077,931.2734773866417,695.9519963174157,1.0,1,0,0,0.0
9,54,cross_plane,410.45623180262754,931.2801829048277,695.7927079308671,1.0,1,0,0,0.0
10,55,cross_plane,410.41405417853105,931.2685152652713,695.6770693900736,1.0,1,0,0,0.0
11,56,cross_plane,410.41400158933425,931.2684618180589,695.6290278512657,1.0,1,0,0,0.0
12,57,cross_plane,410.45607104683364,931.2801771358443,695.6610892063694,1.0,1,0,0,0.0
13,58,cross_plane,410.4221432154889,931.2735179696298,695.764715227007,1.0,1,0,0,0.0
14,59,cross_plane,410.4097291709472,931.2613392129399,695.9171064035803,1.0,1,0,0,0.0
15,60,cross_plane,410.43908519935195,931.2786580900705,696.0944337160336,1.0,1,0,0,0.0
16,61,cross_plane,410.43274620998966,931.2774466420141,696.2779900218155,1.0,1,0,0,0.0
17,62,cross_plane,410.4090449004406,931.2576355787062,696.4543261649142,1.0,1,0,0,0.0
18,63,cross_plane,410.4269566308729,931.2758397564623,696.6138337509358,1.0,1,0,0,0.0
19,64,cross_plane,410.44804939835274,931.2795668039191,696.749549540536,1.0,1,0,0,0.0
20,65,cross_plane,410.4116341251339,931.2648354810386,696.8564110689247,1.0,1,0,0,0.0
21,66,cross_plane,410.4171845462759,931.2711409266786,696.930835907619,1.0,1,0,0,0.0
22,67,cross_plane,410.46501604432007,931.2803163471063,696.9704940392145,1.0,1,0,0,0.0
23,68,cross_plane,410.41725173027027,931.2711879417936,696.9741909350652,1.0,1,0,0,0.0
24,69,cross_plane,410.41159613112296,931.2647742753016,696.9418167740872,1.0,1,0,0,0.0
25,70,cross_plane,410.4479032322076,931.2795532761979,696.8743420766978,1.0,1,0,0,0.0
26,71,cross_plane,410.42705601237947,931.2758725808027,696.7738580480957,1.0,1,0,0,0.0
27,72,cross_plane,410.40903910760665,931.2575615090067,696.6436773339791,1.0,1,0,0,0.0
28,73,cross_plane,410.4326322356906,931.277420249858,696.4885338007244,1.0,1,0,0,0.0
29,74,cross_plane,410.4392137655935,931.2786780500107,696.314954778661,1.0,1,0,0,0.0
30,75,cross_plane,410.409749559469,931.2614068506839,696.1319268895597,1.0,1,0,0,0.0
31,76,cross_plane,410.42205842752696,931.2734773866443,695.9519963174175,1.0,1,0,0,0.0
32,77,cross_plane,410.45623180263357,931.280182904833,695.792707930868,1.0,1,0,0,0.0
33,78,cross_plane,410.414054178525,931.2685152652768,695.6770693900756,1.0,1,0,0,0.0
34,79,cross_plane,410.4140015893344,931.2684618180577,695.6290278512627,1.0,1,0,0,0.0
35,80,cross_plane,410.4560710468458,931.2801771358485,695.6610892063725,1.0,1,0,0,0.0
36,81,cross_plane,410.4221432155071,931.2735179696297,695.7647152270084,1.0,1,0,0,0.0
37,82,cross_plane,410.40972917094706,931.2613392129371,695.9171064035813,1.0,1,0,0,0.0
38,83,cross_plane,410.439085199352,931.2786580900678,696.0944337160372,1.0,1,0,0,0.0
39,84,cross_plane,410.43274620999574,931.2774466420141,696.277990021814,1.0,1,0,0,0.0
40,85,cross_plane,410.4090449004407,931.257635578701,696.4543261649151,1.0,1,0,0,0.0
41,86,cross_plane,410.42695663088523,931.2758397564635,696.6138337509383,1.0,1,0,0,0.0
42,87,cross_plane,410.4480493983589,931.279566803914,696.7495495405362,1.0,1,0,0,0.0
43,88,cross_plane,410.41163412514607,931.2648354810437,696.8564110689298,1.0,1,0,0,0.0
44,89,cross_plane,410.4171845462637,931.2711409266784,696.9308359076214,1.0,1,0,0,0.0
45,90,cross_plane,410.46501604430784,931.280316347101,696.9704940392093,1.0,1,0,0,0.0
46,137,cross_plane,410.4415986776567,931.2790198471678,696.955279854023,1.0,1,0,0,0.0
47,92,cross_plane,410.41016795724084,931.2626153680353,696.8981680395548,1.0,1,0,0,0.0
48,93,cross_plane,410.4205648502373,931.272718593413,696.8072973254448,1.0,1,0,0,0.0
49,94,cross_plane,410.4592018705558,931.2802667290185,696.6855985036547,1.0,1,0,0,0.0
50,95,cross_plane,410.41505794022606,931.2694658173036,696.5373497201895,1.0,1,0,0,0.0
51,96,cross_plane,410.41309334672525,931.2674691704061,696.3684865757399,1.0,1,0,0,0.0
52,97,cross_plane,410.4531964591227,931.2800512149938,696.1871643639124,1.0,1,0,0,0.0
53,98,cross_plane,410.42276113379194,931.2742346667925,696.0047174552199,1.0,1,0,0,0.0
54,99,cross_plane,410.4095905967663,931.2600886005953,695.8370485436712,1.0,1,0,0,0.0
55,100,cross_plane,410.4381685427075,931.2782741963899,695.7056675567504,1.0,1,0,0,0.0
56,101,cross_plane,410.43486586292283,931.2779053682613,695.6352216683882,1.0,1,0,0,0.0
57,102,cross_plane,410.4091979684558,931.2589610206825,695.6431662321851,1.0,1,0,0,0.0
58,103,cross_plane,410.4251977600928,931.2752220051709,695.7273497969293,1.0,1,0,0,0.0
59,104,cross_plane,410.4507542493074,931.279791671724,695.8677655877731,1.0,1,0,0,0.0
60,105,cross_plane,410.4123725666621,931.2659270728927,696.0398430590719,1.0,1,0,0,0.0
61,106,cross_plane,410.4160109880702,931.2702652059207,696.2231565436939,1.0,1,0,0,0.0
62,107,cross_plane,410.4618762536752,931.2803073558287,696.4028149689742,1.0,1,0,0,0.0
63,108,cross_plane,410.4185208046057,931.2720215666899,696.5682045749425,1.0,1,0,0,0.0
64,109,cross_plane,410.41095321093115,931.2643304888985,696.7116655452501,1.0,1,0,0,0.0
65,110,cross_plane,410.4452938690224,931.2794524190691,696.8276211466134,1.0,1,0,0,0.0
66,111,cross_plane,410.4289103902842,931.276105116007,696.9120756191655,1.0,1,0,0,0.0
67,112,cross_plane,410.4089815632707,931.2561939723678,696.9623393999514,1.0,1,0,0,0.0
68,113,cross_plane,410.4306080846399,931.2769194271979,696.9768850924727,1.0,1,0,0,0.0
69,114,cross_plane,410.4415986776525,931.2790198471685,696.9552798540208,1.0,1,0,0,0.0
70,115,cross_plane,410.4101679572468,931.2626153680353,696.8981680395559,1.0,1,0,0,0.0
71,116,cross_plane,410.4205648502373,931.2727185934078,696.8072973254435,1.0,1,0,0,0.0
72,117,cross_plane,410.45920187056146,931.2802667290189,696.6855985036558,1.0,1,0,0,0.0
73,118,cross_plane,410.4150579402318,931.2694658173034,696.5373497201917,1.0,1,0,0,0.0
74,119,cross_plane,410.41309334672525,931.2674691704088,696.3684865757389,1.0,1,0,0,0.0
75,120,cross_plane,410.4531964591349,931.2800512149895,696.1871643639133,1.0,1,0,0,0.0
76,121,cross_plane,410.42276113378574,931.2742346667925,696.0047174552166,1.0,1,0,0,0.0
77,122,cross_plane,410.40959059676015,931.2600886005982,695.8370485436691,1.0,1,0,0,0.0
78,123,cross_plane,410.4381685427011,931.2782741963875,695.7056675567445,1.0,1,0,0,0.0
79,124,cross_plane,410.43486586292306,931.2779053682561,695.6352216683849,1.0,1,0,0,0.0
80,125,cross_plane,410.40919796844366,931.2589610206818,695.6431662321794,1.0,1,0,0,0.0
81,126,cross_plane,410.4251977601052,931.2752220051715,695.7273497969315,1.0,1,0,0,0.0
82,127,cross_plane,410.4507542493131,931.2797916717242,695.8677655877708,1.0,1,0,0,0.0
83,128,cross_plane,410.41237256664976,931.2659270728876,696.0398430590656,1.0,1,0,0,0.0
84,129,cross_plane,410.4160109880704,931.2702652059207,696.2231565436928,1.0,1,0,0,0.0
85,130,cross_plane,410.46187625367537,931.2803073558234,696.4028149689693,1.0,1,0,0,0.0
86,131,cross_plane,410.4185208045998,931.2720215666899,696.5682045749385,1.0,1,0,0,0.0
87,132,cross_plane,410.41095321093115,931.2643304888959,696.7116655452459,1.0,1,0,0,0.0
88,133,cross_plane,410.44529386902263,931.2794524190643,696.8276211466084,1.0,1,0,0,0.0
89,134,cross_plane,410.4289103902845,931.2761051160066,696.9120756191672,1.0,1,0,0,0.0
90,135,cross_plane,410.4089815632707,931.2561939723652,696.96233939995,1.0,1,0,0,0.0
91,136,cross_plane,410.4306080846278,931.2769194271918,696.9768850924611,1.0,1,0,0,0.0
92,183,cross_plane,410.4504123758024,931.2798853924643,696.9189476976262,1.0,1,0,0,0.0
93,138,cross_plane,410.42438604220524,931.2749114627696,696.837953000643,1.0,1,0,0,0.0
94,139,cross_plane,410.4093035462789,931.2587980882511,696.725119081124,1.0,1,0,0,0.0
95,140,cross_plane,410.4359149411204,931.2778504011792,696.584295555507,1.0,1,0,0,0.0
96,141,cross_plane,410.4370760362442,931.2783241930043,696.4208758244067,1.0,1,0,0,0.0
97,142,cross_plane,410.40944157928703,931.2602465627632,696.2422694688539,1.0,1,0,0,0.0
98,143,cross_plane,410.42352941816097,931.2745643526085,696.0587277605537,1.0,1,0,0,0.0
99,144,cross_plane,410.451849445106,931.2799766378818,695.8846253045414,1.0,1,0,0,0.0
100,145,cross_plane,410.4126897384071,931.2669787642444,695.7397937641286,1.0,1,0,0,0.0
101,146,cross_plane,410.4155716534932,931.2693495843038,695.6486215214976,1.0,1,0,0,0.0
102,147,cross_plane,410.4588269598117,931.2802584628483,695.632239615985,1.0,1,0,0,0.0
103,148,cross_plane,410.4198804136218,931.2728152905873,695.6950687420571,1.0,1,0,0,0.0
104,149,cross_plane,410.41040083200636,931.2631810147116,695.8212388045417,1.0,1,0,0,0.0
105,150,cross_plane,410.4427750171021,931.2791696670995,695.9862240862196,1.0,1,0,0,0.0
106,151,cross_plane,410.4308552937595,931.2766649835759,696.1679651335021,1.0,1,0,0,0.0
107,152,cross_plane,410.4089837945631,931.2555237060941,696.3499998781173,1.0,1,0,0,0.0
108,153,cross_plane,410.4286744576684,931.2763787031098,696.5205879322017,1.0,1,0,0,0.0
109,154,cross_plane,410.4440741042006,931.2793217427226,696.6712954708786,1.0,1,0,0,0.0
110,155,cross_plane,410.41067689699804,931.2637839851699,696.7959873181959,1.0,1,0,0,0.0
111,156,cross_plane,410.4191618058346,931.2724073509779,696.8902303008359,1.0,1,0,0,0.0
112,157,cross_plane,410.462262437591,931.2802888779929,696.9509627045315,1.0,1,0,0,0.0
113,158,cross_plane,410.4161522396232,931.2698308976817,696.9763183506288,1.0,1,0,0,0.0
114,159,cross_plane,410.4122756435249,931.2664366221366,696.9655398569372,1.0,1,0,0,0.0
115,160,cross_plane,410.45041237579244,931.2798853924596,696.918947697622,1.0,1,0,0,0.0
116,161,cross_plane,410.4243860422039,931.2749114627696,696.8379530006426,1.0,1,0,0,0.0
117,162,cross_plane,410.4093035462724,931.258798088249,696.7251190811209,1.0,1,0,0,0.0
118,163,cross_plane,410.43591494112593,931.2778504011768,696.5842955555083,1.0,1,0,0,0.0
119,164,cross_plane,410.43707603624387,931.2783241930091,696.4208758244087,1.0,1,0,0,0.0
120,165,cross_plane,410.4094415792868,931.260246562764,696.2422694688521,1.0,1,0,0,0.0
121,166,cross_plane,410.4235294181606,931.2745643526114,696.0587277605566,1.0,1,0,0,0.0
122,167,cross_plane,410.451849445106,931.2799766378818,695.8846253045414,1.0,1,0,0,0.0
123,168,cross_plane,410.41268973841335,931.2669787642561,695.7397937641341,1.0,1,0,0,0.0
124,169,cross_plane,410.41557165348695,931.269349584307,695.6486215214977,1.0,1,0,0,0.0
125,170,cross_plane,410.4588269598117,931.2802584628452,695.632239615986,1.0,1,0,0,0.0
126,171,cross_plane,410.4198804136092,931.272815290587,695.6950687420541,1.0,1,0,0,0.0
127,172,cross_plane,410.4104008320186,931.2631810147147,695.8212388045484,1.0,1,0,0,0.0
128,173,cross_plane,410.4427750171019,931.2791696671015,695.9862240862252,1.0,1,0,0,0.0
129,174,cross_plane,410.43085529375264,931.2766649835762,696.1679651335022,1.0,1,0,0,0.0
130,175,cross_plane,410.4089837945627,931.2555237061055,696.3499998781195,1.0,1,0,0,0.0
131,176,cross_plane,410.4286744576693,931.2763787031103,696.5205879322017,1.0,1,0,0,0.0
132,177,cross_plane,410.4440741042065,931.279321742723,696.6712954708812,1.0,1,0,0,0.0
133,178,cross_plane,410.410676896998,931.2637839851695,696.7959873181986,1.0,1,0,0,0.0
134,179,cross_plane,410.4191618058222,931.2724073509779,696.8902303008348,1.0,1,0,0,0.0
135,180,cross_plane,410.4622624375969,931.2802888779978,696.9509627045369,1.0,1,0,0,0.0
136,181,cross_plane,410.41615223964135,931.2698308976805,696.9763183506327,1.0,1,0,0,0.0
137,182,cross_plane,410.41227564352477,931.266436622132,696.9655398569322,1.0,1,0,0,0.0
138,229,cross_plane,410.4219516065084,931.2738667988303,696.8657344707921,1.0,1,0,0,0.0
139,184,cross_plane,410.45468061185,931.2801217023542,696.7621102409889,1.0,1,0,0,0.0
140,185,cross_plane,410.41355454302317,931.2679905550276,696.6291942835499,1.0,1,0,0,0.0
141,186,cross_plane,410.41452445442735,931.2683940619086,696.471879334042,1.0,1,0,0,0.0
142,187,cross_plane,410.45764545774153,931.2801696681729,696.2969025376702,1.0,1,0,0,0.0
143,188,cross_plane,410.4213305561166,931.2735691134031,696.1135489315326,1.0,1,0,0,0.0
144,189,cross_plane,410.40993899488166,931.2619916402675,695.9347987710883,1.0,1,0,0,0.0
145,190,cross_plane,410.4403466786619,931.2788470135264,695.7787629912249,1.0,1,0,0,0.0
146,191,cross_plane,410.43164981209543,931.2771849497396,695.6688770211539,1.0,1,0,0,0.0
147,192,cross_plane,410.4090002002199,931.2569103854131,695.6285992331121,1.0,1,0,0,0.0
148,193,cross_plane,410.4268313565059,931.2757980776578,695.6685439981189,1.0,1,0,0,0.0
149,194,cross_plane,410.44664004309885,931.2795837366689,695.7781797097825,1.0,1,0,0,0.0
150,195,cross_plane,410.41127637827583,931.2649127020026,695.934071855487,1.0,1,0,0,0.0
151,196,cross_plane,410.4178492955444,931.2715928693763,696.1127678333711,1.0,1,0,0,0.0
152,197,cross_plane,410.46541350105673,931.2803170129102,696.2961324790363,1.0,1,0,0,0.0
153,198,cross_plane,410.41733707577157,931.2707257616776,696.4711667286351,1.0,1,0,0,0.0
154,199,cross_plane,410.4115484804831,931.2653641733303,696.6285725972505,1.0,1,0,0,0.0
155,200,cross_plane,410.44771879924104,931.2796796682609,696.7616038625077,1.0,1,0,0,0.0
156,201,cross_plane,410.42610148016837,931.2755483574967,696.8653609458249,1.0,1,0,0,0.0
157,202,cross_plane,410.40910703851983,931.2582764651688,696.9363945801812,1.0,1,0,0,0.0
158,203,cross_plane,410.43375185899083,931.2776717045703,696.9724922164743,1.0,1,0,0,0.0
159,204,cross_plane,410.43937672800956,931.2787031162237,696.9725692270766,1.0,1,0,0,0.0
160,205,cross_plane,410.40977573274273,931.261492204827,696.9366233245539,1.0,1,0,0,0.0
161,206,cross_plane,410.4219516064985,931.2738667988252,696.8657344707879,1.0,1,0,0,0.0
162,207,cross_plane,410.45468061184806,931.2801217023542,696.7621102409915,1.0,1,0,0,0.0
163,208,cross_plane,410.4135545430296,931.2679905550227,696.6291942835483,1.0,1,0,0,0.0
164,209,cross_plane,410.41452445442707,931.268394061908,696.4718793340431,1.0,1,0,0,0.0
165,210,cross_plane,410.4576454577471,931.2801696681697,696.2969025376689,1.0,1,0,0,0.0
166,211,cross_plane,410.42133055610395,931.273569113403,696.1135489315293,1.0,1,0,0,0.0
167,212,cross_plane,410.4099389948812,931.2619916402689,695.9347987710876,1.0,1,0,0,0.0
168,213,cross_plane,410.4403466786615,931.2788470135235,695.7787629912228,1.0,1,0,0,0.0
169,214,cross_plane,410.4316498120996,931.27718494974,695.6688770211558,1.0,1,0,0,0.0
170,215,cross_plane,410.40900020021826,931.2569103854079,695.628599233113,1.0,1,0,0,0.0
171,216,cross_plane,410.4268313565062,931.2757980776579,695.668543998121,1.0,1,0,0,0.0
172,217,cross_plane,410.4466400430985,931.2795837366691,695.7781797097796,1.0,1,0,0,0.0
173,218,cross_plane,410.41127637828146,931.2649127020079,695.93407185549,1.0,1,0,0,0.0
174,219,cross_plane,410.4178492955449,931.2715928693767,696.112767833372,1.0,1,0,0,0.0
175,220,cross_plane,410.4654135010504,931.2803170129102,696.2961324790352,1.0,1,0,0,0.0
176,221,cross_plane,410.4173370757725,931.2707257616775,696.4711667286376,1.0,1,0,0,0.0
177,222,cross_plane,410.4115484804952,931.265364173331,696.6285725972479,1.0,1,0,0,0.0
178,223,cross_plane,410.4477187992288,931.2796796682582,696.7616038625064,1.0,1,0,0,0.0
179,224,cross_plane,410.4261014801682,931.2755483574955,696.8653609458245,1.0,1,0,0,0.0
180,225,cross_plane,410.40910703851983,931.2582764651676,696.9363945801803,1.0,1,0,0,0.0
181,226,cross_plane,410.43375185899123,931.277671704573,696.972492216478,1.0,1,0,0,0.0
182,227,cross_plane,410.4393767280034,931.2787031162183,696.9725692270778,1.0,1,0,0,0.0
183,228,cross_plane,410.4097757327312,931.2614922048213,696.9366233245462,1.0,1,0,0,0.0
184,275,cross_plane,410.4095676999217,931.2607623656654,696.7964554100658,1.0,1,0,0,0.0
185,230,cross_plane,410.43800885579896,931.278484458376,696.6718847822731,1.0,1,0,0,0.0
186,231,cross_plane,410.4337210558289,931.2776650144707,696.5212763052737,1.0,1,0,0,0.0
187,232,cross_plane,410.40910484773275,931.2582571649913,696.3507568888161,1.0,1,0,0,0.0
188,233,cross_plane,410.4261271066674,931.2751775508856,696.1687487817239,1.0,1,0,0,0.0
189,234,cross_plane,410.4492964920656,931.27980582897,695.9869754918454,1.0,1,0,0,0.0
190,235,cross_plane,410.4119664005703,931.2660015184218,695.8218760024286,1.0,1,0,0,0.0
191,236,cross_plane,410.4166273205053,931.2707384868023,695.6954878485386,1.0,1,0,0,0.0
192,237,cross_plane,410.46354409178366,931.2803171277579,695.6323441149465,1.0,1,0,0,0.0
193,238,cross_plane,410.418612447618,931.2715807247739,695.6483825360998,1.0,1,0,0,0.0
194,239,cross_plane,410.41091185818954,931.2642518240789,695.7392742756538,1.0,1,0,0,0.0
195,240,cross_plane,410.44511573182217,931.2794340424157,695.883930952248,1.0,1,0,0,0.0
196,241,cross_plane,410.42790744616553,931.2761453509156,696.0579550361387,1.0,1,0,0,0.0
197,242,cross_plane,410.4090010736858,931.256930266098,696.2414904983698,1.0,1,0,0,0.0
198,243,cross_plane,410.43167929823665,931.2771922203767,696.4201419727576,1.0,1,0,0,0.0
199,244,cross_plane,410.4417679362122,931.2788420246591,696.5836436746266,1.0,1,0,0,0.0
200,245,cross_plane,410.4102004285041,931.2619740412584,696.7245759871529,1.0,1,0,0,0.0
201,246,cross_plane,410.4204643265224,931.2731293438864,696.8375381279837,1.0,1,0,0,0.0
202,247,cross_plane,410.4576022816505,931.2802268651537,696.9186745709698,1.0,1,0,0,0.0
203,248,cross_plane,410.4145098866568,931.268962445142,696.965416877146,1.0,1,0,0,0.0
204,249,cross_plane,410.4135677935117,931.2673986388164,696.9763491867573,1.0,1,0,0,0.0
205,250,cross_plane,410.4547224712132,931.2800409718113,696.9511464428329,1.0,1,0,0,0.0
206,251,cross_plane,410.4228712308231,931.2742830350959,696.8905614088745,1.0,1,0,0,0.0
207,252,cross_plane,410.40956769992295,931.260762365665,696.7964554100622,1.0,1,0,0,0.0
208,253,cross_plane,410.43800885579924,931.278484458376,696.6718847822731,1.0,1,0,0,0.0
209,254,cross_plane,410.43372105582154,931.2776650144707,696.5212763052718,1.0,1,0,0,0.0
210,255,cross_plane,410.4091048477318,931.2582571649959,696.3507568888185,1.0,1,0,0,0.0
211,256,cross_plane,410.4261271066613,931.2751775508889,696.1687487817263,1.0,1,0,0,0.0
212,257,cross_plane,410.4492964920663,931.2798058289707,695.9869754918442,1.0,1,0,0,0.0
213,258,cross_plane,410.4119664005696,931.2660015184218,695.8218760024281,1.0,1,0,0,0.0
214,259,cross_plane,410.4166273205053,931.2707384867985,695.6954878485353,1.0,1,0,0,0.0
215,260,cross_plane,410.46354409178366,931.2803171277592,695.6323441149444,1.0,1,0,0,0.0
216,261,cross_plane,410.41861244761213,931.271580724774,695.6483825360937,1.0,1,0,0,0.0
217,262,cross_plane,410.41091185818925,931.2642518240763,695.7392742756504,1.0,1,0,0,0.0
218,263,cross_plane,410.44511573182245,931.279434042411,695.8839309522423,1.0,1,0,0,0.0
219,264,cross_plane,410.42790744615877,931.2761453509203,696.0579550361416,1.0,1,0,0,0.0
220,265,cross_plane,410.4090010736861,931.256930266098,696.24149049837,1.0,1,0,0,0.0
221,266,cross_plane,410.43167929822505,931.2771922203747,696.4201419727522,1.0,1,0,0,0.0
222,267,cross_plane,410.4417679362187,931.2788420246596,696.5836436746267,1.0,1,0,0,0.0
223,268,cross_plane,410.4102004285041,931.2619740412584,696.7245759871503,1.0,1,0,0,0.0
224,269,cross_plane,410.42046432652273,931.2731293438858,696.8375381279825,1.0,1,0,0,0.0
225,270,cross_plane,410.4576022816498,931.2802268651537,696.9186745709668,1.0,1,0,0,0.0
226,271,cross_plane,410.41450988665036,931.2689624451361,696.965416877142,1.0,1,0,0,0.0
227,272,cross_plane,410.41356779351105,931.267398638823,696.97634918676,1.0,1,0,0,0.0
228,273,cross_plane,410.4547224712,931.2800409718113,696.951146442834,1.0,1,0,0,0.0
229,274,cross_plane,410.42287123081667,931.2742830350907,696.8905614088643,1.0,1,0,0,0.0
230,321,cross_plane,410.4127469632803,931.2670504343562,696.7122204997789,1.0,1,0,0,0.0
231,276,cross_plane,410.41549588181914,931.2698442033353,696.5688659994541,1.0,1,0,0,0.0
232,277,cross_plane,410.4604464017772,931.280289573386,696.4035551881882,1.0,1,0,0,0.0
233,278,cross_plane,410.41914206074404,931.2723957869138,696.2239374908665,1.0,1,0,0,0.0
234,279,cross_plane,410.41068496993734,931.2630995744818,696.0406115908451,1.0,1,0,0,0.0
235,280,cross_plane,410.44411078787266,931.2791485149393,695.8684471709688,1.0,1,0,0,0.0
236,281,cross_plane,410.42980393864053,931.2767024429935,695.7278458117585,1.0,1,0,0,0.0
237,282,cross_plane,410.4089841468114,931.2556214529523,695.6433724057692,1.0,1,0,0,0.0
238,283,cross_plane,410.4296972606256,931.276672834743,695.6350828302708,1.0,1,0,0,0.0
239,284,cross_plane,410.44424965876317,931.2791652587758,695.7052217522836,1.0,1,0,0,0.0
240,285,cross_plane,410.4107156662317,931.2631639962259,695.836395515836,1.0,1,0,0,0.0
241,286,cross_plane,410.4190675795336,931.2723519878542,696.0039595574372,1.0,1,0,0,0.0
242,287,cross_plane,410.460614451951,931.2802921262482,696.1863810591777,1.0,1,0,0,0.0
243,288,cross_plane,410.415555768478,931.2698944345033,696.3677347643326,1.0,1,0,0,0.0
244,289,cross_plane,410.41270167162565,931.2669937710986,696.5366700407048,1.0,1,0,0,0.0
245,290,cross_plane,410.45188998769913,931.2799790345078,696.6850204336909,1.0,1,0,0,0.0
246,291,cross_plane,410.42450243640536,931.2745544897538,696.8068423172091,1.0,1,0,0,0.0
247,292,cross_plane,410.4092869474563,931.2594931910068,696.8978512841412,1.0,1,0,0,0.0
248,293,cross_plane,410.4357615505564,931.2780820016789,696.9551112342905,1.0,1,0,0,0.0
249,294,cross_plane,410.4358828209445,931.2781051777281,696.9768696721289,1.0,1,0,0,0.0
250,295,cross_plane,410.4093000381461,931.2595640447324,696.9624776357864,1.0,1,0,0,0.0
251,296,cross_plane,410.42441035158816,931.274517122839,696.9123633789548,1.0,1,0,0,0.0
252,297,cross_plane,410.452043448812,931.2799880196056,696.8280495396936,1.0,1,0,0,0.0
253,298,cross_plane,410.41274696326917,931.2670504343523,696.7122204997759,1.0,1,0,0,0.0
254,299,cross_plane,410.4154958818194,931.2698442033346,696.568865999455,1.0,1,0,0,0.0
255,300,cross_plane,410.4604464017652,931.2802895733844,696.4035551881846,1.0,1,0,0,0.0
256,301,cross_plane,410.4191420607448,931.2723957869133,696.2239374908662,1.0,1,0,0,0.0
257,302,cross_plane,410.4106849699379,931.263099574481,696.0406115908494,1.0,1,0,0,0.0
258,303,cross_plane,410.44411078786675,931.2791485149415,695.8684471709688,1.0,1,0,0,0.0
259,304,cross_plane,410.42980393864053,931.2767024429935,695.7278458117606,1.0,1,0,0,0.0
260,305,cross_plane,410.4089841468108,931.255621452947,695.643372405767,1.0,1,0,0,0.0
261,306,cross_plane,410.4296972606497,931.2766728347463,695.6350828302756,1.0,1,0,0,0.0
262,307,cross_plane,410.4442496587694,931.279165258776,695.7052217522829,1.0,1,0,0,0.0
263,308,cross_plane,410.4107156662256,931.2631639962252,695.8363955158366,1.0,1,0,0,0.0
264,309,cross_plane,410.41906757952097,931.2723519878548,696.0039595574332,1.0,1,0,0,0.0
265,310,cross_plane,410.4606144519631,931.2802921262539,696.1863810591817,1.0,1,0,0,0.0
266,311,cross_plane,410.41555576847827,931.269894434504,696.3677347643352,1.0,1,0,0,0.0
267,312,cross_plane,410.41270167162565,931.2669937710992,696.5366700407051,1.0,1,0,0,0.0
268,313,cross_plane,410.4518899876985,931.2799790345094,696.6850204336919,1.0,1,0,0,0.0
269,314,cross_plane,410.4245024364122,931.2745544897542,696.8068423172092,1.0,1,0,0,0.0
270,315,cross_plane,410.4092869474563,931.2594931910074,696.8978512841412,1.0,1,0,0,0.0
271,316,cross_plane,410.43576155055666,931.2780820016789,696.9551112342905,1.0,1,0,0,0.0
272,317,cross_plane,410.4358828209439,931.2781051777217,696.9768696721263,1.0,1,0,0,0.0
273,318,cross_plane,410.4093000381585,931.2595640447325,696.9624776357916,1.0,1,0,0,0.0
274,319,cross_plane,410.42441035158816,931.2745171228446,696.9123633789587,1.0,1,0,0,0.0
275,320,cross_plane,410.4520434488,931.2799880196056,696.8280495396859,1.0,1,0,0,0.0
276,367,cross_plane,410.4317909559116,931.2772196336693,696.6144657546216,1.0,1,0,0,0.0
277,322,cross_plane,410.40900454938435,931.2570053568891,696.4550461983488,1.0,1,0,0,0.0
278,323,cross_plane,410.42780574794153,931.276113547716,696.2787635313709,1.0,1,0,0,0.0
279,324,cross_plane,410.44525657272186,931.279448591283,696.0952126999764,1.0,1,0,0,0.0
280,325,cross_plane,410.41094452514625,931.2643140509305,695.9178233966985,1.0,1,0,0,0.0
281,326,cross_plane,410.41853993689625,931.271534730784,695.7652783502857,1.0,1,0,0,0.0
282,327,cross_plane,410.463717120136,931.2803174856466,695.6613916888342,1.0,1,0,0,0.0
283,328,cross_plane,410.41669218755254,931.270786523051,695.6289928759409,1.0,1,0,0,0.0
284,329,cross_plane,410.4119260894915,931.265942660266,695.676706715524,1.0,1,0,0,0.0
285,330,cross_plane,410.4491480096717,931.2797946488969,695.7921055913677,1.0,1,0,0,0.0
286,331,cross_plane,410.4262241714254,931.2752127228507,695.9512603765081,1.0,1,0,0,0.0
287,332,cross_plane,410.40909673776366,931.2581841163981,696.1311443237778,1.0,1,0,0,0.0
288,333,cross_plane,410.43360476492757,931.2776396434627,696.3141886301103,1.0,1,0,0,0.0
289,334,cross_plane,410.43813510556026,931.2785054394641,696.4878289548878,1.0,1,0,0,0.0
290,335,cross_plane,410.4095857713057,931.260831024509,696.643066207178,1.0,1,0,0,0.0
291,336,cross_plane,410.4227841260144,931.2742447997234,696.7733642652734,1.0,1,0,0,0.0
292,337,cross_plane,410.4548809109103,931.2800490884475,696.8739825788066,1.0,1,0,0,0.0
293,338,cross_plane,410.4136180656864,931.2674544336245,696.9416029687634,1.0,1,0,0,0.0
294,339,cross_plane,410.41445498044055,931.2689100190436,696.9741292992493,1.0,1,0,0,0.0
295,340,cross_plane,410.4574392097908,931.280222117314,696.97058640179,1.0,1,0,0,0.0
296,341,cross_plane,410.42054378795115,931.2731709480089,696.9310795217455,1.0,1,0,0,0.0
297,342,cross_plane,410.41017471287046,931.2619074246243,696.8567985022054,1.0,1,0,0,0.0
298,343,cross_plane,410.4416340444214,931.2788230858646,696.7500683401911,1.0,1,0,0,0.0
299,344,cross_plane,410.431790955913,931.2772196336649,696.614465754616,1.0,1,0,0,0.0
300,345,cross_plane,410.40900454939043,931.2570053568948,696.4550461983515,1.0,1,0,0,0.0
301,346,cross_plane,410.4278057479421,931.2761135477156,696.2787635313707,1.0,1,0,0,0.0
302,347,cross_plane,410.4452565727218,931.279448591278,696.095212699975,1.0,1,0,0,0.0
303,348,cross_plane,410.4109445251442,931.2643140509314,695.9178233966968,1.0,1,0,0,0.0
304,349,cross_plane,410.41853993689057,931.2715347307811,695.7652783502831,1.0,1,0,0,0.0
305,350,cross_plane,410.4637171201357,931.2803174856522,695.6613916888348,1.0,1,0,0,0.0
306,351,cross_plane,410.4166921875532,931.270786523051,695.6289928759388,1.0,1,0,0,0.0
307,352,cross_plane,410.41192608949143,931.265942660268,695.6767067155258,1.0,1,0,0,0.0
308,353,cross_plane,410.4491480096713,931.2797946488979,695.7921055913672,1.0,1,0,0,0.0
309,354,cross_plane,410.4262241714254,931.2752127228504,695.9512603765107,1.0,1,0,0,0.0
310,355,cross_plane,410.40909673775155,931.2581841163927,696.1311443237767,1.0,1,0,0,0.0
311,356,cross_plane,410.4336047649271,931.2776396434612,696.3141886301153,1.0,1,0,0,0.0
312,357,cross_plane,410.43813510556043,931.2785054394642,696.487828954889,1.0,1,0,0,0.0
313,358,cross_plane,410.4095857713057,931.2608310245081,696.643066207178,1.0,1,0,0,0.0
314,359,cross_plane,410.4227841260146,931.2742447997249,696.7733642652761,1.0,1,0,0,0.0
315,360,cross_plane,410.4548809109035,931.2800490884472,696.8739825788065,1.0,1,0,0,0.0
316,361,cross_plane,410.41361806568665,931.2674544336294,696.9416029687646,1.0,1,0,0,0.0
317,362,cross_plane,410.41445498042816,931.2689100190464,696.9741292992505,1.0,1,0,0,0.0
318,363,cross_plane,410.4574392098028,931.2802221173158,696.9705864017889,1.0,1,0,0,0.0
319,364,cross_plane,410.42054378795746,931.2731709480076,696.9310795217492,1.0,1,0,0,0.0
320,365,cross_plane,410.4101747128831,931.2619074246235,696.856798502209,1.0,1,0,0,0.0
321,366,cross_plane,410.44163404440894,931.2788230858589,696.7500683401844,1.0,1,0,0,0.0
322,413,cross_plane,410.4652378105418,931.2803165023354,696.5050019333517,1.0,1,0,0,0.0
323,368,cross_plane,410.4179191429083,931.2716387106931,696.3329096484614,1.0,1,0,0,0.0
324,369,cross_plane,410.4112410477853,931.2648516489398,696.1503316465559,1.0,1,0,0,0.0
325,370,cross_plane,410.4464965395523,931.2795703616262,695.969395271803,1.0,1,0,0,0.0
326,371,cross_plane,410.42693039162674,931.2758310546802,695.8070874248189,1.0,1,0,0,0.0
327,372,cross_plane,410.4090464783911,931.2568351419493,695.6859472353583,1.0,1,0,0,0.0
328,373,cross_plane,410.43277640045807,931.2771573837736,695.630277417385,1.0,1,0,0,0.0
329,374,cross_plane,410.44047790769395,931.2788657996447,695.6543625057955,1.0,1,0,0,0.0
330,375,cross_plane,410.409962046958,931.2620581042271,695.7517380778725,1.0,1,0,0,0.0
331,376,cross_plane,410.4212484314117,931.2735286830923,695.9003854294699,1.0,1,0,0,0.0
332,377,cross_plane,410.45780887589194,931.2801755898338,696.0761574454748,1.0,1,0,0,0.0
333,378,cross_plane,410.41457970708296,931.2684476618059,696.259772241629,1.0,1,0,0,0.0
334,379,cross_plane,410.41350461728047,931.2679359340102,696.4373151865229,1.0,1,0,0,0.0
335,380,cross_plane,410.4545225184382,931.2801147595475,696.5988554533932,1.0,1,0,0,0.0
336,381,cross_plane,410.42203604806303,931.2739062080117,696.7372054751622,1.0,1,0,0,0.0
337,382,cross_plane,410.4097549977645,931.2614247197566,696.847135803386,1.0,1,0,0,0.0
338,383,cross_plane,410.43924781541597,931.2786833089566,696.9249286380464,1.0,1,0,0,0.0
339,384,cross_plane,410.43386849626074,931.2774132493065,696.9681353595022,1.0,1,0,0,0.0
340,385,cross_plane,410.40911549495877,931.2583493610963,696.9754510458312,1.0,1,0,0,0.0
341,386,cross_plane,410.42600476179996,931.2755143593419,696.9466582999416,1.0,1,0,0,0.0
342,387,cross_plane,410.44786461905056,931.2796920221555,696.8826185918743,1.0,1,0,0,0.0
343,388,cross_plane,410.4115861280376,931.2654242052738,696.7853077338574,1.0,1,0,0,0.0
344,389,cross_plane,410.4172695453461,931.2706775727539,696.6579093079827,1.0,1,0,0,0.0
345,390,cross_plane,410.4652378105313,931.2803165023312,696.5050019333449,1.0,1,0,0,0.0
346,391,cross_plane,410.4179191429021,931.2716387106931,696.3329096484596,1.0,1,0,0,0.0
347,392,cross_plane,410.411241047798,931.2648516489381,696.1503316465564,1.0,1,0,0,0.0
348,393,cross_plane,410.4464965395769,931.2795703616273,695.9693952718075,1.0,1,0,0,0.0
349,394,cross_plane,410.4269303916325,931.2758310546802,695.8070874248205,1.0,1,0,0,0.0
350,395,cross_plane,410.40904647839056,931.2568351419435,695.6859472353573,1.0,1,0,0,0.0
351,396,cross_plane,410.4327764004518,931.2771573837708,695.630277417385,1.0,1,0,0,0.0
352,397,cross_plane,410.4404779076878,931.2788657996497,695.6543625057969,1.0,1,0,0,0.0
353,398,cross_plane,410.409962046964,931.2620581042269,695.7517380778764,1.0,1,0,0,0.0
354,399,cross_plane,410.4212484314117,931.2735286830896,695.9003854294682,1.0,1,0,0,0.0
355,400,cross_plane,410.45780887590394,931.2801755898342,696.0761574454759,1.0,1,0,0,0.0
356,401,cross_plane,410.41457970708325,931.2684476618006,696.2597722416277,1.0,1,0,0,0.0
357,402,cross_plane,410.41350461728047,931.2679359340158,696.4373151865298,1.0,1,0,0,0.0
358,403,cross_plane,410.45452251843835,931.2801147595505,696.5988554533972,1.0,1,0,0,0.0
359,404,cross_plane,410.4220360480695,931.2739062080117,696.7372054751609,1.0,1,0,0,0.0
360,405,cross_plane,410.40975499777664,931.2614247197594,696.8471358033898,1.0,1,0,0,0.0
361,406,cross_plane,410.4392478154158,931.2786833089569,696.9249286380476,1.0,1,0,0,0.0
362,407,cross_plane,410.4338684962672,931.2774132493013,696.9681353595051,1.0,1,0,0,0.0
363,408,cross_plane,410.4091154949711,931.2583493611019,696.9754510458322,1.0,1,0,0,0.0
364,409,cross_plane,410.4260047617878,931.2755143593365,696.9466582999416,1.0,1,0,0,0.0
365,410,cross_plane,410.44786461905676,931.2796920221613,696.8826185918809,1.0,1,0,0,0.0
366,411,cross_plane,410.41158612805003,931.2654242052848,696.7853077338622,1.0,1,0,0,0.0
367,412,cross_plane,410.4172695453341,931.270677572749,696.6579093079764,1.0,1,0,0,0.0
368,459,cross_plane,410.43074595271946,931.2766352226494,696.3860891066602,1.0,1,0,0,0.0
369,414,cross_plane,410.4429112253028,931.2791862582569,696.205564934588,1.0,1,0,0,0.0
370,415,cross_plane,410.41042886476407,931.2632452837855,696.0226022548178,1.0,1,0,0,0.0
371,416,cross_plane,410.41980326908543,931.2727726653316,695.8525803444203,1.0,1,0,0,0.0
372,417,cross_plane,410.45899234771974,931.2802621895374,695.7164619017428,1.0,1,0,0,0.0
373,418,cross_plane,410.41498518998327,931.269400989279,695.6389014155305,1.0,1,0,0,0.0
374,419,cross_plane,410.41264479320444,931.2669219483221,695.638728654192,1.0,1,0,0,0.0
375,420,cross_plane,410.4516963303083,931.2799675000979,695.715990453594,1.0,1,0,0,0.0
376,421,cross_plane,410.4236188397752,931.274601566843,695.8519125284804,1.0,1,0,0,0.0
377,422,cross_plane,410.40942582502277,931.2601768828108,696.0218386568613,1.0,1,0,0,0.0
378,423,cross_plane,410.43695210298563,931.2783021907791,696.204782536548,1.0,1,0,0,0.0
379,424,cross_plane,410.43603655787,931.2778747510517,696.3853428967225,1.0,1,0,0,0.0
380,425,cross_plane,410.409316983421,931.2588701157487,696.5525445107514,1.0,1,0,0,0.0
381,426,cross_plane,410.42429430377564,931.274875269668,696.6984787693015,1.0,1,0,0,0.0
382,427,cross_plane,410.4505631743976,931.2798955513838,696.817388089936,1.0,1,0,0,0.0
383,428,cross_plane,410.4123182716811,931.26649445918,696.9051338095752,1.0,1,0,0,0.0
384,429,cross_plane,410.4160896895578,931.2703274111681,696.95890384406,1.0,1,0,0,0.0
385,430,cross_plane,410.4620917251694,931.2803092724745,696.9770586046704,1.0,1,0,0,0.0
386,431,cross_plane,410.4192366334699,931.2724509973689,696.9590572947582,1.0,1,0,0,0.0
387,432,cross_plane,410.4106465471447,931.2637207372117,696.90543611392,1.0,1,0,0,0.0
388,433,cross_plane,410.44393557965844,931.2793061727151,696.8178298633771,1.0,1,0,0,0.0
389,434,cross_plane,410.42877847261605,931.2764094851797,696.6990453847139,1.0,1,0,0,0.0
390,435,cross_plane,410.40898263599513,931.255446267779,696.5532152043776,1.0,1,0,0,0.0
391,436,cross_plane,410.4307459527091,931.27663522265,696.3860891066588,1.0,1,0,0,0.0
392,437,cross_plane,410.442911225303,931.2791862582516,696.2055649345863,1.0,1,0,0,0.0
393,438,cross_plane,410.41042886475793,931.26324528378,696.0226022548127,1.0,1,0,0,0.0
394,439,cross_plane,410.4198032690853,931.2727726653318,695.8525803444203,1.0,1,0,0,0.0
395,440,cross_plane,410.4589923477245,931.2802621895482,695.7164619017472,1.0,1,0,0,0.0
396,441,cross_plane,410.41498518998185,931.2694009892792,695.63890141553,1.0,1,0,0,0.0
397,442,cross_plane,410.4126447932169,931.2669219483247,695.6387286541893,1.0,1,0,0,0.0
398,443,cross_plane,410.45169633029593,931.2799675000949,695.7159904535876,1.0,1,0,0,0.0
399,444,cross_plane,410.4236188397752,931.274601566843,695.8519125284791,1.0,1,0,0,0.0
400,445,cross_plane,410.40942582501066,931.260176882808,696.0218386568562,1.0,1,0,0,0.0
401,446,cross_plane,410.43695210297346,931.278302190776,696.2047825365443,1.0,1,0,0,0.0
402,447,cross_plane,410.4360365578576,931.2778747510463,696.3853428967146,1.0,1,0,0,0.0
403,448,cross_plane,410.4093169834146,931.2588701157539,696.5525445107515,1.0,1,0,0,0.0
404,449,cross_plane,410.4242943037757,931.2748752696681,696.6984787693002,1.0,1,0,0,0.0
405,450,cross_plane,410.4505631743914,931.279895551384,696.8173880899309,1.0,1,0,0,0.0
406,451,cross_plane,410.4123182716749,931.2664944591743,696.9051338095727,1.0,1,0,0,0.0
407,452,cross_plane,410.4160896895458,931.270327411164,696.9589038440533,1.0,1,0,0,0.0
408,453,cross_plane,410.4620917251572,931.2803092724718,696.9770586046666,1.0,1,0,0,0.0
409,454,cross_plane,410.4192366334704,931.2724509973581,696.9590572947542,1.0,1,0,0,0.0
410,455,cross_plane,410.41064654713216,931.2637207372089,696.9054361139135,1.0,1,0,0,0.0
411,456,cross_plane,410.44393557964594,931.2793061727177,696.8178298633759,1.0,1,0,0,0.0
412,457,cross_plane,410.42877847260996,931.2764094851798,696.6990453847116,1.0,1,0,0,0.0
413,458,cross_plane,410.408982635995,931.2554462677626,696.5532152043663,1.0,1,0,0,0.0
414,505,cross_plane,410.41232959207395,931.2658680620556,696.2605487272469,1.0,1,0,0,0.0
415,460,cross_plane,410.4506031043767,931.2797803389723,696.0769336459433,1.0,1,0,0,0.0
416,461,cross_plane,410.42529216169777,931.2752570244633,695.901091576727,1.0,1,0,0,0.0
417,462,cross_plane,410.40918719489656,931.2588891458579,695.7522799371941,1.0,1,0,0,0.0
418,463,cross_plane,410.4347469091012,931.2778811710682,695.6546336195163,1.0,1,0,0,0.0
419,464,cross_plane,410.4382951388249,931.2782963512944,695.6302075738026,1.0,1,0,0,0.0
420,465,cross_plane,410.40960901461807,931.2601584332216,695.685555851289,1.0,1,0,0,0.0
421,466,cross_plane,410.42267437540175,931.2741962787468,695.8064671176015,1.0,1,0,0,0.0
422,467,cross_plane,410.4533522364084,931.2800591789512,695.9686511763753,1.0,1,0,0,0.0
423,468,cross_plane,410.41314095541657,931.2675248125356,696.1495482378252,1.0,1,0,0,0.0
424,469,cross_plane,410.4150003705574,931.2694145650029,696.332147854056,1.0,1,0,0,0.0
425,470,cross_plane,410.45903613636324,931.2802631550101,696.5043051682757,1.0,1,0,0,0.0
426,471,cross_plane,410.42064465806783,931.2727613713371,696.6573089752603,1.0,1,0,0,0.0
427,472,cross_plane,410.4101425880512,931.2625499251764,696.7848267152026,1.0,1,0,0,0.0
428,473,cross_plane,410.4414651322051,931.2790020821882,696.882273234663,1.0,1,0,0,0.0
429,474,cross_plane,410.4307170792979,931.2769480143006,696.946459498213,1.0,1,0,0,0.0
430,475,cross_plane,410.40898237539807,931.2562702369263,696.9754048030184,1.0,1,0,0,0.0
431,476,cross_plane,410.42880602895065,931.2760731601265,696.9682430466722,1.0,1,0,0,0.0
432,477,cross_plane,410.44543505625995,931.2794668152565,696.9251870478746,1.0,1,0,0,0.0
433,478,cross_plane,410.4109862243265,931.264392563068,696.8475370209885,1.0,1,0,0,0.0
434,479,cross_plane,410.41844864029974,931.2719767465037,696.7377365153814,1.0,1,0,0,0.0
435,480,cross_plane,410.4620466198334,931.2803088875435,696.5994975245956,1.0,1,0,0,0.0
436,481,cross_plane,410.41607319172476,931.2703144159692,696.438042305746,1.0,1,0,0,0.0
437,482,cross_plane,410.4123295920571,931.2658680620535,696.2605487272403,1.0,1,0,0,0.0
438,483,cross_plane,410.45060310438885,931.2797803389723,696.0769336459446,1.0,1,0,0,0.0
439,484,cross_plane,410.42529216169777,931.2752570244634,695.901091576727,1.0,1,0,0,0.0
440,485,cross_plane,410.40918719488417,931.2588891458579,695.7522799371934,1.0,1,0,0,0.0
441,486,cross_plane,410.4347469090889,931.2778811710683,695.6546336195153,1.0,1,0,0,0.0
442,487,cross_plane,410.4382951388188,931.2782963512943,695.6302075738005,1.0,1,0,0,0.0
443,488,cross_plane,410.4096090146059,931.2601584332215,695.6855558512901,1.0,1,0,0,0.0
444,489,cross_plane,410.4226743753895,931.2741962787494,695.8064671176018,1.0,1,0,0,0.0
445,490,cross_plane,410.45335223640836,931.2800591789512,695.9686511763774,1.0,1,0,0,0.0
446,491,cross_plane,410.41314095541657,931.2675248125355,696.1495482378253,1.0,1,0,0,0.0
447,492,cross_plane,410.4150003705574,931.2694145650042,696.3321478540585,1.0,1,0,0,0.0
448,493,cross_plane,410.45903613636335,931.2802631550114,696.5043051682748,1.0,1,0,0,0.0
449,494,cross_plane,410.42064465806163,931.2727613713424,696.6573089752654,1.0,1,0,0,0.0
450,495,cross_plane,410.4101425880635,931.2625499251872,696.7848267152051,1.0,1,0,0,0.0
451,496,cross_plane,410.44146513219283,931.2790020821909,696.8822732346629,1.0,1,0,0,0.0
452,497,cross_plane,410.4307170793039,931.2769480143006,696.946459498218,1.0,1,0,0,0.0
453,498,cross_plane,410.40898237539807,931.2562702369262,696.9754048030184,1.0,1,0,0,0.0
454,499,cross_plane,410.4288060289629,931.2760731601265,696.9682430466737,1.0,1,0,0,0.0
455,500,cross_plane,410.44543505625995,931.279466815251,696.9251870478756,1.0,1,0,0,0.0
456,501,cross_plane,410.41098622431423,931.2643925630787,696.8475370209898,1.0,1,0,0,0.0
457,502,cross_plane,410.41844864029974,931.2719767465063,696.7377365153876,1.0,1,0,0,0.0
458,503,cross_plane,410.46204661983944,931.2803088875488,696.5994975245992,1.0,1,0,0,0.0
459,504,cross_plane,410.41607319171254,931.2703144159636,696.4380423057394,1.0,1,0,0,0.0
460,551,cross_plane,410.4097495594755,931.2614068506872,696.1319268895638,1.0,1,0,0,0.0
461,506,cross_plane,410.42205842752605,931.273477386643,695.951996317415,1.0,1,0,0,0.0
462,507,cross_plane,410.45623180263254,931.2801829048317,695.792707930868,1.0,1,0,0,0.0
463,508,cross_plane,410.4140541785302,931.2685152652699,695.6770693900738,1.0,1,0,0,0.0
464,509,cross_plane,410.4140015893333,931.2684618180563,695.6290278512633,1.0,1,0,0,0.0
465,510,cross_plane,410.4560710468327,931.2801771358442,695.661089206369,1.0,1,0,0,0.0
466,511,cross_plane,410.4221432154879,931.2735179696285,695.7647152270056,1.0,1,0,0,0.0
467,512,cross_plane,410.4097291709463,931.2613392129387,695.9171064035793,1.0,1,0,0,0.0
468,513,cross_plane,410.439085199351,931.2786580900691,696.0944337160323,1.0,1,0,0,0.0
469,514,cross_plane,410.4327462099947,931.2774466420127,696.2779900218155,1.0,1,0,0,0.0
470,515,cross_plane,410.40904490043954,931.2576355787048,696.4543261649131,1.0,1,0,0,0.0
471,516,cross_plane,410.42695663087204,931.2758397564606,696.6138337509346,1.0,1,0,0,0.0
472,517,cross_plane,410.44804939835166,931.279566803918,696.7495495405323,1.0,1,0,0,0.0
473,518,cross_plane,410.4116341251391,931.2648354810424,696.8564110689249,1.0,1,0,0,0.0
474,519,cross_plane,410.417184546275,931.271140926677,696.930835907619,1.0,1,0,0,0.0
475,520,cross_plane,410.4650160443191,931.2803163471023,696.970494039212,1.0,1,0,0,0.0
476,521,cross_plane,410.4172517302694,931.2711879417922,696.9741909350678,1.0,1,0,0,0.0
477,522,cross_plane,410.4115961311221,931.2647742753,696.9418167740833,1.0,1,0,0,0.0
478,523,cross_plane,410.44790323221906,931.2795532761963,696.8743420767005,1.0,1,0,0,0.0
479,524,cross_plane,410.4270560123845,931.2758725808011,696.7738580480932,1.0,1,0,0,0.0
480,525,cross_plane,410.40903910760596,931.2575615090024,696.6436773339768,1.0,1,0,0,0.0
481,526,cross_plane,410.4326322357022,931.2774202498621,696.4885338007269,1.0,1,0,0,0.0
482,527,cross_plane,410.43921376559865,931.2786780500148,696.3149547786636,1.0,1,0,0,0.0
483,528,cross_plane,410.40974955946814,931.2614068506771,696.1319268895587,1.0,1,0,0,0.0
484,529,cross_plane,410.422058427526,931.2734773866378,695.9519963174125,1.0,1,0,0,0.0
485,530,cross_plane,410.4562318026326,931.2801829048315,695.7927079308668,1.0,1,0,0,0.0
486,531,cross_plane,410.41405417853633,931.2685152652806,695.6770693900784,1.0,1,0,0,0.0
487,532,cross_plane,410.4140015893331,931.268461818059,695.6290278512652,1.0,1,0,0,0.0
488,533,cross_plane,410.45607104682045,931.280177135844,695.6610892063677,1.0,1,0,0,0.0
489,534,cross_plane,410.42214321549386,931.2735179696284,695.7647152270034,1.0,1,0,0,0.0
490,535,cross_plane,410.4097291709462,931.2613392129358,695.9171064035804,1.0,1,0,0,0.0
491,536,cross_plane,410.439085199351,931.2786580900662,696.0944337160363,1.0,1,0,0,0.0
492,537,cross_plane,410.43274620999466,931.2774466420127,696.2779900218128,1.0,1,0,0,0.0
493,538,cross_plane,410.4090449004396,931.2576355786994,696.4543261649142,1.0,1,0,0,0.0
494,539,cross_plane,410.4269566308844,931.2758397564595,696.6138337509334,1.0,1,0,0,0.0
495,540,cross_plane,410.4480493983701,931.2795668039124,696.749549540539,1.0,1,0,0,0.0
496,541,cross_plane,410.4116341251452,931.2648354810425,696.8564110689285,1.0,1,0,0,0.0
497,542,cross_plane,410.41718454626283,931.2711409266717,696.9308359076164,1.0,1,0,0,0.0
498,543,cross_plane,410.46501604433155,931.2803163470996,696.970494039216,1.0,1,0,0,0.0
499,544,cross_plane,410.4172517302633,931.2711879417919,696.9741909350664,1.0,1,0,0,0.0
500,545,cross_plane,410.4115961311222,931.2647742753057,696.9418167740863,1.0,1,0,0,0.0
501,546,cross_plane,410.44790323220684,931.279553276202,696.8743420767015,1.0,1,0,0,0.0
502,547,cross_plane,410.4270560123785,931.2758725807959,696.7738580480932,1.0,1,0,0,0.0
503,548,cross_plane,410.4090391076182,931.2575615090077,696.6436773339805,1.0,1,0,0,0.0
504,549,cross_plane,410.43263223571427,931.2774202498621,696.4885338007296,1.0,1,0,0,0.0
505,550,cross_plane,410.4392137655865,931.2786780500094,696.3149547786561,1.0,1,0,0,0.0
506,597,cross_plane,410.4227611337999,931.2742346667983,696.0047174552258,1.0,1,0,0,0.0
507,552,cross_plane,410.409590596767,931.2600886005965,695.8370485436702,1.0,1,0,0,0.0
508,553,cross_plane,410.4381685427084,931.278274196391,695.7056675567513,1.0,1,0,0,0.0
509,554,cross_plane,410.4348658629299,931.2779053682629,695.6352216683918,1.0,1,0,0,0.0
510,555,cross_plane,410.40919796845066,931.258961020683,695.6431662321836,1.0,1,0,0,0.0
511,556,cross_plane,410.42519776009414,931.2752220051736,695.7273497969315,1.0,1,0,0,0.0
512,557,cross_plane,410.4507542493078,931.2797916717252,695.867765587774,1.0,1,0,0,0.0
513,558,cross_plane,410.41237256666295,931.265927072894,696.0398430590728,1.0,1,0,0,0.0
514,559,cross_plane,410.4160109880713,931.2702652059193,696.2231565436939,1.0,1,0,0,0.0
515,560,cross_plane,410.46187625367605,931.2803073558297,696.4028149689752,1.0,1,0,0,0.0
516,561,cross_plane,410.41852080460654,931.272021566691,696.5682045749434,1.0,1,0,0,0.0
517,562,cross_plane,410.4109532109323,931.2643304889,696.711665545251,1.0,1,0,0,0.0
518,563,cross_plane,410.44529386902303,931.2794524190687,696.8276211466132,1.0,1,0,0,0.0
519,564,cross_plane,410.42891039027916,931.276105116008,696.9120756191683,1.0,1,0,0,0.0
520,565,cross_plane,410.4089815632713,931.2561939723693,696.9623393999523,1.0,1,0,0,0.0
521,566,cross_plane,410.43060808462866,931.2769194271962,696.97688509247,1.0,1,0,0,0.0
522,567,cross_plane,410.4415986776532,931.2790198471698,696.9552798540243,1.0,1,0,0,0.0
523,568,cross_plane,410.41016795724795,931.2626153680369,696.8981680395556,1.0,1,0,0,0.0
524,569,cross_plane,410.42056485023795,931.2727185934194,696.8072973254499,1.0,1,0,0,0.0
525,570,cross_plane,410.4592018705566,931.2802667290198,696.6855985036553,1.0,1,0,0,0.0
526,571,cross_plane,410.41505794022663,931.2694658173046,696.5373497201876,1.0,1,0,0,0.0
527,572,cross_plane,410.4130933467258,931.2674691704101,696.3684865757422,1.0,1,0,0,0.0
528,573,cross_plane,410.4531964591481,931.2800512149961,696.1871643639183,1.0,1,0,0,0.0
529,574,cross_plane,410.42276113379233,931.274234666799,696.0047174552213,1.0,1,0,0,0.0
530,575,cross_plane,410.4095905967613,931.2600886005993,695.8370485436702,1.0,1,0,0,0.0
531,576,cross_plane,410.43816854270193,931.2782741963939,695.7056675567495,1.0,1,0,0,0.0
532,577,cross_plane,410.43486586293585,931.2779053682625,695.635221668394,1.0,1,0,0,0.0
533,578,cross_plane,410.40919796845714,931.258961020683,695.643166232188,1.0,1,0,0,0.0
534,579,cross_plane,410.4251977601057,931.2752220051724,695.7273497969321,1.0,1,0,0,0.0
535,580,cross_plane,410.4507542493138,931.2797916717252,695.8677655877718,1.0,1,0,0,0.0
536,581,cross_plane,410.41237256665084,931.2659270728936,696.0398430590703,1.0,1,0,0,0.0
537,582,cross_plane,410.41601098807155,931.2702652059276,696.2231565436977,1.0,1,0,0,0.0
538,583,cross_plane,410.4618762536762,931.2803073558247,696.4028149689702,1.0,1,0,0,0.0
539,584,cross_plane,410.41852080460063,931.2720215666911,696.5682045749394,1.0,1,0,0,0.0
540,585,cross_plane,410.41095321091973,931.2643304888944,696.7116655452429,1.0,1,0,0,0.0
541,586,cross_plane,410.44529386903565,931.2794524190687,696.8276211466133,1.0,1,0,0,0.0
542,587,cross_plane,410.4289103902973,931.2761051160132,696.9120756191721,1.0,1,0,0,0.0
543,588,cross_plane,410.4089815632713,931.2561939723663,696.9623393999473,1.0,1,0,0,0.0
544,589,cross_plane,410.43060808462843,931.2769194271931,696.97688509247,1.0,1,0,0,0.0
545,590,cross_plane,410.44159867765273,931.2790198471649,696.9552798540217,1.0,1,0,0,0.0
546,591,cross_plane,410.4101679572353,931.2626153680309,696.8981680395557,1.0,1,0,0,0.0
547,592,cross_plane,410.4205648502499,931.272718593414,696.8072973254499,1.0,1,0,0,0.0
548,593,cross_plane,410.4592018705504,931.28026672902,696.6855985036516,1.0,1,0,0,0.0
549,594,cross_plane,410.41505794023305,931.26946581731,696.5373497201889,1.0,1,0,0,0.0
550,595,cross_plane,410.4130933467132,931.2674691704099,696.3684865757436,1.0,1,0,0,0.0
551,596,cross_plane,410.4531964591232,931.2800512149906,696.187164363907,1.0,1,0,0,0.0
552,643,cross_plane,410.4518494451087,931.2799766378816,695.8846253045444,1.0,1,0,0,0.0
553,598,cross_plane,410.412689738406,931.2669787642448,695.7397937641282,1.0,1,0,0,0.0
554,599,cross_plane,410.4155716534932,931.2693495843041,695.6486215214966,1.0,1,0,0,0.0
555,600,cross_plane,410.4588269598241,931.2802584628491,695.6322396159878,1.0,1,0,0,0.0
556,601,cross_plane,410.4198804136163,931.2728152905878,695.6950687420552,1.0,1,0,0,0.0
557,602,cross_plane,410.4104008320188,931.2631810147119,695.8212388045446,1.0,1,0,0,0.0
558,603,cross_plane,410.4427750171021,931.2791696670998,695.9862240862199,1.0,1,0,0,0.0
559,604,cross_plane,410.43085529376,931.2766649835762,696.1679651335024,1.0,1,0,0,0.0
560,605,cross_plane,410.4089837945639,931.2555237060944,696.3499998781175,1.0,1,0,0,0.0
561,606,cross_plane,410.4286744576688,931.2763787031103,696.520587932202,1.0,1,0,0,0.0
562,607,cross_plane,410.4440741042006,931.279321742723,696.6712954708789,1.0,1,0,0,0.0
563,608,cross_plane,410.4106768969978,931.2637839851699,696.7959873181962,1.0,1,0,0,0.0
564,609,cross_plane,410.41916180582245,931.2724073509769,696.8902303008337,1.0,1,0,0,0.0
565,610,cross_plane,410.46226243759673,931.2802888779983,696.9509627045346,1.0,1,0,0,0.0
566,611,cross_plane,410.4161522396236,931.2698308976812,696.9763183506291,1.0,1,0,0,0.0
567,612,cross_plane,410.4122756435249,931.2664366221369,696.9655398569352,1.0,1,0,0,0.0
568,613,cross_plane,410.45041237579323,931.2798853924596,696.9189476976235,1.0,1,0,0,0.0
569,614,cross_plane,410.4243860421979,931.2749114627644,696.8379530006404,1.0,1,0,0,0.0
570,615,cross_plane,410.40930354628466,931.2587980882495,696.7251190811252,1.0,1,0,0,0.0
571,616,cross_plane,410.4359149411265,931.277850401182,696.5842955555074,1.0,1,0,0,0.0
572,617,cross_plane,410.4370760362379,931.2783241930047,696.4208758244052,1.0,1,0,0,0.0
573,618,cross_plane,410.40944157928664,931.2602465627643,696.2422694688524,1.0,1,0,0,0.0
574,619,cross_plane,410.4235294181606,931.2745643526118,696.0587277605568,1.0,1,0,0,0.0
575,620,cross_plane,410.4518494451004,931.2799766378769,695.8846253045378,1.0,1,0,0,0.0
576,621,cross_plane,410.41268973840135,931.2669787642456,695.7397937641264,1.0,1,0,0,0.0
577,622,cross_plane,410.41557165348695,931.2693495843014,695.648621521494,1.0,1,0,0,0.0
578,623,cross_plane,410.45882695981214,931.2802584628455,695.6322396159864,1.0,1,0,0,0.0
579,624,cross_plane,410.41988041362197,931.2728152905873,695.6950687420587,1.0,1,0,0,0.0
580,625,cross_plane,410.4104008320066,931.2631810147095,695.8212388045408,1.0,1,0,0,0.0
581,626,cross_plane,410.4427750171019,931.279169667097,695.9862240862175,1.0,1,0,0,0.0
582,627,cross_plane,410.43085529375304,931.276664983571,696.1679651334986,1.0,1,0,0,0.0
583,628,cross_plane,410.4089837945635,931.2555237061055,696.3499998781197,1.0,1,0,0,0.0
584,629,cross_plane,410.4286744576697,931.2763787031106,696.520587932202,1.0,1,0,0,0.0
585,630,cross_plane,410.4440741042063,931.2793217427235,696.6712954708815,1.0,1,0,0,0.0
586,631,cross_plane,410.41067689699173,931.2637839851699,696.795987318195,1.0,1,0,0,0.0
587,632,cross_plane,410.4191618058226,931.2724073509787,696.8902303008349,1.0,1,0,0,0.0
588,633,cross_plane,410.46226243759673,931.2802888779978,696.950962704537,1.0,1,0,0,0.0
589,634,cross_plane,410.4161522396291,931.2698308976805,696.9763183506291,1.0,1,0,0,0.0
590,635,cross_plane,410.41227564352477,931.2664366221373,696.9655398569362,1.0,1,0,0,0.0
591,636,cross_plane,410.450412375805,931.2798853924573,696.9189476976195,1.0,1,0,0,0.0
592,637,cross_plane,410.42438604219734,931.2749114627652,696.837953000638,1.0,1,0,0,0.0
593,638,cross_plane,410.4093035462972,931.258798088249,696.7251190811264,1.0,1,0,0,0.0
594,639,cross_plane,410.43591494112627,931.2778504011768,696.5842955555087,1.0,1,0,0,0.0
595,640,cross_plane,410.43707603624966,931.2783241930157,696.4208758244073,1.0,1,0,0,0.0
596,641,cross_plane,410.40944157930534,931.260246562758,696.2422694688561,1.0,1,0,0,0.0
597,642,cross_plane,410.4235294181486,931.2745643526013,696.0587277605451,1.0,1,0,0,0.0
598,689,cross_plane,410.4403466786718,931.2788470135314,695.7787629912282,1.0,1,0,0,0.0
599,644,cross_plane,410.43164981209543,931.277184949739,695.6688770211539,1.0,1,0,0,0.0
600,645,cross_plane,410.40900020021957,931.2569103854129,695.6285992331133,1.0,1,0,0,0.0
601,646,cross_plane,410.426831356506,931.2757980776609,695.66854399812,1.0,1,0,0,0.0
602,647,cross_plane,410.44664004308623,931.2795837366687,695.7781797097791,1.0,1,0,0,0.0
603,648,cross_plane,410.41127637827543,931.2649127020031,695.9340718554874,1.0,1,0,0,0.0
604,649,cross_plane,410.41784929553256,931.2715928693729,696.1127678333681,1.0,1,0,0,0.0
605,650,cross_plane,410.46541350105593,931.2803170129099,696.2961324790359,1.0,1,0,0,0.0
606,651,cross_plane,410.4173370757659,931.2707257616775,696.4711667286338,1.0,1,0,0,0.0
607,652,cross_plane,410.4115484804826,931.2653641733309,696.6285725972504,1.0,1,0,0,0.0
608,653,cross_plane,410.4477187992409,931.2796796682607,696.7616038625048,1.0,1,0,0,0.0
609,654,cross_plane,410.426101480168,931.2755483574905,696.8653609458219,1.0,1,0,0,0.0
610,655,cross_plane,410.40910703851904,931.2582764651662,696.936394580177,1.0,1,0,0,0.0
611,656,cross_plane,410.4337518589914,931.27767170457,696.972492216474,1.0,1,0,0,0.0
612,657,cross_plane,410.43937672800917,931.2787031162235,696.9725692270764,1.0,1,0,0,0.0
613,658,cross_plane,410.4097757327361,931.2614922048268,696.9366233245499,1.0,1,0,0,0.0
614,659,cross_plane,410.42195160651033,931.2738667988269,696.8657344707899,1.0,1,0,0,0.0
615,660,cross_plane,410.4546806118477,931.2801217023548,696.7621102409872,1.0,1,0,0,0.0
616,661,cross_plane,410.4135545430292,931.2679905550276,696.6291942835506,1.0,1,0,0,0.0
617,662,cross_plane,410.4145244544274,931.2683940619073,696.4718793340404,1.0,1,0,0,0.0
618,663,cross_plane,410.4576454577477,931.2801696681696,696.2969025376686,1.0,1,0,0,0.0
619,664,cross_plane,410.4213305561095,931.273569113408,696.1135489315329,1.0,1,0,0,0.0
620,665,cross_plane,410.4099389948813,931.2619916402705,695.9347987710912,1.0,1,0,0,0.0
621,666,cross_plane,410.4403466786494,931.2788470135287,695.778762991223,1.0,1,0,0,0.0
622,667,cross_plane,410.43164981209304,931.2771849497398,695.6688770211518,1.0,1,0,0,0.0
623,668,cross_plane,410.40900020021826,931.2569103854084,695.6285992331128,1.0,1,0,0,0.0
624,669,cross_plane,410.426831356506,931.2757980776577,695.6685439981208,1.0,1,0,0,0.0
625,670,cross_plane,410.44664004309845,931.2795837366696,695.7781797097829,1.0,1,0,0,0.0
626,671,cross_plane,410.4112763782689,931.2649127019972,695.9340718554863,1.0,1,0,0,0.0
627,672,cross_plane,410.41784929553256,931.271592869372,696.112767833368,1.0,1,0,0,0.0
628,673,cross_plane,410.4654135010496,931.2803170129107,696.296132479035,1.0,1,0,0,0.0
629,674,cross_plane,410.41733707577237,931.2707257616771,696.4711667286375,1.0,1,0,0,0.0
630,675,cross_plane,410.4115484804947,931.2653641733316,696.6285725972477,1.0,1,0,0,0.0
631,676,cross_plane,410.4477187992283,931.2796796682579,696.7616038625061,1.0,1,0,0,0.0
632,677,cross_plane,410.42610148016183,931.2755483574953,696.8653609458205,1.0,1,0,0,0.0
633,678,cross_plane,410.4091070385322,931.2582764651706,696.936394580184,1.0,1,0,0,0.0
634,679,cross_plane,410.433751858991,931.2776717045722,696.9724922164779,1.0,1,0,0,0.0
635,680,cross_plane,410.4393767280031,931.278703116218,696.9725692270738,1.0,1,0,0,0.0
636,681,cross_plane,410.40977573273045,931.261492204832,696.9366233245539,1.0,1,0,0,0.0
637,682,cross_plane,410.42195160652267,931.2738667988305,696.8657344707885,1.0,1,0,0,0.0
638,683,cross_plane,410.45468061184835,931.2801217023542,696.76211024099,1.0,1,0,0,0.0
639,684,cross_plane,410.41355454302834,931.267990555022,696.6291942835519,1.0,1,0,0,0.0
640,685,cross_plane,410.41452445441473,931.2683940619082,696.4718793340405,1.0,1,0,0,0.0
641,686,cross_plane,410.4576454577478,931.2801696681747,696.2969025376726,1.0,1,0,0,0.0
642,687,cross_plane,410.4213305561164,931.2735691134136,696.1135489315368,1.0,1,0,0,0.0
643,688,cross_plane,410.40993899484465,931.2619916402645,695.9347987710836,1.0,1,0,0,0.0
644,735,cross_plane,410.4166273205159,931.2707384868033,695.6954878485434,1.0,1,0,0,0.0
645,690,cross_plane,410.46354409178394,931.2803171277559,695.6323441149444,1.0,1,0,0,0.0
646,691,cross_plane,410.41861244761793,931.2715807247746,695.6483825360998,1.0,1,0,0,0.0
647,692,cross_plane,410.4109118582018,931.2642518240796,695.7392742756563,1.0,1,0,0,0.0
648,693,cross_plane,410.44511573182217,931.2794340424164,695.8839309522452,1.0,1,0,0,0.0
649,694,cross_plane,410.4279074461717,931.2761453509203,696.0579550361425,1.0,1,0,0,0.0
650,695,cross_plane,410.4090010736858,931.256930266098,696.24149049837,1.0,1,0,0,0.0
651,696,cross_plane,410.43167929823727,931.2771922203787,696.4201419727588,1.0,1,0,0,0.0
652,697,cross_plane,410.44176793621256,931.2788420246591,696.5836436746267,1.0,1,0,0,0.0
653,698,cross_plane,410.4102004285105,931.2619740412584,696.7245759871553,1.0,1,0,0,0.0
654,699,cross_plane,410.42046432652273,931.2731293438858,696.8375381279865,1.0,1,0,0,0.0
655,700,cross_plane,410.4576022816563,931.2802268651544,696.9186745709711,1.0,1,0,0,0.0
656,701,cross_plane,410.4145098866565,931.268962445142,696.965416877146,1.0,1,0,0,0.0
657,702,cross_plane,410.4135677935114,931.267398638823,696.9763491867601,1.0,1,0,0,0.0
658,703,cross_plane,410.45472247121256,931.2800409718113,696.9511464428354,1.0,1,0,0,0.0
659,704,cross_plane,410.4228712308231,931.27428303509,696.8905614088721,1.0,1,0,0,0.0
660,705,cross_plane,410.4095676999233,931.2607623656671,696.7964554100661,1.0,1,0,0,0.0
661,706,cross_plane,410.43800885579924,931.2784844583755,696.671884782273,1.0,1,0,0,0.0
662,707,cross_plane,410.4337210558331,931.2776650144805,696.5212763052784,1.0,1,0,0,0.0
663,708,cross_plane,410.40910484772536,931.2582571649959,696.3507568888174,1.0,1,0,0,0.0
664,709,cross_plane,410.42612710666094,931.2751775508889,696.1687487817226,1.0,1,0,0,0.0
665,710,cross_plane,410.44929649207205,931.2798058289707,695.9869754918482,1.0,1,0,0,0.0
666,711,cross_plane,410.41196640057575,931.2660015184211,695.8218760024318,1.0,1,0,0,0.0
667,712,cross_plane,410.4166273205178,931.2707384867991,695.6954878485393,1.0,1,0,0,0.0
668,713,cross_plane,410.46354409178366,931.2803171277592,695.6323441149444,1.0,1,0,0,0.0
669,714,cross_plane,410.41861244762435,931.271580724774,695.6483825360974,1.0,1,0,0,0.0
670,715,cross_plane,410.410911858214,931.2642518240816,695.7392742756582,1.0,1,0,0,0.0
671,716,cross_plane,410.44511573182217,931.2794340424176,695.8839309522499,1.0,1,0,0,0.0
672,717,cross_plane,410.42790744617133,931.276145350921,696.0579550361414,1.0,1,0,0,0.0
673,718,cross_plane,410.4090010736861,931.256930266098,696.24149049837,1.0,1,0,0,0.0
674,719,cross_plane,410.4316792982376,931.2771922203767,696.4201419727561,1.0,1,0,0,0.0
675,720,cross_plane,410.4417679362306,931.2788420246596,696.5836436746306,1.0,1,0,0,0.0
676,721,cross_plane,410.41020042850437,931.2619740412584,696.7245759871504,1.0,1,0,0,0.0
677,722,cross_plane,410.420464326523,931.2731293438858,696.8375381279825,1.0,1,0,0,0.0
678,723,cross_plane,410.45760228164374,931.2802268651491,696.918674570963,1.0,1,0,0,0.0
679,724,cross_plane,410.41450988665645,931.2689624451361,696.965416877146,1.0,1,0,0,0.0
680,725,cross_plane,410.4135677935236,931.267398638823,696.9763491867641,1.0,1,0,0,0.0
681,726,cross_plane,410.4547224712,931.280040971806,696.9511464428302,1.0,1,0,0,0.0
682,727,cross_plane,410.42287123081667,931.2742830350907,696.8905614088719,1.0,1,0,0,0.0
683,728,cross_plane,410.40956769991135,931.2607623656623,696.7964554100636,1.0,1,0,0,0.0
684,729,cross_plane,410.43800885578605,931.2784844583728,696.6718847822731,1.0,1,0,0,0.0
685,730,cross_plane,410.43372105583376,931.2776650144759,696.5212763052783,1.0,1,0,0,0.0
686,731,cross_plane,410.40910484772536,931.2582571649913,696.3507568888134,1.0,1,0,0,0.0
687,732,cross_plane,410.4261271066613,931.2751775508882,696.1687487817226,1.0,1,0,0,0.0
688,733,cross_plane,410.44929649205983,931.2798058289648,695.9869754918479,1.0,1,0,0,0.0
689,734,cross_plane,410.4119664005632,931.2660015184218,695.8218760024203,1.0,1,0,0,0.0
690,781,cross_plane,410.40898414682215,931.2556214529577,695.6433724057703,1.0,1,0,0,0.0
691,736,cross_plane,410.4296972606387,931.2766728347452,695.6350828302725,1.0,1,0,0,0.0
692,737,cross_plane,410.44424965876976,931.2791652587717,695.7052217522825,1.0,1,0,0,0.0
693,738,cross_plane,410.41071566623197,931.2631639962265,695.8363955158391,1.0,1,0,0,0.0
694,739,cross_plane,410.4190675795339,931.2723519878498,696.003959557435,1.0,1,0,0,0.0
695,740,cross_plane,410.460614451951,931.2802921262488,696.1863810591782,1.0,1,0,0,0.0
696,741,cross_plane,410.41555576847827,931.2698944345037,696.367734764333,1.0,1,0,0,0.0
697,742,cross_plane,410.41270167162594,931.2669937710986,696.5366700407053,1.0,1,0,0,0.0
698,743,cross_plane,410.45188998769936,931.2799790345083,696.6850204336911,1.0,1,0,0,0.0
699,744,cross_plane,410.42450243640565,931.2745544897538,696.8068423172095,1.0,1,0,0,0.0
700,745,cross_plane,410.40928694745656,931.2594931910072,696.8978512841417,1.0,1,0,0,0.0
701,746,cross_plane,410.43576155055666,931.2780820016789,696.9551112342908,1.0,1,0,0,0.0
702,747,cross_plane,410.4358828209448,931.2781051777221,696.9768696721267,1.0,1,0,0,0.0
703,748,cross_plane,410.409300038152,931.2595640447329,696.9624776357907,1.0,1,0,0,0.0
704,749,cross_plane,410.42441035158845,931.2745171228396,696.9123633789551,1.0,1,0,0,0.0
705,750,cross_plane,410.45204344880614,931.2799880196062,696.8280495396916,1.0,1,0,0,0.0
706,751,cross_plane,410.41274696326946,931.2670504343528,696.7122204997762,1.0,1,0,0,0.0
707,752,cross_plane,410.4154958818073,931.2698442033351,696.568865999453,1.0,1,0,0,0.0
708,753,cross_plane,410.4604464017782,931.2802895733884,696.40355518819,1.0,1,0,0,0.0
709,754,cross_plane,410.41914206074534,931.2723957869138,696.2239374908665,1.0,1,0,0,0.0
710,755,cross_plane,410.41068496992585,931.2630995744763,696.0406115908421,1.0,1,0,0,0.0
711,756,cross_plane,410.44411078786726,931.2791485149421,695.8684471709691,1.0,1,0,0,0.0
712,757,cross_plane,410.4298039386411,931.2767024429941,695.727845811761,1.0,1,0,0,0.0
713,758,cross_plane,410.40898414681106,931.255621452947,695.6433724057675,1.0,1,0,0,0.0
714,759,cross_plane,410.4296972606381,931.2766728347416,695.6350828302722,1.0,1,0,0,0.0
715,760,cross_plane,410.44424965875714,931.2791652587713,695.7052217522793,1.0,1,0,0,0.0
716,761,cross_plane,410.4107156662258,931.2631639962257,695.8363955158369,1.0,1,0,0,0.0
717,762,cross_plane,410.4190675795212,931.2723519878599,696.0039595574376,1.0,1,0,0,0.0
718,763,cross_plane,410.460614451951,931.2802921262489,696.1863810591782,1.0,1,0,0,0.0
719,764,cross_plane,410.41555576847855,931.2698944345045,696.3677347643318,1.0,1,0,0,0.0
720,765,cross_plane,410.41270167161304,931.2669937710972,696.5366700407016,1.0,1,0,0,0.0
721,766,cross_plane,410.45188998769873,931.2799790345099,696.6850204336922,1.0,1,0,0,0.0
722,767,cross_plane,410.42450243641247,931.2745544897547,696.8068423172095,1.0,1,0,0,0.0
723,768,cross_plane,410.40928694745656,931.259493191008,696.8978512841417,1.0,1,0,0,0.0
724,769,cross_plane,410.4357615505569,931.2780820016735,696.955111234287,1.0,1,0,0,0.0
725,770,cross_plane,410.43588282094424,931.278105177723,696.9768696721266,1.0,1,0,0,0.0
726,771,cross_plane,410.40930003815873,931.259564044733,696.962477635792,1.0,1,0,0,0.0
727,772,cross_plane,410.4244103515887,931.2745171228399,696.9123633789552,1.0,1,0,0,0.0
728,773,cross_plane,410.4520434488124,931.2799880196062,696.8280495396903,1.0,1,0,0,0.0
729,774,cross_plane,410.4127469632631,931.2670504343571,696.7122204997726,1.0,1,0,0,0.0
730,775,cross_plane,410.41549588180743,931.2698442033316,696.5688659994491,1.0,1,0,0,0.0
731,776,cross_plane,410.46044640176603,931.2802895733879,696.4035551881902,1.0,1,0,0,0.0
732,777,cross_plane,410.41914206074455,931.2723957869138,696.2239374908665,1.0,1,0,0,0.0
733,778,cross_plane,410.41068496993717,931.263099574476,696.0406115908459,1.0,1,0,0,0.0
734,779,cross_plane,410.44411078786766,931.2791485149479,695.8684471709729,1.0,1,0,0,0.0
735,780,cross_plane,410.4298039386161,931.2767024429776,695.7278458117493,1.0,1,0,0,0.0
736,827,cross_plane,410.41669218755726,931.270786523055,695.6289928759413,1.0,1,0,0,0.0
737,782,cross_plane,410.41192608949086,931.2659426602656,695.6767067155231,1.0,1,0,0,0.0
738,783,cross_plane,410.4491480096713,931.2797946488947,695.7921055913669,1.0,1,0,0,0.0
739,784,cross_plane,410.4262241714251,931.2752127228559,695.951260376509,1.0,1,0,0,0.0
740,785,cross_plane,410.4090967377632,931.2581841163952,696.1311443237762,1.0,1,0,0,0.0
741,786,cross_plane,410.43360476492757,931.2776396434627,696.3141886301099,1.0,1,0,0,0.0
742,787,cross_plane,410.43813510556004,931.278505439458,696.4878289548848,1.0,1,0,0,0.0
743,788,cross_plane,410.4095857713057,931.2608310245085,696.6430662071776,1.0,1,0,0,0.0
744,789,cross_plane,410.4227841260144,931.2742447997213,696.7733642652719,1.0,1,0,0,0.0
745,790,cross_plane,410.4548809109103,931.2800490884472,696.8739825788062,1.0,1,0,0,0.0
746,791,cross_plane,410.4136180656864,931.2674544336245,696.9416029687605,1.0,1,0,0,0.0
747,792,cross_plane,410.414454980428,931.2689100190411,696.9741292992462,1.0,1,0,0,0.0
748,793,cross_plane,410.4574392097782,931.2802221173104,696.9705864017844,1.0,1,0,0,0.0
749,794,cross_plane,410.42054378795115,931.2731709480084,696.931079521745,1.0,1,0,0,0.0
750,795,cross_plane,410.41017471287046,931.2619074246238,696.856798502205,1.0,1,0,0,0.0
751,796,cross_plane,410.4416340444214,931.2788230858589,696.7500683401884,1.0,1,0,0,0.0
752,797,cross_plane,410.4317909559128,931.2772196336701,696.6144657546181,1.0,1,0,0,0.0
753,798,cross_plane,410.4090045493776,931.2570053568894,696.4550461983458,1.0,1,0,0,0.0
754,799,cross_plane,410.4278057479421,931.2761135477151,696.2787635313705,1.0,1,0,0,0.0
755,800,cross_plane,410.44525657272186,931.2794485912838,696.0952126999748,1.0,1,0,0,0.0
756,801,cross_plane,410.4109445251442,931.264314050931,695.9178233966966,1.0,1,0,0,0.0
757,802,cross_plane,410.41853993690256,931.2715347307808,695.7652783502866,1.0,1,0,0,0.0
758,803,cross_plane,410.4637171201353,931.2803174856518,695.6613916888344,1.0,1,0,0,0.0
759,804,cross_plane,410.4166921875473,931.2707865230461,695.6289928759346,1.0,1,0,0,0.0
760,805,cross_plane,410.4119260894791,931.2659426602652,695.6767067155214,1.0,1,0,0,0.0
761,806,cross_plane,410.4491480096711,931.2797946488976,695.7921055913669,1.0,1,0,0,0.0
762,807,cross_plane,410.4262241714251,931.2752127228499,695.9512603765104,1.0,1,0,0,0.0
763,808,cross_plane,410.40909673775064,931.2581841163973,696.1311443237762,1.0,1,0,0,0.0
764,809,cross_plane,410.4336047649271,931.2776396434606,696.3141886301073,1.0,1,0,0,0.0
765,810,cross_plane,410.43813510556004,931.2785054394581,696.4878289548847,1.0,1,0,0,0.0
766,811,cross_plane,410.4095857713057,931.2608310245078,696.6430662071776,1.0,1,0,0,0.0
767,812,cross_plane,410.4227841260146,931.2742447997246,696.7733642652756,1.0,1,0,0,0.0
768,813,cross_plane,410.4548809109035,931.2800490884467,696.8739825788061,1.0,1,0,0,0.0
769,814,cross_plane,410.41361806568665,931.267454433629,696.9416029687645,1.0,1,0,0,0.0
770,815,cross_plane,410.41445498042776,931.2689100190461,696.9741292992466,1.0,1,0,0,0.0
771,816,cross_plane,410.4574392098028,931.2802221173158,696.9705864017925,1.0,1,0,0,0.0
772,817,cross_plane,410.42054378795746,931.2731709480072,696.931079521749,1.0,1,0,0,0.0
773,818,cross_plane,410.4101747128711,931.261907424623,696.856798502205,1.0,1,0,0,0.0
774,819,cross_plane,410.441634044421,931.2788230858638,696.7500683401921,1.0,1,0,0,0.0
775,820,cross_plane,410.43179095590654,931.277219633675,696.614465754618,1.0,1,0,0,0.0
776,821,cross_plane,410.4090045493782,931.2570053568891,696.4550461983499,1.0,1,0,0,0.0
777,822,cross_plane,410.4278057479537,931.2761135477238,696.2787635313744,1.0,1,0,0,0.0
778,823,cross_plane,410.44525657272163,931.279448591278,696.0952126999748,1.0,1,0,0,0.0
779,824,cross_plane,410.41094452515046,931.2643140509301,695.9178233967004,1.0,1,0,0,0.0
780,825,cross_plane,410.4185399369148,931.2715347307857,695.7652783502904,1.0,1,0,0,0.0
781,826,cross_plane,410.463717120129,931.2803174856364,695.6613916888308,1.0,1,0,0,0.0
782,873,cross_plane,410.44047790769247,931.2788657996488,695.6543625058009,1.0,1,0,0,0.0
783,828,cross_plane,410.409962046958,931.2620581042268,695.7517380778738,1.0,1,0,0,0.0
784,829,cross_plane,410.42124843141147,931.2735286830936,695.9003854294709,1.0,1,0,0,0.0
785,830,cross_plane,410.45780887589774,931.2801755898338,696.0761574454788,1.0,1,0,0,0.0
786,831,cross_plane,410.4145797070834,931.2684476618059,696.2597722416291,1.0,1,0,0,0.0
787,832,cross_plane,410.4135046172802,931.2679359340133,696.437315186527,1.0,1,0,0,0.0
788,833,cross_plane,410.45452251843835,931.2801147595475,696.5988554533935,1.0,1,0,0,0.0
789,834,cross_plane,410.4220360480693,931.2739062080117,696.7372054751646,1.0,1,0,0,0.0
790,835,cross_plane,410.4097549977645,931.2614247197566,696.847135803386,1.0,1,0,0,0.0
791,836,cross_plane,410.4392478154162,931.2786833089601,696.9249286380513,1.0,1,0,0,0.0
792,837,cross_plane,410.43386849626074,931.2774132493067,696.9681353595048,1.0,1,0,0,0.0
793,838,cross_plane,410.409115494959,931.2583493610963,696.9754510458325,1.0,1,0,0,0.0
794,839,cross_plane,410.42600476179956,931.2755143593419,696.9466582999416,1.0,1,0,0,0.0
795,840,cross_plane,410.447864619051,931.279692022155,696.882618591877,1.0,1,0,0,0.0
796,841,cross_plane,410.4115861280495,931.2654242052848,696.7853077338623,1.0,1,0,0,0.0
797,842,cross_plane,410.4172695453336,931.270677572754,696.6579093079803,1.0,1,0,0,0.0
798,843,cross_plane,410.4652378105313,931.2803165023416,696.5050019333502,1.0,1,0,0,0.0
799,844,cross_plane,410.4179191429021,931.2716387106933,696.3329096484596,1.0,1,0,0,0.0
800,845,cross_plane,410.4112410478098,931.264851648941,696.1503316465602,1.0,1,0,0,0.0
801,846,cross_plane,410.44649653956475,931.2795703616242,695.9693952718037,1.0,1,0,0,0.0
802,847,cross_plane,410.42693039162623,931.2758310546805,695.8070874248167,1.0,1,0,0,0.0
803,848,cross_plane,410.4090464783908,931.2568351419488,695.6859472353609,1.0,1,0,0,0.0
804,849,cross_plane,410.43277640046404,931.2771573837706,695.6302774173887,1.0,1,0,0,0.0
805,850,cross_plane,410.4404779076879,931.27886579965,695.6543625057967,1.0,1,0,0,0.0
806,851,cross_plane,410.409962046958,931.262058104227,695.7517380778726,1.0,1,0,0,0.0
807,852,cross_plane,410.42124843141147,931.2735286830896,695.9003854294682,1.0,1,0,0,0.0
808,853,cross_plane,410.45780887591576,931.2801755898345,696.0761574454801,1.0,1,0,0,0.0
809,854,cross_plane,410.41457970708285,931.2684476618065,696.2597722416317,1.0,1,0,0,0.0
810,855,cross_plane,410.4135046172802,931.2679359340104,696.4373151865257,1.0,1,0,0,0.0
811,856,cross_plane,410.4545225184382,931.2801147595451,696.5988554533934,1.0,1,0,0,0.0
812,857,cross_plane,410.4220360480693,931.2739062080117,696.7372054751607,1.0,1,0,0,0.0
813,858,cross_plane,410.4097549977769,931.2614247197594,696.8471358033898,1.0,1,0,0,0.0
814,859,cross_plane,410.43924781541597,931.2786833089572,696.9249286380475,1.0,1,0,0,0.0
815,860,cross_plane,410.4338684962672,931.2774132493013,696.9681353595049,1.0,1,0,0,0.0
816,861,cross_plane,410.4091154949587,931.2583493610907,696.9754510458283,1.0,1,0,0,0.0
817,862,cross_plane,410.42600476178757,931.275514359342,696.9466582999459,1.0,1,0,0,0.0
818,863,cross_plane,410.4478646190567,931.2796920221613,696.8826185918809,1.0,1,0,0,0.0
819,864,cross_plane,410.4115861280441,931.2654242052797,696.7853077338583,1.0,1,0,0,0.0
820,865,cross_plane,410.41726954533385,931.2706775727597,696.6579093079844,1.0,1,0,0,0.0
821,866,cross_plane,410.4652378105313,931.2803165023365,696.5050019333461,1.0,1,0,0,0.0
822,867,cross_plane,410.4179191429142,931.2716387106871,696.3329096484593,1.0,1,0,0,0.0
823,868,cross_plane,410.41124104778555,931.2648516489414,696.1503316465604,1.0,1,0,0,0.0
824,869,cross_plane,410.4464965395767,931.2795703616218,695.9693952718035,1.0,1,0,0,0.0
825,870,cross_plane,410.4269303916321,931.2758310546856,695.8070874248209,1.0,1,0,0,0.0
826,871,cross_plane,410.4090464783908,931.2568351419484,695.685947235361,1.0,1,0,0,0.0
827,872,cross_plane,410.43277640045204,931.27715738377,695.630277417381,1.0,1,0,0,0.0
828,919,cross_plane,410.4516963303188,931.2799675000994,695.7159904535929,1.0,1,0,0,0.0
829,874,cross_plane,410.4236188397752,931.274601566843,695.8519125284791,1.0,1,0,0,0.0
830,875,cross_plane,410.40942582501054,931.2601768828108,696.0218386568586,1.0,1,0,0,0.0
831,876,cross_plane,410.4369521029854,931.278302190779,696.2047825365479,1.0,1,0,0,0.0
832,877,cross_plane,410.43603655785756,931.2778747510516,696.3853428967197,1.0,1,0,0,0.0
833,878,cross_plane,410.409316983421,931.2588701157487,696.5525445107513,1.0,1,0,0,0.0
834,879,cross_plane,410.4242943037754,931.2748752696651,696.6984787693001,1.0,1,0,0,0.0
835,880,cross_plane,410.4505631743975,931.2798955513838,696.8173880899349,1.0,1,0,0,0.0
836,881,cross_plane,410.41231827167485,931.2664944591744,696.9051338095727,1.0,1,0,0,0.0
837,882,cross_plane,410.4160896895577,931.2703274111666,696.9589038440575,1.0,1,0,0,0.0
838,883,cross_plane,410.4620917251692,931.2803092724744,696.9770586046702,1.0,1,0,0,0.0
839,884,cross_plane,410.4192366334699,931.2724509973689,696.9590572947578,1.0,1,0,0,0.0
840,885,cross_plane,410.41064654713216,931.2637207372086,696.9054361139173,1.0,1,0,0,0.0
841,886,cross_plane,410.44393557964594,931.2793061727177,696.8178298633756,1.0,1,0,0,0.0
842,887,cross_plane,410.42877847260996,931.2764094851796,696.6990453847116,1.0,1,0,0,0.0
843,888,cross_plane,410.40898263599513,931.2554462677734,696.5532152043738,1.0,1,0,0,0.0
844,889,cross_plane,410.43074595270906,931.27663522265,696.3860891066588,1.0,1,0,0,0.0
845,890,cross_plane,410.4429112253029,931.2791862582513,696.2055649345862,1.0,1,0,0,0.0
846,891,cross_plane,410.4104288647698,931.2632452837855,696.0226022548203,1.0,1,0,0,0.0
847,892,cross_plane,410.4198032690852,931.2727726653317,695.8525803444203,1.0,1,0,0,0.0
848,893,cross_plane,410.4589923477123,931.2802621895373,695.7164619017393,1.0,1,0,0,0.0
849,894,cross_plane,410.41498518998185,931.2694009892792,695.6389014155297,1.0,1,0,0,0.0
850,895,cross_plane,410.41264479321694,931.2669219483302,695.6387286541935,1.0,1,0,0,0.0
851,896,cross_plane,410.45169633029576,931.2799675001005,695.7159904535913,1.0,1,0,0,0.0
852,897,cross_plane,410.4236188397752,931.2746015668426,695.8519125284791,1.0,1,0,0,0.0
853,898,cross_plane,410.40942582501077,931.260176882808,696.0218386568562,1.0,1,0,0,0.0
854,899,cross_plane,410.4369521029856,931.2783021907817,696.2047825365479,1.0,1,0,0,0.0
855,900,cross_plane,410.4360365578821,931.2778747510514,696.3853428967225,1.0,1,0,0,0.0
856,901,cross_plane,410.40931698342683,931.2588701157486,696.5525445107513,1.0,1,0,0,0.0
857,902,cross_plane,410.4242943037756,931.2748752696679,696.6984787693002,1.0,1,0,0,0.0
858,903,cross_plane,410.4505631743914,931.2798955513836,696.8173880899309,1.0,1,0,0,0.0
859,904,cross_plane,410.41231827167474,931.2664944591743,696.9051338095727,1.0,1,0,0,0.0
860,905,cross_plane,410.41608968954546,931.270327411164,696.9589038440533,1.0,1,0,0,0.0
861,906,cross_plane,410.46209172515717,931.2803092724718,696.9770586046665,1.0,1,0,0,0.0
862,907,cross_plane,410.41923663345796,931.2724509973581,696.9590572947501,1.0,1,0,0,0.0
863,908,cross_plane,410.4106465471323,931.2637207372142,696.9054361139172,1.0,1,0,0,0.0
864,909,cross_plane,410.44393557964577,931.2793061727177,696.8178298633758,1.0,1,0,0,0.0
865,910,cross_plane,410.4287784726036,931.2764094851743,696.6990453847075,1.0,1,0,0,0.0
866,911,cross_plane,410.40898263599513,931.2554462677736,696.5532152043738,1.0,1,0,0,0.0
867,912,cross_plane,410.43074595270934,931.2766352226448,696.3860891066548,1.0,1,0,0,0.0
868,913,cross_plane,410.44291122529063,931.2791862582511,696.2055649345822,1.0,1,0,0,0.0
869,914,cross_plane,410.410428864758,931.26324528378,696.0226022548164,1.0,1,0,0,0.0
870,915,cross_plane,410.4198032690731,931.272772665329,695.8525803444162,1.0,1,0,0,0.0
871,916,cross_plane,410.4589923477184,931.2802621895427,695.7164619017433,1.0,1,0,0,0.0
872,917,cross_plane,410.41498518998173,931.2694009892791,695.6389014155297,1.0,1,0,0,0.0
873,918,cross_plane,410.4126447931675,931.2669219483139,695.6387286541814,1.0,1,0,0,0.0
874,965,cross_plane,410.42267437541244,931.2741962787487,695.8064671176006,1.0,1,0,0,0.0
875,920,cross_plane,410.4533522364085,931.2800591789513,695.9686511763753,1.0,1,0,0,0.0
876,921,cross_plane,410.4131409554166,931.2675248125356,696.1495482378253,1.0,1,0,0,0.0
877,922,cross_plane,410.4150003705575,931.2694145650046,696.3321478540573,1.0,1,0,0,0.0
878,923,cross_plane,410.45903613636335,931.2802631550089,696.5043051682744,1.0,1,0,0,0.0
879,924,cross_plane,410.42064465806783,931.2727613713371,696.6573089752604,1.0,1,0,0,0.0
880,925,cross_plane,410.41014258803904,931.2625499251791,696.7848267152012,1.0,1,0,0,0.0
881,926,cross_plane,410.4414651322052,931.2790020821884,696.882273234663,1.0,1,0,0,0.0
882,927,cross_plane,410.4307170792918,931.2769480143007,696.9464594982144,1.0,1,0,0,0.0
883,928,cross_plane,410.4089823753982,931.2562702369264,696.9754048030184,1.0,1,0,0,0.0
884,929,cross_plane,410.4288060289507,931.2760731601267,696.9682430466697,1.0,1,0,0,0.0
885,930,cross_plane,410.44543505625387,931.2794668152565,696.9251870478719,1.0,1,0,0,0.0
886,931,cross_plane,410.4109862243143,931.2643925630681,696.8475370209858,1.0,1,0,0,0.0
887,932,cross_plane,410.41844864029986,931.2719767465067,696.7377365153837,1.0,1,0,0,0.0
888,933,cross_plane,410.4620466198335,931.2803088875436,696.5994975245956,1.0,1,0,0,0.0
889,934,cross_plane,410.41607319171885,931.2703144159693,696.4380423057437,1.0,1,0,0,0.0
890,935,cross_plane,410.4123295920694,931.2658680620536,696.260548727244,1.0,1,0,0,0.0
891,936,cross_plane,410.4506031043767,931.2797803389723,696.0769336459407,1.0,1,0,0,0.0
892,937,cross_plane,410.4252921616979,931.2752570244634,695.901091576727,1.0,1,0,0,0.0
893,938,cross_plane,410.40918719489645,931.2588891458581,695.7522799371936,1.0,1,0,0,0.0
894,939,cross_plane,410.434746909089,931.2778811710684,695.6546336195153,1.0,1,0,0,0.0
895,940,cross_plane,410.43829513881883,931.2782963512999,695.6302075738045,1.0,1,0,0,0.0
896,941,cross_plane,410.4096090146059,931.2601584332217,695.6855558512904,1.0,1,0,0,0.0
897,942,cross_plane,410.4226743753895,931.2741962787442,695.8064671175979,1.0,1,0,0,0.0
898,943,cross_plane,410.45335223640234,931.280059178946,695.9686511763736,1.0,1,0,0,0.0
899,944,cross_plane,410.4131409554166,931.2675248125356,696.1495482378253,1.0,1,0,0,0.0
900,945,cross_plane,410.4150003705575,931.2694145650045,696.3321478540586,1.0,1,0,0,0.0
901,946,cross_plane,410.45903613636335,931.2802631550062,696.5043051682746,1.0,1,0,0,0.0
902,947,cross_plane,410.4206446580617,931.2727613713372,696.6573089752577,1.0,1,0,0,0.0
903,948,cross_plane,410.410142588039,931.2625499251818,696.7848267152011,1.0,1,0,0,0.0
904,949,cross_plane,410.44146513219283,931.279002082191,696.8822732346629,1.0,1,0,0,0.0
905,950,cross_plane,410.4307170793039,931.2769480143006,696.9464594982181,1.0,1,0,0,0.0
906,951,cross_plane,410.4089823753982,931.2562702369263,696.9754048030185,1.0,1,0,0,0.0
907,952,cross_plane,410.42880602896304,931.2760731601269,696.9682430466737,1.0,1,0,0,0.0
908,953,cross_plane,410.44543505624785,931.2794668152511,696.925187047872,1.0,1,0,0,0.0
909,954,cross_plane,410.4109862243143,931.2643925630788,696.8475370209937,1.0,1,0,0,0.0
910,955,cross_plane,410.41844864029986,931.2719767465064,696.7377365153877,1.0,1,0,0,0.0
911,956,cross_plane,410.4620466198335,931.2803088875436,696.5994975245956,1.0,1,0,0,0.0
912,957,cross_plane,410.416073191725,931.2703144159693,696.4380423057476,1.0,1,0,0,0.0
913,958,cross_plane,410.4123295920694,931.2658680620536,696.2605487272443,1.0,1,0,0,0.0
914,959,cross_plane,410.4506031043889,931.2797803389724,696.0769336459447,1.0,1,0,0,0.0
915,960,cross_plane,410.4252921617101,931.2752570244688,695.9010915767308,1.0,1,0,0,0.0
916,961,cross_plane,410.4091871948843,931.258889145861,695.7522799371936,1.0,1,0,0,0.0
917,962,cross_plane,410.43474690911347,931.277881171071,695.6546336195192,1.0,1,0,0,0.0
918,963,cross_plane,410.4382951388189,931.2782963513054,695.6302075738082,1.0,1,0,0,0.0
919,964,cross_plane,410.4096090146059,931.2601584332162,695.6855558512864,1.0,1,0,0,0.0
920,1011,cross_plane,410.4097291709575,931.2613392129418,695.9171064035853,1.0,1,0,0,0.0
921,966,cross_plane,410.43908519935195,931.2786580900704,696.0944337160336,1.0,1,0,0,0.0
922,967,cross_plane,410.4327462099894,931.2774466420141,696.2779900218155,1.0,1,0,0,0.0
923,968,cross_plane,410.4090449004406,931.2576355787061,696.4543261649155,1.0,1,0,0,0.0
924,969,cross_plane,410.4269566308729,931.2758397564619,696.6138337509357,1.0,1,0,0,0.0
925,970,cross_plane,410.4480493983587,931.2795668039194,696.7495495405373,1.0,1,0,0,0.0
926,971,cross_plane,410.4116341251401,931.2648354810436,696.8564110689258,1.0,1,0,0,0.0
927,972,cross_plane,410.4171845462759,931.2711409266783,696.9308359076201,1.0,1,0,0,0.0
928,973,cross_plane,410.46501604431984,931.2803163471035,696.9704940392132,1.0,1,0,0,0.0
929,974,cross_plane,410.4172517302763,931.2711879417934,696.9741909350689,1.0,1,0,0,0.0
930,975,cross_plane,410.41159613112296,931.2647742753015,696.9418167740872,1.0,1,0,0,0.0
931,976,cross_plane,410.44790323221974,931.2795532761979,696.874342076703,1.0,1,0,0,0.0
932,977,cross_plane,410.4270560123854,931.2758725808023,696.7738580480943,1.0,1,0,0,0.0
933,978,cross_plane,410.40903910760665,931.2575615090036,696.6436773339777,1.0,1,0,0,0.0
934,979,cross_plane,410.4326322357027,931.2774202498604,696.4885338007281,1.0,1,0,0,0.0
935,980,cross_plane,410.43921376559337,931.2786780500105,696.3149547786609,1.0,1,0,0,0.0
936,981,cross_plane,410.4097495594751,931.2614068506838,696.1319268895638,1.0,1,0,0,0.0
937,982,cross_plane,410.42205842752685,931.2734773866389,695.9519963174135,1.0,1,0,0,0.0
938,983,cross_plane,410.4562318026334,931.2801829048384,695.7927079308718,1.0,1,0,0,0.0
939,984,cross_plane,410.4140541785372,931.2685152652766,695.6770693900756,1.0,1,0,0,0.0
940,985,cross_plane,410.4140015893339,931.2684618180576,695.6290278512624,1.0,1,0,0,0.0
941,986,cross_plane,410.45607104683364,931.2801771358482,695.6610892063726,1.0,1,0,0,0.0
942,987,cross_plane,410.42214321549466,931.273517969635,695.7647152270084,1.0,1,0,0,0.0
943,988,cross_plane,410.409729170947,931.2613392129372,695.9171064035812,1.0,1,0,0,0.0
944,989,cross_plane,410.43908519935195,931.2786580900678,696.0944337160336,1.0,1,0,0,0.0
945,990,cross_plane,410.43274620999546,931.2774466420141,696.277990021814,1.0,1,0,0,0.0
946,991,cross_plane,410.40904490044676,931.2576355787062,696.4543261649194,1.0,1,0,0,0.0
947,992,cross_plane,410.4269566308728,931.2758397564635,696.6138337509383,1.0,1,0,0,0.0
948,993,cross_plane,410.4480493983464,931.279566803919,696.7495495405358,1.0,1,0,0,0.0
949,994,cross_plane,410.411634125134,931.2648354810439,696.8564110689259,1.0,1,0,0,0.0
950,995,cross_plane,410.4171845462637,931.271140926673,696.9308359076174,1.0,1,0,0,0.0
951,996,cross_plane,410.46501604433234,931.2803163471009,696.970494039217,1.0,1,0,0,0.0
952,997,cross_plane,410.41725173026407,931.2711879417934,696.9741909350637,1.0,1,0,0,0.0
953,998,cross_plane,410.411596131123,931.2647742753016,696.9418167740831,1.0,1,0,0,0.0
954,999,cross_plane,410.4479032322076,931.2795532761927,696.8743420766951,1.0,1,0,0,0.0
955,1000,cross_plane,410.42705601237935,931.2758725807971,696.7738580480944,1.0,1,0,0,0.0
956,1001,cross_plane,410.40903910761904,931.2575615090091,696.6436773339817,1.0,1,0,0,0.0
957,1002,cross_plane,410.4326322356661,931.2774202498579,696.4885338007228,1.0,1,0,0,0.0
958,1003,cross_plane,410.4392137655935,931.2786780500106,696.3149547786609,1.0,1,0,0,0.0
959,1004,cross_plane,410.40974955946905,931.2614068506838,696.1319268895597,1.0,1,0,0,0.0
960,1005,cross_plane,410.4220584275146,931.2734773866443,695.9519963174135,1.0,1,0,0,0.0
961,1006,cross_plane,410.45623180263334,931.2801829048273,695.7927079308718,1.0,1,0,0,0.0
962,1007,cross_plane,410.414054178525,931.2685152652823,695.6770693900717,1.0,1,0,0,0.0
963,1008,cross_plane,410.4140015893463,931.2684618180548,695.6290278512624,1.0,1,0,0,0.0
964,1009,cross_plane,410.4560710468212,931.2801771358537,695.6610892063726,1.0,1,0,0,0.0
965,1010,cross_plane,410.4221432154826,931.2735179696297,695.7647152270009,1.0,1,0,0,0.0
966,1057,cross_plane,410.4123725666585,931.2659270728886,696.0398430590697,1.0,1,0,0,0.0
967,1012,cross_plane,410.4160109880686,931.2702652059181,696.2231565436917,1.0,1,0,0,0.0
968,1013,cross_plane,410.46187625367355,931.2803073558257,696.4028149689719,1.0,1,0,0,0.0
969,1014,cross_plane,410.4185208046044,931.2720215666869,696.5682045749402,1.0,1,0,0,0.0
970,1015,cross_plane,410.4109532109292,931.2643304888961,696.7116655452464,1.0,1,0,0,0.0
971,1016,cross_plane,410.445293869033,931.2794524190655,696.8276211466127,1.0,1,0,0,0.0
972,1017,cross_plane,410.42891039028245,931.276105116004,696.9120756191659,1.0,1,0,0,0.0
973,1018,cross_plane,410.4089815632689,931.2561939723652,696.9623393999491,1.0,1,0,0,0.0
974,1019,cross_plane,410.4306080846384,931.2769194271924,696.9768850924692,1.0,1,0,0,0.0
975,1020,cross_plane,410.4415986776505,931.2790198471662,696.9552798540211,1.0,1,0,0,0.0
976,1021,cross_plane,410.4101679572452,931.2626153680327,696.8981680395523,1.0,1,0,0,0.0
977,1022,cross_plane,410.4205648502355,931.2727185934159,696.8072973254466,1.0,1,0,0,0.0
978,1023,cross_plane,410.45920187055395,931.2802667290158,696.685598503652,1.0,1,0,0,0.0
979,1024,cross_plane,410.41505794023,931.2694658173004,696.5373497201882,1.0,1,0,0,0.0
980,1025,cross_plane,410.413093346723,931.2674691704061,696.3684865757389,1.0,1,0,0,0.0
981,1026,cross_plane,410.45319645913315,931.2800512149869,696.187164363911,1.0,1,0,0,0.0
982,1027,cross_plane,410.4227611337902,931.2742346667957,696.004717455218,1.0,1,0,0,0.0
983,1028,cross_plane,410.4095905967586,931.2600886005956,695.8370485436669,1.0,1,0,0,0.0
984,1029,cross_plane,410.4381685426995,931.2782741963949,695.7056675567499,1.0,1,0,0,0.0
985,1030,cross_plane,410.43486586292124,931.2779053682585,695.6352216683867,1.0,1,0,0,0.0
986,1031,cross_plane,410.4091979684423,931.2589610206791,695.643166232177,1.0,1,0,0,0.0
987,1032,cross_plane,410.4251977601031,931.2752220051689,695.7273497969289,1.0,1,0,0,0.0
988,1033,cross_plane,410.4507542493242,931.2797916717211,695.8677655877727,1.0,1,0,0,0.0
989,1034,cross_plane,410.41237256666034,931.2659270728846,696.0398430590669,1.0,1,0,0,0.0
990,1035,cross_plane,410.4160109880687,931.2702652059178,696.2231565436905,1.0,1,0,0,0.0
991,1036,cross_plane,410.4618762536738,931.2803073558208,696.4028149689669,1.0,1,0,0,0.0
992,1037,cross_plane,410.4185208046044,931.2720215666869,696.56820457494,1.0,1,0,0,0.0
993,1038,cross_plane,410.4109532109294,931.2643304888957,696.7116655452477,1.0,1,0,0,0.0
994,1039,cross_plane,410.4452938690206,931.279452419064,696.8276211466098,1.0,1,0,0,0.0
995,1040,cross_plane,410.42891039028274,931.2761051160041,696.912075619165,1.0,1,0,0,0.0
996,1041,cross_plane,410.40898156326944,931.2561939723627,696.9623393999439,1.0,1,0,0,0.0
997,1042,cross_plane,410.43060808465,931.2769194271893,696.9768850924704,1.0,1,0,0,0.0
998,1043,cross_plane,410.441598677657,931.279019847166,696.9552798540226,1.0,1,0,0,0.0
999,1044,cross_plane,410.4101679572452,931.2626153680328,696.8981680395561,1.0,1,0,0,0.0
1000,1045,cross_plane,410.42056485024744,931.2727185934102,696.8072973254467,1.0,1,0,0,0.0
1001,1046,cross_plane,410.45920187057186,931.2802667290159,696.685598503656,1.0,1,0,0,0.0
1002,1047,cross_plane,410.4150579402307,931.2694658173059,696.5373497201895,1.0,1,0,0,0.0
1003,1048,cross_plane,410.4130933467108,931.2674691704065,696.3684865757403,1.0,1,0,0,0.0
1004,1049,cross_plane,410.45319645914543,931.2800512149926,696.1871643639148,1.0,1,0,0,0.0
1005,1050,cross_plane,410.42276113378375,931.2742346667899,696.0047174552143,1.0,1,0,0,0.0
1006,1051,cross_plane,410.4095905967584,931.2600886005907,695.8370485436628,1.0,1,0,0,0.0
1007,1052,cross_plane,410.43816854269926,931.2782741963952,695.70566755675,1.0,1,0,0,0.0
1008,1053,cross_plane,410.4348658629333,931.2779053682641,695.6352216683905,1.0,1,0,0,0.0
1009,1054,cross_plane,410.40919796845424,931.2589610206904,695.6431662321849,1.0,1,0,0,0.0
1010,1055,cross_plane,410.4251977600908,931.2752220051763,695.7273497969327,1.0,1,0,0,0.0
1011,1056,cross_plane,410.45075424929905,931.2797916717213,695.8677655877649,1.0,1,0,0,0.0
1012,1103,cross_plane,410.43085529377197,931.2766649835834,696.167965133511,1.0,1,0,0,0.0
1013,1058,cross_plane,410.40898379456473,931.2555237060968,696.3499998781193,1.0,1,0,0,0.0
1014,1059,cross_plane,410.42867445767166,931.2763787031126,696.5205879322039,1.0,1,0,0,0.0
1015,1060,cross_plane,410.44407410420854,931.2793217427254,696.6712954708835,1.0,1,0,0,0.0
1016,1061,cross_plane,410.41067689699923,931.2637839851727,696.7959873181954,1.0,1,0,0,0.0
1017,1062,cross_plane,410.4191618058237,931.2724073509803,696.8902303008368,1.0,1,0,0,0.0
1018,1063,cross_plane,410.4622624375988,931.2802888780001,696.9509627045368,1.0,1,0,0,0.0
1019,1064,cross_plane,410.4161522396251,931.2698308976836,696.9763183506311,1.0,1,0,0,0.0
1020,1065,cross_plane,410.41227564352613,931.2664366221396,696.9655398569372,1.0,1,0,0,0.0
1021,1066,cross_plane,410.45041237579466,931.2798853924619,696.9189476976253,1.0,1,0,0,0.0
1022,1067,cross_plane,410.42438604219933,931.2749114627671,696.8379530006424,1.0,1,0,0,0.0
1023,1068,cross_plane,410.40930354628625,931.2587980882514,696.725119081127,1.0,1,0,0,0.0
1024,1069,cross_plane,410.43591494112735,931.2778504011787,696.5842955555079,1.0,1,0,0,0.0
1025,1070,cross_plane,410.43707603623994,931.278324193007,696.4208758244084,1.0,1,0,0,0.0
1026,1071,cross_plane,410.4094415792884,931.2602465627667,696.2422694688543,1.0,1,0,0,0.0
1027,1072,cross_plane,410.4235294181626,931.2745643526142,696.0587277605588,1.0,1,0,0,0.0
1028,1073,cross_plane,410.4518494451074,931.2799766378838,695.8846253045436,1.0,1,0,0,0.0
1029,1074,cross_plane,410.4126897384024,931.2669787642476,695.7397937641283,1.0,1,0,0,0.0
1030,1075,cross_plane,410.41557165348837,931.269349584309,695.6486215214999,1.0,1,0,0,0.0
1031,1076,cross_plane,410.4588269598143,931.2802584628532,695.6322396159918,1.0,1,0,0,0.0
1032,1077,cross_plane,410.4198804136236,931.2728152905848,695.6950687420566,1.0,1,0,0,0.0
1033,1078,cross_plane,410.4104008320204,931.2631810147147,695.8212388045464,1.0,1,0,0,0.0
1034,1079,cross_plane,410.44277501710354,931.2791696671019,695.9862240862233,1.0,1,0,0,0.0
1035,1080,cross_plane,410.4308552937553,931.2766649835794,696.1679651335045,1.0,1,0,0,0.0
1036,1081,cross_plane,410.40898379456473,931.2555237061079,696.3499998781216,1.0,1,0,0,0.0
1037,1082,cross_plane,410.4286744576715,931.276378703113,696.5205879322039,1.0,1,0,0,0.0
1038,1083,cross_plane,410.44407410420814,931.2793217427254,696.6712954708835,1.0,1,0,0,0.0
1039,1084,cross_plane,410.4106768969929,931.2637839851723,696.7959873181968,1.0,1,0,0,0.0
1040,1085,cross_plane,410.4191618058239,931.2724073509803,696.8902303008368,1.0,1,0,0,0.0
1041,1086,cross_plane,410.4622624375988,931.2802888780001,696.950962704539,1.0,1,0,0,0.0
1042,1087,cross_plane,410.4161522396311,931.2698308976833,696.9763183506311,1.0,1,0,0,0.0
1043,1088,cross_plane,410.41227564352636,931.2664366221396,696.9655398569382,1.0,1,0,0,0.0
1044,1089,cross_plane,410.45041237580665,931.2798853924597,696.9189476976217,1.0,1,0,0,0.0
1045,1090,cross_plane,410.42438604219933,931.2749114627676,696.8379530006398,1.0,1,0,0,0.0
1046,1091,cross_plane,410.4093035462748,931.258798088251,696.7251190811206,1.0,1,0,0,0.0
1047,1092,cross_plane,410.43591494113974,931.2778504011795,696.5842955555146,1.0,1,0,0,0.0
1048,1093,cross_plane,410.43707603625194,931.2783241930181,696.4208758244094,1.0,1,0,0,0.0
1049,1094,cross_plane,410.40944157928215,931.2602465627497,696.2422694688506,1.0,1,0,0,0.0
1050,1095,cross_plane,410.423529418174,931.2745643526138,696.0587277605587,1.0,1,0,0,0.0
1051,1096,cross_plane,410.4518494451077,931.2799766378841,695.8846253045435,1.0,1,0,0,0.0
1052,1097,cross_plane,410.41268973840886,931.2669787642532,695.7397937641325,1.0,1,0,0,0.0
1053,1098,cross_plane,410.41557165350093,931.2693495843038,695.6486215214999,1.0,1,0,0,0.0
1054,1099,cross_plane,410.4588269598137,931.2802584628479,695.6322396159843,1.0,1,0,0,0.0
1055,1100,cross_plane,410.419880413624,931.2728152905961,695.6950687420605,1.0,1,0,0,0.0
1056,1101,cross_plane,410.41040083200824,931.2631810147175,695.8212388045504,1.0,1,0,0,0.0
1057,1102,cross_plane,410.442775017104,931.2791696670994,695.9862240862194,1.0,1,0,0,0.0
1058,1149,cross_plane,410.4654135010605,931.2803170129109,696.2961324790394,1.0,1,0,0,0.0
1059,1104,cross_plane,410.4173370757721,931.2707257616781,696.4711667286356,1.0,1,0,0,0.0
1060,1105,cross_plane,410.411548480483,931.2653641733316,696.6285725972483,1.0,1,0,0,0.0
1061,1106,cross_plane,410.4477187992413,931.2796796682615,696.7616038625092,1.0,1,0,0,0.0
1062,1107,cross_plane,410.4261014801631,931.2755483574969,696.8653609458238,1.0,1,0,0,0.0
1063,1108,cross_plane,410.40910703851983,931.2582764651695,696.9363945801817,1.0,1,0,0,0.0
1064,1109,cross_plane,410.43375185899265,931.2776717045726,696.9724922164759,1.0,1,0,0,0.0
1065,1110,cross_plane,410.43937672800956,931.2787031162238,696.972569227077,1.0,1,0,0,0.0
1066,1111,cross_plane,410.4097757327368,931.2614922048276,696.936623324553,1.0,1,0,0,0.0
1067,1112,cross_plane,410.4219516065107,931.2738667988277,696.8657344707906,1.0,1,0,0,0.0
1068,1113,cross_plane,410.4546806118485,931.2801217023555,696.7621102409894,1.0,1,0,0,0.0
1069,1114,cross_plane,410.4135545430296,931.2679905550281,696.6291942835525,1.0,1,0,0,0.0
1070,1115,cross_plane,410.4145244544278,931.2683940619077,696.4718793340419,1.0,1,0,0,0.0
1071,1116,cross_plane,410.45764545774864,931.2801696681754,696.2969025376731,1.0,1,0,0,0.0
1072,1117,cross_plane,410.4213305561099,931.2735691134086,696.1135489315335,1.0,1,0,0,0.0
1073,1118,cross_plane,410.40993899488166,931.261991640269,695.9347987710878,1.0,1,0,0,0.0
1074,1119,cross_plane,410.4403466786621,931.2788470135293,695.7787629912274,1.0,1,0,0,0.0
1075,1120,cross_plane,410.4316498120996,931.2771849497406,695.668877021156,1.0,1,0,0,0.0
1076,1121,cross_plane,410.409000200225,931.2569103854088,695.6285992331171,1.0,1,0,0,0.0
1077,1122,cross_plane,410.4268313565064,931.2757980776585,695.6685439981213,1.0,1,0,0,0.0
1078,1123,cross_plane,410.44664004308623,931.2795837366702,695.7781797097796,1.0,1,0,0,0.0
1079,1124,cross_plane,410.41127637828185,931.2649127020035,695.9340718554906,1.0,1,0,0,0.0
1080,1125,cross_plane,410.4178492955458,931.2715928693767,696.1127678333725,1.0,1,0,0,0.0
1081,1126,cross_plane,410.46541350105,931.2803170129051,696.2961324790314,1.0,1,0,0,0.0
1082,1127,cross_plane,410.41733707576043,931.2707257616779,696.4711667286343,1.0,1,0,0,0.0
1083,1128,cross_plane,410.41154848049507,931.265364173332,696.6285725972482,1.0,1,0,0,0.0
1084,1129,cross_plane,410.44771879922865,931.279679668264,696.7616038625107,1.0,1,0,0,0.0
1085,1130,cross_plane,410.4261014801685,931.2755483574956,696.8653609458247,1.0,1,0,0,0.0
1086,1131,cross_plane,410.4091070385202,931.2582764651655,696.9363945801764,1.0,1,0,0,0.0
1087,1132,cross_plane,410.43375185899174,931.2776717045704,696.9724922164745,1.0,1,0,0,0.0
1088,1133,cross_plane,410.4393767280031,931.2787031162188,696.9725692270744,1.0,1,0,0,0.0
1089,1134,cross_plane,410.4097757327312,931.2614922048328,696.9366233245545,1.0,1,0,0,0.0
1090,1135,cross_plane,410.4219516065234,931.2738667988309,696.8657344707892,1.0,1,0,0,0.0
1091,1136,cross_plane,410.4546806118491,931.2801217023549,696.7621102409906,1.0,1,0,0,0.0
1092,1137,cross_plane,410.4135545430175,931.2679905550227,696.6291942835485,1.0,1,0,0,0.0
1093,1138,cross_plane,410.41452445441513,931.268394061915,696.4718793340452,1.0,1,0,0,0.0
1094,1139,cross_plane,410.45764545774813,931.2801696681754,696.296902537673,1.0,1,0,0,0.0
1095,1140,cross_plane,410.42133055610446,931.2735691134031,696.1135489315334,1.0,1,0,0,0.0
1096,1141,cross_plane,410.4099389948937,931.2619916402708,695.9347987710921,1.0,1,0,0,0.0
1097,1142,cross_plane,410.4403466786738,931.2788470135238,695.7787629912231,1.0,1,0,0,0.0
1098,1143,cross_plane,410.4316498120942,931.27718494974,695.6688770211523,1.0,1,0,0,0.0
1099,1144,cross_plane,410.40900020022474,931.2569103854094,695.6285992331173,1.0,1,0,0,0.0
1100,1145,cross_plane,410.4268313565065,931.2757980776586,695.6685439981212,1.0,1,0,0,0.0
1101,1146,cross_plane,410.44664004308714,931.2795837366756,695.7781797097756,1.0,1,0,0,0.0
1102,1147,cross_plane,410.41127637828185,931.2649127019986,695.9340718554905,1.0,1,0,0,0.0
1103,1148,cross_plane,410.4178492955091,931.2715928693716,696.1127678333646,1.0,1,0,0,0.0
1104,1195,cross_plane,410.43167929824756,931.2771922203798,696.4201419727574,1.0,1,0,0,0.0
1105,1150,cross_plane,410.4417679362122,931.2788420246584,696.5836436746235,1.0,1,0,0,0.0
1106,1151,cross_plane,410.4102004285041,931.2619740412584,696.7245759871499,1.0,1,0,0,0.0
1107,1152,cross_plane,410.42046432652205,931.2731293438851,696.8375381279832,1.0,1,0,0,0.0
1108,1153,cross_plane,410.4576022816502,931.2802268651537,696.9186745709651,1.0,1,0,0,0.0
1109,1154,cross_plane,410.4145098866559,931.268962445142,696.9654168771443,1.0,1,0,0,0.0
1110,1155,cross_plane,410.41356779351105,931.2673986388171,696.9763491867569,1.0,1,0,0,0.0
1111,1156,cross_plane,410.4547224711997,931.2800409718108,696.9511464428311,1.0,1,0,0,0.0
1112,1157,cross_plane,410.4228712308163,931.2742830350893,696.8905614088704,1.0,1,0,0,0.0
1113,1158,cross_plane,410.40956769992295,931.2607623656644,696.7964554100619,1.0,1,0,0,0.0
1114,1159,cross_plane,410.4380088557864,931.2784844583721,696.6718847822689,1.0,1,0,0,0.0
1115,1160,cross_plane,410.43372105582705,931.27766501447,696.521276305273,1.0,1,0,0,0.0
1116,1161,cross_plane,410.409104847725,931.25825716499,696.3507568888116,1.0,1,0,0,0.0
1117,1162,cross_plane,410.4261271066603,931.2751775508882,696.1687487817221,1.0,1,0,0,0.0
1118,1163,cross_plane,410.44929649206597,931.2798058289701,695.9869754918439,1.0,1,0,0,0.0
1119,1164,cross_plane,410.4119664005629,931.2660015184206,695.8218760024237,1.0,1,0,0,0.0
1120,1165,cross_plane,410.4166273205047,931.2707384867985,695.695487848535,1.0,1,0,0,0.0
1121,1166,cross_plane,410.4635440917718,931.2803171277527,695.6323441149402,1.0,1,0,0,0.0
1122,1167,cross_plane,410.41861244763595,931.271580724774,695.6483825361009,1.0,1,0,0,0.0
1123,1168,cross_plane,410.41091185818925,931.2642518240763,695.7392742756499,1.0,1,0,0,0.0
1124,1169,cross_plane,410.44511573182155,931.279434042411,695.8839309522417,1.0,1,0,0,0.0
1125,1170,cross_plane,410.4279074461591,931.2761453509138,696.0579550361373,1.0,1,0,0,0.0
1126,1171,cross_plane,410.4090010736858,931.2569302661008,696.2414904983737,1.0,1,0,0,0.0
1127,1172,cross_plane,410.43167929822476,931.2771922203734,696.4201419727518,1.0,1,0,0,0.0
1128,1173,cross_plane,410.4417679362055,931.2788420246591,696.5836436746222,1.0,1,0,0,0.0
1129,1174,cross_plane,410.4102004285041,931.2619740412579,696.7245759871498,1.0,1,0,0,0.0
1130,1175,cross_plane,410.4204643265224,931.2731293438851,696.837538127982,1.0,1,0,0,0.0
1131,1176,cross_plane,410.4576022816563,931.2802268651544,696.9186745709707,1.0,1,0,0,0.0
1132,1177,cross_plane,410.4145098866504,931.2689624451361,696.9654168771417,1.0,1,0,0,0.0
1133,1178,cross_plane,410.41356779351105,931.2673986388178,696.9763491867556,1.0,1,0,0,0.0
1134,1179,cross_plane,410.4547224712,931.2800409718054,696.9511464428299,1.0,1,0,0,0.0
1135,1180,cross_plane,410.42287123081667,931.27428303509,696.8905614088715,1.0,1,0,0,0.0
1136,1181,cross_plane,410.409567699911,931.2607623656618,696.7964554100593,1.0,1,0,0,0.0
1137,1182,cross_plane,410.43800885578577,931.2784844583721,696.6718847822689,1.0,1,0,0,0.0
1138,1183,cross_plane,410.43372105582085,931.2776650144699,696.52127630527,1.0,1,0,0,0.0
1139,1184,cross_plane,410.40910484773724,931.2582571649966,696.3507568888167,1.0,1,0,0,0.0
1140,1185,cross_plane,410.42612710666094,931.2751775508876,696.1687487817221,1.0,1,0,0,0.0
1141,1186,cross_plane,410.44929649205983,931.2798058289642,695.9869754918396,1.0,1,0,0,0.0
1142,1187,cross_plane,410.4119664005629,931.2660015184211,695.8218760024276,1.0,1,0,0,0.0
1143,1188,cross_plane,410.4166273205294,931.2707384867991,695.695487848535,1.0,1,0,0,0.0
1144,1189,cross_plane,410.4635440917473,931.2803171277533,695.6323441149401,1.0,1,0,0,0.0
1145,1190,cross_plane,410.418612447624,931.2715807247746,695.6483825360972,1.0,1,0,0,0.0
1146,1191,cross_plane,410.4109118581896,931.2642518240763,695.7392742756498,1.0,1,0,0,0.0
1147,1192,cross_plane,410.44511573184593,931.2794340424216,695.8839309522496,1.0,1,0,0,0.0
1148,1193,cross_plane,410.4279074461591,931.2761453509038,696.0579550361371,1.0,1,0,0,0.0
1149,1194,cross_plane,410.40900107364877,931.2569302660902,696.2414904983575,1.0,1,0,0,0.0
1150,1241,cross_plane,410.41270167163486,931.2669937711045,696.5366700407125,1.0,1,0,0,0.0
1151,1196,cross_plane,410.45188998769703,931.2799790345061,696.685020433689,1.0,1,0,0,0.0
1152,1197,cross_plane,410.42450243640343,931.2745544897516,696.8068423172073,1.0,1,0,0,0.0
1153,1198,cross_plane,410.40928694745526,931.2594931910048,696.8978512841408,1.0,1,0,0,0.0
1154,1199,cross_plane,410.43576155055524,931.2780820016759,696.9551112342859,1.0,1,0,0,0.0
1155,1200,cross_plane,410.4358828209424,931.2781051777255,696.976869672127,1.0,1,0,0,0.0
1156,1201,cross_plane,410.4093000381509,931.25956404473,696.9624776357886,1.0,1,0,0,0.0
1157,1202,cross_plane,410.4244103515864,931.274517122843,696.9123633789542,1.0,1,0,0,0.0
1158,1203,cross_plane,410.4520434488047,931.2799880196034,696.8280495396893,1.0,1,0,0,0.0
1159,1204,cross_plane,410.4127469632739,931.26705043435,696.7122204997767,1.0,1,0,0,0.0
1160,1205,cross_plane,410.41549588181795,931.2698442033292,696.5688659994518,1.0,1,0,0,0.0
1161,1206,cross_plane,410.4604464017766,931.2802895733844,696.4035551881882,1.0,1,0,0,0.0
1162,1207,cross_plane,410.4191420607371,931.2723957869057,696.2239374908602,1.0,1,0,0,0.0
1163,1208,cross_plane,410.41068496992386,931.2630995744785,696.0406115908437,1.0,1,0,0,0.0
1164,1209,cross_plane,410.4441107878663,931.2791485149459,695.868447170971,1.0,1,0,0,0.0
1165,1210,cross_plane,410.4298039386398,931.2767024429921,695.7278458117587,1.0,1,0,0,0.0
1166,1211,cross_plane,410.4089841468094,931.2556214529442,695.6433724057653,1.0,1,0,0,0.0
1167,1212,cross_plane,410.4296972606242,931.2766728347393,695.6350828302658,1.0,1,0,0,0.0
1168,1213,cross_plane,410.44424965878056,931.2791652587737,695.7052217522852,1.0,1,0,0,0.0
1169,1214,cross_plane,410.41071566623606,931.2631639962229,695.8363955158387,1.0,1,0,0,0.0
1170,1215,cross_plane,410.41906757951983,931.2723519878518,696.0039595574315,1.0,1,0,0,0.0
1171,1216,cross_plane,410.4606144519491,931.2802921262454,696.1863810591759,1.0,1,0,0,0.0
1172,1217,cross_plane,410.4155557684761,931.2698944345063,696.367734764333,1.0,1,0,0,0.0
1173,1218,cross_plane,410.41270167162367,931.2669937711,696.5366700407073,1.0,1,0,0,0.0
1174,1219,cross_plane,410.4518899876974,931.2799790345076,696.6850204336902,1.0,1,0,0,0.0
1175,1220,cross_plane,410.4245024364103,931.2745544897527,696.8068423172073,1.0,1,0,0,0.0
1176,1221,cross_plane,410.40928694745526,931.2594931910055,696.8978512841394,1.0,1,0,0,0.0
1177,1222,cross_plane,410.43576155057997,931.2780820016759,696.9551112342883,1.0,1,0,0,0.0
1178,1223,cross_plane,410.4358828209486,931.2781051777248,696.9768696721286,1.0,1,0,0,0.0
1179,1224,cross_plane,410.4093000381574,931.2595640447303,696.9624776357898,1.0,1,0,0,0.0
1180,1225,cross_plane,410.4244103515863,931.2745171228371,696.9123633789532,1.0,1,0,0,0.0
1181,1226,cross_plane,410.4520434488226,931.2799880196043,696.8280495396917,1.0,1,0,0,0.0
1182,1227,cross_plane,410.4127469632739,931.2670504343547,696.712220499774,1.0,1,0,0,0.0
1183,1228,cross_plane,410.4154958818054,931.2698442033286,696.5688659994508,1.0,1,0,0,0.0
1184,1229,cross_plane,410.4604464017644,931.2802895733844,696.4035551881841,1.0,1,0,0,0.0
1185,1230,cross_plane,410.4191420607492,931.2723957869109,696.2239374908684,1.0,1,0,0,0.0
1186,1231,cross_plane,410.41068496993586,931.263099574479,696.0406115908477,1.0,1,0,0,0.0
1187,1232,cross_plane,410.444110787866,931.27914851494,695.868447170967,1.0,1,0,0,0.0
1188,1233,cross_plane,410.4298039386398,931.2767024429861,695.7278458117588,1.0,1,0,0,0.0
1189,1234,cross_plane,410.40898414681516,931.2556214529442,695.6433724057654,1.0,1,0,0,0.0
1190,1235,cross_plane,410.4296972606248,931.276672834739,695.6350828302698,1.0,1,0,0,0.0
1191,1236,cross_plane,410.4442496587799,931.2791652587788,695.7052217522928,1.0,1,0,0,0.0
1192,1237,cross_plane,410.4107156662244,931.2631639962182,695.836395515831,1.0,1,0,0,0.0
1193,1238,cross_plane,410.4190675795442,931.2723519878568,696.0039595574355,1.0,1,0,0,0.0
1194,1239,cross_plane,410.46061445197364,931.2802921262559,696.1863810591879,1.0,1,0,0,0.0
1195,1240,cross_plane,410.4155557684629,931.2698944345008,696.3677347643254,1.0,1,0,0,0.0
1196,1287,cross_plane,410.40958577132625,931.2608310245237,696.6430662071862,1.0,1,0,0,0.0
1197,1242,cross_plane,410.4227841260184,931.274244799729,696.7733642652779,1.0,1,0,0,0.0
1198,1243,cross_plane,410.45488091091386,931.2800490884522,696.8739825788108,1.0,1,0,0,0.0
1199,1244,cross_plane,410.4136180656966,931.2674544336353,696.9416029687719,1.0,1,0,0,0.0
1200,1245,cross_plane,410.4144549804442,931.2689100190495,696.9741292992538,1.0,1,0,0,0.0
1201,1246,cross_plane,410.45743920979487,931.2802221173216,696.9705864017944,1.0,1,0,0,0.0
1202,1247,cross_plane,410.42054378796036,931.2731709480144,696.9310795217513,1.0,1,0,0,0.0
1203,1248,cross_plane,410.4101747128743,931.2619074246297,696.8567985022122,1.0,1,0,0,0.0
1204,1249,cross_plane,410.4416340444255,931.2788230858702,696.7500683401955,1.0,1,0,0,0.0
1205,1250,cross_plane,410.43179095592234,931.2772196336757,696.6144657546241,1.0,1,0,0,0.0
1206,1251,cross_plane,410.40900454938804,931.2570053568937,696.4550461983534,1.0,1,0,0,0.0
1207,1252,cross_plane,410.4278057479456,931.2761135477239,696.2787635313794,1.0,1,0,0,0.0
1208,1253,cross_plane,410.4452565727316,931.2794485912889,696.0952126999834,1.0,1,0,0,0.0
1209,1254,cross_plane,410.41094452515415,931.2643140509365,695.9178233967052,1.0,1,0,0,0.0
1210,1255,cross_plane,410.41853993690603,931.2715347307862,695.7652783502913,1.0,1,0,0,0.0
1211,1256,cross_plane,410.4637171201392,931.2803174856582,695.6613916888393,1.0,1,0,0,0.0
1212,1257,cross_plane,410.4166921875627,931.2707865230557,695.6289928759473,1.0,1,0,0,0.0
1213,1258,cross_plane,410.41192608949456,931.2659426602736,695.6767067155301,1.0,1,0,0,0.0
1214,1259,cross_plane,410.4491480096872,931.2797946489035,695.7921055913754,1.0,1,0,0,0.0
1215,1260,cross_plane,410.42622417142894,931.2752127228619,695.9512603765153,1.0,1,0,0,0.0
1216,1261,cross_plane,410.4090967377547,931.2581841164033,696.131144323781,1.0,1,0,0,0.0
1217,1262,cross_plane,410.433604764956,931.2776396434712,696.3141886301199,1.0,1,0,0,0.0
1218,1263,cross_plane,410.43813510556436,931.2785054394689,696.4878289548933,1.0,1,0,0,0.0
1219,1264,cross_plane,410.4095857713096,931.2608310245137,696.6430662071781,1.0,1,0,0,0.0
1220,1265,cross_plane,410.4227841260184,931.274244799728,696.7733642652767,1.0,1,0,0,0.0
1221,1266,cross_plane,410.45488091090755,931.2800490884518,696.8739825788108,1.0,1,0,0,0.0
1222,1267,cross_plane,410.41361806569006,931.2674544336406,696.9416029687733,1.0,1,0,0,0.0
1223,1268,cross_plane,410.41445498043163,931.2689100190519,696.9741292992547,1.0,1,0,0,0.0
1224,1269,cross_plane,410.45743920980624,931.2802221173159,696.9705864017891,1.0,1,0,0,0.0
1225,1270,cross_plane,410.42054378795467,931.2731709480131,696.9310795217499,1.0,1,0,0,0.0
1226,1271,cross_plane,410.4101747128745,931.2619074246289,696.8567985022097,1.0,1,0,0,0.0
1227,1272,cross_plane,410.4416340444255,931.2788230858697,696.750068340197,1.0,1,0,0,0.0
1228,1273,cross_plane,410.4317909559104,931.2772196336806,696.6144657546226,1.0,1,0,0,0.0
1229,1274,cross_plane,410.40900454938185,931.2570053568945,696.4550461983546,1.0,1,0,0,0.0
1230,1275,cross_plane,410.42780574793295,931.2761135477235,696.2787635313751,1.0,1,0,0,0.0
1231,1276,cross_plane,410.4452565727311,931.2794485912831,696.0952126999836,1.0,1,0,0,0.0
1232,1277,cross_plane,410.41094452515415,931.264314050936,695.9178233967051,1.0,1,0,0,0.0
1233,1278,cross_plane,410.41853993690626,931.2715347307854,695.7652783502912,1.0,1,0,0,0.0
1234,1279,cross_plane,410.46371712015684,931.2803174856639,695.6613916888433,1.0,1,0,0,0.0
1235,1280,cross_plane,410.4166921875627,931.270786523061,695.6289928759433,1.0,1,0,0,0.0
1236,1281,cross_plane,410.41192608950695,931.2659426602675,695.6767067155225,1.0,1,0,0,0.0
1237,1282,cross_plane,410.44914800967496,931.2797946489035,695.7921055913754,1.0,1,0,0,0.0
1238,1283,cross_plane,410.4262241714415,931.2752127228555,695.9512603765189,1.0,1,0,0,0.0
1239,1284,cross_plane,410.40909673777986,931.2581841163975,696.131144323777,1.0,1,0,0,0.0
1240,1285,cross_plane,410.4336047649312,931.2776396434716,696.3141886301199,1.0,1,0,0,0.0
1241,1286,cross_plane,410.4381351055519,931.2785054394529,696.4878289548857,1.0,1,0,0,0.0
1242,1333,cross_plane,410.4220360480639,931.2739062080107,696.7372054751576,1.0,1,0,0,0.0
1243,1288,cross_plane,410.40975499776073,931.2614247197514,696.8471358033811,1.0,1,0,0,0.0
1244,1289,cross_plane,410.4392478154122,931.27868330895,696.9249286380401,1.0,1,0,0,0.0
1245,1290,cross_plane,410.4338684962569,931.2774132493009,696.9681353594973,1.0,1,0,0,0.0
1246,1291,cross_plane,410.40911549494905,931.2583493610908,696.9754510458238,1.0,1,0,0,0.0
1247,1292,cross_plane,410.4260047617958,931.2755143593336,696.9466582999383,1.0,1,0,0,0.0
1248,1293,cross_plane,410.4478646190468,931.2796920221492,696.8826185918721,1.0,1,0,0,0.0
1249,1294,cross_plane,410.4115861280331,931.2654242052681,696.7853077338525,1.0,1,0,0,0.0
1250,1295,cross_plane,410.41726954532965,931.2706775727481,696.6579093079754,1.0,1,0,0,0.0
1251,1296,cross_plane,410.4652378105276,931.2803165023257,696.5050019333424,1.0,1,0,0,0.0
1252,1297,cross_plane,410.4179191428984,931.2716387106874,696.3329096484547,1.0,1,0,0,0.0
1253,1298,cross_plane,410.41124104779385,931.264851648932,696.1503316465515,1.0,1,0,0,0.0
1254,1299,cross_plane,410.4464965395481,931.279570361616,695.9693952717948,1.0,1,0,0,0.0
1255,1300,cross_plane,410.4269303916222,931.2758310546748,695.8070874248119,1.0,1,0,0,0.0
1256,1301,cross_plane,410.4090464783868,931.256835141943,695.6859472353561,1.0,1,0,0,0.0
1257,1302,cross_plane,410.4327764004483,931.2771573837648,695.6302774173801,1.0,1,0,0,0.0
1258,1303,cross_plane,410.4404779076773,931.278865799639,695.654362505788,1.0,1,0,0,0.0
1259,1304,cross_plane,410.4099620469483,931.2620581042212,695.7517380778639,1.0,1,0,0,0.0
1260,1305,cross_plane,410.4212484314083,931.2735286830894,695.9003854294673,1.0,1,0,0,0.0
1261,1306,cross_plane,410.45780887590047,931.2801755898287,696.0761574454713,1.0,1,0,0,0.0
1262,1307,cross_plane,410.41457970706654,931.2684476617953,696.259772241619,1.0,1,0,0,0.0
1263,1308,cross_plane,410.4135046172765,931.267935934005,696.4373151865169,1.0,1,0,0,0.0
1264,1309,cross_plane,410.4545225184349,931.2801147595393,696.5988554533926,1.0,1,0,0,0.0
1265,1310,cross_plane,410.4220360480531,931.2739062080005,696.737205475156,1.0,1,0,0,0.0
1266,1311,cross_plane,410.40975499776073,931.2614247197513,696.8471358033811,1.0,1,0,0,0.0
1267,1312,cross_plane,410.4392478154122,931.2786833089489,696.9249286380391,1.0,1,0,0,0.0
1268,1313,cross_plane,410.43386849625114,931.2774132492956,696.9681353594962,1.0,1,0,0,0.0
1269,1314,cross_plane,410.40911549495524,931.2583493610855,696.9754510458276,1.0,1,0,0,0.0
1270,1315,cross_plane,410.42600476180814,931.2755143593361,696.9466582999369,1.0,1,0,0,0.0
1271,1316,cross_plane,410.44786461904624,931.2796920221498,696.8826185918722,1.0,1,0,0,0.0
1272,1317,cross_plane,410.41158612803343,931.2654242052682,696.78530773385,1.0,1,0,0,0.0
1273,1318,cross_plane,410.41726954532965,931.2706775727486,696.6579093079754,1.0,1,0,0,0.0
1274,1319,cross_plane,410.4652378105276,931.280316502331,696.5050019333414,1.0,1,0,0,0.0
1275,1320,cross_plane,410.4179191429108,931.2716387106813,696.3329096484547,1.0,1,0,0,0.0
1276,1321,cross_plane,410.4112410477811,931.26485164893,696.1503316465514,1.0,1,0,0,0.0
1277,1322,cross_plane,410.44649653957293,931.2795703616163,695.9693952718026,1.0,1,0,0,0.0
1278,1323,cross_plane,410.42693039162197,931.2758310546744,695.8070874248119,1.0,1,0,0,0.0
1279,1324,cross_plane,410.4090464783743,931.2568351419426,695.685947235352,1.0,1,0,0,0.0
1280,1325,cross_plane,410.43277640044806,931.2771573837706,695.6302774173839,1.0,1,0,0,0.0
1281,1326,cross_plane,410.44047790767786,931.2788657996491,695.6543625057882,1.0,1,0,0,0.0
1282,1327,cross_plane,410.4099620469483,931.2620581042208,695.751738077864,1.0,1,0,0,0.0
1283,1328,cross_plane,410.4212484313712,931.2735286830834,695.9003854294596,1.0,1,0,0,0.0
1284,1329,cross_plane,410.4578088759126,931.2801755898281,696.0761574454752,1.0,1,0,0,0.0
1285,1330,cross_plane,410.4145797070917,931.2684476617949,696.2597722416268,1.0,1,0,0,0.0
1286,1331,cross_plane,410.4135046172765,931.267935934005,696.4373151865171,1.0,1,0,0,0.0
1287,1332,cross_plane,410.4545225184349,931.2801147595395,696.5988554533847,1.0,1,0,0,0.0
1288,1379,cross_plane,410.45056317441197,931.279895551389,696.8173880899463,1.0,1,0,0,0.0
1289,1334,cross_plane,410.4123182716848,931.2664944591858,696.9051338095791,1.0,1,0,0,0.0
1290,1335,cross_plane,410.4160896895616,931.2703274111726,696.9589038440625,1.0,1,0,0,0.0
1291,1336,cross_plane,410.46209172517337,931.2803092724805,696.9770586046753,1.0,1,0,0,0.0
1292,1337,cross_plane,410.4192366334618,931.2724509973638,696.9590572947577,1.0,1,0,0,0.0
1293,1338,cross_plane,410.4106465471361,931.2637207372147,696.9054361139224,1.0,1,0,0,0.0
1294,1339,cross_plane,410.4439355796623,931.2793061727211,696.8178298633818,1.0,1,0,0,0.0
1295,1340,cross_plane,410.42877847261377,931.2764094851856,696.6990453847164,1.0,1,0,0,0.0
1296,1341,cross_plane,410.4089826359991,931.2554462677738,696.5532152043779,1.0,1,0,0,0.0
1297,1342,cross_plane,410.4307459527131,931.276635222656,696.3860891066638,1.0,1,0,0,0.0
1298,1343,cross_plane,410.4429112253066,931.2791862582574,696.205564934591,1.0,1,0,0,0.0
1299,1344,cross_plane,410.41042886477425,931.2632452837914,696.0226022548252,1.0,1,0,0,0.0
1300,1345,cross_plane,410.41980326907697,931.2727726653352,695.852580344421,1.0,1,0,0,0.0
1301,1346,cross_plane,410.4589923477162,931.2802621895436,695.7164619017443,1.0,1,0,0,0.0
1302,1347,cross_plane,410.41498518998543,931.2694009892853,695.6389014155347,1.0,1,0,0,0.0
1303,1348,cross_plane,410.4126447932209,931.2669219483361,695.6387286541984,1.0,1,0,0,0.0
1304,1349,cross_plane,410.45169633029997,931.2799675001065,695.7159904535962,1.0,1,0,0,0.0
1305,1350,cross_plane,410.42361883977287,931.2746015668486,695.85191252848,1.0,1,0,0,0.0
1306,1351,cross_plane,410.40942582502646,931.2601768828164,696.0218386568648,1.0,1,0,0,0.0
1307,1352,cross_plane,410.4369521029895,931.2783021907876,696.2047825365566,1.0,1,0,0,0.0
1308,1353,cross_plane,410.43603655787405,931.2778747510521,696.3853428967236,1.0,1,0,0,0.0
1309,1354,cross_plane,410.40931698343087,931.2588701157545,696.5525445107563,1.0,1,0,0,0.0
1310,1355,cross_plane,410.42429430377933,931.2748752696685,696.6984787693049,1.0,1,0,0,0.0
1311,1356,cross_plane,410.4505631744013,931.2798955513898,696.8173880899399,1.0,1,0,0,0.0
1312,1357,cross_plane,410.4123182716908,931.2664944591857,696.9051338095813,1.0,1,0,0,0.0
1313,1358,cross_plane,410.416089689562,931.2703274111727,696.9589038440625,1.0,1,0,0,0.0
1314,1359,cross_plane,410.4620917251733,931.2803092724805,696.9770586046751,1.0,1,0,0,0.0
1315,1360,cross_plane,410.4192366334742,931.2724509973638,696.9590572947591,1.0,1,0,0,0.0
1316,1361,cross_plane,410.4106465471361,931.2637207372148,696.9054361139224,1.0,1,0,0,0.0
1317,1362,cross_plane,410.4439355796499,931.2793061727236,696.8178298633844,1.0,1,0,0,0.0
1318,1363,cross_plane,410.42877847261366,931.2764094851859,696.6990453847164,1.0,1,0,0,0.0
1319,1364,cross_plane,410.4089826359991,931.2554462677796,696.5532152043788,1.0,1,0,0,0.0
1320,1365,cross_plane,410.4307459527129,931.2766352226508,696.3860891066599,1.0,1,0,0,0.0
1321,1366,cross_plane,410.4429112252945,931.2791862582571,696.2055649345871,1.0,1,0,0,0.0
1322,1367,cross_plane,410.410428864762,931.2632452837754,696.0226022548176,1.0,1,0,0,0.0
1323,1368,cross_plane,410.41980326910186,931.272772665335,695.852580344429,1.0,1,0,0,0.0
1324,1369,cross_plane,410.4589923477224,931.2802621895486,695.7164619017481,1.0,1,0,0,0.0
1325,1370,cross_plane,410.4149851899797,931.2694009892799,695.6389014155307,1.0,1,0,0,0.0
1326,1371,cross_plane,410.4126447931965,931.2669219483362,695.6387286541984,1.0,1,0,0,0.0
1327,1372,cross_plane,410.45169633032464,931.2799675001116,695.7159904536002,1.0,1,0,0,0.0
1328,1373,cross_plane,410.4236188397731,931.274601566849,695.85191252848,1.0,1,0,0,0.0
1329,1374,cross_plane,410.4094258250144,931.2601768828195,696.0218386568688,1.0,1,0,0,0.0
1330,1375,cross_plane,410.43695210300183,931.2783021907823,696.2047825365489,1.0,1,0,0,0.0
1331,1376,cross_plane,410.43603655788604,931.2778747510574,696.3853428967274,1.0,1,0,0,0.0
1332,1377,cross_plane,410.4093169834308,931.2588701157596,696.5525445107601,1.0,1,0,0,0.0
1333,1378,cross_plane,410.4242943037796,931.2748752696682,696.6984787693011,1.0,1,0,0,0.0
1334,1425,cross_plane,410.4414651321995,931.2790020821843,696.882273234662,1.0,1,0,0,0.0
1335,1380,cross_plane,410.43071707929397,931.2769480142946,696.9464594982105,1.0,1,0,0,0.0
1336,1381,cross_plane,410.4089823753942,931.2562702369202,696.9754048030135,1.0,1,0,0,0.0
1337,1382,cross_plane,410.42880602895895,931.2760731601206,696.9682430466713,1.0,1,0,0,0.0
1338,1383,cross_plane,410.44543505625614,931.2794668152504,696.9251870478696,1.0,1,0,0,0.0
1339,1384,cross_plane,410.4109862243226,931.2643925630674,696.8475370209861,1.0,1,0,0,0.0
1340,1385,cross_plane,410.41844864029576,931.2719767465004,696.7377365153803,1.0,1,0,0,0.0
1341,1386,cross_plane,410.46204661982944,931.2803088875428,696.5994975245928,1.0,1,0,0,0.0
1342,1387,cross_plane,410.416073191721,931.2703144159632,696.438042305741,1.0,1,0,0,0.0
1343,1388,cross_plane,410.4123295920655,931.2658680620476,696.2605487272391,1.0,1,0,0,0.0
1344,1389,cross_plane,410.4506031043727,931.2797803389662,696.0769336459357,1.0,1,0,0,0.0
1345,1390,cross_plane,410.4252921617061,931.2752570244573,695.9010915767262,1.0,1,0,0,0.0
1346,1391,cross_plane,410.4091871948926,931.2588891458547,695.7522799371924,1.0,1,0,0,0.0
1347,1392,cross_plane,410.4347469090973,931.277881171065,695.6546336195142,1.0,1,0,0,0.0
1348,1393,cross_plane,410.4382951388148,931.2782963512938,695.6302075737992,1.0,1,0,0,0.0
1349,1394,cross_plane,410.4096090146019,931.2601584332157,695.6855558512854,1.0,1,0,0,0.0
1350,1395,cross_plane,410.4226743753855,931.274196278749,695.8064671176008,1.0,1,0,0,0.0
1351,1396,cross_plane,410.4533522364044,931.2800591789453,695.9686511763724,1.0,1,0,0,0.0
1352,1397,cross_plane,410.4131409554188,931.2675248125349,696.1495482378242,1.0,1,0,0,0.0
1353,1398,cross_plane,410.41500037055346,931.2694145649986,696.3321478540537,1.0,1,0,0,0.0
1354,1399,cross_plane,410.4590361363594,931.2802631550001,696.5043051682694,1.0,1,0,0,0.0
1355,1400,cross_plane,410.42064465807005,931.272761371342,696.6573089752608,1.0,1,0,0,0.0
1356,1401,cross_plane,410.4101425880595,931.2625499251811,696.7848267152001,1.0,1,0,0,0.0
1357,1402,cross_plane,410.44146513216435,931.2790020821797,696.8822732346538,1.0,1,0,0,0.0
1358,1403,cross_plane,410.4307170792878,931.2769480142946,696.9464594982094,1.0,1,0,0,0.0
1359,1404,cross_plane,410.4089823753942,931.2562702369202,696.9754048030135,1.0,1,0,0,0.0
1360,1405,cross_plane,410.4288060289713,931.2760731601206,696.9682430466728,1.0,1,0,0,0.0
1361,1406,cross_plane,410.44543505625614,931.2794668152451,696.9251870478708,1.0,1,0,0,0.0
1362,1407,cross_plane,410.4109862243104,931.2643925630728,696.8475370209807,1.0,1,0,0,0.0
1363,1408,cross_plane,410.41844864029576,931.2719767465005,696.737736515379,1.0,1,0,0,0.0
1364,1409,cross_plane,410.46204661982955,931.2803088875373,696.5994975245904,1.0,1,0,0,0.0
1365,1410,cross_plane,410.41607319172095,931.2703144159632,696.4380423057426,1.0,1,0,0,0.0
1366,1411,cross_plane,410.4123295920655,931.2658680620476,696.2605487272391,1.0,1,0,0,0.0
1367,1412,cross_plane,410.4506031043849,931.2797803389662,696.0769336459398,1.0,1,0,0,0.0
1368,1413,cross_plane,410.42529216170607,931.2752570244518,695.901091576722,1.0,1,0,0,0.0
1369,1414,cross_plane,410.4091871948803,931.2588891458547,695.7522799371927,1.0,1,0,0,0.0
1370,1415,cross_plane,410.4347469091096,931.2778811710649,695.6546336195142,1.0,1,0,0,0.0
1371,1416,cross_plane,410.4382951388148,931.2782963512939,695.6302075737995,1.0,1,0,0,0.0
1372,1417,cross_plane,410.40960901461415,931.2601584332102,695.6855558512855,1.0,1,0,0,0.0
1373,1418,cross_plane,410.42267437541,931.274196278749,695.8064671176008,1.0,1,0,0,0.0
1374,1419,cross_plane,410.4533522363921,931.2800591789506,695.9686511763649,1.0,1,0,0,0.0
1375,1420,cross_plane,410.41314095543106,931.2675248125295,696.1495482378242,1.0,1,0,0,0.0
1376,1421,cross_plane,410.41500037055346,931.269414565001,696.3321478540576,1.0,1,0,0,0.0
1377,1422,cross_plane,410.4590361363594,931.2802631550002,696.5043051682653,1.0,1,0,0,0.0
1378,1423,cross_plane,410.42064465807005,931.272761371342,696.6573089752608,1.0,1,0,0,0.0
1379,1424,cross_plane,410.4101425880105,931.2625499251703,696.7848267151925,1.0,1,0,0,0.0
1380,1471,cross_plane,410.41718454627824,931.2711409266836,696.9308359076241,1.0,1,0,0,0.0
1381,1426,cross_plane,410.4650160443241,931.2803163471095,696.9704940392182,1.0,1,0,0,0.0
1382,1427,cross_plane,410.41725173026805,931.2711879417997,696.97419093507,1.0,1,0,0,0.0
1383,1428,cross_plane,410.41159613112717,931.2647742753077,696.9418167740894,1.0,1,0,0,0.0
1384,1429,cross_plane,410.4479032322117,931.2795532762038,696.8743420767039,1.0,1,0,0,0.0
1385,1430,cross_plane,410.4270560123834,931.2758725808085,696.7738580481008,1.0,1,0,0,0.0
1386,1431,cross_plane,410.40903910761097,931.2575615090097,696.643677333983,1.0,1,0,0,0.0
1387,1432,cross_plane,410.43263223569477,931.2774202498666,696.4885338007309,1.0,1,0,0,0.0
1388,1433,cross_plane,410.43921376559746,931.2786780500168,696.3149547786659,1.0,1,0,0,0.0
1389,1434,cross_plane,410.4097495594792,931.2614068506899,696.1319268895691,1.0,1,0,0,0.0
1390,1435,cross_plane,410.42205842753094,931.273477386645,695.9519963174188,1.0,1,0,0,0.0
1391,1436,cross_plane,410.4562318026373,931.2801829048391,695.792707930873,1.0,1,0,0,0.0
1392,1437,cross_plane,410.41405417852917,931.2685152652774,695.6770693900768,1.0,1,0,0,0.0
1393,1438,cross_plane,410.41400158933817,931.2684618180638,695.6290278512674,1.0,1,0,0,0.0
1394,1439,cross_plane,410.4560710468377,931.2801771358544,695.6610892063776,1.0,1,0,0,0.0
1395,1440,cross_plane,410.4221432154988,931.2735179696358,695.7647152270097,1.0,1,0,0,0.0
1396,1441,cross_plane,410.4097291709265,931.261339212943,695.9171064035825,1.0,1,0,0,0.0
1397,1442,cross_plane,410.43908519935616,931.2786580900739,696.0944337160346,1.0,1,0,0,0.0
1398,1443,cross_plane,410.4327462100058,931.2774466420202,696.2779900218231,1.0,1,0,0,0.0
1399,1444,cross_plane,410.4090449004445,931.2576355787122,696.4543261649205,1.0,1,0,0,0.0
1400,1445,cross_plane,410.4269566308768,931.2758397564642,696.6138337509357,1.0,1,0,0,0.0
1401,1446,cross_plane,410.4480493983505,931.27956680392,696.7495495405371,1.0,1,0,0,0.0
1402,1447,cross_plane,410.41163412513765,931.2648354810557,696.8564110689352,1.0,1,0,0,0.0
1403,1448,cross_plane,410.4171845462677,931.2711409266847,696.9308359076224,1.0,1,0,0,0.0
1404,1449,cross_plane,410.4650160443363,931.2803163471069,696.9704940392182,1.0,1,0,0,0.0
1405,1450,cross_plane,410.4172517302682,931.2711879417994,696.9741909350688,1.0,1,0,0,0.0
1406,1451,cross_plane,410.41159613112694,931.2647742753078,696.9418167740881,1.0,1,0,0,0.0
1407,1452,cross_plane,410.44790323222395,931.2795532762041,696.8743420767082,1.0,1,0,0,0.0
1408,1453,cross_plane,410.4270560123835,931.275872580814,696.7738580480994,1.0,1,0,0,0.0
1409,1454,cross_plane,410.4090391076232,931.2575615090099,696.643677333983,1.0,1,0,0,0.0
1410,1455,cross_plane,410.4326322356701,931.2774202498641,696.4885338007281,1.0,1,0,0,0.0
1411,1456,cross_plane,410.4392137655974,931.2786780500169,696.3149547786659,1.0,1,0,0,0.0
1412,1457,cross_plane,410.4097495594732,931.2614068506899,696.1319268895649,1.0,1,0,0,0.0
1413,1458,cross_plane,410.4220584275186,931.2734773866503,695.9519963174188,1.0,1,0,0,0.0
1414,1459,cross_plane,410.4562318026251,931.2801829048337,695.7927079308728,1.0,1,0,0,0.0
1415,1460,cross_plane,410.4140541785413,931.2685152652882,695.6770693900844,1.0,1,0,0,0.0
1416,1461,cross_plane,410.41400158935045,931.2684618180607,695.6290278512674,1.0,1,0,0,0.0
1417,1462,cross_plane,410.4560710468252,931.2801771358543,695.6610892063737,1.0,1,0,0,0.0
1418,1463,cross_plane,410.422143215511,931.2735179696359,695.7647152270137,1.0,1,0,0,0.0
1419,1464,cross_plane,410.4097291709756,931.2613392129431,695.9171064035822,1.0,1,0,0,0.0
1420,1465,cross_plane,410.439085199356,931.2786580900738,696.0944337160346,1.0,1,0,0,0.0
1421,1466,cross_plane,410.43274620999335,931.2774466420041,696.2779900218152,1.0,1,0,0,0.0
1422,1467,cross_plane,410.4090449004505,931.2576355787174,696.4543261649245,1.0,1,0,0,0.0
1423,1468,cross_plane,410.42695663090126,931.2758397564696,696.6138337509434,1.0,1,0,0,0.0
1424,1469,cross_plane,410.4480493983506,931.27956680392,696.7495495405371,1.0,1,0,0,0.0
1425,1470,cross_plane,410.41163412513777,931.2648354810443,696.8564110689271,1.0,1,0,0,0.0
1426,1517,cross_plane,410.4089815632654,931.2561939723665,696.9623393999518,1.0,1,0,0,0.0
1427,1472,cross_plane,410.43060808463633,931.2769194271892,696.9768850924667,1.0,1,0,0,0.0
1428,1473,cross_plane,410.4415986776485,931.2790198471629,696.9552798540185,1.0,1,0,0,0.0
1429,1474,cross_plane,410.410167957243,931.2626153680294,696.8981680395498,1.0,1,0,0,0.0
1430,1475,cross_plane,410.42056485023323,931.2727185934075,696.8072973254414,1.0,1,0,0,0.0
1431,1476,cross_plane,410.459201870558,931.2802667290126,696.6855985036508,1.0,1,0,0,0.0
1432,1477,cross_plane,410.41505794022777,931.2694658172977,696.5373497201855,1.0,1,0,0,0.0
1433,1478,cross_plane,410.4130933467214,931.2674691704035,696.3684865757366,1.0,1,0,0,0.0
1434,1479,cross_plane,410.45319645913094,931.2800512149839,696.1871643639086,1.0,1,0,0,0.0
1435,1480,cross_plane,410.4227611337879,931.2742346667924,696.0047174552154,1.0,1,0,0,0.0
1436,1481,cross_plane,410.4095905967561,931.2600886005927,695.8370485436642,1.0,1,0,0,0.0
1437,1482,cross_plane,410.4381685426973,931.2782741963916,695.7056675567472,1.0,1,0,0,0.0
1438,1483,cross_plane,410.4348658629191,931.2779053682553,695.6352216683842,1.0,1,0,0,0.0
1439,1484,cross_plane,410.4091979684521,931.2589610206759,695.6431662321783,1.0,1,0,0,0.0
1440,1485,cross_plane,410.4251977601016,931.2752220051658,695.7273497969263,1.0,1,0,0,0.0
1441,1486,cross_plane,410.45075424932224,931.2797916717179,695.86776558777,1.0,1,0,0,0.0
1442,1487,cross_plane,410.41237256665835,931.2659270728864,696.0398430590682,1.0,1,0,0,0.0
1443,1488,cross_plane,410.4160109880669,931.2702652059149,696.2231565436881,1.0,1,0,0,0.0
1444,1489,cross_plane,410.46187625367156,931.2803073558231,696.402814968972,1.0,1,0,0,0.0
1445,1490,cross_plane,410.4185208046086,931.2720215666891,696.5682045749411,1.0,1,0,0,0.0
1446,1491,cross_plane,410.4109532109272,931.2643304888927,696.7116655452452,1.0,1,0,0,0.0
1447,1492,cross_plane,410.4452938690309,931.2794524190645,696.8276211466114,1.0,1,0,0,0.0
1448,1493,cross_plane,410.42891039028046,931.2761051160012,696.9120756191663,1.0,1,0,0,0.0
1449,1494,cross_plane,410.40898156326745,931.2561939723596,696.9623393999451,1.0,1,0,0,0.0
1450,1495,cross_plane,410.43060808464827,931.2769194271865,696.9768850924678,1.0,1,0,0,0.0
1451,1496,cross_plane,410.4415986776547,931.2790198471629,696.9552798540201,1.0,1,0,0,0.0
1452,1497,cross_plane,410.41016795724323,931.2626153680295,696.8981680395534,1.0,1,0,0,0.0
1453,1498,cross_plane,410.42056485023323,931.2727185934125,696.8072973254441,1.0,1,0,0,0.0
1454,1499,cross_plane,410.4592018705458,931.2802667290127,696.6855985036497,1.0,1,0,0,0.0
1455,1500,cross_plane,410.4150579402282,931.2694658173034,696.537349720187,1.0,1,0,0,0.0
1456,1501,cross_plane,410.4130933467091,931.2674691704033,696.368486575738,1.0,1,0,0,0.0
1457,1502,cross_plane,410.4531964591432,931.2800512149898,696.1871643639124,1.0,1,0,0,0.0
1458,1503,cross_plane,410.42276113378176,931.2742346667869,696.0047174552118,1.0,1,0,0,0.0
1459,1504,cross_plane,410.4095905967564,931.2600886005874,695.8370485436603,1.0,1,0,0,0.0
1460,1505,cross_plane,410.4381685426973,931.2782741963812,695.7056675567395,1.0,1,0,0,0.0
1461,1506,cross_plane,410.434865862931,931.2779053682608,695.6352216683879,1.0,1,0,0,0.0
1462,1507,cross_plane,410.4091979684521,931.2589610206871,695.6431662321821,1.0,1,0,0,0.0
1463,1508,cross_plane,410.425197760064,931.2752220051627,695.7273497969225,1.0,1,0,0,0.0
1464,1509,cross_plane,410.45075424932196,931.2797916717182,695.8677655877702,1.0,1,0,0,0.0
1465,1510,cross_plane,410.4123725666583,931.2659270728868,696.0398430590683,1.0,1,0,0,0.0
1466,1511,cross_plane,410.4160109880915,931.27026520592,696.2231565436917,1.0,1,0,0,0.0
1467,1512,cross_plane,410.4618762536716,931.2803073558227,696.4028149689718,1.0,1,0,0,0.0
1468,1513,cross_plane,410.41852080459574,931.2720215666836,696.5682045749336,1.0,1,0,0,0.0
1469,1514,cross_plane,410.4109532109388,931.2643304888933,696.7116655452452,1.0,1,0,0,0.0
1470,1515,cross_plane,410.44529386901837,931.279452419064,696.8276211466111,1.0,1,0,0,0.0
1471,1516,cross_plane,410.4289103902681,931.2761051160012,696.9120756191583,1.0,1,0,0,0.0
1472,1563,cross_plane,410.4161522396316,931.2698308976908,696.9763183506363,1.0,1,0,0,0.0
1473,1518,cross_plane,410.4122756435286,931.2664366221429,696.9655398569397,1.0,1,0,0,0.0
1474,1519,cross_plane,410.4504123757969,931.2798853924651,696.9189476976279,1.0,1,0,0,0.0
1475,1520,cross_plane,410.4243860422016,931.2749114627703,696.8379530006462,1.0,1,0,0,0.0
1476,1521,cross_plane,410.4093035462757,931.2587980882546,696.7251190811282,1.0,1,0,0,0.0
1477,1522,cross_plane,410.43591494112917,931.2778504011823,696.584295555513,1.0,1,0,0,0.0
1478,1523,cross_plane,410.43707603624176,931.2783241930094,696.4208758244112,1.0,1,0,0,0.0
1479,1524,cross_plane,410.40944157929084,931.2602465627695,696.2422694688569,1.0,1,0,0,0.0
1480,1525,cross_plane,410.42352941816404,931.274564352617,696.0587277605613,1.0,1,0,0,0.0
1481,1526,cross_plane,410.4518494451097,931.2799766378873,695.8846253045463,1.0,1,0,0,0.0
1482,1527,cross_plane,410.4126897384048,931.2669787642507,695.7397937641308,1.0,1,0,0,0.0
1483,1528,cross_plane,410.41557165349053,931.2693495843121,695.6486215215025,1.0,1,0,0,0.0
1484,1529,cross_plane,410.4588269598157,931.2802584628506,695.6322396159908,1.0,1,0,0,0.0
1485,1530,cross_plane,410.4198804136256,931.2728152905925,695.6950687420632,1.0,1,0,0,0.0
1486,1531,cross_plane,410.410400832022,931.2631810147179,695.821238804549,1.0,1,0,0,0.0
1487,1532,cross_plane,410.4427750171056,931.2791696671029,695.9862240862219,1.0,1,0,0,0.0
1488,1533,cross_plane,410.4308552937569,931.2766649835821,696.167965133507,1.0,1,0,0,0.0
1489,1534,cross_plane,410.40898379456655,931.2555237061048,696.3499998781205,1.0,1,0,0,0.0
1490,1535,cross_plane,410.4286744576975,931.276378703121,696.5205879322102,1.0,1,0,0,0.0
1491,1536,cross_plane,410.44407410420445,931.2793217427286,696.6712954708821,1.0,1,0,0,0.0
1492,1537,cross_plane,410.41067689698906,931.2637839851751,696.7959873181953,1.0,1,0,0,0.0
1493,1538,cross_plane,410.4191618058259,931.2724073509835,696.8902303008394,1.0,1,0,0,0.0
1494,1539,cross_plane,410.4622624376004,931.2802888780037,696.9509627045414,1.0,1,0,0,0.0
1495,1540,cross_plane,410.4161522396202,931.2698308976808,696.9763183506295,1.0,1,0,0,0.0
1496,1541,cross_plane,410.41227564352835,931.2664366221384,696.965539856937,1.0,1,0,0,0.0
1497,1542,cross_plane,410.4504123758087,931.2798853924629,696.9189476976239,1.0,1,0,0,0.0
1498,1543,cross_plane,410.424386042201,931.2749114627703,696.8379530006462,1.0,1,0,0,0.0
1499,1544,cross_plane,410.40930354630126,931.2587980882533,696.7251190811309,1.0,1,0,0,0.0
1500,1545,cross_plane,410.4359149411168,931.2778504011826,696.5842955555089,1.0,1,0,0,0.0
1501,1546,cross_plane,410.43707603624176,931.2783241930211,696.4208758244082,1.0,1,0,0,0.0
1502,1547,cross_plane,410.40944157928453,931.2602465627524,696.242269468853,1.0,1,0,0,0.0
1503,1548,cross_plane,410.42352941817643,931.2745643526174,696.0587277605613,1.0,1,0,0,0.0
1504,1549,cross_plane,410.4518494451093,931.2799766378873,695.8846253045461,1.0,1,0,0,0.0
1505,1550,cross_plane,410.41268973841113,931.2669787642562,695.739793764135,1.0,1,0,0,0.0
1506,1551,cross_plane,410.415571653503,931.2693495843068,695.6486215215025,1.0,1,0,0,0.0
1507,1552,cross_plane,410.4588269598153,931.2802584628506,695.6322396159909,1.0,1,0,0,0.0
1508,1553,cross_plane,410.41988041362583,931.2728152905994,695.6950687420629,1.0,1,0,0,0.0
1509,1554,cross_plane,410.4104008320106,931.2631810147207,695.8212388045528,1.0,1,0,0,0.0
1510,1555,cross_plane,410.44277501710644,931.2791696671026,695.986224086222,1.0,1,0,0,0.0
1511,1556,cross_plane,410.4308552937573,931.276664983576,696.167965133503,1.0,1,0,0,0.0
1512,1557,cross_plane,410.4089837945668,931.2555237061003,696.3499998781166,1.0,1,0,0,0.0
1513,1558,cross_plane,410.4286744576729,931.276378703121,696.5205879322102,1.0,1,0,0,0.0
1514,1559,cross_plane,410.44407410421707,931.2793217427281,696.6712954708897,1.0,1,0,0,0.0
1515,1560,cross_plane,410.4106768969889,931.2637839851747,696.7959873181953,1.0,1,0,0,0.0
1516,1561,cross_plane,410.41916180582575,931.2724073509871,696.8902303008435,1.0,1,0,0,0.0
1517,1562,cross_plane,410.4622624375884,931.2802888779988,696.9509627045338,1.0,1,0,0,0.0
1518,1609,cross_plane,410.4393767279979,931.2787031162177,696.972569227071,1.0,1,0,0,0.0
1519,1564,cross_plane,410.4097757327333,931.2614922048215,696.9366233245458,1.0,1,0,0,0.0
1520,1565,cross_plane,410.42195160649464,931.27386679882,696.8657344707817,1.0,1,0,0,0.0
1521,1566,cross_plane,410.4546806118443,931.2801217023499,696.762110240983,1.0,1,0,0,0.0
1522,1567,cross_plane,410.4135545430253,931.2679905550175,696.6291942835438,1.0,1,0,0,0.0
1523,1568,cross_plane,410.4145244544242,931.2683940619017,696.4718793340372,1.0,1,0,0,0.0
1524,1569,cross_plane,410.4576454577441,931.2801696681639,696.2969025376644,1.0,1,0,0,0.0
1525,1570,cross_plane,410.42133055610157,931.2735691133978,696.1135489315249,1.0,1,0,0,0.0
1526,1571,cross_plane,410.4099389948778,931.2619916402624,695.9347987710831,1.0,1,0,0,0.0
1527,1572,cross_plane,410.440346678658,931.2788470135233,695.7787629912225,1.0,1,0,0,0.0
1528,1573,cross_plane,410.43164981208963,931.277184949735,695.6688770211475,1.0,1,0,0,0.0
1529,1574,cross_plane,410.40900020021525,931.2569103854028,695.6285992331086,1.0,1,0,0,0.0
1530,1575,cross_plane,410.4268313565028,931.2757980776522,695.6685439981125,1.0,1,0,0,0.0
1531,1576,cross_plane,410.4466400430821,931.2795837366649,695.7781797097747,1.0,1,0,0,0.0
1532,1577,cross_plane,410.411276378278,931.2649127019969,695.9340718554859,1.0,1,0,0,0.0
1533,1578,cross_plane,410.4178492955286,931.2715928693679,696.1127678333636,1.0,1,0,0,0.0
1534,1579,cross_plane,410.4654135010469,931.2803170128991,696.2961324790265,1.0,1,0,0,0.0
1535,1580,cross_plane,410.4173370757563,931.2707257616655,696.4711667286256,1.0,1,0,0,0.0
1536,1581,cross_plane,410.41154848049183,931.2653641733255,696.6285725972471,1.0,1,0,0,0.0
1537,1582,cross_plane,410.44771879922496,931.2796796682591,696.7616038625019,1.0,1,0,0,0.0
1538,1583,cross_plane,410.42610148015257,931.2755483574849,696.8653609458124,1.0,1,0,0,0.0
1539,1584,cross_plane,410.40910703851586,931.258276465159,696.9363945801715,1.0,1,0,0,0.0
1540,1585,cross_plane,410.43375185899987,931.2776717045666,696.9724922164738,1.0,1,0,0,0.0
1541,1586,cross_plane,410.43937672799956,931.2787031162134,696.9725692270694,1.0,1,0,0,0.0
1542,1587,cross_plane,410.4097757327274,931.2614922048267,696.9366233245457,1.0,1,0,0,0.0
1543,1588,cross_plane,410.4219516065191,931.27386679882,696.8657344707805,1.0,1,0,0,0.0
1544,1589,cross_plane,410.4546806118382,931.2801217023494,696.7621102409817,1.0,1,0,0,0.0
1545,1590,cross_plane,410.4135545430258,931.2679905550227,696.6291942835479,1.0,1,0,0,0.0
1546,1591,cross_plane,410.4145244544233,931.2683940619029,696.4718793340361,1.0,1,0,0,0.0
1547,1592,cross_plane,410.4576454577445,931.2801696681635,696.2969025376643,1.0,1,0,0,0.0
1548,1593,cross_plane,410.42133055610094,931.2735691133871,696.113548931525,1.0,1,0,0,0.0
1549,1594,cross_plane,410.40993899486585,931.2619916402643,695.9347987710833,1.0,1,0,0,0.0
1550,1595,cross_plane,410.4403466786704,931.2788470135181,695.7787629912184,1.0,1,0,0,0.0
1551,1596,cross_plane,410.43164981209026,931.2771849497344,695.6688770211474,1.0,1,0,0,0.0
1552,1597,cross_plane,410.409000200215,931.2569103854034,695.6285992331085,1.0,1,0,0,0.0
1553,1598,cross_plane,410.4268313565032,931.2757980776582,695.6685439981201,1.0,1,0,0,0.0
1554,1599,cross_plane,410.4466400430826,931.279583736669,695.7781797097708,1.0,1,0,0,0.0
1555,1600,cross_plane,410.41127637827844,931.264912701992,695.9340718554859,1.0,1,0,0,0.0
1556,1601,cross_plane,410.417849295529,931.2715928693708,696.1127678333676,1.0,1,0,0,0.0
1557,1602,cross_plane,410.4654135010466,931.2803170128991,696.2961324790265,1.0,1,0,0,0.0
1558,1603,cross_plane,410.41733707575577,931.2707257616662,696.4711667286258,1.0,1,0,0,0.0
1559,1604,cross_plane,410.4115484804426,931.2653641733195,696.6285725972396,1.0,1,0,0,0.0
1560,1605,cross_plane,410.4477187992499,931.2796796682594,696.7616038625059,1.0,1,0,0,0.0
1561,1606,cross_plane,410.42610148017695,931.275548357496,696.86536094582,1.0,1,0,0,0.0
1562,1607,cross_plane,410.40910703851625,931.258276465159,696.9363945801715,1.0,1,0,0,0.0
1563,1608,cross_plane,410.4337518589873,931.2776717045626,696.9724922164659,1.0,1,0,0,0.0
1564,1655,cross_plane,410.45472247122666,931.2800409718147,696.9511464428451,1.0,1,0,0,0.0
1565,1610,cross_plane,410.42287123082696,931.2742830351015,696.8905614088787,1.0,1,0,0,0.0
1566,1611,cross_plane,410.40956769992675,931.2607623656727,696.7964554100707,1.0,1,0,0,0.0
1567,1612,cross_plane,410.4380088558024,931.2784844583811,696.6718847822775,1.0,1,0,0,0.0
1568,1613,cross_plane,410.433721055837,931.2776650144816,696.5212763052804,1.0,1,0,0,0.0
1569,1614,cross_plane,410.4091048477353,931.2582571650022,696.3507568888231,1.0,1,0,0,0.0
1570,1615,cross_plane,410.42612710666486,931.2751775508946,696.1687487817308,1.0,1,0,0,0.0
1571,1616,cross_plane,410.44929649207563,931.2798058289757,695.9869754918525,1.0,1,0,0,0.0
1572,1617,cross_plane,410.4119664005732,931.2660015184268,695.8218760024323,1.0,1,0,0,0.0
1573,1618,cross_plane,410.41662732052106,931.2707384868041,695.6954878485435,1.0,1,0,0,0.0
1574,1619,cross_plane,410.4635440917872,931.2803171277643,695.6323441149489,1.0,1,0,0,0.0
1575,1620,cross_plane,410.4186124476395,931.2715807247783,695.6483825361058,1.0,1,0,0,0.0
1576,1621,cross_plane,410.4109118581928,931.2642518240818,695.7392742756589,1.0,1,0,0,0.0
1577,1622,cross_plane,410.4451157318257,931.2794340424232,695.8839309522505,1.0,1,0,0,0.0
1578,1623,cross_plane,410.42790744617554,931.276145350926,696.0579550361457,1.0,1,0,0,0.0
1579,1624,cross_plane,410.40900107369,931.256930266107,696.2414904983784,1.0,1,0,0,0.0
1580,1625,cross_plane,410.4316792982405,931.277192220385,696.4201419727643,1.0,1,0,0,0.0
1581,1626,cross_plane,410.4417679362222,931.2788420246641,696.5836436746312,1.0,1,0,0,0.0
1582,1627,cross_plane,410.4102004285317,931.2619740412634,696.7245759871623,1.0,1,0,0,0.0
1583,1628,cross_plane,410.4204643265259,931.2731293438968,696.8375381279944,1.0,1,0,0,0.0
1584,1629,cross_plane,410.45760228165983,931.2802268651594,696.9186745709754,1.0,1,0,0,0.0
1585,1630,cross_plane,410.41450988666617,931.268962445147,696.9654168771542,1.0,1,0,0,0.0
1586,1631,cross_plane,410.4135677935152,931.267398638832,696.9763491867685,1.0,1,0,0,0.0
1587,1632,cross_plane,410.4547224712035,931.2800409718164,696.9511464428385,1.0,1,0,0,0.0
1588,1633,cross_plane,410.42287123082116,931.2742830351075,696.89056140888,1.0,1,0,0,0.0
1589,1634,cross_plane,410.40956769993903,931.2607623656739,696.7964554100721,1.0,1,0,0,0.0
1590,1635,cross_plane,410.43800885578963,931.2784844583783,696.6718847822813,1.0,1,0,0,0.0
1591,1636,cross_plane,410.433721055837,931.2776650144868,696.5212763052829,1.0,1,0,0,0.0
1592,1637,cross_plane,410.4091048477292,931.2582571650028,696.3507568888217,1.0,1,0,0,0.0
1593,1638,cross_plane,410.42612710666486,931.2751775508939,696.1687487817306,1.0,1,0,0,0.0
1594,1639,cross_plane,410.4492964920634,931.279805828971,695.9869754918525,1.0,1,0,0,0.0
1595,1640,cross_plane,410.41196640057933,931.2660015184274,695.8218760024363,1.0,1,0,0,0.0
1596,1641,cross_plane,410.4166273205333,931.2707384868041,695.6954878485398,1.0,1,0,0,0.0
1597,1642,cross_plane,410.4635440917505,931.2803171277583,695.6323441149448,1.0,1,0,0,0.0
1598,1643,cross_plane,410.4186124476153,931.2715807247789,695.6483825360982,1.0,1,0,0,0.0
1599,1644,cross_plane,410.4109118581928,931.2642518240873,695.7392742756628,1.0,1,0,0,0.0
1600,1645,cross_plane,410.4451157318511,931.2794340424279,695.8839309522543,1.0,1,0,0,0.0
1601,1646,cross_plane,410.427907446163,931.2761453509095,696.057955036142,1.0,1,0,0,0.0
1602,1647,cross_plane,410.4090010736774,931.2569302661058,696.2414904983783,1.0,1,0,0,0.0
1603,1648,cross_plane,410.43167929825273,931.277192220385,696.4201419727642,1.0,1,0,0,0.0
1604,1649,cross_plane,410.4417679362341,931.2788420246641,696.5836436746349,1.0,1,0,0,0.0
1605,1650,cross_plane,410.41020042851983,931.2619740412699,696.7245759871623,1.0,1,0,0,0.0
1606,1651,cross_plane,410.42046432652626,931.2731293438908,696.8375381279868,1.0,1,0,0,0.0
1607,1652,cross_plane,410.4576022816595,931.2802268651647,696.9186745709754,1.0,1,0,0,0.0
1608,1653,cross_plane,410.4145098866658,931.2689624451417,696.9654168771542,1.0,1,0,0,0.0
1609,1654,cross_plane,410.4135677935149,931.2673986388214,696.9763491867604,1.0,1,0,0,0.0
1610,1701,cross_plane,410.42441035159425,931.2745171228318,696.9123633789527,1.0,1,0,0,0.0
1611,1656,cross_plane,410.45204344880216,931.2799880196005,696.8280495396862,1.0,1,0,0,0.0
1612,1657,cross_plane,410.41274696326485,931.2670504343463,696.7122204997726,1.0,1,0,0,0.0
1613,1658,cross_plane,410.4154958818028,931.2698442033279,696.5688659994477,1.0,1,0,0,0.0
1614,1659,cross_plane,410.46044640177365,931.2802895733811,696.4035551881833,1.0,1,0,0,0.0
1615,1660,cross_plane,410.41914206074074,931.2723957869077,696.2239374908612,1.0,1,0,0,0.0
1616,1661,cross_plane,410.4106849699337,931.2630995744694,696.0406115908405,1.0,1,0,0,0.0
1617,1662,cross_plane,410.4441107878639,931.2791485149368,695.868447170964,1.0,1,0,0,0.0
1618,1663,cross_plane,410.42980393863667,931.2767024429877,695.7278458117556,1.0,1,0,0,0.0
1619,1664,cross_plane,410.40898414681305,931.2556214529457,695.6433724057661,1.0,1,0,0,0.0
1620,1665,cross_plane,410.42969726063444,931.2766728347358,695.6350828302667,1.0,1,0,0,0.0
1621,1666,cross_plane,410.44424965876516,931.279165258776,695.7052217522819,1.0,1,0,0,0.0
1622,1667,cross_plane,410.41071566622134,931.2631639962195,695.8363955158317,1.0,1,0,0,0.0
1623,1668,cross_plane,410.4190675795175,931.2723519878539,696.0039595574323,1.0,1,0,0,0.0
1624,1669,cross_plane,410.46061445195915,931.2802921262476,696.1863810591768,1.0,1,0,0,0.0
1625,1670,cross_plane,410.4155557684737,931.2698944344972,696.3677347643263,1.0,1,0,0,0.0
1626,1671,cross_plane,410.41270167162173,931.2669937710932,696.5366700407002,1.0,1,0,0,0.0
1627,1672,cross_plane,410.4518899876825,931.2799790345007,696.6850204336832,1.0,1,0,0,0.0
1628,1673,cross_plane,410.4245024364079,931.2745544897537,696.8068423172081,1.0,1,0,0,0.0
1629,1674,cross_plane,410.4092869474523,931.2594931910016,696.8978512841362,1.0,1,0,0,0.0
1630,1675,cross_plane,410.43576155055285,931.2780820016668,696.9551112342775,1.0,1,0,0,0.0
1631,1676,cross_plane,410.4358828209397,931.2781051777156,696.9768696721212,1.0,1,0,0,0.0
1632,1677,cross_plane,410.40930003815487,931.2595640447258,696.9624776357867,1.0,1,0,0,0.0
1633,1678,cross_plane,410.424410351584,931.2745171228327,696.91236337895,1.0,1,0,0,0.0
1634,1679,cross_plane,410.4520434488078,931.2799880196005,696.8280495396848,1.0,1,0,0,0.0
1635,1680,cross_plane,410.4127469632584,931.2670504343515,696.7122204997671,1.0,1,0,0,0.0
1636,1681,cross_plane,410.4154958818035,931.2698442033246,696.5688659994478,1.0,1,0,0,0.0
1637,1682,cross_plane,410.4604464017615,931.2802895733806,696.4035551881849,1.0,1,0,0,0.0
1638,1683,cross_plane,410.4191420607401,931.2723957869074,696.2239374908614,1.0,1,0,0,0.0
1639,1684,cross_plane,410.4106849699336,931.2630995744693,696.0406115908405,1.0,1,0,0,0.0
1640,1685,cross_plane,410.4441107878634,931.2791485149309,695.86844717096,1.0,1,0,0,0.0
1641,1686,cross_plane,410.42980393863695,931.2767024429825,695.7278458117556,1.0,1,0,0,0.0
1642,1687,cross_plane,410.4089841468256,931.2556214529526,695.6433724057658,1.0,1,0,0,0.0
1643,1688,cross_plane,410.42969726062245,931.2766728347401,695.6350828302707,1.0,1,0,0,0.0
1644,1689,cross_plane,410.44424965875294,931.2791652587705,695.7052217522818,1.0,1,0,0,0.0
1645,1690,cross_plane,410.4107156662344,931.2631639962199,695.836395515836,1.0,1,0,0,0.0
1646,1691,cross_plane,410.4190675795421,931.2723519878535,696.0039595574324,1.0,1,0,0,0.0
1647,1692,cross_plane,410.4606144519585,931.2802921262526,696.1863810591768,1.0,1,0,0,0.0
1648,1693,cross_plane,410.41555576847395,931.269894434497,696.3677347643303,1.0,1,0,0,0.0
1649,1694,cross_plane,410.4127016716343,931.26699377109,696.5366700406961,1.0,1,0,0,0.0
1650,1695,cross_plane,410.4518899876825,931.279979034498,696.6850204336796,1.0,1,0,0,0.0
1651,1696,cross_plane,410.42450243640747,931.2745544897537,696.8068423172082,1.0,1,0,0,0.0
1652,1697,cross_plane,410.4092869474526,931.259493191001,696.8978512841402,1.0,1,0,0,0.0
1653,1698,cross_plane,410.43576155057787,931.2780820016724,696.9551112342856,1.0,1,0,0,0.0
1654,1699,cross_plane,410.4358828209457,931.2781051777163,696.9768696721254,1.0,1,0,0,0.0
1655,1700,cross_plane,410.40930003814304,931.2595640447208,696.9624776357791,1.0,1,0,0,0.0
1656,1747,cross_plane,410.4101747128731,931.2619074246301,696.8567985022091,1.0,1,0,0,0.0
1657,1702,cross_plane,410.4416340444254,931.2788230858653,696.750068340192,1.0,1,0,0,0.0
1658,1703,cross_plane,410.4317909559169,931.2772196336704,696.6144657546208,1.0,1,0,0,0.0
1659,1704,cross_plane,410.4090045493816,931.2570053568945,696.4550461983512,1.0,1,0,0,0.0
1660,1705,cross_plane,410.42780574794625,931.2761135477219,696.278763531376,1.0,1,0,0,0.0
1661,1706,cross_plane,410.4452565727196,931.2794485912835,696.0952126999763,1.0,1,0,0,0.0
1662,1707,cross_plane,410.4109445251487,931.2643140509373,695.9178233967018,1.0,1,0,0,0.0
1663,1708,cross_plane,410.41853993689466,931.2715347307867,695.765278350288,1.0,1,0,0,0.0
1664,1709,cross_plane,410.4637171201329,931.2803174856533,695.661391688836,1.0,1,0,0,0.0
1665,1710,cross_plane,410.41669218755703,931.2707865230566,695.6289928759437,1.0,1,0,0,0.0
1666,1711,cross_plane,410.41192608948296,931.2659426602692,695.676706715523,1.0,1,0,0,0.0
1667,1712,cross_plane,410.4491480096756,931.2797946489038,695.7921055913722,1.0,1,0,0,0.0
1668,1713,cross_plane,410.42622417142957,931.2752127228558,695.9512603765119,1.0,1,0,0,0.0
1669,1714,cross_plane,410.40909673773047,931.2581841163983,696.1311443237778,1.0,1,0,0,0.0
1670,1715,cross_plane,410.43360476493143,931.2776396434666,696.3141886301163,1.0,1,0,0,0.0
1671,1716,cross_plane,410.4381351055646,931.2785054394644,696.48782895489,1.0,1,0,0,0.0
1672,1717,cross_plane,410.4095857713096,931.2608310245145,696.6430662071788,1.0,1,0,0,0.0
1673,1718,cross_plane,410.42278412601905,931.2742447997259,696.7733642652734,1.0,1,0,0,0.0
1674,1719,cross_plane,410.45488091090755,931.2800490884526,696.8739825788113,1.0,1,0,0,0.0
1675,1720,cross_plane,410.4136180656907,931.2674544336361,696.94160296877,1.0,1,0,0,0.0
1676,1721,cross_plane,410.4144549804324,931.2689100190471,696.9741292992478,1.0,1,0,0,0.0
1677,1722,cross_plane,410.4574392098071,931.2802221173172,696.9705864017899,1.0,1,0,0,0.0
1678,1723,cross_plane,410.42054378795524,931.2731709480139,696.9310795217505,1.0,1,0,0,0.0
1679,1724,cross_plane,410.41017471286335,931.2619074246297,696.8567985022064,1.0,1,0,0,0.0
1680,1725,cross_plane,410.44163404442503,931.2788230858648,696.7500683401937,1.0,1,0,0,0.0
1681,1726,cross_plane,410.4317909559104,931.2772196336809,696.6144657546195,1.0,1,0,0,0.0
1682,1727,cross_plane,410.40900454938185,931.257005356884,696.4550461983512,1.0,1,0,0,0.0
1683,1728,cross_plane,410.4278057479338,931.2761135477243,696.2787635313757,1.0,1,0,0,0.0
1684,1729,cross_plane,410.4452565727198,931.279448591284,696.0952126999763,1.0,1,0,0,0.0
1685,1730,cross_plane,410.41094452514886,931.2643140509368,695.9178233967017,1.0,1,0,0,0.0
1686,1731,cross_plane,410.41853993689483,931.2715347307862,695.765278350288,1.0,1,0,0,0.0
1687,1732,cross_plane,410.4637171201331,931.2803174856426,695.661391688836,1.0,1,0,0,0.0
1688,1733,cross_plane,410.4166921875511,931.2707865230623,695.6289928759401,1.0,1,0,0,0.0
1689,1734,cross_plane,410.41192608950774,931.2659426602683,695.676706715523,1.0,1,0,0,0.0
1690,1735,cross_plane,410.4491480096508,931.2797946488986,695.7921055913679,1.0,1,0,0,0.0
1691,1736,cross_plane,410.42622417144173,931.2752127228562,695.9512603765195,1.0,1,0,0,0.0
1692,1737,cross_plane,410.40909673778054,931.2581841163978,696.1311443237774,1.0,1,0,0,0.0
1693,1738,cross_plane,410.43360476493183,931.2776396434666,696.3141886301125,1.0,1,0,0,0.0
1694,1739,cross_plane,410.4381351055639,931.2785054394656,696.487828954894,1.0,1,0,0,0.0
1695,1740,cross_plane,410.4095857713089,931.2608310245141,696.6430662071789,1.0,1,0,0,0.0
1696,1741,cross_plane,410.42278412601905,931.2742447997259,696.7733642652734,1.0,1,0,0,0.0
1697,1742,cross_plane,410.45488091090823,931.280049088447,696.8739825788075,1.0,1,0,0,0.0
1698,1743,cross_plane,410.4136180656899,931.2674544336296,696.9416029687659,1.0,1,0,0,0.0
1699,1744,cross_plane,410.41445498045766,931.2689100190531,696.9741292992554,1.0,1,0,0,0.0
1700,1745,cross_plane,410.45743920975747,931.2802221173172,696.9705864017895,1.0,1,0,0,0.0
1701,1746,cross_plane,410.42054378794853,931.2731709480144,696.9310795217464,1.0,1,0,0,0.0
1702,1793,cross_plane,410.41158612805043,931.2654242052781,696.7853077338601,1.0,1,0,0,0.0
1703,1748,cross_plane,410.41726954534187,931.2706775727479,696.6579093079778,1.0,1,0,0,0.0
1704,1749,cross_plane,410.4652378105278,931.2803165023307,696.505001933344,1.0,1,0,0,0.0
1705,1750,cross_plane,410.41791914289865,931.2716387106871,696.3329096484547,1.0,1,0,0,0.0
1706,1751,cross_plane,410.411241047806,931.2648516489354,696.1503316465555,1.0,1,0,0,0.0
1707,1752,cross_plane,410.44649653956077,931.2795703616184,695.9693952717988,1.0,1,0,0,0.0
1708,1753,cross_plane,410.4269303916282,931.2758310546749,695.8070874248158,1.0,1,0,0,0.0
1709,1754,cross_plane,410.4090464783866,931.256835141943,695.6859472353561,1.0,1,0,0,0.0
1710,1755,cross_plane,410.43277640044806,931.2771573837648,695.6302774173801,1.0,1,0,0,0.0
1711,1756,cross_plane,410.4404779076833,931.2788657996443,695.6543625057919,1.0,1,0,0,0.0
1712,1757,cross_plane,410.40996204695455,931.2620581042212,695.7517380778678,1.0,1,0,0,0.0
1713,1758,cross_plane,410.42124843140806,931.2735286830896,695.9003854294673,1.0,1,0,0,0.0
1714,1759,cross_plane,410.4578088759003,931.2801755898284,696.0761574454713,1.0,1,0,0,0.0
1715,1760,cross_plane,410.4145797070789,931.268447661795,696.2597722416228,1.0,1,0,0,0.0
1716,1761,cross_plane,410.41350461727626,931.267935934005,696.4373151865209,1.0,1,0,0,0.0
1717,1762,cross_plane,410.4545225184349,931.2801147595395,696.5988554533926,1.0,1,0,0,0.0
1718,1763,cross_plane,410.422036048065,931.273906208006,696.7372054751598,1.0,1,0,0,0.0
1719,1764,cross_plane,410.40975499776073,931.2614247197513,696.8471358033814,1.0,1,0,0,0.0
1720,1765,cross_plane,410.4392478154122,931.2786833089539,696.9249286380467,1.0,1,0,0,0.0
1721,1766,cross_plane,410.43386849625136,931.2774132493062,696.9681353595038,1.0,1,0,0,0.0
1722,1767,cross_plane,410.40911549495485,931.2583493610857,696.9754510458276,1.0,1,0,0,0.0
1723,1768,cross_plane,410.42600476180814,931.2755143593363,696.9466582999409,1.0,1,0,0,0.0
1724,1769,cross_plane,410.44786461905255,931.2796920221494,696.882618591876,1.0,1,0,0,0.0
1725,1770,cross_plane,410.41158612803963,931.2654242052736,696.7853077338536,1.0,1,0,0,0.0
1726,1771,cross_plane,410.4172695453424,931.2706775727486,696.6579093079794,1.0,1,0,0,0.0
1727,1772,cross_plane,410.4652378105278,931.2803165023367,696.5050019333455,1.0,1,0,0,0.0
1728,1773,cross_plane,410.417919142911,931.2716387106813,696.3329096484583,1.0,1,0,0,0.0
1729,1774,cross_plane,410.41124104780573,931.2648516489409,696.1503316465555,1.0,1,0,0,0.0
1730,1775,cross_plane,410.44649653957316,931.2795703616214,695.9693952717988,1.0,1,0,0,0.0
1731,1776,cross_plane,410.4269303916282,931.2758310546744,695.8070874248158,1.0,1,0,0,0.0
1732,1777,cross_plane,410.40904647838636,931.2568351419429,695.6859472353564,1.0,1,0,0,0.0
1733,1778,cross_plane,410.4327764004483,931.2771573837706,695.6302774173839,1.0,1,0,0,0.0
1734,1779,cross_plane,410.4404779076774,931.2788657996493,695.6543625057882,1.0,1,0,0,0.0
1735,1780,cross_plane,410.4099620469485,931.2620581042208,695.751738077864,1.0,1,0,0,0.0
1736,1781,cross_plane,410.421248431371,931.2735286830839,695.9003854294596,1.0,1,0,0,0.0
1737,1782,cross_plane,410.4578088759126,931.2801755898281,696.0761574454752,1.0,1,0,0,0.0
1738,1783,cross_plane,410.414579707092,931.2684476617947,696.2597722416268,1.0,1,0,0,0.0
1739,1784,cross_plane,410.41350461727626,931.2679359340043,696.4373151865171,1.0,1,0,0,0.0
1740,1785,cross_plane,410.45452251845916,931.2801147595395,696.5988554533926,1.0,1,0,0,0.0
1741,1786,cross_plane,410.42203604806525,931.2739062080115,696.73720547516,1.0,1,0,0,0.0
1742,1787,cross_plane,410.4097549977852,931.2614247197536,696.8471358033851,1.0,1,0,0,0.0
1743,1788,cross_plane,410.4392478154125,931.2786833089542,696.9249286380466,1.0,1,0,0,0.0
1744,1789,cross_plane,410.43386849625114,931.2774132492953,696.9681353594962,1.0,1,0,0,0.0
1745,1790,cross_plane,410.409115494955,931.2583493610965,696.9754510458279,1.0,1,0,0,0.0
1746,1791,cross_plane,410.4260047617836,931.2755143593366,696.9466582999409,1.0,1,0,0,0.0
1747,1792,cross_plane,410.44786461904033,931.279692022149,696.8826185918681,1.0,1,0,0,0.0
1748,1839,cross_plane,410.4287784726183,931.2764094851848,696.6990453847192,1.0,1,0,0,0.0
1749,1794,cross_plane,410.40898263599905,931.2554462677792,696.5532152043802,1.0,1,0,0,0.0
1750,1795,cross_plane,410.4307459527251,931.276635222656,696.3860891066652,1.0,1,0,0,0.0
1751,1796,cross_plane,410.4429112253068,931.2791862582571,696.205564934591,1.0,1,0,0,0.0
1752,1797,cross_plane,410.41042886477413,931.2632452837914,696.0226022548252,1.0,1,0,0,0.0
1753,1798,cross_plane,410.4198032690893,931.2727726653379,695.852580344425,1.0,1,0,0,0.0
1754,1799,cross_plane,410.45899234772213,931.2802621895487,695.7164619017481,1.0,1,0,0,0.0
1755,1800,cross_plane,410.4149851899856,931.2694009892851,695.6389014155347,1.0,1,0,0,0.0
1756,1801,cross_plane,410.4126447932209,931.266921948336,695.6387286541984,1.0,1,0,0,0.0
1757,1802,cross_plane,410.4516963302998,931.2799675001118,695.7159904536002,1.0,1,0,0,0.0
1758,1803,cross_plane,410.4236188397788,931.2746015668486,695.851912528484,1.0,1,0,0,0.0
1759,1804,cross_plane,410.409425825039,931.2601768828193,696.0218386568686,1.0,1,0,0,0.0
1760,1805,cross_plane,410.4369521029896,931.2783021907875,696.2047825365528,1.0,1,0,0,0.0
1761,1806,cross_plane,410.43603655788604,931.2778747510575,696.3853428967274,1.0,1,0,0,0.0
1762,1807,cross_plane,410.40931698343064,931.2588701157598,696.5525445107601,1.0,1,0,0,0.0
1763,1808,cross_plane,410.42429430377933,931.2748752696738,696.6984787693052,1.0,1,0,0,0.0
1764,1809,cross_plane,410.4505631744014,931.2798955513897,696.8173880899396,1.0,1,0,0,0.0
1765,1810,cross_plane,410.41231827167877,931.2664944591801,696.9051338095776,1.0,1,0,0,0.0
1766,1811,cross_plane,410.4160896895739,931.2703274111752,696.9589038440664,1.0,1,0,0,0.0
1767,1812,cross_plane,410.46209172517325,931.2803092724803,696.9770586046751,1.0,1,0,0,0.0
1768,1813,cross_plane,410.41923663346194,931.2724509973527,696.959057294755,1.0,1,0,0,0.0
1769,1814,cross_plane,410.41064654713597,931.2637207372148,696.9054361139224,1.0,1,0,0,0.0
1770,1815,cross_plane,410.4439355796498,931.2793061727236,696.8178298633843,1.0,1,0,0,0.0
1771,1816,cross_plane,410.42877847261366,931.2764094851858,696.6990453847164,1.0,1,0,0,0.0
1772,1817,cross_plane,410.4089826359989,931.2554462677796,696.5532152043788,1.0,1,0,0,0.0
1773,1818,cross_plane,410.4307459527128,931.2766352226506,696.3860891066599,1.0,1,0,0,0.0
1774,1819,cross_plane,410.4429112253068,931.2791862582571,696.205564934591,1.0,1,0,0,0.0
1775,1820,cross_plane,410.410428864774,931.263245283786,696.0226022548252,1.0,1,0,0,0.0
1776,1821,cross_plane,410.4198032691017,931.2727726653346,695.852580344425,1.0,1,0,0,0.0
1777,1822,cross_plane,410.45899234772213,931.2802621895486,695.7164619017481,1.0,1,0,0,0.0
1778,1823,cross_plane,410.4149851899799,931.2694009892796,695.6389014155307,1.0,1,0,0,0.0
1779,1824,cross_plane,410.4126447931965,931.266921948336,695.6387286541983,1.0,1,0,0,0.0
1780,1825,cross_plane,410.45169633032435,931.2799675001116,695.7159904535999,1.0,1,0,0,0.0
1781,1826,cross_plane,410.42361883978543,931.2746015668594,695.8519125284881,1.0,1,0,0,0.0
1782,1827,cross_plane,410.4094258250145,931.2601768828195,696.0218386568688,1.0,1,0,0,0.0
1783,1828,cross_plane,410.43695210300194,931.2783021907873,696.204782536557,1.0,1,0,0,0.0
1784,1829,cross_plane,410.43603655788604,931.2778747510574,696.3853428967274,1.0,1,0,0,0.0
1785,1830,cross_plane,410.4093169834309,931.2588701157596,696.5525445107601,1.0,1,0,0,0.0
1786,1831,cross_plane,410.4242943037796,931.2748752696792,696.6984787693088,1.0,1,0,0,0.0
1787,1832,cross_plane,410.45056317439537,931.2798955513898,696.8173880899359,1.0,1,0,0,0.0
1788,1833,cross_plane,410.41231827167866,931.2664944591804,696.9051338095738,1.0,1,0,0,0.0
1789,1834,cross_plane,410.4160896895739,931.2703274111751,696.9589038440663,1.0,1,0,0,0.0
1790,1835,cross_plane,410.4620917251854,931.280309272483,696.977058604679,1.0,1,0,0,0.0
1791,1836,cross_plane,410.41923663347416,931.2724509973748,696.959057294763,1.0,1,0,0,0.0
1792,1837,cross_plane,410.4106465471361,931.26372073722,696.9054361139265,1.0,1,0,0,0.0
1793,1838,cross_plane,410.4439355796501,931.2793061727181,696.8178298633767,1.0,1,0,0,0.0
27,1794,cross_plane,410.46204661983256,931.2803088875422,696.5994975245932,1.0,1,0,0,0.0
28,1795,cross_plane,410.41607319171794,931.270314415968,696.4380423057434,1.0,1,0,0,0.0
29,1796,cross_plane,410.4123295920686,931.2658680620522,696.2605487272431,1.0,1,0,0,0.0
30,1797,cross_plane,410.45060310438805,931.2797803389709,696.0769336459438,1.0,1,0,0,0.0
31,1798,cross_plane,410.4252921616969,931.2752570244621,695.9010915767261,1.0,1,0,0,0.0
32,1799,cross_plane,410.4091871948834,931.2588891458568,695.7522799371925,1.0,1,0,0,0.0
33,1800,cross_plane,410.4347469091004,931.2778811710698,695.6546336195181,1.0,1,0,0,0.0
34,1801,cross_plane,410.4382951388302,931.2782963512985,695.6302075738072,1.0,1,0,0,0.0
35,1802,cross_plane,410.4096090146173,931.2601584332149,695.6855558512895,1.0,1,0,0,0.0
36,1803,cross_plane,410.4226743753887,931.2741962787484,695.8064671176006,1.0,1,0,0,0.0
37,1804,cross_plane,410.4533522364014,931.2800591789501,695.9686511763726,1.0,1,0,0,0.0
38,1805,cross_plane,410.41314095541577,931.2675248125344,696.1495482378242,1.0,1,0,0,0.0
39,1806,cross_plane,410.4150003705565,931.2694145650031,696.3321478540576,1.0,1,0,0,0.0
40,1807,cross_plane,410.4590361363625,931.2802631550102,696.5043051682738,1.0,1,0,0,0.0
41,1808,cross_plane,410.4206446580609,931.2727613713413,696.6573089752604,1.0,1,0,0,0.0
42,1809,cross_plane,410.4101425880626,931.2625499251859,696.7848267152042,1.0,1,0,0,0.0
43,1810,cross_plane,410.44146513219215,931.2790020821898,696.8822732346617,1.0,1,0,0,0.0
44,1811,cross_plane,410.4307170792909,931.2769480142995,696.9464594982094,1.0,1,0,0,0.0
45,1812,cross_plane,410.40898237539733,931.2562702369249,696.9754048030213,1.0,1,0,0,0.0
0,1813,cross_plane,410.42880602896986,931.2760731601289,696.9682430466772,1.0,1,0,0,0.0
1,1814,cross_plane,410.4454350562548,931.2794668152505,696.9251870478736,1.0,1,0,0,0.0
2,1815,cross_plane,410.41098622431514,931.264392563073,696.8475370209883,1.0,1,0,0,0.0
3,1816,cross_plane,410.4184486403007,931.271976746506,696.7377365153844,1.0,1,0,0,0.0
4,1817,cross_plane,410.4620466198343,931.2803088875429,696.5994975245953,1.0,1,0,0,0.0
5,1818,cross_plane,410.4160731917227,931.2703144159686,696.4380423057462,1.0,1,0,0,0.0
6,1819,cross_plane,410.4123295920703,931.265868062053,696.2605487272441,1.0,1,0,0,0.0
7,1820,cross_plane,410.45060310437754,931.2797803389718,696.0769336459423,1.0,1,0,0,0.0
8,1821,cross_plane,410.4252921616986,931.2752570244628,695.901091576727,1.0,1,0,0,0.0
9,1822,cross_plane,410.4091871948851,931.2588891458576,695.7522799371924,1.0,1,0,0,0.0
10,1823,cross_plane,410.4347469091021,931.277881171069,695.654633619518,1.0,1,0,0,0.0
11,1824,cross_plane,410.43829513881957,931.2782963512941,695.6302075738018,1.0,1,0,0,0.0
12,1825,cross_plane,410.4096090146189,931.2601584332157,695.6855558512877,1.0,1,0,0,0.0
13,1826,cross_plane,410.4226743754026,931.2741962787408,695.8064671175978,1.0,1,0,0,0.0
14,1827,cross_plane,410.453352236397,931.2800591789506,695.9686511763688,1.0,1,0,0,0.0
15,1828,cross_plane,410.4131409553991,931.2675248125244,696.1495482378175,1.0,1,0,0,0.0
16,1829,cross_plane,410.4150003705582,931.2694145650011,696.3321478540562,1.0,1,0,0,0.0
17,1830,cross_plane,410.4590361363642,931.2802631550084,696.5043051682719,1.0,1,0,0,0.0
18,1831,cross_plane,410.42064465806254,931.2727613713313,696.6573089752566,1.0,1,0,0,0.0
19,1832,cross_plane,410.4101425880399,931.2625499251811,696.7848267152011,1.0,1,0,0,0.0
20,1833,cross_plane,410.44146513221835,931.2790020821877,696.8822732346629,1.0,1,0,0,0.0
21,1834,cross_plane,410.43071707929874,931.2769480143003,696.9464594982118,1.0,1,0,0,0.0
22,1835,cross_plane,410.4089823753805,931.2562702369258,696.9754048030134,1.0,1,0,0,0.0
23,1836,cross_plane,410.4288060289392,931.2760731601261,696.9682430466684,1.0,1,0,0,0.0
24,1837,cross_plane,410.4454350562548,931.2794668152613,696.9251870478719,1.0,1,0,0,0.0
25,1838,cross_plane,410.4109862243151,931.2643925630676,696.8475370209901,1.0,1,0,0,0.0
26,1839,cross_plane,410.4184486403007,931.2719767465005,696.7377365153814,1.0,1,0,0,0.0
