time_seconds,actual_region_demand_gbps,eta_sat,satellite_demand_gbps,profile_mode,visible_satellite_count,active_access_satellite_count,visible_access_capacity_gbps,demand_capacity_ratio,optimized_service_ratio,optimized_throughput_gbps,optimized_blocked_gbps,optimized_maximum_utilization,optimized_mean_utilization,optimized_utilization_std,optimized_mean_delay_ms,optimized_p95_delay_ms,optimized_maximum_delay_ms,baseline_minimum_service_ratio,baseline_throughput_gbps,baseline_blocked_gbps,baseline_maximum_utilization,baseline_utilization_std,baseline_mean_delay_ms,baseline_p95_delay_ms,baseline_maximum_delay_ms
0.0,337174.0031013837,1.0,337174.0031013837,problem_spec,191,156,3120.0,108.06859073762297,0.007857183691521514,2649.238078373216,334524.7650230105,1.0000000000000009,0.07199016517318521,0.25127210330921057,21.7762167945132,28.694609868008918,34.74877721140866,0.0,3820.0,333354.0031013837,1.0,0.3050065658284879,23.721088399021195,31.18081483124753,34.517570422333
300.0,337147.2570073514,1.0,337147.2570073514,problem_spec,188,155,3100.0,108.75717967979077,0.007730811036854262,2606.4217355175724,334540.8352718338,1.0000000000000004,0.07082667759558621,0.24923314905545116,21.96105683922988,27.981131015873885,33.18437814406289,0.0,3760.0,333387.2570073514,1.0,0.3028768801623227,24.531635095915412,33.430828495090495,35.22784002067727
600.0,337067.03145494685,1.0,337067.03145494685,problem_spec,187,156,3120.0,108.03430495350861,0.007854159133369181,2647.378103659508,334419.65335128736,1.0000000000000007,0.07193962238205184,0.25133033431793184,23.084786964881435,29.182057397294177,35.96854942115102,0.0,3740.0,333327.03145494685,1.0,0.3021616943103586,26.080356337185204,36.28825388028195,38.4894381446408
900.0,336933.3646271879,1.0,336933.3646271879,problem_spec,186,155,3100.0,108.68818213780254,0.00784171584990739,2642.135705759645,334291.22892142826,1.0000000000000004,0.07179716591738168,0.2512645218259217,23.328636452910242,31.19498462042732,34.60280414395803,0.0,3720.0,333213.3646271879,1.0,0.3014438318209731,24.86532592298872,31.352736744303936,37.42900409821564
1200.0,336746.32014224515,1.0,336746.32014224515,problem_spec,192,156,3120.0,107.93151286610421,0.007832329908281168,2637.5082747537317,334108.8118674914,1.0000000000000009,0.07167142050961227,0.25090359995619965,22.448974135625992,27.910803341951347,32.3534665772396,0.0,3840.0,332906.32014224515,1.0,0.30571123184777294,25.162722529456936,34.47160106025132,36.32248127132117
1500.0,336505.98702316324,1.0,336505.98702316324,problem_spec,189,159,3180.0,105.81949277457963,0.007817186445204684,2630.5300404876953,333875.45698267553,1.0000000000000007,0.07148179457846997,0.25051047968836143,22.25536335339749,29.282439255900528,36.096329647192405,0.0,3780.0,332725.98702316324,1.0,0.30358940829346687,24.035127677231987,30.8815301397067,35.96777596192295
1800.0,336212.47965549043,1.0,336212.47965549043,problem_spec,187,153,3060.0,109.87335936453935,0.007770819236241631,2612.646404371383,333599.833251119,1.0000000000000009,0.07099582620574411,0.24946628497040815,20.75677074723459,29.269738613157863,37.727953578157354,0.0,3740.0,332472.4796554904,1.0,0.3021616943103586,24.48671416568691,37.625740547902325,39.84812257524197
2100.0,335865.93773283745,1.0,335865.93773283745,problem_spec,187,154,3080.0,109.04738238079138,0.007829932666465816,2629.807677407518,333236.13005543,1.0000000000000007,0.07146216514694342,0.251110970172519,20.78599086237436,27.883744350638576,33.980790480026506,0.0,3740.0,332125.9377328375,1.0,0.30216169431035866,24.181681682904248,36.059240902864055,37.87664116010238
2400.0,335466.52619039075,1.0,335466.52619039075,problem_spec,187,156,3120.0,107.5213224969201,0.007924641128288171,2658.451830612332,332808.07435977843,1.0000000000000007,0.0722405388753351,0.25247670110616216,21.4682764608491,28.669430663704187,33.62994456139334,0.0,3740.0,331726.52619039075,1.0,0.30216169431035866,23.524100072724046,30.829115790113406,33.56042258550808
2700.0,335014.43512641254,1.0,335014.43512641254,problem_spec,192,154,3080.0,108.77092049558848,0.007767098258061729,2602.090035495893,332412.3450909167,1.0000000000000009,0.07070896835586667,0.2493043455390028,21.590871229425552,28.498164843312722,33.64626476986687,0.0,3840.0,331174.43512641254,1.0,0.305711231847773,23.721542697050555,30.903500790001708,36.84909635733165
3000.0,334509.8797117641,1.0,334509.8797117641,problem_spec,187,156,3120.0,107.21470503582184,0.007861475861830789,2629.741344897954,331880.13836686616,1.0000000000000007,0.0714603626330966,0.2502454932474648,20.809581975800167,27.991680807980696,33.08894863405034,0.0,3740.0,330769.8797117641,1.0,0.30216169431035866,23.29314123574123,31.705104436144502,36.34594428266743
3300.0,333953.1000874961,1.0,333953.1000874961,problem_spec,185,156,3120.0,107.03625002804363,0.007941691176571546,2652.1523883535824,331300.9476991425,1.0000000000000004,0.07206935837917341,0.25104822990571884,21.067288956719153,31.632335806313243,38.03880577650074,0.0,3700.0,330253.1000874961,1.0,0.30072327352580414,22.446651150646783,32.26520667829493,39.10080518126157
3600.0,333344.36125055474,1.0,333344.36125055474,problem_spec,189,154,3080.0,108.22868871771257,0.00791500549055946,2638.422449545177,330705.9388010096,1.0000000000000007,0.07169626221590156,0.25172416111322554,22.60776795033318,28.230132902068206,34.82743591186844,0.0,3780.0,329564.3612505548,1.0,0.3035894082934668,24.714330554912813,31.841275408141556,34.81836160468644
3900.0,332683.9529276571,1.0,332683.9529276571,problem_spec,189,159,3180.0,104.61759526026954,0.008026730106025608,2670.3643007560313,330013.5886269011,1.0000000000000007,0.07256424730315303,0.25261290166069,21.259960872697075,28.229175618491997,35.01266211062386,0.0,3780.0,328903.9529276571,1.0,0.30358940829346687,23.925544182521314,33.61493616261866,35.13434540470833
4200.0,331972.18943739735,1.0,331972.18943739735,problem_spec,191,155,3100.0,107.08780304432173,0.007900249634165562,2622.6631681559393,329349.5262692414,1.0000000000000009,0.0712680208738027,0.25020173738661045,20.89978602094547,29.607957881640363,36.47290112705024,0.0,3820.0,328152.18943739735,1.0,0.3050065658284879,22.834363363373566,30.616353157829014,36.442389958715395
4500.0,331209.40954064793,1.0,331209.40954064793,problem_spec,185,155,3100.0,106.84174501311223,0.007961793156764178,2637.020810336635,328572.3887303113,1.0000000000000009,0.0716581741939303,0.25015648463561235,19.293048208263034,29.542947012062324,36.09659556323741,0.0,3700.0,327509.40954064793,1.0,0.30072327352580414,21.170170004148023,30.134752420635515,35.802325281467425
4800.0,330395.97627932753,1.0,330395.97627932753,problem_spec,187,156,3120.0,105.8961462433742,0.008046491568430073,2658.528437374832,327737.4478419527,1.0000000000000007,0.07224262058083783,0.2526925640949739,22.487669978936463,30.01465823390053,35.2321287659349,0.0,3740.0,326655.97627932753,1.0,0.3021616943103586,24.44553998752651,31.329930544903732,38.468569538328666
5100.0,329532.27680361323,1.0,329532.27680361323,problem_spec,190,154,3080.0,106.99099896221209,0.007906080426827045,2605.3086836447983,326926.9681199684,1.0000000000000009,0.07079643162078256,0.2489299917160351,23.349181134704384,28.631457051717938,33.6760911899398,0.0,3800.0,325732.27680361323,1.0,0.30429929737324823,25.920844147828195,34.06524190886389,37.588952308612306
5400.0,328618.72218767763,1.0,328618.72218767763,problem_spec,189,156,3120.0,105.32651352169155,0.007970353418139573,2619.207355653215,325999.5148320244,1.0000000000000009,0.0711741129253591,0.24945531310000973,22.00277607026307,29.279192520901134,36.760534587141834,0.0,3780.0,324838.72218767763,1.0,0.3035894082934668,25.22269176031427,36.89671103463498,38.10059057371674
5700.0,327655.74723403994,1.0,327655.74723403994,problem_spec,188,155,3100.0,105.69540233356128,0.008050314145685716,2637.7316968734153,325018.0155371665,1.0000000000000004,0.07167749176286456,0.25107641676975645,23.909489848182055,29.312651268609997,36.664759591336505,0.0,3760.0,323895.74723403994,1.0,0.3028768801623227,25.851240941409987,32.78922516299164,36.39334721175759
6000.0,326643.8102666236,1.0,326643.8102666236,problem_spec,185,154,3080.0,106.05318515150118,0.008088113570394736,2641.9322345029223,324001.8780321207,1.0000000000000007,0.07179163680714463,0.25093146308242326,22.826482072715194,28.163922699653433,32.59027954107642,0.0,3700.0,322943.8102666236,1.0,0.30072327352580414,25.01765979723052,32.372685018920265,34.36252347502764
6300.0,325583.3929126188,1.0,325583.3929126188,problem_spec,191,158,3160.0,103.0327192761452,0.008116055079927782,2642.452749988583,322940.9401626302,1.0000000000000009,0.07180578124968975,0.2516255799156017,22.403462590687308,28.53976136373172,33.90484949192846,0.0,3820.0,321763.3929126188,1.0,0.3050065658284879,25.151595795834538,34.74276882237085,36.41642582932551
6600.0,324474.999873254,1.0,324474.999873254,problem_spec,191,158,3160.0,102.68196198520695,0.00810137974689145,2628.6951923457855,321846.3046809082,1.0000000000000009,0.07143193457461373,0.25023589405103086,22.281450447971945,28.853402809410987,35.691399886261195,0.0,3820.0,320654.999873254,1.0,0.3050065658284879,25.365561605440273,36.0259798928851,37.98169160649211
6900.0,323319.1586835855,1.0,323319.1586835855,problem_spec,187,154,3080.0,104.97375281934595,0.008113045715131733,2623.10311497786,320696.05556860764,1.0000000000000007,0.07127997595048532,0.2503954116479552,22.699980878281963,29.191007085068577,35.286790734187726,0.0,3740.0,319579.1586835855,1.0,0.30216169431035866,25.631162536966542,35.70702639767329,38.10999863596495
7200.0,322116.4194614196,1.0,322116.4194614196,problem_spec,188,157,3140.0,102.58484696223553,0.008277770558629435,2666.4058134688685,319450.0136479507,1.0000000000000007,0.07245667971382794,0.25234206026562134,22.57150913235781,28.5609374454108,33.24995489017219,0.0,3760.0,318356.4194614196,1.0,0.3028768801623227,24.92781960791025,32.901406656043314,36.52749558594827
7500.0,320867.3546454857,1.0,320867.3546454857,problem_spec,187,154,3080.0,104.17771254723561,0.00817990867360111,2624.665657340052,318242.68898814573,1.0000000000000007,0.0713224363407623,0.25037757275139105,21.758163476789434,30.054220665784083,34.190406219158795,0.0,3740.0,317127.35464548576,1.0,0.3021616943103586,23.31590885101188,31.081786755014893,36.99785045600808
7800.0,319572.55872298725,1.0,319572.55872298725,problem_spec,191,154,3080.0,103.75732426071015,0.00822394514267547,2628.1471920422823,316944.4115309449,1.0000000000000007,0.07141704326201855,0.25090313273092696,22.09468127267879,31.030051464799623,36.123762783668425,0.0,3820.0,315752.5587229872,1.0,0.3050065658284879,23.403768811915114,32.415464935015294,37.116127728231795
8100.0,318232.6479466573,1.0,318232.6479466573,problem_spec,191,157,3140.0,101.34797705307558,0.008284639638612886,2636.4428094796167,315596.2051371777,1.0000000000000007,0.07164246764890264,0.2509629100645496,20.92359689686931,28.005418959202665,34.23910012809717,0.0,3820.0,314412.6479466573,1.0,0.3050065658284879,23.22750174083833,31.269413649671982,35.885591767455864
8400.0,316848.2600414562,1.0,316848.2600414562,problem_spec,185,158,3160.0,100.26843672197981,0.008330925394341339,2639.6392157322357,314208.620825724,1.0000000000000009,0.07172932651446291,0.25038407893690223,21.366147293898617,28.555918411909538,35.29305279115793,0.0,3700.0,313148.2600414562,1.0,0.30072327352580414,23.334263570574663,30.508135733093287,35.11252969556681
8700.0,315420.05390104855,1.0,315420.05390104855,problem_spec,188,155,3100.0,101.7484044842092,0.008373081430502222,2641.0377961268796,312779.01610492164,1.0000000000000007,0.0717673314164913,0.25161958378461025,20.784591442380254,27.63913504994339,34.30059110001552,0.0,3760.0,311660.0539010485,1.0,0.3028768801623227,23.365039413671425,31.977670703701058,34.23896656995985
9000.0,313948.7092742057,1.0,313948.7092742057,problem_spec,189,152,3040.0,103.27260173493609,0.00835240601061,2622.2270863651274,311326.4821878406,1.0000000000000007,0.07125617082513933,0.25082570842518076,22.62941136918819,28.51496880787962,32.38156022131536,0.0,3780.0,310168.7092742057,1.0,0.3035894082934668,24.88285562705457,32.66433246985631,34.90733847072553
9300.0,312434.92644128256,1.0,312434.92644128256,problem_spec,190,156,3120.0,100.13939950041107,0.008347007506831459,2607.8966764017205,309827.02976488083,1.0000000000000007,0.0708667575109163,0.24918892992651484,23.01361374776126,28.410593527789654,32.64839420474066,0.0,3800.0,308634.92644128256,1.0,0.30429929737324823,25.198154272804757,32.56220771435328,34.446163493642445
9600.0,310879.4258809211,1.0,310879.4258809211,problem_spec,187,157,3140.0,99.00618658628059,0.00855163840399381,2658.528437374832,308220.8974435462,1.0000000000000004,0.07224262058083783,0.25191465780796907,21.478026046458176,29.419363168517677,35.80628135734435,0.0,3740.0,307139.4258809211,1.0,0.30216169431035866,24.935938464217077,37.53794108718807,39.08269328388751
9900.0,309282.94792714255,1.0,309282.94792714255,problem_spec,185,154,3080.0,100.41654153478655,0.008548796542921606,2643.996996024159,306638.95093111834,1.0000000000000007,0.07184774445717826,0.2512120724437396,22.47873630581929,30.879153937767676,35.364418320920976,0.0,3700.0,305582.9479271425,1.0,0.30072327352580414,23.77688665483613,30.875617465866387,36.284906063346774
10200.0,307646.25241698796,1.0,307646.25241698796,problem_spec,191,161,3220.0,95.54231441521365,0.008524931305196414,2622.6631681559384,305023.5892488321,1.0000000000000009,0.0712680208738027,0.2508051626521935,22.974630257468213,28.791759097354728,34.002847621536056,0.0,3820.0,303826.252416988,1.0,0.3050065658284879,25.135833564291442,32.38976247104295,34.31897624650807
10500.0,305970.118328877,1.0,305970.118328877,problem_spec,189,158,3160.0,96.82598681293577,0.008705547137847025,2663.6372878846705,303306.48104099237,1.0000000000000007,0.07238144804034431,0.25194681710295813,21.781155526515434,28.468576876793854,33.20466509866663,0.0,3780.0,302190.118328877,1.0,0.30358940829346687,24.25154926972158,33.21877003120505,35.00786786273105
10800.0,304255.34341185656,1.0,304255.34341185656,problem_spec,189,156,3120.0,97.51773827303094,0.008654139140103233,2633.068076006098,301622.2753358505,1.0000000000000004,0.0715507629349483,0.2507783846453376,22.355657045769835,32.0610548383244,38.366437391764826,0.0,3780.0,300475.34341185656,1.0,0.30358940829346687,26.169171249767654,39.94095297693559,41.444789579803825
11100.0,302502.7438059152,1.0,302502.7438059152,problem_spec,185,153,3060.0,98.85710581892653,0.00875715488813154,2649.0633815931733,299853.6804243221,1.0000000000000009,0.07198541797807535,0.2518736107828523,21.67052696449311,28.70592359349149,35.61988534404813,0.0,3700.0,298802.74380591523,1.0,0.3007232735258041,25.01123853988834,36.80325071554449,38.15462341639741
11400.0,300713.1536535448,1.0,300713.1536535448,problem_spec,187,156,3120.0,96.38242104280282,0.008761200877460348,2634.608345653305,298078.5453078915,1.0000000000000007,0.07159261808840503,0.2502887877110035,21.439047935970564,29.19979202695488,34.855166905271616,0.0,3740.0,296973.1536535448,1.0,0.30216169431035866,23.281134502255316,30.383988901110175,37.30485255843683
11700.0,298887.4247027341,1.0,298887.4247027341,problem_spec,191,157,3140.0,95.18707793080704,0.008713973010177992,2604.4969519412316,296282.9277507929,1.0000000000000007,0.0707743736940552,0.24878214292961742,23.262615283092423,32.19455713224614,39.33884829203229,0.0,3820.0,295067.4247027341,1.0,0.30500656582848795,27.000876456272085,40.3831728559652,42.132441853895855
12000.0,297026.4259015825,1.0,297026.4259015825,problem_spec,187,159,3180.0,93.40453644703852,0.008957114637286018,2660.4997471038155,294365.9261544787,1.0000000000000004,0.07229618877999497,0.25202616052043336,21.24020731551094,28.036711550716003,34.17944773036646,0.0,3740.0,293286.4259015825,1.0,0.30216169431035866,24.11029990783672,34.77195299831362,36.285767452085224
12300.0,295131.04298472806,1.0,295131.04298472806,problem_spec,187,155,3100.0,95.20356225313809,0.008933240641180961,2636.476627665298,292494.5663570628,1.0000000000000213,0.07164338662133962,0.25030761935600687,21.482440674687673,30.692611502719807,37.04482143483124,0.0,3740.0,291391.04298472806,1.0,0.30216169431035866,23.10770376899644,31.917514383689355,36.59488499011722
12600.0,293202.17805178545,1.0,293202.17805178545,problem_spec,187,154,3080.0,95.1955123544758,0.0089156256782761,2614.0808675649796,290588.09718422045,1.0000000000000004,0.07103480618383096,0.25019001145809444,22.03662145735223,28.811629409718474,34.94454973236408,0.0,3740.0,289462.17805178545,1.0,0.30216169431035866,24.52043572951241,32.901915758196914,34.45727855639453
12900.0,291240.74913799594,1.0,291240.74913799594,problem_spec,189,159,3180.0,91.5851412383635,0.009024303758730551,2628.2449871415183,288612.5041508544,1.000000000000001,0.07141970073754125,0.25082234759440947,20.656819815884226,27.263268996314395,34.09675584450047,0.0,3780.0,287460.74913799594,1.0,0.30358940829346687,23.148221763314325,31.901979983686505,34.23557736563296
13200.0,289247.68977729185,1.0,289247.68977729185,problem_spec,192,160,3200.0,90.3899030554037,0.009133425829085497,2641.8223208152262,286605.8674564766,1.0000000000000007,0.07178865002215289,0.25091163959551716,22.405036647494402,28.77693205978352,34.008209557592785,0.0,3840.0,285407.68977729185,1.0,0.30571123184777294,25.374221100655785,35.56541071125204,37.087442386553235
13500.0,287223.948557985,1.0,287223.948557985,problem_spec,186,155,3100.0,92.65288663160807,0.009203088351026133,2643.347375109721,284580.6011828753,1.0000000000000007,0.0718300917149381,0.25096551486400936,21.25332962721035,29.41654930037135,36.24477421045036,0.0,3720.0,283503.948557985,1.0,0.3014438318209732,24.740122700437652,37.61554994264195,39.19811866694151
13800.0,285170.4886712905,1.0,285170.4886712905,problem_spec,187,158,3160.0,90.2438255288894,0.009283492538076336,2647.378103659508,282523.11056763097,1.0000000000000009,0.07193962238205183,0.25131622547090987,22.358308026450057,27.897514806729482,32.718634589714824,0.0,3740.0,281430.48867129046,1.0,0.3021616943103586,25.025779339485716,33.52934511688463,35.593150097246465
14100.0,283088.2874528993,1.0,283088.2874528993,problem_spec,188,156,3120.0,90.73342546567287,0.009197146180222998,2603.604361613303,280484.68309128605,1.0000000000000009,0.07075011852210063,0.2494794307230622,23.196424965913607,28.71355212056081,33.17005272573434,0.0,3760.0,279328.2874528993,1.0,0.30287688016232267,25.14236472747243,31.88341115180353,34.10174002944264
14400.0,280978.3359178197,1.0,280978.3359178197,problem_spec,191,156,3120.0,90.05715894801914,0.00941852995460437,2646.402873436874,278331.93304438284,1.0000000000000004,0.07191312156078461,0.251581637709758,22.80755231927595,30.168897672055056,34.64079745372254,0.0,3820.0,277158.3359178197,1.0,0.3050065658284879,24.50515148624023,31.36480072426992,35.58680827695212
14700.0,278841.6382887079,1.0,278841.6382887079,problem_spec,190,155,3100.0,89.94891557700254,0.009544119109808121,2661.297808601461,276180.3404801064,1.0000000000000007,0.07231787523373534,0.2527741683899985,20.734103906735008,28.23384286546196,36.304303974214996,0.0,3800.0,275041.6382887079,1.0,0.30429929737324823,22.95715504033057,30.914924976071852,36.317572207642954
15000.0,276679.2115179121,1.0,276679.2115179121,problem_spec,184,152,3040.0,91.01289852562898,0.009523569784959562,2634.9737789384235,274044.2377389737,1.0000000000000007,0.07160254834071803,0.25137045398425806,24.13176574435741,28.608249379680583,33.91207835969528,0.0,3680.0,272999.2115179121,1.0,0.3,26.301001169171315,33.46822031822609,35.69140518516632
15300.0,274492.0848034586,1.0,274492.0848034586,problem_spec,189,157,3140.0,87.41786140237535,0.009527785881328682,2615.301810126868,271876.7829933317,1.0000000000000007,0.07106798397083881,0.25002469476779715,22.705251155117754,28.512026162292038,32.15701979567303,0.0,3780.0,270712.0848034586,1.0,0.3035894082934668,24.892834129170193,31.97287359980371,35.19750078312355
15600.0,272281.2990992091,1.0,272281.2990992091,problem_spec,190,160,3200.0,85.08790596850284,0.009605997625073507,2615.5335124989315,269665.7655867101,1.0000000000000009,0.07107428023094922,0.24904958179805292,21.728895074646104,29.6424954770014,37.975250968442424,0.0,3800.0,268481.2990992091,1.0,0.30429929737324823,25.22556153748042,38.137513422735836,39.449776772040984
15900.0,270047.90661942307,1.0,270047.90661942307,problem_spec,189,154,3080.0,87.67789175955295,0.009775149539423112,2639.758670013029,267408.14794941,1.0000000000000013,0.07173257255470186,0.25114861835595453,22.40041996115713,29.249918269928585,33.63539930012593,0.0,3780.0,266267.90661942307,1.0,0.30358940829346687,25.04499236817315,33.923030649536216,36.58856189345641
16200.0,267792.97033796075,1.0,267792.97033796075,problem_spec,188,155,3100.0,86.38482914127766,0.009903756279397113,2652.1563115629833,265140.81402639777,1.0000000000000007,0.07206946498812455,0.25195763580576924,24.423667225258196,30.03825414392616,33.82401077082546,0.0,3760.0,264032.97033796075,1.0,0.3028768801623227,26.323669739672116,32.5568858303459,36.997269672163604
16500.0,265517.56348236516,1.0,265517.56348236516,problem_spec,183,153,3060.0,86.77044558247228,0.009791743703921304,2599.879930508974,262917.6835518562,1.0000000000000013,0.07064891115513516,0.2483966640013619,22.88790599612864,32.5523830388468,36.963569080693254,0.0,3660.0,261857.56348236516,1.0,0.2992739915573759,23.93785771815617,32.98755294921542,39.63557419859238
16800.0,263222.769023064,1.0,263222.769023064,problem_spec,191,158,3160.0,83.2983446275519,0.009935629443181446,2615.283894021304,260607.4851290427,1.0000000000000007,0.07106749712014411,0.2493966605105988,20.61758955187122,27.701500020890553,33.01698432467329,0.0,3820.0,259402.769023064,1.0,0.3050065658284879,23.64372578182931,33.55356657436259,35.5914982479064
17100.0,260909.6791579342,1.0,260909.6791579342,problem_spec,188,157,3140.0,83.09225450889625,0.01026773249974665,2678.9507921883924,258230.72836574586,1.0000000000000009,0.07279757587468458,0.2527546205971246,23.60774958293039,33.130318579062425,40.76234473171541,0.0,3760.0,257149.67915793424,1.0,0.3028768801623227,27.312457242452172,41.215031575175665,43.01561896895611
17400.0,258579.39479247507,1.0,258579.39479247507,problem_spec,188,156,3120.0,82.87801115143432,0.010195423936875996,2636.3265512501084,255943.06824122497,1.0000000000000004,0.07163930845788338,0.25143225110642764,22.914317319013374,31.85398493238874,38.67946156543523,0.0,3760.0,254819.39479247507,1.0,0.3028768801623227,24.09696951194888,31.924191511000387,38.14690699117195
17700.0,256233.02501583673,1.0,256233.02501583673,problem_spec,186,155,3100.0,82.65581452123766,0.010196460511526409,2612.6699213229376,253620.35509451377,1.0000000000000007,0.07099646525334072,0.250136701735414,22.464161568535058,28.400142005418218,34.411829644540234,0.0,3720.0,252513.0250158367,1.0,0.3014438318209732,25.0994608643715,33.687030963219335,36.13359124895355
18000.0,253871.68657295394,1.0,253871.68657295394,problem_spec,187,160,3200.0,79.3349020540481,0.010279937869325457,2609.7851647508323,251261.90140820315,1.0000000000000007,0.0709180751290987,0.24910067779189946,20.715885212996746,28.10178096907184,35.65009857858395,0.0,3740.0,250131.68657295397,1.0,0.30216169431035866,23.305455612819955,32.17973905046716,35.65009857858395
18300.0,251496.50333303583,1.0,251496.50333303583,problem_spec,193,153,3060.0,82.18839978203785,0.010520198991371356,2645.7932606976265,248850.71007233823,1.0000000000000009,0.0718965559972181,0.25161198354658043,22.99562873674835,29.86207359889636,35.07947802980746,0.0,3860.0,247636.50333303586,1.0,0.30641331338575645,24.685712825260577,31.046140052925484,38.27459560041404
18600.0,249108.60575466516,1.0,249108.60575466516,problem_spec,187,157,3140.0,79.3339508772819,0.010731512880064978,2673.312211191218,246435.2935434739,1.0000000000000009,0.07264435356497875,0.25262361335273953,21.37844250869861,28.53916955912436,34.60474774388082,0.0,3740.0,245368.60575466513,1.0,0.30216169431035866,24.31962964481504,35.27724452306433,36.73831745820552
18900.0,246709.13034776112,1.0,246709.13034776112,problem_spec,187,152,3040.0,81.15431919334247,0.010573589075626265,2608.6009655023436,244100.5293822588,1.0000000000000009,0.07088589580169412,0.24936511385403123,22.570571321009407,29.79867283188018,36.95057025938843,0.0,3740.0,242969.13034776115,1.0,0.30216169431035866,25.95529689162388,37.77305518277671,39.27884682502291
19200.0,244299.2191326622,1.0,244299.2191326622,problem_spec,188,155,3100.0,78.80619972021361,0.01062949306420149,2596.776855360473,241702.44227730174,1.0000000000000007,0.07056458846088241,0.24842067140124174,20.91539955005743,27.27645323587492,31.556490857681496,0.0,3760.0,240539.21913266223,1.0,0.3028768801623227,23.48465984828869,31.72699801868518,33.499402235848
19500.0,241880.0190965864,1.0,241880.0190965864,problem_spec,189,159,3180.0,76.06289908697686,0.010983093531861395,2656.5908732262287,239223.42822336013,1.0000000000000004,0.07218996938114751,0.25235270337452237,22.977855467788583,29.064457357237334,35.09560018176016,0.0,3780.0,238100.01909658636,1.0,0.30358940829346687,25.70481119076049,35.36302810299474,37.0844916339506
19800.0,239452.6816477276,1.0,239452.6816477276,problem_spec,191,159,3180.0,75.29958542381371,0.01102290516159868,2639.464200493382,236813.2174472342,1.0000000000000007,0.07172457066558102,0.25048846248916656,22.22797529635582,29.756119336636512,36.695348418950374,0.0,3820.0,235632.6816477276,1.0,0.3050065658284879,25.575528782913004,37.2315312863645,38.83137190777229
20100.0,237018.3620672472,1.0,237018.3620672472,problem_spec,186,153,3060.0,77.45698106772784,0.011087109541164354,2627.848543506924,234390.51352374026,1.0000000000000007,0.07140892781268816,0.25056399688631875,20.93593675442638,30.238457532650557,36.170791679325376,0.0,3720.0,233298.3620672472,1.0,0.3014438318209732,22.663072776295593,31.096874015954604,39.15702213762034
20400.0,234578.2189594232,1.0,234578.2189594232,problem_spec,188,155,3100.0,75.67039321271716,0.011113966564659818,2607.094482312479,231971.12447711072,1.0000000000000009,0.07084495875849128,0.24871551329126193,21.604808738549202,32.21896316394092,40.25777027762523,0.0,3760.0,230818.2189594232,1.0,0.3028768801623227,25.96484257972868,41.50323935570426,42.43009882935435
20700.0,232133.41370021724,1.0,232133.41370021724,problem_spec,188,157,3140.0,73.92783875803097,0.011307000816682507,2624.732698287655,229508.68100192962,1.0000000000000007,0.07132425810564279,0.24995653312133104,20.650157711655226,28.818465036260637,35.67118550821572,0.0,3760.0,228373.41370021726,1.0,0.3028768801623227,24.31287043020846,37.41945980044635,38.73041858748488
21000.0,229685.10988452256,1.0,229685.10988452256,problem_spec,190,156,3120.0,73.61702239888544,0.011639156486268802,2673.3409365118036,227011.76894801075,1.000000000000001,0.07264513414434248,0.2527936285807001,20.285568589048303,29.02466775200062,34.2399437625489,0.0,3800.0,225885.10988452256,1.0,0.30429929737324823,22.4758599846909,30.77063396617099,36.68891997277294
21300.0,227234.4727723556,1.0,227234.4727723556,problem_spec,191,159,3180.0,71.4573813749546,0.011585167750807434,2632.5494858340244,224601.92328652157,1.0000000000000009,0.07153667081070716,0.25049550314286223,22.067078238737114,29.28595550662248,35.916797540843824,0.0,3820.0,223414.4727723556,1.0,0.3050065658284879,25.360478920816035,36.99320040401261,38.35036301745268
21600.0,224782.66873425574,1.0,224782.66873425574,problem_spec,184,151,3020.0,74.43134726299859,0.011590126338040853,2605.2595292320098,222177.40920502372,1.0000000000000007,0.07079509590304375,0.24955538923196885,22.781511911689186,29.07236309519127,35.199302786889454,0.0,3680.0,221102.66873425574,1.0,0.3,25.74910554170891,35.56060703023837,37.755604872407304
21900.0,222330.86469615597,1.0,222330.86469615597,problem_spec,189,157,3140.0,70.80600786501782,0.011903000535571985,2646.404401552527,219684.46029460346,1.000000000000001,0.07191316308566649,0.25159028717680815,22.249983567950476,28.8282367560143,36.12252899878645,0.0,3780.0,218550.86469615597,1.0,0.3035894082934668,24.622897319692054,32.349076464716745,36.00728397697525
22200.0,219880.22758398904,1.0,219880.22758398904,problem_spec,189,156,3120.0,70.47443191794521,0.01206227434777902,2652.2556287701636,217227.97195521888,1.000000000000001,0.0720721638252762,0.2509170336409414,22.713772648829504,28.683649662671524,31.994751410792162,0.0,3780.0,216100.22758398904,1.0,0.3035894082934668,24.848299320222186,31.904866786882764,35.09178989350776
22500.0,217431.92376829428,1.0,217431.92376829428,problem_spec,190,155,3100.0,70.13933024783687,0.012129869851903856,2637.4209369584905,214794.5028313358,1.0000000000000007,0.07166904719995898,0.25024537851698797,22.46258045915913,27.96417469635525,32.81972888502655,0.0,3800.0,213631.92376829428,1.0,0.30429929737324823,25.01156598506686,33.979400437457386,35.1100737483586
22800.0,214987.11850908838,1.0,214987.11850908838,problem_spec,189,157,3140.0,68.46723519397719,0.012228992226700696,2629.0758010884233,212358.04270799994,1.0000000000000007,0.07144227720348975,0.25073641000786917,22.524179433056986,30.75034034182514,39.94265111823975,0.0,3780.0,211207.11850908835,1.0,0.30358940829346687,23.956175401755182,31.985965982756387,39.76036916341989
23100.0,212546.97540126435,1.0,212546.97540126435,problem_spec,184,154,3080.0,69.00875824716375,0.012268587566525586,2607.6511797105713,209939.32422155375,1.0000000000000004,0.07086008640517857,0.24870999693614787,21.568975069747598,29.658240014020397,37.841557967283485,0.0,3680.0,208866.97540126432,1.0,0.3,25.14630678052426,38.39747890891994,39.67821991519345
23400.0,210112.65582078396,1.0,210112.65582078396,problem_spec,189,157,3140.0,66.91485854165094,0.012574119493599632,2641.9816414081097,207470.67417937584,1.0000000000000009,0.07179297938608994,0.25162830598498614,21.56538043016505,29.02721818323305,35.24522523092652,0.0,3780.0,206332.65582078396,1.0,0.3035894082934668,24.74191219812929,36.05361093258835,37.54155417025231
23700.0,207685.31837192515,1.0,207685.31837192515,problem_spec,187,157,3140.0,66.14182113755578,0.012798759463105587,2658.1144338607733,205027.20393806437,1.0000000000000007,0.07223137048534711,0.25206380818517543,23.50920794414373,29.234640038627106,34.30279765543981,0.0,3740.0,203945.31837192515,1.0,0.30216169431035866,26.171099841027587,35.745402282051856,37.44173646441103
24000.0,205266.11833584937,1.0,205266.11833584937,problem_spec,189,154,3080.0,66.6448436155355,0.01267655840195768,2602.0679370275507,202664.05039882183,1.0000000000000007,0.07070836785400952,0.24998965110839388,21.47669230203716,29.10930693439947,34.0187252869451,0.0,3780.0,201486.11833584937,1.0,0.30358940829346687,23.35904254168707,30.067733317977563,35.272824853781344
24300.0,202856.20712075045,1.0,202856.20712075045,problem_spec,187,153,3060.0,66.2928781440361,0.012954576333556995,2627.9162198816093,200228.29090086883,1.000000000000001,0.07141076684460895,0.2506592399821782,23.04574843742359,29.744318992849482,34.30217052191859,0.0,3740.0,199116.20712075045,1.0,0.30216169431035866,25.104862289316358,32.058388604016365,37.34494179021582
24600.0,200456.7317138464,1.0,200456.7317138464,problem_spec,185,154,3080.0,65.08335445254754,0.013217047138661087,2649.446072323847,197807.28564152255,1.0000000000000007,0.07199581718271324,0.2513292804517786,21.87275923706039,28.14667863270151,34.010948551408845,0.0,3700.0,196756.7317138464,1.0,0.30072327352580414,24.673793241684468,34.50523894645293,36.027201346434936
24900.0,198068.8341354757,1.0,198068.8341354757,problem_spec,194,158,3160.0,62.68001080236573,0.013368604919930048,2647.9039905083296,195420.9301449674,1.0000000000000009,0.07195391278555242,0.25129544285423444,21.168110294699584,28.250844957007,33.98986276853692,0.0,3880.0,194188.8341354757,1.0,0.3071128281673573,24.17785828568293,34.029654656218135,35.747292437061354
25200.0,195693.6508955576,1.0,195693.6508955576,problem_spec,190,160,3200.0,61.15426590486175,0.013606165005759872,2662.6401046645246,193031.01079089308,1.0000000000000007,0.07235435067023166,0.2516362390629246,23.43018226023207,28.655641905291493,34.09001068098327,0.0,3800.0,191893.6508955576,1.0,0.30429929737324823,25.599920130504078,32.905773826332506,34.82653563880471
25500.0,193332.3124526748,1.0,193332.3124526748,problem_spec,187,159,3180.0,60.79632467065246,0.013550249018953698,2619.7009771439066,190712.61147553087,1.0000000000000007,0.07118752655282357,0.24966584384938934,20.76902810583041,27.616946265651265,34.035956631114836,0.0,3740.0,189592.31245267479,1.0,0.3021616943103586,23.09903477137498,30.94719391005689,33.93871648052022
25800.0,190985.9426760365,1.0,190985.9426760365,problem_spec,187,153,3060.0,62.413706756874674,0.0137639961385593,2628.729777512074,188357.21289852442,1.0000000000000004,0.07143287438891506,0.25108508222333153,21.885652345184074,28.9511371042455,35.29134489763231,0.0,3740.0,187245.9426760365,1.0,0.30216169431035866,24.961430992274625,35.700224031531135,37.475948871530804
26100.0,188655.65831057733,1.0,188655.65831057733,problem_spec,189,158,3160.0,59.70115769322067,0.014070026018739327,2654.390021012219,186001.2682895651,1.0000000000000009,0.07213016361446248,0.2516441857767599,22.57211250647004,28.48119577877314,32.4742355876985,0.0,3780.0,184875.65831057733,1.0,0.3035894082934668,24.904700091185695,33.23135591629747,34.74096897765557
26400.0,186342.56844544754,1.0,186342.56844544754,problem_spec,193,157,3140.0,59.344767020843165,0.01401088472199273,2610.8242452892055,183731.74420015834,1.0000000000000007,0.07094631101329363,0.2489100996582818,21.26248108728893,27.959913057552587,33.869815254568195,0.0,3860.0,182482.56844544754,1.0,0.30641331338575645,24.22943034097794,34.11085280246454,35.75073715528542
26700.0,184047.7739861464,1.0,184047.7739861464,problem_spec,187,155,3100.0,59.37024967295046,0.014183725763883048,2610.483153672629,181437.2908324738,1.0000000000000007,0.07093704221936492,0.24890555553269164,21.895798610095447,29.00366746695078,36.089005671587316,0.0,3740.0,180307.77398614644,1.0,0.3021616943103586,25.04571488843696,36.270210648696796,38.00747838747001
27000.0,181772.36713055082,1.0,181772.36713055082,problem_spec,186,155,3100.0,58.636247461468,0.01450817838857407,2637.1859284434095,179135.1812021074,1.0000000000000004,0.07166266109900568,0.2503049727433456,21.866278674653888,29.53516859354834,35.58306867136384,0.0,3720.0,178052.36713055082,1.0,0.3014438318209732,23.46707106980742,30.532171673529497,38.475506387730775
27300.0,179517.43084908847,1.0,179517.43084908847,problem_spec,187,155,3100.0,57.908848660996284,0.014728644613386035,2644.048440884327,176873.38240820414,1.0000000000000007,0.07184914241533497,0.2516758366314664,22.203351939437916,29.720790814286254,37.55084336643035,0.0,3740.0,175777.43084908847,1.0,0.30216169431035866,24.155101236636423,31.262317348661597,36.90562483151595
27600.0,177284.03836930246,1.0,177284.03836930246,problem_spec,190,157,3140.0,56.459884830988045,0.015076340735683941,2672.7945694536693,174611.2437998488,1.0000000000000009,0.07263028721341494,0.25256459099546796,20.808720692527135,27.4989821232474,32.75714367503916,0.0,3800.0,173484.03836930246,1.0,0.30429929737324823,23.722230964338557,34.44866670063474,35.76341715395385
27900.0,175073.25266505298,1.0,175073.25266505298,problem_spec,193,158,3160.0,55.402928058561066,0.014968914220260228,2620.656501405123,172452.59616364786,1.0000000000000007,0.07121349188600878,0.24964753896522573,22.66809538961281,28.785649705149734,33.552169898494135,0.0,3860.0,171213.25266505298,1.0,0.30641331338575645,25.314418474843578,33.865004555778384,36.68651968502959
28200.0,172886.12595059947,1.0,172886.12595059947,problem_spec,182,152,3040.0,56.87043616796035,0.015073871093178433,2606.063176378347,170280.06277422112,1.0000000000000009,0.07081693414071595,0.2486649623172199,20.748023603596618,29.68575434740532,33.890445674470286,0.0,3640.0,169246.12595059947,1.0,0.29854522824545116,22.499719668127252,30.258803409094284,36.557207588475656
28500.0,170723.6991798037,1.0,170723.6991798037,problem_spec,189,155,3100.0,55.07216102574313,0.015568820163753253,2657.9665702210723,168065.73260958266,1.0000000000000007,0.07222735245165958,0.2525807803196987,23.567050874961502,29.212067395741357,33.8402725872896,0.0,3763.5168786638824,166960.18230113984,1.0,0.3028723681059264,26.13588552840497,34.4553444607452,37.416297161898
28800.0,168587.00155069184,1.0,168587.00155069184,problem_spec,191,157,3140.0,53.69012788238594,0.015673244570737363,2642.3053067512724,165944.69624394056,1.0000000000000007,0.07180177463998023,0.2505399672884329,21.621868681761647,28.523814856560154,33.893327376586285,0.0,3820.0,164767.00155069184,1.0,0.3050065658284879,24.72424920149569,35.68380168695361,37.07404920603737
29100.0,166477.05001561224,1.0,166477.05001561224,problem_spec,190,160,3200.0,52.02407812987882,0.01583110236747594,2635.5152206325697,163841.53479497967,1.0000000000000004,0.07161726143023288,0.25058564773318415,19.741567631038286,27.964942733956487,34.80324906139535,0.0,3800.0,162677.05001561224,1.0,0.30429929737324823,22.05248942260106,31.01803623135585,38.03738600057729
29400.0,164394.84879722106,1.0,164394.84879722106,problem_spec,189,157,3140.0,52.35504738765002,0.016016322800623678,2633.0009650960137,161761.84783212503,1.0000000000000004,0.07154893926891341,0.2506590559609719,23.14576588056187,32.090387725169926,40.79579684121839,0.0,3780.0,160614.84879722106,1.0,0.30358940829346687,24.412611622895145,34.44071472180223,40.6799476312441
29700.0,162341.38891052653,1.0,162341.38891052653,problem_spec,184,155,3100.0,52.36818997113759,0.016153306726425117,2622.350249465604,159719.0386610609,1.0000000000000007,0.07125951764852186,0.24991724520160666,21.00016536368234,29.010738686754937,36.75098276607269,0.0,3680.0,158661.38891052653,1.0,0.30000000000000004,23.07824339988981,30.496362810259136,36.14779442662831
30000.0,160317.6476912197,1.0,160317.6476912197,problem_spec,190,158,3160.0,50.73343281367712,0.01653464274893402,2650.795030923785,157666.8526602959,1.0000000000000007,0.07203247366640722,0.25118376565512773,21.73760347042302,29.548467190935867,35.58629630082442,0.0,3800.0,156517.6476912197,1.0,0.30429929737324823,23.707022285645596,30.927944884734913,36.369991758704074
30300.0,158324.58833051557,1.0,158324.58833051557,problem_spec,188,154,3080.0,51.40408712029726,0.016532984436463262,2617.577954777867,155707.0103757377,1.0000000000000007,0.07112983572765944,0.24996704967381422,22.788714181982932,28.073914065978652,33.13747978109193,0.0,3760.0,154564.58833051557,1.0,0.3028768801623227,25.308479127271664,34.06366656332407,35.72233340810975
30600.0,156363.1594167261,1.0,156363.1594167261,problem_spec,189,154,3080.0,50.76725955088509,0.016610956624348697,2597.3416587173574,153765.81775800872,1.0000000000000004,0.07057993637818907,0.24848389102948681,21.828837153998368,28.388110501840508,33.56637589670127,0.0,3778.1741133298287,152584.98530339627,1.0,0.30345018709978483,24.046910078403428,31.38230561473281,36.82339131083193
30900.0,154434.2944837835,1.0,154434.2944837835,problem_spec,187,154,3080.0,50.14100470252711,0.017198286880667497,2656.005300745595,151778.2891830379,1.0000000000000009,0.07217405708547812,0.251751463497384,23.293224235440736,29.540853897483032,35.8274262380872,0.0,3740.0,150694.2944837835,1.0,0.30216169431035866,25.045444727338392,31.852335722436717,36.05355077046977
31200.0,152538.91156692905,1.0,152538.91156692905,problem_spec,184,155,3100.0,49.20610050546098,0.017367987993267848,2649.2939846005697,149889.6175823285,1.0000000000000009,0.07199168436414591,0.2510920681690075,21.66664244454564,28.487680896966573,32.48989488045452,0.0,3680.0,148858.91156692908,1.0,0.30000000000000004,24.093215061970632,32.461969018399664,34.271461105892115
31500.0,150677.91276577747,1.0,150677.91276577747,problem_spec,192,162,3240.0,46.5055286314128,0.017419639613695824,2624.754938123741,148053.15782765372,1.0000000000000007,0.07132486244901472,0.2502574257824075,21.062648720965253,27.097147345749217,32.59741225386603,0.0,3840.0,146837.91276577747,1.0,0.305711231847773,23.540740738504883,31.931964308567416,33.34758811577449
31800.0,148852.18381496673,1.0,148852.18381496673,problem_spec,190,156,3120.0,47.709033274027796,0.017711189033202127,2636.349165551826,146215.8346494149,1.0000000000000007,0.07163992297695179,0.2509755893668373,23.53556557445496,30.511532125379745,37.173513971860714,0.0,3795.3796932918594,145056.80412167488,1.0,0.30397676978018134,24.96089583721306,31.192052091321642,37.20842455709455
32100.0,147062.5936625964,1.0,147062.5936625964,problem_spec,185,153,3060.0,48.05967113156745,0.017804604994948844,2618.391389695196,144444.2022729012,1.0000000000000004,0.07115193993736944,0.24944396518802447,22.956357581604387,28.817392666767315,34.26429009883864,0.0,3700.0,143362.5936625964,1.0,0.30072327352580414,25.69437953915367,34.69120160552291,37.22032090240638
32400.0,145309.99405665498,1.0,145309.99405665498,problem_spec,188,156,3120.0,46.57371604379967,0.01822429752116281,2648.1725644868798,142661.8214921681,1.0000000000000004,0.0719612109914913,0.25105659904263605,21.501293371663493,31.0514326097832,36.97643549396377,0.0,3760.0,141549.99405665498,1.0,0.3028768801623227,22.86873910243395,32.42492936893055,40.16339906799585
32700.0,143595.21913963452,1.0,143595.21913963452,problem_spec,188,157,3140.0,45.73096150943774,0.018432737677254295,2646.8530061087286,140948.3661335258,1.0000000000000009,0.07192535342686761,0.2515471286554237,22.60279384425492,31.07350004785627,37.993331690412745,0.0,3753.423866484992,139841.79527314953,1.0,0.30244379373463354,25.964140186679884,38.69586635372662,39.987875199141996
33000.0,141919.08505152355,1.0,141919.08505152355,problem_spec,191,157,3140.0,45.19716084443425,0.018410087554543937,2612.742781459316,139306.3422700642,1.0000000000000009,0.07099844514835096,0.24896441293411478,20.84692836929894,27.578004244010955,33.08413152303853,0.0,3820.0,138099.08505152352,1.0,0.3050065658284879,23.699168467638525,33.27701162826052,34.40668961722924
33300.0,140282.38954136896,1.0,140282.38954136896,problem_spec,188,156,3120.0,44.96230434018236,0.01892878188996951,2655.374754632313,137627.01478673666,1.0000000000000007,0.0721569226802259,0.25197635728211243,21.943616338223222,28.596379111257715,35.10848209916336,0.0,3752.1913451851487,136530.1981961838,1.0,0.30238416559306225,24.98059506499805,35.89487373226509,36.997593213757234
33600.0,138685.91158759044,1.0,138685.91158759044,problem_spec,186,153,3060.0,45.32219332927792,0.018989425065149414,2633.565725684485,136052.34586190595,1.0000000000000007,0.07156428602403493,0.25054552168145205,22.850543523089268,29.647758135922647,34.25941802887973,0.0,3720.0,134965.91158759044,1.0,0.3014438318209732,24.71396636683658,30.97889418045557,37.3358187114103
33900.0,137130.411027229,1.0,137130.411027229,problem_spec,188,154,3080.0,44.5228607231263,0.01914187617866027,2624.9333482120064,134505.477679017,1.0000000000000007,0.07132971054923928,0.25110204811595815,22.992408423282402,28.3234631873887,32.537931954675756,0.0,3760.0,133370.411027229,1.0,0.3028768801623227,25.395357262865552,33.21589738800323,36.51092335733436
34200.0,135616.62819430578,1.0,135616.62819430578,problem_spec,187,157,3140.0,43.19000897907828,0.019462470708034866,2639.4346537541314,132977.19354055164,1.0000000000000007,0.07172376776505793,0.2506743356694082,23.47009736134141,29.186914584024297,35.23732057546261,0.0,3740.0,131876.62819430578,1.0,0.3021616943103586,25.362363686390392,32.069813042580684,35.462902522411945
34500.0,134145.28356746302,1.0,134145.28356746302,problem_spec,191,156,3120.0,42.99528319469969,0.01952609819191713,2619.3339789208503,131525.94958854216,1.0000000000000007,0.0711775537750231,0.24982768907627662,21.260425782163246,27.520511478733816,32.879864358438496,0.0,3820.0,130325.28356746302,1.0,0.3050065658284879,24.276008375154237,34.44493456628369,37.07628927980282
34800.0,132717.07742705534,1.0,132717.07742705534,problem_spec,184,153,3060.0,43.37159393041024,0.019880968617203617,2638.5440512942696,130078.53337576106,1.0000000000000007,0.07169956661125733,0.25070422070875137,20.729626427816388,28.159600658686397,33.425322941350785,0.0,3680.0,129037.07742705534,1.0,0.30000000000000004,23.32132118890638,32.861458096140765,35.324129704007085
35100.0,131332.68952185422,1.0,131332.68952185422,problem_spec,188,160,3200.0,41.04146547557944,0.02015965802584082,2647.622108374509,128685.06741347972,1.0000000000000007,0.07194625294495949,0.25076764447248107,21.40755899544087,28.42641028419383,34.06552072721705,0.0,3748.861655089698,127583.82786676452,1.0,0.3022571455444159,24.119423262915923,33.69166950682157,36.26835131841079
35400.0,129992.77874552434,1.0,129992.77874552434,problem_spec,193,157,3140.0,41.398974122778455,0.020086024707291185,2611.0381656520385,127381.7405798723,1.0000000000000007,0.07095212406663148,0.2503287702748224,20.82364944218743,29.518465073223098,35.53916906586822,0.0,3860.0,126132.77874552434,1.0,0.30641331338575645,22.70623349905993,30.76701205203682,38.61521557248148
35700.0,128697.98282302584,1.0,128697.98282302584,problem_spec,188,158,3160.0,40.7272097541221,0.02048302723612623,2636.124287398544,126061.8585356273,1.0000000000000007,0.07163381215756914,0.2506081276908559,21.96614012469959,28.57220092828357,34.34339549713884,0.0,3760.0,124937.98282302584,1.0,0.3028768801623227,24.845168885893283,35.34649593245763,36.73249736222563
36000.0,127448.91800709197,1.0,127448.91800709197,problem_spec,187,156,3120.0,40.849012181760244,0.020831280347193688,2654.924140952234,124793.99386613972,1.0000000000000007,0.07214467774326724,0.251770180916979,22.11583704983773,30.23609878386397,35.57409996463046,0.0,3740.0,123708.91800709195,1.0,0.3021616943103586,23.849928722590306,31.397684253348796,38.660983850208794
36300.0,126246.17878492607,1.0,126246.17878492607,problem_spec,186,154,3080.0,40.989019086014956,0.020925970712106907,2641.823839768775,123604.35494515729,1.0000000000000009,0.07178869129806455,0.25052209933109876,21.342152703793133,28.887689226380946,34.919264394288504,0.0,3720.0,122526.17878492607,1.0,0.3014438318209732,24.61920476918099,36.33572365996734,38.39053882170181
36600.0,125090.33759525757,1.0,125090.33759525757,problem_spec,190,157,3140.0,39.83768713224764,0.020979438296122536,2624.3250190208437,122466.01257623674,1.0000000000000007,0.07131317986469683,0.2508686814241204,22.041767167328757,28.849981795830054,35.45715569878406,0.0,3800.0,121290.33759525759,1.0,0.30429929737324823,25.30592268997153,36.339097783845595,37.915151361505345
36900.0,123981.94455589274,1.0,123981.94455589274,problem_spec,191,159,3180.0,38.98803287921155,0.021092289569986537,2615.063076022906,121366.88147986981,1.000000000000001,0.07106149663105722,0.24962028782621187,22.419890509125526,29.61326632230437,37.37195847188055,0.0,3806.1268480398558,120175.81770785287,1.0,0.30432655790853297,25.7923289405455,37.69754717722881,39.28365202546061
37200.0,122921.5272018879,1.0,122921.5272018879,problem_spec,188,155,3100.0,39.6521055489961,0.02149506278577435,2642.2059449278504,120279.32125696006,1.0000000000000009,0.07179907459043072,0.25029324278560366,21.553101623976424,28.368425040020664,34.361753655307396,0.0,3760.0,119161.5272018879,1.0,0.3028768801623227,24.6612819099241,35.719447537146536,37.10173687209057
37500.0,121909.59023447159,1.0,121909.59023447159,problem_spec,187,155,3100.0,39.32567426918438,0.02188864008587068,2668.435143658324,119241.15509081326,1.0000000000000004,0.0725118245559327,0.2529122776528754,22.697459885525106,34.65282224744295,41.371023952684055,0.0,3740.0,118169.59023447159,1.0,0.3021616943103586,23.152428504352805,34.887000984250896,44.40578644558583
37800.0,120946.61528083394,1.0,120946.61528083394,problem_spec,185,154,3080.0,39.268381584686345,0.021560182605816554,2607.6311110102224,118338.98416982371,1.0000000000000007,0.0708595410600604,0.24913611194848367,22.676504814693207,30.778342501117756,36.681116181620325,0.0,3700.0,117246.61528083394,1.0,0.3007232735258042,24.12299380126244,32.47054725959565,36.90285827711128
38100.0,120033.06066489835,1.0,120033.06066489835,problem_spec,191,155,3100.0,38.72034214996721,0.02181917873111781,2619.022804290524,117414.03786060784,1.0000000000000009,0.07116909794267727,0.2499933483698867,20.039751015826663,28.71770036239605,32.85046250592367,0.0,3820.0,116213.06066489837,1.0,0.3050065658284879,22.449676657708423,31.21597380410834,35.93335789859928
38400.0,119169.36118918403,1.0,119169.36118918403,problem_spec,189,162,3240.0,36.780667033698776,0.02240556234587102,2670.056551841885,116499.30463734215,1.0000000000000009,0.0725558845609208,0.25216022588476933,22.236855750196813,28.11368318929986,32.138967455009215,0.0,3780.0,115389.36118918404,1.0,0.3035894082934668,24.576383931988865,32.98611248916165,34.60559623695499
38700.0,118355.92792786365,1.0,118355.92792786365,problem_spec,185,152,3040.0,38.93287102890252,0.02213685322588429,2620.027804952457,115735.9001229112,1.0000000000000007,0.0711964077432733,0.24979164168137377,21.304488445314504,28.742481456206242,35.18867124893069,0.0,3700.0,114655.92792786365,1.0,0.30072327352580414,24.69905099625483,36.53330146442964,37.81961720313171
39000.0,117593.14803111415,1.0,117593.14803111415,problem_spec,189,154,3080.0,38.1795935165955,0.022288285235907257,2620.949625105738,114972.19840600839,1.0000000000000009,0.07122145720396027,0.25009510289343784,22.838920869182015,30.15391439674168,36.982486703877264,0.0,3780.0,113813.14803111413,1.0,0.30358940829346687,24.414736849224692,30.85792394688029,36.63126057928885
39300.0,116881.38454085443,1.0,116881.38454085443,problem_spec,190,157,3140.0,37.22337087288358,0.02229785737908293,2606.20444276172,114275.18009809271,1.0000000000000009,0.0708207729011337,0.24957766365549644,22.627283589531487,28.43577669414196,34.22067828866288,0.0,3800.0,113081.38454085443,1.0,0.30429929737324823,25.319998075317926,34.48264355423373,36.96928764224526
39600.0,116220.97621795682,1.0,116220.97621795682,problem_spec,190,158,3160.0,36.7787899423914,0.022732672705052505,2642.0134138245035,113578.96280413232,1.0000000000000004,0.0717938427669702,0.2501512937069635,21.06528670549749,30.22674203234733,36.751386333660136,0.0,3800.0,112420.97621795682,1.0,0.30429929737324823,24.833502372627382,38.49164152972142,39.9259101166078
39900.0,115612.23738101544,1.0,115612.23738101544,problem_spec,188,157,3140.0,36.819183879304276,0.02318515181558864,2680.487275418715,112931.75010559673,1.000000000000001,0.07283932813637811,0.25354608351957414,20.619569049922678,28.339669329997932,34.866282189302524,0.0,3760.0,111852.23738101544,1.0,0.3028768801623227,23.234043948532616,32.7898529830875,34.46868008903059
40200.0,115055.45775674749,1.0,115055.45775674749,problem_spec,187,153,3060.0,37.59982279632271,0.02258002008063024,2597.9545465334627,112457.50321021402,1.0000000000000007,0.07059659093840932,0.24857275802884485,21.887080768512043,28.428090900776837,32.84225211646978,0.0,3740.0,111315.45775674749,1.0,0.3021616943103586,24.35146845430145,32.189820578870744,34.934020965083064
40500.0,114550.90234209901,1.0,114550.90234209901,problem_spec,189,154,3080.0,37.191851409772404,0.02270993858077108,2601.4439565609746,111949.45838553805,1.000000000000001,0.07069141186306997,0.24942062818305488,21.969555397202598,29.621640567322284,34.332472301186215,0.0,3780.0,110770.90234209903,1.0,0.30358940829346687,23.694841170309743,30.149297370337504,36.81351286537756
40800.0,114098.81127812079,1.0,114098.81127812079,problem_spec,188,156,3120.0,36.57013181991051,0.02337193529702861,2666.7100346601173,111432.10124346067,1.0000000000000007,0.07246494659402493,0.2524282606170507,21.278801084760264,29.67522740328477,38.07811058148452,0.0,3760.0,110338.81127812079,1.0,0.3028768801623227,23.1589379423258,30.859455863123582,38.01308843017438
41100.0,113699.3997356741,1.0,113699.3997356741,problem_spec,190,159,3180.0,35.754528218765444,0.0232528206700401,2643.831752344835,111055.56798332928,1.0000000000000007,0.0718432541398053,0.2506842621326881,20.367534985498693,27.56818934876953,32.71519984256418,0.0,3800.0,109899.39973567412,1.0,0.30429929737324823,23.413431173665998,34.37120238213909,36.04632109242239
41400.0,113352.85781302108,1.0,113352.85781302108,problem_spec,185,156,3120.0,36.33104417084009,0.023193587113747593,2629.059382278549,110723.79843074254,1.0000000000000009,0.07144183104017796,0.2508198309461756,20.735701794882697,27.591024294552348,32.593567880067425,0.0,3700.0,109652.85781302108,1.0,0.30072327352580414,23.611370285308187,33.683168684998236,35.062499654975284
41700.0,113059.35044534829,1.0,113059.35044534829,problem_spec,185,151,3020.0,37.436871008393474,0.023109050574919642,2612.6942474091175,110446.65619793917,1.0000000000000004,0.07099712628829123,0.2502394606651461,22.547806262680908,28.474150997733,33.34043020769825,0.0,3700.0,109359.35044534829,1.0,0.30072327352580414,24.88639581517739,32.63374913635648,36.40462277875584
42000.0,112819.01732626639,1.0,112819.01732626639,problem_spec,191,153,3060.0,36.86895991054457,0.0232321983642249,2621.0337897807467,110197.98353648564,1.0000000000000009,0.07122374428752029,0.25088575401454305,21.21658134031756,30.045828756660633,34.79558398789376,0.0,3820.0,108999.01732626639,1.0,0.3050065658284879,23.163195471935424,31.19247083356656,37.079736578037775
42300.0,112631.97284132369,1.0,112631.97284132369,problem_spec,187,158,3160.0,35.64302938016572,0.023631275266205405,2661.6371539890915,109970.33568733459,1.0000000000000009,0.07232709657579052,0.25178510450644814,21.989336948088738,28.71403982317318,33.56919663997881,0.0,3740.0,108891.97284132369,1.0,0.30216169431035866,24.615145586764303,34.479165444281435,35.684281485789
42600.0,112498.30601356471,1.0,112498.30601356471,problem_spec,186,149,2980.0,37.751109400525074,0.023256920007258722,2616.3641039095874,109881.94190965511,1.0000000000000007,0.07109685064971705,0.2507808580893912,22.908062148661063,31.302526801558063,35.72601530500719,0.0,3720.0,108778.3060135647,1.0,0.3014438318209732,24.179100950493567,31.7621388865372,37.44032563594505
42900.0,112418.08046116015,1.0,112418.08046116015,problem_spec,188,156,3120.0,36.03143604524364,0.023141705362551862,2601.5460954558166,109816.53436570433,1.0000000000000004,0.07069418737651675,0.2485229771518047,22.76611490858192,30.82378901235888,38.02757820949491,0.0,3760.0,108658.08046116015,1.0,0.3028768801623227,26.204075737925464,38.26263766403399,39.322939004553994
43200.0,112391.33436712789,1.0,112391.33436712789,problem_spec,188,157,3140.0,35.79341858825729,0.02351694107317298,2643.100387447028,109748.23397968085,1.0000000000000009,0.07182338009366925,0.2522697943682089,21.69523734661071,29.478665364835443,34.71819398780984,0.0,3760.0,108631.33436712789,1.0,0.3028768801623227,23.657808683483008,31.09057072383919,37.27457747951594
43500.0,112418.08046116015,1.0,112418.08046116015,problem_spec,190,159,3180.0,35.35159762929565,0.023608863336187776,2654.063098124091,109764.01736303605,1.0000000000000004,0.07212127984032857,0.2511437863959593,20.381272607444554,27.729983298664,32.80696622248163,0.0,3800.0,108618.08046116015,1.0,0.30429929737324823,23.41326044669986,34.35810115386681,35.46180452283216
43800.0,112498.30601356471,1.0,112498.30601356471,problem_spec,188,155,3100.0,36.28977613340797,0.023483567155706712,2641.861524172791,109856.4444893919,1.0000000000000009,0.07178971533078236,0.2511370990078204,22.845239004845475,28.513648981077143,34.59482208279565,0.0,3760.0,108738.3060135647,1.0,0.3028768801623227,25.547508395682566,35.280898746466605,36.29275395205161
44100.0,112631.97284132369,1.0,112631.97284132369,problem_spec,188,160,3200.0,35.19749151291365,0.023365525759447607,2631.705262761352,110000.26757856234,1.0000000000000004,0.07151372996634106,0.2502117302804949,20.27124162102096,29.23866554015788,36.893156189692284,0.0,3760.0,108871.97284132369,1.0,0.3028768801623227,22.34870504193621,30.342989794833542,36.60744168646659
44400.0,112819.01732626639,1.0,112819.01732626639,problem_spec,186,154,3080.0,36.62955107995662,0.023125937812980474,2609.045578808803,110209.97174745759,1.0000000000000007,0.07089797768502182,0.2490459719502968,21.599323390030698,28.131408349166595,35.19640092777518,0.0,3720.0,109099.01732626639,1.0,0.3014438318209732,24.595894107043545,35.150678018800534,36.4793929401317
44700.0,113059.35044534829,1.0,113059.35044534829,problem_spec,190,157,3140.0,36.00616256221283,0.02349266820096412,2656.065807029093,110403.2846383192,1.0000000000000007,0.07217570127796448,0.2514053040250088,20.68991947943254,27.5372697408183,32.00576235302746,0.0,3800.0,109259.35044534829,1.0,0.30429929737324823,23.29280552325069,32.583001799414454,34.49303343491069
45000.0,113352.85781302108,1.0,113352.85781302108,problem_spec,190,159,3180.0,35.64555277139028,0.023454736663293823,2658.661430036197,110694.19638298488,1.000000000000001,0.07224623451185318,0.2521521537773437,21.94381235600704,30.22591911320416,36.052620173038505,0.0,3800.0,109552.85781302108,1.0,0.30429929737324823,23.38940608376928,30.46512981201974,36.17018344632829
45300.0,113699.3997356741,1.0,113699.3997356741,problem_spec,185,157,3140.0,36.20999991581978,0.02288048826048597,2601.4977808763933,111097.90195479772,1.0000000000000007,0.07069287448033676,0.24768964620955142,20.657122765938336,28.96800189244057,35.85227253552353,0.0,3700.0,109999.39973567412,1.0,0.30072327352580414,22.41242675653613,29.263388530197695,35.454100725844285
45600.0,114098.81127812079,1.0,114098.81127812079,problem_spec,189,155,3100.0,36.80606815423251,0.02294687299602515,2618.21093139648,111480.60034672431,1.0000000000000004,0.07114703617925217,0.24989639179669146,22.76743877011412,28.633886603311073,34.60716197347,0.0,3777.4953166737396,110321.31596144705,1.0,0.30340221836240666,24.843622317736937,31.631915224512685,34.53290114157287
45900.0,114550.90234209901,1.0,114550.90234209901,problem_spec,189,153,3060.0,37.43493540591471,0.02298886087943913,2633.394757556732,111917.5075845423,1.0000000000000007,0.07155964015099815,0.249595185500219,24.360889204619173,33.92239304886795,40.071774886552845,0.0,3780.0,110770.90234209903,1.0,0.3035894082934668,24.78723745504147,35.04969379684557,42.915921072396074
46200.0,115055.45775674748,1.0,115055.45775674748,problem_spec,190,156,3120.0,36.876749281008806,0.023041386582001312,2651.0372805423403,112404.42047620514,1.0000000000000007,0.07203905653647663,0.25095002494477814,23.201846978442607,29.517884691048327,35.20786636198839,0.0,3800.0,111255.45775674748,1.0,0.30429929737324823,25.96317443881364,35.60554710951485,37.25760452476058
46500.0,115612.23738101544,1.0,115612.23738101544,problem_spec,189,159,3180.0,36.35604949088536,0.02286743111712918,2643.7548746075577,112968.48250640788,1.000000000000001,0.07184116507085755,0.25148260243108167,21.794620082284442,32.8893132085853,39.51083727402399,0.0,3780.0,111832.23738101544,1.0,0.30358940829346687,22.95463582189457,33.6606070770808,42.61993699801417
46800.0,116220.97621795682,1.0,116220.97621795682,problem_spec,187,158,3160.0,36.7787899423914,0.02249759804051296,2614.692806827609,113606.28341112922,1.0000000000000007,0.07105143496814156,0.24929385726943712,22.695434913545526,29.540964954643794,33.725560752758376,0.0,3740.0,112480.97621795682,1.0,0.30216169431035866,24.62903796896158,31.62326913177161,35.09867319148273
47100.0,116881.3845408544,1.0,116881.3845408544,problem_spec,188,157,3140.0,37.223370872883564,0.022427710723669492,2621.381881464258,114260.00265939014,1.0000000000000007,0.07123320330065919,0.24991231164523317,22.05115735580284,30.34389533673852,36.224819395907375,0.0,3760.0,113121.3845408544,1.0,0.3028768801623227,23.692276884084524,31.646752631296955,35.74029317962512
47400.0,117593.14803111415,1.0,117593.14803111415,problem_spec,188,153,3060.0,38.429133343501356,0.022678902648198954,2666.883556292886,114926.26447482125,1.000000000000001,0.07246966185578495,0.2532559085429708,22.671940839270874,34.80283371819031,41.018111523933925,0.0,3760.0,113833.14803111413,1.0,0.3028768801623227,23.03909177403852,34.94084747909395,44.13068790707053
47700.0,118355.92792786362,1.0,118355.92792786362,problem_spec,191,157,3140.0,37.692970677663574,0.022091155411310386,2614.6191977042863,115741.30873015932,1.0000000000000007,0.07104943472022518,0.2490410943232799,20.98456183835106,29.814227009404814,37.68006969499401,0.0,3804.033717342476,114551.89421052113,1.0,0.30429840666366376,24.713289913624042,37.85520119740462,39.480455521043
48000.0,119169.36118918403,1.0,119169.36118918403,problem_spec,187,156,3120.0,38.19530807345642,0.02195345509336284,2616.1792193714878,116553.18196981255,1.0000000000000007,0.07109182661335564,0.2486739323650998,24.135257086694097,30.031721367824787,35.20402685870935,0.0,3740.0,115429.36118918404,1.0,0.30216169431035866,26.30822715898634,33.48551605149119,35.151906286093705
48300.0,120033.06066489832,1.0,120033.06066489832,problem_spec,186,156,3120.0,38.472134828493054,0.021970519811036808,2637.188737317532,117395.87192758081,1.0000000000000007,0.07166273742710683,0.2499764897949055,21.996445465526637,28.327112893326326,32.8753063067188,0.0,3720.0,116313.06066489834,1.0,0.3014438318209732,24.248607330146008,32.02198026319961,35.78958017645172
48600.0,120946.61528083392,1.0,120946.61528083392,problem_spec,191,161,3220.0,37.56106064622172,0.021996237351490075,2660.3704565765793,118286.24482425734,1.0000000000000007,0.07229267545045054,0.2512489173065747,22.50108525503164,30.0458289112889,37.41894913398217,0.0,3820.0,117126.61528083392,1.0,0.3050065658284879,24.646781658601125,32.32966893877728,36.89411146856316
48900.0,121909.59023447162,1.0,121909.59023447162,problem_spec,187,154,3080.0,39.58103579041286,0.022003514344955608,2682.439417511856,119227.15081695977,1.0000000000000007,0.07289237547586566,0.2540473026233083,21.510120564843753,33.19204819489452,39.64178811221147,0.0,3740.0,118169.59023447162,1.0,0.30216169431035866,22.366485281012416,33.35342182836766,40.407086283093335
49200.0,122921.52720188787,1.0,122921.52720188787,problem_spec,187,158,3160.0,38.89921746895186,0.021234165722724588,2610.1360794952857,120311.39112239257,1.000000000000001,0.07092761085585016,0.24808840851372962,24.070731193784486,34.44642588042553,40.566620748559465,0.0,3740.0,119181.52720188786,1.0,0.3021616943103586,24.482252355381835,35.655087142926824,39.89625899047969
49500.0,123981.94455589274,1.0,123981.94455589274,problem_spec,187,153,3060.0,40.51697534506299,0.020998587778680956,2603.44574572847,121378.49881016425,1.0000000000000007,0.07074580830783883,0.24862788790443405,21.03635103528886,28.004920674360378,33.654234631582355,0.0,3740.0,120241.94455589273,1.0,0.3021616943103586,23.443902356341873,31.465061185871225,36.16121752218535
49800.0,125090.33759525754,1.0,125090.33759525754,problem_spec,186,156,3120.0,40.09305692155691,0.021249874128483982,2658.15392858879,122432.18366666877,1.0000000000000007,0.07223244371165193,0.25248507006350396,22.873908661960712,29.8737887929081,36.84193930399066,0.0,3706.539219998356,121383.7983752592,1.0,0.3007604079708213,24.65548596216628,31.257889149596174,36.84193930399066
50100.0,126246.17878492601,1.0,126246.17878492601,problem_spec,190,156,3120.0,40.46351884132244,0.020892685500067457,2637.6217089387474,123608.55707598725,1.0000000000000004,0.07167450296029206,0.25061663588465566,20.354956171971445,27.32861238118862,33.85499201819022,0.0,3800.0,122446.178784926,1.0,0.30429929737324823,23.62137806881342,34.791030144673506,37.16645732625351
50400.0,127448.918007092,1.0,127448.918007092,problem_spec,189,156,3120.0,40.84901218176026,0.02071808342343467,2640.4973154974173,124808.42069159458,1.0000000000000009,0.07175264444286458,0.2511201261885089,22.108470601573615,28.37422254601199,33.584742122185155,0.0,3780.0,123668.918007092,1.0,0.30358940829346687,24.54880892482004,32.946677241849784,34.29876205236305
50700.0,128697.98282302584,1.0,128697.98282302584,problem_spec,189,154,3080.0,41.785059358125274,0.02043509190739891,2629.955107285379,126068.02771574046,1.0000000000000007,0.07146617139362443,0.2505366377607198,21.291666515117228,28.072244278440188,34.07311814216662,0.0,3780.0,124917.98282302584,1.0,0.3035894082934668,23.698607659725784,31.765278641012486,35.19685362161201
51000.0,129992.77874552431,1.0,129992.77874552431,problem_spec,186,156,3120.0,41.66435216202702,0.020197269696821986,2625.4992109626633,127367.27953456165,1.0000000000000007,0.07134508725442018,0.2501361077431814,21.43351403234161,30.51210639121195,37.87858445946459,0.0,3720.0,126272.77874552431,1.0,0.3014438318209732,25.212878308680487,39.14438121710975,41.03320202440521
51300.0,131332.68952185422,1.0,131332.68952185422,problem_spec,189,158,3160.0,41.56097769678931,0.02041944347546267,2681.7404301719907,128650.94909168223,1.0000000000000004,0.07287338125467367,0.2527201177257634,21.77239047138037,30.286389623475948,36.75274601695188,0.0,3780.0,127552.68952185422,1.0,0.30358940829346687,23.169201524043956,30.978145247101082,38.076856798949606
51600.0,132717.07742705534,1.0,132717.07742705534,problem_spec,190,156,3120.0,42.53752481636389,0.019736730033267237,2619.401127982016,130097.67629907333,1.0000000000000007,0.07117937847777217,0.2501254455300619,20.26860238080155,28.283068421291603,32.76663173422516,0.0,3800.0,128917.07742705534,1.0,0.30429929737324823,22.633881290836136,31.038167991964002,35.671596941094215
51900.0,134145.283567463,1.0,134145.283567463,problem_spec,185,155,3100.0,43.27267211853645,0.019337374844584698,2594.01763197714,131551.26593548586,1.0000000000000009,0.07048960956459618,0.24818166472996622,22.04497540286089,28.724793837286313,32.44330314991847,0.0,3700.0,130445.28356746299,1.0,0.30072327352580414,24.050525206116742,30.89696001210336,35.24479989939834
52200.0,135616.62819430575,1.0,135616.62819430575,problem_spec,188,161,3220.0,42.11696527773471,0.019621699762381366,2661.0287612151715,132955.5994330906,1.0000000000000007,0.07231056416345574,0.25165242359396484,22.54758473269298,28.508455729818266,33.03812849328074,0.0,3760.0,131856.62819430575,1.0,0.3028768801623227,25.042132264183916,33.48118008541333,34.93635039272118
52500.0,137130.411027229,1.0,137130.411027229,problem_spec,189,156,3120.0,43.952054816419555,0.019333406359015686,2651.1979605682645,134479.21306666074,1.000000000000001,0.07204342284152891,0.2508123133337926,21.564856835668348,28.407904124416575,32.241822413972336,0.0,3780.0,133350.411027229,1.0,0.30358940829346687,23.940978070404086,32.68102717572348,35.41315816704413
52800.0,138685.91158759044,1.0,138685.91158759044,problem_spec,191,158,3160.0,43.88794670493368,0.018927815281545215,2625.021316682623,136060.8902709078,1.0000000000000007,0.07133210099681041,0.24998639858409452,20.737191046662193,27.996538403556308,35.105430476942324,0.0,3820.0,134865.91158759044,1.0,0.3050065658284879,24.044069787904828,35.497704581810254,38.05663054929511
53100.0,140282.3895413689,1.0,140282.3895413689,problem_spec,191,158,3160.0,44.39316124726864,0.018584966732254436,2607.1435427474985,137675.2459986214,1.0000000000000007,0.07084629192248637,0.24932251211158088,21.161291579566196,27.720570750979835,35.13142041106624,0.0,3820.0,136462.3895413689,1.0,0.30500656582848795,23.332160140342474,30.730337565723516,35.16082020926721
53400.0,141919.08505152352,1.0,141919.08505152352,problem_spec,184,153,3060.0,46.37878596455017,0.018393144791069568,2610.338279968789,139308.74677155472,1.0000000000000007,0.07093310543393447,0.2487994062774101,21.663097610991098,28.759842992654903,33.35986728169023,0.0,3680.0,138239.08505152352,1.0,0.30000000000000004,24.441908486553352,34.08242059938547,35.53617975942843
53700.0,143595.21913963452,1.0,143595.21913963452,problem_spec,188,156,3120.0,46.024108698600806,0.01842376063116171,2645.5639452078367,140949.65519442668,1.0000000000000009,0.07189032459803905,0.25170166703942476,21.184026591362795,28.62246841437096,34.49179577479565,0.0,3760.0,139835.21913963452,1.0,0.3028768801623227,23.567075831300684,32.042385042969016,37.590470317849146
54000.0,145309.99405665495,1.0,145309.99405665495,problem_spec,188,155,3100.0,46.874191631179016,0.01824047237127058,2650.5229318599067,142659.47112479503,1.000000000000001,0.07202507967010616,0.2519656905302992,23.213026141978208,29.29192322202469,35.88973323178775,0.0,3760.0,141549.99405665495,1.0,0.3028768801623227,26.05358748176482,36.046786871177225,38.21591247622355
54300.0,147062.59366259637,1.0,147062.59366259637,problem_spec,192,155,3100.0,47.43954634277302,0.017782339064210093,2615.116904170443,144447.4767584259,1.0000000000000007,0.07106295935245768,0.2501807417672657,23.049967682929683,28.78827745526215,34.373484421906085,0.0,3834.7138854332416,143227.87977716312,1.0,0.3053522422004298,25.144181409695882,32.46469274814986,37.63116499618846
54600.0,148852.1838149668,1.0,148852.1838149668,problem_spec,188,158,3160.0,47.10512146043253,0.0179003893544219,2664.512046543883,146187.6717684229,1.0000000000000007,0.0724052186560838,0.25224311163361296,23.491389248733107,28.50840479607072,34.59911030115312,0.0,3760.0,145092.1838149668,1.0,0.3028768801623227,26.03921622613857,35.110788274968264,36.43818400773034
54900.0,150677.9127657774,1.0,150677.9127657774,problem_spec,184,157,3140.0,47.98659642222211,0.017511520811862268,2638.599405285878,148039.31336049153,1.0000000000000109,0.07170107079581191,0.2509237936638322,21.788882880706264,28.642844816924534,33.237826758661555,0.0,3680.0,146997.9127657774,1.0,0.3,24.25186957787539,32.951526804537686,35.78221199105764
55200.0,152538.91156692902,1.0,152538.91156692902,problem_spec,192,153,3060.0,49.84931750553236,0.017240294574026937,2629.8157694153015,149909.09579751373,1.0000000000000004,0.07146238503845927,0.2512153041013553,22.665503107453322,30.721675787302818,35.44263210379466,0.0,3840.0,148698.91156692902,1.0,0.30571123184777294,24.159022592753903,31.280434402473126,35.87604788119862
55500.0,154434.29448378345,1.0,154434.29448378345,problem_spec,190,160,3200.0,48.26071702618233,0.017138360960216172,2646.750683499402,151787.54380028404,1.0000000000000007,0.0719225729211794,0.25109475981183355,23.032383100210282,33.485266194900575,40.961489054414926,0.0,3797.456489001787,150636.83799478167,1.0,0.30410999246287246,26.951802348344003,41.36740477529091,43.38377845014138
55800.0,156363.15941672603,1.0,156363.15941672603,problem_spec,186,154,3080.0,50.76725955088508,0.016684486784437482,2608.8390668612565,153754.32034986478,1.0000000000000004,0.07089236594731675,0.24976121509052746,22.824384679582973,30.733726975355566,37.08881698523413,0.0,3720.0,152643.15941672603,1.0,0.3014438318209732,26.209139929779603,37.97403992421169,40.29861220859481
56100.0,158324.58833051557,1.0,158324.58833051557,problem_spec,186,154,3080.0,51.40408712029726,0.016622652527463137,2631.7746183718054,155692.81371214378,1.0000000000000013,0.07151561462966863,0.2502638522325735,21.14189226359207,30.477515142595824,35.70267272871974,0.0,3720.0,154604.58833051557,1.0,0.3014438318209731,22.46929397560618,30.766456305774323,38.489791100502806
56400.0,160317.64769121967,1.0,160317.64769121967,problem_spec,187,156,3120.0,51.38386143949348,0.01655259426713431,2653.672976094141,157663.9747151255,1.0000000000000007,0.07211067869821036,0.251800150369465,20.85407670981794,29.004226049845183,38.66934410209936,0.0,3739.6453604567096,156578.00233076295,1.0,0.30213332358931627,22.903431805140286,30.937297239641893,38.66934410209936
56700.0,162341.3889105265,1.0,162341.3889105265,problem_spec,194,153,3060.0,53.05274147402827,0.016112035555401593,2615.6502302396807,159725.73868028683,1.0000000000000007,0.07107745190868697,0.24993103366364455,21.748475845028306,28.298499911154156,33.380070524469616,0.0,3880.0,158461.3889105265,1.0,0.3071128281673573,24.055122821026842,31.517553186537274,36.07212965094753
57000.0,164394.848797221,1.0,164394.848797221,problem_spec,188,157,3140.0,52.355047387649996,0.016035731726511925,2636.1916925327273,161758.65710468826,1.0000000000000004,0.07163564381882412,0.2507399068610063,22.575346297423632,28.342340007513144,34.668652979823314,0.0,3760.0,160634.848797221,1.0,0.3028768801623227,25.3865682642379,35.13923344613725,36.75573942963555
57300.0,166477.05001561227,1.0,166477.05001561227,problem_spec,187,153,3060.0,54.4042647109844,0.015851214223191544,2638.8633830424433,163838.18663256982,1.0000000000000007,0.07170824410441422,0.25136564418948537,22.051579841194265,30.659495516215674,38.60888985748432,0.0,3740.0,162737.05001561227,1.0,0.3021616943103586,23.56212872475575,31.799775716294526,38.23614867848056
57600.0,168587.00155069178,1.0,168587.00155069178,problem_spec,186,156,3120.0,54.03429536881147,0.015608742622173908,2631.4311166487814,165955.570434043,1.0000000000000007,0.0715062803437169,0.24971817131721905,20.78999618777544,27.90881417466079,33.24280911523887,0.0,3720.0,164867.00155069178,1.0,0.3014438318209732,23.777795823613356,33.97153514026967,35.008393637062774
57900.0,170723.69917980366,1.0,170723.69917980366,problem_spec,190,155,3100.0,55.072161025743114,0.01558269170069277,2660.334770320696,168063.36440948298,1.0000000000000004,0.0722917057152363,0.2527766509161884,22.71749354327491,31.864362638945327,39.595976906701935,0.0,3800.0,166923.69917980366,1.0,0.30429929737324823,23.738332305640075,33.1171016071685,39.75281491974739
58200.0,172886.12595059953,1.0,172886.12595059953,problem_spec,192,152,3040.0,56.87043616796037,0.015110091089573008,2612.3251112369508,170273.80083936258,1.0000000000000004,0.07098709541404756,0.250237462227067,21.10433086653749,29.325536959130766,35.879698954247445,0.0,3840.0,169046.12595059953,1.0,0.305711231847773,23.20497825874104,30.722755310768008,35.44509575894135
58500.0,175073.25266505295,1.0,175073.25266505295,problem_spec,184,154,3080.0,56.841965150991214,0.015044683025207983,2633.9215925378703,172439.33107251508,1.0000000000000007,0.07157395631896388,0.25021483592556576,21.83679059025235,28.814641489020346,31.461991002520463,0.0,3680.0,171393.25266505295,1.0,0.3,23.817903953914712,30.73340036589045,34.14448956555805
58800.0,177284.0383693024,1.0,177284.0383693024,problem_spec,188,155,3100.0,57.188399473968516,0.015077928053791066,2673.0759756178763,174610.96239368452,1.0000000000000007,0.07263793412005097,0.25271828304502264,20.358098220731822,28.77677554317614,35.647084564784876,0.0,3760.0,173524.0383693024,1.0,0.3028768801623227,23.04970927423891,32.7300485242643,39.13696943468029
59100.0,179517.43084908847,1.0,179517.43084908847,problem_spec,191,157,3140.0,57.17115632136576,0.014558382910601866,2613.4834974285222,176903.94735165994,1.0000000000000009,0.07101857329968808,0.24911262506252535,20.735311410162822,27.456999315717862,33.04222962940397,0.0,3820.0,175697.43084908847,1.0,0.3050065658284879,23.68429781039242,33.780987747391656,35.13087603407155
59400.0,181772.36713055073,1.0,181772.36713055073,problem_spec,188,155,3100.0,58.636247461467974,0.014360073540789367,2610.2645596780726,179162.10257087267,1.0000000000000009,0.070931102165165,0.2491498570827456,23.068170287520296,31.05326521603626,38.79526573248008,0.0,3760.0,178012.36713055073,1.0,0.3028768801623227,26.551957742634013,39.060386940375054,41.04049585900722
59700.0,184047.77398614635,1.0,184047.77398614635,problem_spec,188,158,3160.0,58.242966451312135,0.014300241212350143,2631.927562597995,181415.84642354836,1.0000000000000007,0.07151977072277159,0.25128548341602347,22.631452667888862,28.84391503186705,34.60224381482267,0.0,3760.0,180287.77398614635,1.0,0.3028768801623227,24.575562454494897,31.600241409920503,36.334302483753696
60000.0,186342.56844544757,1.0,186342.56844544757,problem_spec,184,159,3180.0,58.598291963977225,0.014088003947679433,2625.1948398801906,183717.37360556738,1.0000000000000004,0.07133681630109213,0.24882818733953038,20.252979675920017,27.65541164715246,34.949717197418764,0.0,3680.0,182662.56844544757,1.0,0.30000000000000004,22.682636247787638,31.45823754486723,35.28593041195516
60300.0,188655.6583105773,1.0,188655.6583105773,problem_spec,190,161,3220.0,58.58871376104885,0.013909614279654052,2624.1274387743415,186031.53087180297,1.0000000000000013,0.07130781083625928,0.25093339744741106,23.667832312391532,29.465513498457767,35.619993780293335,0.0,3800.0,184855.6583105773,1.0,0.30429929737324823,25.37299017351837,31.97300981314536,35.789260595421624
60600.0,190985.9426760365,1.0,190985.9426760365,problem_spec,190,158,3160.0,60.43858945444193,0.013664211885974751,2609.6723879679903,188376.2702880685,1.0000000000000009,0.07091501054260843,0.24898440252813353,21.43148721974789,28.62997518050863,35.61946261563821,0.0,3800.0,187185.9426760365,1.0,0.30429929737324823,24.76821787027828,36.60939297144059,38.06985531372615
60900.0,193332.3124526748,1.0,193332.3124526748,problem_spec,191,155,3100.0,62.36526208150801,0.013639162140193818,2636.890756480644,190695.42169619413,1.0000000000000007,0.07165464012175662,0.25101325016269554,20.917277818308676,27.748997046037317,31.606297722214183,0.0,3820.0,189512.31245267479,1.0,0.3050065658284879,23.518113044928484,32.44945392722083,34.29107749273984
61200.0,195693.6508955575,1.0,195693.6508955575,problem_spec,188,158,3160.0,61.928370536568835,0.013678246235562387,2676.7459436856197,193016.9049518719,1.0000000000000007,0.07273766151319618,0.2531802647397285,20.75347852774974,27.857758288194326,33.41361680509081,0.0,3760.0,191933.6508955575,1.0,0.3028768801623227,23.53634666537367,33.76526141679805,36.762409713140265
61500.0,198068.83413547566,1.0,198068.83413547566,problem_spec,184,151,3020.0,65.58570666737604,0.013224315815604489,2619.324815836113,195449.5093196395,1.0000000000000007,0.07117730477815526,0.2495730863283631,20.348533096063417,28.61480127762762,35.86217148646943,0.0,3680.0,194388.83413547563,1.0,0.30000000000000004,24.02714927283524,37.57578927211174,39.51959906148402
61800.0,200456.73171384638,1.0,200456.73171384638,problem_spec,192,159,3180.0,63.03670808611521,0.012974496752080419,2600.825214553956,197855.90649929244,1.0000000000000009,0.0706745982215749,0.2484559577155662,21.46158731088762,27.664490616457055,34.94769430319765,0.0,3840.0,196616.73171384638,1.0,0.30571123184777294,24.515147222317236,34.73506126863216,36.132540660379966
62100.0,202856.20712075042,1.0,202856.20712075042,problem_spec,190,164,3280.0,61.84640460998489,0.013115096622355263,2660.478756833153,200195.7283639173,1.0000000000000007,0.07229561839220525,0.24915777618649843,26.402927294972102,36.48317939373043,42.19981390516775,0.0,3800.0,199056.20712075045,1.0,0.30429929737324823,26.499499316285792,37.55576330933108,42.19981390516775
62400.0,205266.11833584937,1.0,205266.11833584937,problem_spec,186,154,3080.0,66.6448436155355,0.012826184230701745,2632.7810500966298,202633.33728575276,1.0000000000000007,0.0715429633178432,0.25177412972822033,22.405052644063638,29.84966882970934,37.87965880567704,0.0,3720.0,201546.11833584937,1.0,0.3014438318209732,24.213930911382622,31.08721909045739,37.20791987827995
62700.0,207685.31837192507,1.0,207685.31837192507,problem_spec,188,154,3080.0,67.43029817270295,0.012644542286413043,2626.085790420962,205059.23258150407,1.0000000000000007,0.0713610269136131,0.25027876552743233,21.559610956032564,27.739989641911833,32.67364196303813,0.0,3760.0,203925.31837192504,1.0,0.3028768801623227,24.549118583939475,34.544808901014875,36.085475382035874
63000.0,210112.65582078396,1.0,210112.65582078396,problem_spec,188,158,3160.0,66.4913467787291,0.012448981875308681,2615.6886440859107,207496.96717669803,1.0000000000000007,0.07107849576320409,0.2498861970667854,21.834755624476028,28.89619276017804,33.394698432274254,0.0,3760.0,206352.65582078396,1.0,0.3028768801623227,24.067411922944054,31.563477512670392,36.55522143648718
63300.0,212546.9754012643,1.0,212546.9754012643,problem_spec,193,155,3100.0,68.56354045202075,0.012307738251375175,2615.9725393602384,209931.00286190407,1.0000000000000007,0.07108621030870213,0.2502117497931203,21.919973183568874,31.654588067008152,38.4176581650813,0.0,3860.0,208686.9754012643,1.0,0.30641331338575645,23.44773580286743,32.22699953192959,41.4074099343294
63600.0,214987.11850908835,1.0,214987.11850908835,problem_spec,187,154,3080.0,69.80101250295077,0.012351339844005946,2655.378962789331,212331.739546299,1.0000000000000007,0.07215703703231878,0.25271009948098627,23.656551758156088,28.73730317191719,33.60813996650315,0.0,3740.0,211247.11850908835,1.0,0.3021616943103586,25.71507360239578,32.864170122777196,37.0027349824889
63900.0,217431.92376829433,1.0,217431.92376829433,problem_spec,187,151,3020.0,71.99732575109084,0.012014063530809865,2612.2409457784956,214819.68282251584,1.0000000000000009,0.07098480830919826,0.2496318251709598,21.658554014198913,29.200868568922658,35.324537478981355,0.0,3740.0,213691.92376829433,1.0,0.3021616943103586,24.928141835355884,36.30216399917568,37.160020395542645
64200.0,219880.227583989,1.0,219880.227583989,problem_spec,187,153,3060.0,71.85628352417942,0.011820258642762397,2599.041160472209,217281.18642351683,1.0000000000000009,0.07062611849109264,0.24877625520029237,21.822244107271928,30.58406509123323,38.25178688189071,0.0,3740.0,216140.22758398904,1.0,0.3021616943103586,25.47757898082424,38.42033314151218,40.312634584710324
64500.0,222330.864696156,1.0,222330.864696156,problem_spec,190,156,3120.0,71.25989253081923,0.011971993821613349,2661.743738496333,219669.12095765967,1.0000000000000004,0.0723299928939221,0.25265031784962716,22.21347854302666,32.8371558354407,41.55653269579315,0.0,3800.0,218530.864696156,1.0,0.30429929737324823,23.404402225034573,33.656965392634646,41.55653269579315
64800.0,224782.66873425574,1.0,224782.66873425574,problem_spec,192,151,3020.0,74.43134726299859,0.01183225661145238,2659.6862182708073,222122.98251598494,1.0000000000000007,0.07227408201822846,0.25308157999719144,24.087694975125785,30.46745026236157,35.62121685125218,0.0,3840.0,220942.66873425574,1.0,0.30571123184777294,25.512386814985742,31.290604537074355,35.36306374818021
65100.0,227234.47277235548,1.0,227234.47277235548,problem_spec,185,154,3080.0,73.77742622479074,0.01167913480646346,2653.9020401839903,224580.5707321715,1.0000000000000013,0.0721169032658693,0.2514878124162601,21.416979247809756,28.88633482591678,35.24538053538516,0.0,3700.0,223534.47277235548,1.0,0.30072327352580414,24.81387536870651,37.25919255604651,38.75390700223185
65400.0,229685.1098845225,1.0,229685.1098845225,problem_spec,187,160,3200.0,71.77659683891328,0.011496258756109741,2640.51945565797,227044.59042886453,1.0000000000000007,0.07175324607766223,0.25051316564362086,21.553516825655105,28.78179165120095,36.5353435324775,0.0,3740.0,225945.1098845225,1.0,0.3021616943103586,24.811780421952104,36.41252614352683,37.98299544636988
65700.0,232133.4137002173,1.0,232133.4137002173,problem_spec,192,158,3160.0,73.45994104437256,0.01126086857328305,2614.0238631456896,229519.38983707162,1.0000000000000009,0.07103325715069811,0.24913482531350697,21.43672095332112,27.71038164090963,32.449689864531564,0.0,3840.0,228293.41370021732,1.0,0.30571123184777294,24.14064837765779,32.75873437215774,34.69231774352991
66000.0,234578.21895942316,1.0,234578.21895942316,problem_spec,188,155,3100.0,75.67039321271714,0.011306645762735419,2652.2928254275835,231925.92613399558,1.0000000000000007,0.0720731746040104,0.25155808327870566,21.1765689996993,27.884337652805293,31.258169215405786,0.0,3760.0,230818.21895942316,1.0,0.30287688016232267,23.31682896011854,31.066412898104318,33.382195903834464
66300.0,237018.3620672472,1.0,237018.3620672472,problem_spec,188,159,3180.0,74.53407612177584,0.011166701541209403,2646.7133089912577,234371.64875825593,1.0000000000000004,0.07192155730954504,0.2513497868359138,21.66423403337428,27.81633934654965,32.736411965594755,0.0,3760.0,233258.3620672472,1.0,0.3028768801623227,24.233440280138723,32.700086617677314,34.72263520118889
66600.0,239452.68164772756,1.0,239452.68164772756,problem_spec,184,155,3100.0,77.24280053152502,0.010882743665202617,2605.902154317586,236846.77949340997,1.0000000000000009,0.07081255854123875,0.24849475843309451,22.585552240780242,28.513555510754358,34.16075535028493,0.0,3680.0,235772.68164772756,1.0,0.30000000000000004,25.326146592276196,35.152859489932396,37.27185899742449
66900.0,241880.01909658636,1.0,241880.01909658636,problem_spec,190,157,3140.0,77.03185321547336,0.010815213444485784,2615.984034485879,239264.03506210045,1.0000000000000007,0.07108652267624671,0.24973718653365046,21.099094991298735,28.310549204601273,33.13156986246216,0.0,3800.0,238080.01909658633,1.0,0.30429929737324823,23.839256523810015,33.39494865606924,34.59003035008521
67200.0,244299.21913266214,1.0,244299.21913266214,problem_spec,190,155,3100.0,78.8061997202136,0.010820508638263813,2643.441810946075,241655.77732171604,1.0000000000000007,0.07183265790614334,0.2522476509020869,22.560273182191402,32.2827437823821,37.92965993259909,0.0,3800.0,240499.2191326621,1.0,0.30429929737324823,23.641652164536524,33.24937880506741,40.94330090635333
67500.0,246709.13034776112,1.0,246709.13034776112,problem_spec,190,158,3160.0,78.07250960372187,0.010724416404948386,2645.8114447520793,244063.31890300906,1.0000000000000007,0.07189705012913258,0.25054354341259566,21.478637061317166,27.59917754398108,32.812232740591696,0.0,3800.0,242909.13034776115,1.0,0.30429929737324823,24.297808677226122,34.345196387993546,35.08710987974187
67800.0,249108.6057546651,1.0,249108.6057546651,problem_spec,189,157,3140.0,79.33395087728188,0.010607845940049456,2642.5057121860045,246466.10004247908,1.0000000000000009,0.07180722043983709,0.25103900353710945,22.633085335648303,28.767799048094037,33.999638196698605,0.0,3780.0,245328.6057546651,1.0,0.30358940829346687,25.485505277761256,35.06508468197601,36.68731798615816
68100.0,251496.50333303583,1.0,251496.50333303583,problem_spec,185,155,3100.0,81.1279043009793,0.010366495760026894,2607.1374354635054,248889.36589757234,1.000000000000001,0.07084612596368223,0.24897131617950854,21.681181063230486,28.716390983978595,34.30196547647688,0.0,3700.0,247796.50333303586,1.0,0.30072327352580414,24.548760270206447,34.35845299529544,37.36172236100349
68400.0,253871.68657295388,1.0,253871.68657295388,problem_spec,190,157,3140.0,80.85085559648213,0.010412811885954056,2643.518115454057,251228.16845749982,1.0000000000000007,0.07183473139820806,0.2508628891895912,21.33393085394138,27.982507212872196,32.19866704767225,0.0,3800.0,250071.68657295388,1.0,0.30429929737324823,24.1524511179779,34.06826453026879,35.68952757991475
68700.0,256233.0250158367,1.0,256233.0250158367,problem_spec,189,159,3180.0,80.57642296095494,0.010464631096823522,2681.384081613884,253551.6409342228,1.0000000000000007,0.0728636978699425,0.25259317485293675,21.734070024158665,30.296526514394277,37.50699021338934,0.0,3780.0,252453.0250158367,1.0,0.3035894082934668,25.230229138879235,38.387499077419704,39.201615047180674
69000.0,258579.394792475,1.0,258579.394792475,problem_spec,186,152,3040.0,85.0590114448931,0.010121689368324244,2617.2603111387116,255962.13448133634,1.0000000000000004,0.07112120410703021,0.2500196212702515,22.535269314948494,27.793577763647285,33.58977383687447,0.0,3720.0,254859.39479247504,1.0,0.3014438318209731,25.001078545295847,33.12046052005406,35.5476723339333
69300.0,260909.6791579342,1.0,260909.6791579342,problem_spec,188,159,3180.0,82.04706891758937,0.010062912737855947,2625.5113338282845,258284.16782410594,1.0000000000000004,0.07134541668011643,0.24982074097776344,24.504343231646544,33.659894794159946,38.007577483213815,0.0,3760.0,257149.67915793424,1.0,0.3028768801623227,25.42344253949562,33.78094792767943,40.85946817968552
69600.0,263222.769023064,1.0,263222.769023064,problem_spec,189,158,3160.0,83.2983446275519,0.009992190078962421,2630.171941189277,260592.59708187473,1.0000000000000007,0.07147206361927383,0.24970571782963671,21.469245490243708,32.75531515389498,41.470751699512995,0.0,3780.0,259442.769023064,1.0,0.3035894082934668,22.507499495789745,34.7566060252946,41.46105935855667
69900.0,265517.56348236516,1.0,265517.56348236516,problem_spec,190,155,3100.0,85.65082692979522,0.009973751727267591,2648.2062574021215,262869.357224963,1.0000000000000007,0.07196212655984027,0.2517784276671515,21.31845455039568,29.38408803353554,33.95467060227198,0.0,3800.0,261717.56348236516,1.0,0.30429929737324823,23.077532355708314,30.25266607959094,36.68830618868891
70200.0,267792.97033796075,1.0,267792.97033796075,problem_spec,186,155,3100.0,86.38482914127766,0.009917008337603141,2655.705119593067,265137.2652183677,1.0000000000000007,0.07216589998894204,0.2528356484094496,22.042952201897894,28.232491503659496,33.968723799882035,0.0,3720.0,264072.97033796075,1.0,0.3014438318209732,24.732231977532834,34.02966547055417,35.92682715836048
70500.0,270047.906619423,1.0,270047.906619423,problem_spec,187,152,3040.0,88.83154823007335,0.009657259318294902,2607.9226625864544,267439.9839568366,1.0000000000000009,0.07086746365724063,0.24937332364019743,22.72296703068524,28.325940277886836,32.39588055553697,0.0,3740.0,266307.906619423,1.0,0.30216169431035866,24.974398578162095,32.18720634660993,34.55403103578
70800.0,272281.299099209,1.0,272281.299099209,problem_spec,187,152,3040.0,89.56621680895033,0.009568126594718484,2605.22193915564,269676.07716005336,1.000000000000001,0.07079407443357717,0.2493485137137817,22.08878892535617,29.7363210288456,35.97380535671205,0.0,3740.0,268541.299099209,1.0,0.30216169431035866,23.802113799399955,32.061768426283834,36.451062272967626
71100.0,274492.0848034586,1.0,274492.0848034586,problem_spec,187,158,3160.0,86.86458379856285,0.009754408514859673,2677.50792926844,271814.5768741901,1.0000000000000007,0.07275836764316411,0.25254380296658896,21.935072242263452,29.952717931744484,37.8485700286766,0.0,3740.0,270752.0848034586,1.0,0.3021616943103586,25.377375765269445,38.86030473971844,39.695544242698475
71400.0,276679.2115179121,1.0,276679.2115179121,problem_spec,192,156,3120.0,88.67923446086927,0.009579137886660653,2650.3483175026286,274028.86320040945,1.0000000000000009,0.07202033471474532,0.25191043967540033,21.684940140315852,30.090945555804787,36.46049718485588,0.0,3840.0,272839.2115179121,1.0,0.30571123184777294,23.567167246794167,30.444765396877845,37.01732146790509
71700.0,278841.6382887078,1.0,278841.6382887078,problem_spec,186,156,3120.0,89.37231996432944,0.009462394724824297,2638.5096472044333,276203.1286415034,1.0000000000000007,0.07169863171751178,0.2506953216620823,21.351108466517836,28.059350688557238,34.319454585365584,0.0,3720.0,275121.6382887078,1.0,0.3014438318209732,24.2235675706251,34.32862293961693,36.036354662612645
72000.0,280978.3359178197,1.0,280978.3359178197,problem_spec,187,158,3160.0,88.91719491070243,0.009348695948767772,2626.781030686431,278351.55488713324,1.0000000000000007,0.07137991931213128,0.24984513649238238,21.327854771982388,28.502558699394392,34.557493574669216,0.0,3740.0,277238.3359178197,1.0,0.30216169431035866,24.48192577194154,35.117170443042404,37.78387513132241
72300.0,283088.2874528992,1.0,283088.2874528992,problem_spec,190,157,3140.0,90.15550555824815,0.00930293135170644,2633.550904646461,280454.7365482527,1.0000000000000009,0.07156388327843644,0.2505070692131578,21.59177474831275,27.793814394861162,34.10481820709205,0.0,3800.0,279288.28745289915,1.0,0.30429929737324823,24.500810619806458,34.46395137635948,36.17859839824972
72600.0,285170.4886712904,1.0,285170.4886712904,problem_spec,187,160,3200.0,89.11577770977824,0.009414003691318661,2684.596033006674,282485.8926382837,1.0000000000000009,0.07295097915779006,0.2524641716111906,22.756880206250543,29.60816650260104,35.51686270338711,0.0,3740.0,281430.4886712904,1.0,0.30216169431035866,25.6332967217744,36.706067624270204,37.46745688361424
72900.0,287223.94855798496,1.0,287223.94855798496,problem_spec,188,156,3120.0,92.05895787114902,0.009099268695188801,2613.5278836221914,284610.42067436274,1.0000000000000009,0.07101977944625519,0.2499759829057165,22.603232593174955,28.54595572571106,32.610198628194695,0.0,3760.0,283463.94855798496,1.0,0.3028768801623227,24.75145725951217,31.414047589386335,34.17911716793357
73200.0,289247.68977729185,1.0,289247.68977729185,problem_spec,188,153,3060.0,94.52538881610845,0.008959217533867648,2591.432973883423,286656.25680340844,1.0000000000000013,0.07041937429031041,0.248129628562215,21.748539588607123,28.133571886630218,32.852105393965054,0.0,3760.0,285487.68977729185,1.0,0.3028768801623227,24.519926908224395,33.27018126157007,36.06858787364694
73500.0,291240.74913799594,1.0,291240.74913799594,problem_spec,190,155,3100.0,93.94862875419224,0.00908444698825366,2645.7611463634075,288594.98799163254,1.0000000000000004,0.0718956833250926,0.2521082088943112,22.450670343238787,32.943611328845066,39.03398757221056,0.0,3800.0,287440.74913799594,1.0,0.30429929737324823,23.548095931429103,33.91359651903554,40.13208061757514
73800.0,293202.17805178545,1.0,293202.17805178545,problem_spec,189,154,3080.0,95.1955123544758,0.009034726983494567,2649.001629663844,290553.1764221216,1.0000000000000009,0.0719837399365175,0.2513333165785738,22.49046004747285,30.071568102302418,36.9278793900432,0.0,3780.0,289422.17805178545,1.0,0.3035894082934668,25.825834310153756,37.61257014974569,39.75455864642457
74100.0,295131.04298472806,1.0,295131.04298472806,problem_spec,189,155,3100.0,95.20356225313809,0.008915257720031773,2631.1693093906256,292499.8736753374,1.0000000000000004,0.07149916601604962,0.2501988397171956,22.06475207246015,29.771141367171204,37.463158865083756,0.0,3780.0,291351.04298472806,1.0,0.30358940829346687,25.434195828646807,37.581259729768334,39.870689621211
74400.0,297026.4259015825,1.0,297026.4259015825,problem_spec,189,158,3160.0,93.99570439923498,0.008767244750878892,2604.103373357968,294422.32252822455,1.0000000000000007,0.07076367862385782,0.2490271113662963,19.569761155604752,27.099106189828404,32.680177427700045,0.0,3780.0,293246.4259015825,1.0,0.3035894082934668,22.340980554072317,31.879844491158355,35.798448023714855
74700.0,298887.42470273405,1.0,298887.42470273405,problem_spec,185,154,3080.0,97.04137165673183,0.00875122826980781,2615.6320805486193,296271.7926221855,1.0000000000000007,0.07107695871056031,0.24939866202993366,20.84668792494684,30.05259121764667,36.89331295724666,0.0,3700.0,295187.4247027341,1.0,0.30072327352580414,22.38955306365743,30.843697128317753,36.60266905632937
75000.0,300713.1536535448,1.0,300713.1536535448,problem_spec,191,159,3180.0,94.5638847967122,0.00885140693982362,2661.734495145233,298051.41915839957,1.0000000000000007,0.07232974171590305,0.25213822886678816,21.837099227485115,27.824986858998248,31.748333061340883,0.0,3820.0,296893.1536535448,1.0,0.3050065658284879,24.23612118708088,32.74953882127344,34.62684796754025
75300.0,302502.7438059152,1.0,302502.7438059152,problem_spec,190,158,3160.0,95.72871639427696,0.00875158377194111,2647.3781036595065,299855.36570225575,1.0000000000000004,0.0719396223820518,0.2507214484258688,22.711371300191527,28.30209776012428,33.127951054175014,0.0,3800.0,298702.74380591523,1.0,0.30429929737324823,25.053315503185647,33.02871600643876,34.73357971843342
75600.0,304255.34341185656,1.0,304255.34341185656,problem_spec,186,154,3080.0,98.78420240644694,0.008585037155948693,2612.043428086718,301643.29998376983,1.0000000000000007,0.07097944098061734,0.25007684995993945,22.186050413436885,27.87592163145964,32.41030806403402,0.0,3720.0,300535.34341185656,1.0,0.3014438318209732,24.64028112644863,32.401128516917844,34.85788355407633
75900.0,305970.1183288771,1.0,305970.1183288771,problem_spec,188,156,3120.0,98.06734561822984,0.008681406996839515,2656.2511260841275,303313.867202793,1.0000000000000009,0.07218073712185132,0.25141569775496153,20.77061183654663,27.83816890507256,33.589021905554354,0.0,3760.0,302210.11832887714,1.0,0.3028768801623227,23.611765996095293,33.51222138960039,35.074801912197415
76200.0,307646.25241698796,1.0,307646.25241698796,problem_spec,189,158,3160.0,97.3564089927177,0.008636500201964636,2656.9869211329797,304989.265495855,1.0000000000000007,0.07220073155252663,0.25168647457645926,22.36382343822611,29.247544205233346,35.4685953363868,0.0,3780.0,303866.252416988,1.0,0.30358940829346687,25.412216164682533,36.356658551725616,37.742115948190104
76500.0,309282.94792714255,1.0,309282.94792714255,problem_spec,190,157,3140.0,98.49775411692438,0.008543279038524402,2642.2905259989907,306640.6574011435,1.0000000000000007,0.07180137298910302,0.2505905934104194,22.068840259332948,32.848504102150514,39.96761625606358,0.0,3800.0,305482.9479271425,1.0,0.30429929737324823,26.184325124614453,41.43710305706335,42.58839422402458
76800.0,310879.4258809211,1.0,310879.4258809211,problem_spec,188,159,3180.0,97.76082574871732,0.008455855960791295,2628.751646422562,308250.6742344985,1.0000000000000004,0.07143346865278703,0.250462936339343,21.006240822615474,29.687576939910002,37.29122904955935,0.0,3760.0,307119.4258809211,1.0,0.3028768801623227,24.83007113428337,38.84168380875272,40.09870193163567
77100.0,312434.92644128256,1.0,312434.92644128256,problem_spec,188,155,3100.0,100.78546014234921,0.008353225148131737,2609.839284704011,309825.08715657855,1.0000000000000007,0.07091954578000029,0.24939439587868048,22.61800399756886,28.21377070092209,32.799829258832354,0.0,3760.0,308674.92644128256,1.0,0.3028768801623227,25.056686150468582,32.68258677002773,34.67859144026555
77400.0,313948.7092742057,1.0,313948.7092742057,problem_spec,186,156,3120.0,100.62458630583517,0.008389414245751521,2633.8457740203244,311314.8635001854,1.0000000000000009,0.07157189603316098,0.2509835267943561,21.450234081672235,30.59096771437327,37.637416245439375,0.0,3720.0,310228.7092742057,1.0,0.3014438318209732,25.321240798276094,39.18312688831607,40.616150506293586
77700.0,315420.05390104855,1.0,315420.05390104855,problem_spec,186,152,3040.0,103.7565966779765,0.008428678032647656,2658.574079372307,312761.4798216762,1.0000000000000007,0.07224386085250836,0.2530673045285061,23.19719151904155,32.43346721706374,38.478573477231905,0.0,3720.0,311700.0539010485,1.0,0.3014438318209732,24.233456574018117,32.37166781905372,38.33632069582493
78000.0,316848.2600414562,1.0,316848.2600414562,problem_spec,192,156,3120.0,101.55392950046674,0.008246775053827454,2612.9763267585154,314235.2837146977,1.0000000000000007,0.07100479148800312,0.25008765025731944,23.57558113056643,31.629701145801445,36.54147710655095,0.0,3840.0,313008.2600414562,1.0,0.30571123184777294,24.827831330126717,33.0641842624564,39.62592654572502
78300.0,318232.64794665726,1.0,318232.64794665726,problem_spec,186,156,3120.0,101.99764357264655,0.008267613019044735,2631.0243832488636,315601.6235634084,1.0000000000000007,0.07149522780567563,0.2507010200768453,22.815474976840548,30.276825750738812,36.558929043703415,0.0,3720.0,314512.64794665726,1.0,0.3014438318209732,24.58853543159796,31.92465890987666,39.63838099708099
78600.0,319572.55872298725,1.0,319572.55872298725,problem_spec,185,154,3080.0,103.75732426071015,0.008227968874044096,2629.4330661713684,316943.1256568158,1.0000000000000007,0.07145198549378719,0.2502014374221916,21.988068970706482,28.002258720342425,31.8667528421801,0.0,3700.0,315872.5587229872,1.0,0.30072327352580414,24.247352368074047,31.84093253725924,33.76977181032652
78900.0,320867.3546454857,1.0,320867.3546454857,problem_spec,191,152,3040.0,105.54847192285713,0.008230597728313091,2640.9301202349657,318226.4245252508,1.000000000000001,0.07176440544116755,0.25230898987045525,23.01651013643084,28.56070380294403,34.083791255523785,0.0,3820.0,317047.35464548576,1.0,0.3050065658284879,25.045272902752586,31.789633796979047,33.862738824701324
79200.0,322116.4194614195,1.0,322116.4194614195,problem_spec,188,160,3200.0,100.6613810816936,0.008276622376784388,2666.0359652440507,319450.38349617546,1.0000000000000009,0.07244662949032747,0.25200131018696037,21.196816209767587,28.25384468205721,34.24172583652301,0.0,3760.0,318356.4194614195,1.0,0.3028768801623227,23.955638412486614,34.42582893545562,36.10307700028751
79500.0,323319.1586835855,1.0,323319.1586835855,problem_spec,189,157,3140.0,102.96788493107819,0.008040200260413955,2599.550783844585,320719.6078997409,1.0000000000000007,0.07063996695229852,0.24945892460862973,22.47059706946541,30.228621542117544,37.7686650682686,0.0,3780.0,319539.1586835855,1.0,0.30358940829346687,26.00047368744611,38.124911790003864,40.49149783966378
79800.0,324474.999873254,1.0,324474.999873254,problem_spec,187,154,3080.0,105.34902593287467,0.008116668502815415,2633.6560114222766,321841.3438618317,1.0000000000000007,0.07156673944082273,0.25042297001392827,22.06811213094813,33.00404474236135,40.11281705417831,0.0,3740.0,320734.999873254,1.0,0.30216169431035866,26.257196564209078,41.44187531122633,43.003613883952184
80100.0,325583.3929126188,1.0,325583.3929126188,problem_spec,189,156,3120.0,104.35365157455732,0.008190817566663408,2666.794174082553,322916.59873853624,1.0000000000000004,0.07246723299137373,0.25288920006149196,21.344258638154624,30.02883330651455,35.54130790824136,0.0,3780.0,321803.3929126188,1.0,0.3035894082934668,23.216757173781005,30.69629841559012,38.90415078884186
80400.0,326643.81026662356,1.0,326643.81026662356,problem_spec,190,158,3160.0,103.36829438817202,0.008017055060820488,2618.7214121837214,324025.08885443985,1.0000000000000007,0.07116090793977504,0.248918535347104,19.684035080886737,27.353961475665248,33.57977681199238,0.0,3800.0,322843.81026662356,1.0,0.30429929737324823,23.011438900776426,34.836197767806716,36.17879237687429
80700.0,327655.74723403994,1.0,327655.74723403994,problem_spec,189,155,3100.0,105.69540233356128,0.007957218463426822,2607.228361538614,325048.5188725013,1.0000000000000007,0.0708485967809406,0.24974258040801398,22.18751812260827,29.65583947372783,36.52250510571288,0.0,3780.0,323875.74723403994,1.0,0.30358940829346687,24.308125625395956,31.49717251218595,36.518194593818194
81000.0,328618.72218767763,1.0,328618.72218767763,problem_spec,188,156,3120.0,105.32651352169155,0.007960365599380485,2615.9251714151615,326002.7970162625,1.0000000000000007,0.07108492313628156,0.24972534320126802,22.663956714464902,28.6972256165932,33.82921967162826,0.0,3760.0,324858.72218767763,1.0,0.3028768801623227,24.912018464510968,31.92539579554549,34.87652939978483
81300.0,329532.2768036132,1.0,329532.2768036132,problem_spec,184,152,3040.0,108.39877526434644,0.007951048469391375,2620.1271050944233,326912.14969851874,1.0000000000000007,0.07119910611669629,0.24988440248791471,21.431620714554295,31.381656605661803,37.989047130121236,0.0,3680.0,325852.2768036132,1.0,0.3,25.426124149977625,39.81212662936311,41.789823161249195
81600.0,330395.97627932753,1.0,330395.97627932753,problem_spec,190,158,3160.0,104.55568869598973,0.008032213752429193,2653.811104418084,327742.16517490946,1.0000000000000007,0.07211443218527402,0.25244039981280797,22.178732454847026,29.187589569570193,37.595024505113884,0.0,3800.0,326595.97627932753,1.0,0.30429929737324823,24.178886916448274,31.597115545528503,37.45499782642254
81900.0,331209.4095406479,1.0,331209.4095406479,problem_spec,192,159,3180.0,104.15390237127292,0.00787164176781789,2607.1618220344644,328602.2477186134,1.0000000000000007,0.07084678864224088,0.24886672100229149,21.974152786888617,27.909545597850595,35.16823462155287,0.0,3840.0,327369.4095406479,1.0,0.30571123184777294,24.977987378862643,35.0734727741788,37.09884350142738
82200.0,331972.18943739735,1.0,331972.18943739735,problem_spec,184,153,3060.0,108.48764360699259,0.007879756123090845,2615.8598924152056,329356.3295449821,1.0000000000000007,0.0710831492504132,0.24998512223713515,22.40227735483234,28.62251588097931,31.99115879462523,0.0,3680.0,328292.18943739735,1.0,0.30000000000000004,24.622049262475333,32.04114669680768,35.107424952900175
82500.0,332683.9529276571,1.0,332683.9529276571,problem_spec,188,156,3120.0,106.62947209219779,0.008031181165528943,2671.845096826318,330012.1078308308,1.0000000000000007,0.07260448632680211,0.2531129166850696,22.293469721404684,28.27644016047989,34.13941416649282,0.0,3760.0,328923.9529276571,1.0,0.3028768801623227,24.355424283917618,31.721769858728784,37.37781406754708
82800.0,333344.36125055474,1.0,333344.36125055474,problem_spec,188,154,3080.0,108.22868871771257,0.007904322655198066,2634.861386615288,330709.4998639395,1.0000000000000007,0.0715994942015024,0.24987475105600845,21.367406866333557,28.727222138166823,31.948842741605798,0.0,3760.0,329584.3612505548,1.0,0.3028768801623227,23.842452845130023,32.48088591772971,34.841771868775844
83100.0,333953.1000874961,1.0,333953.1000874961,problem_spec,190,156,3120.0,107.03625002804363,0.007788794944033695,2601.0922175058686,331352.00786999025,1.000000000000001,0.07068185373657251,0.24915912333060164,22.046969078305782,28.220126120432955,34.92333332812523,0.0,3800.0,330153.1000874961,1.0,0.30429929737324823,25.107891936310985,35.40700435510918,37.29294533851443
83400.0,334509.8797117641,1.0,334509.8797117641,problem_spec,190,157,3140.0,106.53180882540258,0.007861539215157455,2629.7625372116368,331880.11717455246,1.0000000000000004,0.07146093851118578,0.25007498248087373,21.42348449572073,28.438329842904224,34.80558788442311,0.0,3800.0,330709.8797117641,1.0,0.30429929737324823,23.877365570152094,32.47973929127968,34.80558788442311
83700.0,335014.43512641254,1.0,335014.43512641254,problem_spec,185,156,3120.0,107.37642151487582,0.007847988660861822,2629.189488097114,332385.24563831545,1.0000000000000007,0.07144536652437809,0.24990462666071964,22.079453187813225,28.529187760459596,35.59242196894231,0.0,3700.0,331314.43512641254,1.0,0.3007232735258041,24.123187853339406,31.156043307140006,34.976925837809574
84000.0,335466.52619039075,1.0,335466.52619039075,problem_spec,187,154,3080.0,108.91770330856842,0.00785975854315108,2636.685895166139,332829.8402952246,1.0000000000000007,0.07164907323821029,0.25075800384899394,22.507132598735303,29.4995309232144,36.15492525790405,0.0,3740.0,331726.52619039075,1.0,0.3021616943103586,24.461820623790036,31.62167206971125,36.33884175946476
84300.0,335865.93773283745,1.0,335865.93773283745,problem_spec,189,158,3160.0,106.28668915596121,0.007822236299020001,2627.222729738193,333238.7150030993,1.0000000000000004,0.07139192200375524,0.2501495251381134,21.479552151245233,27.988545336213537,33.27678339135132,0.0,3780.0,332085.9377328375,1.0,0.3035894082934668,24.09418148783146,33.63317431277574,36.88392921701453
84600.0,336212.47965549043,1.0,336212.47965549043,problem_spec,191,156,3120.0,107.76041014599052,0.007764709024725722,2610.5920750063997,333601.887580484,1.0000000000000009,0.07094000203821739,0.2493556264974508,20.842707105386513,28.661819659766024,36.28630434227622,0.0,3820.0,332392.4796554904,1.0,0.3050065658284879,24.327598046813367,36.601121045882635,38.40391483742693
84900.0,336505.98702316324,1.0,336505.98702316324,problem_spec,187,155,3100.0,108.55031839456879,0.007883904775997026,2652.9811582435095,333853.00586491975,1.0000000000000007,0.07209187930009539,0.2518449746338662,22.84672396475005,29.886920175591637,36.07208484921744,0.0,3740.0,332765.98702316324,1.0,0.30216169431035866,24.63709782235764,32.048309723720386,39.24919338032969
85200.0,336746.32014224515,1.0,336746.32014224515,problem_spec,183,154,3080.0,109.33322082540427,0.007798324733210824,2626.0571571830005,334120.26298506215,1.0000000000000007,0.07136024883649458,0.24924365637502985,21.74627248502781,28.819560786705132,35.10677815902639,0.0,3660.0,333086.32014224515,1.0,0.2992739915573759,24.876347273579235,36.037764384185564,37.407189282960694
85500.0,336933.3646271879,1.0,336933.3646271879,problem_spec,192,157,3140.0,107.30361930802162,0.007760885404922472,2614.901231966564,334318.46339522133,1.0000000000000007,0.07105709869474357,0.24992222253745158,22.79083849493438,28.41024092693088,32.25841647339759,0.0,3840.0,333093.3646271879,1.0,0.30571123184777294,24.99190211205538,31.926647924127327,33.92754169774272
85800.0,337067.03145494685,1.0,337067.03145494685,problem_spec,189,159,3180.0,105.99592184117826,0.007867714277568078,2651.9470958755737,334415.0843590713,1.000000000000001,0.07206377977922754,0.25167548267055573,22.570767651460546,28.90273966783721,33.73205819800711,0.0,3780.0,333287.03145494685,1.0,0.30358940829346687,25.15482458322884,34.041836533639916,35.72634660457349
86100.0,337147.2570073514,1.0,337147.2570073514,problem_spec,188,154,3080.0,109.46339513225693,0.007833136136336186,2640.920362130908,334506.33664522046,1.0000000000000007,0.07176414027529641,0.2514526389607895,19.985041808589944,27.00781164821927,32.71210244823349,0.0,3760.0,333387.2570073514,1.0,0.3028768801623227,23.158742993623857,34.53978981932384,36.01871249420455
